VxRange in distance [um]: [-8.391608 8.391608] NVx:201 bFixVx:0 FixVx:0.000000
VyRange in distance [um]: [-8.391608 8.391608] NVy:201 bFixVy:0 FixVy:0.000000
VzRange: [110.000000 120.000000] NVz:101 bFixVz:1 FixVz:116.005400
DTRange: [0.001000 0.003000] NDT:10 bFixVDT:1 FixVDT:0.005000
Size: [201 201]
96000.000
43200.000
54400.000
50800.000
56800.000
70000.000
65200.000
55600.000
70400.000
64800.000
66400.000
69200.000
84000.000
88400.000
80800.000
92000.000
102400.000
96000.000
106400.000
107200.000
115600.000
123600.000
115600.000
128800.000
121200.000
125600.000
130400.000
127200.000
133600.000
146000.000
146000.000
158000.000
151600.000
176000.000
174000.000
184000.000
180000.000
175200.000
177200.000
172800.000
186800.000
201600.000
186800.000
207600.000
204800.000
212000.000
217200.000
224800.000
233200.000
232000.000
245600.000
251200.000
287600.000
271200.000
277600.000
266800.000
253200.000
263200.000
300400.000
294800.000
296400.000
287600.000
282000.000
222800.000
190400.000
221600.000
272400.000
306400.000
320400.000
338800.000
332000.000
331200.000
368000.000
364400.000
348800.000
317200.000
332800.000
340000.000
364800.000
346400.000
326800.000
339600.000
342000.000
404800.000
378400.000
396800.000
368400.000
366000.000
362400.000
380000.000
365600.000
360800.000
358000.000
375600.000
367600.000
365200.000
356000.000
357600.000
396400.000
363600.000
422400.000
412000.000
407200.000
399200.000
430800.000
417200.000
404000.000
380400.000
400400.000
409200.000
399200.000
388400.000
385200.000
403600.000
384400.000
394800.000
415600.000
408400.000
408800.000
417600.000
424000.000
444400.000
426000.000
395200.000
406400.000
423200.000
405600.000
452400.000
459600.000
456400.000
459200.000
424800.000
441200.000
427200.000
453600.000
422800.000
457200.000
448000.000
465200.000
455600.000
459200.000
474800.000
464400.000
446800.000
437200.000
436800.000
486400.000
478000.000
459600.000
436000.000
453600.000
447200.000
449600.000
464800.000
437600.000
466000.000
445600.000
452800.000
445200.000
456800.000
457600.000
456400.000
472400.000
490800.000
516000.000
467200.000
469200.000
482800.000
493600.000
492000.000
474000.000
480800.000
462400.000
442800.000
439200.000
467200.000
461600.000
447600.000
439200.000
462000.000
468400.000
487200.000
478800.000
457200.000
477200.000
500000.000
496000.000
475200.000
458400.000
463200.000
476400.000
462400.000
492400.000
448400.000
451200.000
462800.000
492800.000
493200.000
473600.000
462000.000
447200.000
49200.000
48000.000
52400.000
56400.000
52400.000
64000.000
72800.000
69200.000
74800.000
61600.000
68000.000
72000.000
87600.000
84400.000
97600.000
83600.000
91200.000
100800.000
102000.000
110800.000
109200.000
114000.000
118800.000
128000.000
132400.000
118800.000
126400.000
125600.000
152400.000
147600.000
160000.000
159600.000
165600.000
182400.000
176800.000
184400.000
193600.000
180000.000
180400.000
180000.000
192000.000
191200.000
197600.000
194800.000
214800.000
212000.000
206400.000
241200.000
239600.000
259200.000
265200.000
285200.000
306000.000
258000.000
273600.000
283200.000
285200.000
304800.000
299600.000
326800.000
303200.000
312000.000
281600.000
235600.000
232000.000
256400.000
284400.000
331600.000
369600.000
344400.000
338000.000
338400.000
356800.000
337200.000
342800.000
331600.000
347200.000
354400.000
353200.000
367600.000
358800.000
346800.000
378800.000
399600.000
398400.000
406400.000
378000.000
369600.000
368000.000
357600.000
361600.000
373600.000
384400.000
366000.000
376400.000
398800.000
349600.000
348800.000
381600.000
408800.000
413200.000
426400.000
415600.000
403600.000
415600.000
410400.000
406800.000
418400.000
410400.000
390000.000
391600.000
392000.000
385600.000
401200.000
398000.000
418800.000
408800.000
414800.000
446000.000
423600.000
447200.000
432800.000
426000.000
434000.000
417600.000
416800.000
463600.000
466800.000
479200.000
449600.000
444800.000
435200.000
421200.000
437200.000
433600.000
470000.000
456400.000
469200.000
450400.000
440800.000
465600.000
448800.000
453600.000
452800.000
468400.000
447200.000
466000.000
448800.000
479200.000
458800.000
453600.000
445600.000
463200.000
433200.000
474400.000
459600.000
477200.000
448800.000
453600.000
455200.000
482800.000
456400.000
462800.000
498400.000
463600.000
489200.000
490800.000
482400.000
484400.000
494000.000
464800.000
478800.000
492400.000
444000.000
485600.000
476400.000
473200.000
452800.000
488000.000
490000.000
502400.000
511200.000
508400.000
466000.000
465600.000
478400.000
493200.000
478800.000
486800.000
501600.000
476800.000
457600.000
476000.000
465200.000
464000.000
479600.000
472800.000
464800.000
467200.000
487200.000
458800.000
55200.000
47600.000
57200.000
54800.000
64400.000
67200.000
60000.000
67600.000
74800.000
84000.000
80800.000
78000.000
86400.000
85600.000
96000.000
99200.000
108800.000
105200.000
104800.000
128400.000
120400.000
139600.000
126400.000
109200.000
127200.000
128000.000
131600.000
138800.000
131200.000
130400.000
153200.000
151200.000
173200.000
181200.000
198800.000
192400.000
198800.000
189200.000
200800.000
208000.000
185200.000
186800.000
209600.000
207600.000
208400.000
219200.000
222400.000
232000.000
258000.000
251200.000
291600.000
295200.000
295200.000
288400.000
284000.000
293600.000
289600.000
306400.000
306000.000
320000.000
327600.000
315200.000
296400.000
283600.000
210000.000
219600.000
254400.000
332000.000
340800.000
360800.000
358000.000
351600.000
347200.000
368800.000
356400.000
370400.000
358000.000
346400.000
373600.000
375200.000
365600.000
362000.000
376400.000
410000.000
406800.000
426400.000
408000.000
370000.000
361600.000
363200.000
399200.000
401200.000
401600.000
386000.000
400000.000
380000.000
392000.000
406000.000
400400.000
423600.000
424400.000
429600.000
449600.000
444000.000
448800.000
421200.000
401200.000
402000.000
405200.000
386000.000
409200.000
396400.000
424000.000
418000.000
418000.000
398400.000
414000.000
430400.000
427200.000
418800.000
419600.000
424400.000
401600.000
460000.000
449200.000
444800.000
464000.000
480800.000
475600.000
475600.000
435200.000
425600.000
418000.000
406400.000
437200.000
440800.000
450000.000
446800.000
471600.000
452000.000
468800.000
460000.000
464400.000
439600.000
455200.000
438400.000
446400.000
439600.000
459600.000
481600.000
467600.000
472000.000
452400.000
492400.000
472000.000
489600.000
471200.000
453600.000
448400.000
485200.000
465600.000
470400.000
467600.000
442400.000
496800.000
480800.000
475600.000
477200.000
481600.000
490000.000
502000.000
486400.000
476800.000
512000.000
476800.000
495600.000
498800.000
479600.000
480400.000
512400.000
498400.000
527200.000
519600.000
488400.000
467200.000
482400.000
490400.000
480400.000
500000.000
504400.000
496800.000
462000.000
452400.000
454400.000
446800.000
462400.000
470000.000
478400.000
466800.000
463200.000
501200.000
51200.000
53600.000
48800.000
63600.000
62400.000
62000.000
75200.000
58800.000
79200.000
78800.000
76800.000
95200.000
85600.000
90800.000
97200.000
94000.000
102800.000
108800.000
114400.000
124000.000
121200.000
126800.000
117200.000
120000.000
144400.000
144000.000
149200.000
143600.000
149200.000
146400.000
163600.000
164800.000
161600.000
168000.000
189600.000
195600.000
213200.000
184800.000
208000.000
195600.000
220000.000
211600.000
211200.000
214000.000
215200.000
235600.000
231600.000
246400.000
270800.000
270400.000
292400.000
283600.000
289600.000
291600.000
295600.000
279600.000
278800.000
276800.000
313600.000
320400.000
338400.000
358800.000
314000.000
280800.000
236400.000
232800.000
286000.000
348800.000
358000.000
370000.000
382400.000
364000.000
377600.000
356400.000
352400.000
352000.000
337200.000
343600.000
355600.000
373600.000
381200.000
403200.000
400800.000
419600.000
388000.000
424000.000
404000.000
401600.000
373600.000
382400.000
392400.000
390000.000
404000.000
394000.000
392800.000
361200.000
376800.000
394000.000
406400.000
408400.000
424000.000
445600.000
434400.000
416800.000
419600.000
418800.000
414800.000
402800.000
425200.000
411200.000
418800.000
384400.000
400800.000
413200.000
432400.000
411200.000
435200.000
424000.000
418400.000
417600.000
439600.000
422000.000
425200.000
466400.000
457200.000
474400.000
491200.000
460400.000
498000.000
486800.000
440400.000
442400.000
432400.000
411200.000
430800.000
434800.000
460800.000
452800.000
460400.000
460400.000
446800.000
456800.000
463600.000
449600.000
428800.000
444800.000
464800.000
436400.000
471200.000
496400.000
471600.000
479200.000
467200.000
449200.000
460800.000
459200.000
497600.000
449200.000
444800.000
455600.000
445600.000
458800.000
464800.000
461200.000
478000.000
482000.000
485600.000
476800.000
466000.000
483200.000
486000.000
508800.000
464800.000
498000.000
463600.000
502000.000
489600.000
524000.000
482000.000
492400.000
506400.000
508000.000
477200.000
460400.000
485200.000
474400.000
476400.000
484400.000
470800.000
490000.000
507200.000
485600.000
484800.000
469600.000
468400.000
454000.000
469600.000
450800.000
459600.000
462000.000
475200.000
62000.000
50400.000
62800.000
63600.000
62800.000
74800.000
75200.000
83200.000
77600.000
70000.000
85200.000
82800.000
90000.000
101600.000
102800.000
105600.000
114800.000
100400.000
115200.000
123200.000
130000.000
123200.000
142800.000
126400.000
140000.000
136400.000
154800.000
170000.000
160000.000
168800.000
150400.000
166800.000
183200.000
171600.000
188400.000
204800.000
209600.000
185600.000
198800.000
205200.000
212400.000
206800.000
228000.000
222800.000
232000.000
237600.000
237600.000
252400.000
262400.000
275600.000
284000.000
284000.000
307200.000
290400.000
294800.000
297200.000
282800.000
313200.000
300000.000
316400.000
366000.000
382000.000
347200.000
276000.000
279600.000
239600.000
323200.000
324400.000
338000.000
371600.000
399200.000
382400.000
396400.000
386800.000
392800.000
349200.000
340400.000
372400.000
383600.000
391200.000
420400.000
409600.000
408400.000
394800.000
401200.000
400400.000
426000.000
399600.000
412400.000
410000.000
392000.000
354800.000
391600.000
414000.000
388800.000
382000.000
369200.000
394000.000
420800.000
432800.000
448400.000
443200.000
442400.000
410800.000
422800.000
398800.000
432000.000
385600.000
420800.000
431600.000
410400.000
380000.000
412800.000
438000.000
420000.000
430800.000
425200.000
436800.000
431600.000
444400.000
435600.000
419600.000
449200.000
451200.000
465200.000
456400.000
466000.000
507200.000
494400.000
500400.000
462400.000
461200.000
445200.000
450400.000
474400.000
448000.000
472000.000
445600.000
469600.000
444400.000
468800.000
453200.000
460800.000
447600.000
447600.000
436000.000
444800.000
437600.000
464400.000
471200.000
456000.000
466800.000
452800.000
468400.000
459200.000
470800.000
452000.000
484800.000
497600.000
501200.000
475600.000
463600.000
454800.000
439200.000
444800.000
467200.000
470800.000
448800.000
482000.000
455600.000
497200.000
510000.000
494400.000
504000.000
495200.000
473600.000
482000.000
507600.000
464400.000
476400.000
478800.000
489600.000
466000.000
447200.000
434000.000
456400.000
476000.000
471200.000
524800.000
508400.000
523600.000
506400.000
468400.000
475200.000
468000.000
492800.000
487200.000
468800.000
450400.000
449200.000
456400.000
51600.000
57600.000
69200.000
64400.000
68800.000
68800.000
78000.000
74400.000
67600.000
72400.000
83200.000
88400.000
96800.000
107600.000
98000.000
101200.000
106800.000
112800.000
120000.000
135600.000
130000.000
129200.000
138000.000
141600.000
151600.000
148800.000
143200.000
157200.000
150800.000
174000.000
180800.000
174000.000
174000.000
186400.000
191600.000
194400.000
206000.000
207600.000
214800.000
208800.000
211600.000
225600.000
214400.000
226000.000
222800.000
212000.000
239200.000
253200.000
260000.000
287200.000
272400.000
267600.000
280800.000
300400.000
322400.000
290800.000
286800.000
294800.000
313200.000
306000.000
356800.000
361200.000
335200.000
250400.000
256000.000
231600.000
316800.000
329600.000
354400.000
372000.000
381600.000
378800.000
398400.000
376000.000
365200.000
380400.000
355600.000
371600.000
378800.000
393600.000
392800.000
384400.000
392400.000
370400.000
383200.000
404400.000
419600.000
405200.000
398800.000
402400.000
406800.000
422000.000
383200.000
359600.000
402400.000
372000.000
372400.000
384400.000
380400.000
429200.000
439600.000
431200.000
424800.000
392000.000
385200.000
372000.000
394800.000
402800.000
384000.000
402000.000
395600.000
424400.000
406400.000
439200.000
432400.000
448400.000
404400.000
434000.000
422800.000
426000.000
421600.000
408400.000
435600.000
482000.000
428400.000
420400.000
463200.000
458800.000
487200.000
452400.000
440800.000
437600.000
441600.000
430400.000
420800.000
451200.000
449600.000
471200.000
476400.000
470800.000
477600.000
457600.000
462800.000
426800.000
432000.000
425200.000
420400.000
452800.000
439600.000
452400.000
448000.000
455200.000
456400.000
442000.000
458000.000
473200.000
453200.000
478800.000
473200.000
462400.000
462000.000
456800.000
450400.000
457600.000
449600.000
476000.000
455600.000
450400.000
455200.000
475600.000
479200.000
477200.000
463600.000
475200.000
481200.000
460400.000
489600.000
482400.000
502400.000
501200.000
470800.000
480000.000
433600.000
459200.000
446000.000
452400.000
468400.000
449200.000
498400.000
503200.000
492400.000
470400.000
462000.000
468000.000
448800.000
471600.000
444800.000
448800.000
463200.000
450400.000
471600.000
64800.000
62800.000
66800.000
66400.000
80000.000
74400.000
86000.000
88800.000
80400.000
88400.000
98400.000
97200.000
105200.000
105600.000
112800.000
131600.000
118800.000
127200.000
142000.000
133200.000
146000.000
139200.000
156000.000
144800.000
137600.000
162800.000
162400.000
172000.000
166400.000
186000.000
180800.000
195200.000
188000.000
186800.000
198400.000
207200.000
214400.000
214800.000
236400.000
225600.000
239200.000
235200.000
230400.000
248000.000
228000.000
244000.000
264800.000
244000.000
275600.000
260800.000
286000.000
304000.000
294400.000
290800.000
330800.000
298800.000
313600.000
334000.000
307600.000
342000.000
349200.000
358400.000
332800.000
276400.000
231200.000
268000.000
287600.000
323200.000
376400.000
383200.000
416400.000
387200.000
412400.000
382000.000
374800.000
356800.000
390000.000
374400.000
388400.000
437600.000
424800.000
404800.000
411200.000
392400.000
403600.000
423200.000
415600.000
418400.000
448400.000
419600.000
414400.000
416400.000
412400.000
394400.000
411200.000
389200.000
406400.000
408400.000
400800.000
427200.000
436000.000
402400.000
438400.000
412000.000
410400.000
392400.000
428800.000
403200.000
404000.000
405600.000
422000.000
415200.000
430000.000
439600.000
424000.000
432000.000
445200.000
464400.000
468000.000
449600.000
424800.000
448400.000
438000.000
427600.000
434400.000
432400.000
458400.000
475200.000
462400.000
482800.000
462800.000
463200.000
440800.000
464000.000
436800.000
438400.000
462000.000
492400.000
495200.000
483600.000
446400.000
453600.000
429200.000
430000.000
438400.000
407200.000
426000.000
436000.000
455600.000
450800.000
459200.000
475600.000
456800.000
477600.000
469600.000
452000.000
422800.000
488000.000
482400.000
496400.000
492800.000
478800.000
474400.000
455600.000
459600.000
479600.000
464000.000
458800.000
474400.000
484800.000
486000.000
470000.000
491200.000
478000.000
458800.000
482000.000
496400.000
509200.000
508400.000
478400.000
482000.000
463200.000
471600.000
408400.000
448000.000
465200.000
446400.000
476000.000
468400.000
485200.000
468000.000
471600.000
472400.000
486000.000
479200.000
502400.000
502800.000
466400.000
474800.000
472400.000
486000.000
71200.000
60000.000
69600.000
69600.000
76400.000
84400.000
79600.000
70000.000
93200.000
93200.000
113600.000
104800.000
118800.000
100000.000
115600.000
126800.000
124800.000
132800.000
131200.000
128800.000
153600.000
158000.000
147600.000
169200.000
167200.000
146000.000
178000.000
169600.000
159200.000
191200.000
186800.000
212400.000
186000.000
209600.000
209200.000
206800.000
218000.000
230400.000
240800.000
231200.000
251600.000
239200.000
260400.000
243600.000
216800.000
236400.000
250000.000
260000.000
268800.000
280000.000
282400.000
290400.000
328800.000
306000.000
312800.000
311600.000
328400.000
336000.000
330000.000
348400.000
378400.000
362800.000
364400.000
300800.000
250800.000
262400.000
309600.000
338000.000
378400.000
406400.000
399200.000
399600.000
399600.000
400400.000
399600.000
431200.000
418400.000
399600.000
422800.000
439200.000
423200.000
400800.000
378800.000
404000.000
424800.000
402000.000
427200.000
432400.000
412000.000
400000.000
418000.000
441200.000
431200.000
413600.000
406800.000
420000.000
414800.000
387200.000
399200.000
394400.000
400400.000
408000.000
424400.000
426800.000
436400.000
428400.000
416800.000
429200.000
437600.000
448400.000
409200.000
448800.000
418800.000
413600.000
416400.000
460000.000
458400.000
468000.000
458400.000
474400.000
442400.000
444000.000
477600.000
442400.000
453200.000
449600.000
486400.000
477600.000
486800.000
480000.000
490000.000
487200.000
442800.000
476400.000
468000.000
455600.000
455600.000
484400.000
468000.000
443200.000
456000.000
436400.000
419600.000
443600.000
448400.000
408400.000
442800.000
457600.000
440000.000
466800.000
472000.000
484400.000
478000.000
473600.000
473600.000
439600.000
459600.000
463200.000
508800.000
494800.000
496400.000
484800.000
473600.000
494000.000
486400.000
434000.000
459600.000
481600.000
503600.000
476800.000
506800.000
455600.000
456800.000
471200.000
480400.000
483600.000
477600.000
473600.000
475600.000
519600.000
455200.000
478400.000
452800.000
483600.000
447200.000
490000.000
476800.000
479200.000
503200.000
525200.000
466800.000
467200.000
466000.000
473600.000
489600.000
477600.000
473600.000
480800.000
467200.000
475200.000
486400.000
70800.000
73200.000
76000.000
66400.000
86000.000
84800.000
86400.000
109600.000
87200.000
89600.000
109600.000
117600.000
118000.000
114000.000
125200.000
123600.000
136000.000
130800.000
154000.000
146800.000
152000.000
160000.000
176000.000
175200.000
162400.000
180000.000
184800.000
182800.000
178400.000
177200.000
183200.000
188800.000
226400.000
202000.000
206000.000
214000.000
230400.000
227600.000
231200.000
238800.000
246000.000
242800.000
250400.000
248000.000
253200.000
232800.000
254400.000
265600.000
269600.000
292000.000
317600.000
310000.000
302800.000
317200.000
293600.000
326000.000
329600.000
359600.000
332000.000
338000.000
356800.000
372400.000
340000.000
292800.000
272800.000
250400.000
298400.000
340400.000
364000.000
390800.000
404000.000
409200.000
396800.000
370400.000
387600.000
410800.000
420400.000
415200.000
423200.000
437200.000
423200.000
406000.000
398800.000
414400.000
387200.000
419600.000
422000.000
425200.000
417200.000
432000.000
430000.000
424800.000
445200.000
424800.000
432000.000
399600.000
418800.000
415200.000
404800.000
373200.000
393200.000
404800.000
419600.000
412000.000
435600.000
442800.000
451600.000
426000.000
414800.000
427200.000
413200.000
409200.000
429200.000
410400.000
435200.000
450400.000
477600.000
481200.000
464000.000
450800.000
445600.000
467600.000
428800.000
453200.000
435600.000
423200.000
451200.000
461200.000
476000.000
461600.000
449200.000
458800.000
505200.000
473600.000
459200.000
464000.000
495600.000
443600.000
422000.000
448800.000
432000.000
454400.000
431200.000
407200.000
419600.000
417200.000
454800.000
468000.000
435200.000
462800.000
455200.000
484400.000
474000.000
464400.000
486800.000
485200.000
479200.000
470000.000
512400.000
483600.000
494800.000
496800.000
505200.000
462800.000
453200.000
471600.000
453600.000
490000.000
501200.000
473200.000
467200.000
481600.000
459200.000
464400.000
462000.000
482000.000
489600.000
488000.000
455600.000
496000.000
466800.000
440800.000
456000.000
438800.000
461200.000
476000.000
510400.000
496400.000
489200.000
495600.000
475600.000
483600.000
476800.000
467600.000
512400.000
523600.000
503600.000
482800.000
460400.000
464400.000
497200.000
82400.000
67200.000
72400.000
88400.000
88800.000
90400.000
89600.000
100800.000
96800.000
103600.000
110400.000
130800.000
132800.000
124000.000
132000.000
138000.000
132400.000
138800.000
144000.000
157600.000
164000.000
171200.000
177600.000
176400.000
156400.000
178000.000
188400.000
182800.000
181200.000
182000.000
199200.000
206400.000
211600.000
201200.000
213600.000
206000.000
236400.000
230800.000
249200.000
250400.000
249200.000
262800.000
244400.000
250000.000
254400.000
284400.000
272800.000
270800.000
253600.000
300400.000
280000.000
322000.000
326800.000
307600.000
306000.000
306800.000
322400.000
327600.000
347200.000
331200.000
335200.000
328000.000
350800.000
335600.000
260800.000
250400.000
286400.000
352800.000
371200.000
384000.000
379200.000
405200.000
391600.000
414400.000
384400.000
394800.000
436800.000
416000.000
442800.000
426400.000
450000.000
452400.000
417600.000
434400.000
429600.000
410400.000
428400.000
442000.000
417200.000
450800.000
447600.000
438800.000
445200.000
423600.000
421200.000
396000.000
428000.000
430800.000
414800.000
397600.000
410400.000
392800.000
429600.000
426400.000
450400.000
464000.000
450800.000
437600.000
433200.000
460000.000
439200.000
446800.000
433200.000
442800.000
417200.000
450800.000
460800.000
464800.000
460800.000
446800.000
447200.000
438400.000
444000.000
454400.000
462400.000
442000.000
430000.000
461600.000
461200.000
456000.000
457600.000
442000.000
465600.000
469600.000
452000.000
443200.000
468000.000
454000.000
478400.000
442400.000
442400.000
482400.000
455600.000
464000.000
458000.000
436800.000
424000.000
456800.000
431600.000
457200.000
468400.000
483600.000
444800.000
452000.000
468800.000
466800.000
468000.000
470400.000
485200.000
511600.000
529600.000
501600.000
447600.000
466000.000
476400.000
467600.000
455200.000
461200.000
478400.000
522800.000
498000.000
488400.000
484400.000
474400.000
507200.000
507200.000
483200.000
500400.000
469600.000
466000.000
464000.000
440400.000
471200.000
465600.000
479600.000
471200.000
520000.000
508800.000
510400.000
519200.000
501200.000
502800.000
506400.000
516800.000
488400.000
510000.000
523600.000
481600.000
501600.000
450400.000
480400.000
80400.000
75600.000
73200.000
83600.000
76400.000
87200.000
118800.000
87600.000
102000.000
113200.000
121600.000
103600.000
129600.000
124800.000
130000.000
133600.000
134400.000
144400.000
147600.000
157600.000
161200.000
154400.000
167600.000
187600.000
164400.000
182400.000
196400.000
194000.000
176400.000
194800.000
196400.000
214000.000
216400.000
216000.000
212400.000
228800.000
223200.000
213600.000
249200.000
245600.000
259600.000
265600.000
244800.000
273600.000
277200.000
268000.000
283200.000
276000.000
278400.000
279200.000
298000.000
319200.000
304400.000
315200.000
306400.000
312000.000
337600.000
345200.000
347200.000
342800.000
355600.000
340800.000
353200.000
335200.000
282400.000
255600.000
269600.000
315600.000
382400.000
383200.000
405600.000
403200.000
398800.000
396800.000
414400.000
413200.000
428000.000
414800.000
426400.000
440400.000
478000.000
453600.000
448000.000
451200.000
446000.000
471200.000
410400.000
435600.000
454800.000
463200.000
449200.000
444400.000
442400.000
442000.000
437600.000
439600.000
450400.000
416000.000
419600.000
387200.000
393600.000
394800.000
427200.000
460800.000
440000.000
462800.000
441200.000
444800.000
410400.000
418000.000
435200.000
434800.000
436400.000
432000.000
438400.000
429600.000
450000.000
471600.000
459200.000
455200.000
428800.000
470000.000
473600.000
463200.000
428000.000
457200.000
447200.000
456400.000
481200.000
455200.000
451200.000
452800.000
440400.000
440000.000
450000.000
458000.000
453200.000
470400.000
475200.000
489600.000
481600.000
466000.000
456800.000
483200.000
459200.000
470400.000
458000.000
458000.000
458000.000
475600.000
470800.000
447600.000
459600.000
458000.000
467200.000
448400.000
449600.000
470800.000
473600.000
513600.000
508000.000
546000.000
482000.000
490400.000
434400.000
458000.000
440800.000
450800.000
455200.000
478400.000
498800.000
470000.000
466800.000
466000.000
498800.000
511600.000
508800.000
489200.000
480400.000
491200.000
467200.000
448400.000
496800.000
474800.000
486000.000
513200.000
503200.000
491200.000
505600.000
503200.000
510400.000
521200.000
513600.000
526000.000
525600.000
528400.000
511200.000
513200.000
511200.000
490800.000
474000.000
82000.000
75600.000
90800.000
94400.000
100000.000
90800.000
91200.000
113200.000
106800.000
114400.000
111600.000
133200.000
146000.000
140000.000
137600.000
142800.000
146000.000
163200.000
154400.000
164000.000
175600.000
169600.000
197200.000
193200.000
168800.000
194800.000
207600.000
205200.000
198800.000
210000.000
218800.000
230000.000
247200.000
220000.000
234800.000
217600.000
233200.000
243600.000
254000.000
280800.000
262800.000
258400.000
281200.000
264400.000
288800.000
292800.000
269600.000
298400.000
256800.000
302000.000
329200.000
314800.000
332400.000
303200.000
310400.000
290400.000
330800.000
330800.000
328000.000
354400.000
351600.000
364000.000
345600.000
317600.000
242000.000
221600.000
253200.000
334400.000
370400.000
364800.000
414000.000
401200.000
390800.000
395200.000
413600.000
402800.000
397600.000
430000.000
451200.000
444000.000
448400.000
434000.000
433600.000
451200.000
462000.000
427600.000
447200.000
434000.000
447600.000
449600.000
427600.000
436800.000
434000.000
449200.000
431200.000
455200.000
419600.000
434400.000
434000.000
393200.000
396000.000
415200.000
398000.000
432800.000
460000.000
444400.000
441200.000
423200.000
438400.000
432800.000
443600.000
452400.000
432400.000
424000.000
428800.000
431200.000
475600.000
462800.000
460400.000
454000.000
483200.000
486000.000
492000.000
470000.000
444000.000
443200.000
424000.000
422000.000
481200.000
465600.000
452800.000
464000.000
423200.000
454400.000
448000.000
492400.000
488800.000
474800.000
464400.000
454800.000
440000.000
490400.000
478800.000
465200.000
448800.000
478400.000
476800.000
474400.000
472800.000
474000.000
457600.000
450800.000
454000.000
458000.000
456800.000
458400.000
480800.000
482400.000
479600.000
499600.000
480400.000
511200.000
470800.000
492400.000
472800.000
452000.000
468000.000
433200.000
474800.000
467600.000
501200.000
503200.000
475200.000
488000.000
491200.000
519200.000
538000.000
486800.000
503600.000
475600.000
456000.000
489600.000
494000.000
477200.000
474400.000
458400.000
512000.000
478800.000
503200.000
520400.000
506800.000
494800.000
504000.000
510000.000
506000.000
552000.000
552000.000
500400.000
493600.000
485600.000
490000.000
93200.000
101200.000
100400.000
92400.000
116400.000
100000.000
109200.000
125600.000
113200.000
136400.000
136000.000
156800.000
142000.000
132400.000
141600.000
156800.000
163200.000
157200.000
162000.000
167600.000
172800.000
190400.000
190800.000
207600.000
190000.000
196400.000
194400.000
198000.000
202800.000
232800.000
221200.000
232400.000
238400.000
218800.000
239600.000
245200.000
230800.000
243600.000
250000.000
248800.000
276800.000
263200.000
286400.000
286800.000
293200.000
292800.000
307600.000
318000.000
298000.000
328800.000
310000.000
339200.000
333200.000
340400.000
350800.000
339200.000
328800.000
345200.000
347600.000
347200.000
353600.000
372800.000
359200.000
322400.000
245200.000
227200.000
264400.000
278000.000
348000.000
395600.000
381600.000
401200.000
434400.000
404400.000
392800.000
406800.000
395600.000
432400.000
425200.000
426400.000
449600.000
453200.000
444000.000
457600.000
464800.000
450000.000
448400.000
444400.000
451200.000
436800.000
407600.000
451600.000
417200.000
433200.000
457600.000
435200.000
407600.000
451600.000
410800.000
449200.000
413600.000
422800.000
421200.000
425600.000
450800.000
433200.000
440800.000
466000.000
425600.000
446800.000
478400.000
462800.000
454000.000
440800.000
439600.000
432400.000
446400.000
472000.000
453200.000
486400.000
472800.000
493600.000
476000.000
454800.000
461200.000
450400.000
450400.000
450400.000
430400.000
441200.000
454000.000
453200.000
482800.000
456400.000
441200.000
465600.000
496000.000
517600.000
476800.000
490000.000
474400.000
446400.000
479200.000
478400.000
459200.000
482000.000
494800.000
469200.000
462400.000
476400.000
469600.000
440800.000
443600.000
460000.000
468400.000
450400.000
452000.000
471600.000
472800.000
465200.000
494000.000
484000.000
490000.000
462000.000
467200.000
467200.000
463600.000
474000.000
454400.000
482400.000
463200.000
496000.000
446000.000
496800.000
471200.000
492400.000
505200.000
512400.000
466000.000
482400.000
479600.000
476800.000
541200.000
505200.000
512400.000
488000.000
473600.000
469200.000
450800.000
493200.000
496400.000
499200.000
526400.000
544800.000
506400.000
510800.000
516000.000
513200.000
505600.000
494000.000
520000.000
94800.000
92000.000
93600.000
101200.000
106400.000
110800.000
115200.000
112000.000
128000.000
139200.000
132400.000
138000.000
147200.000
141600.000
154000.000
162400.000
174800.000
175600.000
166800.000
177200.000
193600.000
200000.000
209600.000
208400.000
200800.000
214000.000
221600.000
203600.000
214800.000
230400.000
223600.000
254000.000
251600.000
262000.000
257200.000
243600.000
246400.000
261200.000
250800.000
252000.000
250400.000
277200.000
268000.000
288000.000
310400.000
292400.000
300400.000
325200.000
311200.000
311200.000
324000.000
333600.000
327200.000
348000.000
351200.000
342000.000
344800.000
338800.000
348400.000
333600.000
358800.000
375200.000
364800.000
356000.000
266800.000
219600.000
226000.000
278800.000
326400.000
382000.000
409200.000
401200.000
398800.000
425600.000
388000.000
398000.000
386000.000
432400.000
433600.000
466000.000
446800.000
433200.000
438400.000
446800.000
453200.000
423600.000
438800.000
440000.000
458400.000
457200.000
444400.000
438400.000
449600.000
433200.000
422800.000
452000.000
408800.000
435600.000
494000.000
440400.000
437200.000
440800.000
468800.000
416800.000
462000.000
478800.000
447200.000
459600.000
463600.000
442000.000
431600.000
430800.000
435600.000
458000.000
433600.000
457200.000
438400.000
467600.000
463200.000
446000.000
464800.000
464000.000
496000.000
478000.000
466000.000
454000.000
476000.000
446400.000
436000.000
457200.000
453600.000
440400.000
444400.000
446400.000
472800.000
474800.000
490800.000
487600.000
479600.000
480800.000
476000.000
470000.000
443200.000
462800.000
462000.000
476400.000
486400.000
466800.000
484000.000
458800.000
468400.000
468400.000
428400.000
465600.000
465600.000
471600.000
499600.000
453600.000
486800.000
480000.000
466400.000
497600.000
488800.000
508400.000
487200.000
464400.000
473600.000
466400.000
436800.000
455600.000
462800.000
502800.000
486400.000
492800.000
504000.000
486400.000
487200.000
502800.000
507600.000
493600.000
472400.000
491600.000
521600.000
494800.000
510800.000
491600.000
498000.000
474000.000
462000.000
450800.000
471600.000
470000.000
498800.000
528400.000
514400.000
492800.000
506400.000
512000.000
489600.000
474000.000
480800.000
99200.000
113600.000
99600.000
102000.000
98400.000
115200.000
132000.000
115200.000
130000.000
142400.000
140000.000
142000.000
158400.000
149200.000
158000.000
177600.000
166000.000
194400.000
185600.000
183600.000
208000.000
189200.000
207200.000
221600.000
214000.000
214000.000
209200.000
208400.000
234800.000
232400.000
253600.000
242000.000
254800.000
278800.000
259600.000
259200.000
272400.000
247600.000
262400.000
263200.000
261200.000
257200.000
265200.000
276400.000
270400.000
305600.000
301200.000
310000.000
292400.000
320800.000
332400.000
339600.000
326000.000
344400.000
355600.000
352800.000
346400.000
344800.000
363200.000
384000.000
382400.000
371600.000
348000.000
358800.000
264000.000
206400.000
216800.000
301600.000
355600.000
372000.000
387600.000
401200.000
424400.000
388000.000
410400.000
378400.000
383600.000
402000.000
433200.000
460800.000
409600.000
436400.000
423200.000
442400.000
426400.000
446800.000
433200.000
466000.000
438800.000
434400.000
414400.000
425200.000
430000.000
431600.000
410000.000
433200.000
435600.000
482800.000
496000.000
448000.000
481600.000
456800.000
450800.000
454000.000
465200.000
436400.000
480400.000
449600.000
452400.000
443600.000
452000.000
460400.000
435200.000
478000.000
448800.000
446800.000
457200.000
452800.000
481200.000
475600.000
442000.000
469600.000
415600.000
453200.000
464400.000
438000.000
467200.000
457600.000
464800.000
449600.000
464400.000
442000.000
454000.000
434400.000
486000.000
485600.000
484000.000
479600.000
491600.000
497200.000
467600.000
467600.000
485200.000
486800.000
449200.000
496800.000
496400.000
488800.000
464800.000
490800.000
442000.000
475600.000
442000.000
465200.000
483600.000
490800.000
469600.000
466800.000
484000.000
468800.000
500000.000
498800.000
510800.000
476000.000
472000.000
461600.000
467200.000
463200.000
460000.000
456800.000
463200.000
492000.000
499600.000
499600.000
480400.000
493600.000
486000.000
493600.000
509600.000
473200.000
505200.000
474800.000
468400.000
508400.000
506000.000
488000.000
502800.000
492400.000
451200.000
454400.000
485200.000
509600.000
496400.000
518800.000
542000.000
493200.000
470000.000
499600.000
496000.000
522800.000
499600.000
110800.000
111200.000
114800.000
113600.000
108800.000
133200.000
141200.000
138800.000
143600.000
150000.000
159600.000
150400.000
158800.000
166000.000
173200.000
191200.000
190400.000
189600.000
198000.000
195600.000
210400.000
221200.000
214800.000
220400.000
236800.000
233600.000
236400.000
234800.000
220800.000
253200.000
268400.000
264800.000
287200.000
270800.000
279200.000
290000.000
281600.000
258800.000
275600.000
255200.000
282400.000
309200.000
270000.000
290400.000
289600.000
305200.000
300000.000
318000.000
306800.000
326800.000
302800.000
342000.000
322800.000
350400.000
363200.000
394800.000
389600.000
366400.000
385600.000
383600.000
394800.000
400400.000
373600.000
278000.000
273200.000
232800.000
264400.000
296400.000
374000.000
402400.000
424800.000
400400.000
365600.000
401200.000
368800.000
391200.000
401200.000
410000.000
430400.000
424800.000
434400.000
423600.000
430800.000
447600.000
438800.000
467200.000
467600.000
490400.000
490000.000
460400.000
431200.000
432800.000
434800.000
454400.000
438800.000
453200.000
459600.000
477600.000
464400.000
471200.000
457600.000
472000.000
444800.000
454800.000
465600.000
452400.000
476800.000
459200.000
482800.000
442400.000
462000.000
435600.000
442000.000
450400.000
444400.000
441600.000
435600.000
456400.000
450000.000
452800.000
456800.000
479200.000
432800.000
470800.000
412400.000
453600.000
434400.000
458400.000
461200.000
467600.000
473200.000
463200.000
457600.000
446400.000
461600.000
476400.000
494800.000
467200.000
482000.000
451600.000
490400.000
468000.000
451200.000
477600.000
500400.000
480000.000
490000.000
490800.000
474000.000
497200.000
476400.000
484800.000
469200.000
438000.000
435600.000
450000.000
461200.000
460400.000
471200.000
472000.000
486400.000
448400.000
500000.000
454400.000
465600.000
491200.000
461200.000
482800.000
476000.000
461200.000
482400.000
495200.000
493600.000
500000.000
515200.000
502400.000
484000.000
471600.000
496000.000
463200.000
506400.000
482400.000
497600.000
505600.000
488400.000
523600.000
484400.000
492800.000
498800.000
460000.000
493200.000
515600.000
504800.000
502000.000
514000.000
516400.000
495600.000
488400.000
491200.000
504800.000
513200.000
113600.000
108000.000
122800.000
118400.000
116800.000
126400.000
125200.000
134000.000
147600.000
148400.000
171600.000
144000.000
174000.000
166000.000
197600.000
202400.000
197200.000
208000.000
208800.000
214400.000
227600.000
214800.000
238800.000
232000.000
194800.000
240400.000
235600.000
204400.000
235600.000
252400.000
259200.000
268000.000
272400.000
281200.000
287200.000
280800.000
276800.000
297200.000
273200.000
293200.000
298800.000
273200.000
285600.000
289200.000
284400.000
298800.000
318800.000
329200.000
299200.000
296000.000
347200.000
313600.000
354800.000
334800.000
334000.000
336400.000
378800.000
358000.000
388800.000
374400.000
374400.000
378800.000
366800.000
325200.000
220800.000
215600.000
229600.000
320000.000
336000.000
394400.000
388000.000
425600.000
431600.000
415600.000
396400.000
420800.000
408800.000
420400.000
436400.000
432800.000
442800.000
440000.000
438800.000
423200.000
458800.000
450800.000
467600.000
456400.000
484000.000
457200.000
470000.000
461200.000
444800.000
431600.000
438800.000
479200.000
498400.000
476000.000
452400.000
486400.000
464400.000
461600.000
488800.000
472400.000
451200.000
440000.000
472800.000
487200.000
478000.000
446000.000
456400.000
444000.000
450400.000
445600.000
450400.000
458800.000
427600.000
475200.000
475600.000
451600.000
453600.000
450800.000
446000.000
438800.000
419200.000
426400.000
452000.000
437200.000
459200.000
462800.000
488000.000
476400.000
451200.000
431600.000
454400.000
461200.000
473200.000
484400.000
480400.000
450800.000
457600.000
476000.000
468800.000
459600.000
489600.000
491600.000
492800.000
500400.000
458400.000
452000.000
429200.000
458400.000
480400.000
459600.000
470000.000
452400.000
472400.000
459600.000
443600.000
477600.000
486800.000
502400.000
490400.000
479200.000
462400.000
457600.000
494000.000
505200.000
526000.000
503200.000
498800.000
474000.000
504000.000
521600.000
478000.000
486400.000
500400.000
514000.000
500400.000
497200.000
480000.000
488000.000
490400.000
494400.000
513200.000
531600.000
519600.000
494000.000
491200.000
530400.000
497600.000
521200.000
497200.000
550000.000
520800.000
500000.000
510800.000
473200.000
491600.000
505200.000
490400.000
127600.000
124400.000
120000.000
128400.000
129600.000
133200.000
140800.000
133600.000
156000.000
146000.000
153600.000
171600.000
168800.000
175200.000
177200.000
184800.000
206400.000
221600.000
205200.000
236400.000
238400.000
226800.000
248000.000
244000.000
234000.000
249600.000
260000.000
237600.000
257200.000
234000.000
270400.000
279600.000
265200.000
280000.000
311200.000
271600.000
300800.000
314800.000
298000.000
312400.000
302400.000
308400.000
293600.000
299200.000
297600.000
376800.000
312800.000
340800.000
333200.000
337600.000
325600.000
338800.000
360000.000
344800.000
349200.000
343600.000
384400.000
401200.000
379600.000
379600.000
393200.000
392400.000
380000.000
335600.000
263200.000
235600.000
247600.000
349200.000
354400.000
374000.000
419200.000
365200.000
413200.000
412800.000
419200.000
421600.000
432400.000
433600.000
453200.000
454800.000
458800.000
442800.000
436400.000
427600.000
455200.000
436800.000
463600.000
416000.000
473600.000
501600.000
461600.000
436400.000
455600.000
446000.000
472800.000
478000.000
500000.000
476800.000
467600.000
467200.000
488000.000
490000.000
472800.000
489200.000
463200.000
454400.000
479200.000
499600.000
497200.000
465200.000
460800.000
437200.000
473600.000
455600.000
465200.000
472400.000
462400.000
471600.000
459600.000
482800.000
444000.000
465600.000
512800.000
464000.000
431600.000
450800.000
448800.000
475200.000
509200.000
500400.000
487600.000
498000.000
466000.000
446800.000
444400.000
433200.000
462800.000
493600.000
490800.000
481600.000
454000.000
469600.000
475200.000
479200.000
492400.000
496800.000
474000.000
520800.000
467600.000
451200.000
462000.000
435200.000
464000.000
444400.000
482000.000
463200.000
450000.000
488400.000
501600.000
496000.000
496400.000
481600.000
446800.000
484000.000
468400.000
468400.000
490000.000
531200.000
542800.000
530400.000
505200.000
482400.000
480400.000
499600.000
522800.000
512000.000
524800.000
503600.000
519600.000
478800.000
505600.000
489600.000
504000.000
516400.000
549600.000
560800.000
545600.000
514800.000
512400.000
510000.000
512400.000
512800.000
510400.000
526000.000
520400.000
526800.000
500400.000
498000.000
494400.000
513200.000
496400.000
136400.000
141600.000
126800.000
157600.000
159600.000
148000.000
159600.000
149600.000
162000.000
166000.000
166400.000
180000.000
203600.000
184800.000
197200.000
219600.000
198400.000
234800.000
239200.000
250800.000
256800.000
250000.000
239200.000
268800.000
258000.000
248400.000
260800.000
250000.000
250000.000
259200.000
265200.000
278000.000
291200.000
284800.000
317200.000
302800.000
298400.000
298400.000
299600.000
308000.000
315200.000
296000.000
319200.000
343200.000
327200.000
343600.000
336400.000
344800.000
335200.000
336800.000
321200.000
342800.000
363200.000
357200.000
362000.000
365600.000
390400.000
373600.000
356000.000
390000.000
374800.000
390000.000
380000.000
327200.000
284800.000
225600.000
239200.000
306400.000
331200.000
377200.000
398000.000
407200.000
406000.000
417600.000
416000.000
426400.000
445200.000
437600.000
486800.000
484400.000
481200.000
461200.000
397600.000
414800.000
430800.000
425600.000
464800.000
411200.000
461600.000
448800.000
439200.000
436400.000
458800.000
450000.000
445600.000
464000.000
486000.000
468800.000
457200.000
458000.000
488400.000
487600.000
482800.000
478800.000
485600.000
451600.000
480000.000
444400.000
488000.000
478000.000
469600.000
459200.000
464800.000
474400.000
484000.000
466800.000
482400.000
447200.000
475200.000
463200.000
460000.000
460000.000
438800.000
454000.000
489600.000
439600.000
471200.000
492800.000
474800.000
536400.000
490400.000
486400.000
495600.000
459600.000
454800.000
463200.000
458800.000
511200.000
502000.000
495200.000
440400.000
443200.000
478400.000
486400.000
463200.000
479200.000
503200.000
477200.000
463600.000
492800.000
476400.000
414000.000
430800.000
436400.000
452400.000
457600.000
486800.000
487200.000
462000.000
521600.000
515600.000
473200.000
474000.000
502800.000
478000.000
486000.000
478400.000
498000.000
501200.000
530400.000
504400.000
496800.000
497200.000
485200.000
483600.000
508000.000
522800.000
522000.000
507200.000
503600.000
511600.000
485600.000
518400.000
512000.000
529600.000
561200.000
529600.000
517600.000
518800.000
505600.000
536400.000
526400.000
497200.000
509600.000
492000.000
494000.000
504400.000
482000.000
480800.000
482000.000
509600.000
127600.000
146000.000
146400.000
150400.000
140000.000
153600.000
174800.000
158000.000
174000.000
170000.000
170000.000
204000.000
224400.000
200000.000
214000.000
194800.000
220400.000
242400.000
231600.000
255200.000
256000.000
252000.000
266800.000
272000.000
261200.000
288800.000
258000.000
293600.000
281200.000
266000.000
243200.000
274000.000
285600.000
299600.000
309600.000
307600.000
318000.000
321200.000
309600.000
319600.000
329200.000
330400.000
319600.000
311200.000
356000.000
350000.000
334400.000
316000.000
336800.000
352000.000
352000.000
356000.000
354400.000
348400.000
338800.000
343600.000
398000.000
389200.000
362800.000
373600.000
370800.000
386800.000
372400.000
351200.000
255600.000
243600.000
226000.000
294400.000
306400.000
377200.000
396800.000
425600.000
421200.000
406800.000
423600.000
417200.000
441200.000
458800.000
486800.000
485200.000
438400.000
456000.000
416800.000
388400.000
426000.000
438800.000
430000.000
454800.000
420800.000
470000.000
436000.000
443600.000
453600.000
471600.000
467600.000
486000.000
466800.000
461600.000
449200.000
478400.000
440400.000
486800.000
504800.000
490000.000
472400.000
493200.000
500400.000
465200.000
464000.000
469200.000
458400.000
466000.000
474400.000
476400.000
473200.000
472800.000
419200.000
452000.000
460000.000
443600.000
470400.000
465200.000
460000.000
475200.000
448000.000
494000.000
490000.000
493200.000
516000.000
502400.000
512000.000
457200.000
487200.000
467200.000
453600.000
443200.000
469600.000
463200.000
494800.000
479600.000
456800.000
449200.000
463600.000
466000.000
481200.000
497200.000
503600.000
479600.000
492400.000
459600.000
464000.000
442800.000
446400.000
454800.000
451200.000
449200.000
456400.000
445600.000
468000.000
489600.000
478000.000
500800.000
475600.000
491600.000
469200.000
486800.000
468800.000
504800.000
508000.000
490400.000
503200.000
499200.000
470400.000
501200.000
520000.000
498400.000
510000.000
516800.000
503200.000
530400.000
522000.000
506800.000
487600.000
493600.000
540800.000
562800.000
551600.000
541200.000
535600.000
533200.000
539600.000
522400.000
498400.000
521600.000
506800.000
523200.000
500000.000
497200.000
485200.000
491600.000
502800.000
160800.000
155200.000
139600.000
167600.000
162400.000
156000.000
156800.000
176800.000
186800.000
187200.000
179200.000
222800.000
219200.000
218800.000
217200.000
215600.000
249200.000
253200.000
248800.000
249200.000
308000.000
267200.000
267600.000
297600.000
257600.000
277200.000
272400.000
287600.000
288400.000
300400.000
300000.000
292000.000
254800.000
334800.000
290400.000
326800.000
301600.000
341200.000
310800.000
320400.000
349600.000
334000.000
346000.000
335600.000
326400.000
364800.000
355200.000
350800.000
344400.000
369600.000
352400.000
396000.000
364400.000
346800.000
341600.000
362400.000
373600.000
382000.000
368400.000
351200.000
372800.000
401600.000
373200.000
387600.000
263600.000
234800.000
228400.000
293600.000
324000.000
392800.000
398800.000
392000.000
423200.000
417600.000
427200.000
420800.000
458800.000
447600.000
458400.000
478400.000
460800.000
434000.000
430400.000
434800.000
394400.000
441200.000
461200.000
476400.000
435600.000
452400.000
441600.000
470800.000
450800.000
472800.000
486000.000
502400.000
503200.000
492800.000
500400.000
480800.000
481600.000
487200.000
476400.000
484400.000
465600.000
506400.000
499200.000
480400.000
517200.000
472400.000
494000.000
487200.000
446000.000
467200.000
446000.000
463600.000
468800.000
438000.000
463600.000
466400.000
444400.000
442000.000
476800.000
458400.000
455200.000
476000.000
484400.000
464400.000
512000.000
494800.000
523600.000
500800.000
502000.000
477200.000
466400.000
472400.000
450400.000
459200.000
482000.000
480400.000
473200.000
442400.000
450000.000
460400.000
464000.000
471600.000
516400.000
471200.000
476400.000
511600.000
476800.000
473600.000
460800.000
437600.000
464800.000
448000.000
461200.000
447200.000
440400.000
485200.000
474400.000
490800.000
458400.000
500400.000
470000.000
462000.000
458400.000
494800.000
502000.000
533600.000
500400.000
466000.000
475200.000
476000.000
491200.000
491600.000
502000.000
514000.000
525200.000
560000.000
550000.000
524400.000
540000.000
534400.000
509200.000
550800.000
543600.000
548800.000
558000.000
529200.000
523600.000
515600.000
504800.000
478000.000
506000.000
526800.000
537200.000
519600.000
517600.000
536000.000
522000.000
146400.000
164000.000
172400.000
168800.000
167600.000
171200.000
163600.000
190000.000
203600.000
190000.000
196800.000
215600.000
206800.000
208400.000
216800.000
218000.000
240400.000
252800.000
266400.000
263200.000
271200.000
283200.000
292400.000
289200.000
295600.000
312400.000
309200.000
310800.000
286000.000
313600.000
281600.000
274000.000
315200.000
307600.000
304800.000
310800.000
344000.000
331600.000
321200.000
350800.000
337200.000
340000.000
343600.000
350400.000
361200.000
358800.000
354000.000
385600.000
354800.000
360400.000
347600.000
370000.000
347200.000
342800.000
362800.000
374000.000
374400.000
375200.000
360400.000
350800.000
362800.000
375600.000
381200.000
335600.000
310800.000
232800.000
264000.000
270800.000
346800.000
409200.000
380400.000
397600.000
389600.000
405200.000
403600.000
438400.000
448800.000
446800.000
439200.000
453600.000
432400.000
437200.000
456000.000
419200.000
431600.000
434000.000
470400.000
479200.000
494000.000
451200.000
459200.000
449600.000
435600.000
478000.000
482400.000
492800.000
510800.000
454000.000
463200.000
494000.000
469600.000
474400.000
457600.000
473200.000
463600.000
469600.000
475200.000
476000.000
488000.000
496000.000
500000.000
472400.000
450000.000
471600.000
460400.000
485600.000
446000.000
445600.000
430400.000
434800.000
432000.000
451600.000
445200.000
461200.000
464400.000
476800.000
494800.000
474000.000
483600.000
495200.000
514400.000
492400.000
519200.000
502800.000
502800.000
493600.000
466800.000
464800.000
476000.000
472400.000
463600.000
454800.000
460800.000
455600.000
453200.000
483200.000
509200.000
488800.000
473600.000
491600.000
490400.000
452800.000
455600.000
462000.000
471200.000
422800.000
440400.000
426800.000
448800.000
443200.000
476800.000
463200.000
465200.000
472800.000
473200.000
480800.000
508400.000
494400.000
488400.000
497200.000
504800.000
494000.000
486000.000
467200.000
498400.000
520800.000
502800.000
520000.000
515200.000
538000.000
524800.000
554000.000
566000.000
519200.000
518000.000
522000.000
520800.000
534800.000
550400.000
550000.000
530400.000
513200.000
527200.000
504800.000
531600.000
546400.000
533600.000
536000.000
551200.000
529600.000
522000.000
152400.000
159600.000
171200.000
158400.000
167200.000
173200.000
180000.000
184000.000
196800.000
188400.000
199200.000
205600.000
216400.000
203600.000
216400.000
222800.000
247200.000
242000.000
253600.000
240800.000
274400.000
277200.000
312000.000
276800.000
295600.000
292400.000
272800.000
304000.000
305600.000
282800.000
277600.000
306800.000
303200.000
326000.000
286800.000
294000.000
340400.000
306000.000
338400.000
326800.000
322000.000
349200.000
354000.000
339600.000
366800.000
347600.000
344000.000
346000.000
342000.000
352400.000
362000.000
368400.000
377600.000
356000.000
378800.000
370000.000
358800.000
351600.000
351600.000
356800.000
366800.000
360800.000
366800.000
346800.000
279600.000
271600.000
253200.000
308400.000
358400.000
409600.000
394400.000
405600.000
403200.000
408400.000
413200.000
415200.000
431600.000
448000.000
438800.000
452800.000
443200.000
442800.000
415600.000
432400.000
430000.000
430000.000
439600.000
447200.000
498400.000
460800.000
470400.000
442000.000
457600.000
460800.000
452000.000
473600.000
445600.000
468400.000
470000.000
467600.000
465200.000
476000.000
492800.000
504800.000
472000.000
481200.000
512000.000
458000.000
468000.000
480000.000
460400.000
457600.000
477600.000
445200.000
462000.000
473600.000
431600.000
480800.000
450800.000
465200.000
451200.000
454000.000
471200.000
477200.000
466400.000
500000.000
474800.000
474000.000
465200.000
496000.000
512400.000
518800.000
491600.000
502400.000
476400.000
455200.000
493600.000
472400.000
482400.000
478800.000
478400.000
460400.000
469600.000
492800.000
492400.000
504000.000
486800.000
490000.000
499600.000
484400.000
468800.000
478800.000
453600.000
480400.000
466400.000
472400.000
468000.000
429200.000
427600.000
468000.000
470800.000
458000.000
449600.000
448400.000
463200.000
485200.000
477200.000
494400.000
516800.000
515200.000
480400.000
471200.000
481600.000
499600.000
490000.000
510000.000
545600.000
519200.000
506800.000
537200.000
535200.000
520400.000
513200.000
494800.000
524800.000
528000.000
542800.000
556000.000
567600.000
542000.000
517200.000
521200.000
515600.000
512800.000
520400.000
543600.000
550400.000
537600.000
520800.000
532400.000
528800.000
164800.000
153600.000
160000.000
164800.000
182000.000
191200.000
191200.000
197200.000
183600.000
206800.000
224400.000
217200.000
193600.000
217200.000
210800.000
226000.000
255600.000
244000.000
254000.000
258400.000
273600.000
274000.000
276800.000
270800.000
289200.000
297200.000
306400.000
307600.000
294800.000
309200.000
287200.000
285200.000
308800.000
310800.000
312800.000
313600.000
328400.000
335200.000
334800.000
349200.000
350800.000
343600.000
342800.000
360000.000
371600.000
387200.000
367600.000
347200.000
362800.000
364400.000
382800.000
374400.000
388800.000
368000.000
391600.000
365200.000
385200.000
361200.000
361200.000
368000.000
398000.000
379200.000
388400.000
339600.000
309200.000
264400.000
258000.000
281600.000
369600.000
392000.000
414400.000
422000.000
420800.000
427200.000
447200.000
386000.000
424000.000
426000.000
414800.000
446400.000
459200.000
413600.000
425600.000
424800.000
427600.000
436400.000
459200.000
468000.000
466800.000
459200.000
456400.000
463200.000
458000.000
471200.000
468400.000
475200.000
492000.000
494000.000
472400.000
493200.000
496800.000
476400.000
488000.000
478000.000
503200.000
493200.000
515200.000
492400.000
503200.000
490000.000
474400.000
456400.000
480800.000
462400.000
461600.000
464000.000
489600.000
482400.000
477600.000
442800.000
443600.000
454400.000
462800.000
462400.000
470400.000
499200.000
448000.000
471600.000
459200.000
478400.000
494000.000
509600.000
494800.000
509600.000
519600.000
521600.000
542800.000
496000.000
498000.000
472800.000
491600.000
474000.000
468800.000
458800.000
491200.000
466400.000
499600.000
501200.000
507600.000
519200.000
484800.000
508000.000
496800.000
524000.000
480400.000
458400.000
495600.000
495200.000
503600.000
442000.000
458800.000
477200.000
471600.000
465600.000
454000.000
480400.000
523200.000
492000.000
507200.000
483600.000
486000.000
484400.000
482800.000
460400.000
482400.000
506800.000
502000.000
512400.000
529200.000
512400.000
500400.000
530400.000
508800.000
510400.000
523200.000
539200.000
573200.000
554000.000
560000.000
564000.000
561600.000
521200.000
524800.000
521600.000
545200.000
541200.000
560400.000
518800.000
562000.000
543200.000
527200.000
186000.000
173600.000
193200.000
179200.000
181200.000
195600.000
196000.000
222400.000
222400.000
228800.000
221600.000
225200.000
221600.000
230000.000
257600.000
226800.000
250800.000
252000.000
249600.000
256000.000
282000.000
284400.000
293200.000
286800.000
322800.000
303200.000
314000.000
341200.000
318000.000
306000.000
321200.000
313200.000
322400.000
346000.000
355600.000
361200.000
351600.000
367200.000
367600.000
369600.000
374800.000
378800.000
350800.000
370800.000
373600.000
378000.000
388800.000
354000.000
382400.000
377200.000
370400.000
384000.000
410800.000
386800.000
382800.000
384000.000
376000.000
371200.000
350800.000
373200.000
354000.000
411600.000
384400.000
357600.000
310000.000
264000.000
272000.000
282400.000
340400.000
362400.000
408000.000
427600.000
416000.000
416000.000
427600.000
415200.000
420400.000
416000.000
419200.000
433200.000
446800.000
408000.000
442800.000
410000.000
396800.000
435600.000
434400.000
458400.000
446000.000
462400.000
459200.000
475600.000
453200.000
471200.000
466400.000
471200.000
464800.000
487600.000
500400.000
492000.000
512000.000
482800.000
492400.000
492000.000
490400.000
481600.000
491600.000
491600.000
463600.000
463600.000
481600.000
447600.000
476800.000
484000.000
488400.000
463600.000
494000.000
483200.000
447600.000
480000.000
455600.000
465200.000
512400.000
499600.000
480000.000
470000.000
462400.000
460400.000
442400.000
470800.000
463600.000
482000.000
494000.000
503600.000
501600.000
500800.000
501200.000
502000.000
484000.000
497200.000
474400.000
510000.000
527600.000
488000.000
497600.000
530800.000
474000.000
525600.000
500800.000
533200.000
470400.000
506400.000
466400.000
494000.000
502400.000
473200.000
502800.000
501600.000
466000.000
499200.000
484400.000
479200.000
429200.000
474000.000
454000.000
464800.000
474000.000
476800.000
499200.000
468000.000
450800.000
431200.000
452800.000
465200.000
499200.000
508000.000
506800.000
466800.000
503200.000
489600.000
484400.000
493200.000
501600.000
486800.000
519600.000
497200.000
528400.000
551200.000
526000.000
528800.000
536000.000
510800.000
489600.000
513600.000
523200.000
569600.000
578000.000
518400.000
547200.000
556800.000
530000.000
178000.000
188800.000
172800.000
185600.000
191200.000
192800.000
201600.000
224400.000
227200.000
217200.000
237600.000
218400.000
234800.000
242400.000
231200.000
260000.000
246800.000
242800.000
276800.000
282000.000
270400.000
306000.000
277600.000
297600.000
335200.000
306000.000
341600.000
336400.000
308000.000
308400.000
299200.000
307600.000
346800.000
350400.000
342000.000
374000.000
334800.000
350800.000
352800.000
362400.000
375600.000
367600.000
342800.000
366400.000
388800.000
390800.000
362400.000
366400.000
379200.000
398400.000
369200.000
412400.000
371200.000
404400.000
387600.000
403200.000
376800.000
380000.000
378800.000
380800.000
386800.000
393200.000
411600.000
365600.000
351200.000
259200.000
266000.000
255200.000
358400.000
346400.000
402400.000
415600.000
403200.000
413600.000
405200.000
388800.000
444400.000
442400.000
417600.000
454800.000
419200.000
423200.000
419600.000
407600.000
402000.000
423200.000
419200.000
440400.000
438400.000
437200.000
432000.000
443600.000
428800.000
466000.000
476800.000
464000.000
458400.000
456400.000
492400.000
476000.000
500400.000
508800.000
494800.000
497600.000
490800.000
487600.000
496800.000
481600.000
471600.000
479600.000
465200.000
459600.000
436000.000
481200.000
478400.000
495200.000
521600.000
512800.000
466000.000
499600.000
490800.000
496000.000
519200.000
504800.000
484000.000
466800.000
478800.000
448800.000
451200.000
487200.000
501200.000
486000.000
524000.000
505200.000
528000.000
540000.000
509600.000
512800.000
486000.000
507200.000
482000.000
491200.000
518400.000
478000.000
501600.000
488400.000
507200.000
520000.000
520000.000
480400.000
484400.000
495200.000
503200.000
476000.000
463600.000
479200.000
515200.000
499200.000
471200.000
473200.000
485600.000
471200.000
450000.000
456000.000
474800.000
479600.000
488800.000
471200.000
477600.000
477600.000
439200.000
436400.000
472000.000
501200.000
483200.000
466400.000
491600.000
523200.000
507200.000
489200.000
506000.000
497200.000
500000.000
456800.000
479200.000
530800.000
509200.000
520400.000
512000.000
510800.000
522400.000
503200.000
530000.000
552400.000
511600.000
511200.000
558000.000
546400.000
554400.000
549600.000
568800.000
190800.000
208400.000
196000.000
209600.000
196400.000
213200.000
224800.000
219600.000
228800.000
233200.000
238400.000
238000.000
246000.000
245200.000
248800.000
251600.000
247200.000
273200.000
295200.000
293200.000
256400.000
307600.000
307200.000
313200.000
322400.000
332400.000
341600.000
336400.000
319200.000
320000.000
306400.000
327200.000
357600.000
340000.000
356800.000
376000.000
396000.000
372400.000
404400.000
387200.000
367600.000
376000.000
366400.000
382800.000
395200.000
404400.000
388800.000
393600.000
401200.000
390000.000
396400.000
409200.000
415200.000
390000.000
391600.000
397600.000
362000.000
391600.000
384000.000
409600.000
411600.000
419200.000
416400.000
381600.000
346000.000
260800.000
228000.000
279200.000
368400.000
388400.000
404000.000
420400.000
438400.000
428400.000
431600.000
437200.000
460400.000
438800.000
435200.000
449200.000
437200.000
440800.000
421600.000
401600.000
427200.000
449600.000
449200.000
425200.000
423600.000
475200.000
444400.000
432000.000
456800.000
480400.000
451200.000
439600.000
463200.000
464400.000
476000.000
496800.000
502800.000
521200.000
530000.000
488000.000
471600.000
498400.000
500400.000
473200.000
476800.000
444400.000
484000.000
449200.000
474400.000
498000.000
488800.000
544000.000
514400.000
514000.000
504000.000
486000.000
508000.000
512000.000
491200.000
502800.000
507200.000
479600.000
458000.000
472000.000
451200.000
494400.000
514400.000
502000.000
528000.000
480800.000
529600.000
527200.000
523200.000
526000.000
485600.000
498400.000
492000.000
495600.000
507200.000
498800.000
506400.000
511600.000
527600.000
546800.000
509200.000
530800.000
497200.000
527600.000
494000.000
468400.000
490800.000
488800.000
514000.000
500400.000
469600.000
485200.000
494400.000
490000.000
512000.000
485600.000
481600.000
461200.000
468000.000
472800.000
466000.000
472000.000
448400.000
469200.000
453600.000
447200.000
526000.000
506000.000
480000.000
462000.000
519600.000
473600.000
499200.000
487200.000
528400.000
507600.000
487200.000
475200.000
493200.000
535600.000
542800.000
528400.000
490400.000
523600.000
506800.000
532800.000
572000.000
524800.000
543200.000
555600.000
554400.000
534000.000
550000.000
182800.000
180400.000
214000.000
209600.000
231200.000
237200.000
236400.000
237200.000
238800.000
235600.000
281200.000
259600.000
286400.000
268800.000
283600.000
294800.000
287200.000
282800.000
289200.000
287600.000
302800.000
318400.000
320000.000
348000.000
357600.000
336000.000
361600.000
345600.000
349200.000
362000.000
346800.000
344800.000
340400.000
335200.000
381600.000
376400.000
342800.000
374800.000
362400.000
358000.000
360000.000
367600.000
374000.000
378400.000
382000.000
425200.000
426400.000
397200.000
424800.000
404000.000
399600.000
378800.000
431600.000
414000.000
389600.000
360800.000
400800.000
390800.000
406400.000
375200.000
407200.000
397200.000
384800.000
366000.000
360800.000
290000.000
252800.000
247600.000
355200.000
367200.000
381600.000
401600.000
411200.000
401200.000
386400.000
426000.000
407200.000
448400.000
415600.000
450000.000
435200.000
428000.000
444000.000
435600.000
435200.000
434000.000
428800.000
439200.000
444000.000
455600.000
446400.000
448800.000
442800.000
471200.000
447200.000
444800.000
451200.000
466800.000
468800.000
491200.000
493600.000
470000.000
482800.000
487200.000
479200.000
504000.000
480800.000
486400.000
464400.000
457200.000
477200.000
457200.000
451200.000
483600.000
468800.000
509200.000
510000.000
502400.000
486000.000
470800.000
472400.000
492000.000
466400.000
502000.000
479600.000
473600.000
474800.000
486800.000
497600.000
524800.000
537200.000
508400.000
536000.000
510800.000
507600.000
512400.000
521200.000
505200.000
515200.000
491200.000
474400.000
474000.000
483200.000
493600.000
492400.000
500000.000
536400.000
534800.000
541200.000
519600.000
520000.000
527600.000
512800.000
492000.000
524400.000
471200.000
464000.000
476400.000
479200.000
486800.000
485200.000
485600.000
476800.000
461200.000
479600.000
467600.000
458800.000
426800.000
497200.000
454000.000
462400.000
465600.000
495200.000
493200.000
499600.000
506400.000
492400.000
497200.000
465200.000
461600.000
497600.000
470800.000
485600.000
496400.000
466800.000
527600.000
511200.000
512000.000
534000.000
544800.000
520000.000
529600.000
501200.000
516000.000
536800.000
518400.000
544400.000
537200.000
538400.000
529200.000
524400.000
196800.000
202000.000
208400.000
222000.000
214800.000
256800.000
248000.000
248800.000
244400.000
263600.000
243200.000
270000.000
272400.000
282800.000
275200.000
290000.000
308000.000
302000.000
293600.000
305200.000
314000.000
309200.000
328800.000
325200.000
342800.000
366400.000
368000.000
339200.000
380400.000
348400.000
364400.000
366800.000
346000.000
362800.000
390400.000
356000.000
361200.000
369200.000
358800.000
350800.000
364000.000
374400.000
384400.000
392000.000
415200.000
430800.000
424000.000
427200.000
398800.000
401200.000
393600.000
390400.000
379600.000
403200.000
364400.000
381600.000
416800.000
404400.000
390400.000
397600.000
392400.000
392000.000
400800.000
415200.000
337200.000
288400.000
275200.000
275200.000
306000.000
327600.000
374800.000
388000.000
407600.000
422400.000
400400.000
412000.000
423200.000
412000.000
471200.000
434400.000
436400.000
443200.000
408400.000
424000.000
436400.000
437200.000
440800.000
452800.000
459200.000
446800.000
464800.000
432000.000
426000.000
463200.000
462800.000
498000.000
451600.000
492000.000
477600.000
462800.000
497600.000
494800.000
493200.000
468400.000
464000.000
481200.000
472400.000
459200.000
466000.000
479200.000
503200.000
470400.000
464000.000
481600.000
486800.000
481600.000
526000.000
475600.000
488000.000
498000.000
477600.000
477600.000
494800.000
481200.000
467200.000
480000.000
480400.000
460400.000
495200.000
493600.000
513200.000
498000.000
507200.000
520800.000
543200.000
510400.000
522000.000
492000.000
490800.000
522800.000
507200.000
488800.000
478400.000
482000.000
501600.000
497600.000
525600.000
519200.000
496400.000
527600.000
496800.000
496400.000
496800.000
502000.000
498000.000
480800.000
460800.000
475200.000
452800.000
456400.000
485600.000
468800.000
458400.000
482800.000
460400.000
468400.000
441600.000
450800.000
448400.000
466000.000
445600.000
454400.000
452800.000
501600.000
497200.000
508400.000
488000.000
478000.000
487200.000
490800.000
482000.000
509200.000
529200.000
534400.000
541600.000
542000.000
527200.000
546000.000
561600.000
514800.000
512000.000
500400.000
518400.000
520400.000
537200.000
559600.000
526000.000
515600.000
562800.000
537600.000
524400.000
201200.000
213200.000
218400.000
212800.000
220400.000
252400.000
242400.000
255600.000
259600.000
250800.000
255600.000
276400.000
274400.000
292000.000
288000.000
279200.000
293600.000
288800.000
300400.000
327200.000
315200.000
309200.000
313200.000
314800.000
320400.000
346400.000
350000.000
345200.000
359200.000
348800.000
346400.000
364800.000
349600.000
380800.000
387200.000
376000.000
372800.000
376000.000
363200.000
344000.000
356000.000
360800.000
376000.000
395600.000
429200.000
429200.000
451200.000
443600.000
423600.000
417600.000
419600.000
387600.000
372000.000
405200.000
404000.000
396000.000
392800.000
381600.000
418400.000
410000.000
394400.000
411600.000
394400.000
391600.000
362000.000
334400.000
261200.000
276400.000
289600.000
338800.000
369600.000
381200.000
398400.000
446400.000
435200.000
424800.000
419200.000
404800.000
450000.000
440000.000
425200.000
446400.000
452400.000
398400.000
432000.000
444800.000
427200.000
458800.000
457600.000
465600.000
462400.000
482000.000
478800.000
462800.000
468800.000
465600.000
458000.000
494400.000
499200.000
460000.000
473600.000
470000.000
466400.000
458800.000
456400.000
474000.000
471200.000
467600.000
457200.000
476800.000
460400.000
497600.000
514400.000
480000.000
492800.000
480800.000
508800.000
488400.000
484800.000
482000.000
484400.000
471600.000
486000.000
451200.000
470800.000
442000.000
482400.000
436000.000
495600.000
490400.000
500800.000
523600.000
509600.000
538000.000
515200.000
482800.000
504400.000
520000.000
492800.000
496400.000
506800.000
479600.000
475600.000
486400.000
473200.000
484800.000
498800.000
490000.000
544000.000
504000.000
489200.000
508800.000
502800.000
509600.000
508800.000
490000.000
428800.000
461600.000
456000.000
462800.000
465200.000
496400.000
468400.000
443200.000
469600.000
450400.000
449600.000
469600.000
449600.000
457200.000
466000.000
464000.000
471600.000
474800.000
464800.000
495600.000
477200.000
478400.000
491200.000
507600.000
489600.000
537200.000
515200.000
504400.000
504400.000
542000.000
556000.000
535600.000
530800.000
539600.000
496000.000
506400.000
524000.000
517600.000
515200.000
510400.000
524400.000
530000.000
550000.000
560400.000
575200.000
219200.000
246400.000
211600.000
226000.000
221200.000
239200.000
237200.000
274000.000
251200.000
256800.000
272400.000
278000.000
272800.000
308400.000
296400.000
318000.000
265600.000
306800.000
346800.000
319200.000
310800.000
332800.000
326000.000
350000.000
348000.000
347200.000
389200.000
362800.000
397200.000
360800.000
368000.000
366800.000
364400.000
381200.000
421200.000
394000.000
380000.000
370000.000
331200.000
374800.000
383200.000
409600.000
413200.000
438000.000
415200.000
456000.000
479200.000
430400.000
401200.000
404800.000
413200.000
418800.000
419600.000
403200.000
408800.000
396400.000
396000.000
411200.000
388000.000
393200.000
407600.000
432000.000
386000.000
406000.000
359600.000
296000.000
274000.000
259200.000
335600.000
343200.000
393600.000
396000.000
403600.000
416400.000
415200.000
405200.000
436000.000
414800.000
431600.000
445600.000
439600.000
434000.000
460400.000
395200.000
399600.000
431600.000
434000.000
439200.000
456800.000
447600.000
455200.000
462000.000
459200.000
458800.000
464000.000
456400.000
453600.000
467200.000
476000.000
470400.000
488400.000
446400.000
473200.000
460400.000
463200.000
461600.000
497600.000
492400.000
479600.000
466400.000
493600.000
461600.000
503600.000
510800.000
511200.000
488000.000
480800.000
464800.000
499600.000
488400.000
499600.000
517600.000
474000.000
464400.000
450400.000
451200.000
449200.000
448400.000
470800.000
494800.000
509200.000
511600.000
498400.000
487200.000
523600.000
501600.000
527600.000
506400.000
510000.000
508400.000
504000.000
489600.000
504800.000
505200.000
502400.000
512800.000
520400.000
519200.000
477600.000
478800.000
474000.000
486400.000
511200.000
485200.000
485600.000
482000.000
468800.000
464000.000
430000.000
450800.000
472400.000
462400.000
474800.000
473200.000
441600.000
436400.000
452800.000
438800.000
476400.000
473600.000
464400.000
456800.000
466000.000
485200.000
472400.000
500800.000
485600.000
492400.000
460800.000
482000.000
514800.000
514800.000
534400.000
528800.000
503600.000
511600.000
540800.000
521200.000
513600.000
530800.000
488000.000
516000.000
519600.000
525200.000
524400.000
524000.000
511200.000
548400.000
556400.000
562800.000
575200.000
216000.000
232800.000
228400.000
237600.000
217600.000
256400.000
258400.000
288000.000
263600.000
245600.000
285600.000
264400.000
282400.000
305200.000
302000.000
332000.000
298000.000
305200.000
282800.000
322800.000
306400.000
320400.000
344800.000
342000.000
357600.000
346400.000
359200.000
382400.000
389200.000
375200.000
407600.000
374400.000
387600.000
410400.000
393200.000
398800.000
370000.000
371600.000
359200.000
362800.000
402800.000
403600.000
413600.000
426400.000
447600.000
450400.000
471200.000
476800.000
433200.000
401200.000
384800.000
401600.000
412800.000
436400.000
411200.000
441200.000
405600.000
404000.000
416000.000
381600.000
413600.000
415200.000
430400.000
403200.000
364000.000
350000.000
271600.000
268000.000
311600.000
376000.000
378400.000
374400.000
394800.000
396000.000
412400.000
414000.000
404400.000
438400.000
441600.000
436800.000
454800.000
459200.000
427200.000
390000.000
394400.000
430800.000
466000.000
446400.000
457600.000
446400.000
464000.000
465600.000
449200.000
477600.000
476000.000
428800.000
441600.000
457600.000
469600.000
438400.000
460400.000
449600.000
442800.000
484400.000
472000.000
466800.000
477200.000
470000.000
470800.000
504000.000
468000.000
500400.000
501600.000
507600.000
475600.000
498800.000
477600.000
502000.000
474800.000
477200.000
530000.000
490400.000
493200.000
503200.000
463200.000
446400.000
419600.000
459200.000
460000.000
480400.000
498400.000
502800.000
478400.000
501200.000
486000.000
495200.000
500400.000
520800.000
493600.000
534400.000
515200.000
464400.000
486800.000
456800.000
510000.000
518400.000
504400.000
526000.000
506400.000
487200.000
500400.000
478400.000
467600.000
499600.000
478400.000
471200.000
487600.000
460400.000
463600.000
448000.000
431600.000
450800.000
478000.000
464800.000
458000.000
460000.000
457200.000
432800.000
431600.000
435200.000
473200.000
452400.000
477600.000
472000.000
508800.000
503600.000
475600.000
489600.000
506800.000
520000.000
516400.000
528400.000
484800.000
513600.000
506000.000
491600.000
498400.000
526400.000
508400.000
479600.000
505200.000
523600.000
503600.000
562400.000
506400.000
514000.000
538000.000
546400.000
561600.000
534400.000
548000.000
232400.000
245200.000
229600.000
240000.000
254000.000
252000.000
258400.000
251200.000
262000.000
275600.000
297200.000
282000.000
290000.000
312000.000
300000.000
330000.000
301600.000
288800.000
311600.000
341600.000
326800.000
344400.000
326400.000
333600.000
364000.000
321600.000
367600.000
375600.000
384800.000
372000.000
391200.000
372400.000
401600.000
392800.000
384800.000
404000.000
378400.000
371200.000
356000.000
376400.000
384800.000
421600.000
380000.000
437600.000
400800.000
440400.000
459600.000
461200.000
442000.000
420800.000
430000.000
411600.000
440000.000
432800.000
422800.000
447600.000
419600.000
444000.000
408800.000
402400.000
418400.000
397600.000
398000.000
405200.000
385200.000
327600.000
261200.000
257600.000
314400.000
340000.000
378800.000
409600.000
397200.000
418400.000
422800.000
461200.000
444000.000
424000.000
412400.000
438000.000
447200.000
448400.000
436800.000
422000.000
420800.000
418800.000
426800.000
441200.000
455600.000
458800.000
457600.000
493600.000
466400.000
460000.000
472800.000
440400.000
435600.000
426000.000
458800.000
467600.000
450400.000
475600.000
475200.000
438000.000
480800.000
459600.000
448800.000
458000.000
443200.000
468000.000
502800.000
472000.000
483200.000
497200.000
502400.000
490000.000
498800.000
471200.000
482800.000
480400.000
508400.000
487200.000
499600.000
479200.000
463200.000
456000.000
444400.000
454400.000
460000.000
518400.000
513600.000
496400.000
506400.000
513600.000
474800.000
493200.000
485200.000
509600.000
495200.000
494400.000
516400.000
502800.000
476800.000
464400.000
527600.000
510000.000
529200.000
526800.000
538800.000
480000.000
519600.000
493600.000
482400.000
492400.000
461600.000
460400.000
478000.000
438000.000
440800.000
459200.000
479600.000
456000.000
469600.000
472800.000
476400.000
442400.000
441600.000
466000.000
452400.000
464000.000
484400.000
464000.000
490400.000
484000.000
480800.000
503200.000
487600.000
510400.000
503200.000
488000.000
502800.000
482000.000
498800.000
508800.000
534000.000
499600.000
528000.000
526000.000
509200.000
505600.000
497200.000
483600.000
526400.000
522800.000
524400.000
503600.000
500400.000
550000.000
526000.000
589600.000
528000.000
244800.000
244000.000
252000.000
267200.000
254400.000
269600.000
248800.000
245200.000
279200.000
260400.000
299200.000
301600.000
311200.000
321600.000
316400.000
295200.000
330400.000
307600.000
314400.000
371600.000
356000.000
332800.000
331200.000
334800.000
341600.000
353200.000
350800.000
381600.000
395200.000
359200.000
409200.000
392400.000
377200.000
398400.000
385200.000
398800.000
401600.000
382000.000
381200.000
414400.000
386400.000
434000.000
426800.000
429200.000
416000.000
424400.000
441200.000
448800.000
451600.000
411200.000
411600.000
450800.000
442400.000
424400.000
422800.000
432400.000
455200.000
450800.000
454000.000
408400.000
436400.000
436000.000
418400.000
404000.000
363600.000
367600.000
267200.000
259600.000
302400.000
375200.000
403600.000
404800.000
378000.000
398000.000
394000.000
438000.000
411600.000
414800.000
416800.000
434400.000
432800.000
438800.000
401200.000
425200.000
399600.000
414400.000
423600.000
454000.000
423200.000
456000.000
446800.000
468800.000
435600.000
463600.000
470000.000
464400.000
428400.000
465200.000
442000.000
458400.000
467600.000
489600.000
474800.000
457600.000
462800.000
452400.000
467600.000
440000.000
466000.000
452000.000
462400.000
469200.000
490000.000
478000.000
478800.000
498800.000
456800.000
454400.000
475200.000
481200.000
504800.000
490800.000
496000.000
475600.000
458400.000
449600.000
458400.000
465600.000
510000.000
493600.000
515200.000
512800.000
523200.000
522800.000
510800.000
512000.000
496400.000
480000.000
501600.000
498800.000
504400.000
482400.000
486000.000
490800.000
497600.000
515200.000
499600.000
498000.000
504400.000
514800.000
507200.000
508400.000
499200.000
466000.000
479200.000
462000.000
471600.000
462800.000
464400.000
494000.000
467200.000
492400.000
475200.000
482400.000
473600.000
466800.000
446800.000
485600.000
470000.000
498000.000
485200.000
478000.000
488400.000
450400.000
485600.000
488000.000
530800.000
499600.000
478800.000
482800.000
488000.000
487600.000
506000.000
504400.000
485600.000
493200.000
501200.000
498400.000
504800.000
498000.000
511200.000
504400.000
489600.000
509200.000
497200.000
516000.000
528400.000
558800.000
548400.000
524000.000
524400.000
242400.000
258800.000
231600.000
265600.000
252000.000
251600.000
274400.000
275200.000
269200.000
293600.000
264400.000
302400.000
319600.000
312000.000
318800.000
308000.000
302400.000
312400.000
347600.000
350000.000
371600.000
380400.000
350800.000
360800.000
315600.000
347200.000
415200.000
407600.000
378400.000
378000.000
361200.000
396400.000
386400.000
388000.000
389600.000
413200.000
391200.000
392400.000
414000.000
434400.000
437600.000
437200.000
414800.000
428400.000
423600.000
437600.000
447600.000
420800.000
439600.000
435200.000
440400.000
446000.000
447600.000
449600.000
425200.000
413200.000
439600.000
451600.000
436400.000
434800.000
442000.000
424800.000
407200.000
382000.000
374400.000
333600.000
298400.000
272400.000
285200.000
314400.000
396800.000
414400.000
390800.000
382000.000
394400.000
423600.000
414000.000
405200.000
436400.000
381200.000
414800.000
420000.000
422400.000
398000.000
423600.000
424800.000
402400.000
432400.000
431600.000
428800.000
447600.000
469200.000
492800.000
480000.000
474400.000
475600.000
455600.000
432400.000
465600.000
471600.000
446000.000
485600.000
448000.000
432000.000
468000.000
445200.000
424400.000
427200.000
466400.000
462800.000
472400.000
502800.000
474800.000
473200.000
496800.000
494400.000
496000.000
463600.000
464800.000
455200.000
483600.000
476400.000
461200.000
470800.000
460800.000
472400.000
473600.000
476400.000
498000.000
508000.000
462800.000
507600.000
533200.000
529600.000
507200.000
528400.000
536000.000
507600.000
500000.000
512000.000
486400.000
484000.000
463200.000
486000.000
476000.000
499600.000
506000.000
501200.000
508800.000
511200.000
535600.000
501200.000
484400.000
486400.000
485200.000
474800.000
454800.000
503600.000
477600.000
492800.000
477200.000
480000.000
508800.000
480800.000
480400.000
472800.000
454800.000
470000.000
467200.000
467200.000
471600.000
494800.000
485200.000
451600.000
507600.000
468400.000
496800.000
509200.000
497200.000
495200.000
453600.000
466800.000
484400.000
522800.000
500800.000
514400.000
506400.000
492800.000
497600.000
532400.000
526000.000
497200.000
531200.000
524400.000
490400.000
522800.000
541200.000
529600.000
517600.000
508000.000
512400.000
276000.000
249200.000
272400.000
251200.000
284000.000
268400.000
259600.000
252400.000
286000.000
272400.000
300800.000
346800.000
326800.000
336800.000
343200.000
350400.000
352000.000
362800.000
356400.000
391600.000
368000.000
378800.000
370000.000
370000.000
386800.000
402800.000
366000.000
407200.000
387600.000
394800.000
388800.000
397200.000
444000.000
440800.000
430000.000
416800.000
399200.000
410800.000
408400.000
438000.000
420400.000
411200.000
418400.000
420400.000
440800.000
434400.000
445600.000
430800.000
407600.000
448800.000
472000.000
449200.000
470000.000
461600.000
438400.000
459600.000
451200.000
427200.000
436000.000
451600.000
439600.000
419600.000
438000.000
423200.000
394400.000
354000.000
290000.000
262000.000
271600.000
344400.000
358000.000
386400.000
401600.000
370800.000
391600.000
422800.000
406800.000
408400.000
392400.000
425600.000
430400.000
436400.000
407600.000
436800.000
434000.000
448800.000
446400.000
448400.000
448400.000
448800.000
474000.000
465600.000
466800.000
499200.000
462000.000
472400.000
454000.000
479600.000
440800.000
436000.000
450800.000
460400.000
466400.000
460800.000
463200.000
444400.000
447600.000
468000.000
460000.000
465600.000
450800.000
470400.000
473200.000
526800.000
513600.000
491600.000
494400.000
456800.000
456400.000
470000.000
481600.000
477200.000
476800.000
494000.000
460800.000
496400.000
499200.000
500400.000
522000.000
519600.000
515600.000
519600.000
514000.000
524800.000
517600.000
524000.000
518400.000
542800.000
496800.000
508400.000
479600.000
479200.000
488400.000
476000.000
499200.000
510000.000
512400.000
509600.000
538800.000
510800.000
520400.000
518800.000
508400.000
479600.000
473200.000
478000.000
482000.000
484000.000
460000.000
497200.000
466000.000
498000.000
462000.000
497200.000
472800.000
454800.000
456400.000
489600.000
492400.000
508000.000
530800.000
507200.000
494800.000
490800.000
497600.000
498400.000
507200.000
502000.000
504000.000
485600.000
496000.000
498400.000
468000.000
491200.000
490800.000
528400.000
539600.000
536000.000
521200.000
471200.000
490000.000
517200.000
489200.000
494400.000
486800.000
498000.000
524400.000
502400.000
529600.000
515600.000
500800.000
266400.000
258400.000
252800.000
278800.000
284400.000
283600.000
264800.000
257200.000
279600.000
299200.000
319600.000
334400.000
319600.000
357600.000
329600.000
353600.000
364800.000
363200.000
353200.000
388800.000
404800.000
378400.000
376000.000
372800.000
414000.000
408000.000
392800.000
396400.000
383600.000
372000.000
399200.000
375600.000
411600.000
461200.000
418400.000
420400.000
398000.000
406000.000
452800.000
426400.000
431200.000
452000.000
444400.000
398400.000
424800.000
421600.000
455200.000
426400.000
442000.000
452800.000
452000.000
478000.000
446800.000
448000.000
460800.000
454400.000
454400.000
443600.000
451600.000
446800.000
465200.000
468000.000
444000.000
382000.000
385200.000
366800.000
289600.000
274400.000
285600.000
375600.000
387600.000
418000.000
419600.000
410000.000
392000.000
413200.000
403600.000
398800.000
424400.000
433200.000
422400.000
428400.000
462000.000
482400.000
456400.000
459600.000
465200.000
460800.000
469200.000
429200.000
474400.000
474800.000
469200.000
469200.000
477600.000
454400.000
481600.000
454400.000
440000.000
480000.000
520000.000
483600.000
474800.000
474800.000
477200.000
478000.000
478000.000
465200.000
510800.000
512000.000
490000.000
482000.000
478000.000
492800.000
506400.000
472000.000
489600.000
529600.000
495200.000
516400.000
516400.000
504800.000
496400.000
496800.000
510400.000
508400.000
512400.000
494000.000
520400.000
532800.000
510400.000
538800.000
506400.000
520000.000
523200.000
529200.000
513600.000
520800.000
502800.000
538400.000
526400.000
541200.000
534400.000
482800.000
511600.000
490800.000
500000.000
519600.000
484800.000
504400.000
540800.000
525600.000
526000.000
506400.000
483600.000
494400.000
512000.000
516400.000
518000.000
509200.000
509600.000
524800.000
511200.000
486800.000
498000.000
480800.000
496800.000
510800.000
526800.000
531200.000
499200.000
519200.000
510800.000
540400.000
519600.000
518000.000
498400.000
536800.000
518000.000
510800.000
512000.000
516800.000
486800.000
501600.000
514400.000
508000.000
536400.000
507600.000
538400.000
528000.000
532000.000
519600.000
499200.000
488800.000
511600.000
539200.000
573200.000
523200.000
532000.000
502800.000
526000.000
257600.000
279200.000
268400.000
272400.000
256000.000
266800.000
272400.000
298400.000
284400.000
320800.000
322400.000
315600.000
324800.000
354800.000
342800.000
364400.000
371200.000
380800.000
382000.000
360000.000
362000.000
369200.000
384800.000
368800.000
380000.000
356400.000
372400.000
410400.000
375600.000
427600.000
394000.000
437200.000
437200.000
453200.000
418400.000
401600.000
386400.000
414800.000
434800.000
427600.000
449600.000
448000.000
447200.000
457600.000
439200.000
420400.000
404800.000
402400.000
445200.000
456400.000
434400.000
457600.000
459200.000
456800.000
482400.000
460000.000
446800.000
469200.000
469600.000
455200.000
481600.000
470000.000
460400.000
437600.000
407200.000
331600.000
295600.000
288800.000
315200.000
347200.000
380800.000
381600.000
402800.000
406800.000
408400.000
391200.000
450400.000
399200.000
412000.000
457200.000
452000.000
488400.000
437600.000
428800.000
452800.000
489600.000
455200.000
452000.000
448400.000
450800.000
466400.000
447200.000
484400.000
470000.000
488400.000
466000.000
454000.000
439200.000
494800.000
484400.000
482400.000
514400.000
482400.000
458400.000
463600.000
477600.000
505600.000
516000.000
489200.000
488800.000
478000.000
476000.000
480000.000
449600.000
502800.000
480800.000
488400.000
484800.000
520400.000
512800.000
528800.000
520000.000
509600.000
502400.000
536000.000
526000.000
525600.000
530400.000
525200.000
543600.000
527600.000
530400.000
500400.000
522400.000
527200.000
521200.000
521200.000
500800.000
509600.000
527200.000
545200.000
505200.000
520800.000
518000.000
484800.000
502800.000
519600.000
498000.000
525600.000
495600.000
507200.000
522400.000
494000.000
513200.000
475200.000
496400.000
514800.000
510800.000
503600.000
506800.000
496800.000
473200.000
531600.000
507600.000
504000.000
512400.000
467600.000
477200.000
507600.000
504400.000
509600.000
527200.000
479600.000
518800.000
516000.000
524000.000
518000.000
536000.000
503200.000
536000.000
519200.000
482000.000
522000.000
484800.000
516800.000
552000.000
526400.000
540000.000
527200.000
528000.000
526000.000
498000.000
502000.000
520800.000
509600.000
493200.000
546400.000
541600.000
518800.000
534400.000
523600.000
280400.000
271200.000
274400.000
285600.000
274000.000
276400.000
286400.000
295600.000
306800.000
320400.000
327600.000
350000.000
345200.000
330400.000
356800.000
370400.000
361200.000
374400.000
342000.000
371600.000
387600.000
359600.000
402400.000
413200.000
382800.000
416800.000
386400.000
400400.000
406000.000
407200.000
405600.000
463200.000
419600.000
449600.000
431200.000
370000.000
405200.000
420400.000
439200.000
457600.000
462800.000
450000.000
483200.000
433600.000
415200.000
461200.000
408800.000
445200.000
433600.000
440400.000
458800.000
464800.000
452000.000
460400.000
442800.000
466400.000
486000.000
475200.000
508800.000
453600.000
453600.000
453600.000
465200.000
421600.000
429600.000
358800.000
328800.000
284000.000
314800.000
312800.000
396800.000
399200.000
420800.000
411600.000
400000.000
408400.000
442000.000
412800.000
448800.000
465600.000
435600.000
474800.000
444400.000
432000.000
458000.000
447600.000
476000.000
440800.000
450800.000
441200.000
454800.000
425600.000
463200.000
466000.000
466400.000
483200.000
458400.000
467600.000
474000.000
475200.000
456400.000
471200.000
478000.000
460400.000
454800.000
441200.000
453200.000
483200.000
488800.000
485200.000
523600.000
470400.000
448800.000
455600.000
458000.000
445600.000
453600.000
504000.000
496400.000
476000.000
493600.000
501600.000
502000.000
500400.000
527600.000
509200.000
516000.000
518400.000
525600.000
530800.000
530400.000
520800.000
531200.000
505200.000
494000.000
506800.000
460800.000
512400.000
522400.000
482800.000
482800.000
482000.000
503200.000
512800.000
495600.000
468800.000
494400.000
490000.000
481200.000
489200.000
494000.000
524400.000
503200.000
492000.000
461600.000
486000.000
492000.000
492400.000
509600.000
487600.000
505200.000
490800.000
521200.000
517200.000
508000.000
495200.000
481200.000
495600.000
442800.000
503200.000
493600.000
482400.000
477600.000
496800.000
509600.000
498800.000
520000.000
533200.000
516800.000
500400.000
508000.000
494400.000
488800.000
487600.000
502000.000
522400.000
531600.000
528000.000
491600.000
477200.000
504000.000
497200.000
474000.000
488000.000
467600.000
484800.000
510800.000
514800.000
530800.000
509200.000
511200.000
273600.000
261200.000
281200.000
299200.000
296000.000
292000.000
297600.000
313200.000
330800.000
340000.000
334800.000
359600.000
328000.000
350400.000
370800.000
346800.000
393200.000
377200.000
360400.000
375200.000
392400.000
404000.000
404400.000
390400.000
403600.000
392000.000
363200.000
380400.000
412400.000
414400.000
422800.000
424400.000
425200.000
412800.000
420400.000
422000.000
422000.000
407200.000
456000.000
436000.000
441200.000
448800.000
448000.000
425200.000
414400.000
402000.000
419200.000
419200.000
422000.000
449200.000
451600.000
465600.000
442800.000
446400.000
431600.000
474400.000
480800.000
486400.000
490000.000
476800.000
467200.000
468400.000
438800.000
446800.000
411200.000
378800.000
298800.000
268800.000
283200.000
342800.000
386400.000
380400.000
424800.000
408000.000
442400.000
400400.000
404000.000
426800.000
445600.000
449600.000
453200.000
439200.000
429600.000
472000.000
436800.000
457600.000
468000.000
455600.000
450000.000
438800.000
448000.000
450000.000
476000.000
472000.000
443600.000
450800.000
440800.000
477200.000
445600.000
476800.000
484000.000
495600.000
459200.000
456400.000
463200.000
440400.000
469200.000
466800.000
477200.000
464400.000
506400.000
471200.000
460400.000
478800.000
462000.000
470800.000
478800.000
453200.000
466400.000
518000.000
495200.000
484400.000
474400.000
505600.000
485200.000
529200.000
535600.000
528000.000
529200.000
509200.000
518800.000
501200.000
498000.000
509200.000
512800.000
484800.000
499200.000
542800.000
524800.000
546000.000
488400.000
493200.000
521600.000
527600.000
492000.000
491600.000
499200.000
494800.000
471600.000
519200.000
448000.000
507200.000
506800.000
482800.000
470400.000
467200.000
502000.000
491200.000
494000.000
476800.000
504000.000
512400.000
495200.000
490800.000
510800.000
531600.000
493200.000
486400.000
474000.000
509200.000
502400.000
479600.000
496800.000
493200.000
499600.000
529600.000
531600.000
527200.000
503600.000
506400.000
503200.000
483600.000
489600.000
484800.000
516800.000
508000.000
530000.000
531600.000
514400.000
482400.000
496400.000
506400.000
498000.000
496000.000
480000.000
507200.000
473600.000
492000.000
502800.000
520400.000
523200.000
277600.000
285600.000
296400.000
280800.000
301200.000
290000.000
308000.000
311600.000
292800.000
334400.000
356800.000
339600.000
357200.000
363200.000
364800.000
347200.000
361600.000
368400.000
388400.000
374000.000
405200.000
421200.000
384800.000
407600.000
412800.000
362800.000
413600.000
409200.000
386400.000
439600.000
416000.000
476400.000
449200.000
422000.000
432400.000
438400.000
433600.000
438400.000
444000.000
425600.000
452400.000
445600.000
433200.000
450000.000
429600.000
422000.000
435600.000
434000.000
457200.000
472400.000
488800.000
492000.000
482000.000
471600.000
467200.000
455600.000
457200.000
497200.000
486000.000
478400.000
472800.000
439600.000
443600.000
424000.000
411600.000
325600.000
311600.000
278400.000
304400.000
329200.000
385600.000
430800.000
438400.000
392400.000
391600.000
420400.000
418400.000
435200.000
449600.000
436800.000
428400.000
454800.000
472800.000
438400.000
458800.000
439200.000
420000.000
452000.000
460000.000
445600.000
433200.000
440800.000
458000.000
462400.000
451600.000
452000.000
436800.000
437600.000
462800.000
479200.000
457600.000
475200.000
461600.000
446800.000
459600.000
468400.000
464400.000
462000.000
464400.000
492000.000
495600.000
492800.000
496400.000
460000.000
446800.000
455200.000
462000.000
475200.000
486400.000
456400.000
529200.000
502400.000
503200.000
502400.000
520800.000
548400.000
543200.000
545200.000
515600.000
515200.000
529600.000
511600.000
496400.000
493200.000
485600.000
513600.000
508400.000
499600.000
483200.000
469200.000
516000.000
481200.000
512800.000
524800.000
510400.000
509200.000
514000.000
491200.000
493600.000
519600.000
529200.000
508400.000
510000.000
498400.000
468400.000
480000.000
467200.000
499200.000
499200.000
519200.000
499600.000
532400.000
518000.000
534000.000
512800.000
500800.000
486800.000
482400.000
492000.000
488800.000
495600.000
494000.000
493200.000
506000.000
510800.000
509600.000
490000.000
494400.000
478800.000
493200.000
482000.000
485600.000
482400.000
532000.000
508800.000
535600.000
514000.000
499200.000
508000.000
512000.000
514800.000
512800.000
482000.000
482000.000
460400.000
503200.000
498800.000
510800.000
523200.000
528800.000
518400.000
295600.000
308400.000
300000.000
302000.000
306800.000
316000.000
305200.000
310800.000
341200.000
360800.000
350000.000
345600.000
379600.000
400400.000
367600.000
350400.000
333200.000
354800.000
375200.000
390000.000
410400.000
393600.000
394000.000
448400.000
414000.000
444000.000
422800.000
428000.000
412800.000
450400.000
398800.000
447600.000
425200.000
429600.000
433200.000
453600.000
430000.000
460400.000
442800.000
427600.000
441200.000
438000.000
425600.000
438000.000
446400.000
429600.000
418000.000
434800.000
519600.000
507200.000
507200.000
497200.000
494800.000
462000.000
455200.000
475600.000
494000.000
470400.000
485200.000
483200.000
480800.000
464400.000
462400.000
474400.000
416400.000
361600.000
299600.000
293600.000
320800.000
356800.000
445200.000
434400.000
428800.000
430000.000
436400.000
410000.000
462800.000
443600.000
460800.000
446400.000
483600.000
450000.000
429600.000
436800.000
418400.000
441200.000
430400.000
445200.000
426000.000
434000.000
455200.000
445600.000
427600.000
466000.000
466000.000
454400.000
449600.000
456000.000
446000.000
479200.000
450400.000
464400.000
467600.000
463600.000
450400.000
458800.000
447600.000
462400.000
448400.000
492800.000
495200.000
486400.000
476000.000
472800.000
468800.000
443200.000
458000.000
479200.000
484400.000
466800.000
516800.000
497600.000
522400.000
518000.000
530000.000
529200.000
537600.000
521600.000
520800.000
530000.000
538800.000
532400.000
528800.000
507600.000
531200.000
507200.000
499600.000
484800.000
470000.000
490000.000
508800.000
467200.000
496800.000
498000.000
507200.000
504800.000
505600.000
535200.000
542400.000
556400.000
532800.000
490400.000
545600.000
523600.000
494800.000
485600.000
488800.000
500800.000
500800.000
504000.000
502400.000
522400.000
511200.000
502000.000
502800.000
499200.000
460000.000
496400.000
500000.000
499200.000
498400.000
495600.000
493600.000
513200.000
465600.000
494400.000
500800.000
484800.000
520800.000
508400.000
477600.000
499200.000
490400.000
480000.000
516800.000
522800.000
529200.000
496000.000
496800.000
491600.000
463600.000
469600.000
472800.000
456000.000
478800.000
479600.000
492800.000
487600.000
500800.000
532000.000
516800.000
293200.000
313600.000
305600.000
308000.000
290400.000
282800.000
290400.000
316000.000
318000.000
367600.000
340000.000
359200.000
399600.000
374000.000
356800.000
380400.000
361600.000
349600.000
385600.000
371600.000
429200.000
418000.000
409600.000
410800.000
410400.000
427200.000
413200.000
435600.000
448400.000
432000.000
404400.000
443600.000
410400.000
400800.000
406400.000
409600.000
423600.000
492000.000
454400.000
473200.000
456800.000
424800.000
403600.000
405600.000
438400.000
430400.000
418800.000
448400.000
495200.000
498000.000
531600.000
564000.000
521200.000
480000.000
454000.000
453600.000
483600.000
472000.000
482800.000
488000.000
489600.000
476800.000
480800.000
480800.000
451200.000
364400.000
324000.000
306400.000
313600.000
332400.000
428000.000
467200.000
447600.000
471600.000
444800.000
432400.000
478000.000
437600.000
437600.000
444000.000
468000.000
447600.000
450400.000
440400.000
458000.000
434000.000
422000.000
448400.000
448400.000
418000.000
442800.000
423600.000
460400.000
477600.000
466400.000
446800.000
437200.000
434000.000
458800.000
472800.000
441200.000
459600.000
452000.000
464000.000
460400.000
458000.000
452000.000
452400.000
448800.000
477200.000
476000.000
466400.000
474400.000
498400.000
499200.000
464400.000
473600.000
485200.000
478800.000
487200.000
505600.000
488000.000
493600.000
520000.000
494400.000
502000.000
521600.000
526400.000
518800.000
530400.000
545200.000
566800.000
540000.000
529600.000
484000.000
502000.000
483200.000
503200.000
472000.000
493200.000
495600.000
494400.000
494800.000
494400.000
499600.000
510400.000
530000.000
478400.000
524800.000
538800.000
554000.000
546800.000
523600.000
508400.000
525600.000
500800.000
516400.000
508400.000
498800.000
515600.000
524400.000
513200.000
493600.000
509200.000
500400.000
452400.000
477200.000
476000.000
495600.000
482000.000
501200.000
505600.000
506400.000
470800.000
487200.000
459600.000
478800.000
492400.000
522400.000
500400.000
503200.000
516400.000
486400.000
499600.000
501600.000
528800.000
538000.000
527600.000
496800.000
519600.000
510800.000
496400.000
488400.000
489200.000
479600.000
449200.000
474000.000
493200.000
490000.000
517200.000
531200.000
316800.000
336800.000
323600.000
314400.000
296400.000
302800.000
306400.000
321200.000
332800.000
348400.000
384800.000
366000.000
386800.000
374800.000
358800.000
366800.000
370000.000
342400.000
352800.000
368400.000
400000.000
371200.000
380400.000
390400.000
425600.000
412800.000
436800.000
424400.000
415200.000
432000.000
423600.000
438000.000
431600.000
443600.000
398800.000
439200.000
446000.000
455200.000
479600.000
448400.000
454800.000
416800.000
415600.000
446800.000
430800.000
406000.000
478400.000
454800.000
517200.000
603200.000
584000.000
513600.000
480400.000
478000.000
458000.000
471600.000
472400.000
455200.000
477200.000
466000.000
481200.000
492000.000
463200.000
445200.000
448400.000
347600.000
305600.000
287200.000
353200.000
400000.000
467200.000
466800.000
461600.000
451200.000
439600.000
442800.000
441200.000
439200.000
463200.000
470400.000
480400.000
481200.000
462400.000
418000.000
449600.000
415600.000
423600.000
445200.000
446000.000
442000.000
439200.000
454000.000
423200.000
459600.000
448800.000
463200.000
446800.000
456800.000
437200.000
454800.000
463600.000
408400.000
454400.000
467200.000
438400.000
476800.000
476000.000
471200.000
468400.000
489200.000
476800.000
511600.000
485600.000
470400.000
448400.000
483600.000
485200.000
469600.000
462800.000
458800.000
464400.000
473600.000
496800.000
501200.000
452000.000
482000.000
481200.000
540400.000
512000.000
529600.000
569600.000
541600.000
512800.000
512800.000
524000.000
494400.000
509600.000
497600.000
472400.000
489200.000
485200.000
498000.000
481600.000
510000.000
518800.000
506400.000
492000.000
546400.000
520800.000
537200.000
573200.000
548000.000
538000.000
524800.000
536400.000
504400.000
495200.000
493200.000
502400.000
519200.000
538800.000
515600.000
530800.000
490000.000
477600.000
470000.000
454400.000
458000.000
444800.000
481200.000
477600.000
491200.000
475600.000
478800.000
475600.000
456400.000
474800.000
467600.000
486000.000
475600.000
477600.000
478000.000
466400.000
501200.000
516800.000
520800.000
532000.000
514400.000
486000.000
511600.000
539600.000
487600.000
488400.000
475600.000
479600.000
464000.000
472000.000
507600.000
479600.000
498800.000
541200.000
299600.000
311600.000
308000.000
317200.000
302000.000
306000.000
302800.000
331600.000
312000.000
336000.000
377200.000
365200.000
372800.000
371200.000
372000.000
370800.000
356000.000
370400.000
386000.000
376400.000
367200.000
372400.000
394800.000
378400.000
387200.000
418000.000
406800.000
419200.000
416800.000
410000.000
427200.000
419200.000
426000.000
451600.000
406400.000
456400.000
431200.000
460400.000
464400.000
449600.000
455600.000
452000.000
452000.000
446000.000
430000.000
428000.000
458400.000
476400.000
513200.000
531200.000
534800.000
533200.000
513600.000
485200.000
447600.000
467200.000
478400.000
494800.000
475600.000
462400.000
493200.000
494000.000
500400.000
469200.000
448400.000
370400.000
303200.000
304800.000
330400.000
376800.000
434800.000
462000.000
450800.000
466000.000
460000.000
452800.000
459600.000
480800.000
466800.000
455200.000
485600.000
461600.000
443200.000
447200.000
440000.000
428000.000
462800.000
449600.000
465200.000
453600.000
431200.000
438800.000
452800.000
454800.000
473200.000
460800.000
493600.000
468400.000
464800.000
481200.000
455200.000
484400.000
456000.000
452800.000
480400.000
503200.000
465200.000
474800.000
507600.000
466800.000
483200.000
509600.000
492000.000
483600.000
486000.000
474800.000
486400.000
481200.000
518400.000
470400.000
483600.000
482000.000
485600.000
484400.000
500400.000
498400.000
492800.000
498800.000
532400.000
536400.000
554000.000
534400.000
548000.000
480800.000
475200.000
489200.000
528000.000
516800.000
489600.000
474400.000
484800.000
499200.000
519600.000
510000.000
522400.000
530800.000
511200.000
543200.000
527200.000
527600.000
529200.000
536800.000
504400.000
501200.000
498400.000
525600.000
504400.000
519600.000
521200.000
516000.000
498800.000
521200.000
489200.000
500400.000
461600.000
464400.000
431600.000
474400.000
450400.000
489200.000
508400.000
464000.000
472400.000
474800.000
458000.000
445600.000
470400.000
462400.000
478400.000
482400.000
469200.000
474800.000
466800.000
458400.000
482000.000
495200.000
530000.000
549600.000
531600.000
540400.000
508800.000
539200.000
541600.000
500000.000
460000.000
486800.000
456800.000
486400.000
509600.000
490400.000
528400.000
288800.000
320800.000
314800.000
313200.000
292000.000
310000.000
326000.000
329200.000
324000.000
342800.000
352400.000
373200.000
376800.000
380800.000
399200.000
373600.000
376000.000
396000.000
373200.000
367600.000
382000.000
400800.000
395600.000
417200.000
382000.000
423200.000
436000.000
401600.000
416800.000
422400.000
410800.000
454000.000
443600.000
427600.000
462800.000
468000.000
472400.000
481200.000
473600.000
479200.000
479200.000
440800.000
450000.000
448000.000
432400.000
479600.000
469600.000
469600.000
513600.000
527600.000
551200.000
506000.000
509200.000
500400.000
508400.000
465200.000
480000.000
478400.000
472000.000
498800.000
500800.000
489200.000
476400.000
459200.000
439200.000
377200.000
348000.000
309200.000
311600.000
364000.000
426000.000
434800.000
442000.000
469600.000
442800.000
455600.000
480000.000
491200.000
489200.000
440800.000
449600.000
433200.000
451200.000
426400.000
472800.000
458400.000
462800.000
449200.000
470800.000
453600.000
458800.000
449200.000
436400.000
473200.000
449200.000
474400.000
488800.000
466000.000
475200.000
444400.000
469600.000
472400.000
482800.000
459200.000
482400.000
470400.000
470000.000
484800.000
452400.000
485200.000
485600.000
517600.000
489200.000
493200.000
467200.000
488000.000
472800.000
519200.000
514000.000
485600.000
483200.000
475600.000
490000.000
501600.000
464400.000
492800.000
523600.000
521600.000
551600.000
522400.000
499200.000
510800.000
538000.000
508000.000
492800.000
478800.000
497600.000
469200.000
491200.000
483600.000
492000.000
484000.000
510000.000
507600.000
484800.000
510000.000
516400.000
487600.000
524000.000
536000.000
527200.000
497200.000
500400.000
514400.000
482400.000
481200.000
510400.000
525600.000
508800.000
516800.000
512000.000
515200.000
494400.000
509600.000
461200.000
438800.000
460000.000
489200.000
500000.000
490800.000
469200.000
468800.000
473600.000
476000.000
481200.000
474000.000
477600.000
476800.000
495200.000
484800.000
475600.000
461600.000
454400.000
476400.000
474400.000
497200.000
501600.000
512800.000
508800.000
516400.000
500400.000
489200.000
505200.000
487600.000
502400.000
473600.000
484400.000
481200.000
514000.000
524400.000
506400.000
308000.000
306400.000
301600.000
309200.000
312800.000
333200.000
326000.000
346800.000
338800.000
380000.000
387200.000
368000.000
372000.000
377600.000
373600.000
382800.000
375600.000
372000.000
430000.000
394400.000
394800.000
378800.000
400000.000
401200.000
406800.000
407600.000
437600.000
442000.000
412800.000
442800.000
428400.000
446400.000
450800.000
437600.000
440400.000
470800.000
458000.000
477200.000
499200.000
462800.000
429600.000
426800.000
416800.000
486000.000
462800.000
448800.000
490800.000
455600.000
507200.000
559600.000
471600.000
481600.000
487600.000
493200.000
479600.000
497200.000
480800.000
478800.000
464400.000
487600.000
482400.000
460000.000
476400.000
441600.000
465200.000
407600.000
379600.000
339200.000
340800.000
355200.000
398000.000
437200.000
443200.000
440400.000
493200.000
478400.000
456000.000
494400.000
466000.000
470800.000
466400.000
468000.000
468000.000
487200.000
477200.000
464000.000
456800.000
465200.000
467600.000
470000.000
482000.000
459600.000
454400.000
460400.000
462400.000
457200.000
487200.000
453600.000
462000.000
481200.000
484800.000
504000.000
468400.000
458000.000
467600.000
510800.000
498800.000
501200.000
464800.000
484800.000
490800.000
514400.000
528400.000
498400.000
468800.000
480800.000
502000.000
497200.000
489600.000
464400.000
484800.000
467600.000
496000.000
481600.000
487600.000
489600.000
488800.000
537200.000
554400.000
519200.000
533600.000
531600.000
481600.000
502800.000
479600.000
508800.000
500400.000
488800.000
513600.000
485200.000
511200.000
506400.000
492000.000
494800.000
514800.000
514400.000
541600.000
514800.000
526400.000
547200.000
544800.000
504400.000
498400.000
479200.000
484000.000
478800.000
520400.000
542400.000
517200.000
522800.000
519200.000
521200.000
504400.000
488000.000
480000.000
474400.000
430400.000
448400.000
492000.000
475200.000
482000.000
491600.000
481200.000
488000.000
482800.000
490000.000
488400.000
511600.000
463600.000
492800.000
488800.000
489200.000
496400.000
498400.000
483600.000
500400.000
474800.000
480800.000
485200.000
502800.000
528400.000
532800.000
516800.000
504800.000
498400.000
498800.000
500400.000
523600.000
497200.000
520000.000
527200.000
317200.000
306400.000
293200.000
338800.000
337600.000
302800.000
358400.000
368800.000
356000.000
381600.000
390400.000
388800.000
388800.000
385200.000
382000.000
384800.000
362400.000
386400.000
392000.000
403600.000
419600.000
413200.000
396000.000
440800.000
402000.000
423600.000
430800.000
393200.000
430000.000
449200.000
432000.000
421600.000
438000.000
417200.000
443600.000
469600.000
462000.000
490800.000
472000.000
467200.000
470000.000
442400.000
451600.000
449600.000
447600.000
482800.000
472000.000
486800.000
513200.000
514000.000
478000.000
496000.000
486400.000
468400.000
470000.000
500400.000
469200.000
463600.000
470800.000
460000.000
478000.000
508400.000
455200.000
446400.000
472000.000
415200.000
410400.000
355600.000
366400.000
367200.000
413200.000
467200.000
459600.000
480000.000
471600.000
489600.000
481600.000
467600.000
471600.000
472000.000
461200.000
466000.000
458000.000
453200.000
499200.000
472400.000
469200.000
454000.000
443200.000
471200.000
466400.000
431600.000
484400.000
456800.000
462400.000
467600.000
469200.000
475600.000
465200.000
478000.000
467600.000
498000.000
478800.000
435200.000
488400.000
478400.000
488400.000
484800.000
493200.000
478000.000
491600.000
479600.000
469600.000
472800.000
469600.000
477200.000
498800.000
482800.000
487200.000
502800.000
494000.000
481200.000
485600.000
500000.000
498400.000
507600.000
529600.000
490000.000
516400.000
515200.000
512800.000
505200.000
489200.000
507200.000
504800.000
489200.000
502400.000
505200.000
509200.000
517600.000
522800.000
522000.000
489600.000
528400.000
525600.000
512800.000
546000.000
517200.000
514800.000
502800.000
500400.000
503600.000
484800.000
494800.000
500000.000
492400.000
485200.000
527600.000
521200.000
526800.000
552000.000
486400.000
481200.000
493200.000
497200.000
449600.000
472800.000
465200.000
499200.000
480000.000
462800.000
457200.000
478800.000
505600.000
484800.000
468400.000
500400.000
474400.000
470000.000
489600.000
482000.000
484400.000
473200.000
482400.000
466400.000
484800.000
461200.000
458400.000
513600.000
499200.000
501600.000
510000.000
519200.000
509200.000
486400.000
474800.000
512400.000
508800.000
488000.000
482800.000
496000.000
337200.000
327200.000
319600.000
336800.000
331600.000
341600.000
373200.000
363600.000
363600.000
378800.000
400000.000
366400.000
376400.000
375600.000
377200.000
402000.000
364400.000
389600.000
429600.000
433600.000
440400.000
436000.000
437600.000
411200.000
437200.000
435600.000
406800.000
406400.000
405600.000
401200.000
416400.000
429600.000
428800.000
465200.000
431600.000
427600.000
420800.000
467600.000
432800.000
460000.000
471600.000
438800.000
457600.000
456000.000
444800.000
472800.000
454400.000
479200.000
486400.000
475200.000
481200.000
498000.000
472000.000
498800.000
490800.000
448000.000
477600.000
478400.000
461200.000
468000.000
453600.000
440000.000
456400.000
470400.000
475600.000
404000.000
377600.000
352800.000
354400.000
378400.000
423600.000
446000.000
447600.000
473600.000
508800.000
514800.000
494400.000
506400.000
475200.000
478800.000
490000.000
470000.000
506000.000
468800.000
516400.000
476000.000
462400.000
480000.000
456400.000
466000.000
467200.000
476400.000
448800.000
450800.000
452400.000
448400.000
459600.000
482000.000
500800.000
496800.000
499200.000
486800.000
480400.000
475600.000
504400.000
496400.000
499600.000
477200.000
508000.000
504400.000
490400.000
516800.000
482800.000
493200.000
475600.000
473600.000
506800.000
516800.000
556000.000
516800.000
513200.000
496400.000
474400.000
506800.000
528000.000
528000.000
524800.000
523200.000
508800.000
528800.000
524000.000
530400.000
497200.000
498000.000
515200.000
530800.000
530000.000
529600.000
520000.000
522400.000
548800.000
548800.000
508400.000
533200.000
563600.000
548400.000
544800.000
543200.000
526400.000
528800.000
538400.000
530000.000
480800.000
502400.000
483600.000
478800.000
493600.000
524400.000
516400.000
523200.000
505200.000
536800.000
518400.000
498000.000
488800.000
477200.000
480400.000
464400.000
473200.000
485600.000
480800.000
502000.000
508800.000
493200.000
497600.000
477200.000
469600.000
488800.000
507200.000
465600.000
461200.000
448400.000
472400.000
510400.000
457200.000
492800.000
499200.000
514400.000
497200.000
493600.000
515600.000
524800.000
513600.000
505200.000
490400.000
482800.000
490800.000
488000.000
506400.000
522800.000
506800.000
300000.000
323200.000
319200.000
342000.000
330000.000
340800.000
352400.000
365600.000
358400.000
384800.000
380400.000
341600.000
392800.000
379600.000
391200.000
383600.000
371200.000
399200.000
436800.000
410800.000
447600.000
436400.000
402400.000
430400.000
421200.000
419200.000
408400.000
414000.000
417600.000
416000.000
424000.000
468800.000
454800.000
440000.000
446400.000
436800.000
449600.000
476000.000
453600.000
459600.000
446800.000
439600.000
421200.000
469200.000
450400.000
479200.000
472400.000
472800.000
469200.000
474400.000
447600.000
478000.000
470800.000
455200.000
468800.000
466800.000
472400.000
462000.000
459600.000
450400.000
458800.000
443600.000
484000.000
476800.000
474800.000
413600.000
387200.000
362400.000
353200.000
364000.000
432400.000
433600.000
478400.000
475600.000
501200.000
484400.000
473600.000
466400.000
484000.000
494400.000
493200.000
503200.000
513200.000
487200.000
485200.000
462400.000
454400.000
446400.000
461200.000
455600.000
479600.000
464400.000
457200.000
472800.000
468400.000
464000.000
483600.000
472800.000
481200.000
524000.000
498400.000
468800.000
502800.000
450000.000
510800.000
495200.000
472400.000
460800.000
468400.000
498800.000
486000.000
488400.000
480000.000
470800.000
489600.000
510800.000
518400.000
511600.000
494800.000
502800.000
500400.000
492800.000
486400.000
487600.000
524400.000
544000.000
537600.000
534800.000
511600.000
529600.000
538000.000
517200.000
503200.000
503600.000
508800.000
540800.000
531200.000
524400.000
532000.000
523600.000
530000.000
527600.000
544400.000
529600.000
531600.000
507600.000
519600.000
536000.000
541200.000
526800.000
526800.000
516000.000
478800.000
516000.000
487200.000
504400.000
502400.000
497200.000
502000.000
504800.000
508800.000
543200.000
522000.000
513200.000
493600.000
475600.000
476000.000
442000.000
492400.000
502000.000
493200.000
487600.000
477600.000
491200.000
486800.000
500800.000
507600.000
480800.000
464400.000
487200.000
491600.000
472800.000
485200.000
485200.000
483600.000
472400.000
513200.000
473200.000
532400.000
489600.000
498800.000
486400.000
508800.000
503200.000
490400.000
481200.000
468400.000
483600.000
476400.000
508400.000
505200.000
328000.000
345600.000
340400.000
352800.000
347200.000
346400.000
359200.000
352800.000
367600.000
371200.000
352000.000
383600.000
375200.000
368000.000
386400.000
384800.000
381200.000
410400.000
417600.000
428000.000
450400.000
426000.000
444000.000
455600.000
440000.000
421200.000
435200.000
395200.000
419600.000
422400.000
415200.000
456000.000
416400.000
441600.000
445200.000
449200.000
442800.000
440800.000
425200.000
471200.000
441200.000
423200.000
470400.000
456400.000
452800.000
493600.000
468800.000
467600.000
481600.000
472400.000
464000.000
474400.000
460000.000
505600.000
473600.000
492400.000
490800.000
464800.000
482800.000
462800.000
440400.000
445200.000
495200.000
480000.000
476400.000
438000.000
438400.000
334400.000
325600.000
375600.000
447200.000
426400.000
463200.000
467200.000
463200.000
488800.000
514000.000
478000.000
484400.000
481600.000
505600.000
502800.000
502800.000
523600.000
474800.000
453200.000
443200.000
431200.000
451200.000
471200.000
502400.000
516000.000
492800.000
491600.000
464800.000
505200.000
486400.000
487600.000
490400.000
519200.000
511600.000
480800.000
478800.000
482400.000
493600.000
501200.000
498800.000
490800.000
522000.000
502000.000
486800.000
486800.000
499200.000
494400.000
471200.000
494400.000
496000.000
539600.000
499200.000
515200.000
491600.000
483200.000
494000.000
499200.000
526400.000
509600.000
509200.000
519200.000
518000.000
528000.000
515200.000
538000.000
526800.000
508800.000
512800.000
516000.000
498800.000
493200.000
522400.000
502000.000
551200.000
546400.000
561600.000
567200.000
540800.000
530000.000
523600.000
518800.000
510400.000
508000.000
479200.000
514800.000
523600.000
515600.000
515600.000
547200.000
493200.000
500000.000
496000.000
496400.000
519200.000
503200.000
506400.000
496000.000
481200.000
472400.000
468000.000
471600.000
474000.000
464000.000
494800.000
464400.000
465600.000
464800.000
497600.000
506800.000
490000.000
476400.000
476400.000
498000.000
494000.000
492400.000
473200.000
497600.000
495600.000
512800.000
494800.000
524800.000
472400.000
475200.000
496800.000
503200.000
485600.000
458800.000
494800.000
468800.000
480800.000
480400.000
492000.000
480400.000
508000.000
302000.000
330800.000
348400.000
336800.000
348800.000
353600.000
330000.000
378400.000
345200.000
340000.000
373600.000
364800.000
384800.000
412800.000
376400.000
384400.000
409600.000
400400.000
449600.000
439600.000
408400.000
436400.000
416800.000
459200.000
471200.000
445600.000
431600.000
442400.000
427200.000
452000.000
453600.000
438400.000
468400.000
452400.000
484800.000
468400.000
454800.000
430800.000
424800.000
438800.000
472400.000
469600.000
420800.000
466400.000
478400.000
461600.000
448800.000
448800.000
480800.000
475200.000
455200.000
451600.000
461200.000
448400.000
464400.000
454400.000
445600.000
480800.000
457600.000
468000.000
465200.000
480000.000
503600.000
477600.000
461600.000
445200.000
386400.000
348400.000
369600.000
347600.000
392800.000
447600.000
484000.000
479600.000
465200.000
492400.000
478000.000
500000.000
475200.000
478400.000
488000.000
510800.000
502800.000
490400.000
468800.000
431200.000
457200.000
451200.000
479600.000
484000.000
473200.000
504000.000
493200.000
494400.000
514400.000
500000.000
521600.000
499200.000
548400.000
490000.000
468400.000
521200.000
501200.000
468800.000
527200.000
479600.000
502800.000
525600.000
493600.000
488800.000
525200.000
513600.000
496000.000
509600.000
482400.000
475200.000
508000.000
518800.000
533600.000
531200.000
520800.000
470400.000
484000.000
494800.000
520800.000
499600.000
508000.000
519600.000
452800.000
542400.000
514800.000
521200.000
536400.000
520400.000
512800.000
513600.000
517200.000
486400.000
504800.000
532000.000
559600.000
565600.000
530000.000
543200.000
518000.000
509200.000
516000.000
537600.000
491600.000
508000.000
529600.000
525200.000
533200.000
498400.000
519600.000
502000.000
480800.000
499600.000
540000.000
517200.000
540000.000
504000.000
504400.000
496000.000
490000.000
440000.000
440000.000
462000.000
490400.000
459200.000
480800.000
483200.000
482000.000
450800.000
491600.000
488800.000
458800.000
490000.000
477200.000
464800.000
483600.000
502800.000
500000.000
494000.000
463200.000
488000.000
496000.000
500800.000
474800.000
498400.000
506400.000
505200.000
494400.000
476000.000
449200.000
443200.000
474800.000
474000.000
458800.000
469200.000
472400.000
330800.000
317600.000
332400.000
368400.000
342400.000
338000.000
324000.000
338800.000
351200.000
356000.000
340400.000
376400.000
362400.000
374400.000
378000.000
395200.000
396800.000
412800.000
406800.000
417200.000
411600.000
430400.000
433600.000
410000.000
462800.000
450000.000
442800.000
417600.000
420400.000
409200.000
456800.000
458800.000
445200.000
491600.000
478000.000
430400.000
434000.000
439200.000
435600.000
435600.000
434400.000
445600.000
482400.000
461600.000
458000.000
455600.000
468000.000
453600.000
464000.000
439600.000
460000.000
483200.000
464000.000
451200.000
454000.000
478800.000
449600.000
446400.000
466000.000
464800.000
453200.000
485600.000
475600.000
473600.000
458800.000
449200.000
386800.000
337200.000
318800.000
389200.000
437200.000
443200.000
457200.000
491600.000
490800.000
487200.000
491200.000
471200.000
473600.000
476000.000
497200.000
518000.000
484800.000
468800.000
470000.000
451600.000
457200.000
468800.000
466400.000
494000.000
488000.000
506000.000
502000.000
511200.000
518400.000
508400.000
488800.000
528800.000
502800.000
508800.000
525600.000
465200.000
436400.000
496400.000
536400.000
505200.000
509200.000
484800.000
521200.000
486400.000
505200.000
548000.000
520400.000
488400.000
509600.000
500400.000
487200.000
518400.000
528800.000
506800.000
496000.000
473200.000
511600.000
481200.000
493600.000
520400.000
478400.000
490400.000
500800.000
522800.000
502800.000
524000.000
536000.000
530400.000
526400.000
537600.000
514000.000
539600.000
503600.000
546000.000
556000.000
561200.000
574800.000
570000.000
525600.000
532000.000
528000.000
512000.000
504800.000
548000.000
535200.000
552400.000
533600.000
523200.000
520800.000
496400.000
518400.000
471200.000
506000.000
557200.000
544400.000
517200.000
486800.000
479600.000
473600.000
452400.000
442000.000
459200.000
463200.000
463200.000
485200.000
466400.000
455600.000
459600.000
497600.000
486000.000
488400.000
462000.000
461600.000
459200.000
482800.000
480800.000
502000.000
472400.000
477200.000
478800.000
481600.000
471200.000
503200.000
472000.000
490000.000
524800.000
513200.000
468000.000
464800.000
474000.000
469600.000
458800.000
487200.000
499200.000
468800.000
352000.000
349200.000
355600.000
331600.000
330400.000
359600.000
352400.000
339200.000
380800.000
365600.000
376400.000
376000.000
354800.000
370400.000
349200.000
401600.000
404400.000
413200.000
421200.000
436400.000
430800.000
452800.000
445200.000
442400.000
442800.000
455200.000
446000.000
464000.000
464000.000
470400.000
478800.000
489200.000
475200.000
486000.000
470800.000
429600.000
424000.000
436000.000
462000.000
479600.000
469200.000
483200.000
484400.000
479200.000
498800.000
477200.000
461200.000
474800.000
496400.000
481200.000
486000.000
472400.000
484000.000
467200.000
452000.000
475600.000
472400.000
464800.000
450000.000
465600.000
480000.000
517200.000
471200.000
466400.000
455600.000
444400.000
359200.000
324000.000
323200.000
396800.000
404400.000
453600.000
490400.000
467600.000
466400.000
469600.000
494000.000
464400.000
486400.000
466000.000
466400.000
487200.000
468400.000
480400.000
483600.000
471200.000
473600.000
470000.000
471200.000
505200.000
458000.000
500000.000
501200.000
484000.000
539200.000
512000.000
493600.000
545600.000
530400.000
512000.000
493600.000
509600.000
513600.000
508800.000
496800.000
523200.000
550000.000
495200.000
501200.000
492800.000
506000.000
497200.000
488800.000
502800.000
499600.000
506800.000
496000.000
508000.000
520400.000
498000.000
465600.000
480000.000
487200.000
490800.000
517200.000
498400.000
491600.000
481600.000
485600.000
488800.000
517200.000
517600.000
518800.000
552000.000
530400.000
497600.000
515600.000
508800.000
542000.000
554000.000
544000.000
552400.000
555600.000
579600.000
541200.000
506400.000
523600.000
556800.000
519600.000
515200.000
534800.000
555200.000
540000.000
559600.000
533600.000
517200.000
517600.000
489600.000
535200.000
502000.000
525200.000
494000.000
490000.000
493200.000
473600.000
463600.000
452400.000
468000.000
519600.000
480400.000
470400.000
489200.000
461600.000
451200.000
499600.000
503600.000
508800.000
489600.000
478800.000
484400.000
504000.000
484800.000
495200.000
466000.000
473200.000
478800.000
494400.000
457600.000
486800.000
505200.000
518000.000
504400.000
490800.000
496800.000
483600.000
457600.000
508400.000
491200.000
475200.000
491600.000
476800.000
342800.000
334800.000
355200.000
353600.000
332800.000
357600.000
354000.000
354400.000
352800.000
348000.000
384000.000
354800.000
374800.000
365200.000
362400.000
377200.000
388800.000
394400.000
391600.000
435600.000
400400.000
432000.000
438800.000
426800.000
430000.000
450400.000
433200.000
462000.000
445200.000
452000.000
486000.000
466000.000
454400.000
510800.000
465600.000
440800.000
431200.000
424800.000
489600.000
504800.000
462000.000
464400.000
435200.000
466400.000
478800.000
487600.000
486000.000
465600.000
454000.000
452000.000
457600.000
466400.000
472000.000
488000.000
480000.000
452400.000
446800.000
446400.000
468000.000
466400.000
476400.000
503200.000
465200.000
455200.000
473600.000
448000.000
396800.000
337600.000
302400.000
316000.000
364400.000
425200.000
459600.000
461200.000
471200.000
464400.000
460000.000
452400.000
460400.000
463600.000
467200.000
479200.000
500000.000
482800.000
488000.000
473200.000
468400.000
469200.000
476800.000
468000.000
439200.000
472800.000
470000.000
493600.000
510800.000
499600.000
496800.000
528800.000
526400.000
484800.000
496000.000
460000.000
479200.000
484800.000
507200.000
531600.000
505600.000
512800.000
521600.000
517600.000
476000.000
490400.000
485600.000
476400.000
488400.000
478000.000
504800.000
491200.000
505600.000
492400.000
496000.000
481200.000
506000.000
492800.000
518800.000
489600.000
530400.000
504000.000
500000.000
518800.000
523600.000
560800.000
535600.000
532000.000
528800.000
527200.000
526800.000
533600.000
500400.000
545200.000
516000.000
528800.000
554000.000
553200.000
514400.000
511600.000
496400.000
536000.000
529600.000
527200.000
534800.000
532000.000
556000.000
570800.000
544400.000
548400.000
500000.000
517200.000
514400.000
518400.000
508800.000
504800.000
515600.000
513200.000
508400.000
480400.000
458000.000
510400.000
493200.000
470400.000
490400.000
472400.000
488000.000
467200.000
492000.000
461600.000
493200.000
487600.000
500000.000
502000.000
504400.000
484400.000
506800.000
472400.000
473200.000
488800.000
502800.000
475600.000
466400.000
524000.000
497600.000
490000.000
514000.000
524000.000
516800.000
492400.000
491200.000
456400.000
493600.000
466800.000
450400.000
355200.000
381200.000
376800.000
360400.000
375600.000
364800.000
362000.000
365600.000
357600.000
351200.000
386400.000
391200.000
374400.000
370800.000
360800.000
357200.000
398800.000
384000.000
419600.000
426000.000
405600.000
413200.000
422000.000
410400.000
427200.000
421600.000
417600.000
490400.000
488000.000
494400.000
480000.000
429200.000
480000.000
498800.000
489600.000
479600.000
476000.000
489600.000
506800.000
492800.000
477200.000
448800.000
465200.000
490800.000
486800.000
476800.000
460800.000
458400.000
448000.000
456400.000
444400.000
462000.000
458800.000
448400.000
469200.000
435600.000
469200.000
452800.000
458000.000
456800.000
457200.000
488800.000
474000.000
474000.000
454800.000
450800.000
362400.000
320400.000
308000.000
346000.000
356400.000
413200.000
465200.000
471200.000
465600.000
486400.000
458400.000
496800.000
475600.000
480400.000
468000.000
477200.000
459200.000
463200.000
499600.000
472000.000
504000.000
462000.000
490000.000
472800.000
452000.000
490800.000
504000.000
483200.000
519600.000
492000.000
490000.000
507200.000
500000.000
502000.000
488000.000
464400.000
485200.000
502800.000
538800.000
508400.000
501200.000
493600.000
503200.000
492800.000
502400.000
495600.000
461200.000
464400.000
481200.000
455200.000
491600.000
496400.000
496000.000
485600.000
510400.000
519600.000
522400.000
504000.000
526000.000
516800.000
496400.000
503600.000
522800.000
497600.000
530000.000
554400.000
534800.000
552000.000
527600.000
528400.000
539600.000
536000.000
550800.000
558400.000
518800.000
548800.000
549600.000
544800.000
528400.000
526400.000
544000.000
542000.000
526400.000
503200.000
538800.000
594400.000
638800.000
639600.000
573200.000
534800.000
528000.000
486400.000
507200.000
530800.000
520400.000
544400.000
531200.000
483600.000
523200.000
490800.000
507200.000
504400.000
462400.000
474400.000
457200.000
465200.000
490800.000
480000.000
460800.000
519600.000
515600.000
513200.000
464400.000
488000.000
499600.000
467200.000
474800.000
494800.000
482800.000
476000.000
480800.000
486000.000
492400.000
470400.000
500800.000
496000.000
504400.000
496000.000
448400.000
477600.000
480400.000
467600.000
445600.000
474800.000
446000.000
325600.000
360800.000
366400.000
381600.000
350400.000
363200.000
344000.000
372000.000
392800.000
370800.000
396800.000
384800.000
379600.000
391200.000
384000.000
362000.000
418400.000
411600.000
416800.000
397600.000
408400.000
401600.000
421200.000
412800.000
403600.000
440400.000
444000.000
463600.000
483200.000
440000.000
477600.000
464400.000
442400.000
468400.000
440000.000
471600.000
481600.000
471200.000
505600.000
461200.000
442000.000
440000.000
414800.000
451200.000
504400.000
446000.000
464800.000
450000.000
440400.000
414800.000
427600.000
428400.000
434000.000
440000.000
442000.000
442400.000
460000.000
453200.000
453600.000
440400.000
445600.000
475600.000
488000.000
478000.000
450400.000
438400.000
384000.000
313200.000
312000.000
358400.000
378800.000
419200.000
460000.000
448000.000
481200.000
448800.000
472400.000
456800.000
462800.000
491200.000
487600.000
465200.000
492000.000
494800.000
466800.000
461200.000
483200.000
473600.000
486400.000
466000.000
443600.000
480000.000
504000.000
499200.000
510800.000
519200.000
496400.000
505600.000
494400.000
494400.000
498400.000
496800.000
502800.000
502400.000
528000.000
496000.000
504400.000
510000.000
494800.000
518000.000
475200.000
522800.000
503200.000
490800.000
475600.000
464000.000
496800.000
518400.000
469200.000
488000.000
496800.000
494400.000
517200.000
528800.000
525200.000
534800.000
518400.000
531200.000
510000.000
519200.000
519200.000
553200.000
527600.000
528800.000
536400.000
506000.000
537600.000
502400.000
520000.000
524800.000
549200.000
556800.000
514400.000
534800.000
508400.000
522400.000
478000.000
539600.000
520400.000
516000.000
562000.000
606000.000
622000.000
690400.000
588400.000
621600.000
550000.000
534000.000
506000.000
506400.000
518000.000
529200.000
510800.000
523200.000
521600.000
486000.000
468400.000
502000.000
492800.000
503200.000
480800.000
492400.000
470800.000
476800.000
501600.000
462000.000
475200.000
505600.000
521600.000
494800.000
483600.000
439200.000
474000.000
488400.000
492800.000
460000.000
482000.000
470400.000
499600.000
498000.000
466400.000
464000.000
477200.000
481200.000
472400.000
457600.000
464400.000
444400.000
447200.000
438000.000
444000.000
356000.000
360800.000
328800.000
362400.000
359200.000
352400.000
358400.000
379200.000
350400.000
394800.000
374000.000
372000.000
358800.000
356400.000
381600.000
370800.000
356000.000
402400.000
411600.000
415600.000
407600.000
423200.000
414800.000
423600.000
434400.000
413200.000
463600.000
411600.000
456000.000
454400.000
422400.000
476000.000
492000.000
466000.000
454400.000
480400.000
467600.000
462400.000
461600.000
446400.000
434000.000
420800.000
446000.000
465200.000
458400.000
462400.000
447200.000
454400.000
464400.000
437200.000
422400.000
427200.000
430000.000
463600.000
442800.000
454000.000
466800.000
445200.000
445600.000
445600.000
466400.000
472800.000
478400.000
474000.000
459600.000
426400.000
396400.000
322400.000
316000.000
312400.000
365200.000
404400.000
415600.000
470400.000
468400.000
462000.000
462400.000
461600.000
453200.000
478400.000
458000.000
448000.000
487600.000
492000.000
492000.000
515600.000
486400.000
472800.000
485600.000
464800.000
464000.000
468000.000
465600.000
496000.000
506000.000
531200.000
481600.000
517200.000
505600.000
501200.000
503600.000
495200.000
502000.000
532800.000
532000.000
480000.000
496800.000
496000.000
486400.000
484800.000
500400.000
493600.000
496400.000
486400.000
474800.000
464000.000
501600.000
465200.000
494400.000
481600.000
510400.000
519600.000
521200.000
534000.000
513600.000
527200.000
490400.000
500800.000
512400.000
506800.000
518800.000
529200.000
538000.000
542400.000
523600.000
515600.000
535600.000
509600.000
526800.000
515600.000
520400.000
545600.000
534800.000
561600.000
532800.000
484800.000
516800.000
528800.000
548800.000
566800.000
595600.000
718000.000
876400.000
858400.000
746800.000
687600.000
609600.000
541600.000
514400.000
478400.000
482800.000
503200.000
510000.000
509600.000
516000.000
511200.000
504400.000
486400.000
497200.000
493600.000
452800.000
464400.000
467600.000
480000.000
445200.000
469600.000
453600.000
497200.000
480000.000
480800.000
478400.000
484800.000
459600.000
461600.000
471600.000
454400.000
447600.000
490000.000
500400.000
489200.000
480000.000
449600.000
482000.000
467200.000
464800.000
461600.000
430400.000
452800.000
459600.000
451200.000
445600.000
353600.000
368000.000
357200.000
378000.000
374800.000
368000.000
368800.000
381200.000
377600.000
370400.000
380800.000
379200.000
359600.000
369600.000
364000.000
385600.000
366800.000
372800.000
399600.000
387200.000
424000.000
433200.000
411600.000
451200.000
420400.000
418400.000
441600.000
452000.000
467600.000
448800.000
448400.000
463200.000
457600.000
474400.000
489600.000
478000.000
491600.000
441600.000
495600.000
458000.000
460800.000
446400.000
477200.000
448400.000
457600.000
465600.000
477600.000
440000.000
457200.000
436400.000
431200.000
440400.000
433200.000
458800.000
464400.000
431600.000
448400.000
446800.000
447600.000
474800.000
466400.000
463600.000
488000.000
479200.000
461600.000
429600.000
393200.000
328800.000
315600.000
343200.000
418800.000
428400.000
430400.000
472400.000
454800.000
469600.000
477600.000
467600.000
464000.000
455200.000
480400.000
463200.000
462400.000
458400.000
502400.000
504000.000
503200.000
512400.000
495600.000
530000.000
476000.000
464000.000
482800.000
496000.000
477600.000
469200.000
497600.000
508800.000
513600.000
498800.000
498400.000
543200.000
522400.000
540000.000
510800.000
484800.000
510000.000
501200.000
499600.000
528000.000
520800.000
475200.000
484400.000
487600.000
489200.000
503600.000
514000.000
501200.000
485200.000
494000.000
511200.000
554400.000
536800.000
542000.000
518400.000
495600.000
499200.000
532000.000
503200.000
516400.000
482000.000
510800.000
546400.000
514400.000
519600.000
555200.000
501600.000
526000.000
575200.000
540800.000
536000.000
543600.000
536000.000
544400.000
546000.000
523200.000
521600.000
500800.000
516000.000
570000.000
633200.000
907200.000
1034400.000
972000.000
812400.000
756400.000
630000.000
550000.000
492800.000
518400.000
522000.000
501600.000
538400.000
538800.000
488400.000
507600.000
482000.000
475200.000
497200.000
477600.000
474800.000
458400.000
488800.000
443600.000
442400.000
473200.000
475600.000
451200.000
465200.000
471200.000
436800.000
471600.000
472400.000
462800.000
474800.000
474000.000
480000.000
496000.000
473200.000
489200.000
461600.000
478400.000
436400.000
442400.000
482400.000
433600.000
428800.000
431200.000
455200.000
443600.000
452400.000
376400.000
326400.000
349200.000
367600.000
374400.000
367600.000
364000.000
344800.000
368400.000
391600.000
373200.000
387200.000
351600.000
403600.000
381200.000
362400.000
384000.000
402400.000
388000.000
422000.000
402400.000
415600.000
433200.000
396400.000
386800.000
407200.000
406400.000
443600.000
438000.000
425600.000
436000.000
427600.000
457200.000
476800.000
471200.000
474000.000
449600.000
462800.000
432800.000
467200.000
447600.000
460000.000
453600.000
442400.000
473600.000
451200.000
451600.000
465600.000
491600.000
436800.000
415200.000
414800.000
430000.000
454800.000
456000.000
460400.000
462400.000
461600.000
453200.000
464000.000
472000.000
452800.000
436800.000
499200.000
458400.000
423200.000
382400.000
339200.000
324400.000
344400.000
373600.000
428400.000
438800.000
458400.000
469200.000
446000.000
466400.000
478000.000
476000.000
491600.000
489600.000
518800.000
485600.000
482400.000
496000.000
508800.000
507200.000
491200.000
512000.000
530800.000
514400.000
487600.000
482000.000
492000.000
455200.000
480800.000
490400.000
488800.000
502400.000
521600.000
512800.000
519200.000
513200.000
543200.000
516400.000
508800.000
506400.000
510800.000
494400.000
504000.000
528400.000
524000.000
507200.000
493600.000
500000.000
484400.000
484400.000
534000.000
514800.000
509200.000
501200.000
530800.000
554400.000
538800.000
523200.000
530000.000
507200.000
540400.000
517200.000
529200.000
478400.000
499600.000
502400.000
494800.000
526400.000
516000.000
517600.000
536800.000
569200.000
564000.000
532000.000
519600.000
504000.000
519600.000
534000.000
560000.000
510000.000
544000.000
523600.000
506000.000
604400.000
706400.000
792000.000
804800.000
826800.000
669200.000
589200.000
550400.000
524000.000
535200.000
511600.000
525200.000
516000.000
498400.000
508000.000
487600.000
491200.000
502000.000
480400.000
489600.000
464400.000
448000.000
468800.000
464000.000
463200.000
478000.000
483200.000
487600.000
482000.000
458800.000
442400.000
489200.000
453200.000
466000.000
471200.000
450400.000
457200.000
482800.000
496000.000
454800.000
473200.000
456800.000
454800.000
459200.000
460800.000
498400.000
460400.000
462000.000
437200.000
460400.000
450400.000
349600.000
360400.000
356800.000
375600.000
363200.000
362800.000
372800.000
371200.000
368000.000
403600.000
402000.000
392000.000
400400.000
384800.000
392000.000
427600.000
396000.000
403200.000
421600.000
414000.000
399600.000
413600.000
397200.000
395600.000
411200.000
399200.000
441600.000
446000.000
433200.000
448800.000
416000.000
423200.000
468400.000
484000.000
459600.000
474000.000
481600.000
487600.000
463200.000
456400.000
491600.000
475200.000
480000.000
482800.000
461600.000
443600.000
459600.000
462800.000
420800.000
463600.000
446400.000
434000.000
463600.000
434400.000
462800.000
461600.000
450000.000
450000.000
439200.000
454400.000
466000.000
457200.000
456000.000
455200.000
470000.000
434000.000
392000.000
364400.000
309200.000
314400.000
356000.000
430400.000
421200.000
460400.000
485600.000
471200.000
477200.000
496400.000
488800.000
467600.000
500800.000
470800.000
515200.000
492800.000
499200.000
493200.000
478400.000
482800.000
524800.000
489200.000
485600.000
477200.000
456400.000
485600.000
485200.000
463200.000
506400.000
538800.000
482400.000
513200.000
473200.000
485600.000
495600.000
504000.000
509200.000
508000.000
483600.000
512800.000
522000.000
486000.000
543600.000
490000.000
502800.000
494800.000
462400.000
462400.000
501600.000
516000.000
516400.000
536800.000
517200.000
545200.000
561600.000
547200.000
530000.000
540800.000
497200.000
545600.000
533600.000
521600.000
541600.000
498800.000
528800.000
549600.000
510400.000
551200.000
539200.000
539200.000
586800.000
589200.000
554000.000
543200.000
544800.000
510000.000
568000.000
570800.000
539200.000
527600.000
546800.000
526000.000
512000.000
547200.000
568000.000
613200.000
610000.000
535200.000
558800.000
493600.000
499200.000
526800.000
500400.000
525600.000
510800.000
490400.000
516000.000
513200.000
495600.000
473200.000
488400.000
476800.000
479200.000
476400.000
485600.000
483600.000
474000.000
465600.000
504800.000
472800.000
448400.000
463200.000
464400.000
457600.000
460800.000
481600.000
472400.000
470000.000
486000.000
482000.000
464800.000
478000.000
462000.000
462400.000
454800.000
454000.000
481600.000
432800.000
447200.000
439600.000
439600.000
435600.000
437600.000
382000.000
364800.000
376000.000
378400.000
365200.000
380000.000
374800.000
377200.000
390800.000
416400.000
377200.000
417600.000
387600.000
398400.000
389600.000
407200.000
411600.000
462400.000
434000.000
434000.000
449600.000
414800.000
418400.000
435600.000
396400.000
431200.000
439600.000
458400.000
467200.000
448400.000
411200.000
462000.000
436000.000
457600.000
486800.000
489200.000
458000.000
506800.000
486400.000
479200.000
491600.000
465200.000
499600.000
477600.000
433200.000
470400.000
450800.000
442000.000
446000.000
412800.000
432000.000
420000.000
444000.000
438400.000
430800.000
422000.000
421600.000
431200.000
451600.000
509200.000
472000.000
471200.000
467200.000
456400.000
441600.000
422400.000
407200.000
315600.000
285200.000
284000.000
348800.000
385600.000
400400.000
468800.000
457600.000
457200.000
484800.000
475200.000
493200.000
478400.000
484000.000
472800.000
474800.000
493600.000
501600.000
525200.000
494000.000
487200.000
491200.000
485600.000
488000.000
465600.000
466400.000
474400.000
464800.000
512000.000
499600.000
498000.000
506400.000
497200.000
499200.000
473200.000
494400.000
510000.000
494000.000
504000.000
521600.000
516000.000
486000.000
516800.000
487600.000
461600.000
475200.000
470000.000
475600.000
484800.000
484400.000
500800.000
506800.000
506400.000
538000.000
546000.000
540000.000
560800.000
545200.000
547600.000
543600.000
517200.000
545600.000
505200.000
510000.000
516800.000
500400.000
483200.000
514000.000
508000.000
534800.000
541600.000
538800.000
548000.000
575200.000
584000.000
582800.000
557200.000
538800.000
546800.000
541600.000
539600.000
533600.000
527600.000
527200.000
508000.000
545600.000
544000.000
523600.000
503200.000
476400.000
515600.000
518800.000
519600.000
495600.000
525200.000
494000.000
480000.000
496000.000
494800.000
480400.000
493200.000
504000.000
483200.000
494400.000
490400.000
467600.000
486400.000
511200.000
494400.000
508000.000
487200.000
473600.000
484000.000
446000.000
480800.000
483600.000
486800.000
477600.000
493600.000
476800.000
471200.000
436400.000
455200.000
454400.000
449200.000
433600.000
440800.000
450800.000
442800.000
439200.000
420000.000
462400.000
448000.000
458800.000
378000.000
348000.000
375200.000
370800.000
352000.000
363200.000
387600.000
359600.000
390000.000
408400.000
376800.000
402400.000
379600.000
398800.000
412800.000
420400.000
417600.000
426000.000
419600.000
450000.000
440800.000
440000.000
424800.000
410400.000
415600.000
446400.000
422000.000
457600.000
428400.000
433200.000
436000.000
448800.000
425600.000
442000.000
454000.000
450800.000
435600.000
468800.000
478000.000
464000.000
442000.000
490400.000
452800.000
461600.000
450400.000
465200.000
458000.000
414000.000
445200.000
448400.000
436000.000
453200.000
445600.000
463600.000
449200.000
471200.000
464000.000
452000.000
471200.000
477600.000
481200.000
458000.000
472000.000
439600.000
447200.000
419600.000
364800.000
320800.000
302400.000
291600.000
328000.000
339200.000
428000.000
435600.000
424400.000
482000.000
477200.000
474800.000
472000.000
458800.000
432400.000
442800.000
448400.000
480800.000
479200.000
457200.000
480400.000
500400.000
499200.000
479600.000
503600.000
500000.000
476400.000
467200.000
514400.000
522400.000
480800.000
502000.000
510400.000
486000.000
513600.000
509200.000
486000.000
527600.000
510400.000
514800.000
484800.000
484400.000
488400.000
495600.000
446800.000
481200.000
476800.000
485200.000
478800.000
464800.000
516000.000
529600.000
514000.000
496000.000
504400.000
534800.000
559200.000
548400.000
523600.000
530800.000
521200.000
522800.000
528400.000
518000.000
504400.000
519200.000
485600.000
494400.000
495200.000
508400.000
556000.000
498400.000
528400.000
543200.000
545600.000
550000.000
591600.000
572800.000
549600.000
551600.000
521600.000
532000.000
545200.000
547600.000
614000.000
548400.000
583600.000
569600.000
538000.000
504000.000
506000.000
506000.000
524000.000
517600.000
522400.000
487600.000
522000.000
517200.000
493600.000
464000.000
483200.000
505200.000
515600.000
533200.000
502000.000
488400.000
481200.000
490800.000
516000.000
484000.000
484400.000
485600.000
477200.000
461600.000
464800.000
464800.000
498000.000
482400.000
480400.000
474800.000
479200.000
482000.000
474400.000
463200.000
475200.000
467200.000
460800.000
460400.000
472400.000
430000.000
470000.000
446000.000
441200.000
431600.000
460400.000
367600.000
362800.000
380400.000
379600.000
384800.000
356400.000
389600.000
389200.000
366000.000
383200.000
365600.000
396400.000
395200.000
417600.000
415200.000
412400.000
417200.000
452000.000
432400.000
405200.000
450400.000
442400.000
425200.000
450800.000
415200.000
446800.000
470400.000
450000.000
450000.000
436400.000
410400.000
436400.000
432000.000
443200.000
490000.000
445200.000
492800.000
506800.000
470400.000
455600.000
478000.000
464400.000
471200.000
474000.000
472800.000
482800.000
459200.000
451600.000
462400.000
437200.000
448800.000
469200.000
447200.000
452400.000
492800.000
460400.000
501200.000
471600.000
496400.000
482800.000
488800.000
464400.000
436400.000
436000.000
451200.000
442800.000
402000.000
332800.000
280000.000
279600.000
342000.000
369600.000
391200.000
462800.000
448400.000
449600.000
455600.000
497600.000
464400.000
468000.000
474800.000
435200.000
424800.000
416800.000
475600.000
493600.000
506800.000
533200.000
503600.000
505600.000
491600.000
457200.000
485200.000
497600.000
482000.000
513600.000
486800.000
493600.000
486400.000
522800.000
466000.000
484000.000
477200.000
463600.000
491600.000
498000.000
509600.000
496800.000
500000.000
460000.000
468000.000
438400.000
450000.000
462800.000
449200.000
494800.000
496400.000
502400.000
490400.000
487200.000
498800.000
516400.000
542800.000
524400.000
508000.000
511600.000
518400.000
515200.000
520000.000
521200.000
502800.000
484000.000
499200.000
472400.000
485200.000
518000.000
506000.000
486400.000
532000.000
520400.000
543600.000
540000.000
539600.000
562800.000
554400.000
541200.000
553600.000
551600.000
538400.000
538800.000
535200.000
550800.000
546800.000
524800.000
540000.000
524400.000
495600.000
511200.000
507200.000
546800.000
534000.000
524800.000
505600.000
479200.000
481600.000
492800.000
501600.000
500400.000
506800.000
488400.000
484800.000
468000.000
476800.000
475200.000
506400.000
474000.000
457600.000
458800.000
476800.000
489600.000
480800.000
459200.000
476000.000
507200.000
471200.000
466000.000
492000.000
464000.000
439200.000
453600.000
461600.000
485200.000
435200.000
445600.000
440400.000
454400.000
434000.000
456400.000
473600.000
454000.000
450000.000
374000.000
374800.000
384800.000
388400.000
380000.000
366400.000
388800.000
388800.000
376800.000
399600.000
390400.000
414000.000
415600.000
412800.000
438400.000
430000.000
428800.000
422000.000
442800.000
427600.000
431200.000
430000.000
400000.000
428400.000
399200.000
435600.000
440000.000
431200.000
400400.000
418400.000
422400.000
443200.000
439200.000
447200.000
450400.000
495600.000
454000.000
468400.000
502800.000
451200.000
478400.000
477200.000
453600.000
470800.000
481600.000
424000.000
483200.000
444000.000
456800.000
450800.000
453600.000
460800.000
450000.000
444800.000
445600.000
450800.000
443200.000
518400.000
476400.000
450800.000
472400.000
453600.000
462400.000
456400.000
442000.000
408000.000
382400.000
336800.000
273200.000
276000.000
305600.000
364400.000
390000.000
441200.000
437200.000
459200.000
449600.000
463200.000
429200.000
430000.000
446000.000
413600.000
428000.000
431200.000
475200.000
519200.000
535600.000
502400.000
499600.000
486800.000
484800.000
490000.000
483600.000
504400.000
511200.000
508800.000
498800.000
472000.000
492000.000
502800.000
487200.000
500000.000
472400.000
465200.000
479200.000
460000.000
475600.000
492400.000
481600.000
480800.000
483200.000
468400.000
454400.000
464800.000
448400.000
459600.000
504000.000
492000.000
495600.000
465200.000
470400.000
496800.000
517600.000
477200.000
488000.000
489600.000
514800.000
522000.000
492800.000
511200.000
518800.000
478800.000
524400.000
518800.000
492400.000
524800.000
511200.000
546000.000
550400.000
504000.000
526000.000
551200.000
556800.000
560000.000
548400.000
540800.000
554400.000
508000.000
527600.000
518000.000
503600.000
500400.000
507600.000
509600.000
508400.000
527200.000
512400.000
521200.000
534800.000
513200.000
530000.000
510800.000
540800.000
515600.000
512800.000
488800.000
506800.000
514400.000
520800.000
496400.000
521200.000
502400.000
471600.000
474000.000
483200.000
457600.000
483600.000
475200.000
481600.000
477600.000
504000.000
506800.000
524400.000
478000.000
468400.000
456400.000
456800.000
432400.000
474000.000
447600.000
472800.000
466800.000
464800.000
459200.000
469600.000
480800.000
456800.000
472800.000
498800.000
489600.000
498400.000
406400.000
370800.000
375200.000
360000.000
365200.000
388000.000
361200.000
374000.000
377600.000
404800.000
399600.000
408400.000
390800.000
436400.000
400800.000
420400.000
407600.000
397600.000
412800.000
414400.000
419200.000
419200.000
425200.000
424800.000
467200.000
431200.000
421200.000
426400.000
401200.000
421200.000
452400.000
449600.000
432400.000
482800.000
444800.000
498000.000
476800.000
484400.000
460000.000
470400.000
432400.000
483600.000
458000.000
484000.000
474800.000
474000.000
460000.000
455200.000
438000.000
443600.000
454000.000
423600.000
441600.000
460400.000
426400.000
464400.000
443200.000
492000.000
492400.000
488800.000
463200.000
463200.000
426000.000
416400.000
464000.000
404400.000
369200.000
334400.000
284400.000
326000.000
320000.000
376400.000
420400.000
431600.000
460400.000
451600.000
455200.000
460000.000
460000.000
439200.000
427200.000
437200.000
448400.000
498000.000
478400.000
497200.000
508400.000
504000.000
508800.000
482000.000
481600.000
502400.000
493200.000
488800.000
476400.000
483200.000
473600.000
496800.000
464000.000
462000.000
500000.000
481600.000
509200.000
497200.000
495200.000
496000.000
471600.000
492800.000
476400.000
485200.000
496000.000
448400.000
448800.000
470800.000
446800.000
465600.000
484800.000
494400.000
488400.000
494000.000
497600.000
487200.000
482000.000
486000.000
468400.000
500800.000
503600.000
505600.000
506800.000
518800.000
534800.000
503200.000
510400.000
530000.000
500000.000
532400.000
540000.000
537600.000
505200.000
528400.000
525600.000
503600.000
570400.000
570800.000
560000.000
550400.000
538000.000
520800.000
495200.000
525600.000
542000.000
529600.000
525200.000
546400.000
510800.000
491200.000
517600.000
511200.000
513600.000
562800.000
519200.000
537600.000
524800.000
519600.000
502400.000
505600.000
504400.000
488000.000
524400.000
460400.000
484000.000
463200.000
502000.000
494000.000
495200.000
462000.000
466000.000
466400.000
490400.000
508000.000
512400.000
513200.000
492000.000
477200.000
500000.000
458400.000
432000.000
450800.000
438000.000
451200.000
454400.000
462800.000
444400.000
437200.000
506000.000
495200.000
492000.000
480000.000
502400.000
461600.000
476000.000
380000.000
380800.000
388400.000
385600.000
364000.000
370800.000
388800.000
376400.000
374400.000
398400.000
388800.000
388000.000
392400.000
445200.000
418800.000
392000.000
402400.000
423600.000
434400.000
396400.000
438800.000
426400.000
440400.000
428800.000
424400.000
440400.000
437200.000
415200.000
456800.000
439200.000
429200.000
480000.000
470000.000
472400.000
477600.000
444800.000
479200.000
501600.000
485600.000
449200.000
450000.000
427200.000
469600.000
472000.000
440000.000
462400.000
458800.000
459600.000
481600.000
446800.000
439600.000
445600.000
447600.000
451600.000
469200.000
438800.000
486000.000
468400.000
480000.000
474400.000
479600.000
486400.000
458800.000
450000.000
474800.000
432800.000
388000.000
321200.000
303600.000
293600.000
379200.000
405600.000
446400.000
428400.000
438000.000
429600.000
436400.000
446400.000
456400.000
464400.000
412800.000
468800.000
429200.000
457200.000
486000.000
486000.000
460000.000
504400.000
469600.000
480000.000
455200.000
484800.000
458000.000
501600.000
477600.000
517600.000
515600.000
485600.000
506000.000
486400.000
483200.000
498000.000
491600.000
501600.000
503200.000
484000.000
473200.000
508400.000
474800.000
476000.000
472800.000
474000.000
446800.000
468800.000
441200.000
475200.000
492400.000
474000.000
474800.000
494000.000
491200.000
479600.000
490400.000
471200.000
450000.000
481200.000
483600.000
480800.000
484400.000
505600.000
483600.000
498000.000
498400.000
525600.000
501600.000
512400.000
495200.000
530800.000
517200.000
501200.000
549200.000
550800.000
551600.000
516800.000
544000.000
551200.000
542000.000
520800.000
535600.000
516000.000
516400.000
502000.000
509600.000
503200.000
530400.000
540400.000
494800.000
500000.000
490000.000
496000.000
510000.000
500400.000
543200.000
512400.000
522400.000
513600.000
491600.000
493600.000
490800.000
445200.000
463600.000
452800.000
471600.000
473200.000
448000.000
475600.000
468000.000
496000.000
474800.000
509600.000
513600.000
493600.000
494400.000
522000.000
478000.000
462400.000
468800.000
464400.000
454000.000
456400.000
447600.000
449200.000
458400.000
463600.000
492000.000
474000.000
488400.000
483600.000
463600.000
464800.000
459600.000
390800.000
404800.000
390000.000
386800.000
370800.000
386800.000
394400.000
384800.000
416400.000
410400.000
405200.000
397600.000
392400.000
389600.000
426400.000
392400.000
413600.000
416800.000
411600.000
401600.000
442000.000
424000.000
447200.000
455600.000
424000.000
445600.000
434000.000
448800.000
435600.000
441200.000
472000.000
473200.000
456800.000
462800.000
445600.000
432800.000
501200.000
468800.000
470800.000
456400.000
459200.000
450000.000
477600.000
451600.000
457200.000
494400.000
460000.000
467200.000
438000.000
452800.000
464000.000
456400.000
425600.000
424400.000
409200.000
454000.000
462400.000
509200.000
510000.000
500000.000
488000.000
473200.000
444400.000
438400.000
464800.000
402000.000
421200.000
346000.000
326000.000
318000.000
376800.000
383200.000
421200.000
442800.000
454400.000
463600.000
465200.000
478400.000
465200.000
468400.000
458000.000
464000.000
460400.000
465200.000
438400.000
452800.000
474400.000
474800.000
503200.000
476400.000
484000.000
442800.000
478800.000
463200.000
471600.000
504400.000
517600.000
491200.000
502000.000
499600.000
508000.000
513600.000
522800.000
507600.000
476400.000
488400.000
463200.000
481600.000
484800.000
496400.000
489200.000
478400.000
448400.000
466000.000
451600.000
464800.000
469200.000
476800.000
501600.000
492400.000
492000.000
506000.000
510000.000
472000.000
460800.000
484800.000
488000.000
494400.000
478800.000
472800.000
496000.000
514800.000
492800.000
498000.000
486800.000
478800.000
512400.000
516800.000
488400.000
535600.000
566000.000
529200.000
521200.000
510400.000
522800.000
514800.000
523200.000
529600.000
528000.000
519600.000
538400.000
546400.000
519600.000
498400.000
528000.000
533200.000
550400.000
531600.000
515600.000
512800.000
496400.000
501600.000
530000.000
526000.000
519200.000
516400.000
507600.000
531600.000
482800.000
477600.000
457600.000
464400.000
441600.000
491200.000
495200.000
471200.000
464800.000
473600.000
492400.000
481200.000
472000.000
478800.000
494400.000
484800.000
461200.000
483200.000
450000.000
475600.000
480400.000
467600.000
448400.000
456400.000
476000.000
472000.000
464800.000
450800.000
458800.000
472400.000
478400.000
508000.000
489600.000
379600.000
388800.000
390000.000
386000.000
368000.000
347200.000
377600.000
390800.000
392800.000
408400.000
425600.000
417200.000
399200.000
414800.000
388400.000
430800.000
398800.000
392400.000
434000.000
432000.000
419600.000
456400.000
440000.000
434000.000
422800.000
429600.000
427600.000
445200.000
439600.000
453200.000
442400.000
429200.000
480800.000
444800.000
457200.000
472400.000
479600.000
461200.000
489200.000
458400.000
443200.000
437600.000
438000.000
460800.000
447600.000
451600.000
431200.000
431600.000
460800.000
442000.000
433600.000
449200.000
448000.000
447600.000
457200.000
481200.000
457600.000
482800.000
488800.000
475600.000
465200.000
460400.000
457200.000
456800.000
458800.000
438000.000
414800.000
369600.000
308400.000
306000.000
338000.000
400400.000
423600.000
423200.000
462800.000
442400.000
453200.000
448400.000
459600.000
444000.000
468400.000
462400.000
466000.000
445200.000
476800.000
478800.000
491200.000
466000.000
503600.000
474400.000
460000.000
524800.000
520800.000
504800.000
497200.000
481600.000
495600.000
500800.000
464400.000
497600.000
508400.000
504000.000
492400.000
497200.000
475600.000
518800.000
455600.000
480400.000
485600.000
506400.000
475600.000
452400.000
440800.000
444800.000
440400.000
470400.000
472000.000
486800.000
481600.000
464800.000
476800.000
488000.000
475600.000
483600.000
500000.000
488800.000
472400.000
448000.000
465200.000
465200.000
451200.000
448400.000
480000.000
460800.000
467600.000
457200.000
486800.000
484000.000
521200.000
537200.000
546800.000
544400.000
570400.000
532800.000
512000.000
500000.000
493200.000
515600.000
537600.000
528800.000
543200.000
510400.000
516000.000
504400.000
535200.000
520000.000
530400.000
516400.000
508400.000
485600.000
500800.000
507600.000
487600.000
527200.000
497200.000
533200.000
515600.000
482400.000
496000.000
521200.000
484000.000
491600.000
469600.000
481200.000
497600.000
472000.000
477600.000
473200.000
471200.000
442800.000
480000.000
485200.000
484800.000
492400.000
472800.000
476800.000
460800.000
467600.000
458400.000
464400.000
426400.000
474000.000
467600.000
453600.000
448800.000
459200.000
427600.000
458000.000
473200.000
474400.000
482000.000
390800.000
409600.000
396800.000
376800.000
405600.000
407600.000
398800.000
370800.000
392800.000
412400.000
411600.000
395600.000
404000.000
424400.000
376000.000
410000.000
439600.000
387200.000
424400.000
413200.000
436800.000
428400.000
443200.000
423200.000
431200.000
410800.000
424000.000
421600.000
446800.000
439600.000
452400.000
434000.000
440800.000
417200.000
410400.000
455600.000
455600.000
456400.000
461200.000
416400.000
456400.000
454400.000
447600.000
445200.000
434000.000
454800.000
450000.000
442800.000
446000.000
439200.000
451200.000
446800.000
456000.000
428400.000
473600.000
475600.000
468000.000
486000.000
466400.000
512800.000
482000.000
462000.000
441600.000
466800.000
463200.000
441200.000
406400.000
373200.000
305600.000
310400.000
344400.000
403600.000
416000.000
426800.000
444800.000
475200.000
468800.000
457200.000
467600.000
471200.000
460400.000
465200.000
458400.000
456000.000
448000.000
453600.000
445600.000
474800.000
486000.000
464400.000
478400.000
495200.000
462000.000
502400.000
476400.000
478000.000
480400.000
466400.000
496400.000
492400.000
501200.000
510400.000
504000.000
500400.000
500400.000
472400.000
478400.000
487600.000
510000.000
498400.000
476000.000
482000.000
434000.000
454400.000
439600.000
469200.000
463200.000
464800.000
457200.000
500000.000
496000.000
494800.000
492400.000
481600.000
486400.000
457600.000
469200.000
480800.000
483200.000
489600.000
451200.000
462000.000
468000.000
481200.000
457200.000
472400.000
479600.000
490800.000
507200.000
515200.000
554400.000
561600.000
528800.000
539200.000
515600.000
504400.000
516000.000
549200.000
503200.000
512800.000
520000.000
532800.000
566000.000
542800.000
570800.000
557600.000
578400.000
562800.000
532000.000
520000.000
493200.000
526400.000
528800.000
512000.000
518000.000
510400.000
510400.000
486800.000
522400.000
545200.000
491200.000
484000.000
491600.000
478400.000
498800.000
511600.000
500000.000
472800.000
481600.000
484800.000
506400.000
495200.000
515600.000
491200.000
510400.000
474800.000
503600.000
466800.000
494000.000
472400.000
443200.000
458800.000
467600.000
482000.000
428000.000
447600.000
434400.000
461200.000
438000.000
486400.000
475600.000
405600.000
406800.000
424400.000
412800.000
418400.000
408400.000
394400.000
403600.000
442400.000
419600.000
447600.000
428000.000
429600.000
400400.000
407200.000
398000.000
434800.000
424800.000
433600.000
448000.000
444000.000
431600.000
435600.000
412400.000
423200.000
409600.000
422400.000
438800.000
438000.000
448400.000
450000.000
421600.000
424800.000
446000.000
464800.000
464000.000
461200.000
449600.000
437200.000
436000.000
438000.000
461600.000
439200.000
431600.000
441600.000
414400.000
448400.000
426400.000
440400.000
450400.000
431600.000
424400.000
447200.000
463200.000
467600.000
478000.000
506400.000
477600.000
476000.000
494000.000
498400.000
486000.000
463600.000
427200.000
447200.000
427200.000
412000.000
357600.000
344800.000
310400.000
306800.000
382000.000
414800.000
432800.000
432800.000
473600.000
442800.000
453600.000
425200.000
458800.000
477600.000
444400.000
467600.000
432800.000
478000.000
445600.000
476800.000
474800.000
480800.000
485200.000
467600.000
514400.000
504800.000
503600.000
496000.000
513600.000
497200.000
474000.000
498000.000
483200.000
462000.000
464000.000
482400.000
470000.000
442400.000
481600.000
462800.000
490400.000
525200.000
535600.000
465600.000
473200.000
487200.000
457200.000
455200.000
422800.000
475200.000
514000.000
470000.000
504800.000
484400.000
508800.000
520000.000
501200.000
502800.000
477200.000
487200.000
475600.000
470400.000
450000.000
475600.000
482000.000
452000.000
455600.000
482000.000
456000.000
472800.000
495600.000
521600.000
522800.000
546800.000
574400.000
545200.000
543600.000
536000.000
507200.000
537600.000
525200.000
536000.000
518000.000
576000.000
545600.000
555200.000
601200.000
560800.000
573600.000
578400.000
538000.000
526800.000
518400.000
528000.000
536000.000
518000.000
518400.000
537600.000
524400.000
512800.000
505600.000
506000.000
488000.000
490000.000
474400.000
486400.000
471200.000
485200.000
496800.000
480400.000
461200.000
484800.000
477600.000
506400.000
537600.000
490800.000
506800.000
497600.000
466400.000
480000.000
500000.000
469600.000
494400.000
501600.000
480000.000
447200.000
473600.000
456800.000
424800.000
418400.000
452000.000
462000.000
468000.000
480000.000
401600.000
403200.000
412400.000
389600.000
406400.000
417600.000
393200.000
400400.000
398400.000
412400.000
452000.000
430400.000
410400.000
444000.000
400400.000
386400.000
414800.000
432400.000
450400.000
444800.000
451600.000
444800.000
439600.000
398000.000
392400.000
385600.000
420000.000
439600.000
428400.000
419600.000
430000.000
420000.000
433200.000
435600.000
440800.000
439600.000
444000.000
438800.000
447200.000
432800.000
420400.000
443200.000
464800.000
460400.000
426800.000
454000.000
434400.000
458400.000
438800.000
458800.000
451200.000
443600.000
458800.000
472400.000
491200.000
460800.000
468000.000
493600.000
476800.000
494000.000
481200.000
491600.000
465600.000
475600.000
478400.000
433200.000
400400.000
375600.000
300800.000
312000.000
298000.000
370800.000
395200.000
392800.000
448800.000
453200.000
462400.000
457600.000
465600.000
425200.000
452000.000
462000.000
493600.000
493200.000
474000.000
459200.000
485600.000
480000.000
469600.000
475600.000
493600.000
522400.000
514800.000
509200.000
502800.000
546400.000
507200.000
505600.000
505600.000
489200.000
460400.000
462000.000
488400.000
475600.000
490800.000
519200.000
521600.000
530800.000
560000.000
508400.000
498400.000
512400.000
496400.000
474800.000
464800.000
479600.000
487600.000
460000.000
495200.000
480400.000
527200.000
501600.000
491200.000
490800.000
483600.000
470800.000
511600.000
469600.000
472800.000
484400.000
457200.000
472000.000
454400.000
446000.000
491600.000
470800.000
487200.000
464000.000
512400.000
528000.000
539600.000
519200.000
529600.000
516000.000
517200.000
522000.000
551600.000
537200.000
511600.000
539200.000
545600.000
542800.000
552000.000
558800.000
598000.000
570800.000
561200.000
537600.000
540000.000
508400.000
554400.000
512800.000
543200.000
528800.000
514000.000
497200.000
477600.000
485200.000
500000.000
462800.000
490400.000
464000.000
462400.000
441600.000
461600.000
525600.000
462000.000
477200.000
490800.000
510400.000
490800.000
469600.000
516000.000
497200.000
479600.000
483600.000
462400.000
488800.000
496400.000
494800.000
502000.000
495600.000
464000.000
480000.000
426000.000
434000.000
457200.000
450400.000
455600.000
450000.000
433200.000
376000.000
418400.000
406000.000
394800.000
432400.000
425600.000
419200.000
412800.000
408400.000
413200.000
417600.000
424800.000
433600.000
443200.000
419200.000
422400.000
449200.000
433200.000
421200.000
470800.000
439600.000
433600.000
434400.000
394400.000
380000.000
391200.000
404000.000
440000.000
425200.000
441200.000
435600.000
416000.000
438000.000
449600.000
425200.000
447200.000
439200.000
435200.000
412000.000
398000.000
428000.000
472000.000
464000.000
483200.000
473200.000
446000.000
466000.000
473200.000
471600.000
475200.000
470800.000
434800.000
462800.000
458400.000
480800.000
474800.000
494800.000
470000.000
494400.000
483200.000
487200.000
453200.000
470000.000
460400.000
464800.000
456000.000
398800.000
382800.000
303600.000
260400.000
317600.000
388400.000
383200.000
422000.000
489200.000
461600.000
450000.000
465200.000
448400.000
442000.000
466400.000
484400.000
463200.000
491200.000
450000.000
461200.000
446800.000
468000.000
478400.000
487600.000
517200.000
522400.000
487600.000
528000.000
493600.000
513200.000
516400.000
510000.000
520800.000
524400.000
488400.000
486800.000
506000.000
474800.000
486400.000
510000.000
514000.000
533600.000
520000.000
512000.000
515600.000
469600.000
512400.000
493200.000
482800.000
471200.000
474800.000
469200.000
488000.000
501200.000
496000.000
521600.000
480000.000
484400.000
492000.000
465200.000
479600.000
480400.000
494000.000
499200.000
499600.000
476400.000
476000.000
458400.000
488400.000
463600.000
475600.000
481200.000
482800.000
534000.000
503600.000
512800.000
512400.000
509200.000
498000.000
511600.000
544800.000
552800.000
508800.000
522800.000
540000.000
510000.000
586000.000
534000.000
547600.000
536000.000
550800.000
542800.000
528000.000
518400.000
529600.000
553200.000
538000.000
564400.000
531600.000
491200.000
502000.000
458000.000
518400.000
512800.000
486000.000
455600.000
488000.000
466400.000
522000.000
510800.000
486000.000
494000.000
479600.000
496800.000
513600.000
540400.000
504400.000
480000.000
474400.000
444400.000
460400.000
479200.000
483200.000
517200.000
508400.000
500800.000
478000.000
450800.000
458800.000
427200.000
446000.000
469600.000
436400.000
440400.000
423600.000
397600.000
425600.000
423200.000
426000.000
425600.000
421200.000
436800.000
444000.000
406000.000
421200.000
424400.000
423600.000
437600.000
412800.000
396800.000
427200.000
469600.000
430400.000
448800.000
437600.000
438000.000
417600.000
441600.000
400000.000
417600.000
380800.000
391200.000
442800.000
404800.000
468800.000
442800.000
427200.000
458800.000
408800.000
411200.000
412800.000
401600.000
398400.000
432800.000
433200.000
438800.000
466400.000
465600.000
461200.000
462400.000
458800.000
466000.000
442400.000
454800.000
454400.000
438800.000
412000.000
432400.000
444400.000
480400.000
487200.000
491600.000
487200.000
476400.000
487600.000
449200.000
479600.000
470400.000
462800.000
486400.000
442000.000
424400.000
348400.000
301200.000
278400.000
281600.000
356400.000
363200.000
422000.000
469200.000
462000.000
443200.000
421200.000
438000.000
446800.000
474800.000
478800.000
508400.000
467200.000
472400.000
486800.000
452000.000
476400.000
516000.000
498400.000
520000.000
515600.000
496800.000
516000.000
518000.000
512400.000
524000.000
522400.000
518400.000
519600.000
507200.000
509200.000
490800.000
506800.000
502000.000
520800.000
526400.000
524400.000
547200.000
503200.000
486800.000
488400.000
512800.000
527200.000
472800.000
472000.000
494800.000
504800.000
486000.000
510000.000
504000.000
514400.000
496000.000
510000.000
501600.000
457600.000
478000.000
506400.000
496800.000
484000.000
489600.000
479600.000
488000.000
471600.000
467200.000
483600.000
432400.000
456400.000
479200.000
480800.000
482800.000
504400.000
516000.000
532400.000
521200.000
522400.000
496000.000
523200.000
523200.000
539200.000
522800.000
545600.000
507600.000
535600.000
512800.000
544000.000
558800.000
532000.000
511200.000
534000.000
551200.000
554400.000
556000.000
585200.000
553200.000
545200.000
511600.000
508000.000
494000.000
482000.000
484000.000
455600.000
456800.000
467200.000
484000.000
491200.000
480400.000
449200.000
480800.000
497200.000
552000.000
516000.000
502400.000
466400.000
455600.000
446800.000
462800.000
484000.000
507200.000
522000.000
494000.000
477200.000
475200.000
434800.000
439200.000
431200.000
446400.000
440000.000
434400.000
417200.000
437600.000
446400.000
427200.000
413600.000
450000.000
424000.000
444800.000
426000.000
436000.000
434400.000
429600.000
414000.000
409200.000
405200.000
421600.000
445600.000
448000.000
436400.000
416000.000
410800.000
424400.000
409600.000
423600.000
399600.000
400800.000
390400.000
404400.000
425600.000
427600.000
453600.000
462400.000
460400.000
456000.000
450400.000
444000.000
396400.000
412400.000
406400.000
392000.000
388400.000
417600.000
452400.000
434800.000
492400.000
472400.000
466000.000
471200.000
450000.000
435200.000
436000.000
460000.000
446800.000
439600.000
411200.000
436400.000
464400.000
457600.000
482400.000
493600.000
464000.000
459600.000
487200.000
483600.000
454800.000
472400.000
492000.000
476800.000
430800.000
379600.000
307200.000
281200.000
290000.000
310800.000
365600.000
433200.000
424400.000
441200.000
453200.000
455600.000
427600.000
448800.000
469200.000
484400.000
484400.000
462400.000
499600.000
469200.000
489200.000
486400.000
466400.000
494400.000
506800.000
513600.000
500800.000
510400.000
516400.000
512000.000
538400.000
506400.000
516000.000
541200.000
564800.000
553600.000
491200.000
495200.000
502400.000
502400.000
547600.000
542400.000
551200.000
504000.000
507200.000
495600.000
502000.000
507600.000
514400.000
527600.000
496000.000
474800.000
479200.000
471600.000
519200.000
549600.000
507600.000
517200.000
515600.000
478400.000
467600.000
501200.000
492800.000
507600.000
475600.000
487600.000
486000.000
465600.000
462400.000
452000.000
446400.000
443200.000
453600.000
457600.000
473600.000
472800.000
524000.000
482400.000
488800.000
512400.000
496800.000
493600.000
512400.000
504400.000
558800.000
529600.000
531200.000
515200.000
525200.000
517200.000
550800.000
534000.000
517200.000
538800.000
525600.000
536800.000
566000.000
565200.000
553200.000
549200.000
512000.000
486400.000
528000.000
482800.000
499600.000
478000.000
487200.000
485200.000
519600.000
512800.000
484400.000
500400.000
494800.000
500800.000
489600.000
526800.000
519600.000
510400.000
481200.000
469200.000
442800.000
472800.000
487600.000
509200.000
512800.000
487200.000
454800.000
445200.000
437200.000
440400.000
486800.000
448800.000
480800.000
465600.000
463200.000
458000.000
437600.000
432800.000
450800.000
419600.000
457600.000
454800.000
439200.000
404400.000
412400.000
424400.000
438800.000
392000.000
428800.000
441200.000
422000.000
446800.000
426000.000
412000.000
434000.000
416000.000
420000.000
423200.000
409200.000
398400.000
412800.000
404400.000
441200.000
468400.000
447200.000
465600.000
482400.000
430000.000
459200.000
417600.000
394000.000
428000.000
397200.000
392000.000
447600.000
448400.000
491200.000
478000.000
459600.000
467200.000
473600.000
465600.000
447200.000
428400.000
433200.000
421600.000
446400.000
441600.000
437200.000
442800.000
473200.000
487600.000
490400.000
495200.000
472400.000
468800.000
454400.000
458800.000
464400.000
478400.000
479600.000
408800.000
358800.000
343200.000
299600.000
307200.000
291600.000
404400.000
412800.000
430000.000
433200.000
448800.000
433200.000
455200.000
472400.000
474800.000
454000.000
470000.000
520000.000
479200.000
461200.000
476800.000
469600.000
484000.000
490800.000
498000.000
511600.000
509600.000
509200.000
526000.000
503600.000
486000.000
507600.000
495200.000
515200.000
544400.000
519600.000
542400.000
498000.000
492000.000
522400.000
582000.000
558800.000
552800.000
498000.000
515600.000
519200.000
504000.000
494400.000
503200.000
515600.000
515200.000
504400.000
496400.000
516400.000
502400.000
509600.000
513200.000
543200.000
534400.000
499200.000
493600.000
487200.000
502800.000
518800.000
475200.000
484000.000
495200.000
460800.000
482800.000
458400.000
460000.000
437600.000
436000.000
452000.000
482800.000
482400.000
477200.000
499200.000
481600.000
468400.000
485200.000
504000.000
519200.000
510400.000
521200.000
482000.000
502800.000
515600.000
540400.000
525600.000
542800.000
529600.000
499600.000
521200.000
548000.000
535600.000
525600.000
553600.000
565600.000
546000.000
492000.000
534000.000
514800.000
492800.000
483600.000
502800.000
497200.000
476800.000
513600.000
519200.000
464800.000
500000.000
482000.000
480000.000
467200.000
502400.000
488000.000
512400.000
466000.000
499200.000
479200.000
500400.000
489200.000
475200.000
459200.000
471200.000
440800.000
476400.000
472400.000
475200.000
470800.000
512400.000
494400.000
498000.000
486800.000
426000.000
400800.000
422000.000
424400.000
436400.000
456400.000
429600.000
419200.000
455200.000
414800.000
443200.000
421200.000
421200.000
444000.000
428000.000
434000.000
456800.000
448800.000
416800.000
443600.000
411600.000
403600.000
414400.000
432000.000
419600.000
438800.000
414800.000
461200.000
473200.000
443600.000
462000.000
439600.000
446000.000
430000.000
437200.000
434400.000
390000.000
414800.000
407200.000
437600.000
436400.000
450800.000
451200.000
467200.000
444000.000
465600.000
456400.000
452800.000
405600.000
442000.000
444800.000
427200.000
466000.000
439200.000
473600.000
482400.000
475600.000
493200.000
434400.000
455200.000
456800.000
461600.000
456000.000
490400.000
464400.000
464000.000
401600.000
373200.000
313600.000
286800.000
298000.000
340400.000
410000.000
400000.000
426400.000
468400.000
438000.000
428000.000
496800.000
474400.000
473600.000
484400.000
485200.000
512800.000
478800.000
488800.000
505600.000
502000.000
453600.000
505200.000
511600.000
519600.000
524800.000
521600.000
494400.000
528800.000
490800.000
526400.000
522800.000
480000.000
514000.000
512800.000
516800.000
505200.000
498800.000
542000.000
558800.000
544800.000
582000.000
557200.000
540400.000
523200.000
546400.000
534400.000
508000.000
528400.000
540400.000
484400.000
497200.000
489200.000
531600.000
524400.000
524000.000
533200.000
510000.000
515200.000
492000.000
502800.000
498800.000
502000.000
501200.000
470400.000
472000.000
458000.000
458000.000
460800.000
457600.000
464400.000
468400.000
489600.000
456000.000
478400.000
468400.000
491200.000
493200.000
506000.000
490400.000
476800.000
497200.000
511200.000
485600.000
502800.000
495600.000
526800.000
522800.000
500400.000
526000.000
531600.000
519200.000
482800.000
488800.000
546800.000
559600.000
509600.000
506000.000
542800.000
527600.000
527600.000
519200.000
493600.000
512800.000
481600.000
487600.000
509600.000
478400.000
515600.000
506400.000
515600.000
496800.000
478000.000
496000.000
523200.000
525600.000
513600.000
470800.000
491600.000
469600.000
473600.000
491600.000
482000.000
466800.000
488400.000
452800.000
451600.000
465200.000
498800.000
460000.000
484000.000
480400.000
480800.000
475600.000
378400.000
419200.000
429600.000
420000.000
431600.000
426800.000
436800.000
428400.000
434000.000
409600.000
413600.000
427200.000
411200.000
443600.000
452400.000
453200.000
459600.000
460000.000
461200.000
439600.000
439200.000
432000.000
425200.000
417200.000
437600.000
424000.000
426800.000
480400.000
450400.000
446400.000
460400.000
429600.000
442400.000
418800.000
418800.000
456800.000
426800.000
436400.000
464400.000
420400.000
435200.000
445200.000
445600.000
459600.000
414000.000
440000.000
420000.000
419600.000
416800.000
426000.000
417200.000
407600.000
444000.000
449600.000
447200.000
470400.000
444000.000
443600.000
462000.000
474000.000
471200.000
448800.000
461200.000
482000.000
460000.000
447600.000
412400.000
405600.000
312400.000
291600.000
287600.000
371600.000
374400.000
411200.000
439200.000
462400.000
444400.000
476000.000
469600.000
445600.000
473600.000
452400.000
487200.000
480000.000
482000.000
488800.000
494800.000
492400.000
488800.000
497600.000
483600.000
499200.000
495600.000
522400.000
533200.000
518800.000
501600.000
536400.000
482000.000
528000.000
509600.000
506000.000
469600.000
490800.000
497600.000
512000.000
560000.000
578800.000
567200.000
533600.000
567200.000
558800.000
526400.000
554400.000
528400.000
523600.000
510000.000
480800.000
482400.000
504400.000
510400.000
518000.000
532000.000
512800.000
527600.000
503600.000
520400.000
510800.000
505200.000
493200.000
486800.000
489600.000
442800.000
472800.000
467200.000
461600.000
472400.000
445200.000
488000.000
465600.000
453600.000
482400.000
482000.000
495600.000
481600.000
470400.000
496400.000
509600.000
490000.000
539600.000
469200.000
489200.000
496400.000
499600.000
508400.000
538800.000
491600.000
509600.000
505600.000
480000.000
495200.000
510400.000
525600.000
514800.000
537600.000
515600.000
542000.000
498800.000
488000.000
465200.000
478000.000
487600.000
485200.000
509600.000
498400.000
518400.000
506400.000
502000.000
473600.000
502800.000
513200.000
504000.000
487600.000
501200.000
502800.000
490400.000
481600.000
490400.000
504400.000
506400.000
455200.000
487600.000
490000.000
472400.000
485200.000
481200.000
474800.000
477200.000
453600.000
448000.000
456800.000
404800.000
422400.000
438800.000
420400.000
424800.000
421600.000
421200.000
435200.000
429600.000
406800.000
417600.000
430400.000
430000.000
447200.000
439200.000
437600.000
458000.000
456800.000
463200.000
460400.000
442800.000
452000.000
445200.000
415600.000
435200.000
436000.000
428000.000
463200.000
461200.000
416000.000
464000.000
431600.000
463600.000
427200.000
422000.000
442400.000
410000.000
425200.000
441200.000
422000.000
449600.000
444000.000
422000.000
424400.000
454000.000
441200.000
442800.000
429200.000
397600.000
410400.000
414000.000
409600.000
447600.000
413600.000
447600.000
472000.000
446000.000
476800.000
444400.000
448400.000
451200.000
458000.000
454800.000
464400.000
483200.000
487200.000
442000.000
399600.000
326800.000
300000.000
296800.000
359600.000
376400.000
418800.000
456800.000
445600.000
460800.000
474400.000
466400.000
478000.000
479600.000
476000.000
470400.000
518400.000
505200.000
494400.000
462800.000
490400.000
522800.000
500400.000
476400.000
515600.000
477200.000
527200.000
544800.000
503600.000
528000.000
508800.000
510800.000
508400.000
473200.000
497600.000
525200.000
495600.000
503600.000
547600.000
543600.000
575600.000
559600.000
558000.000
554400.000
566000.000
570800.000
557200.000
525200.000
553600.000
489200.000
536400.000
530000.000
508400.000
496000.000
489600.000
509600.000
517600.000
470000.000
511200.000
473200.000
523200.000
487600.000
482400.000
482800.000
493600.000
450400.000
453600.000
454800.000
464800.000
450800.000
477600.000
478800.000
468400.000
480000.000
477200.000
488400.000
466800.000
465200.000
464000.000
474800.000
510400.000
489600.000
466000.000
474000.000
476800.000
524400.000
509600.000
523200.000
529200.000
519600.000
507200.000
467600.000
491200.000
504000.000
507200.000
518400.000
518800.000
546000.000
522400.000
484800.000
507600.000
490000.000
490400.000
505600.000
484400.000
494000.000
518400.000
475200.000
515600.000
494400.000
496400.000
489600.000
495200.000
482400.000
515600.000
495600.000
495200.000
496800.000
496000.000
512400.000
504800.000
511200.000
466800.000
490800.000
466800.000
472000.000
482800.000
490000.000
494000.000
474800.000
461600.000
470800.000
472400.000
482400.000
419200.000
399200.000
412400.000
425200.000
410000.000
425200.000
430800.000
435600.000
435600.000
397600.000
391600.000
416800.000
433200.000
437200.000
458800.000
446000.000
448000.000
457200.000
476400.000
477200.000
475200.000
427200.000
480800.000
454000.000
477200.000
455200.000
467200.000
453200.000
434800.000
439600.000
430400.000
441200.000
438000.000
464800.000
440400.000
433600.000
439600.000
389200.000
430000.000
426000.000
418400.000
439600.000
452000.000
471200.000
443600.000
444800.000
421200.000
431600.000
423200.000
405600.000
448800.000
422800.000
435600.000
436000.000
462000.000
467600.000
486400.000
465200.000
450800.000
444000.000
440400.000
442800.000
452000.000
441600.000
469200.000
452000.000
422800.000
388000.000
352800.000
306800.000
293200.000
354800.000
392000.000
411200.000
465600.000
458800.000
458400.000
475600.000
489600.000
465200.000
494800.000
498000.000
480400.000
474400.000
463200.000
460800.000
472800.000
474400.000
504000.000
492400.000
485600.000
479600.000
509600.000
490400.000
516400.000
528400.000
527600.000
545200.000
548400.000
521600.000
546800.000
535200.000
536400.000
564800.000
506800.000
554000.000
563600.000
556400.000
554400.000
569600.000
557600.000
578400.000
554000.000
562800.000
517200.000
546000.000
514800.000
554000.000
492000.000
514800.000
525600.000
482400.000
485200.000
465200.000
482400.000
448000.000
474800.000
493600.000
468800.000
498800.000
474400.000
474800.000
447600.000
454400.000
447200.000
450800.000
484800.000
502800.000
488400.000
459200.000
464400.000
481200.000
465600.000
459200.000
466000.000
493600.000
459600.000
474400.000
541200.000
476400.000
482800.000
498400.000
480800.000
508400.000
503600.000
506400.000
537200.000
528000.000
526800.000
529200.000
520000.000
506800.000
510800.000
492400.000
521200.000
544400.000
539200.000
490400.000
496000.000
510400.000
523600.000
488000.000
468800.000
516800.000
510400.000
509600.000
473200.000
524800.000
464000.000
483600.000
480000.000
461200.000
490000.000
484400.000
515600.000
523200.000
486000.000
478400.000
478000.000
504800.000
495200.000
456800.000
492800.000
456000.000
462000.000
456800.000
455200.000
473200.000
455600.000
453600.000
484000.000
396400.000
426800.000
432400.000
424000.000
430800.000
436400.000
411600.000
416000.000
438800.000
420000.000
424800.000
406000.000
421600.000
426800.000
432800.000
477600.000
470000.000
464400.000
450800.000
451200.000
445600.000
460800.000
444800.000
471200.000
484000.000
439200.000
433600.000
453600.000
408000.000
439600.000
411200.000
427600.000
468000.000
414000.000
452400.000
467600.000
448000.000
427200.000
402800.000
459600.000
441600.000
452400.000
432000.000
440000.000
435600.000
454400.000
454800.000
423600.000
404800.000
445600.000
424400.000
421200.000
430000.000
417600.000
430400.000
413600.000
438000.000
421600.000
469200.000
435200.000
441200.000
422000.000
455200.000
465600.000
454800.000
442000.000
434800.000
419200.000
332000.000
314400.000
318400.000
342000.000
380400.000
445600.000
448000.000
462400.000
456400.000
457200.000
476000.000
497200.000
500400.000
487600.000
483600.000
486000.000
476400.000
478000.000
464400.000
474400.000
468400.000
446000.000
483600.000
488000.000
474800.000
510000.000
490400.000
511600.000
544000.000
525200.000
538000.000
563200.000
538800.000
534800.000
537200.000
571600.000
527600.000
554800.000
548800.000
536400.000
559600.000
578000.000
545600.000
547600.000
526400.000
545200.000
544000.000
536800.000
538000.000
506000.000
546400.000
502000.000
486800.000
490800.000
482000.000
474800.000
455200.000
476800.000
486800.000
468400.000
460000.000
466000.000
476400.000
492400.000
440000.000
444400.000
476400.000
450800.000
470000.000
476400.000
466000.000
473600.000
473200.000
450400.000
490400.000
458000.000
501600.000
456400.000
453600.000
472800.000
497600.000
494000.000
463600.000
495600.000
485600.000
519200.000
529600.000
558000.000
553600.000
535200.000
512800.000
525200.000
527200.000
519200.000
502000.000
518400.000
534000.000
506400.000
507200.000
514400.000
523200.000
490400.000
510000.000
518800.000
513600.000
497600.000
486800.000
507200.000
505600.000
512400.000
496800.000
476000.000
487200.000
474800.000
504000.000
504800.000
490800.000
487600.000
512800.000
490800.000
481600.000
504800.000
490800.000
475200.000
464000.000
456000.000
466400.000
447200.000
473600.000
478000.000
450400.000
480000.000
491200.000
392800.000
425200.000
408800.000
434000.000
435200.000
430000.000
436800.000
446400.000
434000.000
452000.000
432800.000
438400.000
472800.000
446400.000
449200.000
481200.000
480400.000
471200.000
477200.000
455600.000
466800.000
461600.000
468800.000
462400.000
450800.000
425600.000
440000.000
437600.000
439200.000
430800.000
427200.000
420400.000
422800.000
429200.000
461200.000
456000.000
439200.000
464000.000
439600.000
428400.000
439200.000
431200.000
446800.000
444800.000
456400.000
457200.000
454800.000
454800.000
450000.000
433200.000
446000.000
438000.000
435600.000
415200.000
434800.000
420400.000
456400.000
455600.000
436000.000
409600.000
446400.000
452800.000
431600.000
446000.000
428000.000
441600.000
448800.000
399200.000
377600.000
332000.000
301200.000
357200.000
387600.000
450000.000
446000.000
453600.000
468800.000
484400.000
489600.000
480800.000
484400.000
491600.000
510400.000
489200.000
474000.000
502400.000
458000.000
481200.000
470400.000
445200.000
506000.000
461200.000
486000.000
498400.000
482800.000
508800.000
490400.000
539200.000
561600.000
518000.000
540000.000
545200.000
556000.000
525200.000
527600.000
510400.000
556800.000
546400.000
531200.000
576800.000
561200.000
573200.000
496000.000
520000.000
522800.000
551200.000
556000.000
533200.000
549200.000
528800.000
500800.000
494000.000
496000.000
499200.000
486800.000
480800.000
474000.000
475600.000
457200.000
488800.000
463200.000
465600.000
448800.000
434800.000
434000.000
447600.000
441200.000
472800.000
460400.000
476800.000
495200.000
486000.000
483600.000
483200.000
493600.000
458800.000
459600.000
483200.000
468000.000
476400.000
486000.000
459200.000
443200.000
494400.000
546400.000
535200.000
508800.000
534000.000
526800.000
537200.000
540000.000
514400.000
526400.000
504800.000
533600.000
556800.000
566800.000
515600.000
534400.000
500400.000
514800.000
503600.000
515600.000
502000.000
546400.000
519200.000
528800.000
503600.000
515200.000
508800.000
505200.000
510400.000
498400.000
510400.000
533600.000
490000.000
528400.000
496000.000
509200.000
481200.000
472400.000
470400.000
466000.000
456800.000
466400.000
462000.000
472800.000
470000.000
479200.000
496400.000
504400.000
423600.000
422400.000
424800.000
439600.000
454000.000
444800.000
419200.000
448800.000
436800.000
447600.000
426400.000
468000.000
460800.000
438800.000
474000.000
489600.000
451200.000
474800.000
458800.000
489200.000
463600.000
477200.000
483200.000
466400.000
468000.000
471600.000
459600.000
428400.000
413600.000
431200.000
426400.000
438000.000
436000.000
428000.000
452400.000
439200.000
426400.000
469200.000
451600.000
454000.000
488400.000
452400.000
433600.000
430000.000
447200.000
467200.000
460400.000
462800.000
449200.000
464400.000
449600.000
463600.000
473200.000
408800.000
447200.000
460400.000
428800.000
439600.000
431600.000
431600.000
397200.000
407600.000
440800.000
438400.000
444000.000
475600.000
470400.000
408800.000
388400.000
332800.000
343200.000
336400.000
404000.000
433200.000
436800.000
438400.000
428800.000
449600.000
494800.000
500400.000
508000.000
502400.000
530400.000
490000.000
496000.000
492400.000
497600.000
484000.000
476000.000
474000.000
460000.000
474000.000
501600.000
482800.000
495200.000
493600.000
527200.000
499600.000
507200.000
524800.000
550400.000
529200.000
542000.000
528400.000
526400.000
550800.000
525200.000
529200.000
542400.000
576000.000
568400.000
528400.000
534400.000
508400.000
517600.000
530000.000
544400.000
509600.000
572800.000
537600.000
521200.000
545600.000
500800.000
553200.000
529200.000
513600.000
486400.000
490000.000
471200.000
453200.000
450000.000
444000.000
459200.000
435200.000
438000.000
456400.000
452400.000
455600.000
476000.000
464000.000
478400.000
473600.000
498400.000
475600.000
474000.000
450400.000
461200.000
460400.000
472000.000
468800.000
468000.000
456400.000
499600.000
476400.000
501200.000
525200.000
505200.000
508000.000
518000.000
525200.000
519600.000
536000.000
531200.000
517200.000
544800.000
543600.000
540800.000
566400.000
540400.000
523600.000
531600.000
514400.000
489200.000
520800.000
504400.000
536000.000
546800.000
523600.000
512000.000
500800.000
492400.000
503600.000
497600.000
512400.000
510000.000
488800.000
498400.000
485600.000
470800.000
484000.000
469600.000
466000.000
479200.000
452000.000
470000.000
464400.000
485200.000
494400.000
508000.000
483200.000
501200.000
440400.000
425200.000
424800.000
455600.000
460400.000
421200.000
441600.000
436400.000
455200.000
444800.000
478000.000
470000.000
477200.000
477600.000
450000.000
480000.000
468400.000
467600.000
448800.000
468800.000
461200.000
461600.000
440400.000
492000.000
442800.000
471200.000
469600.000
466400.000
434400.000
451200.000
454400.000
444400.000
434000.000
437600.000
427200.000
431200.000
410800.000
450400.000
466000.000
478400.000
429600.000
427600.000
411200.000
413200.000
431600.000
455600.000
439600.000
446400.000
445600.000
457600.000
432400.000
467600.000
445200.000
443600.000
457600.000
440400.000
431200.000
433600.000
401600.000
421600.000
438400.000
415200.000
425600.000
450800.000
476800.000
480800.000
476400.000
442400.000
363600.000
321600.000
312400.000
363200.000
373600.000
406000.000
412800.000
433600.000
449600.000
472800.000
473200.000
487200.000
486800.000
468400.000
498400.000
489600.000
523600.000
502000.000
521600.000
490400.000
459600.000
463200.000
454400.000
483200.000
502000.000
514400.000
492800.000
492000.000
514800.000
497600.000
532800.000
547200.000
525200.000
511600.000
508400.000
497600.000
513600.000
532400.000
534000.000
548000.000
524800.000
562400.000
530400.000
517600.000
509600.000
511200.000
493600.000
502400.000
522800.000
506800.000
493200.000
508000.000
535600.000
551200.000
527600.000
535200.000
540400.000
540000.000
507600.000
473600.000
471600.000
454400.000
432000.000
428800.000
464400.000
445600.000
464400.000
443600.000
462800.000
443200.000
493600.000
504400.000
491600.000
486000.000
481200.000
452400.000
441200.000
457600.000
470400.000
466400.000
474800.000
470400.000
482400.000
465600.000
482400.000
499600.000
517200.000
518400.000
502400.000
518000.000
491600.000
496000.000
508400.000
528000.000
512400.000
565600.000
516400.000
553600.000
514400.000
534800.000
524000.000
549200.000
556000.000
528000.000
495600.000
508400.000
513600.000
534000.000
510400.000
519200.000
509200.000
491200.000
484000.000
496000.000
526400.000
501600.000
525200.000
458800.000
487600.000
483200.000
465600.000
482800.000
459600.000
467600.000
488000.000
458800.000
469200.000
488400.000
470800.000
467200.000
480000.000
496000.000
454400.000
438400.000
430000.000
398000.000
459600.000
458000.000
450400.000
462800.000
448400.000
449600.000
439200.000
458800.000
470000.000
492000.000
514000.000
454400.000
459600.000
471600.000
470000.000
459600.000
449600.000
476000.000
486000.000
463200.000
484400.000
455600.000
490400.000
462400.000
423200.000
431600.000
444000.000
441600.000
430000.000
433600.000
416400.000
409600.000
432800.000
448000.000
448800.000
466800.000
462800.000
419600.000
417600.000
404000.000
405600.000
433600.000
434800.000
449600.000
442800.000
453600.000
437600.000
437200.000
448400.000
442400.000
428800.000
458400.000
430800.000
436800.000
438800.000
386000.000
409200.000
426800.000
408800.000
446400.000
443600.000
456400.000
477200.000
455200.000
413200.000
354400.000
340800.000
324800.000
344800.000
358800.000
413600.000
434800.000
438000.000
448400.000
479200.000
459200.000
471600.000
484400.000
467600.000
502400.000
492000.000
508400.000
529600.000
528000.000
499600.000
460400.000
460400.000
468000.000
486400.000
489200.000
532800.000
509600.000
514400.000
516400.000
522000.000
568400.000
556400.000
558000.000
541200.000
506400.000
523200.000
513200.000
518000.000
512800.000
551200.000
533200.000
532400.000
535600.000
519600.000
502800.000
476000.000
495600.000
511200.000
526800.000
521600.000
521200.000
535200.000
512000.000
531200.000
529600.000
525200.000
531600.000
563200.000
532400.000
482800.000
486000.000
444000.000
434000.000
410800.000
435200.000
449200.000
438400.000
429200.000
458000.000
459600.000
450800.000
466800.000
486400.000
470400.000
478000.000
479200.000
474800.000
465200.000
452400.000
448000.000
464400.000
458000.000
464400.000
474000.000
502000.000
488400.000
486800.000
494800.000
484400.000
516800.000
486800.000
478400.000
510000.000
541200.000
498800.000
518000.000
504800.000
552000.000
529600.000
530000.000
553600.000
536400.000
512400.000
502400.000
529600.000
498800.000
506800.000
498400.000
525200.000
519200.000
503600.000
495200.000
458000.000
478000.000
474000.000
509200.000
501600.000
482400.000
484000.000
470400.000
470400.000
450000.000
466000.000
488000.000
512400.000
504000.000
487200.000
498000.000
483600.000
473600.000
469200.000
463600.000
464800.000
410800.000
430000.000
458400.000
407600.000
421200.000
418800.000
408000.000
466000.000
463600.000
418400.000
502000.000
484800.000
460000.000
478800.000
470000.000
452400.000
453200.000
459200.000
501200.000
472800.000
449600.000
476000.000
476000.000
477200.000
466400.000
484000.000
464400.000
454000.000
432400.000
462800.000
428000.000
423200.000
441200.000
435200.000
433200.000
438800.000
425600.000
446000.000
471600.000
440000.000
417600.000
402000.000
403600.000
440800.000
452000.000
436400.000
438400.000
406400.000
416000.000
453200.000
447200.000
423600.000
447200.000
447200.000
437200.000
478400.000
447200.000
446000.000
431200.000
448400.000
445600.000
429600.000
443200.000
466800.000
466000.000
462800.000
442800.000
453600.000
380000.000
340800.000
324400.000
335600.000
367200.000
378400.000
437600.000
442800.000
433200.000
444800.000
430800.000
485200.000
470000.000
470400.000
478000.000
488400.000
494800.000
517600.000
514800.000
513600.000
507200.000
488400.000
524000.000
479200.000
495200.000
504400.000
534000.000
550000.000
536000.000
563200.000
533200.000
547200.000
524400.000
526400.000
522000.000
519600.000
489600.000
536400.000
544800.000
529200.000
556800.000
534000.000
536000.000
545600.000
502000.000
476800.000
502400.000
494400.000
524000.000
501200.000
505200.000
536800.000
524400.000
525600.000
503600.000
521600.000
510400.000
515600.000
510800.000
480000.000
471600.000
450000.000
444000.000
448800.000
445200.000
458400.000
444400.000
486000.000
464000.000
467200.000
456800.000
446800.000
448400.000
484400.000
462400.000
472400.000
461200.000
453200.000
503600.000
471600.000
450400.000
492000.000
493200.000
470800.000
504000.000
506800.000
511200.000
507200.000
487600.000
466800.000
476000.000
511600.000
518800.000
506400.000
502400.000
488800.000
479200.000
468000.000
502000.000
501600.000
496000.000
519600.000
496400.000
480800.000
494400.000
472000.000
488800.000
494000.000
513200.000
492000.000
500400.000
474800.000
523200.000
500800.000
497200.000
478000.000
470400.000
472800.000
440400.000
473200.000
475200.000
462000.000
453600.000
476400.000
474400.000
502400.000
472000.000
480000.000
471200.000
432000.000
437600.000
425600.000
443600.000
418800.000
450400.000
433200.000
439600.000
428000.000
430800.000
457200.000
436000.000
436400.000
446000.000
473600.000
504400.000
482400.000
460400.000
497200.000
453600.000
477200.000
471200.000
472400.000
498400.000
483200.000
460400.000
465600.000
473200.000
437600.000
460400.000
454000.000
458000.000
445600.000
452000.000
454000.000
459200.000
469600.000
447200.000
438400.000
456800.000
444400.000
461200.000
440400.000
452800.000
439200.000
414800.000
458800.000
448400.000
446800.000
454400.000
448000.000
444400.000
473200.000
437200.000
446400.000
438800.000
418400.000
444400.000
449200.000
430000.000
450800.000
437600.000
434800.000
457600.000
442800.000
432400.000
458000.000
450800.000
446800.000
467600.000
453200.000
419200.000
350400.000
315600.000
315200.000
320800.000
347600.000
416400.000
404000.000
458800.000
439200.000
464400.000
460400.000
464400.000
460400.000
474000.000
482000.000
458400.000
495200.000
488800.000
478800.000
514000.000
502000.000
492400.000
501600.000
516000.000
486800.000
499200.000
490400.000
536400.000
509600.000
510000.000
509600.000
532000.000
501600.000
521600.000
491200.000
478000.000
527200.000
532800.000
520000.000
532400.000
532800.000
522400.000
516000.000
504800.000
489200.000
500000.000
492800.000
521200.000
493600.000
525200.000
516000.000
502000.000
528400.000
512400.000
500000.000
522400.000
529200.000
480800.000
500400.000
476800.000
476400.000
460400.000
435200.000
453600.000
462800.000
462400.000
450000.000
460400.000
476800.000
448800.000
437200.000
467600.000
486000.000
490000.000
466800.000
462800.000
477200.000
455200.000
479200.000
450000.000
472400.000
446000.000
463600.000
498000.000
504800.000
509200.000
491600.000
477200.000
486000.000
491600.000
510400.000
537200.000
527200.000
453600.000
484800.000
470000.000
474000.000
451200.000
462000.000
496800.000
519600.000
506800.000
463600.000
478800.000
439600.000
484800.000
486000.000
455600.000
482000.000
493200.000
506400.000
482400.000
494000.000
475600.000
482800.000
479600.000
444800.000
478000.000
447600.000
459200.000
454800.000
455200.000
478000.000
462000.000
478400.000
512800.000
464400.000
484800.000
420000.000
382800.000
385600.000
377200.000
372400.000
428000.000
434800.000
410400.000
440000.000
444400.000
437200.000
422800.000
442800.000
444000.000
442400.000
461600.000
487200.000
462800.000
457200.000
432400.000
436000.000
447600.000
449600.000
482400.000
470800.000
449200.000
464000.000
486400.000
475200.000
473200.000
453200.000
456000.000
446400.000
459600.000
452000.000
488800.000
456000.000
454000.000
457600.000
434400.000
431600.000
427600.000
444400.000
472000.000
466400.000
436800.000
430400.000
411200.000
433600.000
455200.000
450000.000
439200.000
420400.000
443600.000
440000.000
437600.000
420800.000
444400.000
415600.000
460000.000
452400.000
432800.000
469200.000
433600.000
436800.000
443600.000
452000.000
459200.000
441200.000
432800.000
438400.000
465200.000
450800.000
370400.000
318800.000
304000.000
351200.000
362400.000
394400.000
450800.000
447200.000
432400.000
456000.000
464000.000
489200.000
489600.000
486800.000
490400.000
501200.000
506000.000
518400.000
500800.000
495600.000
527200.000
516000.000
535600.000
540400.000
529200.000
488400.000
527200.000
517200.000
534800.000
526000.000
521200.000
521200.000
514400.000
481200.000
530400.000
487600.000
498800.000
550800.000
514400.000
548400.000
536800.000
518000.000
529600.000
543600.000
528400.000
559600.000
497600.000
549600.000
520800.000
504800.000
526400.000
538800.000
544800.000
545200.000
559600.000
545600.000
497200.000
496800.000
489600.000
442000.000
458400.000
462800.000
445200.000
460800.000
469600.000
463200.000
451600.000
460000.000
453600.000
459200.000
451200.000
465600.000
459200.000
468400.000
474800.000
458000.000
452400.000
469600.000
423600.000
438800.000
443600.000
483600.000
502800.000
480800.000
478400.000
502400.000
480000.000
478000.000
475200.000
520400.000
540000.000
517200.000
522000.000
502400.000
493200.000
498000.000
518400.000
522400.000
484800.000
507200.000
503200.000
500000.000
498800.000
484000.000
490000.000
454800.000
484800.000
479600.000
481200.000
510800.000
500000.000
467200.000
470400.000
473200.000
479600.000
468000.000
449200.000
475600.000
493200.000
455600.000
460800.000
436000.000
457600.000
477200.000
507200.000
504000.000
496800.000
484000.000
434000.000
381200.000
382000.000
369200.000
398000.000
424800.000
402400.000
425200.000
437200.000
416800.000
441600.000
420800.000
452800.000
430400.000
426400.000
462400.000
444400.000
462800.000
457600.000
467600.000
430400.000
438800.000
449200.000
456000.000
466800.000
468000.000
454000.000
481600.000
456400.000
466800.000
477200.000
466800.000
474400.000
427600.000
478000.000
480400.000
455600.000
432000.000
407200.000
445600.000
472800.000
428000.000
428400.000
448000.000
462000.000
439600.000
440800.000
461600.000
457200.000
431600.000
462400.000
456000.000
451200.000
420000.000
450400.000
467200.000
456000.000
465600.000
448000.000
433600.000
448400.000
471200.000
459200.000
471200.000
451200.000
425200.000
452400.000
463600.000
421200.000
457600.000
468000.000
427600.000
456400.000
378000.000
308000.000
302400.000
308400.000
357600.000
376800.000
454800.000
457600.000
436400.000
467600.000
462000.000
490400.000
466400.000
458000.000
492800.000
474000.000
474400.000
504400.000
494800.000
515600.000
514000.000
495200.000
499200.000
540800.000
517200.000
521200.000
526800.000
503200.000
542800.000
512000.000
497600.000
538400.000
515600.000
498400.000
504800.000
509200.000
538800.000
540000.000
534400.000
524800.000
535200.000
528000.000
578000.000
562400.000
568800.000
550400.000
525600.000
543200.000
510400.000
535200.000
510800.000
522000.000
518800.000
545600.000
532800.000
523200.000
538000.000
527600.000
495600.000
491200.000
466000.000
461200.000
458000.000
515600.000
457200.000
459600.000
458400.000
441200.000
434400.000
450000.000
448400.000
477600.000
464400.000
484800.000
472000.000
496400.000
440800.000
433200.000
424000.000
463600.000
454800.000
456800.000
494400.000
492800.000
461600.000
490000.000
486400.000
475200.000
477200.000
487200.000
492400.000
528800.000
510400.000
506400.000
512400.000
497600.000
512400.000
520800.000
498400.000
509200.000
484800.000
512800.000
500400.000
486000.000
492800.000
468400.000
465600.000
483200.000
480800.000
472800.000
488800.000
476400.000
444400.000
445200.000
450400.000
462400.000
462000.000
454000.000
460000.000
459200.000
475200.000
461600.000
440800.000
470800.000
498400.000
489600.000
521600.000
515600.000
486000.000
428800.000
392400.000
360800.000
448800.000
415200.000
438800.000
433200.000
431200.000
422400.000
452800.000
451200.000
426400.000
414000.000
420000.000
461200.000
444400.000
438800.000
448400.000
441200.000
426400.000
426400.000
456800.000
461200.000
472400.000
439200.000
480800.000
475600.000
464400.000
454800.000
442400.000
432000.000
447200.000
459200.000
476400.000
453600.000
462400.000
454400.000
466400.000
446000.000
432800.000
468000.000
448400.000
461600.000
478400.000
444800.000
452000.000
465600.000
456000.000
445600.000
433600.000
446400.000
438800.000
433200.000
483600.000
452000.000
450400.000
469600.000
445200.000
418400.000
454400.000
446400.000
455600.000
458000.000
447600.000
458000.000
427200.000
455200.000
439600.000
442800.000
456800.000
470800.000
454400.000
400400.000
330000.000
320800.000
306000.000
328800.000
383600.000
390400.000
424800.000
437600.000
456400.000
448400.000
468800.000
464800.000
456000.000
467600.000
468800.000
455200.000
482400.000
502400.000
483200.000
496400.000
506800.000
515600.000
503600.000
539200.000
550400.000
536000.000
532400.000
522000.000
538000.000
523200.000
495600.000
475200.000
496000.000
513200.000
534000.000
524800.000
553200.000
520400.000
514800.000
512800.000
504400.000
535600.000
540000.000
544000.000
548000.000
536800.000
511200.000
512400.000
546800.000
538000.000
534800.000
532400.000
494000.000
503600.000
507600.000
507200.000
536800.000
519200.000
535200.000
503200.000
506400.000
491600.000
485600.000
510400.000
448800.000
460800.000
446400.000
449600.000
430800.000
454000.000
487200.000
468400.000
466000.000
463200.000
455600.000
425600.000
457600.000
466000.000
471200.000
460800.000
460800.000
481600.000
467600.000
506000.000
488000.000
485600.000
456000.000
493200.000
472000.000
513200.000
512000.000
491600.000
502400.000
487600.000
514400.000
522000.000
509200.000
516000.000
509600.000
528800.000
492400.000
484800.000
493600.000
528800.000
490400.000
466000.000
482000.000
461200.000
454400.000
461600.000
460800.000
447600.000
458400.000
474400.000
444400.000
462800.000
473200.000
465600.000
468000.000
483600.000
451200.000
453600.000
479200.000
489200.000
478000.000
485600.000
514000.000
458400.000
473600.000
486400.000
450000.000
488000.000
443600.000
445200.000
446000.000
446800.000
473600.000
464400.000
460000.000
434800.000
430800.000
422400.000
462000.000
402400.000
440400.000
426000.000
417200.000
437200.000
458800.000
463600.000
447200.000
452400.000
446400.000
462800.000
461600.000
488000.000
454400.000
444400.000
464800.000
442400.000
442800.000
499600.000
486800.000
468800.000
462000.000
466800.000
461200.000
465200.000
452400.000
453200.000
466000.000
472400.000
440000.000
458000.000
474000.000
423200.000
423200.000
404000.000
442800.000
433200.000
437600.000
448800.000
467200.000
464400.000
451600.000
473200.000
445600.000
424800.000
431600.000
425600.000
444800.000
460800.000
451600.000
426000.000
448000.000
418400.000
422000.000
461200.000
466400.000
447600.000
437200.000
347600.000
327600.000
327200.000
337200.000
362400.000
409200.000
424400.000
416800.000
438000.000
456400.000
462400.000
439200.000
432000.000
444400.000
476000.000
476400.000
497200.000
474400.000
476000.000
501600.000
504000.000
504400.000
516400.000
506800.000
532800.000
557200.000
524400.000
509200.000
530400.000
491200.000
494400.000
488800.000
502800.000
493200.000
502000.000
554800.000
568000.000
524400.000
514000.000
532000.000
531200.000
536400.000
544800.000
535600.000
561200.000
536000.000
533200.000
553600.000
571200.000
518800.000
534800.000
512400.000
502400.000
484400.000
487200.000
528800.000
524800.000
508800.000
521200.000
489600.000
520400.000
512800.000
508400.000
464000.000
481200.000
442000.000
466800.000
504000.000
477200.000
465600.000
460000.000
491600.000
479200.000
463200.000
444000.000
442800.000
435600.000
451200.000
450000.000
441200.000
461200.000
470400.000
468800.000
473200.000
495200.000
457200.000
479600.000
473200.000
468000.000
470000.000
485200.000
483600.000
507600.000
473200.000
485200.000
488000.000
529600.000
503200.000
506000.000
492400.000
492000.000
508400.000
471200.000
476800.000
486000.000
459200.000
460000.000
480800.000
470800.000
476800.000
470800.000
463600.000
446000.000
469600.000
419200.000
467200.000
456400.000
468800.000
478800.000
480400.000
487600.000
508000.000
474800.000
468400.000
487600.000
466000.000
483600.000
494000.000
490800.000
484000.000
488400.000
462400.000
432800.000
456400.000
413600.000
457600.000
474800.000
453600.000
462400.000
434000.000
431200.000
424800.000
434000.000
432000.000
440800.000
418400.000
446000.000
424800.000
444800.000
458400.000
456000.000
422000.000
467600.000
459200.000
445600.000
455600.000
422400.000
434000.000
452400.000
435200.000
475200.000
457600.000
453600.000
476400.000
431600.000
434800.000
446400.000
452000.000
442000.000
431200.000
472000.000
456800.000
468400.000
446800.000
442800.000
456400.000
429200.000
468400.000
456000.000
435600.000
455600.000
453600.000
466400.000
443600.000
446800.000
429600.000
422800.000
413200.000
433600.000
454800.000
446000.000
447200.000
439600.000
462000.000
439200.000
423600.000
423200.000
443200.000
450400.000
391200.000
356800.000
323200.000
326000.000
335200.000
333200.000
394400.000
428400.000
414000.000
424800.000
424000.000
458000.000
468800.000
457600.000
443600.000
462400.000
468800.000
507200.000
491600.000
490400.000
493200.000
496000.000
509200.000
544400.000
505200.000
520000.000
523600.000
495600.000
510000.000
507600.000
536000.000
518400.000
503600.000
515200.000
528000.000
529200.000
531200.000
526400.000
500000.000
518400.000
509600.000
487600.000
515200.000
518400.000
528400.000
510400.000
536400.000
534000.000
534000.000
535200.000
546800.000
552800.000
510800.000
517600.000
478000.000
498400.000
482400.000
500800.000
521200.000
540800.000
518800.000
520400.000
506800.000
490000.000
486400.000
453600.000
453200.000
466000.000
489200.000
480000.000
462400.000
455600.000
446000.000
451200.000
472800.000
446000.000
449600.000
454800.000
442400.000
438000.000
460400.000
458400.000
432800.000
438800.000
478400.000
457600.000
480800.000
504400.000
490400.000
466000.000
445200.000
475600.000
465200.000
494800.000
473600.000
484400.000
514400.000
515600.000
494800.000
519600.000
480800.000
493200.000
492000.000
495600.000
481200.000
445600.000
488400.000
478400.000
469200.000
481600.000
471600.000
461600.000
456400.000
453200.000
456400.000
455600.000
449600.000
466800.000
466000.000
485600.000
482400.000
467600.000
468000.000
510000.000
480000.000
484400.000
497600.000
476000.000
486400.000
485600.000
489600.000
487600.000
497600.000
487200.000
444400.000
466800.000
478400.000
460800.000
458400.000
466400.000
460800.000
432400.000
410400.000
428000.000
436400.000
424400.000
431200.000
410800.000
428400.000
435200.000
476400.000
451600.000
472000.000
482800.000
443200.000
442000.000
442400.000
441600.000
462000.000
448000.000
422400.000
444000.000
473600.000
458400.000
458800.000
445200.000
467200.000
433200.000
445600.000
454400.000
431200.000
437200.000
468800.000
459600.000
485200.000
460800.000
449200.000
436400.000
427600.000
408400.000
444000.000
468000.000
450000.000
455600.000
450400.000
447200.000
425200.000
414000.000
390400.000
428000.000
425600.000
413200.000
418000.000
443200.000
450000.000
440800.000
436400.000
452800.000
464000.000
455200.000
420400.000
434000.000
376800.000
323600.000
323600.000
314400.000
369600.000
355200.000
435200.000
432000.000
416400.000
403600.000
445200.000
454400.000
472000.000
467200.000
453200.000
492800.000
470400.000
520000.000
501200.000
528400.000
507200.000
484000.000
490400.000
530800.000
525600.000
503600.000
538000.000
545200.000
509200.000
525600.000
532000.000
497600.000
504000.000
518000.000
506000.000
527600.000
512400.000
543600.000
513600.000
541200.000
557200.000
540000.000
517200.000
543200.000
512800.000
533200.000
531600.000
531600.000
492800.000
548800.000
509200.000
538800.000
478800.000
477600.000
476400.000
476800.000
507600.000
535200.000
530400.000
503600.000
476000.000
479200.000
471200.000
482800.000
451600.000
471600.000
462000.000
488400.000
482400.000
455600.000
465600.000
452800.000
463600.000
442000.000
467200.000
426800.000
474000.000
462400.000
451200.000
431600.000
428800.000
447200.000
443200.000
478800.000
462800.000
491600.000
474800.000
467600.000
457200.000
476400.000
488800.000
472400.000
448800.000
554400.000
504400.000
510000.000
498800.000
505600.000
511200.000
513200.000
494800.000
481600.000
471200.000
462400.000
471200.000
500800.000
476000.000
483600.000
470000.000
461600.000
470400.000
440400.000
472400.000
474400.000
470800.000
474400.000
506000.000
501200.000
506400.000
486800.000
476400.000
523200.000
516400.000
450400.000
477600.000
468400.000
451200.000
483600.000
439600.000
459200.000
442000.000
452000.000
450800.000
465600.000
453200.000
452800.000
473200.000
458400.000
450400.000
461600.000
462400.000
447600.000
408400.000
416400.000
440400.000
434800.000
453600.000
437600.000
466000.000
478400.000
451600.000
448000.000
477600.000
482400.000
473600.000
444000.000
452000.000
480000.000
419200.000
423600.000
464800.000
465600.000
439200.000
469200.000
429600.000
460400.000
454400.000
455600.000
449600.000
433600.000
439200.000
457200.000
478400.000
473600.000
460800.000
480000.000
448800.000
477200.000
442400.000
444400.000
430000.000
420400.000
460000.000
452000.000
443600.000
452000.000
414000.000
403600.000
411600.000
411200.000
410800.000
422800.000
400400.000
452400.000
450000.000
473600.000
474800.000
466400.000
452400.000
431200.000
425600.000
382400.000
342000.000
316400.000
329600.000
358800.000
377600.000
404800.000
432400.000
417600.000
418000.000
444000.000
445200.000
484400.000
479600.000
471600.000
473600.000
490000.000
500800.000
492000.000
455200.000
482800.000
493200.000
470800.000
489200.000
511600.000
514800.000
542400.000
522000.000
544000.000
530000.000
544000.000
505200.000
528400.000
507600.000
530000.000
545200.000
510800.000
554000.000
555600.000
514800.000
525600.000
542400.000
506800.000
540400.000
541200.000
522800.000
544000.000
537200.000
527200.000
494800.000
512000.000
521600.000
497200.000
494400.000
499200.000
506400.000
520000.000
498800.000
473200.000
486000.000
494400.000
472000.000
487200.000
471200.000
484000.000
486000.000
465200.000
456400.000
457200.000
450800.000
468000.000
469600.000
460400.000
465200.000
458800.000
453600.000
469200.000
474800.000
448000.000
459600.000
459200.000
449200.000
466400.000
457200.000
452000.000
437600.000
468400.000
455200.000
442400.000
443200.000
452000.000
472800.000
485600.000
515200.000
489600.000
491600.000
477600.000
496800.000
499200.000
498800.000
492800.000
502400.000
470000.000
464000.000
464800.000
489200.000
479200.000
484800.000
458800.000
448000.000
488400.000
437200.000
476400.000
497200.000
509200.000
501600.000
488000.000
463200.000
475600.000
494400.000
486800.000
511600.000
514400.000
502400.000
481200.000
490400.000
465600.000
452400.000
512800.000
490000.000
490000.000
456400.000
456800.000
444800.000
449600.000
452400.000
470800.000
460800.000
466800.000
471600.000
448800.000
478000.000
446800.000
450400.000
443200.000
448800.000
460400.000
434400.000
470000.000
499200.000
470800.000
475600.000
480400.000
459200.000
447200.000
445600.000
419200.000
443200.000
414000.000
433200.000
461600.000
464400.000
496000.000
450400.000
434800.000
437600.000
463600.000
445600.000
463200.000
467200.000
428400.000
427200.000
457200.000
463600.000
468400.000
446400.000
474400.000
472400.000
439200.000
463600.000
456400.000
456800.000
486000.000
426800.000
415200.000
419200.000
442400.000
434800.000
395200.000
402400.000
412400.000
440400.000
417200.000
447200.000
406000.000
442800.000
470400.000
464000.000
448800.000
452800.000
456400.000
368400.000
343600.000
308800.000
324400.000
324400.000
361600.000
413200.000
395200.000
432400.000
430800.000
426800.000
475600.000
489600.000
462400.000
477200.000
493200.000
504400.000
492400.000
497200.000
502000.000
477600.000
490000.000
480400.000
494400.000
510400.000
550800.000
586400.000
530400.000
514400.000
513200.000
529600.000
519200.000
539200.000
544400.000
524800.000
541600.000
544800.000
550800.000
542000.000
552000.000
506800.000
500000.000
521200.000
509600.000
516400.000
574000.000
550400.000
555200.000
509200.000
491200.000
512400.000
526400.000
512000.000
509600.000
538400.000
491600.000
538000.000
505200.000
481200.000
487200.000
453600.000
486000.000
463600.000
453600.000
495200.000
481200.000
489600.000
489200.000
459600.000
457200.000
456400.000
427600.000
451200.000
456800.000
472400.000
435200.000
460800.000
486800.000
456800.000
438800.000
431600.000
444000.000
460000.000
461200.000
470000.000
438800.000
478000.000
428800.000
456400.000
452800.000
468400.000
493600.000
496400.000
459600.000
489600.000
486000.000
476400.000
506400.000
499200.000
477600.000
469200.000
532400.000
502400.000
504000.000
510800.000
490400.000
496000.000
489600.000
484000.000
456000.000
458400.000
445600.000
466800.000
482000.000
486400.000
506800.000
480800.000
460400.000
479200.000
484000.000
486000.000
502000.000
477600.000
474000.000
486000.000
482400.000
483200.000
470000.000
454000.000
483200.000
458000.000
452000.000
467200.000
464800.000
436800.000
475600.000
476000.000
451200.000
472400.000
450000.000
471600.000
464000.000
478400.000
446400.000
421200.000
458000.000
458000.000
470400.000
470800.000
486000.000
485200.000
480800.000
486400.000
469600.000
480400.000
470800.000
448800.000
456000.000
482400.000
433200.000
467200.000
457600.000
476000.000
457600.000
464400.000
431600.000
467600.000
457200.000
484800.000
477600.000
451600.000
448800.000
460400.000
445600.000
464000.000
443600.000
464400.000
435200.000
438000.000
448000.000
472400.000
447200.000
476400.000
454400.000
434400.000
444000.000
428400.000
454000.000
425200.000
398400.000
414400.000
416800.000
437600.000
426400.000
447600.000
447200.000
471600.000
448000.000
476000.000
453600.000
440000.000
411600.000
348000.000
290400.000
309200.000
376000.000
375600.000
419600.000
407200.000
414000.000
434000.000
452800.000
456800.000
488800.000
473200.000
487600.000
457200.000
463600.000
470400.000
482800.000
491200.000
485600.000
478400.000
473600.000
496000.000
531600.000
530800.000
526800.000
534000.000
508400.000
536400.000
495200.000
527600.000
499600.000
486000.000
514800.000
542000.000
533600.000
520400.000
511200.000
517200.000
499600.000
513200.000
498400.000
502000.000
522000.000
541600.000
563200.000
539600.000
544000.000
545600.000
533600.000
547600.000
534400.000
504400.000
513600.000
514800.000
518800.000
503200.000
490800.000
500000.000
477200.000
487200.000
492000.000
474400.000
460000.000
456000.000
475200.000
468000.000
452400.000
463600.000
440800.000
446000.000
444400.000
448800.000
464400.000
460000.000
444400.000
455600.000
439600.000
448800.000
431600.000
466800.000
437600.000
454000.000
444400.000
480000.000
459600.000
468000.000
448400.000
444800.000
448400.000
480000.000
449600.000
473600.000
482800.000
456000.000
446800.000
478800.000
519600.000
499600.000
488400.000
496800.000
491200.000
476800.000
516000.000
504800.000
518400.000
530800.000
531600.000
474400.000
486400.000
465600.000
464800.000
452800.000
481600.000
492800.000
491200.000
478800.000
484000.000
485200.000
466400.000
483200.000
469200.000
485600.000
483600.000
476400.000
494800.000
521200.000
462400.000
506800.000
471200.000
465600.000
453200.000
468800.000
467600.000
463600.000
464800.000
473600.000
491200.000
474000.000
460000.000
464000.000
442800.000
443200.000
465200.000
441200.000
474800.000
468400.000
500000.000
504800.000
490400.000
480800.000
478400.000
452800.000
436000.000
466800.000
431600.000
427600.000
444000.000
454400.000
486000.000
495200.000
469200.000
474000.000
419600.000
442000.000
468800.000
476400.000
478800.000
473600.000
452400.000
453600.000
434800.000
452000.000
460800.000
446000.000
465600.000
473200.000
443200.000
441600.000
442400.000
439200.000
441600.000
458400.000
421600.000
450000.000
450800.000
444000.000
420000.000
406800.000
395600.000
412400.000
396800.000
402800.000
413200.000
418800.000
466000.000
436000.000
467200.000
448000.000
445600.000
450000.000
349200.000
327200.000
334800.000
345200.000
370400.000
415600.000
436000.000
440000.000
434800.000
485200.000
470800.000
483600.000
492000.000
497600.000
446000.000
476800.000
478000.000
483600.000
484800.000
509200.000
496000.000
488000.000
533600.000
517600.000
523600.000
518000.000
501600.000
529200.000
520400.000
516800.000
504000.000
510800.000
494400.000
540400.000
543200.000
538000.000
532000.000
515200.000
505600.000
547200.000
524800.000
506400.000
520800.000
504000.000
524400.000
520400.000
556800.000
530400.000
515600.000
521600.000
516000.000
512000.000
524400.000
539600.000
517600.000
517600.000
495600.000
488400.000
482800.000
482400.000
478000.000
504800.000
490000.000
458400.000
424000.000
483200.000
456800.000
441600.000
452800.000
450400.000
449200.000
459200.000
439600.000
448800.000
446000.000
449600.000
451200.000
444000.000
438800.000
422800.000
442800.000
419600.000
412800.000
420000.000
467600.000
478000.000
447200.000
443200.000
458800.000
442000.000
426000.000
462400.000
458400.000
435600.000
479200.000
456000.000
492000.000
494800.000
490000.000
482800.000
491200.000
506800.000
488400.000
530000.000
478800.000
515600.000
514000.000
470800.000
525600.000
501600.000
489200.000
493200.000
457600.000
439600.000
480400.000
470800.000
485600.000
454800.000
444000.000
461200.000
460000.000
502400.000
494000.000
463600.000
512800.000
478800.000
478800.000
488800.000
477600.000
497200.000
463600.000
458800.000
436400.000
461600.000
458400.000
477600.000
486800.000
450800.000
487600.000
481200.000
442000.000
467600.000
458400.000
453200.000
451200.000
428000.000
468800.000
486000.000
470800.000
493600.000
469200.000
483200.000
451600.000
428800.000
438000.000
443600.000
449600.000
455200.000
468800.000
450400.000
470800.000
468000.000
467600.000
445200.000
453600.000
399600.000
435600.000
446000.000
434000.000
450000.000
434000.000
459200.000
458400.000
446400.000
450400.000
480800.000
449600.000
454000.000
416800.000
406800.000
425600.000
451200.000
421200.000
444400.000
424000.000
422000.000
434400.000
431600.000
426800.000
412000.000
412000.000
441200.000
427200.000
428000.000
407200.000
414400.000
442400.000
444000.000
452000.000
442000.000
412800.000
409200.000
352800.000
324400.000
345200.000
400800.000
426400.000
410800.000
426800.000
440400.000
438800.000
490800.000
468400.000
492400.000
448400.000
448400.000
465200.000
502400.000
478000.000
463200.000
482400.000
482800.000
515200.000
528800.000
523200.000
514000.000
508400.000
544000.000
515600.000
488800.000
504400.000
504400.000
512000.000
548800.000
534800.000
537600.000
542800.000
527200.000
509600.000
557200.000
533600.000
530000.000
526800.000
548400.000
517600.000
522000.000
500000.000
526800.000
530800.000
544000.000
502400.000
510400.000
489200.000
514400.000
500000.000
528000.000
521600.000
492800.000
498400.000
474800.000
465200.000
474400.000
466400.000
476800.000
440000.000
473600.000
423200.000
468800.000
472000.000
441600.000
428800.000
426000.000
459600.000
443600.000
445600.000
442400.000
444800.000
432000.000
424800.000
438000.000
425600.000
417200.000
448000.000
468000.000
442000.000
440000.000
457600.000
462800.000
439600.000
437200.000
436400.000
439600.000
428400.000
458400.000
462400.000
492000.000
471200.000
516400.000
491600.000
498400.000
510400.000
484800.000
492000.000
512400.000
518800.000
516000.000
520000.000
484000.000
528000.000
518400.000
493200.000
503200.000
500000.000
485200.000
456000.000
464800.000
458400.000
455200.000
437200.000
450800.000
435200.000
439200.000
463600.000
494000.000
474400.000
493200.000
495600.000
485600.000
523600.000
438800.000
478400.000
474800.000
457600.000
478400.000
495600.000
461600.000
435200.000
453200.000
445200.000
450000.000
463600.000
485600.000
462400.000
468000.000
430800.000
440000.000
452400.000
460000.000
442000.000
466400.000
470800.000
465200.000
451600.000
434400.000
421200.000
441200.000
426400.000
435600.000
464000.000
438000.000
474000.000
450800.000
460800.000
496800.000
472000.000
452000.000
422000.000
420000.000
435600.000
432000.000
437200.000
432000.000
439200.000
427600.000
456000.000
467600.000
425600.000
465600.000
416800.000
434800.000
447200.000
441200.000
437600.000
427600.000
407600.000
452400.000
425200.000
436000.000
427600.000
410000.000
406000.000
407600.000
401600.000
439600.000
423600.000
424400.000
436800.000
428800.000
456000.000
450000.000
447200.000
451600.000
396400.000
361600.000
311200.000
371200.000
360800.000
429200.000
441200.000
460800.000
446000.000
434000.000
453600.000
457600.000
484000.000
481600.000
467600.000
458000.000
483200.000
478000.000
454000.000
472400.000
511600.000
501200.000
501200.000
491600.000
503600.000
502000.000
534000.000
505200.000
520000.000
507200.000
536400.000
524800.000
536400.000
549600.000
536800.000
526800.000
537600.000
546800.000
548800.000
545200.000
565600.000
542400.000
541200.000
519200.000
543200.000
510800.000
518400.000
505200.000
554400.000
526800.000
503200.000
514000.000
511600.000
503200.000
511200.000
524000.000
482400.000
489600.000
494000.000
464800.000
455600.000
478400.000
440800.000
474000.000
419600.000
463600.000
455200.000
462400.000
448400.000
452400.000
462800.000
441600.000
449600.000
446800.000
451600.000
432800.000
414800.000
409200.000
445600.000
454400.000
440000.000
450400.000
411200.000
439200.000
431200.000
423600.000
424000.000
426400.000
425200.000
440800.000
449600.000
461200.000
444400.000
447200.000
464800.000
476800.000
498400.000
463200.000
468800.000
484400.000
479600.000
472800.000
446800.000
503600.000
496000.000
498400.000
520400.000
508800.000
490800.000
529200.000
524400.000
513200.000
500000.000
500000.000
477200.000
468800.000
442800.000
430400.000
448400.000
454400.000
462800.000
486400.000
458400.000
498000.000
484000.000
520400.000
506400.000
496400.000
490800.000
486000.000
456400.000
466400.000
468000.000
481200.000
466000.000
472000.000
459200.000
444800.000
479600.000
469600.000
456000.000
490800.000
470400.000
474800.000
472800.000
454400.000
478400.000
487600.000
446400.000
476400.000
472400.000
478400.000
442400.000
465200.000
450800.000
472000.000
463200.000
464400.000
465600.000
450000.000
478000.000
429200.000
466800.000
464400.000
440400.000
437600.000
413200.000
416000.000
422000.000
470000.000
449200.000
463200.000
495200.000
473200.000
469600.000
454400.000
463600.000
456800.000
466400.000
423600.000
459600.000
428000.000
466000.000
440000.000
434400.000
414000.000
438800.000
428800.000
432000.000
404800.000
418800.000
444000.000
422800.000
410400.000
436400.000
443600.000
449200.000
434000.000
452000.000
414000.000
394000.000
368400.000
318400.000
342400.000
350800.000
409600.000
447600.000
437200.000
454800.000
447600.000
438800.000
451200.000
456000.000
485200.000
473200.000
468000.000
500400.000
488800.000
472800.000
472800.000
475200.000
483600.000
520000.000
516800.000
549600.000
539200.000
505200.000
503200.000
516800.000
498400.000
510800.000
500400.000
509600.000
510400.000
544000.000
522800.000
520000.000
544800.000
524000.000
547600.000
566000.000
581600.000
528000.000
527600.000
550800.000
529200.000
533200.000
542800.000
540400.000
541200.000
504000.000
530800.000
542000.000
529600.000
549600.000
527200.000
532800.000
494400.000
493600.000
475200.000
464400.000
493200.000
469200.000
449600.000
465200.000
467600.000
477200.000
469600.000
447600.000
446800.000
447200.000
433600.000
454800.000
454000.000
444400.000
428400.000
450000.000
406400.000
417600.000
434000.000
452800.000
424800.000
433600.000
416000.000
416400.000
430800.000
424400.000
396800.000
404400.000
456800.000
449600.000
450400.000
437600.000
453200.000
467600.000
479200.000
496000.000
487600.000
492400.000
468000.000
436000.000
452000.000
453600.000
468000.000
472000.000
474000.000
489600.000
476800.000
520800.000
503600.000
525200.000
491200.000
530000.000
512000.000
455200.000
493600.000
451600.000
461200.000
470800.000
467600.000
464800.000
456800.000
516800.000
500000.000
478400.000
488000.000
480400.000
494800.000
480000.000
471600.000
470800.000
486000.000
470000.000
478400.000
481600.000
490800.000
462000.000
463200.000
469600.000
448000.000
474800.000
484800.000
472400.000
506000.000
470400.000
477600.000
465200.000
473200.000
450800.000
461200.000
472000.000
431200.000
483200.000
435600.000
479200.000
474800.000
471200.000
488400.000
457600.000
480400.000
471200.000
475600.000
451200.000
470800.000
469600.000
434400.000
432000.000
438400.000
462400.000
428000.000
478000.000
501600.000
491200.000
491200.000
472000.000
472400.000
453600.000
457200.000
463200.000
458800.000
460400.000
450000.000
454800.000
458800.000
428400.000
428000.000
426400.000
452000.000
418000.000
412000.000
395200.000
422800.000
427200.000
401200.000
438000.000
433600.000
444000.000
428000.000
468000.000
409600.000
451200.000
411600.000
347200.000
354800.000
356400.000
369200.000
387200.000
444400.000
428000.000
455600.000
462400.000
436800.000
465600.000
449200.000
462400.000
498400.000
492400.000
486800.000
465200.000
484000.000
440400.000
492800.000
500800.000
485600.000
492000.000
494400.000
520800.000
532800.000
520000.000
501200.000
543600.000
534000.000
507600.000
524000.000
573600.000
534800.000
528400.000
543200.000
512400.000
514800.000
532400.000
529600.000
543600.000
514000.000
550800.000
550400.000
532000.000
518000.000
562000.000
502000.000
517200.000
506400.000
520400.000
509600.000
567600.000
554400.000
551200.000
537200.000
509200.000
493600.000
499600.000
477200.000
483200.000
485600.000
461600.000
467200.000
454400.000
468800.000
461200.000
472000.000
464800.000
438800.000
413600.000
406800.000
435600.000
435200.000
425200.000
412800.000
424400.000
423200.000
433200.000
440800.000
421200.000
478400.000
394000.000
448400.000
454000.000
411600.000
423200.000
432400.000
428000.000
425600.000
436000.000
467600.000
448800.000
475200.000
458400.000
493200.000
489200.000
464000.000
475600.000
421200.000
431200.000
416400.000
437200.000
474800.000
438400.000
467200.000
498800.000
455600.000
484000.000
503600.000
501600.000
502400.000
479600.000
469600.000
447600.000
465200.000
481200.000
473600.000
479200.000
450000.000
451600.000
472400.000
494400.000
469200.000
510400.000
478800.000
482800.000
459200.000
453200.000
447600.000
454400.000
470400.000
474000.000
472000.000
499200.000
488000.000
492000.000
490400.000
477600.000
484800.000
489200.000
464000.000
466400.000
478000.000
450800.000
488400.000
449200.000
459200.000
479200.000
471600.000
479600.000
486000.000
472000.000
502400.000
532000.000
496800.000
490800.000
505600.000
474400.000
484400.000
496000.000
462400.000
492000.000
475200.000
478800.000
475600.000
458400.000
461600.000
456800.000
482000.000
491200.000
462000.000
488400.000
480000.000
473600.000
506000.000
478800.000
469200.000
456800.000
462400.000
478000.000
450800.000
432000.000
474800.000
454400.000
439200.000
431200.000
433600.000
422000.000
452800.000
437600.000
413200.000
403200.000
453600.000
407600.000
447200.000
460000.000
424800.000
407600.000
418000.000
399200.000
361200.000
324400.000
344400.000
372400.000
394400.000
410400.000
458000.000
404800.000
458400.000
492400.000
436800.000
456400.000
454400.000
472000.000
519200.000
496800.000
466000.000
480800.000
468400.000
487200.000
500000.000
473600.000
504400.000
496800.000
497600.000
507200.000
510000.000
527200.000
538800.000
494000.000
489600.000
568000.000
533200.000
543200.000
533600.000
553600.000
550000.000
564000.000
534800.000
551600.000
544800.000
536800.000
553200.000
519600.000
502400.000
546400.000
508400.000
528800.000
509200.000
518800.000
499600.000
532800.000
530000.000
561200.000
549200.000
543600.000
505600.000
513200.000
470400.000
503600.000
471600.000
485600.000
481200.000
481600.000
458400.000
494000.000
466400.000
467200.000
442800.000
472800.000
436400.000
432000.000
419600.000
453200.000
420000.000
408000.000
432800.000
428000.000
452800.000
409600.000
461200.000
439600.000
440800.000
455600.000
446000.000
433200.000
439200.000
413600.000
418800.000
420400.000
455600.000
438000.000
436800.000
464000.000
466800.000
489600.000
494000.000
463600.000
457600.000
427200.000
410000.000
446400.000
441600.000
446000.000
434400.000
444800.000
494000.000
494400.000
496400.000
506800.000
509600.000
479200.000
502800.000
490000.000
450000.000
444400.000
482400.000
464400.000
481600.000
447600.000
462000.000
488400.000
485200.000
484800.000
486000.000
475200.000
471200.000
468400.000
465200.000
478400.000
484800.000
484800.000
462400.000
488800.000
476000.000
469200.000
480400.000
470400.000
475200.000
481600.000
464000.000
502400.000
500800.000
493600.000
497600.000
487600.000
447200.000
484800.000
495600.000
478800.000
450000.000
466000.000
486000.000
484400.000
465200.000
509200.000
484800.000
486400.000
485200.000
492800.000
464400.000
480400.000
493600.000
460400.000
479200.000
475200.000
446800.000
480400.000
456800.000
491200.000
476800.000
480400.000
493600.000
502400.000
465600.000
511600.000
488800.000
501600.000
449200.000
461600.000
470000.000
442000.000
472800.000
465600.000
443600.000
479200.000
448800.000
451600.000
422000.000
438400.000
442800.000
416400.000
418400.000
444400.000
453600.000
424000.000
428400.000
432000.000
452800.000
426400.000
393200.000
372800.000
351600.000
343600.000
345600.000
349200.000
409200.000
405600.000
434800.000
431600.000
431600.000
450000.000
463200.000
442400.000
488800.000
475200.000
526800.000
493200.000
478400.000
467600.000
495600.000
517600.000
495600.000
513600.000
524400.000
531200.000
546000.000
517600.000
541200.000
537600.000
502400.000
505200.000
529600.000
540400.000
555200.000
540800.000
547600.000
573200.000
536800.000
572400.000
558000.000
541200.000
548800.000
546800.000
526800.000
543600.000
536800.000
514000.000
496400.000
532800.000
507600.000
504000.000
488800.000
496800.000
524400.000
543600.000
527600.000
536400.000
503600.000
482400.000
490000.000
452000.000
470800.000
457600.000
449200.000
460800.000
477600.000
462400.000
465200.000
449600.000
447200.000
432400.000
424000.000
443600.000
406000.000
425600.000
435200.000
443600.000
417200.000
406000.000
410000.000
453200.000
449600.000
450800.000
452800.000
458400.000
444000.000
442000.000
419200.000
444400.000
432000.000
430000.000
444800.000
426400.000
429200.000
458400.000
488000.000
478400.000
462000.000
464400.000
420400.000
430400.000
444400.000
438800.000
457200.000
446800.000
499200.000
475200.000
482800.000
492400.000
472800.000
494000.000
467200.000
485600.000
456400.000
456800.000
462400.000
492000.000
476400.000
498400.000
457200.000
462000.000
462800.000
474800.000
540000.000
476800.000
492400.000
454400.000
452400.000
454800.000
451200.000
442000.000
463200.000
484800.000
491600.000
482400.000
481600.000
510000.000
486400.000
483200.000
522400.000
480000.000
526400.000
494400.000
488400.000
493600.000
497200.000
480400.000
486800.000
467200.000
470400.000
477600.000
484400.000
490800.000
493600.000
484800.000
458000.000
497600.000
468800.000
476000.000
477200.000
476400.000
468800.000
490000.000
478800.000
453200.000
475600.000
462000.000
477600.000
464000.000
497200.000
480400.000
474000.000
484400.000
470800.000
479200.000
510800.000
458400.000
482400.000
440800.000
451600.000
418000.000
454000.000
431200.000
434400.000
417200.000
409600.000
428800.000
431600.000
437200.000
442800.000
438000.000
448800.000
432400.000
432400.000
430000.000
446400.000
426800.000
444400.000
477600.000
447600.000
409600.000
352000.000
355600.000
320000.000
323600.000
347600.000
385600.000
408800.000
406800.000
441600.000
425600.000
453200.000
466000.000
478000.000
512800.000
507200.000
527200.000
521200.000
504000.000
496000.000
523200.000
491200.000
486000.000
521200.000
506000.000
521200.000
520000.000
557200.000
556800.000
542000.000
515600.000
530000.000
542400.000
520400.000
556800.000
511200.000
531200.000
553200.000
540400.000
557200.000
555600.000
532000.000
561600.000
542400.000
545200.000
560800.000
524000.000
518400.000
507600.000
498400.000
510800.000
521200.000
501200.000
486400.000
528400.000
497200.000
547200.000
538000.000
538000.000
512400.000
513600.000
491600.000
443600.000
467600.000
489200.000
469200.000
468000.000
450000.000
471600.000
469600.000
446400.000
487200.000
485200.000
488400.000
475200.000
441200.000
462000.000
436000.000
436800.000
430400.000
464000.000
446000.000
457200.000
438000.000
451200.000
433600.000
445200.000
438400.000
424000.000
438000.000
414800.000
451200.000
444400.000
443600.000
424800.000
435200.000
450000.000
429600.000
476000.000
446000.000
431200.000
467600.000
452800.000
431200.000
438400.000
463600.000
466800.000
492000.000
502800.000
474800.000
466400.000
458000.000
480000.000
484800.000
460000.000
460400.000
449200.000
468000.000
513200.000
454400.000
479600.000
465600.000
456800.000
520800.000
485600.000
473600.000
489200.000
452800.000
457200.000
452400.000
449200.000
451600.000
474800.000
475600.000
460400.000
495200.000
488000.000
492400.000
470800.000
497200.000
490800.000
498000.000
480400.000
499200.000
469200.000
512000.000
501200.000
470800.000
484400.000
492400.000
496000.000
458400.000
491600.000
484000.000
492400.000
491600.000
447200.000
468400.000
468400.000
471600.000
472400.000
473200.000
473600.000
465200.000
498400.000
470000.000
454400.000
443600.000
477200.000
480400.000
511600.000
478800.000
464400.000
475200.000
483600.000
486400.000
476400.000
448400.000
475600.000
451600.000
460800.000
468800.000
451600.000
475600.000
428800.000
414000.000
441600.000
404400.000
416800.000
444800.000
435200.000
444000.000
455200.000
464000.000
463200.000
463600.000
450000.000
452400.000
452800.000
455200.000
445200.000
399600.000
408000.000
346000.000
321200.000
328400.000
348000.000
411200.000
397600.000
453200.000
449200.000
423200.000
476000.000
464400.000
501200.000
497200.000
526800.000
504800.000
512800.000
470800.000
496800.000
495600.000
501200.000
523600.000
502800.000
533600.000
550400.000
526400.000
533600.000
560400.000
543600.000
551200.000
540000.000
518000.000
537200.000
548800.000
552800.000
542000.000
504400.000
533200.000
536400.000
529600.000
519200.000
535200.000
541200.000
543200.000
526000.000
533600.000
494400.000
514400.000
489600.000
508000.000
517200.000
568400.000
514800.000
522800.000
493600.000
543200.000
499600.000
527200.000
532400.000
511600.000
489600.000
492800.000
478800.000
485600.000
438800.000
464800.000
474400.000
460400.000
479200.000
467600.000
464400.000
472800.000
485600.000
464800.000
454400.000
409200.000
436800.000
436400.000
457200.000
450800.000
456800.000
462400.000
442800.000
416800.000
433200.000
408400.000
429200.000
413200.000
404000.000
431600.000
430800.000
438800.000
416000.000
459600.000
436400.000
427200.000
448800.000
435200.000
423600.000
450000.000
443200.000
417200.000
415600.000
428000.000
426800.000
435200.000
463600.000
448800.000
447200.000
467600.000
475600.000
448400.000
484400.000
479600.000
468400.000
446000.000
474400.000
466000.000
498400.000
498000.000
521200.000
485200.000
482400.000
467200.000
481600.000
460000.000
447600.000
423600.000
414800.000
435600.000
434000.000
475200.000
473200.000
481600.000
466800.000
490400.000
463200.000
469600.000
452400.000
466000.000
481200.000
493600.000
474000.000
484800.000
516800.000
473200.000
473200.000
475200.000
456400.000
465200.000
513600.000
486000.000
489200.000
477600.000
467600.000
505600.000
447600.000
466800.000
486000.000
459200.000
476400.000
473200.000
480400.000
473600.000
488000.000
479600.000
462800.000
457600.000
468400.000
468000.000
455600.000
453200.000
477200.000
494400.000
473600.000
490400.000
488000.000
490800.000
472800.000
473600.000
494400.000
474000.000
450000.000
445600.000
430800.000
418000.000
452800.000
440400.000
428000.000
472400.000
434000.000
440000.000
444400.000
444800.000
464400.000
469600.000
474400.000
456800.000
442400.000
422800.000
434800.000
393200.000
382000.000
336000.000
357600.000
346000.000
380800.000
389200.000
432000.000
441600.000
472800.000
477200.000
466400.000
480400.000
522400.000
489200.000
482400.000
500400.000
474400.000
513200.000
488400.000
483200.000
488000.000
489600.000
524400.000
500000.000
523600.000
538000.000
563600.000
528400.000
519200.000
532000.000
523200.000
533600.000
534400.000
513600.000
525600.000
512800.000
519200.000
509600.000
533600.000
501200.000
531600.000
530800.000
518400.000
540000.000
518800.000
552000.000
502800.000
519600.000
529200.000
496000.000
504000.000
556400.000
548800.000
518800.000
524000.000
520400.000
545200.000
522400.000
526000.000
520400.000
503200.000
472800.000
459600.000
442400.000
470800.000
504800.000
465600.000
450800.000
494000.000
450000.000
452800.000
446000.000
473200.000
442800.000
427200.000
454800.000
444800.000
437600.000
444400.000
464000.000
439200.000
430400.000
419200.000
433200.000
409200.000
408800.000
410000.000
403200.000
412800.000
411600.000
431600.000
397600.000
378800.000
408800.000
408000.000
409600.000
421200.000
408000.000
433200.000
452400.000
430000.000
438800.000
412800.000
417200.000
444800.000
436800.000
460000.000
436400.000
458800.000
452000.000
442800.000
476000.000
489200.000
466800.000
486800.000
495200.000
533200.000
500400.000
508400.000
491200.000
474800.000
448400.000
476000.000
478800.000
474800.000
474400.000
462400.000
435200.000
461600.000
450400.000
476400.000
491600.000
502000.000
490000.000
502000.000
460000.000
488400.000
510400.000
440400.000
503600.000
490800.000
492400.000
482000.000
496800.000
477600.000
474800.000
460000.000
455200.000
485200.000
471600.000
504800.000
491200.000
470400.000
460000.000
491200.000
479600.000
496400.000
503200.000
479600.000
514800.000
489200.000
519200.000
486000.000
476800.000
483200.000
500800.000
465200.000
477200.000
473600.000
462400.000
466000.000
495200.000
507600.000
500400.000
462400.000
463600.000
471600.000
482800.000
480000.000
486800.000
471200.000
468000.000
454400.000
427200.000
441600.000
435600.000
446400.000
458400.000
471200.000
453600.000
450800.000
454400.000
439600.000
448400.000
466800.000
458400.000
453600.000
461200.000
438000.000
419200.000
388400.000
364400.000
356800.000
336000.000
372800.000
374000.000
408400.000
437200.000
416400.000
460400.000
462000.000
463200.000
495200.000
479200.000
492000.000
494400.000
474400.000
490000.000
476000.000
498800.000
499200.000
499200.000
488000.000
510400.000
512400.000
522800.000
518000.000
504800.000
489600.000
512400.000
506800.000
520400.000
542400.000
539600.000
504400.000
501600.000
535600.000
546400.000
499600.000
523200.000
533600.000
527600.000
487200.000
504400.000
508400.000
510400.000
496800.000
497200.000
494800.000
492000.000
516000.000
550000.000
525200.000
524800.000
535200.000
498400.000
545200.000
500400.000
503600.000
497200.000
489200.000
484400.000
469600.000
445600.000
437600.000
468800.000
468000.000
492000.000
465200.000
471600.000
466400.000
442400.000
422800.000
450000.000
421600.000
443600.000
445200.000
444800.000
436800.000
429600.000
403200.000
425200.000
412000.000
424800.000
414800.000
412000.000
440400.000
415200.000
412800.000
386000.000
407200.000
406800.000
388800.000
400400.000
374400.000
398800.000
384400.000
410000.000
386800.000
394400.000
410800.000
416000.000
411200.000
397200.000
386800.000
428000.000
408400.000
451200.000
424800.000
450400.000
448400.000
434800.000
441600.000
450400.000
451600.000
436800.000
454400.000
471600.000
494800.000
512400.000
506000.000
479200.000
465200.000
483600.000
462400.000
460800.000
442400.000
441200.000
445600.000
450000.000
461200.000
458800.000
504000.000
490800.000
464400.000
470800.000
478400.000
491200.000
482800.000
480800.000
476000.000
480800.000
459600.000
459600.000
478400.000
493600.000
498400.000
478400.000
480000.000
506400.000
470400.000
519200.000
491200.000
496400.000
494000.000
507600.000
498000.000
491600.000
495600.000
480000.000
498000.000
512400.000
498400.000
504800.000
483200.000
500400.000
488400.000
447200.000
469600.000
481200.000
480800.000
487200.000
494400.000
488000.000
520000.000
479600.000
497600.000
504800.000
488400.000
506400.000
483200.000
463200.000
438400.000
400000.000
412400.000
458800.000
456000.000
451200.000
448000.000
466400.000
420400.000
440000.000
436400.000
471600.000
452800.000
469600.000
486000.000
450800.000
434800.000
426800.000
424000.000
406000.000
359200.000
380000.000
319200.000
355200.000
374800.000
424000.000
414400.000
444800.000
452000.000
476400.000
465200.000
489200.000
488800.000
497600.000
502800.000
482400.000
461600.000
492800.000
487200.000
492800.000
508400.000
478800.000
510000.000
530000.000
492000.000
504400.000
492400.000
507600.000
502400.000
492800.000
536400.000
490400.000
524000.000
497200.000
485200.000
532800.000
540400.000
519200.000
510400.000
529200.000
532000.000
497200.000
500000.000
490400.000
516000.000
497200.000
499200.000
500000.000
537600.000
535200.000
563600.000
534800.000
534000.000
533200.000
519200.000
515600.000
522400.000
489600.000
492400.000
482800.000
491200.000
465600.000
443200.000
473200.000
465200.000
462400.000
469200.000
489200.000
469200.000
436800.000
448400.000
419200.000
434800.000
406800.000
441600.000
443200.000
416000.000
438400.000
434000.000
443600.000
422400.000
415600.000
398800.000
404400.000
420800.000
406800.000
388000.000
429600.000
414400.000
413600.000
360000.000
389200.000
390400.000
382400.000
396800.000
379600.000
372800.000
388400.000
408400.000
398800.000
405600.000
398000.000
402800.000
374400.000
426800.000
425600.000
431200.000
431600.000
424400.000
446000.000
437600.000
433600.000
442400.000
470000.000
434800.000
446000.000
455600.000
464800.000
491600.000
484800.000
460000.000
446800.000
430000.000
458800.000
449200.000
446800.000
442400.000
460800.000
458000.000
458800.000
462800.000
495200.000
479600.000
474800.000
506000.000
500000.000
511200.000
523200.000
479600.000
490400.000
492000.000
462400.000
442400.000
469200.000
483600.000
504400.000
470400.000
500400.000
502400.000
479600.000
500400.000
510800.000
486000.000
466000.000
532400.000
484400.000
484800.000
515600.000
506000.000
508400.000
486000.000
515600.000
519200.000
477600.000
476000.000
476800.000
473600.000
480800.000
468800.000
481600.000
487600.000
469200.000
458000.000
476800.000
455200.000
516800.000
513600.000
502000.000
490400.000
461600.000
465200.000
445600.000
441600.000
420400.000
440000.000
452800.000
476400.000
444800.000
454000.000
448800.000
433600.000
445600.000
444400.000
454400.000
457200.000
467200.000
444800.000
425600.000
458000.000
431600.000
422800.000
389200.000
354400.000
364000.000
376400.000
350800.000
408400.000
432000.000
459600.000
456800.000
469200.000
481600.000
502000.000
509200.000
488400.000
508800.000
512800.000
491600.000
501200.000
492000.000
524800.000
506800.000
487600.000
522800.000
514000.000
496000.000
543600.000
537200.000
513600.000
523600.000
508400.000
499600.000
506400.000
516000.000
490000.000
508800.000
500800.000
562400.000
561200.000
536800.000
528400.000
542000.000
526800.000
550400.000
516000.000
532800.000
551200.000
527200.000
494800.000
543600.000
517200.000
530400.000
514400.000
523600.000
539600.000
520800.000
506800.000
496800.000
484800.000
478800.000
474000.000
461600.000
478800.000
486800.000
490000.000
467200.000
496000.000
495200.000
494800.000
496400.000
448000.000
414800.000
415200.000
430400.000
466800.000
438800.000
462000.000
424000.000
438800.000
453600.000
445200.000
432000.000
400000.000
413600.000
406000.000
389200.000
393200.000
442000.000
416800.000
436400.000
401200.000
425200.000
401600.000
410000.000
398800.000
383200.000
389600.000
384000.000
374400.000
386800.000
407600.000
394000.000
379200.000
381600.000
439200.000
428000.000
467200.000
450800.000
403200.000
436400.000
441600.000
445600.000
458800.000
440800.000
447200.000
468000.000
438400.000
458400.000
465600.000
461200.000
482400.000
464800.000
470400.000
452400.000
452000.000
444000.000
440800.000
441600.000
419200.000
435200.000
460800.000
454400.000
486800.000
497600.000
457200.000
472400.000
462800.000
487600.000
481200.000
498000.000
507600.000
505600.000
477600.000
466800.000
454800.000
465600.000
462800.000
497200.000
523600.000
504400.000
510400.000
491600.000
474000.000
481600.000
496800.000
484000.000
516800.000
500400.000
464400.000
500400.000
476800.000
494400.000
498400.000
504400.000
472400.000
482400.000
466800.000
488000.000
496800.000
468400.000
469200.000
466000.000
471200.000
496400.000
458400.000
497600.000
494000.000
464400.000
515600.000
502400.000
462000.000
459200.000
436000.000
440800.000
423600.000
437200.000
477200.000
466000.000
476800.000
452400.000
430000.000
448400.000
423600.000
470400.000
456000.000
478400.000
468800.000
452400.000
440400.000
424000.000
464800.000
392400.000
365600.000
366000.000
354000.000
375600.000
376800.000
430000.000
407600.000
472800.000
460800.000
462000.000
471600.000
488000.000
502400.000
466800.000
505200.000
501200.000
482000.000
484400.000
502400.000
503600.000
488800.000
462800.000
507200.000
503600.000
530800.000
523200.000
504800.000
531600.000
536800.000
524000.000
496400.000
496000.000
478400.000
515600.000
495200.000
537200.000
485200.000
542400.000
538000.000
520800.000
532400.000
552000.000
497600.000
586800.000
544800.000
526800.000
546400.000
512800.000
513600.000
530800.000
525600.000
538400.000
498000.000
506000.000
521200.000
532000.000
534000.000
470800.000
477200.000
492800.000
484000.000
500400.000
470000.000
472400.000
469600.000
464000.000
472400.000
480400.000
466800.000
502000.000
430000.000
449200.000
417200.000
443200.000
434000.000
440400.000
437600.000
408800.000
426800.000
433600.000
406800.000
400400.000
398000.000
405600.000
385200.000
412000.000
420400.000
405200.000
430800.000
414000.000
420800.000
414800.000
411200.000
389600.000
406400.000
382400.000
396800.000
404400.000
375600.000
380000.000
405600.000
377200.000
388800.000
406000.000
445600.000
458400.000
445600.000
448000.000
440800.000
429200.000
426800.000
457600.000
435600.000
435600.000
435200.000
417200.000
418400.000
426000.000
428400.000
464400.000
455200.000
466000.000
458800.000
447200.000
453600.000
444000.000
435200.000
453200.000
438800.000
450800.000
447600.000
466800.000
466800.000
480000.000
485200.000
470400.000
496800.000
472800.000
499200.000
518000.000
494800.000
463600.000
495200.000
455200.000
475600.000
482400.000
492400.000
533600.000
517200.000
510400.000
466800.000
453200.000
488000.000
468800.000
479600.000
457200.000
452000.000
460000.000
460400.000
512000.000
500000.000
505600.000
484000.000
476000.000
439600.000
472400.000
495200.000
485200.000
466800.000
469600.000
492000.000
448000.000
475600.000
460000.000
452000.000
485200.000
507600.000
494000.000
479200.000
474000.000
441200.000
443600.000
440400.000
450400.000
447200.000
442800.000
464400.000
455600.000
436000.000
447200.000
437200.000
455200.000
469200.000
450800.000
450000.000
450400.000
433200.000
433600.000
438800.000
422800.000
400000.000
386400.000
338400.000
362800.000
354800.000
386800.000
411200.000
427600.000
440400.000
466000.000
474000.000
476400.000
503200.000
492400.000
496000.000
510000.000
449200.000
496800.000
465200.000
514400.000
503200.000
469600.000
471600.000
475200.000
488800.000
504000.000
542800.000
519600.000
513600.000
516800.000
501200.000
515600.000
504800.000
508400.000
525200.000
503600.000
496800.000
514000.000
528800.000
517600.000
515600.000
515200.000
529200.000
546400.000
584800.000
576000.000
566000.000
516400.000
526000.000
520800.000
528000.000
528400.000
515600.000
499600.000
505600.000
486000.000
512000.000
513600.000
485600.000
460800.000
456400.000
459200.000
471200.000
492800.000
462400.000
475600.000
484000.000
468400.000
464400.000
480000.000
415200.000
456400.000
447200.000
443200.000
438000.000
436400.000
434400.000
439600.000
403200.000
436800.000
466800.000
435600.000
414800.000
408400.000
414000.000
409200.000
390800.000
398000.000
414400.000
392400.000
398800.000
404800.000
391600.000
432400.000
423600.000
405600.000
404800.000
404800.000
412800.000
422400.000
400000.000
402000.000
398400.000
420000.000
396800.000
410400.000
436800.000
415200.000
432400.000
432400.000
433600.000
432400.000
418000.000
432400.000
440800.000
431600.000
453600.000
458000.000
422400.000
424400.000
433600.000
445600.000
434400.000
457200.000
429200.000
432800.000
432800.000
458800.000
438800.000
458400.000
465600.000
460400.000
484400.000
486400.000
500400.000
471600.000
475600.000
513200.000
496000.000
495600.000
492400.000
485200.000
493200.000
461600.000
467200.000
473200.000
482800.000
518800.000
544400.000
515200.000
501200.000
519600.000
502000.000
516400.000
480800.000
475200.000
439600.000
456800.000
434400.000
486000.000
470400.000
510800.000
484000.000
499200.000
492800.000
438000.000
456400.000
438400.000
482400.000
474000.000
493600.000
456800.000
463200.000
495600.000
474000.000
477200.000
490800.000
484400.000
501200.000
478000.000
484800.000
476000.000
490400.000
465600.000
429600.000
480800.000
449200.000
480800.000
464400.000
492800.000
458000.000
486400.000
479200.000
473200.000
502400.000
455200.000
456800.000
408400.000
447600.000
414800.000
449600.000
366400.000
352000.000
349600.000
342800.000
371600.000
373200.000
444400.000
414800.000
450800.000
451600.000
444800.000
476400.000
483600.000
492000.000
512000.000
505600.000
484800.000
494400.000
496400.000
486400.000
509600.000
479200.000
499200.000
496400.000
467200.000
516800.000
544000.000
521200.000
546800.000
530000.000
514000.000
525600.000
520400.000
512000.000
496400.000
510400.000
527200.000
487200.000
508800.000
530800.000
520800.000
548000.000
498400.000
537600.000
562400.000
573200.000
558800.000
559600.000
534000.000
530800.000
519600.000
536400.000
533600.000
518000.000
513600.000
507200.000
480400.000
467600.000
469600.000
460000.000
472000.000
493200.000
457600.000
457600.000
447600.000
452800.000
478400.000
478000.000
478400.000
470800.000
470800.000
451200.000
430800.000
444800.000
448800.000
432000.000
437600.000
438000.000
425600.000
433200.000
450400.000
422400.000
444400.000
420400.000
441600.000
424800.000
394400.000
392800.000
401200.000
431200.000
411600.000
382800.000
397600.000
402000.000
402800.000
409600.000
415200.000
394800.000
423600.000
416400.000
410800.000
408000.000
400400.000
397600.000
400800.000
396800.000
432400.000
402000.000
438800.000
460400.000
419600.000
407200.000
420800.000
434400.000
430800.000
432000.000
429600.000
431200.000
439200.000
425600.000
447200.000
459600.000
447200.000
472000.000
445200.000
442800.000
427200.000
422400.000
416000.000
446400.000
448000.000
478800.000
491600.000
451200.000
465200.000
481600.000
459600.000
494400.000
507200.000
499600.000
496800.000
499200.000
496400.000
470000.000
427600.000
489200.000
508400.000
496800.000
534000.000
536400.000
520000.000
553200.000
558800.000
500400.000
474400.000
481600.000
486400.000
470400.000
471600.000
447600.000
490400.000
468000.000
494400.000
465600.000
468000.000
457600.000
458400.000
486000.000
508000.000
489600.000
476400.000
477600.000
456000.000
490400.000
491200.000
471600.000
442000.000
470800.000
492400.000
467600.000
480000.000
485200.000
456400.000
427600.000
454000.000
483200.000
498400.000
499200.000
470000.000
460800.000
447600.000
477600.000
456800.000
488400.000
496000.000
452400.000
459200.000
452000.000
427200.000
428800.000
444000.000
402800.000
360000.000
337600.000
378400.000
372400.000
378800.000
448800.000
448000.000
441200.000
454800.000
437600.000
456400.000
477200.000
488000.000
475600.000
472800.000
487600.000
462000.000
462400.000
465600.000
516800.000
512000.000
512400.000
485600.000
496400.000
517600.000
548000.000
551200.000
512800.000
526800.000
517600.000
517600.000
543600.000
515200.000
510400.000
483600.000
480400.000
510400.000
514800.000
524000.000
536800.000
503600.000
527200.000
539600.000
567200.000
562000.000
562400.000
542400.000
524400.000
526400.000
554400.000
530000.000
542000.000
531200.000
522000.000
526800.000
511200.000
481600.000
458000.000
488000.000
468400.000
468400.000
448400.000
442800.000
450000.000
418800.000
430400.000
466000.000
458800.000
497200.000
476000.000
488000.000
474800.000
436400.000
423600.000
442000.000
473600.000
438400.000
463600.000
440000.000
447600.000
433200.000
421200.000
427200.000
423600.000
422800.000
413200.000
397600.000
405200.000
424400.000
406400.000
394000.000
414800.000
386800.000
399200.000
401600.000
414800.000
400800.000
436000.000
416400.000
395200.000
420800.000
400000.000
380400.000
384400.000
390800.000
395200.000
439600.000
410400.000
415600.000
390800.000
440800.000
448800.000
428400.000
456800.000
431600.000
443600.000
457600.000
439200.000
460800.000
476400.000
463200.000
442800.000
446800.000
410800.000
428800.000
435600.000
424000.000
445200.000
411200.000
433600.000
474800.000
487200.000
458800.000
475600.000
482400.000
472400.000
490800.000
506000.000
474000.000
543600.000
517200.000
480400.000
487600.000
474800.000
464400.000
507200.000
501600.000
536400.000
531200.000
540000.000
571200.000
603200.000
556400.000
504800.000
488000.000
507200.000
459200.000
506400.000
488800.000
492400.000
489600.000
483600.000
460400.000
449600.000
479600.000
484800.000
476800.000
513200.000
512000.000
495600.000
490000.000
456400.000
480000.000
476400.000
486800.000
462800.000
443200.000
460000.000
480400.000
494400.000
468800.000
454800.000
448800.000
478400.000
466800.000
510800.000
488800.000
477200.000
485600.000
443200.000
463600.000
452800.000
483600.000
508800.000
537200.000
465200.000
468400.000
446400.000
444800.000
444000.000
419600.000
370800.000
365600.000
356000.000
328400.000
381600.000
410000.000
402800.000
410800.000
454800.000
452800.000
462400.000
456400.000
491600.000
502400.000
466000.000
505200.000
513600.000
478800.000
507600.000
502000.000
520400.000
516400.000
512400.000
504800.000
504000.000
532800.000
545200.000
570000.000
536400.000
523200.000
520400.000
529200.000
526000.000
500000.000
486400.000
513200.000
522400.000
533200.000
542400.000
526000.000
559200.000
532000.000
532000.000
536400.000
543600.000
548800.000
542800.000
545200.000
544800.000
519600.000
560800.000
533200.000
528400.000
532400.000
541600.000
510800.000
519200.000
476000.000
471600.000
478800.000
459200.000
471200.000
455200.000
467600.000
435600.000
435600.000
461200.000
448000.000
472400.000
506800.000
475200.000
469200.000
436800.000
451200.000
436400.000
444800.000
422000.000
450400.000
418800.000
450400.000
438400.000
409200.000
419200.000
410800.000
422000.000
424800.000
397200.000
417600.000
404000.000
427200.000
407200.000
390000.000
404000.000
393600.000
416000.000
416000.000
408000.000
400400.000
410000.000
402800.000
402800.000
409200.000
389200.000
406800.000
397600.000
382800.000
389600.000
409200.000
400000.000
408000.000
399600.000
416800.000
421600.000
412000.000
422400.000
413200.000
420800.000
416800.000
434800.000
475600.000
413600.000
438400.000
439200.000
435600.000
426400.000
413600.000
421200.000
455600.000
428400.000
466800.000
464800.000
470800.000
467600.000
457600.000
491600.000
488400.000
483200.000
498000.000
514000.000
522000.000
530400.000
518400.000
498000.000
492000.000
494800.000
496000.000
522400.000
509200.000
526000.000
590000.000
588800.000
572400.000
574800.000
528000.000
526400.000
495600.000
499200.000
512000.000
526400.000
523200.000
510000.000
533600.000
520400.000
488800.000
481600.000
523200.000
519200.000
498400.000
505200.000
504000.000
502800.000
486800.000
486000.000
484800.000
468400.000
468000.000
446400.000
482000.000
458000.000
428800.000
468000.000
464400.000
482400.000
490400.000
471600.000
484400.000
522400.000
482400.000
482000.000
504400.000
471600.000
474800.000
465600.000
486800.000
468800.000
468800.000
508800.000
474400.000
456400.000
442400.000
408800.000
420000.000
346000.000
348400.000
331600.000
377600.000
390000.000
421200.000
442800.000
453600.000
432000.000
468000.000
457200.000
472400.000
492400.000
461600.000
482400.000
448800.000
460400.000
515200.000
485200.000
535600.000
500000.000
522400.000
553600.000
522400.000
540000.000
540800.000
544400.000
536000.000
516800.000
505600.000
534400.000
526000.000
489600.000
509200.000
501600.000
497600.000
510800.000
521600.000
524400.000
544000.000
552800.000
522800.000
532000.000
521200.000
548400.000
524400.000
519200.000
533600.000
541200.000
543600.000
537200.000
544000.000
559600.000
524000.000
505600.000
487600.000
478000.000
477600.000
487200.000
466400.000
478800.000
470400.000
485600.000
491600.000
460400.000
458000.000
467600.000
473600.000
497600.000
501600.000
450400.000
491200.000
442400.000
436000.000
441200.000
463600.000
462800.000
442000.000
414400.000
427600.000
414800.000
406000.000
440000.000
435600.000
446400.000
438800.000
415200.000
422400.000
408800.000
398800.000
392000.000
380000.000
398400.000
397200.000
414000.000
398800.000
436000.000
413600.000
374800.000
385600.000
394400.000
420000.000
408400.000
391200.000
386800.000
392400.000
374400.000
386800.000
399600.000
394400.000
391600.000
445200.000
425200.000
414400.000
401200.000
418800.000
428800.000
436000.000
452000.000
422000.000
430000.000
408000.000
394400.000
423600.000
437200.000
428000.000
448800.000
458000.000
461600.000
469600.000
447200.000
486400.000
478800.000
472000.000
494000.000
454000.000
488400.000
501200.000
522800.000
529200.000
505200.000
496800.000
473600.000
541600.000
549600.000
532400.000
524400.000
559600.000
558400.000
572800.000
569200.000
549600.000
520400.000
511600.000
518400.000
501600.000
500800.000
537600.000
527200.000
512000.000
521200.000
526800.000
498400.000
521200.000
507200.000
508400.000
525600.000
511200.000
502400.000
462400.000
471600.000
522000.000
484800.000
443200.000
483200.000
461200.000
484400.000
484800.000
486400.000
485200.000
473600.000
472400.000
475200.000
466800.000
491200.000
474000.000
486800.000
494800.000
451600.000
448800.000
441600.000
466400.000
474800.000
471200.000
469200.000
466400.000
437600.000
434400.000
423600.000
383600.000
383200.000
380800.000
355600.000
358800.000
426000.000
420400.000
422400.000
453600.000
452400.000
469600.000
476400.000
490000.000
489200.000
504400.000
480800.000
481600.000
460400.000
496000.000
492000.000
516800.000
530800.000
494400.000
516400.000
544800.000
510000.000
506400.000
514000.000
523600.000
536400.000
511600.000
483600.000
479600.000
512000.000
500400.000
520800.000
528800.000
509200.000
539200.000
559600.000
559200.000
556000.000
572400.000
559200.000
516000.000
512800.000
511200.000
531200.000
505200.000
503600.000
537600.000
516000.000
557600.000
522800.000
555600.000
542800.000
501600.000
480400.000
481200.000
459200.000
458000.000
462000.000
452800.000
485200.000
497600.000
467600.000
448400.000
449600.000
474000.000
470800.000
473600.000
506400.000
484000.000
455600.000
459600.000
434000.000
460400.000
482000.000
460400.000
458800.000
442400.000
408000.000
396000.000
421600.000
406000.000
399200.000
430000.000
426000.000
432400.000
421200.000
396800.000
386800.000
386400.000
393200.000
376400.000
417600.000
384000.000
408000.000
420800.000
405600.000
411600.000
387200.000
363200.000
414000.000
403200.000
386400.000
368000.000
384800.000
380400.000
402000.000
407600.000
424000.000
428400.000
423200.000
418800.000
413600.000
433600.000
459200.000
437600.000
423200.000
410000.000
422800.000
422000.000
422800.000
392800.000
430000.000
463200.000
421600.000
489600.000
462400.000
473200.000
454800.000
474800.000
484000.000
500800.000
466800.000
494800.000
465600.000
480800.000
516400.000
517600.000
530400.000
564400.000
522400.000
506400.000
522000.000
492800.000
569200.000
509600.000
524800.000
564800.000
544400.000
534800.000
541200.000
505600.000
500400.000
505600.000
506000.000
529600.000
502400.000
521600.000
535200.000
514000.000
480800.000
502800.000
502400.000
497200.000
491600.000
498400.000
474400.000
483600.000
477600.000
496800.000
486400.000
507200.000
476000.000
480000.000
461200.000
484000.000
512000.000
495200.000
496400.000
494800.000
473200.000
463600.000
470800.000
447600.000
462400.000
479600.000
473600.000
468800.000
471200.000
480000.000
470800.000
487200.000
493600.000
452400.000
452000.000
461600.000
466800.000
441600.000
429200.000
396400.000
401600.000
368800.000
395200.000
427200.000
414000.000
447600.000
457200.000
474800.000
511200.000
528800.000
480400.000
524800.000
511200.000
492400.000
526400.000
508400.000
508000.000
520800.000
547600.000
542400.000
526800.000
520400.000
508400.000
514000.000
517600.000
492400.000
548000.000
523600.000
491600.000
499200.000
493600.000
470400.000
463600.000
489600.000
491200.000
502000.000
512400.000
543600.000
533200.000
527600.000
540400.000
537600.000
545600.000
506800.000
547200.000
518000.000
509200.000
532400.000
508000.000
506000.000
543600.000
540800.000
564000.000
534000.000
519200.000
491600.000
485200.000
480800.000
476000.000
458800.000
463600.000
477600.000
472800.000
493200.000
464800.000
443600.000
461600.000
461200.000
484800.000
470000.000
497600.000
487600.000
470800.000
455600.000
450800.000
460000.000
443600.000
456800.000
413200.000
422800.000
423600.000
400000.000
423600.000
431600.000
434000.000
470000.000
457600.000
420000.000
410800.000
424400.000
437200.000
422000.000
423600.000
426400.000
400800.000
420400.000
390800.000
404800.000
424000.000
430800.000
416800.000
423200.000
418000.000
411600.000
393600.000
402400.000
404800.000
404000.000
407200.000
420800.000
420400.000
438000.000
446800.000
441200.000
462800.000
458000.000
456400.000
426000.000
409200.000
407600.000
437600.000
388400.000
450800.000
450800.000
413200.000
436800.000
477200.000
473200.000
456400.000
468400.000
473200.000
501200.000
487200.000
470400.000
462000.000
469200.000
481600.000
480400.000
504800.000
510000.000
516000.000
505200.000
522000.000
509200.000
565600.000
533600.000
520400.000
536000.000
541200.000
525600.000
511200.000
516400.000
477200.000
514000.000
499200.000
526800.000
523600.000
510400.000
517600.000
511200.000
497200.000
516400.000
509600.000
494800.000
500400.000
525600.000
498000.000
457200.000
455200.000
480400.000
481200.000
490800.000
523600.000
498800.000
478800.000
455200.000
487200.000
490000.000
483600.000
495600.000
483200.000
484000.000
478000.000
422800.000
473600.000
473200.000
459600.000
504000.000
503600.000
466400.000
448800.000
444400.000
454800.000
452800.000
453600.000
466400.000
473200.000
486000.000
432000.000
446000.000
402800.000
396800.000
406000.000
398800.000
382800.000
417600.000
462000.000
463200.000
465200.000
493600.000
502000.000
497600.000
468000.000
518800.000
516800.000
546800.000
509200.000
531200.000
510800.000
503200.000
537600.000
526800.000
504400.000
519200.000
514000.000
533200.000
524800.000
503200.000
513200.000
489200.000
474000.000
464000.000
436000.000
438800.000
480400.000
456800.000
500400.000
493200.000
504400.000
519200.000
500400.000
514800.000
502000.000
463200.000
485600.000
520800.000
519200.000
501200.000
524000.000
486800.000
503200.000
510000.000
526800.000
536000.000
514000.000
513200.000
503200.000
470400.000
505600.000
493600.000
488400.000
474000.000
453200.000
429200.000
468400.000
473200.000
448400.000
466000.000
472000.000
475200.000
470800.000
485200.000
483200.000
475600.000
470400.000
442800.000
434800.000
448000.000
451200.000
440800.000
434000.000
406800.000
403200.000
400800.000
416000.000
416800.000
426800.000
420000.000
452000.000
434800.000
419600.000
422400.000
425600.000
428800.000
422800.000
394000.000
424400.000
424000.000
385200.000
417600.000
417200.000
422800.000
390800.000
400800.000
385200.000
398400.000
378800.000
400800.000
396000.000
394000.000
397600.000
425600.000
394800.000
425200.000
434400.000
500800.000
444400.000
440000.000
401600.000
408000.000
398000.000
382800.000
426800.000
456800.000
432000.000
447200.000
466400.000
456800.000
459600.000
451600.000
488400.000
451200.000
499600.000
508000.000
506000.000
482000.000
482000.000
458800.000
452000.000
449600.000
479200.000
496800.000
496000.000
524800.000
539200.000
511200.000
523200.000
535600.000
540000.000
518000.000
516000.000
480800.000
528400.000
463200.000
481600.000
507200.000
496800.000
523200.000
519600.000
500800.000
501200.000
500000.000
484000.000
497200.000
522400.000
490000.000
514000.000
505200.000
520400.000
513200.000
499200.000
530800.000
515200.000
493600.000
476400.000
479600.000
483600.000
481600.000
478000.000
486800.000
490400.000
520000.000
492800.000
462800.000
452000.000
514400.000
485200.000
484000.000
476000.000
516800.000
470000.000
463600.000
458000.000
451600.000
474400.000
444400.000
486000.000
440400.000
423600.000
447600.000
427600.000
394000.000
364800.000
362000.000
365600.000
394800.000
412800.000
420000.000
462800.000
463200.000
474000.000
490800.000
481200.000
478000.000
508400.000
490000.000
486000.000
510800.000
484800.000
489200.000
490800.000
494400.000
542000.000
505200.000
509200.000
516000.000
503200.000
503200.000
489200.000
509200.000
486400.000
462000.000
475200.000
442000.000
451600.000
478000.000
485200.000
488800.000
518800.000
480000.000
507200.000
470000.000
483200.000
507200.000
498400.000
481600.000
487600.000
511200.000
512000.000
461600.000
526000.000
510400.000
496800.000
516800.000
534800.000
530400.000
538400.000
510400.000
498400.000
504400.000
462000.000
470800.000
460400.000
474400.000
459200.000
433200.000
447600.000
460800.000
472000.000
480800.000
461600.000
482400.000
444400.000
466000.000
469600.000
427200.000
455600.000
469200.000
447600.000
448000.000
434000.000
442000.000
440800.000
436800.000
410800.000
412400.000
403200.000
418800.000
422400.000
413600.000
417600.000
418000.000
398000.000
424000.000
393600.000
401600.000
392800.000
417200.000
409200.000
416800.000
411200.000
427200.000
403200.000
406400.000
407200.000
406400.000
365200.000
375600.000
372800.000
390400.000
416400.000
410400.000
425600.000
420000.000
406000.000
420000.000
442800.000
444400.000
453200.000
412800.000
403200.000
374400.000
409200.000
423600.000
411200.000
473200.000
437600.000
445600.000
458800.000
462000.000
456000.000
460400.000
501600.000
478400.000
457600.000
485600.000
490000.000
480800.000
484800.000
464800.000
477200.000
466000.000
467600.000
510400.000
500800.000
541600.000
506800.000
505600.000
494800.000
486800.000
501200.000
539600.000
474800.000
460800.000
515200.000
491200.000
502000.000
544400.000
521200.000
515200.000
504800.000
498000.000
491600.000
526400.000
509600.000
496400.000
507600.000
516400.000
528800.000
534000.000
529600.000
534800.000
503600.000
481200.000
488000.000
495200.000
487200.000
477600.000
482800.000
478000.000
499600.000
487200.000
476000.000
475200.000
452400.000
454000.000
464800.000
510400.000
530400.000
503600.000
485600.000
492400.000
455200.000
461600.000
446000.000
467200.000
476000.000
484400.000
439600.000
440000.000
446800.000
408000.000
404400.000
380800.000
371200.000
370800.000
411600.000
409200.000
394000.000
420800.000
446000.000
457200.000
473600.000
480800.000
454400.000
500400.000
472800.000
472400.000
476000.000
460400.000
466000.000
478000.000
463600.000
478800.000
488000.000
491200.000
535600.000
518800.000
492800.000
476800.000
485600.000
476000.000
461200.000
440000.000
472400.000
470400.000
460800.000
499600.000
484800.000
497200.000
506800.000
477200.000
504800.000
475600.000
482800.000
478000.000
516000.000
519200.000
499600.000
520800.000
506000.000
491600.000
500400.000
532800.000
509200.000
481600.000
530400.000
527200.000
544000.000
470000.000
499600.000
487200.000
457600.000
492000.000
446400.000
467600.000
466800.000
477200.000
460000.000
446400.000
469200.000
480800.000
463200.000
475600.000
443600.000
470400.000
458800.000
434800.000
444000.000
438400.000
437200.000
436800.000
446400.000
431200.000
425600.000
452000.000
400000.000
416400.000
400000.000
389600.000
392000.000
419200.000
412000.000
409200.000
391200.000
392800.000
388000.000
428800.000
409200.000
416400.000
436400.000
436000.000
412000.000
383600.000
396000.000
387200.000
368000.000
376000.000
383200.000
382000.000
427600.000
405200.000
418400.000
385600.000
404800.000
406000.000
445200.000
415600.000
421200.000
410800.000
397200.000
386000.000
392400.000
406800.000
439200.000
425200.000
464000.000
471200.000
440400.000
440400.000
452800.000
424800.000
456000.000
448400.000
456400.000
478800.000
475600.000
496400.000
473200.000
446000.000
488000.000
430000.000
425200.000
466800.000
485600.000
481200.000
500400.000
490800.000
494400.000
477600.000
490400.000
499600.000
504400.000
500800.000
500400.000
503200.000
494800.000
524000.000
515600.000
512000.000
513600.000
488400.000
495200.000
525600.000
520000.000
474000.000
491200.000
492000.000
515600.000
509200.000
512800.000
521200.000
511600.000
487600.000
500400.000
472000.000
486000.000
508000.000
482000.000
488400.000
482400.000
496000.000
468400.000
477600.000
482400.000
473600.000
452000.000
454000.000
458400.000
461600.000
479200.000
472000.000
495600.000
478000.000
473600.000
479200.000
458000.000
488400.000
483200.000
466800.000
448800.000
444400.000
407200.000
409600.000
397200.000
368400.000
374800.000
393200.000
413600.000
396400.000
446000.000
461200.000
459600.000
466000.000
463200.000
487600.000
495600.000
496800.000
482000.000
477200.000
460800.000
427600.000
488400.000
487200.000
496000.000
513200.000
450800.000
486800.000
508000.000
481600.000
490800.000
464000.000
483200.000
458000.000
476800.000
433600.000
479600.000
466000.000
503200.000
516800.000
476400.000
480400.000
487200.000
470800.000
460000.000
481200.000
474000.000
490000.000
511600.000
502000.000
529600.000
498400.000
496800.000
501600.000
505600.000
513600.000
504800.000
487200.000
520800.000
506000.000
486800.000
484400.000
464400.000
464400.000
494000.000
480000.000
479600.000
495200.000
472800.000
445200.000
441600.000
460400.000
456800.000
476000.000
453200.000
455200.000
475200.000
445600.000
440400.000
460000.000
443200.000
424800.000
437200.000
423600.000
468800.000
452000.000
424000.000
421600.000
418800.000
445200.000
436000.000
390400.000
413600.000
397600.000
389600.000
416000.000
390400.000
397200.000
410400.000
421200.000
431200.000
437600.000
392000.000
391200.000
381600.000
388800.000
374000.000
366800.000
360800.000
367600.000
385600.000
412800.000
412000.000
414400.000
408800.000
390400.000
422000.000
444000.000
418400.000
411200.000
395600.000
432400.000
407200.000
393600.000
426400.000
443200.000
439200.000
427200.000
436800.000
471200.000
464000.000
470800.000
444400.000
470400.000
462400.000
459600.000
480800.000
470000.000
445600.000
476400.000
441600.000
475600.000
435600.000
412000.000
482800.000
504400.000
468400.000
504400.000
476000.000
476400.000
451600.000
467600.000
460000.000
522800.000
498000.000
498800.000
487600.000
505200.000
493600.000
496000.000
504000.000
482400.000
505600.000
513200.000
500400.000
499200.000
514800.000
499600.000
520800.000
499200.000
549200.000
530400.000
509200.000
520000.000
510400.000
493600.000
504800.000
472400.000
480400.000
514400.000
500000.000
492400.000
449200.000
464400.000
490800.000
490400.000
454800.000
436400.000
452800.000
464800.000
472000.000
496000.000
487200.000
502800.000
490400.000
462800.000
480000.000
476400.000
476400.000
488400.000
472800.000
466000.000
474400.000
454800.000
411200.000
399600.000
358400.000
344400.000
392000.000
427200.000
413600.000
445600.000
453600.000
448400.000
450800.000
451600.000
495600.000
494400.000
492400.000
481600.000
485200.000
480000.000
460400.000
477200.000
490800.000
479600.000
488000.000
467200.000
491600.000
469600.000
449600.000
473600.000
479200.000
518400.000
491600.000
487200.000
465200.000
483600.000
463200.000
486800.000
485600.000
456000.000
502000.000
479200.000
467600.000
463200.000
469200.000
478800.000
462000.000
482000.000
486000.000
513600.000
524400.000
491600.000
493600.000
510000.000
484800.000
493600.000
478400.000
478000.000
465200.000
494000.000
508000.000
482800.000
484000.000
472800.000
488400.000
493600.000
448800.000
470000.000
444400.000
468000.000
468800.000
438000.000
435600.000
466400.000
460400.000
448000.000
434400.000
436800.000
414000.000
424400.000
427600.000
411200.000
435200.000
436800.000
432800.000
411200.000
419200.000
405200.000
412400.000
429600.000
416800.000
388000.000
414400.000
396400.000
413600.000
390800.000
402000.000
424400.000
413600.000
424400.000
410000.000
419600.000
406800.000
379200.000
375600.000
380400.000
367200.000
378400.000
385600.000
406400.000
425200.000
419200.000
394800.000
404000.000
391200.000
425600.000
444400.000
414000.000
380400.000
395200.000
419200.000
394800.000
397600.000
432400.000
446800.000
426000.000
454400.000
448800.000
474400.000
464400.000
458800.000
467600.000
482800.000
453600.000
482400.000
442000.000
464800.000
459200.000
470400.000
463600.000
444800.000
433200.000
466400.000
448000.000
476400.000
477600.000
483600.000
451200.000
478000.000
466000.000
466800.000
478800.000
471200.000
499600.000
502400.000
485600.000
477200.000
490000.000
470400.000
456400.000
483600.000
487200.000
549600.000
516000.000
524800.000
522800.000
520400.000
532400.000
536400.000
514000.000
498400.000
536000.000
475200.000
537200.000
518400.000
494800.000
501600.000
461600.000
470000.000
508000.000
499600.000
468400.000
474000.000
469600.000
500400.000
489200.000
480400.000
456800.000
454800.000
509200.000
473600.000
456800.000
490000.000
511200.000
498800.000
507600.000
478800.000
496000.000
467200.000
465200.000
442000.000
450000.000
474400.000
440000.000
397600.000
377200.000
359200.000
383200.000
400800.000
444800.000
455600.000
464800.000
454400.000
448400.000
454000.000
496400.000
488400.000
512400.000
493200.000
501600.000
516000.000
460800.000
496800.000
495200.000
490400.000
482800.000
488400.000
496400.000
523200.000
519600.000
494400.000
515200.000
476800.000
495200.000
463200.000
459600.000
471200.000
481200.000
465200.000
464000.000
494400.000
497200.000
472400.000
474800.000
451600.000
474800.000
480400.000
457600.000
488800.000
486800.000
497600.000
476400.000
476400.000
512000.000
506400.000
521200.000
470400.000
477200.000
473200.000
456400.000
466800.000
460000.000
507600.000
472800.000
481600.000
462800.000
477600.000
459200.000
463600.000
446400.000
476000.000
449200.000
459600.000
438400.000
443200.000
420400.000
428800.000
452800.000
439200.000
427200.000
418000.000
442800.000
456400.000
426800.000
410800.000
409600.000
429200.000
394800.000
426800.000
404000.000
398800.000
393200.000
392800.000
402400.000
400800.000
396400.000
416400.000
412800.000
412800.000
452800.000
411200.000
418000.000
433200.000
417600.000
420400.000
423600.000
419600.000
401200.000
389600.000
382800.000
417600.000
419600.000
390800.000
401600.000
432800.000
423600.000
412400.000
433200.000
415600.000
418800.000
408800.000
410800.000
386800.000
391200.000
397600.000
418800.000
413600.000
451200.000
464400.000
478000.000
474000.000
498800.000
480800.000
475200.000
444800.000
470400.000
456400.000
454000.000
456400.000
422800.000
433600.000
426400.000
413200.000
491200.000
450800.000
437600.000
499600.000
485600.000
445600.000
447600.000
443600.000
452800.000
470400.000
491600.000
494000.000
508800.000
511600.000
478800.000
492000.000
473200.000
434400.000
495200.000
488400.000
524400.000
530800.000
495600.000
514800.000
524000.000
508800.000
536000.000
522400.000
505600.000
490400.000
511200.000
521200.000
553600.000
553600.000
528000.000
495200.000
488000.000
504800.000
511200.000
501200.000
476000.000
473600.000
483600.000
475200.000
478000.000
505600.000
490000.000
468400.000
486800.000
480000.000
476000.000
507200.000
515200.000
491200.000
493200.000
487600.000
471600.000
431600.000
448000.000
477200.000
478800.000
440400.000
400800.000
372000.000
344800.000
352400.000
370000.000
436800.000
455600.000
436800.000
486800.000
506800.000
492800.000
494800.000
502400.000
519200.000
526400.000
530000.000
527600.000
532800.000
536800.000
495200.000
477200.000
480000.000
522000.000
541600.000
508800.000
530800.000
495200.000
541600.000
506800.000
506000.000
494400.000
463600.000
495200.000
482800.000
499600.000
475600.000
497600.000
474800.000
486800.000
466000.000
484000.000
461600.000
461600.000
467600.000
459200.000
483600.000
489600.000
464400.000
463600.000
468400.000
510800.000
482400.000
478800.000
473600.000
453600.000
460800.000
466000.000
456000.000
450800.000
447200.000
450000.000
465600.000
465600.000
462400.000
478000.000
473600.000
485600.000
455200.000
453200.000
435600.000
407600.000
418800.000
418400.000
454400.000
412800.000
414800.000
409600.000
392800.000
428800.000
426800.000
462800.000
422400.000
419200.000
410400.000
426800.000
442800.000
400400.000
388400.000
396400.000
399200.000
393200.000
382000.000
403200.000
386400.000
416800.000
441200.000
420800.000
417200.000
465600.000
442800.000
448000.000
461200.000
407200.000
433600.000
410800.000
390800.000
427200.000
420000.000
431200.000
433600.000
415600.000
441600.000
418400.000
432800.000
429200.000
401600.000
406400.000
436000.000
407200.000
409200.000
410000.000
408800.000
423200.000
425200.000
411600.000
482000.000
490000.000
466000.000
480800.000
476800.000
431600.000
453200.000
475200.000
477600.000
468800.000
434000.000
432000.000
417200.000
435200.000
455600.000
464800.000
429600.000
462000.000
471200.000
468400.000
443600.000
444800.000
431200.000
464800.000
458800.000
468400.000
486800.000
461600.000
490800.000
467200.000
475600.000
466800.000
500000.000
493600.000
546800.000
520000.000
509200.000
518400.000
509200.000
508000.000
503200.000
506400.000
495200.000
504400.000
478000.000
532000.000
539600.000
529200.000
538400.000
496000.000
478000.000
480400.000
483200.000
471600.000
478800.000
468400.000
483600.000
483600.000
478000.000
473200.000
470400.000
488800.000
485200.000
470000.000
502800.000
479600.000
477600.000
450800.000
456000.000
474800.000
430000.000
446800.000
462800.000
479600.000
474000.000
428800.000
412800.000
373600.000
387200.000
415200.000
359200.000
414800.000
449600.000
479200.000
512400.000
521200.000
520000.000
483200.000
525200.000
492000.000
525200.000
484400.000
538400.000
544000.000
498000.000
512400.000
516800.000
498800.000
528400.000
496000.000
509200.000
528400.000
527200.000
553200.000
529600.000
494000.000
471200.000
468000.000
471200.000
492400.000
498800.000
499600.000
465200.000
510400.000
499600.000
479200.000
462400.000
434400.000
472800.000
459200.000
499200.000
449200.000
474400.000
498400.000
480400.000
501600.000
496000.000
478000.000
472800.000
477200.000
466000.000
474800.000
464400.000
448800.000
440800.000
438400.000
438000.000
474800.000
448400.000
472400.000
477600.000
456800.000
469200.000
454400.000
458000.000
428000.000
441600.000
393600.000
449200.000
438000.000
440400.000
428800.000
430400.000
397600.000
410800.000
430800.000
450000.000
439200.000
436400.000
430000.000
438800.000
410800.000
400000.000
422000.000
422800.000
410800.000
392000.000
390000.000
388000.000
397200.000
400800.000
392400.000
423600.000
443600.000
412000.000
438000.000
430800.000
417600.000
445600.000
414800.000
380800.000
399600.000
434800.000
429200.000
452000.000
450400.000
426800.000
434800.000
431200.000
414000.000
395600.000
414000.000
415200.000
437600.000
399600.000
413200.000
428800.000
413200.000
432800.000
413600.000
427200.000
446000.000
460800.000
463200.000
484000.000
465600.000
440000.000
432800.000
438800.000
460800.000
433600.000
433600.000
430800.000
447200.000
421600.000
410800.000
437200.000
471200.000
428000.000
464000.000
468800.000
434000.000
456800.000
452400.000
446400.000
495600.000
476800.000
480400.000
467600.000
452800.000
460000.000
478800.000
463600.000
488400.000
518000.000
476400.000
513600.000
492800.000
498800.000
498400.000
496800.000
456000.000
475200.000
504000.000
491200.000
495600.000
476000.000
537200.000
526800.000
523200.000
499600.000
509600.000
474400.000
501200.000
512000.000
486400.000
477600.000
493200.000
477600.000
488800.000
458800.000
485600.000
487200.000
502000.000
482800.000
511600.000
487200.000
474800.000
483200.000
433600.000
463600.000
439600.000
451200.000
463600.000
458400.000
451200.000
436400.000
415200.000
388800.000
371600.000
364000.000
413600.000
388000.000
428000.000
462000.000
485600.000
482000.000
510000.000
482400.000
523600.000
495600.000
517200.000
514800.000
473600.000
497600.000
536800.000
502000.000
500800.000
511200.000
520000.000
494400.000
519200.000
514800.000
498800.000
511600.000
516000.000
476800.000
496800.000
457200.000
484400.000
491600.000
518800.000
513600.000
486000.000
493200.000
468400.000
450800.000
441200.000
449600.000
433200.000
462000.000
458000.000
484400.000
480800.000
482800.000
460400.000
477600.000
480800.000
482800.000
502400.000
472000.000
476800.000
470000.000
462000.000
466000.000
442800.000
460400.000
442000.000
443600.000
474000.000
483600.000
474400.000
469600.000
490400.000
456000.000
437200.000
432400.000
418800.000
456000.000
427200.000
409600.000
426800.000
410800.000
406400.000
432400.000
422000.000
450400.000
420400.000
449200.000
435200.000
427200.000
435600.000
421600.000
421600.000
407200.000
439600.000
414000.000
402400.000
398400.000
385200.000
390800.000
413600.000
401200.000
420800.000
428000.000
417600.000
434000.000
448000.000
451200.000
429600.000
416400.000
398800.000
416000.000
400000.000
461200.000
436000.000
447200.000
440400.000
405200.000
429600.000
429200.000
405600.000
409600.000
433600.000
412400.000
451200.000
435600.000
432800.000
428000.000
463200.000
407200.000
416800.000
457600.000
471600.000
479200.000
499600.000
448800.000
466000.000
482000.000
462400.000
447600.000
452800.000
432800.000
441200.000
436000.000
434400.000
439200.000
414400.000
418000.000
476800.000
464400.000
451200.000
475200.000
467600.000
464800.000
473200.000
493200.000
501200.000
498800.000
470400.000
488800.000
488400.000
474400.000
466000.000
487200.000
496800.000
532000.000
497200.000
511200.000
498400.000
483600.000
496800.000
501200.000
482400.000
506000.000
496400.000
524400.000
504800.000
502800.000
529600.000
495200.000
524000.000
491200.000
485200.000
483200.000
503600.000
486400.000
470800.000
490000.000
468800.000
482400.000
462800.000
484400.000
506800.000
477600.000
487600.000
506800.000
494000.000
488800.000
482000.000
457200.000
431200.000
461200.000
467200.000
465200.000
475600.000
452000.000
427200.000
396400.000
396400.000
389600.000
368000.000
416800.000
457600.000
436800.000
448800.000
478800.000
484800.000
518000.000
531600.000
511200.000
508800.000
548800.000
507600.000
528400.000
518000.000
500000.000
485600.000
513200.000
504000.000
511200.000
493200.000
528400.000
537600.000
529200.000
547600.000
516000.000
469600.000
489200.000
522000.000
489200.000
484000.000
523600.000
514800.000
494400.000
492000.000
487600.000
426000.000
460400.000
445200.000
490000.000
449200.000
467600.000
472800.000
477600.000
490400.000
483600.000
491200.000
498800.000
485600.000
471200.000
470800.000
449600.000
462800.000
465600.000
469600.000
466000.000
453600.000
479200.000
477200.000
479600.000
476000.000
481200.000
478400.000
473200.000
474400.000
446400.000
457600.000
436800.000
433600.000
446800.000
437600.000
422800.000
410400.000
419600.000
405200.000
416400.000
431200.000
421200.000
408400.000
458400.000
418800.000
434800.000
456800.000
430400.000
434400.000
427200.000
413200.000
419200.000
381200.000
412800.000
395600.000
425600.000
433600.000
451600.000
456800.000
445200.000
446000.000
441600.000
428400.000
426000.000
440000.000
451200.000
449200.000
454000.000
446400.000
450800.000
482800.000
447600.000
435600.000
417600.000
395600.000
418000.000
399200.000
449200.000
430400.000
418400.000
420400.000
442400.000
444400.000
442800.000
432000.000
397600.000
450800.000
462400.000
471600.000
469200.000
449600.000
437600.000
449200.000
439600.000
430000.000
428800.000
428000.000
433600.000
428000.000
448800.000
432800.000
437600.000
440800.000
446000.000
456400.000
441600.000
422000.000
488800.000
468400.000
493600.000
505600.000
486400.000
490000.000
454000.000
476400.000
453200.000
470000.000
468400.000
477200.000
491200.000
524000.000
528800.000
468800.000
485200.000
490400.000
462800.000
488400.000
493200.000
483600.000
533600.000
530000.000
514400.000
499600.000
489600.000
498400.000
501600.000
507200.000
486000.000
492400.000
506800.000
484000.000
453600.000
464000.000
495200.000
471600.000
475200.000
457600.000
478800.000
497600.000
482000.000
486400.000
494800.000
475200.000
466800.000
436800.000
442800.000
452000.000
460000.000
434400.000
483600.000
435200.000
423200.000
380800.000
379600.000
337200.000
366000.000
419200.000
424400.000
433600.000
465200.000
472400.000
488400.000
469600.000
482000.000
482400.000
523600.000
501200.000
474400.000
508800.000
484000.000
482800.000
471200.000
445600.000
453200.000
476000.000
513600.000
524400.000
522400.000
562400.000
529600.000
517600.000
501200.000
504800.000
486000.000
489600.000
525200.000
527600.000
504400.000
483600.000
470000.000
473200.000
451600.000
452400.000
454800.000
481600.000
461200.000
474000.000
466400.000
471200.000
487200.000
492000.000
518800.000
478800.000
487600.000
466000.000
480000.000
488800.000
459600.000
455200.000
473200.000
454400.000
476800.000
468000.000
482800.000
436000.000
448000.000
440800.000
466400.000
464000.000
440000.000
438800.000
454000.000
426000.000
438800.000
431200.000
432000.000
421200.000
418000.000
432400.000
418800.000
410800.000
413200.000
402800.000
406400.000
406400.000
416400.000
450400.000
444800.000
426400.000
441600.000
414000.000
409200.000
427600.000
422000.000
433200.000
421600.000
410400.000
437200.000
412000.000
421200.000
429200.000
434000.000
431600.000
432800.000
430000.000
413200.000
411600.000
398400.000
440000.000
459600.000
450000.000
470800.000
427600.000
406000.000
433200.000
426000.000
382000.000
426000.000
412400.000
428400.000
461600.000
424400.000
419200.000
441200.000
415600.000
415200.000
414400.000
426800.000
450000.000
462400.000
460000.000
458000.000
440400.000
440400.000
455200.000
443200.000
455600.000
426000.000
421200.000
462000.000
462800.000
437200.000
456000.000
455200.000
434400.000
454800.000
437200.000
430000.000
430800.000
474800.000
480000.000
496800.000
494800.000
474800.000
484400.000
496400.000
484400.000
465200.000
506800.000
454000.000
484800.000
486000.000
540400.000
496800.000
463600.000
474000.000
506000.000
532400.000
532400.000
524000.000
514400.000
496800.000
525200.000
547200.000
486800.000
505600.000
516000.000
493200.000
491600.000
486400.000
514800.000
470000.000
477600.000
483200.000
510800.000
516000.000
474800.000
472000.000
465200.000
450000.000
490800.000
461600.000
492000.000
513600.000
453600.000
452400.000
459200.000
466800.000
445600.000
458000.000
454000.000
443200.000
400400.000
362400.000
343600.000
357200.000
394400.000
409600.000
411200.000
430000.000
470400.000
462800.000
471600.000
460400.000
488800.000
506000.000
533600.000
519600.000
503600.000
505200.000
494000.000
507200.000
461200.000
480400.000
458400.000
481200.000
470400.000
487600.000
513600.000
526800.000
530000.000
494000.000
502000.000
508800.000
503200.000
496400.000
512400.000
529200.000
537600.000
502400.000
458000.000
457200.000
471600.000
456400.000
467200.000
485200.000
478800.000
507600.000
476000.000
452800.000
490000.000
519200.000
463200.000
462800.000
494800.000
515600.000
487200.000
450000.000
432400.000
473200.000
459200.000
456800.000
468400.000
440000.000
455200.000
465600.000
500800.000
460400.000
444400.000
443200.000
452400.000
433600.000
449600.000
440000.000
486000.000
464000.000
419200.000
449600.000
427600.000
446400.000
435600.000
422400.000
413600.000
399600.000
427600.000
430400.000
433200.000
434400.000
430000.000
449600.000
447600.000
450400.000
432400.000
428000.000
435200.000
423600.000
428800.000
434400.000
429600.000
408800.000
413200.000
422000.000
422400.000
444000.000
463600.000
426000.000
441600.000
436400.000
426000.000
454000.000
465600.000
440800.000
422400.000
428000.000
417600.000
444400.000
439200.000
400000.000
428400.000
418400.000
460000.000
455600.000
459200.000
444400.000
426000.000
435600.000
426400.000
432400.000
433600.000
441200.000
430000.000
444400.000
446000.000
464000.000
463200.000
448000.000
441200.000
462400.000
433600.000
454400.000
456800.000
442400.000
448400.000
439200.000
432400.000
418800.000
431200.000
418400.000
398800.000
452000.000
416400.000
487600.000
486800.000
486400.000
470800.000
453600.000
462800.000
460000.000
458800.000
453200.000
460400.000
467600.000
471200.000
476000.000
476400.000
472000.000
462000.000
474400.000
509200.000
482800.000
558800.000
518400.000
490800.000
492400.000
506000.000
522400.000
491600.000
535200.000
494000.000
523200.000
488800.000
496400.000
481600.000
494800.000
477600.000
542400.000
516000.000
456800.000
480400.000
499600.000
467600.000
480400.000
480400.000
464800.000
481600.000
467600.000
492000.000
485600.000
473200.000
479600.000
445600.000
476000.000
419600.000
420000.000
381600.000
381600.000
358400.000
390800.000
416000.000
405200.000
438000.000
445200.000
430000.000
448800.000
465600.000
480400.000
508400.000
509200.000
501200.000
487200.000
498400.000
471200.000
501200.000
485200.000
470000.000
464000.000
445600.000
472800.000
443200.000
499200.000
527200.000
526400.000
524000.000
503200.000
460800.000
489600.000
487600.000
494400.000
494000.000
503600.000
499600.000
477200.000
455600.000
484800.000
493200.000
456400.000
482800.000
487600.000
451200.000
464000.000
442000.000
470400.000
449600.000
470400.000
473600.000
464400.000
494000.000
475600.000
476800.000
453600.000
471600.000
470800.000
470000.000
467200.000
456400.000
456800.000
436000.000
459200.000
479200.000
467600.000
476400.000
433200.000
435600.000
458400.000
435600.000
498400.000
461600.000
444000.000
451200.000
445600.000
419200.000
426000.000
368400.000
406000.000
415200.000
403600.000
420800.000
426000.000
439600.000
440800.000
429200.000
467200.000
460800.000
439200.000
433200.000
438400.000
448800.000
443200.000
436000.000
454400.000
443600.000
434800.000
414800.000
415200.000
403600.000
417200.000
422800.000
404400.000
424800.000
416000.000
426400.000
452000.000
412800.000
435600.000
460800.000
442000.000
447600.000
434000.000
423200.000
415600.000
412800.000
421600.000
453200.000
442800.000
434400.000
449600.000
442000.000
444800.000
442000.000
422400.000
452000.000
451200.000
453600.000
450000.000
430000.000
434000.000
464800.000
469200.000
439600.000
433200.000
429600.000
450000.000
448000.000
460400.000
456000.000
424400.000
402400.000
416000.000
436400.000
398800.000
422000.000
447600.000
471200.000
444800.000
463600.000
492400.000
448000.000
440800.000
452400.000
430000.000
432000.000
422400.000
442800.000
481200.000
480000.000
475200.000
471600.000
470800.000
475600.000
490400.000
490400.000
516000.000
506800.000
505200.000
495200.000
508000.000
523200.000
520800.000
514800.000
493600.000
529600.000
497600.000
524400.000
502800.000
490800.000
510000.000
548400.000
533600.000
510400.000
495200.000
499600.000
505200.000
490800.000
496400.000
463600.000
491200.000
467200.000
490800.000
494400.000
502000.000
461600.000
470800.000
444000.000
446400.000
421600.000
387600.000
355600.000
332800.000
375200.000
388000.000
394400.000
422000.000
462000.000
454000.000
449600.000
475600.000
486400.000
482400.000
488800.000
511600.000
515600.000
468400.000
456400.000
494400.000
506000.000
503600.000
497200.000
466800.000
492000.000
462000.000
483200.000
495200.000
494800.000
490800.000
510800.000
479200.000
477600.000
486400.000
474000.000
494400.000
489600.000
492000.000
480000.000
503200.000
472000.000
460000.000
474800.000
463200.000
477600.000
491200.000
471600.000
459600.000
496400.000
486800.000
454400.000
470800.000
468400.000
472000.000
471200.000
472000.000
478000.000
505200.000
489200.000
484400.000
483600.000
503200.000
459200.000
498000.000
482000.000
460800.000
466000.000
451600.000
468800.000
443600.000
439600.000
468000.000
464800.000
453200.000
462800.000
454400.000
419200.000
436800.000
440400.000
452800.000
444400.000
445200.000
440800.000
427600.000
429600.000
429200.000
460400.000
447200.000
457600.000
437600.000
444000.000
429600.000
454000.000
432800.000
457200.000
416400.000
447600.000
422800.000
454400.000
426400.000
410000.000
419200.000
418400.000
414400.000
411600.000
430800.000
400400.000
458800.000
464000.000
425600.000
454400.000
442400.000
432000.000
434000.000
424000.000
428000.000
432400.000
415600.000
420400.000
448800.000
443600.000
444400.000
416000.000
449200.000
437200.000
445600.000
421600.000
462800.000
465600.000
468800.000
430800.000
477200.000
437200.000
443600.000
446400.000
450400.000
459200.000
451200.000
447600.000
439600.000
428000.000
426800.000
432800.000
440400.000
416800.000
417600.000
404800.000
427600.000
442400.000
434800.000
477200.000
444400.000
470000.000
464800.000
444800.000
447200.000
451200.000
453600.000
475200.000
484800.000
466000.000
493600.000
498800.000
497600.000
520800.000
494400.000
489600.000
532000.000
490800.000
476800.000
477200.000
455200.000
503600.000
502800.000
512800.000
504000.000
480800.000
480800.000
489600.000
490400.000
516800.000
527600.000
505200.000
510400.000
564800.000
524000.000
488400.000
482000.000
494800.000
504800.000
495600.000
508400.000
508400.000
472400.000
491200.000
479600.000
510000.000
488400.000
442000.000
488400.000
463600.000
451600.000
428400.000
400000.000
366800.000
386800.000
368000.000
382400.000
394400.000
472800.000
460800.000
509200.000
463600.000
510400.000
505200.000
493600.000
501200.000
465200.000
480000.000
498000.000
494800.000
502800.000
487200.000
502000.000
475200.000
505600.000
514000.000
472400.000
518000.000
510400.000
482000.000
480000.000
457200.000
452000.000
466000.000
483200.000
512000.000
515600.000
474800.000
503600.000
502400.000
488000.000
484400.000
480400.000
470400.000
495600.000
511600.000
480400.000
485200.000
482800.000
458400.000
458000.000
487200.000
437600.000
441600.000
482400.000
491200.000
481200.000
488000.000
495600.000
486400.000
514800.000
482000.000
482800.000
474000.000
475600.000
482000.000
462800.000
486000.000
461600.000
478400.000
487600.000
494000.000
506000.000
481600.000
476400.000
476800.000
438400.000
465600.000
436800.000
442400.000
425200.000
419200.000
429200.000
414000.000
462000.000
426800.000
433200.000
452000.000
436400.000
462800.000
460000.000
461200.000
450400.000
470800.000
456800.000
465600.000
460000.000
452400.000
442400.000
426400.000
439600.000
445600.000
417200.000
429600.000
414800.000
442400.000
460800.000
452000.000
474000.000
454400.000
421200.000
446800.000
440400.000
442000.000
430400.000
438000.000
426800.000
443200.000
409200.000
435600.000
475600.000
460000.000
440800.000
435200.000
460000.000
457600.000
464400.000
480800.000
472000.000
476800.000
493200.000
446800.000
452400.000
460800.000
468800.000
444800.000
446000.000
429600.000
432800.000
444800.000
453600.000
424800.000
419200.000
409200.000
438000.000
420800.000
425600.000
436000.000
450000.000
405600.000
469200.000
451200.000
475200.000
490400.000
464800.000
447600.000
450400.000
410400.000
458800.000
462000.000
478000.000
498800.000
503600.000
504000.000
529200.000
492800.000
490400.000
489200.000
480800.000
500400.000
494000.000
503600.000
490800.000
533200.000
495600.000
506800.000
491600.000
468800.000
472400.000
478400.000
472000.000
510800.000
491600.000
495600.000
508800.000
504400.000
467200.000
516400.000
504000.000
510800.000
501200.000
480000.000
492000.000
470000.000
482000.000
475200.000
496800.000
497200.000
462000.000
466800.000
482800.000
452400.000
440800.000
357200.000
365200.000
343200.000
358000.000
354000.000
428800.000
436000.000
454400.000
476400.000
502800.000
478800.000
471600.000
508800.000
471600.000
469600.000
459200.000
490400.000
479200.000
515600.000
476400.000
491600.000
490400.000
478800.000
474400.000
478400.000
478800.000
498400.000
458400.000
449200.000
468400.000
455200.000
475600.000
495200.000
499600.000
488800.000
487600.000
475200.000
497600.000
475600.000
497200.000
518800.000
464400.000
508800.000
485200.000
495200.000
486000.000
467200.000
463600.000
467200.000
473200.000
440400.000
454000.000
453600.000
488800.000
504800.000
502000.000
484000.000
462400.000
485600.000
475200.000
444400.000
484800.000
484400.000
453200.000
461200.000
454000.000
480000.000
463200.000
486800.000
466400.000
464400.000
458800.000
451600.000
472800.000
464000.000
462400.000
448800.000
416400.000
412800.000
414000.000
416000.000
426000.000
435600.000
437600.000
447200.000
460800.000
442400.000
434400.000
434000.000
424800.000
448400.000
419200.000
448000.000
458400.000
462800.000
473600.000
420400.000
422800.000
424400.000
406000.000
438000.000
445600.000
404400.000
435600.000
462400.000
447200.000
472800.000
459200.000
470000.000
442000.000
418400.000
452400.000
440400.000
405600.000
440400.000
416800.000
426800.000
441600.000
434400.000
432400.000
440400.000
442800.000
433200.000
464000.000
458800.000
474000.000
460400.000
486000.000
457600.000
447200.000
461200.000
447600.000
438800.000
457200.000
448000.000
467200.000
457200.000
429200.000
419200.000
440400.000
421200.000
416800.000
402400.000
422800.000
454800.000
420000.000
432800.000
433200.000
442000.000
449600.000
433200.000
457200.000
455200.000
427600.000
435200.000
457200.000
400000.000
473600.000
511200.000
484400.000
516800.000
498000.000
491600.000
520400.000
481600.000
470800.000
480800.000
491600.000
468000.000
513600.000
488800.000
518000.000
476800.000
508400.000
497600.000
478000.000
470400.000
472800.000
486400.000
479200.000
502000.000
503200.000
498800.000
502000.000
485600.000
511600.000
484000.000
488800.000
512400.000
517600.000
533600.000
475600.000
474400.000
516800.000
510400.000
474800.000
487600.000
457200.000
476400.000
435600.000
405600.000
394400.000
345200.000
329600.000
340000.000
365600.000
414000.000
435200.000
448800.000
479200.000
496400.000
493200.000
482000.000
480000.000
484400.000
470400.000
462800.000
462800.000
453600.000
454000.000
465600.000
457600.000
471600.000
442000.000
453600.000
484800.000
487200.000
474000.000
454000.000
470400.000
483200.000
461600.000
497600.000
518000.000
502400.000
490800.000
494000.000
481200.000
491200.000
492400.000
480400.000
470000.000
496000.000
486400.000
469200.000
478400.000
481600.000
479600.000
442000.000
454800.000
450400.000
446000.000
438800.000
473600.000
484000.000
494800.000
430400.000
439600.000
466000.000
450000.000
443200.000
446000.000
439600.000
438400.000
440000.000
425200.000
459200.000
478000.000
472800.000
448800.000
450400.000
464400.000
434400.000
422400.000
434000.000
430400.000
450400.000
406800.000
440000.000
415600.000
407600.000
409600.000
422800.000
428800.000
444800.000
479600.000
460400.000
428400.000
437200.000
444400.000
449200.000
440800.000
423600.000
437200.000
440400.000
446000.000
452400.000
456400.000
426400.000
404000.000
414800.000
392400.000
403600.000
447600.000
438000.000
455200.000
473200.000
455600.000
454000.000
484800.000
456000.000
468400.000
451200.000
446800.000
412000.000
433600.000
431600.000
427200.000
409600.000
452400.000
461600.000
442400.000
422800.000
433200.000
445200.000
469600.000
463200.000
465600.000
459600.000
453600.000
457200.000
454400.000
476800.000
461600.000
452400.000
428400.000
438000.000
449600.000
440400.000
440800.000
434000.000
432400.000
437600.000
426800.000
414400.000
412000.000
444000.000
436400.000
407200.000
433600.000
459200.000
447600.000
438800.000
409200.000
448000.000
423200.000
426400.000
441200.000
428000.000
442800.000
493200.000
500000.000
495200.000
493600.000
491600.000
512400.000
475200.000
452000.000
476000.000
519200.000
486800.000
479600.000
475600.000
514400.000
511600.000
487600.000
490400.000
492400.000
481600.000
483200.000
490000.000
468400.000
511600.000
507200.000
488400.000
460000.000
473200.000
470000.000
497200.000
510400.000
484800.000
493200.000
509200.000
489200.000
475200.000
470800.000
498800.000
470400.000
510400.000
455600.000
450400.000
436800.000
362800.000
354400.000
337600.000
378400.000
356800.000
387200.000
426400.000
418000.000
466400.000
502400.000
502000.000
504800.000
503600.000
468400.000
452000.000
460000.000
485200.000
464800.000
468000.000
476400.000
459200.000
467600.000
456800.000
472800.000
446000.000
498400.000
475200.000
476000.000
481200.000
474000.000
488000.000
518000.000
508400.000
516000.000
488000.000
456800.000
511200.000
483600.000
505200.000
472800.000
511600.000
493200.000
464800.000
477200.000
514400.000
474800.000
465200.000
462400.000
427200.000
440800.000
441200.000
457200.000
440800.000
461600.000
472800.000
452000.000
470400.000
448000.000
444800.000
438000.000
445200.000
454000.000
436000.000
445200.000
444000.000
406800.000
425200.000
419600.000
448400.000
441200.000
461200.000
433200.000
416400.000
434000.000
413600.000
411600.000
444800.000
433200.000
422800.000
426400.000
447600.000
431600.000
440000.000
434800.000
451200.000
460000.000
454400.000
432400.000
436800.000
435600.000
422800.000
409600.000
433200.000
426000.000
446800.000
440000.000
446000.000
417600.000
420400.000
428000.000
400000.000
426800.000
419600.000
454400.000
439200.000
450400.000
454400.000
465200.000
449200.000
470800.000
472000.000
484000.000
470800.000
451600.000
419600.000
420000.000
412800.000
451600.000
428400.000
429200.000
460000.000
446800.000
446000.000
454000.000
474000.000
468400.000
437200.000
439600.000
475600.000
461600.000
458800.000
482800.000
448800.000
472400.000
468800.000
441200.000
433200.000
411600.000
409200.000
423600.000
421200.000
426000.000
442800.000
415200.000
412400.000
472400.000
407200.000
445200.000
427200.000
420800.000
445600.000
448000.000
432400.000
457200.000
423600.000
424800.000
461200.000
438000.000
450400.000
484800.000
472800.000
497600.000
479600.000
488400.000
492800.000
480000.000
450800.000
464000.000
481200.000
498000.000
515200.000
474400.000
499600.000
494000.000
492000.000
484400.000
482000.000
460800.000
496800.000
490000.000
495200.000
496800.000
498400.000
473200.000
495200.000
478800.000
492400.000
533200.000
524800.000
552800.000
492400.000
490800.000
510000.000
469200.000
491200.000
488000.000
505600.000
492800.000
460800.000
443200.000
401200.000
384800.000
348800.000
355200.000
315200.000
375200.000
381200.000
417200.000
454400.000
470800.000
490000.000
511600.000
515600.000
472800.000
480000.000
454000.000
469200.000
461200.000
481200.000
466400.000
467600.000
474000.000
456400.000
489600.000
466000.000
468400.000
469600.000
479200.000
481600.000
473600.000
488800.000
480000.000
489200.000
500000.000
476000.000
448800.000
494000.000
516800.000
512400.000
523200.000
518400.000
502800.000
507200.000
500800.000
499600.000
471200.000
478000.000
450400.000
434400.000
438400.000
453600.000
456000.000
455200.000
462000.000
474800.000
448000.000
439600.000
475200.000
444000.000
445600.000
437200.000
471600.000
484400.000
451200.000
447200.000
421200.000
429200.000
406000.000
455600.000
412000.000
410400.000
450000.000
430400.000
422400.000
408000.000
417600.000
433600.000
421200.000
418400.000
450000.000
433200.000
432800.000
424000.000
430000.000
461200.000
454000.000
446400.000
439600.000
435600.000
434800.000
416800.000
426000.000
440000.000
435600.000
449200.000
438400.000
440000.000
441200.000
449200.000
447600.000
448800.000
440800.000
438000.000
413200.000
411200.000
475200.000
442800.000
465600.000
454400.000
437200.000
466400.000
468800.000
496400.000
470400.000
450800.000
441200.000
432800.000
422000.000
435600.000
420000.000
442400.000
438400.000
445200.000
459200.000
442000.000
452800.000
418800.000
442800.000
436400.000
453600.000
440000.000
427600.000
460800.000
430400.000
443200.000
462400.000
431200.000
408800.000
434800.000
416800.000
407600.000
426400.000
390000.000
437600.000
433600.000
394400.000
428400.000
429600.000
438400.000
436800.000
440400.000
404800.000
438800.000
457200.000
443600.000
442400.000
448400.000
443200.000
434400.000
447600.000
469600.000
438400.000
436800.000
480000.000
503600.000
474800.000
477200.000
424000.000
461600.000
481600.000
500400.000
520000.000
498400.000
542800.000
509600.000
498800.000
472800.000
494800.000
495200.000
483600.000
537200.000
490800.000
484800.000
528000.000
477600.000
497600.000
518400.000
487600.000
542000.000
523600.000
496800.000
511600.000
504000.000
480800.000
501600.000
475200.000
532000.000
506000.000
496000.000
466000.000
437600.000
434400.000
384000.000
373200.000
344800.000
382400.000
377200.000
376000.000
407200.000
421600.000
447600.000
494000.000
477200.000
503600.000
511600.000
469600.000
442000.000
468000.000
447200.000
467200.000
483600.000
463200.000
473600.000
469200.000
494400.000
482400.000
460800.000
460400.000
457200.000
448400.000
464400.000
465600.000
467600.000
473600.000
473200.000
490000.000
474000.000
457200.000
520000.000
518800.000
481200.000
543600.000
521200.000
523200.000
500400.000
491200.000
464400.000
466800.000
463600.000
446000.000
465600.000
474000.000
460400.000
499600.000
479600.000
476400.000
478000.000
473600.000
448000.000
471200.000
462000.000
477200.000
440800.000
463200.000
436800.000
418000.000
430000.000
428400.000
420400.000
433200.000
403600.000
420400.000
459600.000
436800.000
436800.000
466000.000
430800.000
427200.000
426800.000
414400.000
435200.000
443200.000
424800.000
417200.000
445200.000
454000.000
449200.000
436800.000
436000.000
440000.000
443200.000
429600.000
458000.000
446800.000
458000.000
454000.000
449600.000
468800.000
464000.000
442000.000
455600.000
456000.000
461600.000
441600.000
457200.000
435600.000
424000.000
407600.000
428800.000
425200.000
427200.000
480000.000
508800.000
468800.000
474000.000
468000.000
470800.000
430800.000
449200.000
456000.000
433200.000
416000.000
434800.000
447600.000
438000.000
426400.000
434800.000
447600.000
416000.000
449600.000
444000.000
452400.000
476000.000
449200.000
462400.000
481600.000
462000.000
457200.000
430400.000
431600.000
425600.000
445600.000
421600.000
451200.000
434000.000
437200.000
420000.000
433200.000
410800.000
429600.000
414000.000
432000.000
443600.000
418000.000
421200.000
418000.000
399600.000
423600.000
430000.000
426000.000
466800.000
470400.000
451200.000
465200.000
450800.000
491600.000
455200.000
451600.000
469600.000
462800.000
480800.000
508000.000
501600.000
499200.000
516800.000
507200.000
508000.000
492800.000
498000.000
494800.000
495600.000
510000.000
504800.000
471600.000
486400.000
510800.000
502800.000
491600.000
511200.000
481200.000
518800.000
508800.000
507200.000
495200.000
488000.000
487600.000
498800.000
507200.000
489200.000
498800.000
508400.000
464800.000
419200.000
398800.000
352000.000
376400.000
348400.000
381200.000
398800.000
405600.000
408800.000
429200.000
463600.000
486400.000
482800.000
504000.000
504000.000
491200.000
470800.000
480800.000
488000.000
468800.000
485600.000
506400.000
492800.000
510800.000
452400.000
468800.000
427600.000
442800.000
458800.000
456400.000
477600.000
464000.000
460000.000
460000.000
467200.000
467200.000
491600.000
492400.000
512400.000
498000.000
515600.000
519600.000
522400.000
508800.000
502000.000
507600.000
485600.000
455600.000
422800.000
468800.000
456000.000
478400.000
477600.000
450800.000
478400.000
457200.000
460000.000
456800.000
443600.000
440400.000
426400.000
425600.000
462800.000
454800.000
460400.000
424000.000
434800.000
429600.000
427200.000
412400.000
404800.000
444400.000
449600.000
442800.000
427200.000
395200.000
436000.000
443600.000
401600.000
417200.000
438800.000
432000.000
421600.000
424000.000
441600.000
447200.000
452000.000
426000.000
422400.000
440400.000
443200.000
434000.000
430800.000
451600.000
450800.000
468800.000
456800.000
447600.000
458400.000
448400.000
458000.000
459600.000
451600.000
469200.000
441200.000
430400.000
443200.000
412000.000
404800.000
460000.000
452800.000
472000.000
475200.000
470400.000
436800.000
460800.000
434000.000
438000.000
468400.000
450800.000
450800.000
470000.000
419600.000
432400.000
439600.000
442400.000
453600.000
469600.000
462000.000
474800.000
457600.000
424400.000
420800.000
446800.000
462000.000
449600.000
463200.000
454000.000
409600.000
430800.000
441600.000
405200.000
454800.000
432000.000
432800.000
424800.000
438400.000
402000.000
400800.000
392000.000
432800.000
440800.000
420800.000
423200.000
410800.000
416000.000
421200.000
415600.000
448800.000
467200.000
464800.000
442400.000
452000.000
455600.000
461600.000
440800.000
459200.000
459600.000
458800.000
497200.000
482800.000
504800.000
512800.000
491200.000
477200.000
470400.000
476000.000
494400.000
501200.000
488800.000
513200.000
510400.000
515600.000
493600.000
486400.000
514400.000
505600.000
482000.000
495200.000
506400.000
493600.000
506800.000
485600.000
505200.000
491600.000
502000.000
490000.000
495600.000
477200.000
467600.000
436800.000
440000.000
375600.000
375200.000
383600.000
368000.000
429600.000
384000.000
400800.000
439200.000
424000.000
443200.000
461600.000
476000.000
482800.000
493200.000
498400.000
479600.000
493600.000
474400.000
518000.000
516400.000
514400.000
488400.000
486400.000
474000.000
474800.000
432000.000
460800.000
482400.000
451200.000
479200.000
435200.000
466000.000
484000.000
486800.000
478800.000
454800.000
477200.000
514400.000
504800.000
490000.000
487200.000
504800.000
486000.000
483600.000
472800.000
460800.000
452000.000
458400.000
486400.000
468000.000
445600.000
472000.000
466000.000
468400.000
454800.000
467600.000
451600.000
453200.000
454400.000
422000.000
443600.000
440400.000
448400.000
433600.000
436800.000
429600.000
433200.000
422000.000
419600.000
444800.000
420800.000
424400.000
437600.000
444400.000
420000.000
441200.000
450800.000
414000.000
443600.000
412400.000
413200.000
428800.000
414400.000
415600.000
442400.000
441600.000
435200.000
442400.000
456400.000
432400.000
453600.000
458400.000
444800.000
428800.000
450000.000
444000.000
454000.000
446400.000
468000.000
471200.000
462400.000
441200.000
448000.000
455600.000
439600.000
444000.000
433600.000
435600.000
426400.000
450800.000
468000.000
458000.000
433200.000
413200.000
426400.000
417200.000
412800.000
442800.000
439200.000
478800.000
439600.000
438800.000
446400.000
441600.000
453200.000
449200.000
468400.000
474800.000
481600.000
420000.000
417600.000
448400.000
471200.000
456800.000
459200.000
448800.000
438000.000
434400.000
430800.000
404400.000
464400.000
419200.000
424800.000
431600.000
434800.000
420800.000
418000.000
417200.000
402400.000
416000.000
409600.000
423600.000
396800.000
423200.000
430800.000
409600.000
427200.000
436000.000
426400.000
437600.000
441600.000
449200.000
467200.000
452000.000
453200.000
451600.000
452000.000
464400.000
491200.000
490800.000
517200.000
508800.000
510800.000
468400.000
474800.000
499200.000
481600.000
502400.000
486800.000
474800.000
493200.000
490800.000
506000.000
504000.000
497200.000
516800.000
484800.000
508800.000
501600.000
495200.000
502800.000
481200.000
495200.000
501200.000
504000.000
491600.000
492800.000
479600.000
456400.000
428000.000
444000.000
399600.000
371200.000
380000.000
369200.000
381600.000
397600.000
423600.000
430000.000
441200.000
455600.000
470400.000
466000.000
498800.000
480400.000
498800.000
484400.000
516000.000
523200.000
513600.000
509600.000
518800.000
481600.000
462000.000
479200.000
487200.000
474000.000
471600.000
442400.000
484800.000
472000.000
470000.000
493200.000
450400.000
460800.000
468000.000
483600.000
484800.000
487600.000
500000.000
464000.000
498400.000
478800.000
472000.000
498000.000
464800.000
475600.000
447200.000
440000.000
460800.000
452800.000
451200.000
479200.000
476400.000
449200.000
453600.000
437600.000
483200.000
478000.000
460000.000
466000.000
433600.000
463200.000
444400.000
436400.000
409600.000
415600.000
424800.000
398800.000
441200.000
436800.000
453200.000
446400.000
424800.000
433200.000
467200.000
436000.000
435200.000
418000.000
436000.000
434400.000
420000.000
411200.000
439200.000
416800.000
434800.000
454800.000
448400.000
451200.000
463200.000
429200.000
469600.000
430000.000
468400.000
459600.000
455600.000
420800.000
454400.000
436400.000
438000.000
453200.000
462000.000
442400.000
436000.000
441200.000
448400.000
438800.000
449200.000
450400.000
443600.000
482000.000
480800.000
467200.000
458000.000
422000.000
426000.000
421600.000
414400.000
440000.000
455600.000
450400.000
464000.000
462000.000
441600.000
472400.000
450400.000
458000.000
465200.000
488800.000
463600.000
416800.000
460400.000
454400.000
446800.000
450400.000
459200.000
430000.000
426800.000
409200.000
418400.000
412800.000
411600.000
422800.000
439600.000
423600.000
452400.000
425600.000
426000.000
456400.000
425200.000
421200.000
423200.000
438400.000
406000.000
416000.000
419200.000
401600.000
413200.000
424400.000
432800.000
445200.000
438800.000
430400.000
427200.000
430800.000
455600.000
477600.000
476000.000
475200.000
489200.000
502800.000
499200.000
487200.000
499600.000
499200.000
494000.000
494800.000
503200.000
478000.000
488000.000
482400.000
488800.000
497600.000
492400.000
509200.000
491600.000
488000.000
483600.000
494800.000
473600.000
508400.000
532400.000
532400.000
520000.000
497200.000
489200.000
509200.000
473600.000
472800.000
474000.000
441200.000
437200.000
397200.000
390400.000
382400.000
376400.000
384000.000
416400.000
426800.000
433200.000
478400.000
460800.000
463600.000
504000.000
512800.000
497600.000
496400.000
493200.000
476400.000
481200.000
494000.000
497200.000
490400.000
469200.000
472000.000
472400.000
508000.000
490400.000
450800.000
482000.000
479200.000
509200.000
516800.000
490400.000
505200.000
500800.000
493600.000
466800.000
491600.000
490000.000
518400.000
508800.000
515200.000
528400.000
486000.000
476000.000
476400.000
467600.000
474000.000
480400.000
459600.000
472400.000
447200.000
480000.000
480800.000
496400.000
449200.000
440800.000
452400.000
452000.000
496400.000
476400.000
475600.000
490400.000
472000.000
430800.000
435600.000
422000.000
422800.000
439600.000
412800.000
458000.000
442800.000
433200.000
439600.000
437600.000
454400.000
452000.000
428400.000
454000.000
439200.000
435200.000
447600.000
436400.000
443600.000
432000.000
446000.000
454400.000
446800.000
442400.000
463600.000
455200.000
448800.000
435200.000
450400.000
456000.000
440400.000
446800.000
470400.000
442400.000
448800.000
433200.000
461200.000
446800.000
426000.000
440400.000
443200.000
456800.000
450400.000
460400.000
463200.000
448000.000
438400.000
422800.000
443200.000
447600.000
419200.000
404400.000
435600.000
410800.000
419600.000
454400.000
460400.000
451600.000
450400.000
456800.000
468000.000
461200.000
469600.000
456400.000
466800.000
447600.000
447600.000
475200.000
456000.000
457200.000
461600.000
440800.000
444400.000
425200.000
427200.000
418400.000
400800.000
430800.000
453600.000
431200.000
419200.000
410000.000
448400.000
426000.000
432000.000
414800.000
404000.000
415600.000
428400.000
419600.000
400000.000
412400.000
423600.000
419200.000
427600.000
434400.000
440800.000
439600.000
430000.000
427600.000
443200.000
454800.000
472800.000
498000.000
490400.000
547600.000
516400.000
525600.000
492800.000
468800.000
472800.000
481200.000
453200.000
484800.000
472800.000
462000.000
468400.000
484400.000
481600.000
506000.000
484400.000
503600.000
479200.000
466800.000
499600.000
505200.000
508000.000
507600.000
492800.000
500000.000
483600.000
486400.000
469600.000
463200.000
464400.000
442800.000
432400.000
419600.000
387200.000
370400.000
382400.000
406000.000
396800.000
430400.000
460400.000
466800.000
479600.000
471600.000
468000.000
499600.000
513200.000
478800.000
458800.000
493600.000
469600.000
498000.000
501200.000
486400.000
514800.000
480800.000
472800.000
494800.000
512800.000
527200.000
486000.000
487200.000
501600.000
518000.000
492400.000
481200.000
488000.000
490000.000
491600.000
487600.000
480400.000
503600.000
513200.000
498400.000
502800.000
489600.000
460800.000
494000.000
458000.000
451200.000
487600.000
464000.000
472400.000
467600.000
456400.000
474400.000
502000.000
470400.000
436800.000
453600.000
468800.000
491600.000
474400.000
444400.000
451600.000
426000.000
416400.000
428800.000
414400.000
432400.000
405200.000
442800.000
478800.000
450400.000
463200.000
454800.000
440800.000
493200.000
478000.000
472000.000
457200.000
440400.000
421600.000
426800.000
446000.000
447200.000
468000.000
477600.000
455200.000
430800.000
447200.000
437200.000
454800.000
415600.000
431200.000
462800.000
444000.000
445200.000
438800.000
439600.000
450400.000
449600.000
452400.000
459200.000
440400.000
426800.000
438800.000
459600.000
491600.000
481200.000
481600.000
445200.000
443200.000
454400.000
445200.000
444800.000
458800.000
443600.000
449200.000
424400.000
420400.000
412800.000
414000.000
443600.000
450400.000
468400.000
468400.000
456800.000
490800.000
495600.000
460000.000
482400.000
445200.000
457200.000
463600.000
446400.000
446800.000
436400.000
428000.000
421200.000
414400.000
388000.000
410800.000
427600.000
413600.000
411200.000
435600.000
433600.000
424000.000
428800.000
426800.000
412800.000
440400.000
439600.000
411200.000
404000.000
454800.000
436800.000
423600.000
422000.000
424400.000
423600.000
431200.000
406400.000
430400.000
416800.000
431600.000
454800.000
465200.000
459200.000
470400.000
512400.000
474800.000
501600.000
476400.000
491600.000
513200.000
484800.000
470400.000
489600.000
482000.000
469600.000
478400.000
462000.000
486400.000
466800.000
479600.000
503200.000
480400.000
486400.000
466800.000
478000.000
488800.000
507600.000
548800.000
537600.000
490000.000
530400.000
463200.000
506000.000
491600.000
490000.000
490400.000
479600.000
422800.000
398000.000
392000.000
368400.000
400000.000
407200.000
417600.000
458400.000
487200.000
471200.000
492800.000
514400.000
494800.000
500800.000
479200.000
500800.000
468000.000
484400.000
508400.000
504800.000
495600.000
487600.000
459600.000
467600.000
467600.000
492400.000
498400.000
489600.000
517200.000
499600.000
488800.000
506800.000
527200.000
492000.000
488400.000
483200.000
490800.000
484800.000
530800.000
496000.000
502400.000
512800.000
485200.000
460000.000
492000.000
480000.000
464400.000
465600.000
478400.000
470400.000
484000.000
465200.000
513600.000
452000.000
473200.000
460000.000
480400.000
458400.000
456800.000
486000.000
465200.000
460000.000
446400.000
417600.000
413200.000
432800.000
398000.000
430800.000
441200.000
450000.000
436000.000
463200.000
452400.000
468400.000
435200.000
472800.000
463600.000
454000.000
460000.000
425600.000
413200.000
420400.000
460800.000
490400.000
465200.000
451600.000
428400.000
464000.000
427200.000
425200.000
457200.000
420400.000
444800.000
448800.000
418000.000
448800.000
470000.000
461200.000
445600.000
479600.000
426000.000
434000.000
454000.000
448400.000
448000.000
470800.000
441600.000
491600.000
514400.000
464000.000
438000.000
462400.000
442400.000
432000.000
427200.000
445200.000
426800.000
397600.000
414400.000
418400.000
437600.000
452800.000
477600.000
448000.000
458400.000
454400.000
488400.000
460400.000
478800.000
463200.000
464000.000
457200.000
423600.000
437600.000
456400.000
452400.000
440000.000
448000.000
422800.000
448800.000
438400.000
416800.000
430800.000
428800.000
418000.000
429200.000
409600.000
422000.000
428800.000
420400.000
431200.000
411600.000
423200.000
437200.000
413600.000
420800.000
418000.000
440000.000
404000.000
442000.000
433200.000
416000.000
449200.000
411200.000
444800.000
466000.000
444000.000
517200.000
505200.000
488800.000
500000.000
494800.000
474800.000
463600.000
471200.000
458800.000
479600.000
451600.000
456400.000
473200.000
460800.000
489200.000
471200.000
514800.000
517200.000
522000.000
493600.000
481200.000
474000.000
461600.000
480800.000
504000.000
500000.000
510000.000
520400.000
492400.000
462800.000
508800.000
492000.000
460800.000
436000.000
416800.000
384400.000
364400.000
368800.000
402000.000
430800.000
438400.000
472400.000
464800.000
466800.000
466800.000
493600.000
482400.000
514000.000
503200.000
499200.000
471200.000
513200.000
482800.000
496800.000
496400.000
491600.000
514800.000
476400.000
488400.000
501200.000
489200.000
504800.000
496000.000
465600.000
480800.000
492800.000
475600.000
505600.000
506800.000
502800.000
518000.000
481200.000
543200.000
550800.000
484400.000
523600.000
480000.000
478400.000
458000.000
460400.000
485200.000
502800.000
441200.000
490000.000
473200.000
452800.000
480400.000
474800.000
488000.000
488800.000
472800.000
456400.000
472000.000
461200.000
459200.000
462400.000
457200.000
430800.000
441200.000
410000.000
412000.000
419200.000
435200.000
465200.000
477600.000
476400.000
467600.000
444800.000
453200.000
429200.000
460000.000
466400.000
470400.000
431200.000
429600.000
426800.000
456400.000
453200.000
456800.000
467200.000
451200.000
424800.000
436800.000
467600.000
437200.000
449200.000
438800.000
442800.000
468800.000
408400.000
439200.000
454000.000
435600.000
439200.000
442400.000
464800.000
454800.000
448000.000
452000.000
472000.000
491600.000
478400.000
497200.000
482400.000
487200.000
469600.000
439200.000
446000.000
471200.000
443600.000
485200.000
452400.000
461200.000
476000.000
482800.000
475200.000
452400.000
476000.000
456000.000
484800.000
492000.000
516800.000
441600.000
444400.000
467200.000
450400.000
441600.000
432000.000
437600.000
478400.000
463200.000
464400.000
434000.000
415600.000
416400.000
442000.000
420400.000
408800.000
421200.000
441600.000
442000.000
434800.000
435600.000
391200.000
394400.000
410400.000
443200.000
401600.000
419600.000
414800.000
406000.000
430800.000
437200.000
429200.000
420800.000
406000.000
423600.000
467200.000
434400.000
439600.000
462000.000
467200.000
475200.000
462400.000
480400.000
430000.000
466000.000
473200.000
433200.000
481200.000
446800.000
465600.000
465200.000
482400.000
456000.000
462400.000
496000.000
484800.000
495200.000
503600.000
477200.000
501600.000
459600.000
477600.000
473200.000
508800.000
497600.000
523600.000
486800.000
482400.000
532000.000
504800.000
448800.000
469600.000
432000.000
397200.000
389200.000
367200.000
388800.000
392400.000
431200.000
448000.000
468800.000
482800.000
482000.000
478800.000
474000.000
468400.000
478400.000
459200.000
480400.000
488400.000
500000.000
521200.000
509600.000
508800.000
477200.000
472400.000
468000.000
448000.000
464000.000
470400.000
487200.000
490000.000
501200.000
489200.000
482800.000
486800.000
456000.000
488000.000
487200.000
473200.000
527200.000
540800.000
491200.000
539600.000
488400.000
494000.000
480800.000
482800.000
492400.000
479600.000
465200.000
470000.000
472000.000
458800.000
462000.000
447200.000
490800.000
483200.000
449600.000
485600.000
477600.000
477600.000
436800.000
481200.000
449600.000
434400.000
454000.000
421600.000
425200.000
433200.000
416400.000
450400.000
445600.000
460800.000
475200.000
440000.000
435200.000
451600.000
442400.000
469600.000
456000.000
443200.000
439600.000
427600.000
422000.000
432400.000
413600.000
451200.000
412400.000
413200.000
454400.000
460800.000
468800.000
450400.000
456800.000
468000.000
470000.000
401600.000
434000.000
438400.000
443200.000
436000.000
447200.000
456800.000
421600.000
456800.000
431600.000
444000.000
474000.000
476400.000
438400.000
455200.000
483200.000
453600.000
456000.000
433600.000
445200.000
460000.000
473200.000
455200.000
436000.000
467200.000
478000.000
486400.000
491200.000
465200.000
482400.000
471600.000
482000.000
448400.000
476000.000
468400.000
445600.000
468000.000
460000.000
458800.000
472400.000
446000.000
459600.000
491200.000
480400.000
483200.000
476400.000
429600.000
451600.000
446000.000
411200.000
420800.000
431200.000
423200.000
429200.000
443600.000
426800.000
408000.000
392000.000
440000.000
450000.000
459200.000
436800.000
441200.000
420400.000
431200.000
417200.000
410800.000
419200.000
405600.000
442000.000
483200.000
452400.000
451600.000
463600.000
452400.000
447600.000
451600.000
444800.000
429200.000
452800.000
437200.000
440000.000
448800.000
443600.000
457600.000
466400.000
480000.000
469600.000
494800.000
514400.000
512400.000
508400.000
530800.000
504800.000
502400.000
485600.000
474800.000
503600.000
507200.000
478400.000
504800.000
514400.000
505600.000
477600.000
479600.000
488000.000
422400.000
393200.000
376400.000
370000.000
371600.000
398800.000
413200.000
442000.000
473200.000
491600.000
470800.000
464000.000
459600.000
497200.000
490800.000
500400.000
488800.000
492400.000
465600.000
521200.000
538800.000
536000.000
506000.000
469200.000
459600.000
458000.000
451200.000
440800.000
482800.000
480000.000
494800.000
502800.000
488800.000
466400.000
486400.000
465200.000
495600.000
515600.000
503600.000
512800.000
538000.000
514800.000
489200.000
484800.000
513600.000
470800.000
475600.000
443600.000
449200.000
461200.000
462800.000
494400.000
470800.000
438400.000
449600.000
449600.000
481200.000
486000.000
480000.000
487200.000
478000.000
481600.000
436800.000
434400.000
461200.000
430000.000
456000.000
455600.000
465200.000
421600.000
436000.000
414000.000
436000.000
444400.000
444800.000
436000.000
443600.000
461200.000
458800.000
447200.000
432000.000
425600.000
414800.000
428400.000
440400.000
452000.000
442400.000
442400.000
480000.000
495600.000
471600.000
474000.000
450000.000
453200.000
466400.000
421200.000
459200.000
445600.000
466400.000
471600.000
442800.000
462800.000
438000.000
457600.000
441200.000
448800.000
468400.000
468800.000
475200.000
459200.000
448800.000
437200.000
422800.000
447200.000
480800.000
465600.000
480400.000
471600.000
446800.000
473200.000
462000.000
474000.000
502800.000
485600.000
462400.000
457200.000
468000.000
467600.000
467600.000
474000.000
467600.000
482400.000
435600.000
462800.000
466800.000
454000.000
478800.000
471200.000
473600.000
457600.000
440400.000
431200.000
457200.000
448800.000
393200.000
421200.000
416800.000
448000.000
454400.000
435200.000
397600.000
404800.000
422000.000
429200.000
428800.000
443200.000
429200.000
450000.000
431200.000
416800.000
422800.000
384800.000
412000.000
440000.000
482000.000
438000.000
465200.000
442000.000
449200.000
464000.000
440800.000
430400.000
435200.000
448800.000
409600.000
437600.000
440400.000
440800.000
424400.000
428000.000
472400.000
480000.000
470800.000
485600.000
520400.000
470000.000
518000.000
460400.000
465600.000
496800.000
494400.000
509600.000
505200.000
496400.000
519200.000
527200.000
526000.000
475600.000
480800.000
469600.000
467200.000
436000.000
410800.000
383200.000
375600.000
363600.000
368800.000
396000.000
451200.000
476000.000
485600.000
483600.000
505600.000
488400.000
498800.000
507600.000
537200.000
486000.000
473200.000
502400.000
500400.000
484000.000
512800.000
476000.000
500400.000
445200.000
459200.000
446000.000
461600.000
447200.000
458400.000
490000.000
496800.000
510400.000
499600.000
486000.000
464400.000
482400.000
472800.000
498000.000
501200.000
496000.000
471200.000
486800.000
493600.000
474800.000
463200.000
450400.000
468400.000
458000.000
496800.000
461600.000
496400.000
464400.000
495200.000
459600.000
457200.000
470000.000
499600.000
470800.000
514000.000
492800.000
459600.000
459200.000
435600.000
436400.000
434800.000
458800.000
458000.000
438800.000
425200.000
430400.000
423600.000
418000.000
434800.000
453200.000
459600.000
463200.000
468800.000
472400.000
444000.000
443600.000
432400.000
438800.000
444000.000
409600.000
412400.000
416000.000
460400.000
461200.000
484400.000
454400.000
472400.000
452000.000
458400.000
454400.000
461200.000
485200.000
456400.000
438400.000
451200.000
434800.000
440000.000
448400.000
441200.000
432400.000
422400.000
448000.000
454800.000
450400.000
486400.000
460000.000
434800.000
422400.000
426400.000
435200.000
462800.000
509600.000
466400.000
498000.000
463600.000
472800.000
445200.000
493600.000
440800.000
457600.000
461200.000
473200.000
461600.000
438400.000
465200.000
446400.000
440400.000
465600.000
440000.000
431600.000
430000.000
447600.000
468800.000
466800.000
446000.000
460800.000
439600.000
410000.000
422000.000
389600.000
434400.000
416000.000
419600.000
445200.000
404000.000
422400.000
442800.000
422000.000
422800.000
418000.000
423600.000
441200.000
438000.000
428800.000
428400.000
416000.000
417600.000
404000.000
430400.000
430800.000
454000.000
456000.000
454000.000
439600.000
447200.000
459600.000
435600.000
432800.000
453600.000
472800.000
434800.000
451600.000
450800.000
452000.000
450800.000
467600.000
443600.000
436800.000
444800.000
492000.000
474400.000
480400.000
494000.000
510000.000
521600.000
463200.000
503200.000
509600.000
551200.000
501200.000
521200.000
493200.000
507200.000
458800.000
458400.000
435200.000
444400.000
425600.000
381200.000
393200.000
394800.000
390400.000
389600.000
416800.000
469200.000
472800.000
493200.000
489600.000
503600.000
518400.000
470400.000
471200.000
442800.000
475600.000
457600.000
487600.000
488000.000
475600.000
484800.000
480800.000
460400.000
462800.000
466000.000
442400.000
475200.000
478400.000
474800.000
479600.000
502400.000
486000.000
467600.000
474400.000
470000.000
516800.000
504800.000
468800.000
484000.000
494000.000
462000.000
477200.000
481600.000
464800.000
439200.000
452400.000
464800.000
476400.000
495600.000
458800.000
480800.000
461200.000
483200.000
464400.000
488800.000
493600.000
460800.000
497200.000
456000.000
450400.000
423200.000
442400.000
447600.000
456000.000
451200.000
473600.000
458000.000
435200.000
410000.000
439600.000
397600.000
420400.000
479200.000
457600.000
481200.000
469600.000
472800.000
427200.000
455600.000
411600.000
434000.000
442800.000
424000.000
427200.000
452800.000
459200.000
443200.000
454000.000
435200.000
461200.000
460000.000
458000.000
470000.000
493200.000
456000.000
423600.000
423600.000
433600.000
422000.000
424800.000
426400.000
442400.000
436000.000
419200.000
419200.000
448400.000
437200.000
461600.000
461600.000
464800.000
448000.000
444000.000
431600.000
443200.000
457600.000
462000.000
441600.000
434400.000
431200.000
437600.000
431600.000
480400.000
442400.000
442800.000
450000.000
435600.000
442800.000
452800.000
478400.000
458800.000
455600.000
438800.000
453600.000
450000.000
430400.000
458400.000
480000.000
449600.000
476000.000
455600.000
415200.000
428400.000
386400.000
398000.000
419200.000
413200.000
414400.000
425600.000
406400.000
394800.000
407600.000
400400.000
440000.000
434800.000
451600.000
448000.000
407600.000
405200.000
427600.000
392800.000
382800.000
438000.000
425200.000
428800.000
437600.000
410800.000
432800.000
419600.000
434000.000
443600.000
437600.000
448800.000
452400.000
421600.000
457200.000
446000.000
476800.000
452000.000
446800.000
454800.000
450000.000
452400.000
459600.000
484000.000
453600.000
502400.000
487600.000
480000.000
505200.000
490800.000
490000.000
517600.000
516000.000
532400.000
484000.000
488400.000
480400.000
495600.000
471200.000
465200.000
403600.000
405200.000
394400.000
388400.000
403600.000
424400.000
441600.000
456000.000
438400.000
481200.000
482800.000
476400.000
483200.000
485600.000
466000.000
465600.000
464800.000
470400.000
456400.000
475600.000
470800.000
470400.000
493600.000
486800.000
508000.000
504800.000
486400.000
480800.000
480000.000
477200.000
484800.000
475200.000
453600.000
484800.000
484400.000
476000.000
470800.000
510800.000
501600.000
472400.000
454000.000
462000.000
481200.000
482800.000
462400.000
445200.000
450400.000
459600.000
481600.000
470400.000
486800.000
472000.000
469200.000
489600.000
477600.000
487200.000
477600.000
498400.000
489600.000
453600.000
445200.000
446000.000
445600.000
453200.000
485600.000
462400.000
470000.000
489600.000
462000.000
477200.000
464000.000
462800.000
471200.000
450400.000
483200.000
468000.000
481200.000
460400.000
444000.000
454000.000
447200.000
448800.000
471200.000
450400.000
453200.000
461600.000
475200.000
467600.000
452800.000
442400.000
454400.000
462000.000
445600.000
465200.000
463200.000
430000.000
440400.000
454400.000
443200.000
450000.000
454000.000
462000.000
470800.000
444000.000
442000.000
458800.000
451600.000
436000.000
415200.000
445600.000
475600.000
454800.000
437600.000
451200.000
453600.000
463600.000
463200.000
470400.000
462000.000
426000.000
434400.000
441200.000
463600.000
425600.000
424400.000
432000.000
438400.000
437600.000
462400.000
475600.000
448000.000
498000.000
435200.000
451600.000
442800.000
450400.000
459200.000
468800.000
451600.000
474400.000
463600.000
436800.000
372800.000
393600.000
397200.000
421600.000
412000.000
390400.000
422000.000
418000.000
416000.000
416800.000
408400.000
433600.000
413200.000
412000.000
433600.000
423600.000
383200.000
407200.000
394000.000
430400.000
435600.000
419600.000
443200.000
428800.000
456400.000
429200.000
415200.000
430000.000
435600.000
422800.000
435200.000
478800.000
459600.000
446000.000
446800.000
478800.000
445600.000
445200.000
440400.000
430400.000
456400.000
434800.000
477200.000
482000.000
487600.000
492000.000
490000.000
485600.000
489600.000
518000.000
500000.000
510000.000
468800.000
474400.000
483600.000
482000.000
468800.000
470000.000
400800.000
394000.000
427200.000
382800.000
417200.000
375600.000
412800.000
464400.000
457200.000
473200.000
494800.000
470400.000
459200.000
445200.000
468400.000
454400.000
457600.000
455200.000
478800.000
459600.000
461600.000
504000.000
492800.000
467600.000
484000.000
457200.000
490800.000
486000.000
488000.000
475200.000
484000.000
473200.000
449200.000
458400.000
475200.000
488000.000
466800.000
442800.000
459200.000
478000.000
461600.000
456000.000
459600.000
472400.000
458400.000
438000.000
449600.000
442400.000
455600.000
483200.000
504000.000
492000.000
506000.000
463200.000
481200.000
471600.000
478000.000
488400.000
492000.000
498800.000
434400.000
448400.000
454800.000
473200.000
455600.000
443600.000
452800.000
433200.000
482000.000
455200.000
449200.000
473200.000
433200.000
459600.000
445200.000
461600.000
446000.000
454800.000
453600.000
439600.000
486400.000
450000.000
471200.000
461200.000
475200.000
481200.000
482800.000
472800.000
475200.000
478000.000
472400.000
432000.000
468000.000
469200.000
448800.000
466800.000
426000.000
456000.000
425600.000
450000.000
429600.000
465200.000
436000.000
454400.000
448400.000
446000.000
438000.000
414000.000
434800.000
448800.000
444400.000
435200.000
426400.000
430800.000
453600.000
433600.000
433200.000
446000.000
468400.000
456800.000
470800.000
446800.000
437600.000
469600.000
454800.000
484400.000
461200.000
458800.000
430400.000
476000.000
426800.000
420400.000
446000.000
459600.000
439600.000
474000.000
477200.000
446800.000
464800.000
473200.000
457600.000
434000.000
404400.000
417200.000
427200.000
420800.000
416000.000
436400.000
406800.000
426400.000
418400.000
424400.000
448400.000
438400.000
432800.000
445200.000
408000.000
428800.000
399200.000
392400.000
412400.000
404400.000
422400.000
450800.000
417200.000
443600.000
429200.000
426000.000
423600.000
419200.000
411200.000
436400.000
431200.000
441600.000
429600.000
441600.000
444800.000
456400.000
443600.000
423600.000
427600.000
429600.000
444000.000
447600.000
434400.000
454400.000
482400.000
435600.000
476400.000
473200.000
490400.000
506800.000
495200.000
481200.000
460400.000
466400.000
451600.000
457600.000
481600.000
482000.000
442800.000
456800.000
385600.000
374800.000
376400.000
399600.000
397200.000
385600.000
427200.000
445200.000
448800.000
477600.000
459200.000
468000.000
500000.000
457200.000
458000.000
456800.000
448400.000
465200.000
483600.000
443200.000
483600.000
483200.000
479600.000
469600.000
514800.000
508000.000
494400.000
482800.000
483600.000
531600.000
489600.000
481600.000
456800.000
444000.000
464000.000
478400.000
492800.000
459200.000
470000.000
446400.000
450800.000
450000.000
448800.000
472800.000
476000.000
437600.000
491600.000
437200.000
499200.000
490000.000
460000.000
465600.000
456400.000
468400.000
477600.000
497600.000
464000.000
475200.000
446000.000
427200.000
430400.000
454000.000
426800.000
432800.000
446800.000
454400.000
466000.000
476000.000
456400.000
458800.000
452000.000
445200.000
434400.000
439600.000
474000.000
452400.000
444800.000
448800.000
415200.000
439600.000
439200.000
432400.000
438800.000
441600.000
484800.000
484400.000
465600.000
448800.000
440000.000
472400.000
454400.000
439200.000
469600.000
454000.000
451600.000
438400.000
414800.000
427200.000
450800.000
432400.000
440000.000
456000.000
474000.000
432400.000
418800.000
441600.000
415200.000
415200.000
449200.000
432800.000
432000.000
419600.000
439200.000
435200.000
428000.000
456000.000
438800.000
458800.000
464000.000
452000.000
438800.000
444400.000
437200.000
443200.000
455600.000
473600.000
446400.000
451600.000
438000.000
444800.000
443600.000
422400.000
434800.000
420400.000
444800.000
434000.000
457200.000
441200.000
435600.000
426400.000
416800.000
420800.000
430800.000
417200.000
426400.000
426400.000
444000.000
428400.000
440800.000
418000.000
426000.000
483200.000
435600.000
466400.000
450800.000
421600.000
428800.000
412400.000
388800.000
422000.000
415600.000
425200.000
447200.000
416400.000
437200.000
444800.000
405200.000
407200.000
424800.000
410800.000
420000.000
418800.000
438400.000
432400.000
420400.000
434000.000
442800.000
446000.000
410800.000
416000.000
399200.000
404400.000
435600.000
415200.000
461600.000
443600.000
452400.000
457600.000
459600.000
487200.000
502000.000
486000.000
469200.000
436400.000
459600.000
461200.000
477600.000
444000.000
430800.000
444400.000
429600.000
410400.000
414000.000
356000.000
361200.000
387600.000
402400.000
449600.000
442400.000
478800.000
467200.000
495200.000
469200.000
480000.000
467200.000
470400.000
477600.000
509200.000
493200.000
476800.000
466000.000
500800.000
489200.000
490000.000
515200.000
505600.000
483200.000
517200.000
500400.000
488400.000
484800.000
468400.000
458000.000
477200.000
446800.000
496000.000
482400.000
484400.000
453200.000
457200.000
478400.000
450000.000
475200.000
481600.000
438800.000
453600.000
475200.000
460000.000
452400.000
479200.000
494800.000
456800.000
466000.000
492800.000
489200.000
482400.000
491600.000
448000.000
468400.000
441600.000
452800.000
451600.000
434000.000
428000.000
435600.000
443200.000
468000.000
448400.000
445600.000
454000.000
454400.000
449600.000
467200.000
443600.000
450800.000
450000.000
432800.000
436000.000
444400.000
434800.000
421200.000
416000.000
426800.000
450400.000
434800.000
422000.000
432400.000
452400.000
482400.000
465600.000
454000.000
452400.000
474400.000
464800.000
465200.000
480400.000
460800.000
448800.000
438800.000
416400.000
481200.000
465600.000
451600.000
459600.000
436000.000
421200.000
426800.000
411600.000
429600.000
421600.000
431200.000
431600.000
426800.000
424400.000
424000.000
434400.000
462400.000
470000.000
453200.000
462400.000
439600.000
438400.000
433600.000
450400.000
445600.000
421600.000
420400.000
464800.000
456400.000
448400.000
420400.000
425200.000
427600.000
430400.000
458400.000
436800.000
462400.000
434400.000
450800.000
446000.000
432800.000
438400.000
434800.000
421600.000
440800.000
446000.000
432800.000
443200.000
442000.000
456400.000
456000.000
466400.000
449200.000
420400.000
452400.000
424400.000
416000.000
410400.000
431600.000
442400.000
446400.000
424000.000
410000.000
414400.000
460800.000
427200.000
461600.000
428800.000
426800.000
416800.000
434000.000
428800.000
422400.000
423200.000
450400.000
433200.000
436000.000
425600.000
437600.000
435600.000
408000.000
411600.000
415600.000
420800.000
449200.000
442800.000
443200.000
442400.000
446400.000
449200.000
463600.000
474800.000
450800.000
438800.000
461600.000
431600.000
464400.000
440400.000
450800.000
443600.000
423600.000
408400.000
389600.000
385200.000
386400.000
355600.000
385600.000
417200.000
395200.000
479600.000
451200.000
455200.000
459200.000
478000.000
496800.000
472400.000
460400.000
496400.000
520400.000
476000.000
506400.000
484800.000
485200.000
504800.000
520400.000
480000.000
514800.000
503200.000
529200.000
487600.000
472000.000
456800.000
454000.000
480400.000
453200.000
438000.000
488000.000
463600.000
486400.000
484400.000
455600.000
475200.000
461600.000
435600.000
478400.000
442800.000
470800.000
470000.000
490000.000
465200.000
466400.000
482000.000
481200.000
474400.000
493600.000
447600.000
462000.000
450800.000
480800.000
463600.000
450800.000
468800.000
440800.000
451200.000
420800.000
430800.000
422800.000
454400.000
455600.000
464000.000
463600.000
457200.000
455600.000
466000.000
469200.000
441200.000
454400.000
448800.000
412800.000
435200.000
440400.000
437600.000
461600.000
474400.000
451600.000
449200.000
417600.000
426400.000
446800.000
448800.000
436400.000
478000.000
458000.000
468400.000
474800.000
480400.000
454800.000
461200.000
420000.000
440400.000
432800.000
454400.000
488800.000
479200.000
434800.000
445200.000
440400.000
426000.000
422800.000
411200.000
428800.000
454400.000
421600.000
427600.000
447600.000
448000.000
454400.000
468000.000
436800.000
458800.000
454400.000
448800.000
446800.000
456400.000
455600.000
480000.000
472800.000
450000.000
450400.000
447200.000
452400.000
459200.000
436000.000
425600.000
438800.000
437600.000
454800.000
473200.000
449200.000
429200.000
428400.000
409600.000
418000.000
442400.000
401600.000
448400.000
438400.000
452400.000
448400.000
450400.000
455200.000
453600.000
439200.000
428000.000
438800.000
452000.000
413600.000
416800.000
398400.000
420000.000
484000.000
436400.000
451200.000
445600.000
402400.000
423200.000
457200.000
452000.000
438400.000
370400.000
410800.000
399200.000
419600.000
433200.000
428400.000
456000.000
446000.000
452800.000
411200.000
422400.000
407600.000
404400.000
410800.000
398400.000
402400.000
426800.000
445600.000
442400.000
444800.000
418000.000
452800.000
455600.000
434000.000
457600.000
422800.000
460400.000
411200.000
465600.000
479200.000
433200.000
424800.000
452800.000
409200.000
390400.000
347200.000
366400.000
354800.000
356800.000
383200.000
429600.000
439200.000
450000.000
479200.000
484400.000
474400.000
489200.000
459200.000
459200.000
530000.000
490400.000
534000.000
511200.000
492800.000
511200.000
518400.000
511200.000
497600.000
502800.000
509200.000
500800.000
519600.000
515600.000
480400.000
470800.000
440800.000
454000.000
478400.000
460000.000
449600.000
461600.000
469200.000
453600.000
454400.000
466400.000
451200.000
434800.000
469200.000
414800.000
451200.000
448400.000
462000.000
479200.000
494000.000
468000.000
460400.000
477600.000
468000.000
433200.000
469600.000
465200.000
458000.000
441200.000
452000.000
465200.000
443200.000
447600.000
426800.000
428400.000
436000.000
446400.000
456000.000
440400.000
445600.000
455600.000
456800.000
481600.000
454400.000
453200.000
464800.000
440000.000
447200.000
452800.000
468400.000
472400.000
445600.000
482800.000
424000.000
411200.000
434000.000
430800.000
459600.000
482400.000
448800.000
477200.000
489200.000
481600.000
473200.000
464400.000
462000.000
436400.000
434000.000
472000.000
468400.000
490800.000
456400.000
457200.000
437600.000
440800.000
423200.000
438400.000
433600.000
419600.000
426000.000
449200.000
435600.000
437600.000
470800.000
462400.000
448800.000
464800.000
435600.000
463200.000
442400.000
436400.000
479200.000
486000.000
468800.000
457200.000
453200.000
476400.000
437600.000
439200.000
440400.000
488000.000
447600.000
422800.000
448000.000
453200.000
453600.000
472000.000
439600.000
424000.000
406400.000
419200.000
444800.000
450400.000
446400.000
434800.000
418400.000
449600.000
452400.000
473600.000
457200.000
438800.000
424000.000
423600.000
422400.000
434000.000
412000.000
434800.000
424800.000
412800.000
447200.000
419200.000
410800.000
428400.000
455200.000
432800.000
428000.000
440400.000
435600.000
439200.000
412400.000
444400.000
397600.000
440000.000
456800.000
454800.000
452400.000
461200.000
400000.000
403600.000
391600.000
389600.000
401600.000
396400.000
418400.000
406000.000
412400.000
433200.000
462800.000
452000.000
443600.000
444800.000
419600.000
431200.000
439600.000
447600.000
432800.000
432400.000
435600.000
426400.000
419600.000
398000.000
388400.000
354800.000
348000.000
366000.000
390000.000
387600.000
446000.000
458000.000
462800.000
469600.000
468000.000
480800.000
482000.000
468000.000
479200.000
470400.000
478000.000
497200.000
499600.000
510000.000
501200.000
496800.000
501200.000
532000.000
483200.000
488400.000
492400.000
498000.000
480400.000
470800.000
487600.000
451200.000
476800.000
438000.000
440000.000
469600.000
446000.000
454800.000
455600.000
440000.000
469200.000
468400.000
448000.000
429600.000
457600.000
455600.000
471200.000
450400.000
414000.000
459200.000
449600.000
474400.000
451600.000
482800.000
478400.000
435600.000
468800.000
476400.000
492000.000
498400.000
506400.000
448800.000
458400.000
455200.000
446000.000
444000.000
438400.000
450000.000
461600.000
442000.000
440400.000
474000.000
450000.000
466800.000
447600.000
450000.000
454800.000
444400.000
450000.000
474400.000
468000.000
495200.000
465200.000
454400.000
443200.000
438800.000
430400.000
452800.000
470400.000
442000.000
454000.000
479200.000
495200.000
475600.000
426400.000
480400.000
444400.000
450000.000
459200.000
462400.000
467600.000
461200.000
458800.000
480400.000
468000.000
458400.000
465200.000
492400.000
456800.000
435600.000
446800.000
468800.000
449600.000
471600.000
460000.000
440800.000
472800.000
453200.000
458800.000
457200.000
459600.000
445600.000
456000.000
488000.000
489200.000
449200.000
463200.000
480000.000
446400.000
482800.000
453600.000
436400.000
436400.000
475600.000
458800.000
472800.000
467200.000
457600.000
439600.000
420000.000
418800.000
414400.000
426800.000
423600.000
431200.000
445600.000
432000.000
459600.000
451600.000
445600.000
427200.000
427600.000
452800.000
437600.000
437200.000
416800.000
405200.000
412400.000
402400.000
416400.000
410400.000
425200.000
429200.000
442800.000
442400.000
446000.000
447600.000
445200.000
413600.000
428000.000
420000.000
414800.000
413600.000
433600.000
470800.000
442400.000
462000.000
431600.000
425200.000
396000.000
395600.000
419600.000
422400.000
409200.000
437600.000
444000.000
436400.000
481600.000
462400.000
439600.000
444400.000
407600.000
416000.000
426800.000
438400.000
408800.000
428800.000
439200.000
429600.000
426400.000
431600.000
401600.000
344000.000
338000.000
360000.000
390800.000
398000.000
444000.000
454800.000
486800.000
491200.000
496000.000
483600.000
492400.000
516800.000
495200.000
498400.000
506800.000
491200.000
489200.000
500000.000
506000.000
533200.000
525600.000
521600.000
513600.000
489200.000
482400.000
478000.000
464000.000
476800.000
495200.000
448000.000
463600.000
459200.000
454800.000
442400.000
454400.000
477200.000
479200.000
474800.000
462000.000
444400.000
472800.000
456000.000
442800.000
463200.000
463200.000
446400.000
440000.000
454800.000
441600.000
467200.000
504800.000
474000.000
473600.000
480800.000
482800.000
457600.000
475200.000
475600.000
488400.000
490400.000
489600.000
449600.000
438000.000
463200.000
461200.000
453600.000
480000.000
476000.000
440400.000
451600.000
462800.000
453600.000
448000.000
438800.000
446800.000
461600.000
439200.000
466000.000
462000.000
471600.000
503200.000
464800.000
460400.000
432800.000
459600.000
426000.000
465600.000
456800.000
483600.000
476000.000
481200.000
447200.000
452000.000
472400.000
476800.000
439600.000
460400.000
447200.000
437200.000
445600.000
468000.000
483600.000
455600.000
448000.000
456800.000
461600.000
473200.000
461600.000
480000.000
480000.000
468000.000
445600.000
454000.000
435600.000
441200.000
464800.000
455200.000
443200.000
452000.000
443600.000
450400.000
443200.000
442800.000
456000.000
454000.000
422400.000
427600.000
447200.000
467600.000
455200.000
440800.000
452000.000
453200.000
460000.000
440000.000
450400.000
472800.000
437200.000
447200.000
446800.000
456800.000
458800.000
464800.000
441600.000
448800.000
438800.000
447200.000
460800.000
456000.000
466800.000
422800.000
437200.000
415200.000
429600.000
418800.000
380000.000
408000.000
393600.000
432000.000
434400.000
422400.000
470000.000
493200.000
469600.000
437200.000
438400.000
433200.000
419600.000
400800.000
382000.000
377200.000
417200.000
435600.000
420400.000
431200.000
423600.000
410400.000
409600.000
394400.000
410000.000
384000.000
402000.000
445200.000
446000.000
445200.000
482800.000
471600.000
446000.000
435600.000
429600.000
429600.000
410400.000
428800.000
429200.000
418800.000
454000.000
439600.000
416800.000
432400.000
390800.000
376800.000
349200.000
374800.000
376800.000
369600.000
427600.000
469200.000
473200.000
515600.000
482800.000
484000.000
492400.000
491600.000
478800.000
487600.000
456000.000
478400.000
505200.000
502800.000
505600.000
510400.000
502800.000
531200.000
523200.000
520400.000
492800.000
479600.000
490000.000
472000.000
478400.000
466800.000
465200.000
459200.000
445200.000
468400.000
480400.000
472800.000
496800.000
493600.000
481600.000
472400.000
462800.000
469200.000
470000.000
470800.000
461200.000
434000.000
464400.000
449600.000
459200.000
489200.000
488400.000
463600.000
501200.000
479600.000
473600.000
484400.000
487200.000
502000.000
492000.000
488400.000
466000.000
471200.000
442000.000
468400.000
460400.000
477200.000
484400.000
473600.000
461200.000
459600.000
443600.000
441200.000
439600.000
441600.000
468400.000
432800.000
442000.000
424000.000
450000.000
475200.000
450400.000
474000.000
437600.000
470000.000
487600.000
438000.000
458000.000
469600.000
497200.000
488400.000
492000.000
436800.000
462000.000
449600.000
459200.000
439600.000
449600.000
448000.000
457200.000
443600.000
470400.000
475200.000
462000.000
452400.000
450000.000
460400.000
472800.000
500400.000
492800.000
477600.000
471600.000
472000.000
453200.000
442400.000
468000.000
463600.000
456000.000
454800.000
450800.000
461600.000
443600.000
450800.000
417200.000
472000.000
434000.000
426800.000
429200.000
451600.000
437200.000
442000.000
452000.000
444800.000
418400.000
430400.000
401600.000
452000.000
433600.000
423600.000
457600.000
471600.000
440400.000
454400.000
424000.000
479200.000
461600.000
463600.000
448000.000
473200.000
459600.000
437600.000
424000.000
420800.000
397600.000
412400.000
438400.000
462800.000
417600.000
386800.000
418800.000
404800.000
454800.000
434000.000
470400.000
469200.000
456400.000
426400.000
403200.000
405200.000
405200.000
423200.000
384400.000
401200.000
413200.000
434800.000
425600.000
405600.000
399200.000
408000.000
408800.000
386400.000
403600.000
402000.000
408800.000
436800.000
442400.000
429200.000
433200.000
431200.000
457600.000
401200.000
433200.000
424800.000
421200.000
445600.000
440800.000
446800.000
476000.000
436800.000
447600.000
394400.000
357200.000
350000.000
364400.000
346000.000
392400.000
424000.000
425200.000
465600.000
517200.000
496400.000
514400.000
510400.000
501200.000
474400.000
492800.000
492400.000
488400.000
511600.000
498800.000
513200.000
508800.000
512000.000
487600.000
491200.000
496000.000
529600.000
510400.000
490800.000
506400.000
473200.000
439200.000
439200.000
464800.000
474800.000
492800.000
464400.000
478000.000
471600.000
494000.000
494400.000
504000.000
515200.000
492000.000
488000.000
464800.000
475600.000
454400.000
418000.000
470800.000
449600.000
472400.000
472800.000
470800.000
461200.000
465200.000
482000.000
498000.000
464400.000
462800.000
493600.000
471200.000
465200.000
471200.000
484800.000
478800.000
487600.000
497600.000
486400.000
511200.000
486400.000
475600.000
492000.000
440400.000
454800.000
473200.000
453600.000
452800.000
470000.000
470800.000
462800.000
469600.000
483600.000
459600.000
452800.000
461200.000
434000.000
453200.000
450000.000
462400.000
450400.000
470400.000
501600.000
482800.000
496400.000
465600.000
472400.000
449200.000
460800.000
448000.000
445200.000
459200.000
438000.000
474400.000
444400.000
446400.000
450800.000
463200.000
484000.000
495200.000
493600.000
501600.000
484400.000
481600.000
461600.000
457600.000
440000.000
460000.000
465200.000
460000.000
470000.000
480400.000
471200.000
467600.000
442000.000
438800.000
472000.000
476000.000
458800.000
448800.000
449200.000
457600.000
450800.000
463600.000
452800.000
432800.000
429200.000
416800.000
438400.000
484000.000
472400.000
469200.000
442000.000
451600.000
469600.000
487600.000
456000.000
450800.000
496400.000
447200.000
454000.000
450000.000
417600.000
390000.000
409600.000
390800.000
435600.000
416800.000
443600.000
424800.000
396800.000
435200.000
436400.000
449200.000
449200.000
456400.000
480400.000
434400.000
432000.000
398000.000
410400.000
392000.000
401200.000
428800.000
424000.000
420800.000
448000.000
430000.000
397200.000
407600.000
395600.000
410000.000
410400.000
417200.000
418800.000
400000.000
428000.000
404800.000
415600.000
429200.000
438400.000
408800.000
434800.000
430400.000
401200.000
418400.000
437200.000
442400.000
440000.000
431600.000
452400.000
388000.000
376800.000
338800.000
335600.000
345600.000
400800.000
405200.000
444800.000
461200.000
519600.000
490000.000
518000.000
478800.000
465200.000
485600.000
462400.000
478800.000
509600.000
538400.000
541200.000
538400.000
497200.000
510800.000
480000.000
515200.000
544400.000
514000.000
503200.000
510000.000
480000.000
464800.000
468400.000
479600.000
494800.000
503600.000
490800.000
483600.000
457600.000
487200.000
457600.000
491200.000
505200.000
482800.000
482000.000
484000.000
491600.000
476400.000
448800.000
433600.000
467200.000
459600.000
451200.000
453200.000
474800.000
418400.000
460000.000
444000.000
483600.000
446000.000
470400.000
472400.000
471600.000
487200.000
462000.000
458400.000
451600.000
460400.000
468400.000
454800.000
466400.000
492000.000
467200.000
470000.000
450400.000
453600.000
466800.000
440800.000
467600.000
480000.000
461600.000
462400.000
455600.000
463600.000
460800.000
466400.000
460400.000
444400.000
466400.000
448800.000
458800.000
448400.000
438400.000
444400.000
468000.000
504000.000
475600.000
484800.000
479600.000
460400.000
463600.000
461600.000
474000.000
485600.000
478000.000
462000.000
397200.000
427200.000
444800.000
448800.000
506400.000
462400.000
460000.000
466000.000
444000.000
452800.000
444400.000
472400.000
460000.000
467600.000
476800.000
448800.000
462800.000
474400.000
460000.000
464000.000
462400.000
467600.000
493600.000
468000.000
469600.000
466000.000
458800.000
426800.000
439600.000
438000.000
450400.000
432800.000
443200.000
446800.000
457200.000
447600.000
434400.000
458000.000
468000.000
457200.000
460800.000
448400.000
434800.000
465600.000
449200.000
440800.000
412800.000
423200.000
395200.000
420400.000
422400.000
448000.000
445200.000
420400.000
425600.000
418800.000
442800.000
452800.000
450800.000
445200.000
437200.000
437600.000
413200.000
397200.000
390000.000
392000.000
403200.000
420000.000
422800.000
429200.000
419600.000
419200.000
420800.000
414800.000
423200.000
418800.000
418400.000
389200.000
414800.000
429200.000
401200.000
404000.000
406800.000
409600.000
406800.000
412400.000
425600.000
436400.000
425200.000
432000.000
442400.000
442000.000
439600.000
450400.000
417200.000
426400.000
388800.000
348000.000
336400.000
368800.000
330800.000
387600.000
427200.000
476800.000
490400.000
510800.000
525200.000
526800.000
501200.000
482000.000
467200.000
490400.000
487200.000
495200.000
528800.000
527600.000
526000.000
499600.000
497200.000
474000.000
488000.000
490000.000
502000.000
470800.000
496000.000
498000.000
504000.000
482400.000
487600.000
464800.000
506000.000
520000.000
494400.000
484800.000
453600.000
457200.000
472000.000
484400.000
478800.000
513200.000
491600.000
504000.000
493200.000
496000.000
473600.000
472000.000
453200.000
477600.000
470000.000
470800.000
440000.000
465600.000
433200.000
433600.000
445200.000
456000.000
456000.000
444800.000
457600.000
445600.000
476800.000
493600.000
487200.000
424000.000
465200.000
466000.000
484800.000
472400.000
475600.000
444400.000
470400.000
468400.000
479600.000
453200.000
479600.000
481600.000
489200.000
455600.000
469200.000
466800.000
433600.000
464400.000
459600.000
456800.000
453200.000
455600.000
473600.000
442000.000
467600.000
478000.000
476000.000
488400.000
494000.000
471200.000
487600.000
475200.000
474800.000
456000.000
474000.000
469200.000
449200.000
440000.000
429600.000
437200.000
467600.000
476000.000
487200.000
460400.000
465600.000
500800.000
462800.000
470800.000
489200.000
481600.000
475600.000
481200.000
464000.000
430800.000
483600.000
458400.000
429600.000
485600.000
510400.000
502000.000
482000.000
464800.000
464800.000
475200.000
450000.000
429200.000
431200.000
464400.000
435200.000
454800.000
433200.000
450400.000
425200.000
426400.000
438800.000
438800.000
444000.000
426800.000
449600.000
437200.000
451200.000
431200.000
440800.000
420000.000
391200.000
394000.000
421200.000
436800.000
467200.000
446800.000
442800.000
411600.000
438000.000
432800.000
443200.000
448000.000
455200.000
441200.000
422800.000
427200.000
398400.000
397200.000
409200.000
424400.000
409200.000
432400.000
455600.000
412400.000
439200.000
441200.000
446000.000
397600.000
411600.000
388000.000
402800.000
401600.000
392400.000
414000.000
392400.000
397200.000
380800.000
387600.000
427600.000
425200.000
433200.000
456800.000
437200.000
398800.000
455200.000
421200.000
438800.000
459200.000
446400.000
386000.000
354000.000
348400.000
342800.000
350400.000
363200.000
396000.000
439600.000
472800.000
493200.000
498800.000
503200.000
515600.000
483200.000
481200.000
482400.000
480800.000
487200.000
498000.000
524400.000
515600.000
535200.000
530800.000
528800.000
488800.000
485200.000
494800.000
508800.000
488000.000
481200.000
471600.000
492400.000
494000.000
490400.000
516400.000
525600.000
516000.000
489200.000
492800.000
473200.000
456400.000
483200.000
478400.000
495200.000
496000.000
492000.000
504400.000
510400.000
462800.000
457600.000
453200.000
461600.000
493200.000
473600.000
474000.000
456000.000
457600.000
461200.000
465200.000
451600.000
422400.000
458800.000
446800.000
457600.000
452800.000
460400.000
463600.000
448000.000
428800.000
430400.000
488000.000
477200.000
500000.000
459200.000
474000.000
488400.000
444000.000
450000.000
456800.000
483200.000
495200.000
498400.000
467200.000
486800.000
476400.000
501200.000
485200.000
475200.000
489200.000
468400.000
462400.000
457200.000
474800.000
464800.000
461200.000
480000.000
512000.000
458800.000
451600.000
461600.000
457200.000
462000.000
480800.000
448000.000
429200.000
416000.000
450400.000
443600.000
428400.000
515200.000
495200.000
466400.000
496400.000
471600.000
517600.000
487200.000
497600.000
486000.000
472400.000
453200.000
496800.000
483600.000
481600.000
468800.000
457200.000
458000.000
464000.000
499600.000
474000.000
457600.000
441600.000
467600.000
478000.000
455200.000
442800.000
454400.000
452400.000
463600.000
433600.000
435200.000
450000.000
430000.000
408800.000
413600.000
395600.000
445600.000
439200.000
482400.000
470800.000
457600.000
435200.000
409200.000
382800.000
389200.000
404400.000
411200.000
437600.000
438800.000
466800.000
466000.000
454400.000
416400.000
421600.000
393200.000
440000.000
436400.000
431200.000
409200.000
413600.000
393200.000
420400.000
415200.000
402800.000
418000.000
440400.000
411200.000
440800.000
440000.000
421200.000
402400.000
400000.000
407200.000
429600.000
413600.000
391600.000
405200.000
390400.000
406800.000
422000.000
408800.000
423600.000
435200.000
451200.000
445600.000
442000.000
418400.000
410400.000
436800.000
450800.000
428000.000
432000.000
421600.000
376000.000
338800.000
345200.000
348800.000
350800.000
402400.000
436000.000
460800.000
467200.000
498800.000
504000.000
496800.000
480400.000
492800.000
462000.000
485600.000
500800.000
486800.000
506400.000
527200.000
512000.000
506400.000
507200.000
505200.000
490000.000
483200.000
483600.000
490000.000
492800.000
480800.000
479600.000
473200.000
506400.000
480000.000
509200.000
512400.000
478400.000
490400.000
482000.000
486000.000
490000.000
478800.000
495200.000
521200.000
480400.000
505200.000
472400.000
499200.000
469600.000
484400.000
467600.000
476000.000
474400.000
520000.000
463200.000
483600.000
457200.000
451600.000
446000.000
462000.000
448800.000
432400.000
470400.000
452800.000
453600.000
454400.000
444400.000
433200.000
444400.000
468400.000
498800.000
488800.000
458000.000
455600.000
469600.000
477200.000
456400.000
442800.000
464000.000
477200.000
468400.000
484000.000
468800.000
439600.000
495200.000
508000.000
466400.000
507200.000
507200.000
477600.000
470000.000
472000.000
470400.000
501200.000
508000.000
510000.000
484800.000
496800.000
480000.000
474800.000
479600.000
495200.000
456400.000
454000.000
441600.000
437600.000
444400.000
475200.000
479200.000
487600.000
500400.000
499200.000
504000.000
505600.000
500000.000
498400.000
454400.000
467200.000
478000.000
487200.000
492000.000
465600.000
428000.000
452800.000
459200.000
486800.000
442800.000
472400.000
475200.000
490800.000
462400.000
439600.000
455200.000
453200.000
480000.000
472800.000
475200.000
466400.000
465200.000
428000.000
428800.000
420000.000
406800.000
432000.000
439200.000
452800.000
482000.000
469600.000
434800.000
444400.000
382800.000
374800.000
395600.000
403200.000
445600.000
416800.000
434000.000
465200.000
455200.000
444400.000
469200.000
419200.000
421600.000
413200.000
440400.000
455600.000
427200.000
426400.000
426400.000
409600.000
404800.000
449200.000
424400.000
418800.000
438400.000
416000.000
439600.000
427200.000
408400.000
408000.000
370000.000
397200.000
386800.000
412800.000
416800.000
410000.000
392400.000
411600.000
416000.000
416000.000
419600.000
421200.000
418800.000
450000.000
468800.000
420800.000
454800.000
432800.000
430800.000
412800.000
385600.000
346400.000
329600.000
344400.000
327600.000
340000.000
360000.000
410000.000
426800.000
462400.000
496400.000
458000.000
480800.000
448800.000
462800.000
462000.000
473600.000
485200.000
483200.000
472800.000
472000.000
504000.000
511200.000
490800.000
523200.000
495600.000
474400.000
484000.000
474800.000
461600.000
472400.000
483200.000
506400.000
527200.000
496400.000
478800.000
477600.000
481600.000
490000.000
470400.000
459200.000
475600.000
455200.000
482400.000
466800.000
510000.000
512800.000
506800.000
492400.000
508400.000
483600.000
475200.000
483200.000
484000.000
492000.000
459200.000
474800.000
460000.000
471200.000
411600.000
447200.000
452400.000
479200.000
464800.000
452400.000
464800.000
447600.000
447200.000
447200.000
450800.000
458800.000
471600.000
486000.000
491200.000
466000.000
466000.000
465200.000
505600.000
487600.000
482000.000
469200.000
479200.000
481200.000
471600.000
484800.000
480400.000
474400.000
482000.000
512000.000
496000.000
515200.000
472000.000
472800.000
488000.000
489200.000
496400.000
507600.000
501600.000
478800.000
499200.000
489200.000
465200.000
460800.000
471200.000
474000.000
446800.000
452800.000
455200.000
454000.000
439200.000
501200.000
494800.000
516800.000
487600.000
503600.000
477600.000
496800.000
461200.000
466800.000
492000.000
487600.000
471200.000
468800.000
469600.000
466400.000
434800.000
438800.000
463200.000
426800.000
468400.000
445200.000
447600.000
447600.000
454800.000
442400.000
477600.000
466400.000
462400.000
483600.000
456400.000
420000.000
431600.000
422000.000
426000.000
438400.000
431600.000
450800.000
472800.000
458400.000
452800.000
447600.000
419600.000
431200.000
402400.000
417200.000
382800.000
406000.000
430800.000
443600.000
446400.000
429600.000
418000.000
411600.000
431200.000
402000.000
415600.000
460400.000
426800.000
416800.000
427600.000
430400.000
426800.000
410400.000
430000.000
431600.000
418000.000
427600.000
428000.000
418800.000
419200.000
411600.000
395600.000
400800.000
402400.000
417600.000
391200.000
412400.000
389200.000
414800.000
393200.000
401200.000
417600.000
417200.000
436400.000
461600.000
424800.000
444400.000
434400.000
396000.000
419600.000
431200.000
380800.000
350400.000
324000.000
320400.000
312400.000
316000.000
348400.000
388400.000
434400.000
473600.000
485200.000
474400.000
468400.000
446400.000
452800.000
471200.000
474400.000
474800.000
464400.000
482400.000
484000.000
488400.000
496000.000
480000.000
492800.000
470400.000
463600.000
469600.000
491200.000
455600.000
466800.000
468000.000
458400.000
500000.000
462800.000
464400.000
485600.000
468400.000
492000.000
493200.000
475200.000
482400.000
468400.000
481200.000
494000.000
494000.000
516400.000
509600.000
500400.000
489200.000
506800.000
510000.000
516400.000
498800.000
448800.000
452400.000
454800.000
452000.000
430800.000
444800.000
472000.000
466400.000
473200.000
487200.000
486400.000
478000.000
477200.000
462400.000
461200.000
455600.000
468400.000
496000.000
483200.000
488800.000
484400.000
476800.000
474000.000
466000.000
501200.000
499600.000
482800.000
494000.000
484400.000
459200.000
458000.000
485200.000
484400.000
517200.000
485600.000
505600.000
466400.000
489200.000
481600.000
523200.000
475200.000
461600.000
501200.000
530000.000
515600.000
477200.000
489200.000
450400.000
492800.000
462000.000
480400.000
485200.000
453200.000
455600.000
484800.000
496800.000
477600.000
506400.000
513200.000
460000.000
495600.000
489600.000
478400.000
482400.000
477600.000
498000.000
492400.000
492000.000
478000.000
454800.000
452800.000
456800.000
456800.000
472000.000
446400.000
437600.000
446000.000
438400.000
434400.000
410000.000
460800.000
478000.000
488000.000
461600.000
457600.000
443200.000
430800.000
432800.000
434800.000
440800.000
432000.000
462400.000
436400.000
478400.000
470400.000
430000.000
424400.000
429200.000
415200.000
404000.000
389600.000
402400.000
414000.000
442000.000
429600.000
416000.000
417200.000
415200.000
433200.000
421600.000
416400.000
434000.000
382800.000
432800.000
415200.000
424000.000
449200.000
439200.000
436400.000
435600.000
415600.000
421200.000
422800.000
418000.000
403600.000
402000.000
392400.000
406800.000
390800.000
408000.000
440400.000
405200.000
417200.000
441600.000
396000.000
390000.000
427600.000
410400.000
434800.000
442400.000
450000.000
432800.000
442800.000
428800.000
444000.000
426800.000
401200.000
356800.000
352000.000
315600.000
304000.000
304000.000
320000.000
346000.000
374800.000
411600.000
442400.000
461600.000
460000.000
482800.000
464000.000
482800.000
470000.000
490800.000
480800.000
483600.000
464800.000
508000.000
498400.000
488000.000
485600.000
503600.000
499200.000
476400.000
482400.000
462400.000
461200.000
440800.000
447200.000
466800.000
480800.000
493600.000
497200.000
461600.000
480000.000
493200.000
478800.000
462000.000
490800.000
491200.000
492800.000
466800.000
491200.000
498800.000
509600.000
503600.000
499200.000
494800.000
482400.000
499200.000
484800.000
475600.000
467200.000
474000.000
478800.000
463200.000
453600.000
465600.000
456000.000
454000.000
476800.000
463600.000
500000.000
459600.000
470800.000
466000.000
484000.000
460800.000
464400.000
480800.000
483600.000
470000.000
470800.000
485200.000
476400.000
499600.000
487600.000
482000.000
480000.000
472800.000
494000.000
475200.000
504400.000
467200.000
495600.000
483200.000
513200.000
465200.000
460000.000
474400.000
503600.000
511200.000
486000.000
496800.000
478000.000
451600.000
486000.000
473600.000
458400.000
446800.000
462400.000
493200.000
519200.000
492400.000
486800.000
493600.000
480000.000
476000.000
504400.000
477600.000
485600.000
470400.000
462400.000
480000.000
483600.000
472400.000
495600.000
485600.000
518800.000
458000.000
438000.000
455600.000
446000.000
438800.000
459200.000
442400.000
436000.000
439600.000
440800.000
398000.000
428400.000
431600.000
463200.000
482800.000
426000.000
407600.000
416000.000
415600.000
432000.000
438800.000
462000.000
455600.000
432000.000
420400.000
446400.000
475200.000
468800.000
434000.000
424800.000
392400.000
408400.000
431200.000
415200.000
453200.000
419600.000
408800.000
427600.000
422000.000
434000.000
410800.000
428000.000
432800.000
436400.000
409200.000
414000.000
415200.000
434400.000
438400.000
406000.000
398000.000
383200.000
419200.000
391600.000
418400.000
418800.000
421200.000
414400.000
406400.000
394000.000
380400.000
439200.000
412800.000
417600.000
408800.000
434800.000
408800.000
412000.000
375600.000
422000.000
421600.000
461600.000
434400.000
454400.000
436400.000
434000.000
446400.000
433600.000
398800.000
394400.000
331600.000
300000.000
301600.000
298000.000
297200.000
310000.000
400000.000
384800.000
433600.000
482000.000
478000.000
464400.000
485200.000
455600.000
461200.000
481600.000
477600.000
496000.000
471200.000
440000.000
482400.000
470000.000
493600.000
488000.000
498400.000
469600.000
450000.000
452400.000
488800.000
454000.000
444400.000
460400.000
447200.000
479200.000
465200.000
479600.000
508000.000
493200.000
459200.000
483600.000
491600.000
470400.000
488400.000
480000.000
508000.000
451600.000
482000.000
498400.000
492000.000
468800.000
481200.000
519600.000
510800.000
469200.000
453200.000
433200.000
437600.000
432000.000
459200.000
423200.000
442800.000
433600.000
421200.000
467200.000
466000.000
477600.000
474000.000
485200.000
474800.000
461200.000
490800.000
472000.000
456400.000
421600.000
474400.000
455200.000
484400.000
468800.000
465200.000
452000.000
470400.000
468400.000
479600.000
485200.000
491200.000
447600.000
481600.000
464800.000
486800.000
498400.000
514000.000
511600.000
516000.000
501200.000
502800.000
493600.000
494800.000
481600.000
458400.000
451600.000
487600.000
479600.000
454800.000
480400.000
497200.000
499600.000
491600.000
508400.000
477200.000
496800.000
480000.000
519600.000
468800.000
498400.000
510400.000
482800.000
494800.000
474400.000
466000.000
492800.000
478000.000
478800.000
448800.000
482400.000
453200.000
451600.000
484800.000
471600.000
438800.000
427600.000
449200.000
441600.000
441600.000
434000.000
465600.000
445200.000
462800.000
412800.000
414800.000
443200.000
412400.000
429600.000
395200.000
430400.000
438400.000
428000.000
409600.000
458000.000
432000.000
459200.000
406000.000
406400.000
434000.000
447200.000
406400.000
440400.000
405600.000
426800.000
414800.000
404000.000
406000.000
414000.000
427200.000
433200.000
440000.000
402400.000
416000.000
409600.000
417200.000
408400.000
405600.000
411200.000
394000.000
418000.000
404400.000
420800.000
406800.000
404800.000
400000.000
396800.000
412400.000
401600.000
393200.000
399600.000
408000.000
414800.000
395600.000
391200.000
400000.000
428000.000
431600.000
419600.000
424400.000
427600.000
457600.000
417600.000
434800.000
448000.000
442000.000
430000.000
376000.000
339200.000
355200.000
299200.000
308400.000
299600.000
311200.000
336000.000
409600.000
431200.000
457200.000
449600.000
470800.000
470800.000
474400.000
449200.000
484800.000
492000.000
454000.000
485200.000
490400.000
460400.000
469200.000
457600.000
500000.000
473200.000
475200.000
454000.000
488800.000
456400.000
449600.000
469200.000
478800.000
485600.000
476800.000
505200.000
510800.000
515600.000
494800.000
489200.000
478000.000
494000.000
466400.000
459600.000
459600.000
434000.000
453600.000
463200.000
454800.000
453200.000
492800.000
487200.000
496400.000
489600.000
465600.000
456800.000
432400.000
440800.000
423600.000
421600.000
435600.000
419600.000
456000.000
439600.000
420800.000
463600.000
463200.000
477200.000
475200.000
476000.000
478400.000
452400.000
463600.000
454000.000
463200.000
466800.000
452400.000
454400.000
496400.000
477600.000
472800.000
470000.000
459600.000
462800.000
474000.000
471200.000
517600.000
492000.000
490800.000
484800.000
494800.000
510000.000
505600.000
539600.000
535600.000
527200.000
514400.000
489200.000
484000.000
487200.000
472400.000
458800.000
480800.000
480000.000
469600.000
493200.000
478800.000
481600.000
492400.000
526800.000
495600.000
502400.000
471200.000
474800.000
498000.000
489200.000
474000.000
486400.000
492400.000
472400.000
456000.000
472800.000
466800.000
455200.000
454400.000
453200.000
452400.000
446800.000
444800.000
439200.000
454800.000
419200.000
469600.000
446400.000
434800.000
463200.000
444000.000
474800.000
434800.000
452800.000
432000.000
459600.000
438800.000
438400.000
453600.000
454400.000
444000.000
436800.000
424000.000
453600.000
442800.000
444400.000
451600.000
458400.000
432000.000
463200.000
429600.000
454400.000
448400.000
414800.000
420800.000
441200.000
447600.000
446400.000
426800.000
419600.000
442800.000
405200.000
373600.000
400800.000
383600.000
401600.000
398000.000
388800.000
397600.000
406400.000
414000.000
428400.000
388800.000
410000.000
404000.000
439200.000
422400.000
418400.000
404800.000
398400.000
432400.000
386800.000
413600.000
430000.000
422400.000
436800.000
436000.000
421600.000
415200.000
442000.000
436400.000
463200.000
451200.000
451200.000
424400.000
411200.000
360800.000
341200.000
316400.000
327200.000
300000.000
308000.000
368400.000
416400.000
432400.000
452000.000
492000.000
466000.000
471600.000
460000.000
453600.000
483200.000
470800.000
492800.000
487600.000
496400.000
482800.000
475600.000
467200.000
474000.000
483600.000
483200.000
487600.000
498400.000
494800.000
488800.000
458400.000
469600.000
467600.000
497200.000
475200.000
520800.000
520000.000
510400.000
500400.000
503200.000
476000.000
473600.000
463200.000
504000.000
503600.000
484800.000
460400.000
466400.000
475600.000
452800.000
508000.000
468400.000
471600.000
456000.000
449200.000
452400.000
443600.000
456400.000
444800.000
443200.000
438000.000
461200.000
462800.000
453200.000
426000.000
466800.000
448800.000
440800.000
492400.000
482000.000
480000.000
464400.000
474000.000
448400.000
453200.000
454800.000
492000.000
470400.000
495200.000
467200.000
486400.000
444000.000
473200.000
479200.000
472800.000
484000.000
488800.000
523200.000
514400.000
488000.000
534000.000
502000.000
520000.000
515200.000
573200.000
526400.000
546800.000
498800.000
496400.000
490400.000
490800.000
484800.000
490000.000
506400.000
499200.000
479200.000
491600.000
506800.000
497200.000
514800.000
547600.000
533200.000
516400.000
504000.000
500000.000
493200.000
507200.000
493200.000
490800.000
474400.000
492400.000
478000.000
462400.000
462800.000
495600.000
480000.000
481200.000
474000.000
457600.000
480000.000
467200.000
443600.000
433200.000
458000.000
504000.000
480800.000
437600.000
448400.000
446800.000
449200.000
426800.000
416000.000
436800.000
428800.000
412000.000
441200.000
466000.000
450400.000
468000.000
430800.000
443200.000
482800.000
459600.000
457200.000
451200.000
426800.000
462800.000
434800.000
442800.000
445200.000
439200.000
457600.000
440800.000
437200.000
423600.000
440400.000
408000.000
420000.000
428000.000
401200.000
412000.000
410800.000
390800.000
397600.000
401200.000
416400.000
446800.000
420400.000
416400.000
382000.000
431600.000
419600.000
431200.000
395200.000
413200.000
397600.000
412000.000
414400.000
435600.000
442000.000
431600.000
416400.000
414400.000
410000.000
377200.000
436400.000
421600.000
454000.000
432400.000
415600.000
407200.000
345600.000
340000.000
320400.000
312400.000
320400.000
318400.000
381600.000
406800.000
432800.000
440400.000
451600.000
450800.000
469600.000
428000.000
460800.000
465600.000
442800.000
443200.000
453200.000
462000.000
455200.000
461200.000
461600.000
470800.000
496400.000
486800.000
521200.000
487600.000
470800.000
485600.000
466800.000
474400.000
487600.000
488400.000
498800.000
519200.000
514800.000
485200.000
503200.000
478800.000
507200.000
502000.000
517600.000
502000.000
489600.000
476400.000
453600.000
456800.000
450000.000
462400.000
435200.000
444400.000
457600.000
463200.000
460400.000
478000.000
461600.000
443600.000
424400.000
445600.000
455200.000
456400.000
470000.000
461600.000
432000.000
416000.000
454000.000
429600.000
455200.000
446800.000
507200.000
468000.000
474400.000
483600.000
477600.000
486000.000
511200.000
492800.000
498400.000
509600.000
491200.000
484400.000
503200.000
489200.000
511600.000
515200.000
477200.000
492400.000
496800.000
525600.000
510800.000
490000.000
488000.000
494000.000
525600.000
522800.000
544400.000
530800.000
533200.000
499600.000
484000.000
473200.000
501600.000
491200.000
535600.000
495200.000
488400.000
488000.000
521600.000
508400.000
520400.000
523600.000
519200.000
533200.000
530800.000
510400.000
495200.000
493600.000
518400.000
481600.000
498400.000
489600.000
483600.000
488000.000
512400.000
502400.000
475200.000
468000.000
455200.000
472400.000
469600.000
439200.000
472400.000
462800.000
454800.000
452800.000
456000.000
458400.000
427200.000
424400.000
420800.000
415200.000
438400.000
435200.000
460000.000
454800.000
480400.000
463200.000
480400.000
482800.000
472000.000
481200.000
446000.000
463200.000
444400.000
460400.000
442400.000
443600.000
431600.000
429600.000
444000.000
432800.000
440800.000
429600.000
442000.000
433200.000
455600.000
424400.000
416400.000
411600.000
444400.000
432800.000
395600.000
416400.000
416000.000
441200.000
433600.000
404000.000
421200.000
401200.000
435600.000
440400.000
445200.000
442800.000
418000.000
426000.000
430400.000
420000.000
437200.000
432400.000
418000.000
434800.000
427200.000
428800.000
445200.000
438800.000
422400.000
444400.000
456400.000
430800.000
411200.000
372000.000
356000.000
340800.000
315200.000
300000.000
330400.000
390800.000
419200.000
446800.000
444800.000
448800.000
425200.000
474000.000
462000.000
438400.000
462400.000
462800.000
450800.000
480800.000
460000.000
436800.000
460000.000
453600.000
491600.000
490000.000
483600.000
514400.000
508800.000
500400.000
474000.000
507200.000
476400.000
478000.000
475600.000
498800.000
498000.000
510400.000
494000.000
488000.000
507600.000
510400.000
489200.000
479600.000
460000.000
501600.000
506800.000
473600.000
461200.000
444800.000
432400.000
437200.000
453200.000
460400.000
496000.000
432400.000
434400.000
457200.000
447200.000
440000.000
459200.000
442000.000
423600.000
456400.000
445600.000
448400.000
439200.000
426400.000
430400.000
470000.000
459600.000
450800.000
479200.000
472800.000
489600.000
486000.000
469200.000
483600.000
490000.000
470400.000
475200.000
484400.000
476800.000
516800.000
481600.000
535200.000
503200.000
518400.000
498800.000
484800.000
496800.000
474000.000
501600.000
526800.000
504400.000
501200.000
526800.000
540400.000
496400.000
511600.000
509200.000
505200.000
493200.000
512400.000
475600.000
508000.000
499600.000
515600.000
512000.000
502800.000
552800.000
526400.000
531200.000
528400.000
499600.000
518800.000
525200.000
512800.000
505600.000
490800.000
467600.000
482000.000
464000.000
485600.000
504800.000
498000.000
508000.000
497600.000
470400.000
464800.000
508000.000
470400.000
453200.000
422000.000
433600.000
444400.000
459600.000
441600.000
440000.000
411600.000
416000.000
415200.000
406000.000
465600.000
441600.000
452000.000
470800.000
448400.000
428000.000
448400.000
449600.000
477200.000
443600.000
452400.000
426400.000
442000.000
410400.000
431200.000
415200.000
414000.000
398000.000
452000.000
443600.000
444800.000
420000.000
410400.000
432800.000
429200.000
392000.000
421600.000
385200.000
390800.000
409200.000
414000.000
412000.000
444000.000
423600.000
411200.000
424800.000
426400.000
414400.000
443600.000
416400.000
405200.000
428800.000
393200.000
416800.000
422000.000
414400.000
430800.000
418400.000
403200.000
428400.000
419200.000
427600.000
451200.000
431200.000
464800.000
444800.000
444400.000
458000.000
400000.000
365200.000
356800.000
350000.000
323200.000
308000.000
288800.000
398000.000
411600.000
440800.000
441600.000
453200.000
438400.000
458400.000
462800.000
474400.000
471600.000
483600.000
434400.000
443600.000
483200.000
465200.000
485200.000
491200.000
497200.000
460800.000
534800.000
510800.000
530400.000
504000.000
492000.000
474000.000
465200.000
484400.000
484800.000
490000.000
502400.000
489200.000
504800.000
465600.000
467600.000
487200.000
491200.000
530400.000
508000.000
496800.000
481200.000
502400.000
456800.000
433600.000
437600.000
439200.000
468400.000
463200.000
438400.000
444000.000
447600.000
432400.000
435600.000
444000.000
452400.000
430800.000
449200.000
480000.000
479600.000
460800.000
464400.000
448800.000
449600.000
443600.000
464400.000
461200.000
439200.000
436000.000
458800.000
471600.000
478400.000
462800.000
450000.000
448800.000
471200.000
469200.000
496800.000
471600.000
476400.000
503600.000
481600.000
480000.000
463600.000
498000.000
478400.000
521200.000
506400.000
524800.000
516400.000
504800.000
520400.000
524800.000
522000.000
518000.000
514800.000
527600.000
478000.000
492000.000
503600.000
519600.000
479600.000
500400.000
502000.000
511200.000
544400.000
550400.000
538400.000
521200.000
524800.000
567600.000
546400.000
534800.000
525600.000
517600.000
492000.000
468000.000
467600.000
500800.000
483600.000
480800.000
511200.000
475600.000
485600.000
501600.000
463600.000
490800.000
451600.000
429600.000
430000.000
444000.000
450000.000
428800.000
436000.000
409600.000
425200.000
419200.000
435600.000
421600.000
430400.000
455200.000
444400.000
443200.000
434400.000
446800.000
461200.000
481600.000
454400.000
466000.000
446000.000
416000.000
395600.000
424800.000
424800.000
429200.000
419200.000
431600.000
437600.000
419200.000
459200.000
426400.000
407600.000
421600.000
402400.000
404800.000
404400.000
402800.000
423200.000
429600.000
419200.000
426800.000
410800.000
446800.000
418400.000
428000.000
438800.000
421600.000
422000.000
422000.000
418000.000
420400.000
431200.000
394000.000
432000.000
441600.000
419600.000
422000.000
419200.000
413600.000
416400.000
421200.000
421600.000
447200.000
437200.000
410000.000
404400.000
426800.000
383200.000
357200.000
371200.000
298800.000
306400.000
332000.000
373200.000
370000.000
456800.000
432400.000
452000.000
421600.000
448000.000
458400.000
450000.000
470000.000
457600.000
454800.000
477600.000
478400.000
466000.000
463200.000
441600.000
497200.000
484400.000
509600.000
516000.000
540800.000
494400.000
494400.000
494800.000
466000.000
457600.000
491200.000
476000.000
473200.000
470000.000
458400.000
459600.000
483600.000
498000.000
506800.000
511200.000
512800.000
487600.000
470400.000
488000.000
473200.000
476000.000
459600.000
459200.000
460400.000
458400.000
480800.000
449200.000
417600.000
464000.000
457200.000
426400.000
475600.000
458000.000
490000.000
468000.000
464800.000
490400.000
455600.000
467600.000
467600.000
436800.000
462000.000
452400.000
421200.000
459600.000
477600.000
495600.000
475600.000
460400.000
458000.000
460800.000
453600.000
462000.000
474000.000
493600.000
499600.000
495200.000
462800.000
478000.000
494800.000
468400.000
492000.000
504400.000
504400.000
511600.000
522400.000
530400.000
521200.000
510800.000
475200.000
492800.000
506000.000
536000.000
510000.000
522800.000
507600.000
505600.000
497600.000
477600.000
504000.000
521600.000
530800.000
552800.000
518800.000
507200.000
505600.000
505600.000
523600.000
568000.000
530400.000
526800.000
507200.000
502800.000
470400.000
482800.000
495600.000
489200.000
476400.000
481200.000
456400.000
458000.000
471200.000
428000.000
442400.000
457200.000
460400.000
435600.000
424000.000
422000.000
421600.000
432400.000
414400.000
424800.000
410000.000
443200.000
432800.000
421600.000
434000.000
442000.000
431200.000
437600.000
452000.000
439200.000
427600.000
438000.000
422400.000
413200.000
424400.000
422000.000
424800.000
420800.000
412400.000
422800.000
400000.000
462000.000
421200.000
461200.000
433600.000
426800.000
403600.000
420800.000
419200.000
440000.000
430000.000
432800.000
463200.000
442400.000
445200.000
432400.000
445600.000
450000.000
442400.000
434000.000
453200.000
427600.000
444800.000
433600.000
428800.000
398400.000
431600.000
411600.000
416800.000
438000.000
416400.000
423200.000
412000.000
452000.000
419600.000
436000.000
417600.000
408000.000
416000.000
396000.000
376000.000
353200.000
322800.000
310400.000
327200.000
305600.000
345200.000
380000.000
439200.000
466800.000
437200.000
426400.000
434800.000
432400.000
465200.000
459200.000
459200.000
490400.000
471200.000
458000.000
449200.000
465600.000
436000.000
466800.000
483600.000
494400.000
512000.000
497600.000
542000.000
494000.000
480000.000
480800.000
454000.000
478400.000
477200.000
466800.000
466000.000
473200.000
454000.000
483600.000
460000.000
458000.000
471600.000
480000.000
456400.000
451600.000
466800.000
487200.000
483600.000
467200.000
470800.000
472400.000
457600.000
480000.000
420000.000
443600.000
448400.000
452400.000
441200.000
437600.000
476400.000
469200.000
455600.000
481200.000
472400.000
476000.000
464800.000
434000.000
450000.000
440800.000
436800.000
469200.000
458800.000
504400.000
486400.000
499200.000
499200.000
478400.000
457600.000
504000.000
479200.000
501600.000
492400.000
493600.000
486800.000
508000.000
518800.000
518400.000
483600.000
502400.000
520400.000
513600.000
518000.000
496400.000
514400.000
495200.000
508000.000
472000.000
504000.000
480800.000
475600.000
484400.000
499600.000
537600.000
546400.000
522800.000
530000.000
484000.000
499600.000
502000.000
531600.000
533600.000
502400.000
493600.000
507600.000
504000.000
517600.000
538400.000
536800.000
504000.000
486400.000
473600.000
491600.000
472800.000
495600.000
478400.000
461600.000
465600.000
472000.000
463600.000
466000.000
466400.000
430000.000
426400.000
429200.000
440400.000
455200.000
457200.000
406800.000
404400.000
421600.000
456000.000
425200.000
412400.000
434400.000
408400.000
425600.000
433600.000
441200.000
450000.000
472000.000
435200.000
438800.000
410400.000
408800.000
403600.000
416000.000
401600.000
447600.000
420000.000
384000.000
414400.000
399200.000
445200.000
430800.000
441200.000
434000.000
438000.000
447200.000
421200.000
445200.000
448400.000
453600.000
473200.000
428000.000
440800.000
442800.000
425200.000
442400.000
430000.000
428400.000
464400.000
429200.000
431200.000
450000.000
438400.000
425600.000
428000.000
428800.000
427200.000
436400.000
427600.000
414000.000
440800.000
438400.000
456000.000
425600.000
398800.000
398400.000
402400.000
412000.000
376800.000
399600.000
314800.000
334000.000
308400.000
328800.000
334800.000
386400.000
444800.000
429600.000
444000.000
445200.000
417600.000
449200.000
437200.000
453200.000
459200.000
451600.000
464000.000
463200.000
449200.000
475200.000
457600.000
433600.000
496000.000
510800.000
528800.000
508800.000
479600.000
496400.000
467200.000
481200.000
459600.000
454400.000
450400.000
472000.000
441600.000
472400.000
467600.000
457200.000
473200.000
504800.000
472800.000
462800.000
477200.000
458400.000
467200.000
460800.000
472000.000
476000.000
490400.000
474800.000
475600.000
456800.000
458000.000
466800.000
447200.000
428000.000
457600.000
463200.000
500000.000
480800.000
497200.000
462800.000
473200.000
472000.000
469600.000
425200.000
434400.000
426800.000
436800.000
446000.000
454400.000
487600.000
505600.000
528000.000
500000.000
506000.000
501200.000
472000.000
463200.000
461200.000
465200.000
499200.000
480800.000
493600.000
510800.000
504400.000
502000.000
531200.000
515200.000
547200.000
535600.000
536400.000
510400.000
501200.000
482400.000
476800.000
468800.000
494000.000
488400.000
488800.000
528400.000
541600.000
559600.000
524400.000
492400.000
514000.000
515200.000
535200.000
547200.000
522400.000
528800.000
513600.000
500000.000
506000.000
495200.000
537600.000
537200.000
484800.000
536000.000
460800.000
487200.000
483200.000
481600.000
465200.000
478400.000
510000.000
455200.000
475200.000
456800.000
448800.000
437600.000
464400.000
457600.000
451200.000
440400.000
437600.000
411600.000
435600.000
432400.000
433200.000
447600.000
436400.000
431200.000
402400.000
430000.000
453600.000
434800.000
434800.000
465600.000
434000.000
448400.000
421600.000
406800.000
388000.000
424800.000
438400.000
419200.000
420800.000
411200.000
393200.000
394800.000
399600.000
435600.000
429200.000
442400.000
430400.000
429600.000
422000.000
421200.000
438400.000
457200.000
460400.000
435200.000
447200.000
420000.000
430400.000
433600.000
424800.000
441600.000
424000.000
412800.000
415200.000
419200.000
438400.000
428000.000
430800.000
419200.000
409200.000
433600.000
440400.000
426000.000
416000.000
402800.000
429600.000
433200.000
404800.000
395600.000
412000.000
404800.000
380000.000
382800.000
359200.000
348400.000
334400.000
306800.000
364800.000
345200.000
430800.000
428400.000
466800.000
436800.000
438000.000
471200.000
482800.000
473600.000
457200.000
447600.000
451600.000
461200.000
446800.000
452400.000
442400.000
422800.000
457600.000
497200.000
494800.000
495600.000
493600.000
473600.000
463600.000
479200.000
481600.000
450800.000
475600.000
459200.000
495200.000
487600.000
470000.000
462000.000
462800.000
465600.000
457600.000
464800.000
464400.000
481600.000
499600.000
454000.000
453200.000
474000.000
473200.000
444400.000
444000.000
458000.000
458800.000
448000.000
435600.000
446800.000
436400.000
448400.000
466800.000
498400.000
454800.000
447200.000
503200.000
462000.000
464800.000
482400.000
451600.000
450800.000
460800.000
478800.000
452800.000
461600.000
497600.000
484000.000
495600.000
492800.000
501600.000
507200.000
478400.000
474400.000
465600.000
488400.000
494400.000
504000.000
503600.000
506400.000
503200.000
531200.000
501600.000
505200.000
549200.000
542400.000
496400.000
480400.000
477600.000
476400.000
517600.000
495600.000
484000.000
508800.000
536400.000
514800.000
523600.000
536000.000
511200.000
528400.000
505600.000
509600.000
509600.000
525200.000
509200.000
507600.000
516800.000
496000.000
505600.000
499600.000
514400.000
510800.000
498400.000
475200.000
475600.000
508000.000
502800.000
486400.000
477600.000
476800.000
467600.000
473600.000
474400.000
463600.000
443600.000
455200.000
470000.000
433200.000
427600.000
416800.000
416000.000
458400.000
418400.000
436000.000
436000.000
424400.000
425200.000
403600.000
428400.000
432800.000
445200.000
428400.000
442400.000
423200.000
413600.000
417600.000
403200.000
416800.000
423200.000
434400.000
478000.000
429600.000
427200.000
410400.000
418000.000
431200.000
441200.000
429200.000
402400.000
412000.000
456400.000
414000.000
464800.000
460800.000
494800.000
466000.000
447600.000
459600.000
458000.000
444800.000
437200.000
453600.000
447600.000
414000.000
418800.000
428800.000
416400.000
398000.000
434000.000
418800.000
402400.000
442000.000
441200.000
421200.000
406800.000
419200.000
399600.000
425600.000
420000.000
414000.000
408400.000
407200.000
389200.000
380800.000
381200.000
340800.000
312400.000
331200.000
320400.000
321600.000
374000.000
407200.000
421600.000
455600.000
465200.000
435600.000
470000.000
463600.000
472400.000
442800.000
442800.000
458000.000
424000.000
443200.000
413200.000
438000.000
448400.000
460400.000
475600.000
492000.000
497600.000
502400.000
462000.000
472000.000
491200.000
472400.000
471600.000
464000.000
483600.000
482000.000
482400.000
479600.000
484800.000
471200.000
492800.000
464400.000
469600.000
498800.000
472400.000
473200.000
485600.000
470400.000
446800.000
461200.000
446000.000
437200.000
435200.000
476400.000
452800.000
453600.000
436000.000
453200.000
451600.000
454000.000
458000.000
469200.000
481600.000
469200.000
456400.000
458800.000
456800.000
458000.000
440000.000
455600.000
486800.000
477200.000
465600.000
468400.000
464800.000
468000.000
497600.000
498400.000
475600.000
500000.000
502400.000
467200.000
476800.000
453200.000
479600.000
493200.000
503600.000
512000.000
486400.000
492000.000
516000.000
500000.000
530800.000
480800.000
468000.000
508000.000
499600.000
488400.000
531600.000
509600.000
509200.000
506400.000
515200.000
512800.000
519600.000
502000.000
524800.000
518000.000
535200.000
554800.000
528400.000
541600.000
522000.000
518400.000
486000.000
502400.000
520000.000
488000.000
497200.000
488800.000
498000.000
462000.000
493200.000
464400.000
507200.000
472000.000
454400.000
464400.000
480800.000
470000.000
460000.000
470000.000
478400.000
441600.000
466000.000
462800.000
438000.000
438800.000
436800.000
440800.000
439200.000
432400.000
410800.000
424400.000
396400.000
446400.000
449600.000
417600.000
453200.000
447200.000
450800.000
454400.000
441200.000
424400.000
432400.000
401600.000
449600.000
455600.000
445200.000
433600.000
412000.000
426000.000
430800.000
432400.000
436800.000
445600.000
424800.000
430000.000
462400.000
472800.000
494000.000
491600.000
474800.000
433200.000
439600.000
418400.000
467600.000
473200.000
424400.000
429200.000
430800.000
426400.000
423200.000
394000.000
408800.000
410400.000
429600.000
451200.000
426000.000
439600.000
407600.000
432000.000
398400.000
407600.000
411600.000
423600.000
445200.000
419600.000
416000.000
390800.000
383600.000
322000.000
338800.000
301200.000
300800.000
320000.000
332000.000
376800.000
394400.000
420800.000
464000.000
442400.000
470400.000
486400.000
457600.000
459600.000
460000.000
446000.000
470400.000
446400.000
432800.000
462000.000
448800.000
448000.000
489200.000
479600.000
487200.000
486000.000
472800.000
483200.000
492800.000
480400.000
479600.000
505200.000
467600.000
468400.000
474800.000
475200.000
461200.000
474000.000
492800.000
481600.000
468800.000
494000.000
478000.000
479200.000
497200.000
483600.000
448000.000
461200.000
457600.000
443600.000
461600.000
444400.000
441200.000
457200.000
429200.000
432800.000
442400.000
457600.000
474000.000
439200.000
469200.000
454400.000
464800.000
485600.000
464000.000
480400.000
446400.000
458400.000
452400.000
469600.000
469200.000
478400.000
487600.000
488800.000
469200.000
507200.000
492400.000
461200.000
463200.000
462400.000
456400.000
473200.000
475200.000
495600.000
489200.000
486800.000
474800.000
476800.000
526800.000
518800.000
525600.000
539600.000
493600.000
468000.000
454400.000
492000.000
466000.000
522400.000
497200.000
530000.000
486800.000
512000.000
486800.000
499200.000
514800.000
514400.000
530400.000
535200.000
532800.000
538400.000
557200.000
509600.000
488800.000
498800.000
496000.000
498400.000
489600.000
494000.000
497200.000
548000.000
500400.000
506800.000
520400.000
486000.000
500000.000
479200.000
438000.000
464400.000
457600.000
485600.000
467200.000
453600.000
492400.000
465600.000
472400.000
454000.000
426400.000
465200.000
429200.000
448800.000
467200.000
450400.000
443200.000
440400.000
418400.000
416000.000
419200.000
422000.000
444400.000
433200.000
464800.000
422000.000
413200.000
412800.000
401200.000
453600.000
457600.000
420400.000
402000.000
419200.000
413200.000
439600.000
443600.000
436000.000
432800.000
412000.000
454400.000
449200.000
448400.000
455200.000
469600.000
427200.000
458000.000
454400.000
455600.000
442800.000
422000.000
425600.000
433600.000
394400.000
395200.000
407200.000
418000.000
407200.000
408400.000
418400.000
406400.000
408400.000
426800.000
436800.000
430000.000
438000.000
434400.000
402000.000
436400.000
420000.000
440800.000
402400.000
421200.000
382800.000
345600.000
302000.000
288400.000
303200.000
317200.000
328800.000
343600.000
393600.000
396800.000
416400.000
470000.000
441600.000
449600.000
469200.000
479600.000
484400.000
455600.000
450800.000
439200.000
468400.000
433200.000
442400.000
433600.000
447200.000
490800.000
474800.000
484800.000
447200.000
476000.000
487600.000
497600.000
470000.000
468000.000
474800.000
456800.000
490400.000
468400.000
508000.000
501600.000
487200.000
463200.000
455600.000
494400.000
518800.000
486000.000
479600.000
477200.000
466400.000
467600.000
439200.000
450800.000
464000.000
450000.000
450000.000
453600.000
458400.000
450000.000
443200.000
423200.000
423200.000
426000.000
428400.000
432000.000
467200.000
478000.000
474000.000
439600.000
446800.000
452000.000
428800.000
462400.000
504400.000
503200.000
472400.000
466800.000
442800.000
446000.000
457600.000
475600.000
456400.000
433200.000
482400.000
459600.000
492800.000
472400.000
467200.000
486800.000
490800.000
495600.000
502400.000
497200.000
508800.000
507600.000
486000.000
498400.000
495600.000
460800.000
467200.000
488000.000
531200.000
513600.000
532800.000
504000.000
507600.000
500800.000
501200.000
495600.000
522000.000
563600.000
556000.000
543600.000
529600.000
526800.000
525600.000
490400.000
486400.000
507600.000
480800.000
498000.000
514800.000
532800.000
506800.000
534800.000
465200.000
476000.000
484400.000
488800.000
492400.000
456000.000
473200.000
462000.000
466000.000
457600.000
463600.000
468800.000
494400.000
461600.000
454000.000
424000.000
426000.000
444000.000
484000.000
474000.000
468400.000
440000.000
451600.000
401600.000
442800.000
437600.000
458400.000
466000.000
432000.000
413600.000
429200.000
416800.000
395600.000
417200.000
427600.000
438800.000
412000.000
412800.000
423200.000
424000.000
433600.000
434800.000
443200.000
428800.000
467200.000
484400.000
466000.000
451600.000
460400.000
442400.000
443200.000
459600.000
430400.000
432400.000
430400.000
407600.000
425200.000
386800.000
399600.000
403200.000
422800.000
449600.000
439200.000
433600.000
446000.000
392000.000
430400.000
409600.000
416400.000
420800.000
431200.000
397600.000
449600.000
426000.000
433600.000
457200.000
464400.000
433600.000
380400.000
351600.000
328000.000
309200.000
290400.000
315600.000
349600.000
377600.000
425600.000
422400.000
442400.000
466400.000
449600.000
451600.000
466000.000
456800.000
490000.000
461600.000
444800.000
438800.000
425600.000
437200.000
475600.000
455200.000
478400.000
492400.000
448400.000
484800.000
476400.000
487600.000
482400.000
500000.000
484000.000
463200.000
484400.000
498400.000
485600.000
478800.000
454000.000
476400.000
459200.000
470800.000
515200.000
512000.000
503600.000
500800.000
482000.000
435600.000
412800.000
430400.000
423600.000
451200.000
457600.000
471200.000
463600.000
469600.000
468400.000
448000.000
456800.000
461200.000
439600.000
430000.000
448800.000
454400.000
480000.000
460000.000
473600.000
451600.000
458400.000
429600.000
417600.000
460000.000
480000.000
483600.000
457600.000
478400.000
457600.000
442800.000
458400.000
430400.000
446000.000
445600.000
440400.000
478000.000
472800.000
478400.000
488000.000
514400.000
500800.000
498800.000
502800.000
489200.000
482400.000
492000.000
509200.000
494000.000
486400.000
493600.000
458400.000
486400.000
514000.000
494000.000
492000.000
513200.000
476400.000
540000.000
532000.000
538000.000
510000.000
547200.000
526000.000
530400.000
532800.000
510800.000
498400.000
507200.000
518000.000
494400.000
507200.000
498400.000
482400.000
492400.000
499200.000
497600.000
471600.000
495200.000
486800.000
468800.000
438400.000
452400.000
470800.000
463600.000
452000.000
473200.000
455600.000
450400.000
426400.000
441200.000
450400.000
433200.000
461600.000
437600.000
430800.000
417600.000
452000.000
435200.000
428800.000
450000.000
440400.000
467200.000
428000.000
434400.000
453200.000
414800.000
422000.000
440800.000
408400.000
420800.000
430000.000
428000.000
421200.000
439600.000
442400.000
438400.000
432000.000
450800.000
429600.000
469200.000
484000.000
457600.000
468800.000
436400.000
452400.000
452800.000
432000.000
470800.000
425200.000
428400.000
457600.000
450400.000
435600.000
438400.000
417200.000
431600.000
451600.000
470000.000
416800.000
426000.000
434800.000
438000.000
421600.000
446800.000
429600.000
438800.000
417200.000
421600.000
431200.000
438400.000
449600.000
434800.000
405600.000
402400.000
368800.000
336000.000
284400.000
284000.000
279600.000
330000.000
356000.000
420000.000
412400.000
435200.000
443200.000
447200.000
430000.000
440800.000
472000.000
489600.000
466400.000
470800.000
452400.000
447200.000
433200.000
455200.000
450800.000
473600.000
472000.000
440000.000
484000.000
505600.000
510000.000
527200.000
490400.000
481600.000
496000.000
492000.000
462000.000
415200.000
459600.000
440000.000
452000.000
447200.000
475200.000
472800.000
467600.000
460800.000
484400.000
499600.000
456400.000
463200.000
456800.000
435200.000
448000.000
439600.000
454400.000
460400.000
435200.000
454800.000
458000.000
491600.000
420000.000
430400.000
426800.000
426000.000
437200.000
447200.000
470000.000
468400.000
474800.000
453600.000
451200.000
443600.000
457600.000
473600.000
461200.000
456000.000
448000.000
480000.000
457200.000
468800.000
469600.000
458000.000
485200.000
468400.000
451200.000
484800.000
490000.000
486800.000
498800.000
504000.000
521200.000
494400.000
499600.000
492000.000
490400.000
496000.000
513200.000
476800.000
494400.000
455600.000
488000.000
485200.000
496800.000
496000.000
492400.000
478800.000
496800.000
518000.000
540000.000
546400.000
535600.000
532000.000
531600.000
545200.000
515600.000
499600.000
508400.000
534400.000
500800.000
516400.000
468000.000
491200.000
481600.000
507600.000
500400.000
489200.000
487600.000
502000.000
478000.000
495200.000
479600.000
492800.000
451200.000
456800.000
462800.000
479200.000
450000.000
449200.000
456800.000
427200.000
453200.000
428800.000
436400.000
420000.000
456800.000
460400.000
444800.000
459200.000
424400.000
448800.000
421200.000
455600.000
428000.000
442400.000
447200.000
435600.000
439200.000
412800.000
428000.000
452400.000
428800.000
462000.000
466800.000
456400.000
452400.000
451200.000
459200.000
455600.000
467200.000
450800.000
468000.000
473200.000
439200.000
425600.000
460400.000
432400.000
452400.000
442000.000
442400.000
486800.000
448000.000
482800.000
466000.000
465200.000
447600.000
429200.000
424400.000
457600.000
452000.000
424400.000
416800.000
426800.000
438000.000
460400.000
427600.000
444800.000
446800.000
429600.000
449600.000
458400.000
431600.000
421600.000
372800.000
355200.000
352800.000
308400.000
284800.000
296000.000
294000.000
351600.000
398800.000
417600.000
448400.000
447600.000
456800.000
465600.000
483600.000
470000.000
472800.000
490000.000
471200.000
454000.000
426400.000
466800.000
494000.000
495600.000
485600.000
465200.000
463600.000
484800.000
527200.000
511200.000
512800.000
538400.000
507600.000
498800.000
470800.000
455600.000
472400.000
465600.000
459200.000
462800.000
447200.000
505600.000
478800.000
452800.000
504000.000
468400.000
462400.000
464400.000
487200.000
482800.000
464000.000
454000.000
435600.000
442000.000
436400.000
474800.000
489200.000
464800.000
466400.000
454400.000
477200.000
441600.000
463200.000
460400.000
470800.000
450000.000
458400.000
456800.000
483600.000
512000.000
485200.000
436800.000
442400.000
444800.000
492000.000
475200.000
467600.000
462800.000
469600.000
462400.000
471200.000
478400.000
465600.000
500400.000
468800.000
468400.000
510800.000
486000.000
484400.000
473600.000
482400.000
483600.000
511200.000
480000.000
490000.000
498000.000
479600.000
478800.000
493600.000
493600.000
488800.000
509200.000
486000.000
492800.000
525600.000
515600.000
512000.000
501200.000
542800.000
526400.000
541600.000
523600.000
517200.000
520800.000
510800.000
526800.000
487200.000
497200.000
494000.000
482400.000
498800.000
495200.000
492400.000
475200.000
473600.000
489200.000
501200.000
513200.000
499600.000
482800.000
476000.000
461600.000
466000.000
482000.000
473200.000
445600.000
453200.000
468800.000
454800.000
494800.000
479600.000
452400.000
459600.000
441200.000
460800.000
467600.000
462800.000
431200.000
436400.000
422000.000
447200.000
447200.000
444800.000
458400.000
451600.000
447200.000
441200.000
435200.000
428800.000
468800.000
463200.000
471600.000
468400.000
462400.000
457200.000
465200.000
425600.000
434400.000
434400.000
455600.000
469200.000
434000.000
420000.000
449600.000
451600.000
459200.000
437200.000
455600.000
487200.000
479600.000
460800.000
450000.000
473200.000
463200.000
445600.000
460400.000
474400.000
432000.000
453200.000
431200.000
432400.000
472800.000
461200.000
454400.000
455200.000
436000.000
430800.000
455600.000
421200.000
418400.000
410400.000
396800.000
367200.000
345600.000
311200.000
292000.000
260800.000
305600.000
377200.000
408400.000
430800.000
449600.000
471200.000
472800.000
471600.000
476800.000
459200.000
468400.000
464400.000
454800.000
452400.000
457200.000
468400.000
464400.000
486000.000
457200.000
452800.000
480000.000
488000.000
497200.000
508800.000
524400.000
548400.000
527200.000
477200.000
483600.000
478800.000
446400.000
483200.000
465600.000
473600.000
474400.000
460800.000
489200.000
474000.000
454400.000
470800.000
486000.000
471200.000
476400.000
476400.000
448000.000
458000.000
440800.000
479600.000
465600.000
460800.000
486400.000
494000.000
450800.000
458000.000
477200.000
450800.000
456800.000
476800.000
462400.000
446000.000
441200.000
450800.000
478800.000
462400.000
464000.000
453200.000
457200.000
416400.000
458800.000
462800.000
460000.000
467600.000
448000.000
450800.000
460800.000
491600.000
493200.000
484800.000
473200.000
484800.000
471600.000
494000.000
494800.000
478800.000
434800.000
451200.000
456400.000
476400.000
475600.000
470800.000
518800.000
505600.000
512000.000
504400.000
482400.000
480000.000
474000.000
490800.000
505600.000
503200.000
504400.000
525600.000
535200.000
504800.000
544800.000
518800.000
529600.000
547600.000
522400.000
512000.000
456800.000
476000.000
472000.000
460000.000
476800.000
494800.000
513600.000
475600.000
479200.000
471200.000
478800.000
464800.000
484400.000
460400.000
468400.000
445200.000
431200.000
449200.000
443600.000
444400.000
478400.000
467200.000
435600.000
442800.000
434400.000
447200.000
476400.000
470800.000
480000.000
449200.000
431200.000
465200.000
430400.000
430800.000
424400.000
416400.000
469600.000
426400.000
440400.000
427600.000
422000.000
426800.000
431200.000
465200.000
448000.000
462400.000
451200.000
455200.000
443200.000
422400.000
443200.000
450800.000
460400.000
438000.000
433200.000
449600.000
422000.000
442400.000
448400.000
450000.000
476800.000
469200.000
434000.000
429600.000
452000.000
442400.000
454800.000
430400.000
427600.000
404400.000
444000.000
438400.000
458400.000
448800.000
428400.000
440400.000
455200.000
442000.000
443200.000
426000.000
431600.000
434000.000
415600.000
412400.000
382000.000
381200.000
347600.000
334400.000
297200.000
264400.000
278000.000
276800.000
378400.000
436400.000
432800.000
459200.000
446400.000
430800.000
460400.000
466800.000
467600.000
461200.000
448800.000
436800.000
464400.000
452800.000
464400.000
490800.000
454800.000
440800.000
422400.000
458000.000
453200.000
453200.000
504800.000
501600.000
492000.000
493600.000
442800.000
455200.000
434400.000
465200.000
468400.000
478000.000
460400.000
477200.000
471600.000
458000.000
457600.000
484800.000
486000.000
456800.000
437200.000
473600.000
482400.000
476400.000
441200.000
441200.000
453600.000
466400.000
462400.000
496400.000
502000.000
463600.000
449600.000
453200.000
440800.000
431200.000
432000.000
445200.000
458400.000
462400.000
460800.000
480000.000
444000.000
461600.000
436800.000
429600.000
420400.000
424800.000
410800.000
420400.000
449200.000
434000.000
411200.000
437200.000
444800.000
409200.000
424000.000
439600.000
436400.000
437200.000
454800.000
428800.000
437200.000
428400.000
469600.000
456800.000
479200.000
495600.000
459200.000
480400.000
479200.000
459600.000
476400.000
457600.000
471200.000
470800.000
456800.000
484400.000
508800.000
487200.000
519600.000
506000.000
490800.000
520000.000
503600.000
516000.000
506800.000
522800.000
487200.000
502800.000
444800.000
462000.000
489200.000
496000.000
514400.000
462400.000
487600.000
499600.000
458800.000
496800.000
469200.000
481600.000
464000.000
473600.000
445200.000
427200.000
440800.000
417200.000
466400.000
464400.000
464400.000
454000.000
430400.000
441200.000
453200.000
462000.000
463200.000
481600.000
448800.000
452000.000
426800.000
426800.000
450000.000
432800.000
422000.000
419600.000
417200.000
437600.000
417200.000
412400.000
431200.000
430800.000
434800.000
453200.000
462000.000
433200.000
445600.000
421200.000
422800.000
455600.000
439200.000
440000.000
446000.000
440800.000
425600.000
439200.000
453200.000
467600.000
452800.000
441200.000
462000.000
425200.000
428800.000
443200.000
423200.000
412800.000
426000.000
423200.000
422400.000
430800.000
422000.000
453200.000
454400.000
431200.000
448000.000
437200.000
454400.000
414400.000
451200.000
418400.000
406400.000
411600.000
432800.000
392800.000
380400.000
334400.000
340800.000
335200.000
287200.000
296400.000
307200.000
372800.000
420000.000
451600.000
446000.000
465200.000
452400.000
464000.000
465200.000
451200.000
449200.000
468400.000
460000.000
441200.000
484800.000
473600.000
467600.000
483200.000
466000.000
442400.000
442400.000
435600.000
438800.000
504000.000
476800.000
523200.000
496000.000
474800.000
450800.000
462400.000
467200.000
443200.000
450800.000
449200.000
480000.000
478800.000
470400.000
452400.000
502000.000
499200.000
525200.000
513600.000
461600.000
480800.000
466000.000
438000.000
452000.000
461200.000
473200.000
476000.000
466000.000
490400.000
461600.000
452800.000
452400.000
432000.000
414800.000
454800.000
438000.000
438800.000
453200.000
455200.000
509600.000
474000.000
480400.000
442400.000
473200.000
433200.000
428000.000
449600.000
432400.000
409200.000
444800.000
408000.000
422400.000
426400.000
411600.000
433200.000
399200.000
425200.000
446800.000
415600.000
416400.000
430800.000
423200.000
427200.000
451200.000
442800.000
456400.000
459200.000
500800.000
481600.000
478800.000
466000.000
442800.000
443600.000
512800.000
485200.000
453200.000
504000.000
511200.000
511600.000
517600.000
489200.000
502800.000
503200.000
508800.000
518800.000
517600.000
496800.000
527600.000
485600.000
492800.000
472800.000
502000.000
515600.000
493200.000
495200.000
502800.000
481200.000
470400.000
454000.000
480800.000
461600.000
451200.000
460000.000
430400.000
420000.000
440800.000
457600.000
486800.000
502800.000
476400.000
474000.000
469200.000
444800.000
469600.000
500800.000
482800.000
488800.000
467600.000
430000.000
443200.000
442800.000
401200.000
410400.000
424400.000
452400.000
415600.000
445600.000
428000.000
452800.000
432400.000
460400.000
456400.000
454800.000
440400.000
451200.000
456000.000
450800.000
450000.000
454400.000
428800.000
468400.000
478800.000
425200.000
483600.000
443600.000
448800.000
450400.000
438800.000
437600.000
412000.000
431200.000
418800.000
418000.000
390800.000
400800.000
440000.000
423200.000
462800.000
444800.000
453200.000
463200.000
445200.000
426000.000
440400.000
424800.000
450400.000
432800.000
438000.000
422800.000
426400.000
407200.000
385200.000
386400.000
370400.000
348000.000
330400.000
276800.000
299200.000
299600.000
372400.000
414400.000
430400.000
416400.000
422000.000
427600.000
448000.000
445200.000
469600.000
484400.000
475600.000
494800.000
472400.000
468800.000
479200.000
482800.000
470800.000
457600.000
474400.000
422400.000
443600.000
447600.000
469200.000
467200.000
470800.000
464400.000
465200.000
481600.000
446800.000
465600.000
448400.000
466400.000
480000.000
464000.000
451600.000
447600.000
469600.000
456400.000
467600.000
488000.000
518400.000
512000.000
467200.000
481600.000
464000.000
446800.000
456000.000
472400.000
456400.000
482000.000
448400.000
456800.000
452800.000
433200.000
454000.000
459600.000
456000.000
477200.000
468000.000
448400.000
466800.000
446400.000
450800.000
448400.000
446000.000
438400.000
434400.000
413200.000
400400.000
446800.000
416800.000
414000.000
408400.000
423200.000
382000.000
381600.000
408800.000
404000.000
408800.000
440000.000
422000.000
442000.000
427200.000
418400.000
461600.000
476000.000
455600.000
461600.000
494400.000
515600.000
472800.000
453600.000
451600.000
453200.000
468800.000
451600.000
458000.000
453600.000
476800.000
512000.000
503600.000
507200.000
518400.000
509200.000
538000.000
524800.000
524800.000
542800.000
504000.000
499600.000
497200.000
510800.000
516000.000
534400.000
524800.000
502400.000
502400.000
476800.000
504400.000
464400.000
470000.000
472400.000
472400.000
452000.000
490800.000
454800.000
458000.000
437600.000
436800.000
454000.000
474400.000
457200.000
452800.000
461200.000
459600.000
468000.000
452400.000
486800.000
488800.000
445200.000
452400.000
424000.000
436400.000
409600.000
430000.000
422000.000
452400.000
449600.000
441600.000
432400.000
433600.000
459200.000
455200.000
460000.000
471200.000
432400.000
445200.000
446400.000
439200.000
448400.000
449600.000
434000.000
445600.000
460000.000
473200.000
458800.000
445600.000
478400.000
432800.000
426400.000
419200.000
405200.000
407600.000
408000.000
438400.000
416400.000
408400.000
424400.000
426400.000
473200.000
480000.000
461200.000
450400.000
440400.000
448800.000
421600.000
418000.000
431600.000
415200.000
409200.000
428400.000
422800.000
424000.000
416800.000
377600.000
378000.000
346000.000
341200.000
280000.000
326800.000
327600.000
366800.000
397600.000
404400.000
419200.000
414800.000
427200.000
424000.000
468000.000
467200.000
506800.000
480800.000
490800.000
474400.000
458400.000
490800.000
457600.000
491600.000
451600.000
442400.000
436400.000
466800.000
450000.000
419600.000
486400.000
461600.000
468000.000
470400.000
491200.000
484400.000
495600.000
438000.000
467200.000
458800.000
470000.000
482400.000
446400.000
458800.000
472000.000
473600.000
492000.000
507600.000
508400.000
480800.000
477600.000
462800.000
460400.000
460800.000
476400.000
469200.000
456000.000
467600.000
460400.000
461600.000
416400.000
431200.000
415600.000
456000.000
438800.000
446800.000
443200.000
446000.000
433600.000
455600.000
441600.000
459600.000
432000.000
425200.000
420400.000
431600.000
425600.000
418400.000
418400.000
396400.000
418400.000
407200.000
409200.000
388800.000
391200.000
393200.000
415200.000
405600.000
439600.000
438800.000
437200.000
442400.000
455200.000
475200.000
455600.000
474000.000
486400.000
472000.000
452400.000
444800.000
414800.000
457600.000
449600.000
436400.000
421600.000
482800.000
498800.000
491200.000
484400.000
500800.000
488400.000
527200.000
527200.000
516400.000
530400.000
502400.000
510400.000
538000.000
516400.000
530800.000
553200.000
537200.000
522800.000
497600.000
491200.000
493200.000
498800.000
462000.000
456800.000
486800.000
488000.000
488800.000
465200.000
463600.000
467600.000
469200.000
466400.000
468800.000
499200.000
437200.000
456800.000
463200.000
469200.000
474400.000
480800.000
464000.000
434800.000
432800.000
451200.000
438800.000
428800.000
434000.000
427200.000
426000.000
469600.000
441600.000
421200.000
431200.000
460000.000
464800.000
440400.000
421600.000
466400.000
475600.000
456800.000
460400.000
451200.000
457200.000
468000.000
472000.000
460400.000
452800.000
477200.000
483200.000
432800.000
442000.000
396000.000
395200.000
389600.000
426000.000
437600.000
405200.000
427600.000
437200.000
414000.000
440800.000
458800.000
449200.000
428000.000
436800.000
454400.000
424000.000
417200.000
396800.000
395200.000
427200.000
409200.000
444000.000
403600.000
438800.000
410400.000
397600.000
350000.000
360800.000
328400.000
336400.000
309600.000
358400.000
384800.000
406000.000
420400.000
434400.000
424000.000
425200.000
444000.000
446000.000
450400.000
457200.000
475600.000
482000.000
456400.000
470800.000
454800.000
460800.000
490800.000
452800.000
455600.000
453600.000
448400.000
438000.000
445600.000
462400.000
478000.000
447200.000
451600.000
486400.000
453600.000
473600.000
452800.000
470400.000
479600.000
506000.000
461600.000
446800.000
435200.000
451200.000
472800.000
477200.000
505200.000
481200.000
489600.000
438800.000
449600.000
435600.000
462000.000
455200.000
460000.000
459600.000
466400.000
456800.000
457200.000
413600.000
440400.000
452800.000
456400.000
444000.000
438000.000
446400.000
436000.000
429600.000
450800.000
458400.000
461600.000
444400.000
408800.000
401200.000
421200.000
446400.000
427200.000
400400.000
419600.000
408000.000
396400.000
434800.000
379600.000
372400.000
399600.000
393600.000
400800.000
407200.000
416000.000
447600.000
455200.000
463600.000
464400.000
477200.000
452000.000
445200.000
474800.000
456000.000
460000.000
431600.000
418400.000
432800.000
433600.000
422400.000
440800.000
483200.000
468800.000
498000.000
499600.000
501200.000
521200.000
513200.000
522800.000
505200.000
537200.000
519600.000
511200.000
513600.000
532000.000
526400.000
526400.000
518000.000
520400.000
520400.000
494800.000
483200.000
480000.000
460400.000
470800.000
458400.000
478800.000
461200.000
460400.000
479600.000
459600.000
514400.000
483600.000
479600.000
471600.000
464800.000
473600.000
488000.000
462800.000
484400.000
488000.000
453200.000
444400.000
434800.000
430800.000
465600.000
444400.000
437600.000
441200.000
481600.000
478000.000
470800.000
456000.000
471200.000
458000.000
454800.000
430400.000
418800.000
458400.000
419600.000
468400.000
448800.000
432800.000
433200.000
456000.000
452000.000
463200.000
448400.000
442800.000
443200.000
388800.000
430000.000
386400.000
394000.000
395200.000
428400.000
427600.000
442000.000
431600.000
401600.000
439200.000
423200.000
460400.000
436400.000
426800.000
428400.000
418000.000
406000.000
398800.000
430000.000
422400.000
426800.000
430000.000
431600.000
410000.000
406400.000
395600.000
379600.000
386800.000
354000.000
316400.000
310400.000
305600.000
345600.000
381600.000
403200.000
457200.000
442000.000
431600.000
458000.000
455600.000
430400.000
462400.000
459600.000
468400.000
441600.000
476000.000
460000.000
431600.000
440000.000
440000.000
452800.000
463600.000
462400.000
468000.000
475600.000
486800.000
475200.000
484800.000
472400.000
472000.000
470000.000
463200.000
478400.000
495600.000
484800.000
454800.000
470000.000
456800.000
445200.000
445200.000
465600.000
466800.000
486400.000
482800.000
477600.000
445600.000
427600.000
460000.000
442400.000
452800.000
446800.000
441200.000
480800.000
444400.000
451200.000
444800.000
420400.000
440400.000
424400.000
447600.000
418000.000
424400.000
428400.000
460800.000
458400.000
454400.000
450400.000
434400.000
449600.000
426800.000
438800.000
436000.000
440800.000
419200.000
429600.000
442400.000
423600.000
409600.000
380000.000
377600.000
415200.000
405600.000
398800.000
408000.000
426000.000
430800.000
460800.000
451200.000
445200.000
436000.000
444400.000
458400.000
435200.000
428000.000
436800.000
444400.000
453600.000
432800.000
431600.000
411600.000
464000.000
500000.000
492400.000
483200.000
469200.000
468800.000
499600.000
524000.000
527200.000
511600.000
522800.000
514400.000
533200.000
535600.000
534800.000
524400.000
523200.000
504800.000
532800.000
518000.000
525200.000
486800.000
508400.000
481200.000
465600.000
483600.000
464400.000
449600.000
479600.000
452400.000
460400.000
527600.000
484400.000
484400.000
500800.000
460000.000
506000.000
476400.000
466400.000
456000.000
449200.000
482800.000
454400.000
437200.000
458800.000
446000.000
478800.000
468000.000
465600.000
444400.000
492800.000
478000.000
465600.000
457600.000
490400.000
440000.000
436000.000
432400.000
442800.000
446000.000
425600.000
427600.000
445600.000
429600.000
443600.000
475200.000
467200.000
431200.000
435600.000
414000.000
412000.000
390800.000
398800.000
361600.000
390400.000
418400.000
426000.000
435200.000
424800.000
420400.000
425600.000
432400.000
461600.000
458000.000
446400.000
413600.000
423600.000
436400.000
378000.000
400000.000
396400.000
424000.000
421200.000
404800.000
458000.000
424400.000
381600.000
389600.000
366400.000
348800.000
310000.000
318800.000
306800.000
360000.000
391600.000
410000.000
416800.000
434400.000
466400.000
443200.000
426000.000
442000.000
440000.000
441200.000
436800.000
467600.000
449200.000
450800.000
428000.000
434000.000
467600.000
475200.000
461600.000
444000.000
471200.000
475200.000
488000.000
485200.000
470000.000
466000.000
454000.000
469200.000
452800.000
443200.000
450000.000
472800.000
470400.000
460000.000
455600.000
468800.000
470400.000
463600.000
472400.000
457600.000
473200.000
466400.000
465200.000
488400.000
481600.000
476400.000
470800.000
456800.000
464400.000
436800.000
450400.000
412000.000
435600.000
439600.000
434400.000
441600.000
429200.000
421600.000
430400.000
387200.000
405200.000
455600.000
419200.000
433600.000
420000.000
424400.000
424400.000
410000.000
416800.000
441200.000
387600.000
410800.000
418400.000
416800.000
394800.000
391600.000
360800.000
383200.000
385200.000
395200.000
415200.000
415200.000
405200.000
442800.000
447200.000
463200.000
434800.000
413200.000
432400.000
406400.000
430400.000
413200.000
439600.000
442000.000
458400.000
442400.000
425600.000
481600.000
474800.000
500400.000
505200.000
500000.000
464800.000
492800.000
496000.000
534000.000
522000.000
503200.000
521200.000
539200.000
525600.000
490800.000
510800.000
520800.000
503600.000
476400.000
520000.000
508400.000
508400.000
440000.000
484800.000
454400.000
470800.000
442800.000
451600.000
431600.000
458400.000
466400.000
471600.000
483600.000
471600.000
487200.000
494800.000
467200.000
478000.000
480400.000
482000.000
477600.000
468800.000
452400.000
482800.000
452800.000
460800.000
467200.000
468000.000
462400.000
454400.000
496400.000
479600.000
493200.000
493600.000
485200.000
459200.000
458400.000
479200.000
456400.000
489600.000
460800.000
456000.000
454000.000
441600.000
480000.000
444800.000
428400.000
455200.000
440000.000
456000.000
448400.000
405600.000
423600.000
394000.000
399600.000
437600.000
427200.000
462400.000
446400.000
443200.000
427600.000
449200.000
425200.000
415200.000
433600.000
434000.000
438000.000
410800.000
416400.000
400800.000
411600.000
439600.000
427600.000
419200.000
420800.000
438800.000
407200.000
386400.000
373600.000
351200.000
289200.000
295600.000
294400.000
372400.000
384000.000
408800.000
444000.000
437600.000
430400.000
424800.000
450400.000
436000.000
442800.000
462400.000
450000.000
428800.000
455600.000
477200.000
464400.000
419200.000
439600.000
460400.000
459600.000
477600.000
434000.000
461200.000
455200.000
464800.000
463600.000
473600.000
452400.000
478400.000
480800.000
472800.000
461600.000
487600.000
462000.000
455600.000
448000.000
474800.000
450800.000
453600.000
448000.000
455600.000
477200.000
500400.000
478400.000
470000.000
498400.000
479200.000
452000.000
478800.000
475200.000
467600.000
458400.000
442400.000
440400.000
431600.000
448000.000
406000.000
455200.000
429200.000
437200.000
410800.000
410800.000
412800.000
450800.000
416400.000
441600.000
401200.000
424400.000
401600.000
432400.000
408000.000
436800.000
446000.000
425200.000
406800.000
388000.000
382800.000
385600.000
385600.000
432400.000
402800.000
407600.000
421600.000
414400.000
444400.000
422800.000
436800.000
435600.000
422400.000
429600.000
436800.000
437200.000
432800.000
426400.000
433600.000
457200.000
449600.000
464800.000
450800.000
475200.000
482800.000
496400.000
462400.000
465600.000
484000.000
523600.000
514800.000
510400.000
520400.000
511600.000
515200.000
515200.000
506000.000
466000.000
496400.000
488400.000
515200.000
521600.000
495600.000
502000.000
455600.000
420000.000
451600.000
420800.000
423200.000
422400.000
419600.000
442000.000
432000.000
435600.000
461600.000
470000.000
472000.000
460400.000
455600.000
486400.000
458800.000
480800.000
470400.000
483200.000
444400.000
436800.000
426800.000
396000.000
434000.000
423600.000
446000.000
415600.000
446400.000
473600.000
447600.000
483600.000
471200.000
469200.000
425200.000
472400.000
471200.000
459200.000
460000.000
442000.000
445600.000
454400.000
419600.000
470800.000
459200.000
433600.000
444000.000
441200.000
418800.000
434800.000
436800.000
434000.000
440000.000
426400.000
411200.000
436800.000
457200.000
455600.000
436800.000
450800.000
432800.000
457600.000
428400.000
421200.000
416400.000
424800.000
440400.000
436800.000
429600.000
434800.000
424800.000
442000.000
420400.000
450000.000
461600.000
392800.000
374000.000
340400.000
280000.000
277600.000
294400.000
344000.000
410000.000
408800.000
434000.000
415200.000
433600.000
464400.000
455200.000
456000.000
458400.000
435200.000
456800.000
429200.000
446800.000
454400.000
465200.000
452800.000
456000.000
475200.000
458000.000
448800.000
428800.000
436000.000
471600.000
491600.000
459600.000
483200.000
482800.000
475200.000
460400.000
489200.000
466000.000
478400.000
469200.000
446400.000
477200.000
474800.000
468400.000
465200.000
445200.000
487200.000
478800.000
489600.000
493200.000
469600.000
463200.000
493600.000
466000.000
468400.000
450000.000
456000.000
436400.000
461200.000
422400.000
432400.000
435600.000
411600.000
426000.000
430800.000
429600.000
435200.000
417200.000
414400.000
422000.000
418800.000
389600.000
420000.000
419200.000
414800.000
407200.000
400800.000
412400.000
427200.000
424000.000
421600.000
408000.000
409600.000
404000.000
391600.000
386400.000
406400.000
405200.000
410400.000
408400.000
400400.000
428400.000
438400.000
455200.000
442800.000
452400.000
442000.000
430800.000
415200.000
451600.000
445200.000
439200.000
442800.000
456400.000
456800.000
470000.000
504800.000
455200.000
488400.000
485600.000
483600.000
507200.000
504800.000
516000.000
491200.000
492800.000
511600.000
494800.000
494400.000
480800.000
500800.000
514800.000
470000.000
482400.000
476400.000
494000.000
445600.000
434800.000
436000.000
431200.000
428400.000
424000.000
437200.000
411600.000
425600.000
424400.000
430000.000
464000.000
447200.000
448400.000
461200.000
432000.000
479200.000
486400.000
490400.000
488800.000
452400.000
446000.000
456000.000
427200.000
422000.000
431200.000
422000.000
435600.000
417200.000
449200.000
480000.000
483600.000
464800.000
474800.000
456800.000
466400.000
467200.000
504400.000
450400.000
477600.000
451200.000
424800.000
450400.000
469600.000
468000.000
460800.000
450800.000
458800.000
447200.000
434800.000
467200.000
452400.000
450800.000
429200.000
433600.000
425200.000
434800.000
456400.000
419600.000
454800.000
465200.000
435200.000
445200.000
415200.000
398000.000
427200.000
406000.000
426400.000
404800.000
404000.000
433200.000
426400.000
455600.000
438000.000
438800.000
376000.000
358400.000
351600.000
314000.000
284000.000
290000.000
352800.000
369600.000
414000.000
445600.000
431200.000
433200.000
442400.000
426000.000
449600.000
475200.000
427600.000
485600.000
461600.000
440800.000
469200.000
446000.000
456800.000
456400.000
445600.000
459600.000
412000.000
424000.000
449200.000
437200.000
437200.000
438400.000
442000.000
450800.000
482400.000
470800.000
458800.000
478800.000
480800.000
479600.000
454400.000
459600.000
474400.000
451200.000
453200.000
465600.000
460800.000
472400.000
475600.000
490000.000
446000.000
441600.000
500400.000
449200.000
454800.000
468800.000
482800.000
464400.000
442000.000
459600.000
440000.000
433600.000
442400.000
432400.000
416400.000
427200.000
438800.000
413200.000
423600.000
418000.000
427600.000
383600.000
396800.000
403600.000
419200.000
388000.000
404000.000
410400.000
390800.000
392400.000
409600.000
398400.000
388800.000
380800.000
409600.000
393200.000
371200.000
398800.000
392400.000
383600.000
413200.000
398000.000
398400.000
424800.000
412400.000
436000.000
450800.000
412400.000
414000.000
432800.000
434400.000
418000.000
431600.000
456400.000
476400.000
480400.000
482400.000
445200.000
476400.000
458000.000
460400.000
500400.000
500800.000
482400.000
491200.000
468400.000
504800.000
484000.000
496800.000
484800.000
506800.000
508800.000
476000.000
482000.000
489600.000
506400.000
469600.000
442800.000
444400.000
434400.000
478000.000
450000.000
453600.000
435600.000
420400.000
444800.000
452400.000
432800.000
459200.000
450800.000
456400.000
450400.000
481600.000
502000.000
480400.000
465200.000
441200.000
459200.000
446800.000
425600.000
441200.000
437200.000
429600.000
436000.000
469200.000
449200.000
476400.000
480800.000
450000.000
454800.000
465600.000
470000.000
506400.000
496000.000
476800.000
474400.000
456800.000
446000.000
437600.000
433200.000
458800.000
435200.000
428400.000
450000.000
462800.000
456800.000
475600.000
513600.000
482400.000
464800.000
442400.000
407600.000
434400.000
435200.000
446000.000
460400.000
449600.000
439600.000
431200.000
452000.000
408400.000
429600.000
418000.000
455600.000
444800.000
443600.000
449600.000
444400.000
446800.000
461600.000
444000.000
385600.000
370400.000
362000.000
302000.000
278000.000
284800.000
365200.000
388400.000
392000.000
458000.000
448000.000
455600.000
445600.000
423600.000
444800.000
445600.000
488400.000
472800.000
490000.000
454400.000
472800.000
459600.000
465200.000
484400.000
444400.000
438800.000
426800.000
439600.000
444800.000
458400.000
464800.000
456800.000
487200.000
474000.000
468800.000
484000.000
453200.000
474800.000
471200.000
461200.000
484800.000
442800.000
440000.000
451200.000
455600.000
479200.000
488400.000
446800.000
454400.000
476000.000
459600.000
460000.000
456000.000
484800.000
452000.000
484400.000
477600.000
477200.000
459200.000
442000.000
440400.000
394000.000
423600.000
446400.000
422000.000
420800.000
444000.000
401200.000
409200.000
419600.000
414400.000
423600.000
410400.000
402400.000
399200.000
392400.000
406400.000
424400.000
394000.000
412800.000
398400.000
387600.000
380400.000
387200.000
415600.000
412000.000
400800.000
413200.000
404800.000
385200.000
413600.000
384400.000
416800.000
405600.000
395200.000
418800.000
424800.000
422800.000
414000.000
449200.000
434000.000
471600.000
452000.000
434000.000
464000.000
466800.000
457200.000
472800.000
433200.000
468000.000
467200.000
468400.000
477600.000
490400.000
490400.000
479200.000
501200.000
497600.000
536800.000
507600.000
528400.000
508800.000
524800.000
501200.000
496000.000
509600.000
434800.000
440000.000
446800.000
450800.000
462000.000
477200.000
468800.000
422800.000
446400.000
436400.000
446400.000
419200.000
425200.000
421600.000
417200.000
460400.000
470400.000
498400.000
480000.000
488000.000
464800.000
438800.000
430800.000
430000.000
441600.000
426800.000
428000.000
452000.000
451200.000
442400.000
461600.000
448000.000
476800.000
462800.000
472400.000
460800.000
488000.000
481600.000
516000.000
472000.000
465600.000
465200.000
454800.000
444800.000
444800.000
434400.000
443600.000
466400.000
438400.000
450400.000
488400.000
473200.000
482400.000
496800.000
458400.000
440800.000
441200.000
454400.000
454000.000
457200.000
435200.000
461600.000
432000.000
463600.000
438800.000
442800.000
441600.000
445600.000
436800.000
442000.000
456400.000
462000.000
471200.000
452400.000
450400.000
403600.000
394400.000
330400.000
298400.000
300800.000
292800.000
356800.000
362800.000
448000.000
428800.000
456400.000
458000.000
476800.000
464800.000
464400.000
446000.000
465600.000
530800.000
504800.000
512400.000
470400.000
452400.000
495200.000
470000.000
474000.000
442000.000
430000.000
440800.000
481200.000
452000.000
504400.000
489200.000
462400.000
479600.000
495600.000
480400.000
476400.000
484400.000
479600.000
462800.000
486400.000
466800.000
474000.000
450800.000
450800.000
475600.000
468400.000
472400.000
462000.000
492000.000
478000.000
466000.000
456000.000
453200.000
464000.000
472400.000
486800.000
467200.000
478800.000
464800.000
434000.000
464000.000
457600.000
444000.000
464000.000
436800.000
465200.000
440800.000
443600.000
410800.000
405600.000
422400.000
400800.000
422000.000
411200.000
396000.000
420000.000
415200.000
395200.000
407200.000
408800.000
368800.000
370800.000
362800.000
398800.000
398800.000
392000.000
383200.000
375200.000
405600.000
398000.000
405200.000
422800.000
396400.000
434000.000
435200.000
416000.000
433600.000
421200.000
408800.000
435200.000
422000.000
458000.000
454400.000
460400.000
444800.000
476000.000
455600.000
477200.000
443200.000
456400.000
478000.000
438000.000
480400.000
490000.000
470000.000
478400.000
504400.000
531600.000
509200.000
517600.000
549200.000
524000.000
504400.000
518400.000
516800.000
443600.000
415600.000
450400.000
474000.000
452800.000
454800.000
453600.000
460000.000
482400.000
433200.000
424800.000
434800.000
427200.000
423200.000
442000.000
447600.000
432400.000
478400.000
516400.000
480800.000
476400.000
470800.000
450000.000
453600.000
428800.000
481200.000
463200.000
445200.000
440800.000
445600.000
499200.000
477600.000
485200.000
496800.000
512000.000
480000.000
480000.000
508400.000
492400.000
490800.000
478800.000
457200.000
484000.000
430000.000
424800.000
447200.000
446800.000
427200.000
451600.000
460000.000
502400.000
507200.000
492000.000
492800.000
462400.000
494800.000
495200.000
446400.000
470000.000
474000.000
464000.000
442800.000
462400.000
415600.000
427200.000
426400.000
423600.000
450800.000
448000.000
450400.000
431200.000
438000.000
462000.000
428800.000
457200.000
379600.000
364400.000
341200.000
302800.000
278800.000
270800.000
342000.000
342400.000
398000.000
460400.000
450400.000
461600.000
446400.000
458800.000
471600.000
480800.000
470000.000
512400.000
508000.000
479200.000
470400.000
471600.000
476000.000
475600.000
471600.000
494800.000
439200.000
446800.000
458800.000
486800.000
448400.000
438400.000
466000.000
479600.000
473200.000
476000.000
466000.000
486800.000
497600.000
449600.000
450400.000
453600.000
430400.000
460400.000
473200.000
426800.000
443600.000
450400.000
432400.000
448000.000
462400.000
463200.000
444800.000
440000.000
438000.000
439600.000
438400.000
451200.000
466800.000
451200.000
436000.000
436800.000
454800.000
458000.000
460800.000
462000.000
479600.000
446000.000
422400.000
411200.000
407200.000
428800.000
430000.000
406800.000
382800.000
406000.000
434400.000
401600.000
404000.000
427200.000
426000.000
388000.000
382800.000
393200.000
409600.000
382800.000
391200.000
375200.000
383600.000
408400.000
386800.000
408400.000
401600.000
375200.000
411200.000
429200.000
421200.000
407200.000
419600.000
409200.000
430000.000
442400.000
417600.000
439200.000
440400.000
431200.000
458800.000
461200.000
476800.000
460000.000
470400.000
482800.000
452000.000
453200.000
464400.000
465600.000
489200.000
508000.000
508000.000
524800.000
524000.000
513600.000
489600.000
507200.000
503200.000
491600.000
402800.000
416800.000
448000.000
442800.000
468800.000
444400.000
446800.000
458800.000
458400.000
442800.000
434000.000
437200.000
419200.000
429600.000
405600.000
445600.000
474000.000
480000.000
496800.000
491200.000
466800.000
461200.000
472000.000
450400.000
458400.000
491600.000
484800.000
461200.000
483600.000
466000.000
475200.000
436000.000
477200.000
461600.000
471600.000
522400.000
473200.000
487600.000
474000.000
462000.000
447200.000
440800.000
448400.000
451600.000
435200.000
430400.000
462400.000
423600.000
453200.000
461600.000
513200.000
498000.000
495600.000
480400.000
496000.000
468000.000
471200.000
488800.000
466800.000
483200.000
447200.000
449200.000
464800.000
449600.000
488800.000
454000.000
461200.000
442400.000
443200.000
460000.000
436000.000
464000.000
444800.000
432800.000
410000.000
358400.000
338000.000
301200.000
298800.000
271200.000
306800.000
306400.000
380400.000
435600.000
426400.000
446800.000
444800.000
445200.000
478400.000
455600.000
490800.000
510800.000
512800.000
477600.000
484000.000
466800.000
484800.000
486000.000
470800.000
450800.000
458000.000
428400.000
470400.000
476800.000
477200.000
470800.000
479600.000
456400.000
446000.000
454400.000
460400.000
453200.000
443600.000
450800.000
429200.000
410400.000
460400.000
440800.000
441600.000
443200.000
443200.000
440400.000
430000.000
450000.000
449600.000
481600.000
460400.000
473200.000
442000.000
458400.000
445200.000
431200.000
457600.000
448400.000
476800.000
453600.000
450000.000
449600.000
457200.000
431200.000
426400.000
453200.000
438400.000
445600.000
425200.000
412800.000
411200.000
423600.000
386800.000
391600.000
396400.000
408400.000
396400.000
422400.000
402800.000
415600.000
398400.000
396400.000
379600.000
392800.000
391200.000
397200.000
382800.000
383600.000
393600.000
406400.000
382400.000
369600.000
367200.000
381200.000
400800.000
400000.000
405200.000
404000.000
406000.000
413200.000
435200.000
437200.000
424400.000
437200.000
440800.000
446800.000
445200.000
484000.000
444000.000
464400.000
421200.000
415600.000
443600.000
447600.000
453600.000
474000.000
469200.000
506800.000
484800.000
511200.000
514800.000
475200.000
485600.000
456400.000
460400.000
431600.000
380400.000
406000.000
394400.000
417600.000
432000.000
429600.000
424400.000
446800.000
434800.000
456800.000
448400.000
419600.000
430800.000
436000.000
423200.000
468800.000
450400.000
481600.000
467600.000
453600.000
472800.000
464800.000
456400.000
473600.000
457600.000
462800.000
465600.000
474400.000
469200.000
457200.000
472800.000
478800.000
443600.000
468400.000
480400.000
468400.000
460000.000
469200.000
453200.000
437200.000
439600.000
450800.000
449600.000
449200.000
441200.000
440400.000
461200.000
470800.000
486400.000
485600.000
505200.000
471600.000
502000.000
489200.000
482400.000
475200.000
453200.000
457200.000
468000.000
466800.000
453200.000
454800.000
446400.000
478000.000
474400.000
490000.000
482400.000
477600.000
460000.000
457200.000
459600.000
473200.000
452000.000
400800.000
355600.000
348800.000
300400.000
284400.000
264400.000
291600.000
310800.000
355200.000
404400.000
446400.000
471200.000
459600.000
475600.000
456000.000
438800.000
465600.000
484800.000
512400.000
467600.000
497600.000
471600.000
453600.000
478000.000
456000.000
458400.000
480000.000
491200.000
447600.000
477600.000
478800.000
442800.000
447600.000
441200.000
468800.000
460000.000
450000.000
434800.000
450800.000
403600.000
408000.000
432800.000
424400.000
456800.000
452400.000
415600.000
479200.000
440800.000
436000.000
466400.000
464400.000
468400.000
480000.000
491200.000
454000.000
442000.000
441600.000
430000.000
437600.000
459600.000
456000.000
461200.000
451600.000
439600.000
456800.000
478800.000
453200.000
447200.000
423200.000
426000.000
410000.000
407200.000
414400.000
404000.000
408400.000
420000.000
386800.000
412400.000
414800.000
414800.000
403600.000
402400.000
376000.000
384400.000
383200.000
406000.000
394800.000
386000.000
410400.000
386000.000
408000.000
421200.000
389600.000
369600.000
402400.000
399600.000
402000.000
402000.000
411600.000
412000.000
398400.000
411600.000
438800.000
436800.000
425600.000
429600.000
439200.000
453600.000
462400.000
469200.000
439600.000
448400.000
447200.000
425600.000
425600.000
441200.000
442400.000
474400.000
465200.000
442400.000
499200.000
497600.000
510400.000
483200.000
485600.000
474400.000
484000.000
420000.000
412800.000
416000.000
410400.000
425600.000
409200.000
416000.000
426800.000
433600.000
438400.000
424000.000
432400.000
430400.000
381200.000
412400.000
433600.000
432800.000
450800.000
439600.000
443600.000
450800.000
486800.000
466400.000
471600.000
458800.000
452800.000
447200.000
448400.000
465600.000
482800.000
448800.000
444000.000
458800.000
489600.000
445600.000
450800.000
457600.000
478000.000
454800.000
475600.000
454000.000
436800.000
464000.000
444000.000
446800.000
423600.000
462800.000
456400.000
468400.000
483200.000
491600.000
481600.000
491600.000
476800.000
489600.000
460000.000
453600.000
457600.000
441200.000
467200.000
450800.000
456800.000
493200.000
461600.000
464000.000
476800.000
464000.000
446000.000
453200.000
459200.000
465600.000
473600.000
478400.000
438800.000
377600.000
370400.000
310400.000
310000.000
288800.000
274400.000
306400.000
300000.000
373200.000
391600.000
412400.000
444400.000
422000.000
468000.000
466800.000
459200.000
450000.000
446000.000
484000.000
476800.000
475200.000
455200.000
466400.000
460000.000
447600.000
461200.000
460000.000
486400.000
472000.000
458400.000
441200.000
471600.000
442400.000
473200.000
475200.000
456800.000
460800.000
451200.000
433600.000
414000.000
406000.000
423600.000
445600.000
441600.000
426400.000
419200.000
418800.000
447600.000
451200.000
472800.000
504800.000
474800.000
460800.000
446800.000
450800.000
443600.000
451200.000
435200.000
448400.000
452800.000
470000.000
430800.000
419600.000
441200.000
467200.000
438800.000
462800.000
457600.000
427200.000
459600.000
399200.000
426400.000
430800.000
392000.000
414400.000
408400.000
428000.000
418800.000
421600.000
410800.000
391600.000
426000.000
402800.000
385600.000
404800.000
371600.000
396000.000
413600.000
406400.000
402400.000
432000.000
389600.000
406800.000
372400.000
385600.000
373200.000
361200.000
356800.000
370000.000
394000.000
397200.000
393200.000
429200.000
412400.000
418800.000
426800.000
445200.000
438400.000
453600.000
469600.000
437600.000
422000.000
418800.000
410400.000
426400.000
414800.000
429200.000
475200.000
449200.000
437200.000
464800.000
472400.000
486000.000
480400.000
502000.000
468400.000
463600.000
425600.000
405600.000
418400.000
418400.000
420000.000
412000.000
434800.000
410000.000
437600.000
423200.000
403200.000
407600.000
418400.000
405600.000
416400.000
432800.000
412800.000
432000.000
428800.000
470800.000
454000.000
464400.000
447600.000
466800.000
432400.000
434000.000
439600.000
429200.000
455200.000
438800.000
459200.000
461600.000
478400.000
469600.000
439200.000
472000.000
459200.000
487600.000
454400.000
482000.000
426800.000
441600.000
456400.000
445600.000
436400.000
485600.000
472000.000
463600.000
445600.000
461600.000
506000.000
496800.000
488800.000
502400.000
478800.000
485200.000
461600.000
481600.000
482800.000
475600.000
472800.000
507600.000
498800.000
483200.000
456000.000
491200.000
477200.000
484800.000
460400.000
461600.000
478800.000
485600.000
448800.000
442800.000
404400.000
367600.000
361600.000
322000.000
286800.000
298000.000
277600.000
332800.000
390800.000
364400.000
434800.000
442000.000
426800.000
436400.000
436000.000
440400.000
454000.000
480400.000
468400.000
468800.000
461200.000
476800.000
450000.000
457600.000
466400.000
453200.000
463600.000
459600.000
456000.000
453600.000
437600.000
443200.000
492800.000
432000.000
468000.000
471600.000
422800.000
469600.000
436800.000
428400.000
400000.000
407200.000
428400.000
422400.000
434800.000
448400.000
410000.000
426400.000
462000.000
456000.000
471200.000
446800.000
465600.000
434800.000
431600.000
450000.000
433200.000
422800.000
462000.000
406800.000
452400.000
422800.000
448400.000
458000.000
465200.000
442800.000
446400.000
463200.000
410400.000
414800.000
428000.000
415600.000
416400.000
414400.000
402800.000
422400.000
422400.000
422000.000
423600.000
392800.000
402000.000
407600.000
399200.000
394000.000
384400.000
386000.000
376800.000
375200.000
393200.000
404800.000
396800.000
406800.000
396000.000
404400.000
405200.000
396800.000
404400.000
388800.000
392000.000
380800.000
382400.000
393200.000
373600.000
418000.000
420400.000
417200.000
412400.000
434400.000
446400.000
436800.000
442000.000
411200.000
428400.000
431600.000
421600.000
429600.000
440400.000
437600.000
434000.000
426800.000
470000.000
460400.000
484000.000
465200.000
470800.000
478000.000
444800.000
417200.000
432800.000
402800.000
419600.000
408800.000
416400.000
418400.000
418000.000
406400.000
415200.000
408800.000
394400.000
410800.000
384000.000
387600.000
420800.000
422000.000
448400.000
416800.000
451600.000
440000.000
452000.000
436400.000
415200.000
437600.000
451600.000
432800.000
440800.000
427600.000
427600.000
420800.000
466400.000
460400.000
461600.000
458000.000
444000.000
460400.000
449600.000
437200.000
490000.000
457600.000
458400.000
462400.000
484000.000
450800.000
483200.000
457600.000
457600.000
491200.000
477600.000
533600.000
511200.000
493200.000
486400.000
472000.000
462800.000
492000.000
540800.000
488400.000
520400.000
496000.000
486800.000
489600.000
466400.000
455200.000
490800.000
498800.000
466400.000
463600.000
456800.000
466400.000
492400.000
481200.000
424800.000
409200.000
397600.000
348400.000
322800.000
317600.000
308400.000
300800.000
331200.000
387600.000
418800.000
435200.000
438400.000
396800.000
455600.000
422400.000
434400.000
455200.000
459200.000
459600.000
471600.000
462400.000
482400.000
485600.000
471200.000
460800.000
470400.000
456400.000
462000.000
433200.000
435600.000
434800.000
425200.000
455200.000
445600.000
456400.000
442000.000
466000.000
446800.000
448800.000
429200.000
458800.000
424800.000
424400.000
418000.000
467600.000
467200.000
453600.000
441200.000
428000.000
458400.000
461600.000
480800.000
438400.000
440800.000
442800.000
446400.000
423600.000
421200.000
453200.000
422000.000
419200.000
431200.000
422000.000
428800.000
460400.000
453600.000
473600.000
427200.000
426000.000
434000.000
428000.000
412000.000
416400.000
421600.000
422400.000
441200.000
454400.000
434400.000
397600.000
409600.000
400800.000
395600.000
397200.000
422400.000
373200.000
376400.000
416800.000
366400.000
399200.000
392800.000
398400.000
388400.000
396400.000
414000.000
386800.000
392400.000
374400.000
381600.000
397200.000
371600.000
397200.000
391200.000
408800.000
384400.000
410800.000
430400.000
448800.000
435600.000
449600.000
447200.000
468800.000
428800.000
421200.000
439200.000
437200.000
450800.000
424400.000
424000.000
446000.000
456800.000
472400.000
438000.000
462400.000
442400.000
457600.000
447200.000
450000.000
424400.000
402800.000
421600.000
421600.000
426800.000
412000.000
390400.000
397200.000
407200.000
398000.000
404000.000
390000.000
417200.000
408000.000
417200.000
398400.000
441200.000
442000.000
427600.000
450000.000
410000.000
418000.000
434800.000
410400.000
452400.000
414800.000
434400.000
442800.000
406400.000
416000.000
425200.000
400400.000
448800.000
458000.000
468800.000
468800.000
461200.000
436800.000
463200.000
467600.000
481200.000
489200.000
485600.000
464000.000
483600.000
466000.000
461600.000
519600.000
471200.000
461600.000
481200.000
473200.000
512400.000
490800.000
476800.000
496400.000
500800.000
477600.000
502000.000
502000.000
481200.000
465600.000
461200.000
456400.000
446800.000
459600.000
475600.000
493200.000
456000.000
480800.000
448800.000
468800.000
496800.000
438000.000
402400.000
367200.000
344800.000
311200.000
296400.000
267600.000
337600.000
366000.000
377600.000
435200.000
460000.000
428400.000
422000.000
439600.000
431200.000
434400.000
439600.000
453600.000
461600.000
460000.000
436800.000
461200.000
436400.000
453200.000
452800.000
438800.000
442400.000
460400.000
456400.000
435200.000
449600.000
412000.000
442800.000
442400.000
466800.000
451200.000
463600.000
426000.000
430400.000
416800.000
388800.000
420800.000
390000.000
434000.000
469600.000
442000.000
471600.000
476800.000
456800.000
450400.000
459600.000
463200.000
472400.000
442400.000
462400.000
408400.000
467200.000
433200.000
451200.000
422000.000
401600.000
407600.000
409600.000
403200.000
430000.000
446000.000
442400.000
430800.000
455600.000
427200.000
404400.000
436800.000
396800.000
426000.000
432400.000
428800.000
410400.000
425200.000
399600.000
404800.000
396400.000
406800.000
408400.000
374000.000
385200.000
379600.000
366000.000
401600.000
384800.000
386400.000
384000.000
391200.000
414400.000
402400.000
398800.000
408800.000
412800.000
400800.000
391200.000
383600.000
390800.000
408400.000
402400.000
415200.000
422000.000
426400.000
422400.000
451600.000
425600.000
444000.000
429600.000
436800.000
433200.000
444400.000
438800.000
440400.000
433600.000
442800.000
436000.000
455200.000
446400.000
461600.000
452800.000
462400.000
470400.000
472400.000
400000.000

Notes: 
Time: 2025-07-29_12-10-26