VxRange in distance [um]: [-0.864336 27.107692] NVx:201 bFixVx:0 FixVx:0.093820
VyRange in distance [um]: [-23.629371 4.342657] NVy:201 bFixVy:0 FixVy:-0.068950
VzRange: [90.000000 110.000000] NVz:51 bFixVz:1 FixVz:100.800000
DTRange: [0.001000 0.003000] NDT:10 bFixVDT:1 FixVDT:0.005000
Size: [201 201]
7200.000
10400.000
8800.000
6200.000
6200.000
8400.000
5800.000
13800.000
6600.000
6800.000
11000.000
13000.000
12600.000
11400.000
12200.000
15200.000
11600.000
12200.000
14000.000
12000.000
12000.000
12600.000
9400.000
12600.000
12600.000
13600.000
15200.000
14200.000
12800.000
12800.000
13600.000
11200.000
13400.000
12000.000
10400.000
12600.000
10800.000
8000.000
11000.000
10000.000
8200.000
9400.000
10800.000
9600.000
7000.000
9800.000
13000.000
10400.000
11600.000
10600.000
9200.000
11800.000
12600.000
8400.000
12000.000
9000.000
10000.000
9000.000
9600.000
10600.000
7800.000
7600.000
12000.000
8600.000
11000.000
11200.000
10200.000
8200.000
7200.000
10400.000
9200.000
7400.000
8000.000
6600.000
7800.000
9400.000
8600.000
8600.000
10200.000
10000.000
8200.000
8200.000
7600.000
8800.000
9200.000
6600.000
7000.000
9200.000
6600.000
10400.000
5800.000
9000.000
7200.000
5800.000
5000.000
5600.000
5200.000
5400.000
6600.000
3800.000
4200.000
4800.000
5400.000
5000.000
6000.000
3800.000
4400.000
6400.000
3800.000
6400.000
5000.000
4600.000
5400.000
5800.000
5400.000
6400.000
6200.000
6600.000
5000.000
5400.000
7600.000
5000.000
4800.000
6200.000
4800.000
4200.000
7200.000
6600.000
5400.000
5000.000
6400.000
5800.000
6200.000
4000.000
5000.000
3600.000
3200.000
5400.000
4200.000
4400.000
4000.000
6000.000
2800.000
3400.000
3400.000
2800.000
4200.000
3000.000
4200.000
3000.000
5400.000
2800.000
3200.000
3800.000
4200.000
4600.000
4800.000
2000.000
5000.000
4800.000
3800.000
4400.000
4600.000
5000.000
4200.000
4000.000
4200.000
3400.000
3200.000
2400.000
3200.000
5800.000
3200.000
4200.000
4000.000
3000.000
3200.000
5400.000
1800.000
3400.000
3200.000
2400.000
3600.000
5400.000
3000.000
3800.000
2800.000
3000.000
3200.000
3600.000
2400.000
6200.000
4000.000
2800.000
3400.000
4200.000
3200.000
5400.000
4200.000
4000.000
2600.000
10400.000
9000.000
6200.000
7600.000
7400.000
9400.000
8800.000
10800.000
11400.000
10800.000
8200.000
8400.000
12800.000
13000.000
11600.000
9800.000
10400.000
10400.000
12600.000
9200.000
9800.000
11400.000
14800.000
11400.000
12400.000
11000.000
10800.000
9000.000
8400.000
11400.000
11800.000
13000.000
12400.000
12800.000
10200.000
12800.000
8600.000
10600.000
11000.000
9000.000
7200.000
12400.000
8200.000
7600.000
9600.000
13800.000
13200.000
8400.000
12800.000
8200.000
9800.000
10000.000
11000.000
12200.000
12800.000
11400.000
9600.000
8200.000
10800.000
8800.000
8400.000
9400.000
10400.000
9400.000
9600.000
9200.000
11800.000
9800.000
11200.000
12400.000
10000.000
13600.000
10600.000
10000.000
8600.000
8800.000
8400.000
11000.000
7200.000
8000.000
7400.000
12000.000
8400.000
9200.000
10200.000
9000.000
8800.000
6200.000
6800.000
8200.000
8200.000
9000.000
5800.000
5200.000
4600.000
8000.000
5800.000
5800.000
6600.000
4400.000
5200.000
5000.000
4200.000
5600.000
5600.000
5800.000
3800.000
6800.000
5200.000
5800.000
6000.000
5600.000
4400.000
7400.000
6400.000
7000.000
4600.000
5600.000
6000.000
6600.000
6000.000
6200.000
7600.000
4600.000
6800.000
6200.000
5200.000
4800.000
5600.000
6200.000
7000.000
7400.000
5600.000
4800.000
5400.000
5400.000
4400.000
3000.000
5400.000
4200.000
3800.000
4800.000
4800.000
4800.000
4200.000
4000.000
4600.000
3800.000
6000.000
5200.000
5800.000
5200.000
5200.000
3600.000
5400.000
4800.000
3200.000
4600.000
4400.000
3400.000
2800.000
5200.000
2800.000
4200.000
4400.000
2800.000
3200.000
3000.000
4200.000
4400.000
3400.000
2200.000
2800.000
4800.000
4200.000
2800.000
4600.000
3200.000
4000.000
3000.000
3400.000
2200.000
2800.000
3400.000
4800.000
4800.000
3400.000
5600.000
3800.000
3600.000
3200.000
3200.000
3400.000
2400.000
3000.000
4000.000
3600.000
4400.000
3000.000
4200.000
2800.000
8400.000
9200.000
8000.000
8000.000
6200.000
8000.000
9800.000
6400.000
7800.000
10400.000
13200.000
9000.000
15600.000
11200.000
10000.000
13400.000
17000.000
13800.000
13800.000
11800.000
12800.000
11200.000
9800.000
8600.000
12800.000
11600.000
11400.000
11800.000
14800.000
8000.000
10600.000
13000.000
12600.000
12200.000
12400.000
13000.000
13000.000
10800.000
13000.000
14400.000
11200.000
11800.000
11000.000
11800.000
11000.000
11000.000
11400.000
12400.000
12400.000
13200.000
12600.000
12400.000
12200.000
12600.000
12200.000
11000.000
9200.000
11400.000
12200.000
9600.000
14600.000
9000.000
11800.000
13000.000
10600.000
11600.000
9400.000
11400.000
11800.000
13000.000
10600.000
9800.000
11600.000
9600.000
11400.000
8400.000
9400.000
11000.000
11000.000
10000.000
8600.000
10000.000
10600.000
7000.000
9800.000
9200.000
8800.000
8200.000
7400.000
8200.000
9800.000
8400.000
6400.000
9800.000
9200.000
8200.000
4400.000
7400.000
6400.000
6400.000
8000.000
6800.000
6600.000
5800.000
5400.000
6600.000
5400.000
6400.000
5200.000
6400.000
4400.000
5000.000
6400.000
6000.000
8000.000
7600.000
5800.000
7400.000
7200.000
6800.000
4800.000
6000.000
6600.000
6400.000
7400.000
4400.000
7400.000
6000.000
5400.000
5000.000
4400.000
5600.000
7400.000
6800.000
5400.000
5400.000
5000.000
5800.000
3200.000
4200.000
4400.000
3400.000
5000.000
3400.000
4200.000
4400.000
4200.000
4200.000
4600.000
3800.000
3600.000
4400.000
3600.000
3400.000
6600.000
4400.000
3400.000
5800.000
4600.000
4200.000
3400.000
2600.000
4400.000
3200.000
4200.000
3000.000
4000.000
4400.000
5200.000
3600.000
3600.000
4400.000
2600.000
2400.000
3600.000
4400.000
2400.000
4800.000
5200.000
3000.000
4600.000
4400.000
3600.000
4400.000
4600.000
3200.000
2600.000
4800.000
3000.000
3000.000
3200.000
3600.000
5200.000
3000.000
3600.000
2800.000
3200.000
3000.000
3400.000
3400.000
4200.000
7200.000
10400.000
9200.000
7600.000
10200.000
8400.000
7800.000
9400.000
10800.000
9600.000
10000.000
11800.000
11000.000
9200.000
13800.000
11400.000
12200.000
14000.000
15200.000
14200.000
8400.000
15400.000
11000.000
11000.000
11200.000
11000.000
13400.000
11000.000
11400.000
13200.000
12800.000
12600.000
14200.000
10200.000
11000.000
11000.000
10800.000
13600.000
14200.000
13000.000
13800.000
13400.000
12600.000
9800.000
11800.000
13200.000
13800.000
13000.000
9200.000
13800.000
12200.000
13200.000
10400.000
11800.000
12600.000
12200.000
9600.000
13800.000
9800.000
10400.000
13600.000
12200.000
11400.000
11000.000
11000.000
12200.000
10600.000
11200.000
11200.000
12800.000
9000.000
12000.000
9200.000
9400.000
11800.000
10800.000
12000.000
10400.000
9200.000
10400.000
11400.000
9400.000
8400.000
9000.000
7800.000
9200.000
10000.000
8200.000
10600.000
7400.000
10800.000
7000.000
9200.000
6000.000
9600.000
8600.000
7800.000
9600.000
7600.000
6600.000
5600.000
6000.000
6000.000
5000.000
4600.000
5600.000
5600.000
5400.000
5600.000
4800.000
7600.000
5200.000
7600.000
5200.000
6800.000
6400.000
6000.000
7800.000
5000.000
6600.000
5200.000
9400.000
5600.000
6000.000
4000.000
4800.000
4600.000
5400.000
7000.000
5000.000
4200.000
5800.000
5400.000
4200.000
7200.000
4200.000
3200.000
2800.000
4000.000
4000.000
4600.000
4000.000
4200.000
6400.000
3200.000
3800.000
4600.000
3400.000
4800.000
5600.000
3400.000
5200.000
4400.000
3000.000
4800.000
3600.000
4000.000
5000.000
4600.000
3400.000
3600.000
4200.000
4000.000
3800.000
3000.000
3400.000
4800.000
2800.000
3000.000
2400.000
3800.000
4800.000
3200.000
4200.000
3200.000
3000.000
4400.000
4200.000
3000.000
3800.000
1400.000
3600.000
2600.000
3200.000
4400.000
3000.000
3800.000
3600.000
3600.000
4800.000
4000.000
3800.000
4000.000
3000.000
4200.000
3400.000
3200.000
3200.000
2400.000
4200.000
3400.000
10800.000
11200.000
9200.000
9200.000
8400.000
9600.000
9200.000
10200.000
10400.000
13000.000
14000.000
11200.000
14600.000
12000.000
10200.000
12800.000
12000.000
11800.000
11600.000
11200.000
15200.000
12400.000
11600.000
12200.000
11800.000
11600.000
17000.000
11800.000
12400.000
14200.000
16600.000
12400.000
12400.000
12600.000
11400.000
13800.000
11800.000
14400.000
12400.000
12600.000
14000.000
9400.000
10000.000
10400.000
11800.000
14800.000
14200.000
10800.000
11600.000
14000.000
12600.000
10000.000
10600.000
8800.000
14200.000
11400.000
12200.000
10400.000
11400.000
14600.000
13000.000
12200.000
11600.000
11000.000
10200.000
10800.000
12200.000
9400.000
10000.000
10800.000
12200.000
12600.000
12400.000
12400.000
9800.000
11400.000
7800.000
10600.000
11200.000
9800.000
10200.000
9200.000
11800.000
10000.000
8600.000
9200.000
9200.000
8600.000
8800.000
7800.000
6000.000
9000.000
8800.000
7400.000
5200.000
7800.000
7200.000
8600.000
5400.000
6600.000
4800.000
7200.000
7200.000
7000.000
6400.000
8800.000
6200.000
6600.000
6400.000
5600.000
5600.000
6600.000
5600.000
3800.000
7200.000
7200.000
6000.000
6000.000
7200.000
9600.000
7400.000
6200.000
7200.000
6600.000
5400.000
5400.000
4600.000
6400.000
4400.000
6200.000
5200.000
6600.000
6400.000
4400.000
6400.000
5200.000
3200.000
4200.000
7800.000
6600.000
6200.000
4400.000
5600.000
3200.000
6000.000
4800.000
3400.000
5400.000
4800.000
4600.000
3800.000
3000.000
5400.000
3600.000
3800.000
3600.000
4200.000
3000.000
4000.000
4200.000
2800.000
4200.000
4400.000
3200.000
3800.000
3000.000
3600.000
5200.000
3600.000
3600.000
2000.000
2400.000
4200.000
4400.000
3000.000
2800.000
4200.000
1800.000
4800.000
3800.000
4400.000
4000.000
3000.000
3800.000
4400.000
4200.000
4000.000
2000.000
3200.000
3000.000
2600.000
2600.000
4000.000
3600.000
2600.000
4000.000
2400.000
4600.000
1800.000
3400.000
3600.000
13200.000
9600.000
9600.000
7600.000
9400.000
8000.000
8200.000
9200.000
9800.000
9600.000
12400.000
13400.000
13200.000
12400.000
13400.000
13400.000
12200.000
10000.000
11600.000
11000.000
9400.000
14200.000
14400.000
10000.000
12600.000
14000.000
13800.000
13000.000
11000.000
12600.000
15600.000
12400.000
9800.000
7600.000
12000.000
11200.000
14800.000
14200.000
13600.000
13200.000
10600.000
9800.000
11800.000
16600.000
13200.000
8800.000
14200.000
10000.000
12200.000
10800.000
13000.000
11800.000
14000.000
13200.000
14600.000
15000.000
9200.000
14400.000
11200.000
10600.000
11600.000
11600.000
11200.000
13800.000
10000.000
12800.000
13600.000
11800.000
10000.000
11600.000
11000.000
9200.000
12400.000
10200.000
12000.000
9600.000
12400.000
10600.000
10400.000
9600.000
10200.000
10200.000
8000.000
12000.000
9600.000
11000.000
8200.000
8200.000
7800.000
8000.000
9000.000
7600.000
6000.000
7800.000
7400.000
6400.000
8800.000
7800.000
5200.000
7000.000
6400.000
7800.000
5200.000
8000.000
6600.000
6800.000
6400.000
8400.000
4400.000
9000.000
8800.000
7400.000
8000.000
9400.000
7000.000
4600.000
7600.000
6400.000
7400.000
8600.000
6400.000
7200.000
5000.000
5400.000
7600.000
5000.000
7000.000
5200.000
3800.000
4800.000
5800.000
5400.000
5400.000
4000.000
4400.000
3800.000
4400.000
3400.000
5000.000
4600.000
3000.000
5600.000
4000.000
3200.000
5800.000
4400.000
4000.000
4800.000
4400.000
3800.000
4400.000
3000.000
4000.000
5200.000
2800.000
4400.000
4600.000
3000.000
2800.000
4800.000
3200.000
3600.000
4200.000
2800.000
4000.000
3600.000
4000.000
2600.000
2600.000
3400.000
4400.000
3000.000
3000.000
3400.000
3200.000
3000.000
3400.000
3200.000
3400.000
1800.000
2800.000
800.000
3000.000
3600.000
3600.000
4200.000
4600.000
2400.000
2400.000
4800.000
4000.000
3600.000
3200.000
2400.000
3200.000
2600.000
4200.000
4600.000
3400.000
3000.000
3400.000
10200.000
10800.000
10600.000
8400.000
11000.000
8200.000
11200.000
12000.000
11200.000
10800.000
10800.000
12200.000
12400.000
11200.000
11800.000
13600.000
11200.000
12800.000
11200.000
12600.000
15400.000
10600.000
10800.000
13400.000
12400.000
10200.000
10600.000
13400.000
11200.000
11600.000
16200.000
14000.000
11600.000
13200.000
11200.000
9400.000
10600.000
13000.000
12600.000
14800.000
13400.000
12200.000
11200.000
13800.000
14200.000
12200.000
12000.000
11000.000
12400.000
13800.000
14400.000
12800.000
11400.000
13800.000
13000.000
9200.000
12200.000
8000.000
14200.000
11600.000
10200.000
8200.000
12400.000
13600.000
11800.000
8200.000
11000.000
12800.000
10800.000
11400.000
12600.000
12200.000
13600.000
11800.000
11400.000
12800.000
11600.000
10600.000
11400.000
10600.000
9400.000
9600.000
8800.000
10400.000
10000.000
10200.000
10600.000
8000.000
9600.000
10800.000
5800.000
12600.000
7600.000
8400.000
7800.000
6600.000
7600.000
8600.000
4000.000
6800.000
6000.000
7800.000
7600.000
6800.000
6400.000
8000.000
6800.000
6600.000
7200.000
8400.000
8600.000
4800.000
8600.000
6400.000
7400.000
7400.000
6800.000
4800.000
8200.000
4400.000
4600.000
6000.000
7400.000
6200.000
4600.000
5200.000
6400.000
7400.000
4800.000
5200.000
4800.000
6000.000
5800.000
5000.000
4000.000
4000.000
4000.000
4400.000
4200.000
3800.000
3800.000
3200.000
3400.000
4600.000
4400.000
4200.000
3800.000
3000.000
3800.000
4600.000
5000.000
4600.000
2800.000
4200.000
4200.000
5200.000
3000.000
5000.000
4200.000
4200.000
3800.000
2800.000
5600.000
3000.000
4800.000
3400.000
3000.000
3200.000
3800.000
3600.000
3600.000
3000.000
2800.000
3000.000
2800.000
4000.000
3000.000
4800.000
4600.000
3800.000
2600.000
4200.000
3200.000
3200.000
3200.000
3600.000
2000.000
2200.000
4600.000
3800.000
2800.000
2000.000
1600.000
3600.000
4400.000
3400.000
1800.000
4200.000
3600.000
2800.000
2200.000
11000.000
9400.000
9200.000
7600.000
11400.000
8000.000
13200.000
9800.000
13000.000
11400.000
14400.000
13000.000
13000.000
12200.000
11200.000
10400.000
14200.000
15200.000
11600.000
12600.000
12800.000
13400.000
9600.000
11600.000
12800.000
11600.000
11400.000
12600.000
14000.000
15000.000
10400.000
11600.000
10000.000
11800.000
14600.000
12600.000
15400.000
11600.000
11200.000
12800.000
12600.000
9800.000
16000.000
11800.000
14600.000
14000.000
17000.000
18000.000
12600.000
13200.000
8800.000
14400.000
11800.000
11000.000
12200.000
14400.000
11000.000
12400.000
13400.000
13400.000
13000.000
13800.000
13800.000
12600.000
10800.000
12000.000
12800.000
10600.000
10000.000
11200.000
9000.000
10600.000
9400.000
12600.000
11000.000
9000.000
8600.000
11800.000
9600.000
12400.000
11600.000
11400.000
12200.000
9600.000
8800.000
10600.000
8000.000
9200.000
9600.000
9200.000
9400.000
10000.000
11600.000
8200.000
8800.000
7200.000
7600.000
6800.000
8600.000
5600.000
7000.000
7400.000
8000.000
9400.000
8000.000
8800.000
8000.000
7000.000
7800.000
9800.000
7400.000
6600.000
8000.000
7200.000
6400.000
6200.000
6800.000
4200.000
6800.000
6800.000
5800.000
6400.000
4200.000
5200.000
6200.000
6400.000
7800.000
4800.000
6600.000
5600.000
6600.000
5400.000
4000.000
4200.000
4200.000
2800.000
4600.000
4200.000
3400.000
3600.000
3800.000
3800.000
5200.000
6800.000
4200.000
3600.000
5200.000
3400.000
4200.000
3400.000
4800.000
3200.000
5600.000
3400.000
4000.000
3000.000
5000.000
4200.000
3200.000
3000.000
3200.000
3800.000
4000.000
4400.000
2600.000
4400.000
2800.000
1600.000
2000.000
3400.000
4400.000
2000.000
3800.000
2000.000
3000.000
2800.000
3400.000
4600.000
2600.000
4600.000
4000.000
3400.000
3600.000
2200.000
2200.000
2600.000
3800.000
3400.000
2000.000
3200.000
2600.000
2200.000
2000.000
3200.000
3400.000
3600.000
2600.000
4200.000
2800.000
3600.000
5000.000
13000.000
11800.000
11400.000
9800.000
12000.000
11600.000
11000.000
10200.000
10200.000
9400.000
12000.000
11200.000
13000.000
12200.000
10800.000
11400.000
14600.000
12400.000
12400.000
14200.000
11800.000
12200.000
12000.000
12800.000
13000.000
10400.000
11400.000
15600.000
11800.000
15600.000
11200.000
13200.000
10200.000
12600.000
11600.000
11000.000
14400.000
12400.000
13200.000
13800.000
12800.000
12600.000
12800.000
15200.000
13200.000
13800.000
11600.000
12000.000
10600.000
14200.000
14400.000
11800.000
10600.000
14400.000
16000.000
11000.000
10600.000
13600.000
13400.000
12400.000
12400.000
12200.000
14800.000
13600.000
11400.000
13800.000
11400.000
12600.000
11200.000
12000.000
12800.000
11200.000
12000.000
12400.000
8200.000
13800.000
9400.000
11600.000
12400.000
8200.000
10600.000
9800.000
11000.000
8800.000
11400.000
10200.000
8600.000
11000.000
8800.000
9400.000
5600.000
10800.000
10600.000
10000.000
8400.000
8400.000
7800.000
7000.000
6400.000
7200.000
7200.000
10800.000
7000.000
7400.000
7600.000
7400.000
7200.000
7400.000
9200.000
7600.000
8200.000
7600.000
5200.000
8200.000
9000.000
4600.000
7800.000
5400.000
7000.000
4600.000
4600.000
4400.000
6600.000
5400.000
6800.000
4800.000
7000.000
5800.000
5000.000
4600.000
6000.000
5400.000
5000.000
4000.000
6200.000
2600.000
7000.000
3400.000
3400.000
3600.000
4200.000
3200.000
3000.000
4600.000
4000.000
5800.000
4400.000
3200.000
4400.000
4200.000
3400.000
3400.000
5800.000
3000.000
5000.000
3000.000
3600.000
4600.000
4000.000
5200.000
3800.000
4200.000
5000.000
3600.000
3000.000
4600.000
3400.000
4800.000
4800.000
3000.000
4200.000
4800.000
4400.000
3000.000
2400.000
2800.000
3400.000
3200.000
3200.000
3200.000
1800.000
3800.000
3600.000
4400.000
3200.000
2400.000
4000.000
3400.000
2000.000
3800.000
3200.000
2800.000
3400.000
3800.000
3200.000
2000.000
3200.000
3200.000
3600.000
3000.000
4400.000
11000.000
11200.000
9200.000
13600.000
10400.000
12000.000
13600.000
12400.000
13000.000
12000.000
10800.000
17200.000
13000.000
12400.000
10800.000
12800.000
11200.000
11200.000
13000.000
12200.000
13000.000
11800.000
11000.000
14800.000
13000.000
14200.000
14600.000
16600.000
13400.000
12800.000
12000.000
14200.000
13800.000
10600.000
14200.000
13000.000
15200.000
13800.000
16000.000
15600.000
18800.000
14800.000
13400.000
13000.000
11400.000
13400.000
13200.000
15400.000
14000.000
13000.000
15600.000
12400.000
11600.000
10400.000
12400.000
12800.000
10800.000
12000.000
12800.000
14200.000
15600.000
12000.000
12200.000
11200.000
13400.000
12600.000
12800.000
10800.000
12600.000
11000.000
12200.000
9800.000
12000.000
11600.000
12000.000
9400.000
12200.000
10800.000
9800.000
10200.000
11000.000
10200.000
11000.000
9200.000
9400.000
10200.000
10000.000
7600.000
9800.000
8400.000
9400.000
8000.000
11600.000
8600.000
9600.000
9400.000
9400.000
6800.000
7800.000
9600.000
9400.000
7200.000
8600.000
7200.000
7600.000
8600.000
8200.000
6800.000
6600.000
6800.000
4600.000
8000.000
7000.000
6200.000
7000.000
6800.000
5400.000
6800.000
6200.000
7600.000
6800.000
6000.000
3800.000
5000.000
7000.000
5200.000
5200.000
4000.000
5400.000
4000.000
5400.000
5400.000
4600.000
5400.000
4800.000
5600.000
5600.000
5200.000
4200.000
6000.000
4600.000
3200.000
3400.000
4400.000
3200.000
5000.000
3200.000
4800.000
3200.000
3400.000
4200.000
3200.000
2800.000
3400.000
4000.000
5800.000
3800.000
4200.000
3400.000
5000.000
4600.000
3400.000
3000.000
3600.000
5000.000
3000.000
3200.000
2400.000
3200.000
3000.000
3600.000
4600.000
4600.000
3600.000
2800.000
3000.000
3400.000
3200.000
3400.000
4600.000
2400.000
2400.000
3000.000
2200.000
2400.000
2000.000
3200.000
3400.000
3200.000
3200.000
3000.000
3600.000
2000.000
1800.000
2600.000
2600.000
3600.000
5000.000
4000.000
4400.000
5400.000
11800.000
12600.000
9600.000
11400.000
15000.000
12400.000
12000.000
13200.000
13400.000
11000.000
13400.000
14600.000
11600.000
14000.000
10600.000
12400.000
11200.000
10000.000
12400.000
13600.000
11800.000
15600.000
13400.000
9400.000
12000.000
14600.000
11400.000
12400.000
13200.000
16200.000
14200.000
12400.000
16400.000
13600.000
13000.000
15800.000
12600.000
11600.000
13600.000
13800.000
14000.000
11600.000
12000.000
14600.000
14800.000
15800.000
13600.000
12600.000
14400.000
11600.000
11600.000
14800.000
14200.000
10400.000
10600.000
13200.000
11600.000
13600.000
13600.000
15800.000
13200.000
14000.000
16000.000
15600.000
12800.000
11800.000
11200.000
16000.000
9400.000
11800.000
10200.000
12200.000
12200.000
11600.000
14800.000
11800.000
13000.000
12200.000
14000.000
10400.000
12200.000
9800.000
11000.000
9400.000
8400.000
8200.000
9000.000
7200.000
11200.000
9200.000
8800.000
7000.000
12400.000
10000.000
10000.000
10200.000
9600.000
5400.000
8400.000
7800.000
7600.000
8000.000
6400.000
7600.000
7600.000
9200.000
7200.000
6200.000
6000.000
8400.000
4800.000
6600.000
5400.000
9000.000
7200.000
6400.000
7200.000
6400.000
5200.000
5200.000
4600.000
5000.000
5600.000
7000.000
3800.000
6000.000
4600.000
5600.000
4000.000
5200.000
5000.000
7000.000
4400.000
7600.000
4200.000
6200.000
6200.000
6000.000
5400.000
3600.000
4400.000
4200.000
4400.000
4000.000
3000.000
6000.000
5400.000
4800.000
5400.000
2200.000
4400.000
4000.000
4400.000
3200.000
5000.000
4000.000
5800.000
3800.000
2400.000
4600.000
4200.000
4600.000
2600.000
3200.000
4800.000
4200.000
2600.000
4800.000
4800.000
3400.000
3800.000
3800.000
4200.000
3400.000
3400.000
3600.000
2400.000
3400.000
3000.000
3000.000
4800.000
2400.000
2200.000
4600.000
4400.000
2400.000
4800.000
3800.000
4000.000
2600.000
3400.000
2800.000
2800.000
4200.000
5600.000
4600.000
5200.000
3400.000
3800.000
3800.000
3200.000
10400.000
12200.000
11600.000
10400.000
10400.000
11200.000
11200.000
14800.000
7800.000
11800.000
13200.000
13000.000
12600.000
13600.000
13000.000
8200.000
10800.000
15400.000
12200.000
8600.000
9800.000
12000.000
8000.000
14600.000
11000.000
13000.000
14400.000
16200.000
15000.000
15600.000
11800.000
11000.000
14200.000
14000.000
12000.000
13800.000
13000.000
11800.000
10600.000
14200.000
14800.000
11000.000
12800.000
13600.000
14200.000
14600.000
12600.000
13200.000
12200.000
13600.000
13600.000
12400.000
10400.000
14800.000
14400.000
9800.000
13800.000
10800.000
16400.000
12200.000
14200.000
12000.000
13600.000
13000.000
12400.000
11600.000
12400.000
9200.000
9600.000
12400.000
11600.000
12200.000
10000.000
14000.000
9400.000
12800.000
9800.000
12000.000
12600.000
11000.000
10400.000
10000.000
13200.000
10200.000
6800.000
8600.000
11800.000
8000.000
11400.000
10200.000
9000.000
10400.000
9400.000
7200.000
10400.000
9400.000
8400.000
10800.000
7400.000
8000.000
8200.000
8200.000
9800.000
7600.000
8400.000
7000.000
6400.000
6000.000
6600.000
6800.000
5600.000
4600.000
7200.000
9000.000
5000.000
7800.000
9600.000
6400.000
4600.000
5200.000
6400.000
5400.000
5400.000
7400.000
7400.000
3800.000
7800.000
5000.000
5600.000
5000.000
5200.000
4400.000
4600.000
4400.000
6000.000
2800.000
4400.000
3600.000
5400.000
5000.000
3800.000
2200.000
4200.000
2400.000
4200.000
3800.000
6200.000
5400.000
3200.000
3000.000
4200.000
5400.000
4600.000
4800.000
5800.000
4200.000
2400.000
4800.000
4600.000
4200.000
3600.000
3800.000
3200.000
1800.000
3200.000
2600.000
4600.000
5200.000
3000.000
4600.000
4000.000
3600.000
4000.000
3600.000
2600.000
4000.000
3400.000
3600.000
1200.000
2400.000
3000.000
2400.000
2800.000
3400.000
2600.000
5600.000
3800.000
4800.000
1800.000
4600.000
2800.000
3600.000
2000.000
5800.000
3600.000
2800.000
3800.000
4000.000
3000.000
5600.000
4600.000
11600.000
11000.000
13200.000
11800.000
9400.000
9400.000
11400.000
12600.000
14000.000
15000.000
12400.000
15800.000
14800.000
11800.000
10600.000
13200.000
12400.000
10600.000
12800.000
13600.000
12600.000
14800.000
12400.000
13400.000
11200.000
12800.000
11600.000
12400.000
9200.000
9000.000
13400.000
13200.000
13400.000
10600.000
14600.000
13200.000
12000.000
16200.000
13400.000
13400.000
15600.000
15000.000
15000.000
13000.000
13800.000
13200.000
10600.000
15600.000
14200.000
13800.000
13200.000
10600.000
14000.000
14800.000
14000.000
13400.000
14600.000
13200.000
12200.000
15800.000
11200.000
14800.000
14600.000
15000.000
13800.000
12400.000
11000.000
11800.000
13200.000
12000.000
13200.000
11400.000
12200.000
11000.000
13600.000
14000.000
10800.000
11400.000
11600.000
11200.000
10800.000
11400.000
12200.000
10000.000
13000.000
8000.000
12800.000
9800.000
9400.000
9600.000
9600.000
10200.000
9000.000
9400.000
9800.000
10000.000
9000.000
7400.000
9000.000
8200.000
6600.000
9800.000
5800.000
8000.000
9200.000
8600.000
5400.000
7000.000
5400.000
6400.000
9000.000
7400.000
5600.000
5600.000
7000.000
7200.000
6600.000
7600.000
4800.000
4600.000
7800.000
5400.000
8600.000
5400.000
5000.000
5600.000
4400.000
5800.000
3800.000
5000.000
6200.000
6400.000
5200.000
5200.000
7000.000
6800.000
4800.000
3400.000
4600.000
3800.000
4200.000
3400.000
4600.000
4400.000
4800.000
5600.000
4600.000
6200.000
4200.000
4400.000
2200.000
3200.000
5000.000
4600.000
3200.000
4800.000
5000.000
4400.000
5200.000
4000.000
3400.000
3200.000
5400.000
3000.000
3600.000
5000.000
3200.000
3800.000
2400.000
3600.000
3000.000
4600.000
4400.000
4600.000
3000.000
3400.000
2600.000
4000.000
2600.000
4400.000
3200.000
4200.000
3000.000
3000.000
4400.000
3200.000
3000.000
4600.000
3200.000
4200.000
4400.000
3800.000
2800.000
3000.000
2600.000
2200.000
3400.000
2200.000
4200.000
3400.000
2800.000
13000.000
13600.000
10200.000
8600.000
12600.000
10600.000
11000.000
13600.000
14400.000
14400.000
11800.000
12200.000
11000.000
12000.000
10800.000
11800.000
13600.000
10600.000
12600.000
9000.000
11600.000
11400.000
11600.000
13600.000
12200.000
11800.000
14000.000
11200.000
15200.000
10800.000
11600.000
10200.000
14200.000
11400.000
11800.000
10000.000
12600.000
11600.000
14800.000
11800.000
14600.000
11600.000
15400.000
12600.000
12600.000
11600.000
12800.000
12800.000
11200.000
12400.000
12200.000
10400.000
11800.000
10200.000
11200.000
11600.000
13600.000
13400.000
10200.000
10000.000
15200.000
15000.000
14000.000
12600.000
13400.000
13800.000
11400.000
10000.000
10800.000
12200.000
9200.000
10600.000
10600.000
10800.000
11000.000
12000.000
11800.000
11000.000
12000.000
10600.000
8200.000
11400.000
10000.000
8600.000
8000.000
10400.000
10000.000
9800.000
10000.000
9600.000
9200.000
9600.000
7200.000
10000.000
9400.000
12400.000
7000.000
9000.000
7000.000
7600.000
7800.000
7000.000
8400.000
6600.000
10200.000
7800.000
7200.000
6200.000
7400.000
8000.000
6000.000
6800.000
7400.000
6600.000
5600.000
5400.000
6200.000
5800.000
6400.000
6200.000
7600.000
6200.000
5800.000
4200.000
5200.000
5000.000
4000.000
6000.000
5000.000
5400.000
4800.000
4200.000
5000.000
5400.000
4800.000
2600.000
3800.000
4200.000
4000.000
4000.000
3000.000
3400.000
4200.000
5200.000
4000.000
5400.000
3600.000
4200.000
4000.000
4600.000
4800.000
5200.000
4600.000
5000.000
3400.000
4000.000
3400.000
4200.000
4600.000
5800.000
4200.000
3000.000
3600.000
3400.000
3400.000
2800.000
4600.000
3600.000
5400.000
4000.000
4000.000
2800.000
4400.000
3800.000
3400.000
4000.000
4600.000
2600.000
3400.000
4800.000
3200.000
4400.000
3600.000
3000.000
3400.000
2800.000
3200.000
3800.000
3000.000
4000.000
3400.000
3800.000
3600.000
3200.000
2400.000
2800.000
2800.000
2600.000
3400.000
3200.000
2800.000
8600.000
11000.000
13400.000
10800.000
14400.000
11000.000
11200.000
13400.000
11800.000
12400.000
11200.000
11000.000
11600.000
10600.000
11800.000
13400.000
11200.000
14400.000
12000.000
12800.000
13400.000
11600.000
10000.000
10800.000
11400.000
14400.000
10600.000
12800.000
13200.000
13200.000
12200.000
13000.000
13800.000
11600.000
13600.000
13200.000
12400.000
13600.000
12200.000
12000.000
13800.000
14000.000
15800.000
12400.000
14000.000
11600.000
12000.000
10800.000
11600.000
10800.000
15800.000
15400.000
12200.000
13200.000
13200.000
9400.000
11200.000
9400.000
12600.000
10400.000
10000.000
11000.000
14200.000
11800.000
11000.000
11200.000
11800.000
11400.000
11800.000
13000.000
12000.000
9400.000
11400.000
10000.000
10000.000
10800.000
13800.000
12000.000
12600.000
10800.000
11400.000
11600.000
11800.000
10600.000
8400.000
7800.000
10000.000
10000.000
8600.000
11200.000
10200.000
9000.000
8000.000
7800.000
7200.000
8000.000
9200.000
6800.000
8600.000
6400.000
7400.000
7200.000
9400.000
9000.000
9400.000
7600.000
6600.000
5200.000
5000.000
5800.000
7200.000
5800.000
7000.000
9000.000
4800.000
8400.000
6800.000
9800.000
4200.000
5600.000
6200.000
6600.000
4800.000
6200.000
5800.000
4800.000
5800.000
6600.000
3800.000
4800.000
3200.000
4600.000
4800.000
6000.000
5600.000
4600.000
4200.000
5200.000
3400.000
4000.000
5200.000
6600.000
6000.000
4200.000
3400.000
5400.000
5200.000
5800.000
4400.000
4400.000
3800.000
5800.000
4600.000
5000.000
5200.000
4000.000
4200.000
2800.000
6000.000
4200.000
3800.000
3200.000
4000.000
4200.000
4800.000
3800.000
2600.000
4600.000
3200.000
3000.000
3400.000
4000.000
2600.000
3000.000
4000.000
3800.000
5200.000
4200.000
3600.000
3400.000
3000.000
3000.000
3400.000
4000.000
3000.000
4200.000
4200.000
4800.000
4400.000
4800.000
3000.000
2200.000
2400.000
4400.000
3400.000
4400.000
4200.000
4000.000
4000.000
3400.000
4000.000
11800.000
11800.000
11600.000
12000.000
13800.000
13600.000
12400.000
12200.000
11800.000
16200.000
13400.000
12000.000
11600.000
11600.000
13200.000
11400.000
12200.000
15800.000
12400.000
11600.000
14800.000
13600.000
13000.000
11400.000
13000.000
14800.000
15200.000
13200.000
11400.000
10800.000
14200.000
11400.000
11800.000
12400.000
11000.000
12200.000
12200.000
11600.000
15000.000
13600.000
13600.000
12400.000
13200.000
12200.000
14600.000
15400.000
11400.000
14400.000
13400.000
14200.000
12800.000
13600.000
11000.000
12600.000
13000.000
16800.000
10600.000
12400.000
13800.000
14600.000
15000.000
16000.000
15000.000
13800.000
14600.000
14600.000
10800.000
10400.000
12800.000
11400.000
12400.000
11400.000
12200.000
14600.000
13600.000
9400.000
9400.000
11800.000
9400.000
11600.000
11000.000
8000.000
11400.000
10200.000
10000.000
10000.000
9800.000
8800.000
9600.000
9000.000
11200.000
9600.000
8200.000
10600.000
11600.000
8800.000
10200.000
9000.000
8600.000
7600.000
7400.000
9200.000
7400.000
7200.000
8000.000
7400.000
9800.000
4600.000
6600.000
7400.000
7400.000
4600.000
6000.000
4400.000
5400.000
5600.000
7400.000
5000.000
6400.000
6000.000
5400.000
5000.000
7600.000
5400.000
6400.000
5600.000
6600.000
6400.000
5600.000
6200.000
4800.000
5400.000
4600.000
5600.000
4600.000
3400.000
3400.000
6000.000
4800.000
5400.000
5000.000
3400.000
4600.000
5200.000
5000.000
6000.000
4800.000
6000.000
6000.000
6800.000
4400.000
4600.000
6200.000
4400.000
3600.000
5600.000
4600.000
4800.000
4200.000
3600.000
5600.000
3000.000
3200.000
4200.000
3000.000
4000.000
4600.000
1600.000
4200.000
3600.000
2600.000
3400.000
3200.000
4000.000
4200.000
3400.000
3200.000
4400.000
4800.000
2600.000
4000.000
3200.000
4600.000
3200.000
4800.000
4000.000
3400.000
3800.000
3200.000
3800.000
3600.000
2800.000
3600.000
3000.000
3000.000
3200.000
3000.000
3000.000
2800.000
3800.000
3200.000
15400.000
14000.000
9400.000
13400.000
12800.000
13400.000
14600.000
10000.000
12200.000
11600.000
12200.000
12200.000
13000.000
13600.000
12200.000
13000.000
13000.000
12600.000
13800.000
12400.000
12600.000
11600.000
13200.000
14400.000
16200.000
15000.000
14800.000
15000.000
12600.000
11800.000
12800.000
12800.000
10800.000
11400.000
12200.000
15600.000
10600.000
13800.000
12000.000
11400.000
14200.000
12400.000
11200.000
14200.000
13400.000
13800.000
13600.000
14400.000
13800.000
11200.000
14600.000
14000.000
17400.000
13200.000
14200.000
12400.000
13000.000
13600.000
11400.000
11200.000
15000.000
11400.000
13600.000
13600.000
13000.000
13400.000
10200.000
12200.000
10400.000
16000.000
11800.000
14200.000
13400.000
9600.000
13200.000
12800.000
12600.000
12600.000
10400.000
10200.000
12800.000
12600.000
10000.000
13200.000
10200.000
10800.000
9400.000
11000.000
8800.000
12200.000
9600.000
12200.000
10400.000
8000.000
7400.000
11200.000
6600.000
7400.000
6000.000
7800.000
9600.000
7000.000
6400.000
8200.000
7000.000
7600.000
8400.000
7600.000
8000.000
8000.000
6400.000
5800.000
6600.000
7800.000
7400.000
5000.000
7800.000
9400.000
4800.000
6400.000
5200.000
6200.000
6200.000
5600.000
6600.000
6800.000
6000.000
6200.000
5800.000
5800.000
6000.000
7600.000
5400.000
4200.000
6600.000
5600.000
6800.000
4600.000
6400.000
4600.000
5800.000
6400.000
3200.000
7000.000
4600.000
7200.000
4200.000
5800.000
4000.000
4000.000
4400.000
5400.000
4800.000
5400.000
5800.000
4600.000
4400.000
3800.000
3400.000
4000.000
4400.000
2400.000
4600.000
4200.000
2400.000
3600.000
5000.000
4400.000
4400.000
4800.000
3800.000
2800.000
2600.000
4600.000
4200.000
3600.000
3200.000
2800.000
4800.000
1800.000
3000.000
3600.000
3600.000
3600.000
3200.000
2800.000
2200.000
3400.000
3800.000
3400.000
4000.000
2600.000
3400.000
2400.000
2800.000
4000.000
3400.000
3200.000
4000.000
2200.000
3800.000
14600.000
13000.000
13800.000
16600.000
11600.000
16200.000
15200.000
11000.000
11200.000
14200.000
13400.000
10600.000
12400.000
12000.000
11800.000
11000.000
10200.000
15600.000
11600.000
12200.000
13000.000
15400.000
12200.000
10600.000
12600.000
11800.000
13800.000
15400.000
13200.000
15800.000
12600.000
7800.000
13800.000
13800.000
11600.000
14800.000
12400.000
13600.000
11200.000
14000.000
18200.000
16400.000
15000.000
16800.000
14000.000
13400.000
15400.000
14600.000
16800.000
13400.000
14200.000
16000.000
14600.000
13400.000
16000.000
15800.000
16400.000
11800.000
16000.000
10800.000
13000.000
13000.000
16800.000
14800.000
16800.000
12000.000
10600.000
11600.000
11000.000
11800.000
13600.000
12800.000
10200.000
11400.000
9800.000
14600.000
11000.000
13600.000
12200.000
10600.000
12600.000
11000.000
9400.000
7400.000
11200.000
11200.000
13000.000
10400.000
11000.000
12000.000
7000.000
10200.000
11800.000
7200.000
10400.000
10400.000
12000.000
7800.000
9800.000
7400.000
10200.000
8000.000
6000.000
8600.000
9200.000
8400.000
7800.000
8800.000
5000.000
6800.000
6000.000
5800.000
8000.000
6400.000
5800.000
5800.000
5400.000
7200.000
5400.000
5600.000
6200.000
6600.000
5400.000
6000.000
3800.000
5400.000
6800.000
4400.000
3400.000
4000.000
7600.000
4800.000
4800.000
5400.000
4200.000
5400.000
5000.000
5400.000
4000.000
4800.000
4000.000
3600.000
3600.000
3800.000
6200.000
3800.000
5000.000
4600.000
3600.000
4400.000
2800.000
5200.000
2800.000
3800.000
4600.000
4000.000
6000.000
4000.000
3600.000
4000.000
4600.000
5600.000
3400.000
4000.000
3400.000
4800.000
3400.000
4200.000
4400.000
4200.000
4600.000
4800.000
3200.000
3000.000
3600.000
3400.000
2600.000
2600.000
2800.000
3200.000
2600.000
2600.000
3600.000
3000.000
2000.000
4200.000
2600.000
2000.000
3400.000
2800.000
2600.000
3400.000
2000.000
3200.000
3600.000
2600.000
4400.000
2400.000
4400.000
3800.000
3600.000
11800.000
10400.000
13000.000
14600.000
16000.000
14200.000
14800.000
11400.000
16000.000
12000.000
13200.000
14000.000
13400.000
13400.000
12000.000
12600.000
13000.000
12600.000
13400.000
13200.000
11400.000
15400.000
11800.000
12200.000
11400.000
12000.000
14800.000
11400.000
13200.000
14000.000
13600.000
11600.000
10000.000
11600.000
11400.000
10800.000
14200.000
12600.000
13000.000
12800.000
14600.000
12400.000
19000.000
13400.000
15200.000
15200.000
13800.000
13200.000
13000.000
14200.000
18200.000
16400.000
13800.000
16400.000
16400.000
11800.000
15400.000
12400.000
13200.000
13600.000
16000.000
14600.000
13800.000
15000.000
14600.000
10800.000
9800.000
9400.000
9600.000
13000.000
12400.000
14600.000
10400.000
13200.000
12400.000
10000.000
9600.000
12400.000
11600.000
12600.000
11000.000
12200.000
13200.000
10600.000
11200.000
8400.000
9600.000
12800.000
9200.000
10200.000
9400.000
8200.000
11000.000
9800.000
8000.000
9600.000
11400.000
8200.000
8000.000
9400.000
7400.000
7400.000
9000.000
6800.000
7200.000
7000.000
9600.000
9200.000
7400.000
8000.000
7800.000
6400.000
6600.000
6200.000
6000.000
5400.000
5800.000
4600.000
7400.000
4200.000
4000.000
6600.000
5400.000
5000.000
4600.000
5000.000
4400.000
8800.000
4600.000
6600.000
5200.000
6000.000
6800.000
6200.000
6600.000
7000.000
5000.000
7600.000
5800.000
6400.000
7800.000
5600.000
6000.000
5600.000
5200.000
7400.000
7800.000
4200.000
4800.000
2600.000
6400.000
4000.000
3800.000
4600.000
5000.000
3800.000
3800.000
3600.000
3600.000
2800.000
5200.000
6600.000
3600.000
2600.000
4000.000
4800.000
4000.000
4800.000
4000.000
3400.000
2200.000
4600.000
3000.000
4400.000
4200.000
4400.000
4400.000
4400.000
4200.000
3800.000
4400.000
3400.000
3800.000
3600.000
2400.000
2000.000
3400.000
2800.000
2600.000
2800.000
4800.000
3000.000
4200.000
2800.000
3400.000
3800.000
4000.000
4200.000
3800.000
3400.000
2600.000
15400.000
12600.000
9600.000
15000.000
12200.000
15600.000
14200.000
12000.000
14000.000
13800.000
13000.000
14400.000
11600.000
13400.000
14400.000
12400.000
13800.000
16200.000
12600.000
16400.000
13600.000
14400.000
14400.000
12800.000
15400.000
15000.000
12800.000
12000.000
13000.000
13400.000
12200.000
12200.000
14000.000
12400.000
13200.000
13800.000
12200.000
14800.000
16400.000
14400.000
15600.000
14000.000
15400.000
13600.000
11600.000
18200.000
16000.000
14400.000
15000.000
14800.000
16000.000
17400.000
15000.000
16000.000
11000.000
16200.000
13200.000
15400.000
14200.000
14600.000
12200.000
16400.000
15600.000
13200.000
13800.000
17400.000
14800.000
11800.000
12800.000
12800.000
11400.000
11000.000
13800.000
12200.000
14200.000
12200.000
12400.000
10200.000
10200.000
10400.000
11600.000
10600.000
11800.000
9200.000
9800.000
10800.000
11200.000
11800.000
9400.000
13000.000
9600.000
11200.000
10000.000
8400.000
9000.000
11400.000
9000.000
8800.000
9600.000
10000.000
6800.000
8800.000
8400.000
7000.000
10200.000
10400.000
9200.000
7000.000
9200.000
7400.000
5000.000
7400.000
7800.000
6600.000
6600.000
5600.000
5600.000
6400.000
4800.000
5800.000
5600.000
6200.000
5000.000
5200.000
6400.000
5000.000
5600.000
5800.000
6000.000
6400.000
5800.000
4200.000
5800.000
4600.000
5800.000
5800.000
5800.000
6000.000
6600.000
6800.000
6600.000
5400.000
4200.000
6400.000
3800.000
5600.000
5800.000
4400.000
5400.000
3800.000
5800.000
3600.000
2800.000
3400.000
5600.000
4000.000
4400.000
3200.000
3400.000
4000.000
4000.000
3400.000
5400.000
4400.000
5000.000
3200.000
4600.000
4800.000
4200.000
4200.000
3600.000
4600.000
4400.000
4000.000
6000.000
3400.000
5000.000
3600.000
2600.000
3600.000
4200.000
3600.000
3400.000
3800.000
2600.000
2200.000
4200.000
3400.000
2800.000
2800.000
1600.000
800.000
3600.000
3200.000
3000.000
2600.000
2000.000
4000.000
3200.000
4400.000
3800.000
13600.000
13800.000
15400.000
16600.000
14200.000
11400.000
17000.000
10600.000
15000.000
11000.000
11600.000
13200.000
12400.000
13000.000
15000.000
16000.000
12200.000
14800.000
14000.000
13000.000
15200.000
15400.000
11800.000
12200.000
11400.000
14200.000
11200.000
15400.000
12200.000
14600.000
13000.000
13000.000
12200.000
16200.000
14400.000
14000.000
13400.000
15200.000
16800.000
15600.000
14600.000
13800.000
20000.000
15000.000
16200.000
11800.000
16400.000
13800.000
14000.000
14600.000
15800.000
15600.000
16400.000
16800.000
14000.000
15000.000
15200.000
14400.000
12800.000
12400.000
13400.000
16200.000
14000.000
10000.000
14800.000
12400.000
12200.000
13800.000
11800.000
8400.000
12400.000
15800.000
11200.000
13400.000
13200.000
12400.000
13400.000
13200.000
9800.000
11600.000
14000.000
12800.000
10800.000
12400.000
11000.000
10800.000
12000.000
9400.000
7400.000
13200.000
12800.000
9000.000
12000.000
10800.000
9600.000
7800.000
8000.000
10600.000
7800.000
8800.000
6600.000
7400.000
9600.000
10200.000
11400.000
6400.000
10200.000
7000.000
7400.000
8600.000
6400.000
9800.000
5400.000
9600.000
6200.000
6400.000
7200.000
5800.000
4800.000
5000.000
5400.000
7000.000
6200.000
4000.000
6800.000
5000.000
3800.000
5000.000
5200.000
6200.000
6600.000
5000.000
7200.000
4800.000
6600.000
2600.000
4600.000
5600.000
6000.000
6600.000
7400.000
4400.000
6000.000
6400.000
6600.000
4200.000
3600.000
6800.000
5800.000
5200.000
5600.000
7000.000
4400.000
6800.000
4400.000
5200.000
3600.000
3800.000
3600.000
3800.000
3600.000
3800.000
5200.000
4600.000
3800.000
3800.000
4000.000
3800.000
4800.000
4400.000
3800.000
3800.000
4400.000
4200.000
2800.000
3400.000
4200.000
3400.000
4600.000
3600.000
5200.000
4200.000
5200.000
3000.000
2200.000
2600.000
3000.000
3400.000
2000.000
3000.000
3000.000
3400.000
1200.000
4400.000
3600.000
5000.000
4800.000
4200.000
3400.000
4200.000
4400.000
15200.000
13600.000
15400.000
13400.000
16800.000
11000.000
14200.000
13000.000
13800.000
14800.000
16000.000
16000.000
11400.000
14600.000
16600.000
15600.000
13200.000
14800.000
16200.000
13200.000
15800.000
18200.000
11200.000
13000.000
13200.000
11600.000
12400.000
14400.000
12200.000
10800.000
13200.000
10400.000
13000.000
13000.000
11600.000
13200.000
12000.000
13000.000
13200.000
11800.000
16000.000
13800.000
14400.000
12000.000
15000.000
12400.000
12600.000
14800.000
16000.000
13800.000
15600.000
17200.000
15400.000
18200.000
13600.000
12800.000
15800.000
12400.000
16200.000
14000.000
12600.000
12000.000
13600.000
11400.000
12800.000
12000.000
11600.000
11600.000
16400.000
12400.000
11400.000
10800.000
12400.000
12400.000
14800.000
15000.000
11800.000
15400.000
12800.000
13000.000
12000.000
12600.000
15000.000
10600.000
9000.000
12400.000
11200.000
11000.000
10000.000
12800.000
12200.000
9200.000
10000.000
8400.000
9200.000
9600.000
11000.000
10400.000
9200.000
7600.000
7200.000
9800.000
8600.000
9200.000
9000.000
5800.000
5400.000
8800.000
8000.000
8400.000
7800.000
7600.000
6600.000
8400.000
5800.000
5200.000
4600.000
5400.000
6000.000
3200.000
4600.000
3800.000
6600.000
5400.000
5200.000
3600.000
5200.000
5400.000
4400.000
5400.000
5200.000
6800.000
6000.000
6600.000
7400.000
7200.000
7000.000
5800.000
5400.000
5600.000
5800.000
6000.000
6200.000
5000.000
8200.000
5600.000
4800.000
5000.000
3800.000
6200.000
4200.000
4400.000
3800.000
4400.000
4600.000
4600.000
5000.000
4000.000
5200.000
5000.000
5000.000
3800.000
3200.000
3800.000
4000.000
4600.000
5400.000
4200.000
2400.000
4000.000
4400.000
2800.000
4800.000
3600.000
3800.000
1800.000
4600.000
2600.000
4600.000
4200.000
4000.000
4200.000
3600.000
3600.000
2600.000
3400.000
4400.000
2800.000
3800.000
4800.000
3800.000
1400.000
2800.000
2200.000
3000.000
2200.000
3000.000
3000.000
4200.000
3000.000
4200.000
12400.000
15000.000
15800.000
13600.000
15200.000
13400.000
13600.000
15600.000
12800.000
10800.000
14000.000
14600.000
11200.000
18000.000
13800.000
13600.000
13000.000
15800.000
14600.000
16200.000
12000.000
13000.000
12800.000
14800.000
12000.000
15200.000
13600.000
14200.000
13200.000
12600.000
12400.000
12800.000
15200.000
13200.000
12200.000
15200.000
12800.000
13600.000
17400.000
19600.000
14000.000
14800.000
14400.000
17800.000
19200.000
13600.000
14600.000
11200.000
13400.000
16400.000
15600.000
14200.000
18200.000
14800.000
12000.000
14000.000
16200.000
13000.000
15600.000
14000.000
14000.000
13000.000
10400.000
11200.000
9800.000
13000.000
13200.000
10400.000
11200.000
12200.000
12200.000
11600.000
11800.000
13200.000
12400.000
13800.000
11000.000
18000.000
12600.000
11600.000
12000.000
11800.000
9200.000
11000.000
11800.000
11000.000
9800.000
13000.000
10400.000
10200.000
11200.000
8600.000
9800.000
10400.000
10600.000
8800.000
10600.000
10800.000
10200.000
11000.000
8600.000
6800.000
9000.000
7800.000
9800.000
9800.000
9000.000
8400.000
8800.000
8800.000
7400.000
8600.000
8000.000
7400.000
5400.000
5600.000
5200.000
4200.000
4600.000
5000.000
5000.000
4400.000
3600.000
4000.000
3200.000
5400.000
5600.000
5600.000
5600.000
5800.000
5000.000
6000.000
5400.000
5600.000
5400.000
7000.000
7600.000
7400.000
7400.000
7000.000
6400.000
7600.000
5200.000
8400.000
5800.000
6200.000
5800.000
4600.000
5800.000
5400.000
4400.000
5600.000
3400.000
4600.000
4600.000
4800.000
5200.000
4400.000
5400.000
5400.000
5000.000
4800.000
4800.000
4400.000
4800.000
3800.000
3800.000
4000.000
4600.000
3600.000
5000.000
5800.000
3800.000
5600.000
4400.000
4000.000
2600.000
4800.000
4600.000
3000.000
4800.000
3800.000
2400.000
2600.000
4200.000
3200.000
2000.000
3800.000
4000.000
4000.000
3000.000
4200.000
3200.000
3200.000
3200.000
1600.000
4800.000
2600.000
1800.000
3200.000
1800.000
16200.000
16600.000
14400.000
13000.000
12400.000
12000.000
13600.000
15600.000
12000.000
13200.000
13200.000
13400.000
11200.000
15200.000
15600.000
12600.000
16200.000
15200.000
13600.000
13600.000
13400.000
15000.000
15800.000
11800.000
14400.000
15800.000
11400.000
14400.000
16000.000
12000.000
15800.000
16200.000
11000.000
13200.000
11400.000
13800.000
13400.000
11400.000
16200.000
11200.000
17800.000
15200.000
12600.000
10600.000
11800.000
15000.000
13000.000
15400.000
10000.000
16600.000
14200.000
13000.000
13200.000
13800.000
15800.000
16200.000
13200.000
12200.000
10200.000
12600.000
9600.000
11200.000
11200.000
10200.000
10600.000
16000.000
12600.000
11600.000
12000.000
11600.000
12400.000
10400.000
11400.000
12200.000
10400.000
13600.000
15400.000
10200.000
14600.000
13000.000
10000.000
10200.000
13800.000
13200.000
13400.000
11000.000
13800.000
10200.000
13200.000
10600.000
10800.000
9000.000
11400.000
12400.000
9800.000
10000.000
8400.000
11200.000
8800.000
10400.000
8600.000
8400.000
10000.000
9800.000
9400.000
8200.000
12000.000
7800.000
7000.000
7400.000
8400.000
5600.000
6600.000
4800.000
6400.000
7400.000
7000.000
5800.000
3600.000
3800.000
4000.000
3400.000
3600.000
5600.000
3800.000
4600.000
5400.000
3600.000
4800.000
3800.000
4600.000
6200.000
4800.000
6200.000
5400.000
7000.000
7600.000
8400.000
9400.000
6400.000
3800.000
6200.000
7400.000
6200.000
6400.000
4600.000
4200.000
6800.000
5400.000
7200.000
6000.000
5400.000
6400.000
5000.000
4800.000
5400.000
3000.000
3400.000
3000.000
4000.000
6000.000
4800.000
3400.000
4400.000
5600.000
3200.000
3000.000
3200.000
4400.000
3600.000
3200.000
3800.000
5000.000
3600.000
4000.000
3800.000
3400.000
3200.000
3200.000
3600.000
2600.000
4400.000
3200.000
2800.000
2000.000
2800.000
2800.000
2600.000
2600.000
2400.000
3000.000
3000.000
3200.000
2400.000
2400.000
3600.000
2800.000
4400.000
2400.000
3800.000
3000.000
16000.000
16800.000
14800.000
12400.000
16800.000
17600.000
14600.000
14600.000
14600.000
16800.000
13800.000
13600.000
13200.000
13000.000
16600.000
16400.000
14400.000
15200.000
15200.000
14800.000
13200.000
16000.000
14200.000
12000.000
14000.000
14800.000
13600.000
9600.000
13400.000
14200.000
15800.000
13800.000
13600.000
11800.000
15800.000
13400.000
12600.000
14600.000
15000.000
12600.000
16800.000
15400.000
13200.000
16000.000
15000.000
13000.000
15000.000
12400.000
11800.000
15000.000
11800.000
14400.000
11600.000
10800.000
14000.000
12400.000
14000.000
13800.000
15000.000
13400.000
11000.000
11600.000
12800.000
11800.000
12400.000
12000.000
10400.000
11600.000
13200.000
9600.000
11400.000
10600.000
12400.000
10200.000
11600.000
11000.000
12800.000
12000.000
12200.000
11600.000
14000.000
14000.000
11000.000
11400.000
11800.000
11400.000
10600.000
10200.000
13800.000
10200.000
9000.000
12000.000
8600.000
9000.000
12200.000
8200.000
10200.000
13400.000
8200.000
10400.000
8200.000
7400.000
12000.000
7600.000
8400.000
7800.000
8000.000
10200.000
11000.000
8000.000
8800.000
8400.000
6600.000
9600.000
7800.000
9400.000
6600.000
6000.000
4000.000
5600.000
4400.000
5200.000
5200.000
4000.000
4600.000
3400.000
5600.000
6000.000
4600.000
4400.000
4600.000
4800.000
4800.000
3800.000
7600.000
3600.000
5800.000
7200.000
5600.000
5400.000
7400.000
5600.000
4400.000
5200.000
3600.000
5600.000
6400.000
6800.000
5000.000
6400.000
5400.000
5200.000
6200.000
4600.000
7000.000
4000.000
5600.000
4600.000
4800.000
5000.000
4600.000
4200.000
5200.000
6000.000
6000.000
6200.000
3200.000
3800.000
3000.000
3600.000
4400.000
3800.000
2000.000
3400.000
3400.000
3600.000
2200.000
3000.000
3800.000
3800.000
2800.000
4000.000
4600.000
3400.000
2200.000
2000.000
2600.000
3600.000
3400.000
2800.000
4000.000
4000.000
2400.000
3600.000
3200.000
4200.000
4200.000
3000.000
3400.000
3600.000
2000.000
16000.000
12200.000
13400.000
16000.000
14200.000
12800.000
14200.000
12400.000
13800.000
13000.000
12400.000
14200.000
16000.000
16200.000
14800.000
12400.000
13200.000
16800.000
14000.000
15000.000
14200.000
15600.000
15800.000
16200.000
13200.000
12400.000
13400.000
15600.000
13800.000
12800.000
11000.000
12600.000
13200.000
14400.000
14200.000
11600.000
11800.000
10600.000
15200.000
13000.000
13400.000
9800.000
15400.000
13800.000
11000.000
10800.000
16000.000
13400.000
12200.000
17200.000
15400.000
13000.000
13800.000
13000.000
12800.000
11800.000
10000.000
13400.000
13600.000
13200.000
11200.000
9600.000
10200.000
12800.000
12000.000
11000.000
12000.000
10800.000
8600.000
11000.000
12000.000
10000.000
7800.000
10400.000
10200.000
11000.000
13400.000
12800.000
8800.000
13200.000
10200.000
13000.000
9200.000
8800.000
11200.000
11800.000
11400.000
10600.000
9800.000
10000.000
10600.000
13000.000
13800.000
13000.000
10600.000
10400.000
9200.000
10200.000
10800.000
9400.000
11600.000
9800.000
8800.000
9400.000
6800.000
9400.000
7000.000
10200.000
10200.000
7000.000
9000.000
6600.000
10600.000
7600.000
5200.000
6000.000
4800.000
6200.000
5800.000
4800.000
5600.000
4800.000
3000.000
4200.000
3800.000
3800.000
4000.000
4000.000
4200.000
5800.000
5000.000
3200.000
3400.000
6200.000
5800.000
5600.000
7800.000
4600.000
6000.000
4800.000
4800.000
4600.000
5600.000
7600.000
5000.000
6200.000
6600.000
6000.000
3600.000
5800.000
6600.000
5600.000
5400.000
7200.000
4400.000
3800.000
5200.000
5000.000
4000.000
4600.000
4600.000
4200.000
5600.000
3000.000
4400.000
4800.000
3800.000
4200.000
3400.000
3400.000
3600.000
5600.000
3000.000
4000.000
2800.000
3800.000
3200.000
4200.000
4000.000
5800.000
4200.000
3600.000
4600.000
2600.000
3800.000
3000.000
2600.000
3000.000
4000.000
2400.000
4600.000
1600.000
2800.000
3600.000
3200.000
2600.000
3600.000
3000.000
3600.000
3800.000
3200.000
15800.000
13400.000
12600.000
13200.000
14200.000
13000.000
12000.000
19000.000
10400.000
15400.000
19600.000
12800.000
11800.000
15600.000
13200.000
13400.000
15600.000
15000.000
14000.000
10600.000
10400.000
16000.000
14600.000
13800.000
14200.000
15000.000
16600.000
13600.000
10600.000
13600.000
11000.000
14200.000
13600.000
15000.000
13000.000
11600.000
11600.000
12600.000
11000.000
13200.000
12200.000
12000.000
13600.000
14600.000
17000.000
14600.000
13400.000
15600.000
11000.000
15800.000
14200.000
16000.000
13000.000
11200.000
13600.000
11200.000
13400.000
14600.000
14600.000
17400.000
12000.000
13400.000
11600.000
14200.000
12000.000
10400.000
13400.000
11200.000
11600.000
10200.000
9800.000
9400.000
10800.000
14400.000
13400.000
13200.000
12600.000
9600.000
10800.000
14200.000
11400.000
11400.000
11600.000
11000.000
14200.000
9200.000
10200.000
16400.000
13000.000
12600.000
11400.000
10600.000
12200.000
12000.000
13800.000
8800.000
11600.000
12400.000
12600.000
10600.000
13000.000
9200.000
10200.000
11000.000
9400.000
10000.000
9400.000
8000.000
8400.000
8800.000
10000.000
10200.000
9800.000
7400.000
8800.000
7800.000
7600.000
6800.000
4200.000
7600.000
5600.000
5200.000
3800.000
4200.000
5800.000
3200.000
3600.000
6400.000
3000.000
3000.000
6000.000
4400.000
4800.000
3000.000
5200.000
4000.000
5800.000
5000.000
5000.000
5400.000
5400.000
4600.000
4400.000
5000.000
5600.000
8600.000
4800.000
4400.000
4200.000
6200.000
6400.000
5800.000
5000.000
5400.000
4800.000
5200.000
4800.000
4000.000
5400.000
4400.000
3000.000
3600.000
5000.000
3200.000
5200.000
4200.000
4400.000
2400.000
5200.000
2400.000
4000.000
3000.000
4600.000
2600.000
2800.000
4000.000
3400.000
4000.000
4400.000
4400.000
3200.000
4200.000
2800.000
4000.000
4000.000
4400.000
2600.000
5000.000
3200.000
4800.000
4000.000
3400.000
3200.000
2400.000
3600.000
2800.000
2200.000
3600.000
3000.000
2600.000
3400.000
13200.000
15200.000
12600.000
16800.000
14800.000
17800.000
17400.000
15800.000
13200.000
15400.000
13000.000
12600.000
13600.000
13200.000
16800.000
14200.000
14600.000
10600.000
11400.000
16400.000
14000.000
13800.000
14400.000
11400.000
17600.000
16000.000
13600.000
14600.000
16600.000
11000.000
11600.000
12000.000
14600.000
12600.000
12200.000
14800.000
15400.000
17200.000
14600.000
13600.000
13000.000
11800.000
13800.000
12400.000
13600.000
14400.000
10800.000
14800.000
16600.000
16000.000
13800.000
13400.000
14800.000
16000.000
13600.000
14400.000
15000.000
12200.000
12800.000
16600.000
12400.000
13200.000
13400.000
11800.000
13000.000
10200.000
7400.000
11800.000
10000.000
11400.000
11200.000
10400.000
8000.000
11000.000
10000.000
9600.000
11200.000
10400.000
13600.000
10200.000
14000.000
11000.000
11400.000
13600.000
10800.000
13000.000
14200.000
13200.000
8400.000
11000.000
13000.000
6800.000
10400.000
11000.000
10000.000
8200.000
10600.000
10600.000
9800.000
10200.000
10000.000
10200.000
12000.000
9200.000
9200.000
7800.000
8600.000
8200.000
13800.000
7600.000
10400.000
8200.000
9600.000
7600.000
9000.000
7000.000
7200.000
6400.000
5800.000
7600.000
6400.000
5000.000
3800.000
5800.000
3800.000
4600.000
3600.000
4800.000
4200.000
5000.000
3000.000
5000.000
4200.000
5200.000
7400.000
6200.000
3400.000
5400.000
5600.000
6400.000
6800.000
5800.000
9000.000
8200.000
5800.000
6200.000
5000.000
4600.000
8000.000
5400.000
5000.000
5600.000
6600.000
4400.000
4600.000
6200.000
3600.000
5400.000
5800.000
6400.000
4400.000
4000.000
6000.000
1800.000
4400.000
3400.000
4800.000
3200.000
4200.000
4000.000
4400.000
3400.000
4200.000
4400.000
4600.000
2200.000
3600.000
4400.000
2200.000
3800.000
3600.000
3400.000
2800.000
4200.000
3000.000
2000.000
3600.000
5000.000
3800.000
3600.000
3400.000
2200.000
3600.000
3600.000
3200.000
3200.000
3200.000
3200.000
4200.000
4400.000
4800.000
14800.000
17200.000
14200.000
12800.000
15200.000
17600.000
14200.000
13600.000
13400.000
15000.000
15600.000
16600.000
11800.000
14800.000
12600.000
13200.000
15800.000
13600.000
14200.000
16000.000
14600.000
15600.000
14400.000
11200.000
12400.000
14200.000
14000.000
15000.000
13400.000
13400.000
15800.000
12200.000
15600.000
13800.000
13800.000
12400.000
14200.000
12200.000
13600.000
12000.000
15000.000
11600.000
11400.000
16600.000
13200.000
14000.000
14000.000
11400.000
13800.000
11400.000
15400.000
13800.000
12200.000
13000.000
15600.000
14000.000
11800.000
15400.000
15600.000
13600.000
14200.000
11400.000
11000.000
11200.000
11000.000
13000.000
12400.000
12800.000
11400.000
10600.000
12200.000
6800.000
10400.000
11800.000
10200.000
10200.000
10600.000
11400.000
11800.000
11800.000
11000.000
10400.000
12000.000
12000.000
12600.000
12000.000
11600.000
10400.000
11000.000
13600.000
9200.000
13800.000
12000.000
12400.000
9000.000
9800.000
10800.000
8800.000
10000.000
7800.000
7400.000
12000.000
10600.000
9600.000
11200.000
10200.000
8600.000
9400.000
9400.000
11800.000
8600.000
8600.000
9000.000
7200.000
5400.000
9800.000
8600.000
7600.000
6600.000
6000.000
7600.000
5000.000
6800.000
6000.000
5400.000
5800.000
4400.000
6200.000
4600.000
5800.000
5000.000
8400.000
6200.000
4600.000
5400.000
6800.000
5800.000
6800.000
2600.000
6800.000
4200.000
5800.000
5000.000
4800.000
4200.000
6000.000
4000.000
4200.000
6600.000
4200.000
5200.000
5000.000
6400.000
5400.000
4400.000
5200.000
5600.000
6200.000
5400.000
6400.000
4000.000
6400.000
3400.000
4600.000
4600.000
4400.000
2400.000
5000.000
3800.000
4600.000
3600.000
3600.000
2400.000
4000.000
2600.000
2000.000
3800.000
4600.000
2800.000
3600.000
4000.000
3800.000
2000.000
3600.000
4200.000
1600.000
4600.000
3000.000
2600.000
4400.000
2800.000
6200.000
3400.000
4000.000
4800.000
2400.000
4400.000
2600.000
2400.000
3000.000
2600.000
14600.000
14000.000
14000.000
17800.000
16600.000
11600.000
14000.000
14000.000
15600.000
10800.000
12600.000
14400.000
9400.000
14200.000
11000.000
11600.000
12600.000
13800.000
14400.000
13800.000
11600.000
16600.000
12800.000
14400.000
12400.000
13400.000
14200.000
11600.000
15600.000
14000.000
14200.000
16000.000
10400.000
14400.000
10800.000
12000.000
9600.000
14200.000
14400.000
12800.000
13600.000
10800.000
13600.000
13800.000
13600.000
14000.000
15000.000
12800.000
15400.000
15000.000
14400.000
13400.000
14400.000
15000.000
16400.000
11400.000
15000.000
11600.000
12200.000
10400.000
11000.000
12800.000
11800.000
16200.000
12600.000
13600.000
12200.000
9400.000
11200.000
10800.000
9400.000
10400.000
10600.000
11400.000
9800.000
8400.000
14200.000
10800.000
11200.000
11200.000
13800.000
12800.000
10200.000
11800.000
12200.000
14000.000
13400.000
10600.000
11400.000
9000.000
9000.000
10800.000
10600.000
13600.000
12600.000
13000.000
14000.000
9200.000
10800.000
7800.000
10200.000
8800.000
8600.000
11400.000
10600.000
10600.000
9200.000
9800.000
9200.000
8200.000
8800.000
8600.000
9200.000
7800.000
7200.000
7800.000
8000.000
8200.000
5400.000
7600.000
5600.000
7000.000
6800.000
6400.000
6400.000
4200.000
4000.000
4000.000
5000.000
4400.000
4400.000
4400.000
4800.000
3800.000
3800.000
6200.000
5000.000
4800.000
5400.000
4400.000
4600.000
5400.000
6400.000
8200.000
4200.000
6800.000
4400.000
5400.000
5000.000
4000.000
5000.000
6800.000
4600.000
4600.000
3800.000
4400.000
4400.000
3400.000
5400.000
2400.000
4000.000
4200.000
4000.000
3200.000
4400.000
4800.000
4000.000
5600.000
4600.000
4800.000
4600.000
2400.000
3600.000
3800.000
4600.000
1600.000
5200.000
4600.000
4000.000
3000.000
5400.000
5400.000
3800.000
3800.000
3600.000
3600.000
4200.000
3800.000
3000.000
2400.000
2800.000
3800.000
1400.000
3400.000
4000.000
2200.000
3800.000
4400.000
3000.000
2400.000
4200.000
14400.000
16200.000
13800.000
13200.000
14400.000
12000.000
15600.000
13800.000
13600.000
13400.000
15000.000
13200.000
14000.000
12200.000
13000.000
12800.000
13600.000
13200.000
13800.000
14200.000
11000.000
14000.000
11200.000
13800.000
12000.000
12200.000
12000.000
15000.000
11400.000
12600.000
12000.000
11000.000
13600.000
8800.000
12400.000
13200.000
12000.000
10800.000
9400.000
10600.000
12000.000
15000.000
14600.000
11600.000
10000.000
12400.000
14000.000
13200.000
14800.000
13000.000
12600.000
17200.000
13600.000
14400.000
12400.000
15400.000
12000.000
12800.000
14000.000
9800.000
11800.000
13400.000
15400.000
13400.000
12800.000
11800.000
14400.000
8200.000
7200.000
9000.000
9400.000
9400.000
10200.000
8800.000
11600.000
9800.000
10200.000
13400.000
11000.000
14200.000
11200.000
14800.000
15600.000
10000.000
11600.000
12000.000
12400.000
12200.000
12800.000
13200.000
9400.000
10000.000
11800.000
13600.000
9200.000
15200.000
10600.000
14000.000
11200.000
9200.000
11200.000
9400.000
11200.000
9400.000
7600.000
7600.000
10000.000
11400.000
9800.000
8800.000
7200.000
7800.000
7000.000
7800.000
9400.000
7000.000
7800.000
8000.000
4800.000
5200.000
4800.000
11200.000
5400.000
5200.000
4400.000
4800.000
5600.000
4200.000
4000.000
5600.000
3800.000
5400.000
6600.000
5000.000
6000.000
5400.000
6000.000
7200.000
6800.000
8400.000
7000.000
5800.000
5600.000
6000.000
5200.000
5400.000
6200.000
4600.000
3400.000
6200.000
4600.000
3800.000
7000.000
3200.000
6400.000
5000.000
6200.000
5000.000
3800.000
4600.000
4000.000
5600.000
4400.000
4600.000
2800.000
4800.000
4600.000
5200.000
5400.000
3400.000
4600.000
5400.000
3400.000
4000.000
4800.000
4200.000
3200.000
2800.000
3200.000
2400.000
4600.000
4200.000
4200.000
5000.000
4800.000
3800.000
5200.000
3800.000
2600.000
3400.000
2600.000
2800.000
3400.000
4400.000
1000.000
2600.000
2600.000
3400.000
3000.000
2600.000
2400.000
14800.000
14400.000
13400.000
15200.000
12000.000
15200.000
13200.000
16800.000
13400.000
12600.000
12400.000
12400.000
12600.000
13200.000
12200.000
12200.000
16000.000
17000.000
11800.000
16200.000
12200.000
14600.000
12000.000
13600.000
15800.000
12400.000
14200.000
12400.000
12600.000
12400.000
15200.000
12400.000
12400.000
14800.000
14200.000
13800.000
15000.000
9800.000
12600.000
13600.000
14600.000
9800.000
12800.000
13400.000
12400.000
12200.000
13200.000
13200.000
14000.000
14400.000
14400.000
14800.000
14000.000
14800.000
11200.000
14600.000
18000.000
15200.000
13000.000
13800.000
12400.000
9600.000
13800.000
12400.000
10400.000
10200.000
10800.000
11000.000
13600.000
10000.000
12400.000
9200.000
12200.000
12600.000
9800.000
9200.000
13600.000
9800.000
9800.000
11000.000
12400.000
13400.000
13800.000
10000.000
13600.000
11800.000
14200.000
13200.000
11400.000
13800.000
12000.000
10800.000
11000.000
10000.000
10400.000
10200.000
12000.000
9000.000
11600.000
10600.000
9000.000
12400.000
9600.000
9600.000
11000.000
9600.000
10000.000
7800.000
11000.000
12000.000
9200.000
7000.000
7600.000
9200.000
7600.000
8200.000
8800.000
7800.000
5800.000
7600.000
8400.000
5800.000
8400.000
4800.000
7000.000
7800.000
7800.000
3800.000
6400.000
5400.000
3800.000
8000.000
4800.000
5800.000
4400.000
4800.000
6200.000
5200.000
4600.000
4800.000
6400.000
5400.000
4800.000
4400.000
6400.000
4000.000
4000.000
5600.000
4600.000
6200.000
4800.000
6600.000
6800.000
5000.000
5600.000
4600.000
5000.000
4400.000
5600.000
6000.000
4600.000
3600.000
6400.000
5000.000
4400.000
5200.000
6000.000
3200.000
3800.000
5800.000
2400.000
4000.000
5000.000
4600.000
3600.000
4200.000
4400.000
3000.000
5000.000
3400.000
4400.000
5600.000
5000.000
5400.000
4600.000
3000.000
3600.000
4200.000
5000.000
4000.000
4800.000
3400.000
3400.000
3200.000
3400.000
3800.000
3600.000
3200.000
2400.000
3400.000
3000.000
13800.000
15000.000
16000.000
14600.000
12800.000
15000.000
15800.000
15000.000
14200.000
15600.000
13800.000
12800.000
12800.000
16800.000
16000.000
13600.000
14400.000
17000.000
12800.000
13400.000
15800.000
12200.000
14200.000
11800.000
15200.000
16200.000
13600.000
11800.000
15600.000
14000.000
12600.000
13600.000
14600.000
13800.000
16000.000
14000.000
12600.000
13800.000
11800.000
15800.000
12600.000
15000.000
15000.000
12200.000
14800.000
12800.000
11600.000
14000.000
17800.000
13400.000
15400.000
15400.000
13400.000
12800.000
14000.000
11800.000
11800.000
13000.000
13800.000
15200.000
13000.000
15000.000
11400.000
14400.000
12200.000
12600.000
12800.000
12200.000
12400.000
11400.000
10000.000
11400.000
8400.000
9600.000
11000.000
10200.000
10200.000
14000.000
14000.000
12400.000
12800.000
13600.000
10800.000
13400.000
12600.000
16000.000
9800.000
12400.000
11000.000
11000.000
13800.000
12400.000
12400.000
13800.000
11200.000
13600.000
8000.000
10000.000
9000.000
11200.000
9800.000
14000.000
11400.000
10600.000
8400.000
13800.000
9800.000
12200.000
10000.000
9200.000
10000.000
10600.000
9400.000
10000.000
8400.000
8400.000
6400.000
8400.000
9800.000
8200.000
8000.000
6800.000
8600.000
7600.000
5600.000
5200.000
4800.000
5000.000
6600.000
5800.000
6800.000
5800.000
7400.000
8200.000
5800.000
6200.000
6000.000
5000.000
4400.000
5000.000
6800.000
6200.000
7200.000
5800.000
5000.000
5600.000
4200.000
7000.000
5000.000
6000.000
5200.000
6200.000
7000.000
4600.000
4800.000
4200.000
5400.000
7600.000
6200.000
6200.000
5000.000
5000.000
5000.000
4200.000
3400.000
4600.000
4200.000
5200.000
6600.000
4600.000
4200.000
3600.000
4200.000
4000.000
5400.000
3600.000
4200.000
4000.000
2200.000
4600.000
4200.000
4400.000
2600.000
5800.000
4000.000
4000.000
2800.000
3200.000
3800.000
3200.000
3000.000
3400.000
3200.000
4200.000
5000.000
5400.000
1800.000
2000.000
4200.000
3600.000
2800.000
16400.000
15200.000
15400.000
15600.000
16600.000
15600.000
12400.000
12800.000
14800.000
12200.000
13400.000
12200.000
10200.000
16000.000
15200.000
15200.000
12800.000
12200.000
13200.000
15000.000
13000.000
13600.000
16200.000
12400.000
12200.000
16200.000
14600.000
12400.000
16600.000
13000.000
14000.000
13400.000
12000.000
15600.000
14600.000
11400.000
12200.000
14200.000
13800.000
12600.000
15000.000
10800.000
11400.000
16600.000
13000.000
15400.000
12000.000
13400.000
16000.000
17600.000
11200.000
18600.000
13600.000
13400.000
17600.000
14200.000
15000.000
10800.000
11000.000
15600.000
13200.000
14600.000
14200.000
11600.000
16400.000
12400.000
12400.000
13400.000
9400.000
15000.000
11800.000
10800.000
12000.000
9200.000
9600.000
9400.000
12000.000
11800.000
12800.000
12800.000
13400.000
10400.000
8600.000
12000.000
13200.000
12400.000
15000.000
13400.000
12400.000
11200.000
13200.000
12000.000
11200.000
11200.000
10200.000
13400.000
10400.000
9800.000
13400.000
11800.000
12600.000
11600.000
12000.000
7600.000
10200.000
11600.000
9800.000
10800.000
6600.000
9800.000
8200.000
6600.000
8200.000
8400.000
7800.000
7000.000
8200.000
7600.000
7200.000
5400.000
7200.000
8800.000
8200.000
8200.000
8600.000
4800.000
6000.000
5400.000
7200.000
6800.000
5800.000
4800.000
6000.000
4800.000
5600.000
4800.000
6200.000
5000.000
5200.000
6200.000
5200.000
5800.000
5200.000
6200.000
4400.000
5200.000
5200.000
5400.000
6200.000
4200.000
3800.000
2800.000
5800.000
5200.000
4800.000
5400.000
4600.000
4400.000
5400.000
2600.000
6400.000
5800.000
4800.000
5600.000
4800.000
6200.000
6400.000
4600.000
5400.000
5800.000
5600.000
3200.000
4200.000
4400.000
3000.000
5200.000
4200.000
4600.000
4200.000
4200.000
3800.000
3000.000
3400.000
4000.000
4200.000
4200.000
2200.000
3400.000
4800.000
3600.000
3000.000
3200.000
4200.000
3800.000
4400.000
3200.000
4200.000
3400.000
3800.000
3600.000
2600.000
15000.000
17200.000
18400.000
14800.000
16600.000
13200.000
15400.000
13600.000
18000.000
16600.000
16200.000
15200.000
14400.000
14000.000
14200.000
16600.000
13400.000
13200.000
13800.000
14200.000
12400.000
12200.000
12400.000
12000.000
15600.000
14600.000
14000.000
15800.000
14000.000
14000.000
13400.000
14600.000
15600.000
12600.000
12000.000
13000.000
13000.000
11600.000
9800.000
12000.000
14600.000
13600.000
12400.000
11400.000
11200.000
13000.000
15600.000
13000.000
14000.000
13400.000
16400.000
16200.000
16200.000
16400.000
15200.000
15600.000
16200.000
14200.000
14400.000
10400.000
14800.000
13800.000
12800.000
10400.000
15800.000
9600.000
13600.000
16600.000
13600.000
14200.000
13200.000
10600.000
9000.000
11600.000
12800.000
8400.000
15000.000
10200.000
16600.000
11800.000
12200.000
11800.000
12800.000
11800.000
11400.000
13200.000
8000.000
12800.000
12800.000
10400.000
11600.000
13600.000
11200.000
10200.000
13400.000
9000.000
11800.000
10200.000
12600.000
12200.000
12200.000
9800.000
10400.000
11200.000
9200.000
9400.000
8800.000
9200.000
9200.000
10400.000
10200.000
7600.000
9000.000
10000.000
7600.000
8400.000
8000.000
7200.000
7200.000
8000.000
7000.000
6400.000
8000.000
7800.000
6000.000
6600.000
6200.000
8600.000
4400.000
6600.000
5200.000
5400.000
7400.000
5800.000
6000.000
5800.000
6400.000
5600.000
6200.000
6000.000
4600.000
4400.000
6600.000
6600.000
7600.000
5200.000
5200.000
5200.000
5000.000
7000.000
5200.000
5000.000
6600.000
6400.000
5600.000
5000.000
5200.000
4400.000
4000.000
4800.000
5800.000
5200.000
4400.000
4400.000
4200.000
5200.000
5000.000
3400.000
5400.000
4400.000
3000.000
4400.000
3800.000
6000.000
5000.000
5200.000
5400.000
2400.000
4200.000
2600.000
4400.000
2800.000
5000.000
6400.000
3200.000
2400.000
4600.000
2400.000
3400.000
3800.000
2800.000
2200.000
3200.000
4400.000
3200.000
3600.000
2600.000
3400.000
2600.000
4400.000
3400.000
16000.000
19800.000
14400.000
12200.000
13800.000
15800.000
14200.000
13000.000
12600.000
14400.000
13600.000
14600.000
13200.000
15400.000
14000.000
16000.000
10800.000
14400.000
13000.000
13800.000
13800.000
14200.000
14200.000
13600.000
13800.000
17000.000
13400.000
13200.000
12600.000
11600.000
13600.000
13800.000
16200.000
14200.000
13400.000
12000.000
13800.000
12000.000
10600.000
12600.000
12000.000
12800.000
10600.000
14400.000
12600.000
12000.000
12200.000
12600.000
13800.000
13400.000
16200.000
12600.000
14600.000
16600.000
13800.000
13400.000
15800.000
14800.000
13600.000
14600.000
14400.000
13800.000
13800.000
14000.000
14000.000
14600.000
10000.000
11200.000
11200.000
11800.000
12200.000
14800.000
11000.000
10600.000
11600.000
10400.000
9800.000
13800.000
9800.000
12400.000
11600.000
13400.000
13000.000
13400.000
14800.000
12600.000
10600.000
10600.000
13200.000
12000.000
11400.000
10400.000
12400.000
9600.000
12200.000
13600.000
13000.000
11000.000
12000.000
10000.000
10200.000
7800.000
9200.000
9200.000
9200.000
11200.000
9800.000
10200.000
9200.000
8000.000
10000.000
11600.000
11600.000
11200.000
8400.000
10200.000
7400.000
7200.000
6400.000
9400.000
5600.000
7400.000
7400.000
7000.000
7400.000
6200.000
5400.000
6000.000
7200.000
4600.000
8000.000
7800.000
9800.000
6000.000
5200.000
4400.000
6800.000
3400.000
7000.000
4800.000
6000.000
5600.000
5400.000
9000.000
6600.000
6600.000
4600.000
4600.000
6600.000
6800.000
4200.000
4600.000
5800.000
5800.000
5600.000
7000.000
5600.000
6800.000
4200.000
3600.000
6200.000
5400.000
3600.000
3600.000
3400.000
7400.000
3600.000
4800.000
5000.000
5000.000
4600.000
5200.000
5000.000
6200.000
3600.000
4600.000
3800.000
5200.000
4800.000
4000.000
6200.000
2600.000
4400.000
4800.000
4000.000
3200.000
2400.000
4600.000
5400.000
3400.000
2800.000
3600.000
4400.000
5200.000
3200.000
4200.000
2000.000
2200.000
3400.000
3200.000
4000.000
14600.000
16400.000
15000.000
18000.000
17400.000
15800.000
16000.000
16600.000
12600.000
16600.000
15400.000
16800.000
12000.000
11800.000
14000.000
14000.000
15400.000
14400.000
13400.000
14000.000
13800.000
11600.000
15400.000
14800.000
13200.000
14200.000
12800.000
16200.000
14800.000
12400.000
17200.000
14400.000
14600.000
13600.000
11800.000
14200.000
14000.000
14000.000
14800.000
11800.000
12600.000
10200.000
13000.000
15600.000
12600.000
12800.000
14600.000
14200.000
13800.000
12800.000
14000.000
14800.000
17200.000
14400.000
14200.000
16000.000
17800.000
14200.000
15000.000
12800.000
13400.000
17800.000
12600.000
12000.000
14800.000
14000.000
16400.000
12200.000
15400.000
9600.000
13400.000
13800.000
10800.000
11200.000
11400.000
13200.000
13000.000
14600.000
15000.000
13200.000
8800.000
11600.000
12800.000
10400.000
11200.000
13400.000
10400.000
12600.000
11200.000
15200.000
10800.000
10600.000
11800.000
13000.000
13800.000
12400.000
12000.000
10000.000
8800.000
9000.000
12200.000
10400.000
7600.000
7800.000
11000.000
10400.000
7000.000
7200.000
9400.000
7800.000
12000.000
9200.000
11600.000
8200.000
9200.000
9800.000
7200.000
6000.000
7000.000
9600.000
8400.000
5000.000
5800.000
6400.000
6600.000
7200.000
6800.000
5400.000
6600.000
8000.000
6000.000
5000.000
7400.000
6400.000
7600.000
5400.000
7200.000
5200.000
6600.000
5800.000
6600.000
5400.000
6600.000
4200.000
6200.000
5400.000
5800.000
7600.000
4400.000
4800.000
4800.000
6000.000
7600.000
5200.000
4800.000
4800.000
5400.000
5800.000
4800.000
5400.000
5400.000
4600.000
4800.000
5000.000
4800.000
5600.000
4000.000
5200.000
4600.000
5400.000
4400.000
4600.000
5800.000
3800.000
7400.000
5600.000
5200.000
4000.000
3600.000
4000.000
4400.000
2800.000
4000.000
4400.000
2400.000
3400.000
4400.000
2600.000
4200.000
3200.000
5800.000
3800.000
4200.000
3600.000
3800.000
3200.000
3400.000
3600.000
2600.000
3400.000
4000.000
12000.000
15200.000
18000.000
17400.000
18000.000
18400.000
13400.000
13200.000
12600.000
13600.000
16800.000
18200.000
15400.000
14000.000
11400.000
13000.000
14200.000
13200.000
13200.000
16000.000
14200.000
15800.000
13800.000
15200.000
11400.000
11200.000
14800.000
15600.000
14400.000
14000.000
12800.000
15400.000
12400.000
14200.000
9800.000
13800.000
12000.000
12800.000
15000.000
14000.000
13000.000
13400.000
15000.000
13800.000
13800.000
11600.000
13800.000
15000.000
12000.000
14000.000
18400.000
15000.000
17400.000
14400.000
16800.000
17200.000
14200.000
12400.000
14000.000
12800.000
13200.000
14600.000
15200.000
15600.000
16200.000
14000.000
11400.000
12200.000
14600.000
13600.000
11000.000
13400.000
12400.000
12400.000
14600.000
11800.000
12200.000
12400.000
12800.000
10200.000
11600.000
11400.000
11400.000
12200.000
10400.000
12800.000
15200.000
10800.000
13800.000
11400.000
13600.000
11200.000
13400.000
9400.000
13400.000
11800.000
12000.000
7600.000
10200.000
11600.000
10800.000
11200.000
9600.000
6600.000
10000.000
9600.000
8800.000
8000.000
8400.000
11000.000
9000.000
11200.000
7800.000
10600.000
8600.000
8000.000
7800.000
7800.000
6400.000
7200.000
6400.000
6800.000
6200.000
6400.000
8000.000
6400.000
6400.000
5200.000
4400.000
6000.000
7600.000
6000.000
6600.000
5400.000
6600.000
5000.000
6200.000
7600.000
7200.000
5200.000
4800.000
4400.000
7200.000
7000.000
5800.000
6200.000
5600.000
6400.000
5400.000
5400.000
3600.000
7400.000
4400.000
5600.000
7000.000
5000.000
4800.000
6000.000
5400.000
7200.000
4200.000
4800.000
5600.000
3200.000
4400.000
4800.000
6000.000
3400.000
5400.000
5600.000
4400.000
3600.000
5400.000
6600.000
3600.000
4000.000
4000.000
3600.000
3800.000
3400.000
3600.000
4600.000
6000.000
3600.000
4800.000
4000.000
3000.000
3800.000
6200.000
4200.000
4400.000
3000.000
3200.000
2800.000
2600.000
5200.000
3600.000
4000.000
3800.000
4400.000
1800.000
13400.000
17400.000
18800.000
15800.000
15800.000
17000.000
16200.000
14200.000
17400.000
14000.000
13600.000
14600.000
13200.000
15800.000
15600.000
16600.000
12800.000
14800.000
15200.000
17400.000
15200.000
16200.000
14000.000
16200.000
17800.000
16600.000
13600.000
14600.000
11000.000
11000.000
14400.000
12200.000
14400.000
13400.000
16000.000
14000.000
13800.000
11800.000
11400.000
11200.000
12600.000
14000.000
11800.000
12600.000
14000.000
13400.000
13800.000
14600.000
14600.000
11800.000
14200.000
15800.000
16800.000
15000.000
16000.000
15400.000
14400.000
13800.000
14600.000
15000.000
12200.000
16000.000
17200.000
17600.000
13400.000
13400.000
14800.000
16200.000
12600.000
11400.000
15000.000
16600.000
10800.000
12600.000
13600.000
12200.000
12600.000
15000.000
12200.000
10400.000
14600.000
14000.000
10400.000
12200.000
10200.000
10000.000
13000.000
11800.000
15200.000
11800.000
11000.000
14800.000
11600.000
14400.000
12600.000
11800.000
11800.000
10400.000
10000.000
10600.000
9400.000
10600.000
13800.000
8200.000
11200.000
11200.000
6200.000
9400.000
9000.000
8200.000
9400.000
7600.000
9200.000
9600.000
8400.000
9400.000
7800.000
8000.000
8000.000
8400.000
6200.000
5600.000
7600.000
6000.000
6200.000
6400.000
7600.000
6400.000
7600.000
6000.000
7200.000
5400.000
5400.000
6000.000
7400.000
5200.000
5200.000
9000.000
5800.000
7200.000
5800.000
4800.000
7000.000
5400.000
7800.000
6400.000
5200.000
3800.000
4600.000
5000.000
6200.000
6800.000
7200.000
6200.000
7200.000
5800.000
7000.000
5200.000
4200.000
6800.000
4600.000
5400.000
5600.000
4400.000
6800.000
6400.000
3000.000
3600.000
4600.000
4600.000
3000.000
5800.000
4000.000
3800.000
5200.000
2600.000
2800.000
4800.000
5800.000
3000.000
5800.000
2200.000
3000.000
5600.000
2800.000
4200.000
3400.000
5200.000
4200.000
3800.000
3800.000
3600.000
2800.000
3600.000
3600.000
3400.000
3200.000
4400.000
3600.000
2800.000
4200.000
16600.000
20800.000
16600.000
16200.000
16000.000
16400.000
16200.000
14400.000
13600.000
15600.000
16400.000
15000.000
15600.000
14800.000
14800.000
14400.000
14600.000
15200.000
9600.000
12800.000
12600.000
13800.000
13400.000
13600.000
15200.000
12000.000
16000.000
13800.000
15200.000
14200.000
14000.000
12800.000
15000.000
13800.000
12800.000
16800.000
11200.000
14400.000
16200.000
12000.000
12400.000
16600.000
11200.000
13400.000
11000.000
14000.000
12200.000
15800.000
14400.000
15800.000
14400.000
13200.000
16800.000
15200.000
15600.000
18000.000
12600.000
12200.000
16800.000
11000.000
9800.000
15000.000
15600.000
12600.000
17400.000
12000.000
15800.000
16800.000
13600.000
14600.000
14800.000
16400.000
12800.000
13200.000
13800.000
15200.000
10200.000
14000.000
12600.000
11600.000
13400.000
13400.000
11800.000
12600.000
12400.000
11600.000
15600.000
12200.000
16000.000
12400.000
11400.000
13800.000
10800.000
12400.000
11600.000
11000.000
12600.000
11600.000
8200.000
12000.000
10800.000
10000.000
13000.000
11400.000
9200.000
13000.000
11000.000
10200.000
8400.000
7800.000
9000.000
9400.000
9600.000
9200.000
12000.000
9800.000
8400.000
9400.000
7200.000
7600.000
8200.000
7600.000
7000.000
5000.000
6200.000
5200.000
8000.000
4200.000
7800.000
4200.000
7600.000
6800.000
6800.000
5600.000
7200.000
6400.000
5600.000
6000.000
4800.000
7600.000
4000.000
7000.000
7000.000
6200.000
6200.000
5600.000
3600.000
7400.000
5400.000
6200.000
5200.000
8800.000
7400.000
4000.000
5800.000
4400.000
5600.000
5200.000
3800.000
4600.000
5200.000
6200.000
4000.000
3600.000
3800.000
5200.000
4400.000
4400.000
5400.000
3200.000
5200.000
3000.000
4800.000
6000.000
3200.000
4600.000
2200.000
3800.000
5000.000
4200.000
3800.000
6000.000
5400.000
3600.000
4000.000
4000.000
4000.000
5400.000
3600.000
3000.000
1600.000
5200.000
3600.000
6000.000
3200.000
4400.000
4600.000
3400.000
4000.000
2600.000
3600.000
16000.000
16000.000
16200.000
14000.000
15600.000
15600.000
16600.000
16800.000
18400.000
16800.000
15800.000
15600.000
17400.000
11800.000
14000.000
15400.000
13200.000
12800.000
12600.000
11200.000
14600.000
14600.000
13600.000
13800.000
15000.000
13800.000
11800.000
15000.000
14400.000
16000.000
12000.000
11800.000
14200.000
12000.000
16400.000
15600.000
15800.000
11800.000
13000.000
13200.000
12400.000
12800.000
15800.000
12600.000
13000.000
14600.000
11800.000
15600.000
10800.000
13400.000
14200.000
15000.000
18000.000
17600.000
13600.000
13200.000
16800.000
17600.000
15600.000
14600.000
11600.000
16000.000
14800.000
14400.000
16000.000
13200.000
16600.000
17800.000
13600.000
12800.000
11800.000
13000.000
13800.000
11600.000
14800.000
15200.000
10200.000
14000.000
14600.000
12200.000
14000.000
12800.000
13800.000
13600.000
13200.000
11600.000
14800.000
13200.000
11800.000
12200.000
16000.000
14800.000
11200.000
12400.000
13400.000
9600.000
10600.000
10800.000
11200.000
13000.000
11400.000
9600.000
9600.000
10800.000
12200.000
6600.000
10400.000
8400.000
10400.000
9800.000
8600.000
10400.000
7600.000
10400.000
9800.000
6200.000
6600.000
8200.000
6400.000
8000.000
7200.000
7800.000
6800.000
6200.000
5400.000
5800.000
6400.000
6600.000
6800.000
5200.000
8800.000
8400.000
8200.000
5600.000
7200.000
8000.000
6000.000
5200.000
6000.000
4600.000
7000.000
6400.000
9200.000
7600.000
5400.000
5800.000
5600.000
6000.000
6200.000
7000.000
6800.000
7400.000
6400.000
4400.000
5800.000
5000.000
6400.000
4000.000
4800.000
4000.000
6200.000
4400.000
4400.000
4400.000
4000.000
4600.000
5200.000
5000.000
4400.000
4400.000
5400.000
5200.000
5800.000
4600.000
5000.000
4200.000
5000.000
2600.000
4600.000
2600.000
3800.000
4600.000
4200.000
5800.000
4400.000
4800.000
3800.000
5000.000
3400.000
4600.000
4600.000
3600.000
1400.000
5000.000
3600.000
4000.000
3400.000
4400.000
4200.000
4600.000
3800.000
13600.000
12400.000
16000.000
15200.000
16000.000
10800.000
15800.000
16800.000
13800.000
18000.000
15800.000
17000.000
12400.000
14800.000
12600.000
13600.000
14400.000
15200.000
12400.000
13800.000
15800.000
14800.000
15200.000
15400.000
13200.000
16200.000
16800.000
14000.000
15400.000
12800.000
13600.000
12000.000
12400.000
14200.000
15800.000
11200.000
12600.000
13400.000
13800.000
10600.000
15600.000
12200.000
10400.000
13400.000
17000.000
16000.000
17000.000
11200.000
12200.000
16600.000
16200.000
14400.000
18000.000
15200.000
15200.000
14600.000
14600.000
13400.000
14600.000
16800.000
10600.000
16400.000
14400.000
15200.000
13000.000
13400.000
13800.000
14200.000
13400.000
10800.000
13600.000
11800.000
12400.000
10200.000
13200.000
14800.000
13000.000
12400.000
12400.000
13600.000
13200.000
11600.000
12600.000
13600.000
14400.000
13600.000
14400.000
11000.000
17000.000
13400.000
10600.000
10200.000
12200.000
12600.000
9000.000
11200.000
9600.000
9200.000
12600.000
12000.000
10800.000
10600.000
8600.000
9400.000
11400.000
9000.000
9000.000
7600.000
10600.000
7400.000
8800.000
10200.000
8800.000
9200.000
8200.000
6600.000
7200.000
8200.000
7400.000
8200.000
8600.000
6400.000
7800.000
7800.000
6800.000
8000.000
6600.000
7000.000
7600.000
6800.000
7000.000
5400.000
7800.000
6000.000
8800.000
7800.000
6400.000
6800.000
5800.000
4800.000
6200.000
7800.000
6400.000
6000.000
6600.000
4800.000
8400.000
8400.000
6200.000
5800.000
4800.000
5200.000
4200.000
3800.000
4400.000
5200.000
4400.000
5000.000
4800.000
4600.000
3000.000
6600.000
3800.000
5200.000
3600.000
5200.000
4800.000
3600.000
6400.000
2600.000
6200.000
5400.000
6000.000
5200.000
5000.000
4600.000
4800.000
4600.000
4400.000
4400.000
4400.000
4800.000
4200.000
3400.000
4600.000
4200.000
3400.000
3800.000
4600.000
3400.000
3000.000
4600.000
4000.000
3000.000
4000.000
4000.000
1800.000
3400.000
4800.000
5000.000
3400.000
15800.000
14800.000
13800.000
15800.000
12400.000
13000.000
15800.000
15600.000
14800.000
18400.000
13000.000
14200.000
13600.000
15400.000
15000.000
17400.000
14800.000
15800.000
14600.000
15000.000
13600.000
12200.000
14600.000
12400.000
12400.000
15200.000
17400.000
10800.000
14200.000
14600.000
13600.000
18800.000
13600.000
12800.000
15200.000
12800.000
9800.000
14800.000
15800.000
16600.000
15000.000
15400.000
14200.000
11800.000
13800.000
14000.000
15400.000
14400.000
14400.000
15800.000
13200.000
15400.000
14600.000
16000.000
17400.000
15200.000
17200.000
16200.000
16800.000
16200.000
15400.000
16200.000
12000.000
16000.000
17600.000
11200.000
16400.000
14600.000
12800.000
14600.000
10600.000
12000.000
13200.000
12600.000
12800.000
12600.000
10000.000
10600.000
14800.000
13600.000
14600.000
15400.000
14400.000
11200.000
16400.000
13400.000
13400.000
14000.000
10000.000
13800.000
12400.000
15000.000
9800.000
12200.000
12600.000
12200.000
11400.000
12400.000
11000.000
10200.000
9800.000
13600.000
8400.000
10200.000
14200.000
9600.000
9600.000
8800.000
7600.000
12600.000
6600.000
8000.000
8800.000
7600.000
9600.000
8600.000
7800.000
9800.000
8200.000
8600.000
8400.000
5600.000
8000.000
7200.000
8400.000
8000.000
6000.000
6400.000
7200.000
8800.000
6200.000
6000.000
6400.000
8600.000
5200.000
7400.000
5600.000
6400.000
8000.000
7400.000
7600.000
7200.000
7400.000
8400.000
5800.000
7000.000
5800.000
6000.000
8200.000
7200.000
6800.000
5600.000
5200.000
6000.000
5000.000
5400.000
3800.000
6800.000
6600.000
7400.000
2800.000
4000.000
7200.000
4000.000
4000.000
3600.000
5200.000
4800.000
4600.000
4800.000
7200.000
6000.000
4000.000
5200.000
8000.000
5600.000
4600.000
4600.000
4200.000
4200.000
4600.000
3800.000
5000.000
3000.000
6000.000
3400.000
3600.000
7000.000
3400.000
2800.000
3400.000
3200.000
4000.000
5000.000
5000.000
4000.000
2600.000
4000.000
3800.000
1400.000
3400.000
13600.000
12200.000
11800.000
15800.000
13200.000
14400.000
15600.000
18800.000
15400.000
16200.000
16400.000
14600.000
15200.000
13400.000
15400.000
9600.000
12400.000
13200.000
12400.000
13400.000
15600.000
14800.000
10200.000
13800.000
14400.000
13200.000
15400.000
12000.000
14600.000
11800.000
12400.000
14400.000
15000.000
15800.000
12600.000
14000.000
17200.000
12600.000
14400.000
14800.000
15400.000
10800.000
14600.000
11400.000
12000.000
11600.000
15800.000
16800.000
16000.000
12400.000
13600.000
12600.000
13600.000
15800.000
14400.000
12400.000
15800.000
14400.000
14800.000
13200.000
17600.000
14600.000
15000.000
15600.000
12600.000
14200.000
16400.000
10800.000
13200.000
12200.000
12800.000
10800.000
12600.000
11200.000
12200.000
14200.000
12400.000
13600.000
10800.000
13200.000
16600.000
14600.000
13000.000
12000.000
12000.000
17600.000
14000.000
15400.000
16200.000
13600.000
15200.000
15000.000
12400.000
13600.000
15600.000
10200.000
11000.000
11800.000
10600.000
10600.000
10600.000
9600.000
7200.000
9400.000
9200.000
7400.000
7800.000
9200.000
7400.000
11000.000
9600.000
10000.000
10000.000
7800.000
8200.000
7600.000
7200.000
8400.000
7800.000
8600.000
6600.000
8200.000
9200.000
7600.000
7600.000
8000.000
7400.000
6400.000
6600.000
6800.000
6800.000
7400.000
7200.000
6600.000
6000.000
6200.000
7600.000
2800.000
7800.000
5800.000
6800.000
5200.000
8400.000
7400.000
6200.000
5400.000
7000.000
7400.000
7200.000
6600.000
4800.000
4600.000
6400.000
5200.000
5200.000
5400.000
5400.000
5800.000
6600.000
5200.000
5200.000
6000.000
5200.000
6400.000
5600.000
4000.000
4400.000
5600.000
3800.000
6600.000
4000.000
4200.000
4400.000
4000.000
4800.000
3800.000
4000.000
3400.000
3400.000
3000.000
3400.000
3200.000
5000.000
3400.000
4800.000
4400.000
3400.000
4800.000
4200.000
5600.000
2400.000
4000.000
2400.000
3000.000
1800.000
3000.000
2600.000
3400.000
3200.000
2800.000
5200.000
13800.000
16200.000
13800.000
14400.000
12600.000
12800.000
16600.000
18400.000
16200.000
16600.000
12000.000
11000.000
12400.000
18600.000
15800.000
14000.000
14600.000
10800.000
16400.000
14200.000
14000.000
12200.000
13400.000
13600.000
13200.000
13000.000
11000.000
12000.000
13600.000
14400.000
11400.000
14200.000
15000.000
13600.000
12800.000
15200.000
11400.000
12200.000
12000.000
13400.000
13200.000
15200.000
11200.000
12200.000
13200.000
15800.000
13400.000
12200.000
9800.000
16000.000
12200.000
15000.000
14000.000
17400.000
14000.000
14600.000
13800.000
14000.000
18000.000
16400.000
13800.000
11600.000
16800.000
13400.000
15600.000
12800.000
11600.000
15600.000
14400.000
11200.000
12000.000
13600.000
12000.000
11600.000
12200.000
13800.000
9400.000
14600.000
11400.000
11000.000
12400.000
13400.000
14200.000
15200.000
12800.000
14000.000
13000.000
10600.000
12400.000
8800.000
10800.000
12400.000
14400.000
9400.000
13400.000
9600.000
12000.000
11600.000
11200.000
13000.000
10800.000
10000.000
12200.000
7600.000
11200.000
9200.000
10200.000
10600.000
9400.000
10400.000
11400.000
8400.000
6600.000
6800.000
9200.000
8800.000
8000.000
7200.000
7800.000
8800.000
6400.000
8000.000
7200.000
8000.000
6200.000
7800.000
9600.000
8400.000
8400.000
5800.000
6400.000
8400.000
4800.000
7400.000
8800.000
9000.000
7000.000
5200.000
5200.000
6600.000
6600.000
7000.000
7200.000
8400.000
5200.000
6800.000
4000.000
6400.000
7600.000
5600.000
5200.000
4200.000
4200.000
5400.000
5800.000
4200.000
6000.000
2400.000
4200.000
4200.000
7000.000
5400.000
5200.000
4200.000
7200.000
4800.000
5400.000
4600.000
6200.000
3400.000
3000.000
4000.000
3200.000
4600.000
2600.000
5600.000
4400.000
3200.000
6000.000
3800.000
3200.000
5400.000
4400.000
5000.000
4000.000
5000.000
3800.000
3200.000
4000.000
3000.000
5000.000
4400.000
6000.000
3200.000
5000.000
2800.000
5600.000
3600.000
3400.000
3800.000
5000.000
16400.000
12600.000
16200.000
15400.000
14200.000
13600.000
16200.000
18600.000
14800.000
16400.000
19000.000
16600.000
16600.000
14400.000
16400.000
16200.000
17600.000
16000.000
16400.000
13800.000
12800.000
12200.000
15400.000
15000.000
11600.000
18800.000
16600.000
14200.000
13000.000
14400.000
16000.000
11800.000
13600.000
15400.000
12200.000
13400.000
11200.000
14000.000
14200.000
16000.000
14800.000
15600.000
10800.000
12800.000
14600.000
16600.000
16200.000
12400.000
18200.000
12800.000
14200.000
13200.000
13200.000
14800.000
12800.000
17000.000
14600.000
14400.000
15400.000
20400.000
12800.000
16400.000
14400.000
13600.000
15200.000
12200.000
13800.000
10600.000
12800.000
14600.000
14000.000
13200.000
13200.000
13800.000
10400.000
9800.000
14400.000
10800.000
14600.000
14800.000
13000.000
15000.000
14200.000
15000.000
12800.000
14800.000
12600.000
12000.000
13000.000
13400.000
16000.000
11800.000
12600.000
12000.000
14200.000
11600.000
13400.000
14000.000
10800.000
13000.000
10400.000
10200.000
12200.000
11400.000
12000.000
11000.000
12000.000
10600.000
7000.000
9200.000
9800.000
9000.000
10200.000
10400.000
11200.000
10400.000
8000.000
6000.000
9200.000
8800.000
8200.000
9600.000
6400.000
7800.000
8200.000
10200.000
7600.000
5600.000
8800.000
8000.000
5200.000
7800.000
7200.000
6400.000
6600.000
6600.000
4600.000
7400.000
4200.000
4600.000
4600.000
4800.000
6600.000
4400.000
6400.000
4400.000
6200.000
5800.000
5600.000
7600.000
3600.000
6200.000
2600.000
5000.000
4400.000
5200.000
5200.000
4000.000
4800.000
4400.000
6000.000
5600.000
5000.000
5000.000
4800.000
5400.000
4000.000
6000.000
4400.000
4000.000
3000.000
4000.000
5000.000
5400.000
4400.000
5600.000
5600.000
4200.000
6000.000
3000.000
4200.000
3600.000
3800.000
3800.000
2600.000
3600.000
2600.000
3000.000
3600.000
3600.000
3800.000
3800.000
2800.000
3600.000
3000.000
3800.000
2400.000
4400.000
3200.000
3800.000
3800.000
14000.000
14600.000
16400.000
14000.000
13600.000
15400.000
15800.000
16200.000
13800.000
15600.000
14000.000
14800.000
15400.000
14000.000
15400.000
14400.000
16600.000
14600.000
14200.000
14200.000
13000.000
13400.000
14200.000
14800.000
13600.000
14200.000
13600.000
14000.000
11600.000
14400.000
16200.000
12000.000
15000.000
15200.000
15800.000
14400.000
14000.000
14800.000
14000.000
16600.000
14400.000
13800.000
10000.000
11400.000
15000.000
14800.000
12200.000
11600.000
14000.000
12400.000
14600.000
16000.000
20800.000
15800.000
14000.000
16800.000
19800.000
14800.000
14000.000
16400.000
13600.000
14000.000
16200.000
17000.000
15600.000
14000.000
14800.000
13400.000
13200.000
11600.000
14800.000
14600.000
13600.000
15200.000
14000.000
12000.000
12800.000
12000.000
12800.000
12000.000
13400.000
12600.000
15400.000
11200.000
13200.000
14600.000
13000.000
13400.000
13400.000
11800.000
13800.000
13600.000
14000.000
12600.000
13000.000
11200.000
15200.000
11200.000
11000.000
11200.000
11000.000
8600.000
9600.000
10800.000
12200.000
7400.000
9200.000
10000.000
8600.000
9400.000
9800.000
8800.000
11000.000
9800.000
7200.000
8600.000
9400.000
7000.000
11200.000
9800.000
9200.000
10600.000
7800.000
10400.000
9200.000
8600.000
6800.000
9000.000
7400.000
8200.000
8600.000
6400.000
6800.000
5600.000
8000.000
6200.000
7400.000
8800.000
4000.000
7000.000
8200.000
6200.000
6400.000
5800.000
6400.000
6000.000
6200.000
4800.000
5800.000
6000.000
4200.000
4600.000
3400.000
5200.000
5000.000
7000.000
6400.000
7000.000
5000.000
6000.000
5400.000
4200.000
5800.000
6200.000
5600.000
5200.000
3600.000
3800.000
5400.000
4200.000
3200.000
3600.000
5000.000
5200.000
3800.000
4400.000
3800.000
3800.000
4800.000
4800.000
4400.000
6200.000
4800.000
3400.000
2800.000
3800.000
4600.000
4400.000
5800.000
4800.000
3800.000
4200.000
3800.000
4000.000
2800.000
3400.000
3800.000
3600.000
2400.000
2600.000
3800.000
14000.000
17600.000
11800.000
14400.000
13200.000
15600.000
13000.000
13800.000
15600.000
14200.000
16000.000
17000.000
13600.000
15800.000
13800.000
15000.000
14600.000
11000.000
13800.000
13400.000
13000.000
13000.000
10200.000
14000.000
13400.000
16800.000
15000.000
15000.000
15000.000
12000.000
17000.000
15600.000
14800.000
14800.000
14200.000
11800.000
15000.000
13000.000
15400.000
19200.000
15600.000
12400.000
14200.000
12600.000
15000.000
13800.000
13000.000
15200.000
14800.000
12800.000
18200.000
12200.000
16000.000
14400.000
13000.000
15000.000
15800.000
10000.000
16200.000
14200.000
13200.000
13000.000
13800.000
14000.000
16200.000
10800.000
14600.000
14000.000
14400.000
13200.000
12200.000
12000.000
11800.000
9600.000
12000.000
12200.000
11800.000
11600.000
13400.000
15200.000
13200.000
13400.000
13600.000
11800.000
12400.000
10800.000
14800.000
12200.000
17800.000
15000.000
11000.000
10600.000
14400.000
13600.000
12600.000
11000.000
11000.000
15000.000
9400.000
11000.000
13000.000
9000.000
10200.000
10800.000
10400.000
10600.000
10200.000
11200.000
10200.000
8600.000
12200.000
10800.000
9800.000
8600.000
8200.000
9600.000
10800.000
8800.000
9600.000
6800.000
9400.000
8600.000
10600.000
8600.000
8400.000
8400.000
6000.000
7200.000
7200.000
5600.000
8000.000
10200.000
8200.000
10200.000
7000.000
5600.000
7400.000
7200.000
7600.000
8200.000
6200.000
7400.000
8200.000
5200.000
6400.000
6000.000
5000.000
6800.000
7000.000
6400.000
5200.000
5200.000
5800.000
3800.000
4600.000
4000.000
5000.000
4800.000
5200.000
5800.000
4200.000
4600.000
4800.000
3200.000
3000.000
5200.000
3600.000
5600.000
5200.000
3800.000
4800.000
4200.000
5200.000
5800.000
6400.000
4600.000
4000.000
5200.000
6200.000
4200.000
5200.000
5200.000
3800.000
3400.000
3800.000
3200.000
3600.000
4600.000
3200.000
3400.000
4800.000
2400.000
2800.000
3400.000
3600.000
3000.000
2200.000
3000.000
4000.000
3400.000
3400.000
14000.000
16800.000
11800.000
12200.000
18000.000
14400.000
12600.000
15200.000
15400.000
21000.000
16000.000
16000.000
17200.000
15200.000
15800.000
11400.000
15000.000
14200.000
13800.000
14400.000
15400.000
15600.000
13600.000
13000.000
13200.000
15600.000
11600.000
16200.000
13000.000
17400.000
15200.000
14400.000
17200.000
17000.000
16000.000
16600.000
15600.000
14200.000
12200.000
13600.000
15000.000
14400.000
13800.000
13800.000
14400.000
12800.000
14000.000
13000.000
14000.000
14600.000
15800.000
14000.000
12200.000
13200.000
13000.000
12800.000
15800.000
16200.000
19200.000
13800.000
16600.000
12400.000
17000.000
12600.000
13000.000
14800.000
17000.000
17400.000
15600.000
11000.000
14000.000
12400.000
15400.000
10200.000
10800.000
10800.000
13600.000
14800.000
14200.000
15000.000
12200.000
14600.000
10800.000
14600.000
14400.000
15800.000
14800.000
16000.000
13800.000
10800.000
15800.000
13200.000
16800.000
13000.000
12400.000
11000.000
11000.000
13000.000
12200.000
11600.000
7600.000
10400.000
12000.000
8000.000
10600.000
9200.000
8600.000
10600.000
12400.000
10800.000
11000.000
10400.000
10000.000
10400.000
11200.000
7600.000
7200.000
9200.000
8400.000
9600.000
7800.000
5800.000
8600.000
7600.000
9200.000
10800.000
8200.000
8000.000
8400.000
8200.000
8000.000
8000.000
9200.000
9600.000
6400.000
8200.000
7600.000
7000.000
6200.000
5200.000
7400.000
7000.000
7200.000
6000.000
4800.000
9400.000
3800.000
7200.000
5400.000
5400.000
5400.000
5800.000
5800.000
5800.000
6000.000
6000.000
4600.000
6000.000
6200.000
6200.000
4800.000
4200.000
7200.000
5600.000
4400.000
3600.000
6600.000
4000.000
3400.000
4400.000
3800.000
8800.000
3200.000
3000.000
6600.000
6000.000
3200.000
5000.000
3000.000
4800.000
2800.000
2600.000
5800.000
4200.000
3800.000
5200.000
4800.000
4600.000
3600.000
4000.000
3600.000
4000.000
3200.000
5000.000
4200.000
5200.000
6200.000
5400.000
3800.000
2200.000
3000.000
14000.000
12200.000
15400.000
13600.000
17000.000
13000.000
16400.000
17000.000
10600.000
15400.000
14800.000
12600.000
14400.000
12400.000
11600.000
18200.000
14400.000
15000.000
13600.000
12800.000
15400.000
16000.000
12400.000
13400.000
12400.000
12600.000
13600.000
14200.000
13000.000
16600.000
10800.000
15400.000
15400.000
14000.000
13400.000
14400.000
14600.000
12800.000
13800.000
15600.000
14800.000
12600.000
12000.000
15000.000
13800.000
11000.000
14200.000
14400.000
12200.000
13200.000
15600.000
14200.000
10800.000
17800.000
14000.000
12400.000
16200.000
12800.000
13600.000
11600.000
12800.000
12800.000
11800.000
13800.000
12800.000
14400.000
12800.000
14600.000
11000.000
12800.000
10400.000
11400.000
13000.000
14000.000
12600.000
14200.000
12600.000
12400.000
13600.000
13600.000
11000.000
15600.000
11800.000
11600.000
10600.000
12000.000
12400.000
13800.000
12800.000
13400.000
13800.000
12800.000
13000.000
11200.000
12400.000
12200.000
9800.000
11400.000
13600.000
11000.000
11800.000
10200.000
9800.000
10800.000
10000.000
12200.000
8200.000
11400.000
12400.000
11000.000
13200.000
8800.000
11400.000
9600.000
7800.000
7000.000
10200.000
7400.000
10600.000
8000.000
9600.000
9400.000
11600.000
8200.000
7600.000
10400.000
6200.000
7000.000
7600.000
6000.000
8200.000
9400.000
8400.000
7400.000
6200.000
9000.000
6600.000
8800.000
8200.000
7200.000
7400.000
7600.000
4800.000
6800.000
5200.000
4800.000
6400.000
5800.000
4600.000
5800.000
4800.000
4200.000
5800.000
5200.000
5400.000
4200.000
3600.000
3800.000
4800.000
4200.000
4800.000
6000.000
3200.000
7000.000
4400.000
4800.000
4200.000
4000.000
5600.000
5600.000
6200.000
5800.000
9000.000
6200.000
4600.000
5000.000
4400.000
3200.000
4800.000
5200.000
2600.000
4800.000
3400.000
3800.000
4200.000
3600.000
4600.000
4200.000
4400.000
2200.000
2400.000
4000.000
3600.000
4400.000
3000.000
3000.000
3800.000
4000.000
2400.000
2800.000
3000.000
16200.000
14000.000
14200.000
12400.000
12800.000
14800.000
14000.000
15000.000
15400.000
14000.000
14600.000
14400.000
13000.000
10600.000
15000.000
18000.000
14600.000
14800.000
12800.000
11000.000
11200.000
15200.000
13000.000
14600.000
13200.000
11400.000
13400.000
14400.000
11400.000
16000.000
14800.000
12600.000
12600.000
15600.000
14800.000
16400.000
13400.000
17000.000
13800.000
12400.000
13000.000
12800.000
11800.000
13400.000
17400.000
12200.000
16000.000
14600.000
14000.000
15800.000
13200.000
10600.000
12000.000
12200.000
12600.000
15200.000
15600.000
17600.000
12200.000
15400.000
14200.000
12800.000
13800.000
14400.000
16200.000
12400.000
12200.000
14400.000
14400.000
14400.000
16600.000
17200.000
11400.000
10200.000
11400.000
12200.000
12800.000
11000.000
13000.000
12400.000
13200.000
14400.000
12000.000
14800.000
13400.000
13000.000
16800.000
14400.000
12800.000
12400.000
15000.000
11600.000
13000.000
12000.000
9600.000
13000.000
11600.000
12400.000
13600.000
11800.000
8200.000
14400.000
12400.000
8800.000
12200.000
11600.000
14800.000
11200.000
9200.000
10600.000
11400.000
11600.000
7000.000
6600.000
7800.000
9200.000
6400.000
10600.000
7200.000
9400.000
8800.000
9400.000
7200.000
7400.000
7800.000
8800.000
7000.000
5800.000
8200.000
9400.000
9200.000
4800.000
9600.000
9600.000
8200.000
8000.000
8000.000
8200.000
5200.000
7600.000
6200.000
5800.000
6400.000
4800.000
5800.000
6600.000
7000.000
5200.000
5200.000
5800.000
6200.000
5400.000
5000.000
6400.000
3600.000
5600.000
3600.000
4600.000
6200.000
4800.000
5800.000
5600.000
4400.000
5000.000
3800.000
5000.000
5200.000
6800.000
5200.000
3400.000
5600.000
4200.000
4800.000
5200.000
4800.000
4000.000
6200.000
4400.000
3800.000
3200.000
4600.000
5400.000
4400.000
5800.000
4000.000
5000.000
3800.000
3400.000
4600.000
6000.000
4400.000
4400.000
3600.000
5200.000
2800.000
3000.000
5200.000
3200.000
4000.000
3000.000
4000.000
16800.000
13000.000
15400.000
12800.000
16200.000
12400.000
11200.000
16800.000
16600.000
12200.000
13800.000
18000.000
15800.000
15000.000
15000.000
15400.000
10400.000
13400.000
12200.000
13000.000
14800.000
11200.000
14200.000
14200.000
12600.000
10200.000
15000.000
15600.000
12800.000
11000.000
13200.000
19000.000
17000.000
13600.000
14800.000
12000.000
14600.000
15800.000
11000.000
13800.000
16000.000
17400.000
18000.000
11400.000
13600.000
14200.000
13600.000
12000.000
12600.000
13000.000
14400.000
14000.000
14800.000
11800.000
14000.000
14200.000
13800.000
12000.000
12800.000
14400.000
14000.000
14400.000
13400.000
12600.000
18200.000
12400.000
13000.000
16800.000
13400.000
12400.000
12200.000
12200.000
12000.000
12400.000
14400.000
12000.000
14200.000
11800.000
15600.000
12600.000
15600.000
13800.000
15400.000
16200.000
15400.000
15000.000
13400.000
15000.000
13600.000
18200.000
16200.000
15400.000
13200.000
13000.000
12800.000
11600.000
10000.000
12000.000
13200.000
10800.000
10200.000
12200.000
11600.000
10800.000
11400.000
12600.000
8400.000
12800.000
10800.000
10400.000
10800.000
10200.000
9400.000
8600.000
9200.000
7800.000
6800.000
10200.000
7800.000
9800.000
9200.000
6600.000
7400.000
7600.000
7600.000
9200.000
9200.000
7800.000
8400.000
7600.000
8000.000
6600.000
6200.000
6400.000
5400.000
7600.000
5400.000
7800.000
6400.000
6000.000
7600.000
6000.000
7000.000
8800.000
5400.000
9000.000
7000.000
4600.000
6400.000
6600.000
5600.000
4000.000
2400.000
5400.000
5200.000
3800.000
6000.000
5200.000
5800.000
5800.000
6000.000
3600.000
4200.000
3600.000
7600.000
5800.000
6200.000
4800.000
3800.000
5600.000
2400.000
6200.000
6000.000
6000.000
4600.000
5800.000
3200.000
6200.000
5200.000
6000.000
3400.000
3000.000
3600.000
4400.000
4000.000
3200.000
5200.000
3600.000
3600.000
4800.000
4800.000
3000.000
4000.000
4000.000
4200.000
5000.000
4200.000
4800.000
1600.000
2400.000
2800.000
16200.000
13800.000
10400.000
16400.000
12600.000
13800.000
14600.000
14400.000
15800.000
13600.000
11600.000
15400.000
14400.000
16200.000
12400.000
13200.000
15000.000
13400.000
14000.000
13600.000
15400.000
14800.000
11400.000
10800.000
12800.000
12000.000
12600.000
12200.000
13000.000
12800.000
11400.000
15600.000
11000.000
12000.000
13800.000
12800.000
13200.000
14000.000
15600.000
15600.000
13600.000
14600.000
12600.000
12000.000
11000.000
13000.000
12600.000
13800.000
10400.000
13200.000
10600.000
10800.000
12200.000
12200.000
14800.000
10600.000
15000.000
13800.000
14200.000
13800.000
14000.000
12400.000
12800.000
14000.000
12000.000
10400.000
14000.000
13400.000
11600.000
14200.000
12400.000
11800.000
13000.000
11400.000
12400.000
12000.000
13400.000
13200.000
13000.000
10600.000
12200.000
16400.000
11800.000
13000.000
13800.000
9400.000
11800.000
11200.000
12400.000
11400.000
12400.000
9600.000
13800.000
11800.000
12800.000
11000.000
14800.000
11600.000
13800.000
13400.000
12000.000
10400.000
12600.000
9800.000
10600.000
10000.000
10200.000
11600.000
10200.000
12800.000
8600.000
10000.000
10600.000
7200.000
7200.000
8800.000
9800.000
9800.000
7200.000
7600.000
9000.000
9200.000
10400.000
9000.000
7800.000
10000.000
8600.000
10400.000
7000.000
10000.000
8000.000
7200.000
6400.000
7600.000
7800.000
9000.000
8800.000
6600.000
6200.000
7800.000
8000.000
6800.000
6600.000
7000.000
7000.000
5600.000
7000.000
6000.000
4200.000
5400.000
4400.000
4200.000
5200.000
4400.000
4000.000
7000.000
6400.000
4400.000
4800.000
3200.000
5400.000
4400.000
4400.000
4200.000
6200.000
5600.000
5200.000
5000.000
5400.000
5400.000
6800.000
5000.000
3400.000
5800.000
6000.000
4000.000
6200.000
4800.000
3800.000
4200.000
2800.000
5000.000
3800.000
3800.000
3400.000
5000.000
5000.000
4000.000
5800.000
3800.000
3200.000
3400.000
4000.000
3400.000
2800.000
2200.000
5600.000
3600.000
4400.000
5200.000
5000.000
13800.000
14400.000
12400.000
12600.000
15000.000
11400.000
13400.000
12800.000
15400.000
13000.000
15000.000
12600.000
13200.000
13200.000
14400.000
14400.000
10600.000
9800.000
12600.000
15400.000
12800.000
11000.000
11400.000
13200.000
12200.000
14000.000
13400.000
10200.000
12000.000
13400.000
12400.000
14800.000
12200.000
11400.000
15800.000
14000.000
14200.000
13600.000
14400.000
12000.000
10600.000
11400.000
12800.000
12800.000
9000.000
15400.000
11200.000
13000.000
12200.000
15200.000
10800.000
12400.000
11200.000
15800.000
15200.000
10400.000
13000.000
12200.000
11800.000
13400.000
14000.000
11200.000
11800.000
12000.000
11000.000
13200.000
14200.000
15800.000
12400.000
11600.000
8400.000
11400.000
12800.000
11600.000
10600.000
12200.000
11800.000
10800.000
12200.000
12000.000
12200.000
12000.000
11200.000
13600.000
10400.000
12400.000
10400.000
13200.000
12800.000
12800.000
14600.000
12400.000
14000.000
10000.000
16600.000
12800.000
10200.000
12600.000
12600.000
12400.000
11800.000
12600.000
14800.000
14400.000
11200.000
12400.000
13000.000
12400.000
10400.000
10200.000
12200.000
10000.000
8800.000
10800.000
8200.000
7000.000
10600.000
11400.000
10800.000
9000.000
9200.000
7400.000
9400.000
4000.000
9000.000
7400.000
8200.000
7000.000
8600.000
9200.000
7400.000
8000.000
8000.000
8600.000
7000.000
9000.000
8800.000
6800.000
7400.000
6600.000
5800.000
6800.000
7000.000
7400.000
6400.000
6200.000
7000.000
7000.000
5600.000
6400.000
8000.000
5400.000
5800.000
3800.000
4400.000
4200.000
4200.000
5000.000
5800.000
5200.000
6200.000
4800.000
5800.000
6200.000
4800.000
3400.000
4800.000
5000.000
4200.000
6600.000
7400.000
6000.000
5200.000
5400.000
5200.000
6000.000
4400.000
3800.000
3800.000
5200.000
2600.000
1400.000
4200.000
5200.000
2400.000
3600.000
4200.000
4800.000
3200.000
5200.000
3800.000
3200.000
5000.000
3200.000
3600.000
3000.000
3200.000
2200.000
4200.000
2600.000
3800.000
15600.000
12600.000
13600.000
13400.000
14000.000
14000.000
11600.000
14400.000
10200.000
13400.000
11600.000
11600.000
12600.000
14200.000
13200.000
13800.000
10400.000
12400.000
12600.000
12400.000
10000.000
12400.000
11400.000
14800.000
13200.000
11800.000
11600.000
12600.000
13800.000
12000.000
14400.000
14600.000
15000.000
12400.000
11600.000
13800.000
14400.000
14800.000
14200.000
15200.000
11000.000
13200.000
12200.000
9400.000
13200.000
15600.000
10800.000
12800.000
13200.000
14400.000
11800.000
13800.000
10600.000
12000.000
11400.000
12600.000
15600.000
14400.000
11600.000
14200.000
10800.000
14000.000
12800.000
16400.000
16600.000
10800.000
16400.000
11800.000
12800.000
12600.000
13600.000
15600.000
13000.000
15200.000
14600.000
13000.000
14400.000
12000.000
10000.000
10800.000
15600.000
12200.000
9200.000
12400.000
13800.000
9400.000
14400.000
14000.000
15800.000
13600.000
13200.000
15400.000
12600.000
14600.000
13600.000
14000.000
14600.000
13200.000
14200.000
14400.000
12800.000
10800.000
13000.000
14200.000
11000.000
11800.000
13800.000
13000.000
9000.000
12800.000
12800.000
9200.000
8400.000
12400.000
11800.000
10600.000
7800.000
8600.000
10800.000
11400.000
7200.000
7600.000
12200.000
7800.000
10600.000
8800.000
7000.000
7200.000
9000.000
8800.000
10000.000
12400.000
7000.000
8000.000
7200.000
6000.000
8800.000
6400.000
7600.000
8600.000
5200.000
6400.000
7600.000
7600.000
7600.000
5200.000
6800.000
7200.000
6800.000
6600.000
4200.000
4200.000
5800.000
5600.000
4400.000
3800.000
4800.000
5600.000
4600.000
3600.000
6800.000
5400.000
6400.000
4200.000
4800.000
6000.000
5800.000
2600.000
5800.000
4800.000
3600.000
5800.000
6000.000
6000.000
5000.000
5400.000
6000.000
2200.000
4800.000
4400.000
4400.000
4800.000
3200.000
5200.000
2800.000
3800.000
4800.000
4400.000
4800.000
4800.000
3800.000
3000.000
3600.000
4400.000
4200.000
3800.000
3000.000
4200.000
2600.000
3600.000
4200.000
9000.000
14600.000
13800.000
14200.000
9400.000
13800.000
16200.000
12400.000
13400.000
14400.000
13200.000
13200.000
15400.000
11800.000
13800.000
15600.000
13000.000
12200.000
15000.000
13800.000
14000.000
13000.000
17200.000
12600.000
10000.000
12000.000
13800.000
9800.000
12400.000
13000.000
14000.000
13000.000
15000.000
13800.000
13600.000
13000.000
15800.000
17800.000
12400.000
10200.000
12400.000
10600.000
11400.000
13800.000
13800.000
15400.000
14800.000
14000.000
12600.000
15600.000
13600.000
10400.000
12800.000
12400.000
13800.000
12800.000
16000.000
12000.000
12400.000
11000.000
13400.000
11400.000
13200.000
14400.000
13000.000
12600.000
14000.000
13000.000
14600.000
13000.000
13000.000
12400.000
14800.000
10600.000
13600.000
11800.000
15400.000
14800.000
16600.000
12200.000
10800.000
15800.000
12200.000
11400.000
16200.000
13400.000
14800.000
13400.000
18800.000
12800.000
14600.000
13600.000
19000.000
13000.000
13400.000
15000.000
12200.000
14600.000
13600.000
10400.000
14400.000
13600.000
11800.000
15600.000
15200.000
15200.000
13000.000
14200.000
12400.000
11200.000
11800.000
10600.000
12400.000
10600.000
10600.000
9400.000
8600.000
11200.000
8600.000
9000.000
11400.000
10000.000
10600.000
10000.000
8200.000
9200.000
9400.000
7800.000
9400.000
6000.000
8600.000
8600.000
8600.000
6600.000
7000.000
8800.000
8400.000
7800.000
7000.000
6000.000
6400.000
6200.000
7000.000
5600.000
5400.000
6600.000
5800.000
7400.000
6000.000
6000.000
4000.000
5000.000
5400.000
5600.000
4400.000
5800.000
7000.000
6200.000
4600.000
6000.000
6600.000
5200.000
6200.000
4000.000
5000.000
4600.000
7600.000
4400.000
5200.000
5000.000
6400.000
4600.000
3800.000
6600.000
4800.000
5200.000
5400.000
3800.000
4200.000
3200.000
3000.000
3600.000
3600.000
4800.000
3800.000
3600.000
5000.000
4000.000
5200.000
3800.000
4400.000
3800.000
3200.000
3800.000
3800.000
3600.000
3800.000
4400.000
4000.000
5000.000
2800.000
13400.000
11000.000
16600.000
16200.000
12000.000
12200.000
15600.000
14600.000
13800.000
16600.000
16600.000
16800.000
15200.000
18200.000
12400.000
14600.000
13600.000
10200.000
13800.000
14600.000
13600.000
9600.000
13400.000
14000.000
11800.000
12800.000
10800.000
9800.000
15800.000
11000.000
14800.000
13000.000
12600.000
11800.000
13200.000
13800.000
14600.000
15800.000
12600.000
16600.000
14800.000
15000.000
13400.000
12000.000
14000.000
14000.000
11600.000
15800.000
16600.000
11800.000
11800.000
10000.000
13200.000
15800.000
11200.000
17200.000
12400.000
14000.000
16400.000
13200.000
13200.000
14600.000
12000.000
13600.000
16200.000
15000.000
11800.000
10800.000
15000.000
12000.000
15200.000
15200.000
14400.000
13800.000
12000.000
12400.000
15000.000
10800.000
12000.000
13600.000
14800.000
14200.000
15200.000
12800.000
13400.000
16800.000
13000.000
14200.000
16200.000
13000.000
14000.000
14600.000
12400.000
13600.000
15000.000
14000.000
15000.000
14400.000
14600.000
15400.000
15400.000
13400.000
15000.000
12600.000
15600.000
10400.000
14800.000
12800.000
10000.000
11200.000
8200.000
10400.000
10200.000
12200.000
11200.000
11000.000
10200.000
11400.000
12400.000
9200.000
9800.000
8400.000
11800.000
9400.000
9400.000
8800.000
7800.000
7800.000
8200.000
9600.000
8200.000
8800.000
7600.000
10200.000
8400.000
9200.000
8800.000
6800.000
8200.000
6400.000
8000.000
7600.000
7400.000
7400.000
8600.000
7600.000
9000.000
8000.000
6800.000
6000.000
6200.000
8200.000
6400.000
5800.000
6000.000
5400.000
6000.000
6000.000
7600.000
4800.000
5400.000
6000.000
5400.000
6200.000
6400.000
4600.000
5200.000
6000.000
6600.000
7200.000
5600.000
6200.000
6000.000
5400.000
5000.000
5000.000
3800.000
5200.000
4200.000
3600.000
3800.000
2200.000
4600.000
4800.000
5400.000
4800.000
4800.000
3000.000
2800.000
3600.000
5800.000
4000.000
4600.000
3200.000
4400.000
3400.000
3200.000
3800.000
3000.000
3600.000
4400.000
17000.000
17800.000
12400.000
13800.000
14400.000
14400.000
15400.000
14200.000
10600.000
12400.000
12600.000
13600.000
12200.000
15000.000
16800.000
14800.000
12800.000
11800.000
15200.000
13200.000
15200.000
16400.000
13000.000
15200.000
14800.000
14000.000
13000.000
16200.000
15200.000
12600.000
13800.000
13800.000
14000.000
12000.000
13200.000
15600.000
16000.000
13600.000
15600.000
13200.000
14800.000
12200.000
14600.000
12200.000
10200.000
12000.000
14000.000
15000.000
11200.000
14800.000
14200.000
12600.000
11600.000
10800.000
12800.000
13000.000
14800.000
13200.000
16800.000
16800.000
16400.000
13800.000
14000.000
12800.000
15200.000
13600.000
13400.000
15600.000
14400.000
15600.000
14600.000
15800.000
15000.000
13200.000
15200.000
15600.000
14000.000
14600.000
10400.000
15800.000
12400.000
15200.000
15000.000
14200.000
13400.000
14600.000
16400.000
16000.000
15800.000
19600.000
14800.000
16200.000
19200.000
18200.000
15400.000
20000.000
16000.000
19200.000
16200.000
18600.000
17000.000
11000.000
16400.000
13800.000
11200.000
10400.000
14400.000
13000.000
11200.000
13400.000
13200.000
15800.000
11000.000
13200.000
12200.000
12000.000
11200.000
12600.000
10200.000
9600.000
11400.000
10200.000
9000.000
10400.000
12000.000
11600.000
12400.000
9200.000
10200.000
8600.000
8000.000
8400.000
7400.000
9000.000
9800.000
8200.000
6200.000
10200.000
10000.000
6000.000
7800.000
6000.000
8200.000
7200.000
7600.000
7200.000
7200.000
6600.000
7600.000
7000.000
7200.000
5600.000
5800.000
6000.000
6600.000
5400.000
5200.000
3800.000
5800.000
6200.000
5000.000
6200.000
6600.000
3800.000
6400.000
6200.000
3600.000
5800.000
4400.000
5000.000
5600.000
6800.000
7000.000
6000.000
5400.000
4200.000
3200.000
3200.000
4400.000
5000.000
4400.000
4400.000
3600.000
4600.000
5600.000
5000.000
3200.000
4600.000
5200.000
5400.000
4400.000
4000.000
3800.000
6000.000
4400.000
3800.000
4400.000
5400.000
4200.000
5000.000
5800.000
14400.000
16400.000
14000.000
12200.000
13800.000
15400.000
17600.000
15200.000
13800.000
15400.000
13400.000
13400.000
12200.000
13000.000
13800.000
14800.000
14800.000
13600.000
10600.000
15000.000
13800.000
15400.000
16200.000
16600.000
17800.000
12600.000
16800.000
13600.000
15200.000
13600.000
12800.000
12400.000
13600.000
13800.000
13600.000
15600.000
16000.000
15200.000
11600.000
15200.000
16800.000
13800.000
14600.000
10200.000
13800.000
13000.000
13800.000
11400.000
15400.000
13400.000
13000.000
13400.000
13200.000
14800.000
14600.000
11200.000
15800.000
15400.000
13600.000
16400.000
14600.000
13200.000
10600.000
12400.000
13000.000
13400.000
11800.000
16400.000
13000.000
13400.000
15200.000
13200.000
17200.000
16200.000
16800.000
15600.000
14000.000
14800.000
14200.000
14800.000
15800.000
15400.000
14200.000
15800.000
15800.000
19200.000
16200.000
15400.000
14600.000
16400.000
22200.000
18200.000
15400.000
14800.000
14400.000
15800.000
20400.000
17200.000
18000.000
16600.000
13000.000
14600.000
16000.000
17600.000
14000.000
16000.000
15600.000
19200.000
17000.000
13200.000
14000.000
14000.000
11600.000
12400.000
14200.000
9600.000
13200.000
10200.000
11400.000
10600.000
11600.000
10800.000
9800.000
11600.000
10400.000
9000.000
9000.000
9800.000
11200.000
9600.000
10200.000
9000.000
7600.000
10200.000
9400.000
9600.000
9000.000
8400.000
7000.000
8800.000
7400.000
9600.000
3600.000
7800.000
5600.000
8600.000
6600.000
4400.000
7600.000
5400.000
6800.000
6200.000
6400.000
6000.000
6400.000
7400.000
7400.000
7400.000
4800.000
3800.000
6600.000
5200.000
7600.000
6800.000
6400.000
6600.000
5000.000
3800.000
6000.000
5200.000
7200.000
5800.000
5200.000
5400.000
4600.000
3600.000
5200.000
5800.000
3400.000
4400.000
4000.000
6600.000
5600.000
3200.000
2400.000
6000.000
5400.000
4000.000
3800.000
3200.000
4400.000
3600.000
3200.000
5200.000
4400.000
5200.000
3200.000
5400.000
3800.000
3000.000
5200.000
13000.000
15000.000
16600.000
12600.000
12800.000
14000.000
15200.000
15000.000
15200.000
19400.000
11800.000
12400.000
14600.000
12800.000
15000.000
12200.000
17400.000
14200.000
14800.000
17400.000
16600.000
13200.000
16200.000
12200.000
14000.000
16400.000
12600.000
15800.000
15000.000
18600.000
15000.000
14600.000
16200.000
11600.000
17000.000
16000.000
17600.000
13200.000
16400.000
15600.000
14000.000
16400.000
11800.000
14600.000
12400.000
15600.000
14200.000
13600.000
13000.000
9400.000
15400.000
15200.000
14000.000
14000.000
14400.000
15400.000
12600.000
16000.000
15800.000
15800.000
17600.000
12600.000
15400.000
15800.000
13400.000
11200.000
13600.000
14000.000
12000.000
14000.000
16800.000
12000.000
14600.000
11600.000
14400.000
13200.000
11800.000
15400.000
14800.000
14200.000
13600.000
17400.000
13200.000
16400.000
14800.000
14400.000
15600.000
24000.000
15600.000
21600.000
17600.000
18600.000
17000.000
19000.000
22200.000
22000.000
19600.000
16800.000
19400.000
18000.000
15200.000
16600.000
13800.000
21200.000
19000.000
17800.000
16200.000
16600.000
16200.000
16200.000
12400.000
14800.000
15600.000
12200.000
13400.000
12400.000
12800.000
10800.000
14000.000
14200.000
10800.000
10000.000
12800.000
11800.000
9600.000
8800.000
11800.000
11400.000
9400.000
9800.000
8400.000
8200.000
8600.000
7000.000
8800.000
8000.000
8400.000
9200.000
7000.000
7400.000
7000.000
9200.000
9800.000
7800.000
9600.000
8200.000
8400.000
6200.000
10600.000
6400.000
4800.000
6200.000
4200.000
6000.000
6000.000
5000.000
5600.000
7400.000
8400.000
7200.000
7200.000
5600.000
6800.000
5400.000
4600.000
3800.000
6200.000
6200.000
6200.000
5200.000
5600.000
5000.000
5800.000
4200.000
4200.000
3400.000
4400.000
5000.000
5800.000
4200.000
3000.000
3800.000
5000.000
5200.000
3400.000
3800.000
4800.000
3800.000
4000.000
4400.000
6000.000
4000.000
6200.000
4000.000
5000.000
5000.000
5400.000
3800.000
4400.000
4200.000
2600.000
14200.000
15400.000
14600.000
16000.000
15200.000
13400.000
13800.000
16600.000
11800.000
17400.000
16400.000
14200.000
17200.000
13000.000
16000.000
12600.000
14400.000
17000.000
12800.000
17200.000
14400.000
16600.000
13400.000
11800.000
13400.000
14600.000
11400.000
15600.000
16600.000
13000.000
14000.000
11000.000
15400.000
15800.000
13600.000
10400.000
13800.000
13800.000
15000.000
15400.000
12800.000
13800.000
13000.000
14000.000
13000.000
13200.000
10400.000
12200.000
11800.000
13800.000
13800.000
14000.000
14000.000
13400.000
11200.000
13800.000
11400.000
13200.000
11800.000
15200.000
13000.000
15000.000
12000.000
15000.000
12200.000
10200.000
12400.000
14000.000
11200.000
12600.000
13600.000
13600.000
14000.000
19000.000
14000.000
13600.000
12000.000
15200.000
16600.000
14800.000
15600.000
17000.000
16600.000
18800.000
18000.000
16800.000
15000.000
19000.000
19200.000
19400.000
19400.000
18800.000
18800.000
20600.000
24200.000
19800.000
19600.000
14800.000
16800.000
16800.000
15000.000
17200.000
22000.000
16600.000
17800.000
14600.000
20600.000
13400.000
16800.000
15200.000
18200.000
16800.000
16000.000
15400.000
10800.000
14600.000
14600.000
13600.000
15200.000
12000.000
13200.000
10000.000
13200.000
11200.000
14800.000
11200.000
12200.000
11600.000
10000.000
9000.000
10200.000
10200.000
7400.000
10000.000
10800.000
8000.000
9000.000
10000.000
8200.000
7800.000
7800.000
10000.000
7400.000
7200.000
7000.000
6400.000
8000.000
7200.000
7400.000
10400.000
7600.000
5800.000
6600.000
4200.000
6800.000
6200.000
5000.000
5600.000
6600.000
6600.000
7200.000
5200.000
5600.000
7200.000
6400.000
5800.000
6000.000
5600.000
5600.000
5000.000
5200.000
5400.000
5400.000
4400.000
3600.000
5000.000
3600.000
4400.000
4400.000
4800.000
6000.000
2600.000
3800.000
5200.000
4600.000
5000.000
4200.000
5800.000
3200.000
4600.000
4600.000
4000.000
3400.000
3800.000
3600.000
3400.000
4200.000
3400.000
3800.000
2800.000
3600.000
13800.000
14200.000
11600.000
17200.000
13400.000
10600.000
11800.000
14400.000
14400.000
14600.000
14200.000
16600.000
14200.000
12400.000
14600.000
13400.000
19000.000
15400.000
12200.000
13200.000
13800.000
13600.000
15200.000
15200.000
14400.000
15600.000
13000.000
13400.000
13200.000
12400.000
14400.000
10400.000
12600.000
12800.000
14200.000
15000.000
14600.000
14000.000
11800.000
17400.000
14400.000
17400.000
12400.000
16200.000
14000.000
12600.000
14000.000
12200.000
12400.000
16600.000
14000.000
14400.000
10600.000
12800.000
11200.000
14600.000
17000.000
17000.000
14600.000
11400.000
13800.000
16000.000
13000.000
14000.000
14800.000
17200.000
16800.000
13600.000
11000.000
15000.000
15600.000
12200.000
13800.000
14200.000
14400.000
15200.000
11400.000
15400.000
15000.000
16400.000
15800.000
20200.000
18800.000
17400.000
17200.000
16600.000
21200.000
17600.000
19800.000
21800.000
19000.000
21400.000
18800.000
21400.000
21600.000
19800.000
21600.000
19200.000
18400.000
22400.000
19000.000
21600.000
15000.000
15200.000
19000.000
18600.000
21200.000
16400.000
20200.000
19800.000
16000.000
14600.000
14800.000
15800.000
14400.000
12600.000
13400.000
14000.000
10800.000
12600.000
12400.000
14200.000
12000.000
12600.000
10400.000
11800.000
11800.000
10800.000
8800.000
9600.000
11800.000
8800.000
7800.000
8400.000
8800.000
8400.000
9400.000
7400.000
9000.000
8400.000
8600.000
7800.000
7800.000
7400.000
7600.000
7600.000
7400.000
7800.000
9400.000
6600.000
6000.000
5600.000
4800.000
5600.000
5000.000
6200.000
5800.000
5800.000
5200.000
7400.000
7800.000
7800.000
5800.000
5400.000
6600.000
5600.000
5800.000
7800.000
6200.000
6200.000
7800.000
6400.000
5400.000
7200.000
6000.000
5400.000
5600.000
3800.000
3600.000
4400.000
4600.000
3600.000
4400.000
3200.000
5200.000
5400.000
5000.000
5000.000
3800.000
6400.000
4800.000
4200.000
6600.000
3400.000
4000.000
3200.000
2600.000
3800.000
3800.000
3800.000
4400.000
11800.000
13600.000
16200.000
15000.000
15400.000
15400.000
11200.000
12400.000
12200.000
11400.000
12000.000
18600.000
14000.000
16200.000
10400.000
16200.000
14600.000
15600.000
12800.000
17400.000
16600.000
14200.000
15600.000
12600.000
18800.000
16200.000
15800.000
11000.000
13600.000
11400.000
13800.000
10400.000
12200.000
12800.000
12000.000
13600.000
13600.000
15400.000
14600.000
11000.000
14600.000
16000.000
14600.000
14400.000
14000.000
14000.000
16000.000
13600.000
12200.000
14200.000
10800.000
12400.000
10000.000
14600.000
14400.000
13200.000
12600.000
14400.000
14800.000
16800.000
11200.000
13600.000
14000.000
11000.000
15200.000
13000.000
15200.000
15200.000
14600.000
10200.000
12400.000
15600.000
16200.000
15200.000
13800.000
19200.000
15600.000
14000.000
14200.000
15800.000
15400.000
16000.000
16800.000
19000.000
19200.000
20800.000
19800.000
19600.000
25000.000
23400.000
21600.000
22600.000
23400.000
19800.000
22600.000
22200.000
21400.000
24400.000
25400.000
20800.000
21000.000
20600.000
21600.000
23200.000
17600.000
21200.000
18800.000
17200.000
19800.000
17600.000
18600.000
19000.000
15800.000
14600.000
16800.000
14200.000
15600.000
10800.000
13200.000
12200.000
14200.000
10000.000
14000.000
12400.000
10800.000
11600.000
13200.000
11600.000
9800.000
10000.000
7000.000
9000.000
12600.000
7200.000
11200.000
8400.000
9600.000
8800.000
10000.000
8400.000
8000.000
8000.000
6800.000
8800.000
9200.000
6600.000
5400.000
7200.000
6400.000
6200.000
5800.000
5800.000
7000.000
4600.000
5600.000
4400.000
5600.000
7400.000
7000.000
7000.000
6200.000
3800.000
6200.000
7600.000
8200.000
6200.000
7200.000
7800.000
4800.000
6400.000
4200.000
4400.000
5000.000
5600.000
7600.000
3800.000
5000.000
4000.000
5800.000
3600.000
3400.000
4200.000
4200.000
7200.000
7400.000
6400.000
5800.000
4200.000
4800.000
3600.000
5400.000
3400.000
4800.000
5200.000
5200.000
3600.000
4200.000
2400.000
4000.000
3200.000
4000.000
13600.000
15400.000
19200.000
17600.000
14600.000
11800.000
14800.000
14200.000
13200.000
11600.000
15400.000
14200.000
17400.000
18800.000
18000.000
12200.000
12800.000
18800.000
16800.000
16400.000
13800.000
12200.000
13800.000
18600.000
13200.000
14400.000
14000.000
14400.000
15000.000
12400.000
13400.000
14600.000
14000.000
13800.000
12800.000
12400.000
16400.000
14600.000
13200.000
16800.000
15200.000
12200.000
15400.000
13800.000
13000.000
14600.000
11200.000
14400.000
13600.000
14600.000
12200.000
15800.000
14000.000
11000.000
13800.000
13800.000
16400.000
14200.000
13400.000
10200.000
15600.000
14800.000
12600.000
11800.000
16200.000
14200.000
15600.000
11800.000
11800.000
14800.000
14600.000
14600.000
11400.000
11600.000
11600.000
16000.000
8200.000
12400.000
15000.000
11800.000
15800.000
14200.000
19600.000
15000.000
19400.000
19200.000
19000.000
18600.000
24800.000
22600.000
24800.000
24600.000
27600.000
21200.000
19400.000
25600.000
27000.000
23400.000
21600.000
20600.000
25400.000
21800.000
22400.000
21600.000
17400.000
22200.000
21000.000
19600.000
20000.000
21200.000
17600.000
15800.000
16600.000
17000.000
16600.000
12200.000
13000.000
12800.000
17600.000
13200.000
12200.000
13600.000
12800.000
9600.000
12000.000
13200.000
10000.000
11800.000
9200.000
10800.000
9600.000
8000.000
6800.000
13200.000
8600.000
9000.000
11600.000
10400.000
5200.000
9000.000
5600.000
9600.000
7600.000
4800.000
7600.000
7400.000
5200.000
7400.000
8600.000
5400.000
8000.000
6800.000
6600.000
4000.000
6800.000
8200.000
7200.000
5400.000
6600.000
5400.000
5400.000
5600.000
4600.000
7000.000
5600.000
5000.000
6400.000
4800.000
8000.000
6800.000
6200.000
5400.000
6400.000
4600.000
4400.000
5200.000
4800.000
5200.000
4000.000
3800.000
6000.000
3600.000
4800.000
6800.000
5800.000
4800.000
4000.000
6400.000
5000.000
7000.000
4800.000
5400.000
5200.000
4400.000
5400.000
4200.000
4400.000
4400.000
5200.000
3600.000
3800.000
18000.000
11200.000
15000.000
14600.000
17200.000
12600.000
12800.000
16200.000
11400.000
17200.000
15400.000
17400.000
15800.000
13200.000
15200.000
11200.000
15600.000
14600.000
14400.000
11200.000
14400.000
13800.000
13000.000
13000.000
14200.000
14200.000
13000.000
12600.000
14200.000
13200.000
15600.000
14800.000
16800.000
14200.000
13800.000
14400.000
11200.000
12800.000
15400.000
16400.000
12600.000
11000.000
14400.000
15800.000
14800.000
13000.000
12200.000
14400.000
15400.000
15200.000
16600.000
11400.000
14800.000
14200.000
17000.000
15800.000
14200.000
12200.000
15000.000
12200.000
14800.000
11600.000
13400.000
14600.000
14400.000
16000.000
15000.000
14800.000
12000.000
10800.000
11800.000
15000.000
15800.000
18600.000
13800.000
14200.000
13800.000
13600.000
14200.000
15200.000
17200.000
16600.000
18000.000
20600.000
21600.000
23800.000
22600.000
25000.000
29000.000
24000.000
26400.000
25200.000
22400.000
23600.000
30200.000
29200.000
28200.000
28800.000
30800.000
29200.000
26800.000
27400.000
25800.000
26800.000
24400.000
27600.000
23800.000
23000.000
24400.000
25400.000
20400.000
21200.000
21000.000
18600.000
14600.000
17400.000
16200.000
13600.000
16400.000
13600.000
15000.000
12800.000
13600.000
11000.000
12200.000
9200.000
14800.000
9800.000
11800.000
10200.000
11800.000
9600.000
9800.000
9400.000
7800.000
12200.000
9400.000
11000.000
8800.000
9200.000
7200.000
9400.000
7600.000
8800.000
9000.000
7200.000
6600.000
7600.000
7400.000
7800.000
9000.000
6000.000
5800.000
6600.000
5000.000
6800.000
5200.000
6800.000
7200.000
5600.000
6600.000
7000.000
6000.000
6800.000
7800.000
4800.000
5800.000
4800.000
6600.000
6800.000
5400.000
6600.000
7600.000
5200.000
6200.000
4000.000
4200.000
3200.000
4400.000
4400.000
6000.000
4200.000
5200.000
4600.000
5200.000
5600.000
3800.000
5200.000
6600.000
3000.000
5400.000
3800.000
3400.000
4000.000
3600.000
3400.000
3400.000
3800.000
3400.000
4600.000
3600.000
16600.000
14800.000
14200.000
15000.000
14800.000
14400.000
15800.000
18000.000
12400.000
16600.000
13600.000
12200.000
13000.000
16200.000
19400.000
13600.000
14600.000
14800.000
13800.000
14400.000
16400.000
12600.000
11600.000
13400.000
16400.000
15000.000
17600.000
12400.000
14200.000
14400.000
14800.000
12400.000
13800.000
14000.000
14800.000
14200.000
12200.000
16600.000
14400.000
13400.000
14400.000
13800.000
11800.000
13200.000
13200.000
13000.000
12600.000
12000.000
11200.000
14000.000
13400.000
11600.000
15200.000
13400.000
10200.000
13000.000
13600.000
11000.000
11600.000
12600.000
12000.000
11000.000
9600.000
12600.000
10200.000
12600.000
17400.000
18400.000
15200.000
17400.000
18400.000
11400.000
17000.000
16800.000
15800.000
15200.000
16800.000
14800.000
15200.000
15800.000
20200.000
23800.000
22600.000
19200.000
24600.000
23600.000
25000.000
22600.000
27600.000
26800.000
31200.000
28400.000
30600.000
29200.000
26600.000
30800.000
29400.000
31000.000
30400.000
34400.000
36200.000
36000.000
28200.000
29800.000
29200.000
26400.000
31400.000
26400.000
28000.000
23800.000
20200.000
24200.000
20000.000
23200.000
20200.000
19600.000
19600.000
16400.000
15400.000
18400.000
17800.000
13000.000
13400.000
12600.000
12800.000
14200.000
13000.000
14000.000
10200.000
10600.000
9600.000
10200.000
9200.000
11000.000
8600.000
9600.000
8600.000
10800.000
10200.000
9800.000
11200.000
15600.000
7600.000
7000.000
8000.000
5200.000
8600.000
6600.000
8400.000
5800.000
6400.000
3800.000
5200.000
6600.000
6000.000
7600.000
5800.000
5000.000
6000.000
6400.000
7400.000
8400.000
9400.000
8200.000
4200.000
5400.000
4200.000
5400.000
6400.000
5600.000
5600.000
4600.000
5600.000
6800.000
4600.000
3000.000
3200.000
4800.000
4200.000
6200.000
4600.000
6200.000
4800.000
6000.000
4600.000
5200.000
5000.000
4400.000
4800.000
4800.000
5600.000
4000.000
6800.000
4400.000
3600.000
4600.000
2800.000
4200.000
4600.000
3800.000
4600.000
13400.000
12800.000
13400.000
13600.000
13000.000
13200.000
14000.000
14200.000
17400.000
13600.000
13800.000
17800.000
15200.000
13000.000
12200.000
13000.000
13800.000
13200.000
12600.000
15200.000
10000.000
12200.000
13800.000
11600.000
13800.000
12600.000
13800.000
12600.000
14400.000
10600.000
11800.000
13400.000
12800.000
13800.000
14400.000
11400.000
12400.000
12800.000
12400.000
11000.000
11200.000
11200.000
13600.000
14200.000
14200.000
9200.000
15800.000
14200.000
13400.000
13800.000
13600.000
11600.000
13800.000
10800.000
12800.000
14000.000
15200.000
13200.000
13000.000
14200.000
13200.000
18600.000
15400.000
12600.000
14200.000
15000.000
12800.000
14600.000
13800.000
17400.000
16000.000
15000.000
16400.000
16400.000
16200.000
16600.000
15200.000
19000.000
17000.000
16200.000
16600.000
19200.000
24400.000
24800.000
25400.000
27600.000
28400.000
28000.000
33200.000
29800.000
36600.000
29600.000
35000.000
35800.000
37000.000
34000.000
37800.000
38400.000
38800.000
43000.000
42800.000
43600.000
41400.000
40600.000
33400.000
36800.000
32800.000
34800.000
28000.000
26800.000
28200.000
26200.000
25200.000
20000.000
17600.000
20800.000
21000.000
18000.000
18200.000
22800.000
14000.000
14000.000
18000.000
15800.000
12800.000
15800.000
13000.000
12200.000
12000.000
10000.000
10800.000
10000.000
11000.000
9800.000
11800.000
8000.000
9800.000
9000.000
8200.000
9600.000
9000.000
11200.000
9200.000
6600.000
6800.000
6000.000
8000.000
5800.000
9200.000
9000.000
9200.000
7400.000
6000.000
5800.000
4200.000
6400.000
6200.000
6600.000
8400.000
5400.000
6800.000
6800.000
5800.000
6200.000
5400.000
5200.000
6800.000
5400.000
6400.000
6200.000
5800.000
6600.000
4000.000
7200.000
7400.000
4600.000
4600.000
5200.000
5000.000
6000.000
6400.000
3000.000
4000.000
5600.000
5600.000
6000.000
5000.000
5400.000
7200.000
5600.000
4800.000
3400.000
5200.000
4400.000
4200.000
4800.000
4200.000
5600.000
4400.000
3200.000
4400.000
17200.000
14800.000
17400.000
13400.000
15200.000
14600.000
11600.000
15400.000
15000.000
16200.000
14800.000
12200.000
15800.000
16400.000
13800.000
20600.000
13600.000
13600.000
13400.000
12000.000
13800.000
14400.000
11600.000
13000.000
13600.000
13400.000
14200.000
14600.000
13000.000
14200.000
15600.000
14400.000
14800.000
13000.000
12000.000
15200.000
13200.000
12200.000
14600.000
14000.000
12200.000
12200.000
12800.000
11800.000
16200.000
15000.000
14200.000
13400.000
11000.000
15200.000
15400.000
12600.000
10200.000
15400.000
11400.000
14400.000
15400.000
15400.000
15400.000
15600.000
15400.000
12800.000
15000.000
12000.000
17000.000
13600.000
13200.000
16000.000
13000.000
13000.000
18200.000
16200.000
14600.000
16400.000
16800.000
16200.000
16400.000
16600.000
18400.000
19600.000
17600.000
23800.000
24600.000
24200.000
22800.000
29600.000
27000.000
31000.000
31800.000
32600.000
36200.000
41200.000
34200.000
33800.000
41800.000
42200.000
40600.000
42600.000
48200.000
49000.000
49600.000
51000.000
46400.000
47400.000
39800.000
37000.000
35400.000
30800.000
30600.000
32000.000
31600.000
27000.000
29000.000
23200.000
22400.000
21000.000
21600.000
18600.000
17800.000
19400.000
15000.000
17400.000
17400.000
14800.000
13000.000
13600.000
11400.000
13200.000
11000.000
9000.000
10200.000
10000.000
12800.000
12600.000
11000.000
7800.000
7800.000
10000.000
11000.000
10000.000
8000.000
9400.000
7800.000
7600.000
8400.000
6600.000
7000.000
7600.000
9000.000
6400.000
6600.000
7400.000
7200.000
4600.000
5800.000
8400.000
6200.000
4400.000
7600.000
7000.000
4600.000
5600.000
5200.000
8200.000
4600.000
6800.000
8000.000
5000.000
7200.000
5000.000
5600.000
6600.000
3600.000
5400.000
6000.000
4800.000
4800.000
6000.000
3800.000
6400.000
4400.000
5000.000
5400.000
5800.000
5200.000
5000.000
4800.000
4800.000
4200.000
4000.000
4200.000
5600.000
6000.000
5200.000
5200.000
4600.000
4400.000
4600.000
4600.000
3600.000
5800.000
14800.000
16600.000
17400.000
13400.000
16400.000
14400.000
14800.000
15000.000
14600.000
17200.000
18000.000
14000.000
16000.000
15000.000
18200.000
15600.000
14600.000
15800.000
12800.000
12200.000
14000.000
13600.000
11600.000
11200.000
12200.000
13000.000
12400.000
12600.000
14800.000
11800.000
13400.000
13000.000
12600.000
13000.000
13600.000
12600.000
14000.000
12400.000
12800.000
12400.000
15000.000
13000.000
13400.000
13200.000
12200.000
12400.000
12400.000
10400.000
14600.000
12400.000
12000.000
13200.000
13200.000
13600.000
16000.000
12200.000
14400.000
15000.000
15400.000
14400.000
12400.000
15800.000
16800.000
12200.000
14600.000
18000.000
17600.000
17800.000
14600.000
17600.000
20200.000
13600.000
17800.000
21000.000
16200.000
20800.000
19600.000
20400.000
21400.000
21000.000
24000.000
24600.000
25200.000
27600.000
31800.000
31800.000
33600.000
31200.000
38000.000
40400.000
40000.000
45000.000
39000.000
41200.000
48000.000
48800.000
47600.000
45400.000
56800.000
52200.000
60000.000
63000.000
58000.000
52000.000
40600.000
43400.000
42400.000
36400.000
34800.000
35200.000
35000.000
31200.000
31800.000
27000.000
28600.000
23800.000
21200.000
21200.000
19600.000
21000.000
18400.000
18000.000
16200.000
18000.000
14200.000
15800.000
12800.000
11200.000
10200.000
11200.000
14000.000
12600.000
10800.000
11800.000
9400.000
9200.000
8600.000
9800.000
10000.000
7400.000
7400.000
9000.000
7200.000
7400.000
10600.000
7800.000
6200.000
8200.000
6800.000
7000.000
7400.000
8400.000
7600.000
5800.000
8400.000
6200.000
6200.000
7600.000
6400.000
7800.000
4000.000
4600.000
7200.000
6800.000
6800.000
7800.000
6200.000
7800.000
6600.000
6400.000
7600.000
4200.000
5400.000
6400.000
5000.000
6200.000
6200.000
6600.000
5600.000
4200.000
5000.000
8400.000
5600.000
4800.000
5200.000
4000.000
5800.000
6400.000
6200.000
4800.000
3000.000
5800.000
5400.000
4400.000
4400.000
5400.000
4800.000
5000.000
3600.000
4000.000
3600.000
16000.000
16000.000
13400.000
13200.000
12400.000
15000.000
12400.000
17400.000
12200.000
13800.000
15200.000
14400.000
13400.000
15400.000
16600.000
13000.000
13000.000
10000.000
11000.000
12400.000
16600.000
15600.000
12200.000
12400.000
14600.000
12000.000
14000.000
13000.000
14400.000
11600.000
14600.000
13200.000
13800.000
12200.000
16200.000
13800.000
15600.000
13400.000
13800.000
16000.000
12600.000
13200.000
15000.000
12800.000
12400.000
11400.000
13600.000
12800.000
13400.000
12000.000
11200.000
13600.000
15400.000
13000.000
15600.000
11200.000
12000.000
13000.000
14600.000
17800.000
15000.000
13600.000
13000.000
12400.000
14000.000
13800.000
17200.000
17600.000
17800.000
18200.000
20600.000
17600.000
22600.000
19400.000
19000.000
20600.000
21400.000
20400.000
21600.000
24200.000
24800.000
24000.000
29200.000
25800.000
30400.000
32800.000
41600.000
39400.000
44800.000
44800.000
50200.000
47600.000
52800.000
56400.000
61400.000
62800.000
64200.000
70000.000
61200.000
70200.000
73800.000
66800.000
61000.000
68400.000
63000.000
54000.000
49000.000
50200.000
46000.000
39600.000
36600.000
39200.000
31200.000
27800.000
23600.000
24400.000
24400.000
26000.000
21200.000
23000.000
22000.000
18200.000
18200.000
17400.000
17200.000
15000.000
14200.000
13600.000
14400.000
15800.000
10600.000
11400.000
12800.000
7000.000
9800.000
10600.000
10600.000
7800.000
8400.000
8800.000
7800.000
9600.000
10000.000
7800.000
8400.000
8400.000
7600.000
8400.000
10600.000
8800.000
6600.000
8400.000
6600.000
5600.000
6600.000
8200.000
8000.000
6200.000
9800.000
6400.000
7000.000
6400.000
5600.000
7800.000
5800.000
5000.000
5400.000
4400.000
5200.000
9200.000
6200.000
7800.000
6600.000
5800.000
4600.000
5600.000
5600.000
3200.000
4200.000
6000.000
4800.000
6000.000
4600.000
5400.000
7000.000
4200.000
5400.000
4000.000
4600.000
4600.000
6400.000
4000.000
5200.000
5400.000
3600.000
4000.000
4800.000
4200.000
5600.000
4400.000
3200.000
16800.000
15200.000
13600.000
13800.000
14600.000
15000.000
16800.000
17000.000
12800.000
16000.000
13600.000
18000.000
17200.000
13000.000
14000.000
12600.000
14400.000
12800.000
13600.000
14600.000
13800.000
12000.000
15200.000
12000.000
13000.000
13200.000
12600.000
10000.000
13400.000
11800.000
13000.000
11600.000
13200.000
13800.000
11400.000
12200.000
13000.000
12000.000
11800.000
13800.000
13800.000
16200.000
14800.000
15400.000
14400.000
11600.000
11200.000
11400.000
14000.000
13800.000
12200.000
13000.000
13800.000
13600.000
12200.000
12000.000
11800.000
11800.000
12400.000
13200.000
13200.000
16400.000
14400.000
12800.000
17000.000
16800.000
14200.000
13200.000
15400.000
16600.000
21000.000
20600.000
19800.000
21000.000
19200.000
22800.000
22600.000
27000.000
23600.000
25400.000
26400.000
26600.000
31600.000
32000.000
33400.000
38000.000
40200.000
42000.000
45200.000
58800.000
55200.000
51000.000
48800.000
65000.000
68600.000
67200.000
73600.000
76400.000
70200.000
83400.000
76200.000
73800.000
81000.000
70000.000
67400.000
60000.000
59600.000
58000.000
47400.000
42800.000
49600.000
41400.000
38000.000
34600.000
33600.000
29600.000
26200.000
23800.000
26800.000
26200.000
21200.000
19600.000
16400.000
20200.000
14400.000
14000.000
16800.000
13800.000
13600.000
13800.000
10400.000
10800.000
10800.000
10400.000
12600.000
12400.000
9000.000
9800.000
9200.000
10200.000
10200.000
10400.000
7200.000
7600.000
8400.000
8800.000
7800.000
9200.000
4800.000
8000.000
6200.000
6800.000
9200.000
7600.000
7600.000
7800.000
5000.000
8000.000
5800.000
5200.000
8800.000
6600.000
7800.000
5800.000
6400.000
7200.000
4800.000
6200.000
4600.000
4000.000
7600.000
5400.000
7400.000
5600.000
5800.000
4400.000
4800.000
6000.000
5600.000
4200.000
4200.000
6000.000
5800.000
5400.000
5400.000
4800.000
4600.000
5600.000
4800.000
4600.000
3600.000
5600.000
4600.000
3600.000
4800.000
3400.000
3600.000
4600.000
3400.000
5200.000
3600.000
14600.000
12200.000
13000.000
17600.000
13400.000
15800.000
13000.000
13800.000
10800.000
12800.000
15400.000
15800.000
16200.000
12400.000
15000.000
12800.000
16000.000
16600.000
14000.000
12200.000
15400.000
11400.000
14200.000
12600.000
12600.000
14800.000
11400.000
12000.000
10400.000
13400.000
12800.000
15800.000
13200.000
15400.000
14600.000
13200.000
14600.000
16800.000
13200.000
11200.000
14000.000
16200.000
14000.000
12600.000
13400.000
13200.000
12800.000
16200.000
12400.000
11200.000
11800.000
15000.000
14000.000
11200.000
13800.000
13000.000
14400.000
13200.000
15200.000
16800.000
18000.000
14400.000
11800.000
21600.000
17600.000
16200.000
14600.000
18600.000
18000.000
18800.000
18000.000
17200.000
20800.000
23400.000
24400.000
25600.000
24000.000
25200.000
27600.000
26800.000
30600.000
28000.000
33400.000
37000.000
43800.000
39800.000
49600.000
51800.000
55600.000
60400.000
65600.000
63400.000
70200.000
77800.000
77600.000
79400.000
84000.000
88400.000
85600.000
91800.000
90800.000
87600.000
91800.000
74000.000
76000.000
71000.000
63800.000
66400.000
71400.000
55400.000
47400.000
50200.000
41200.000
35800.000
31800.000
30800.000
27400.000
29400.000
26000.000
24400.000
21400.000
21400.000
19200.000
18000.000
14200.000
17000.000
14800.000
15600.000
15000.000
13200.000
10800.000
12600.000
10600.000
12800.000
10400.000
9400.000
9400.000
10400.000
8800.000
9400.000
11400.000
10800.000
9800.000
8200.000
9400.000
8000.000
8000.000
7600.000
9600.000
9600.000
7600.000
7000.000
7200.000
8800.000
7000.000
6200.000
6600.000
8400.000
6400.000
8000.000
6000.000
7200.000
6200.000
7400.000
7200.000
5200.000
5800.000
7200.000
5600.000
4600.000
6400.000
5600.000
6400.000
7800.000
5600.000
6000.000
7000.000
3000.000
3800.000
8200.000
7400.000
4600.000
4600.000
7200.000
5000.000
5600.000
5400.000
6000.000
4800.000
4800.000
4800.000
3600.000
4800.000
5800.000
6000.000
5000.000
5400.000
4200.000
4000.000
5000.000
3600.000
13800.000
16600.000
17000.000
14600.000
15600.000
13800.000
13800.000
14600.000
14400.000
17000.000
14400.000
14800.000
13600.000
12600.000
15000.000
14000.000
14400.000
14400.000
14800.000
17800.000
16200.000
12000.000
17000.000
15800.000
13400.000
15800.000
16200.000
16200.000
14200.000
13000.000
12000.000
13400.000
16400.000
11600.000
12800.000
11600.000
14800.000
13800.000
15800.000
12600.000
12200.000
15000.000
14400.000
11400.000
12600.000
13200.000
14800.000
13000.000
12600.000
13200.000
10200.000
13800.000
11200.000
15800.000
14800.000
14800.000
14600.000
14600.000
20600.000
14800.000
14000.000
15800.000
15800.000
17800.000
16800.000
17000.000
14800.000
16800.000
17800.000
20400.000
20000.000
21400.000
24600.000
20400.000
27000.000
27600.000
31000.000
28200.000
27200.000
27600.000
30600.000
28800.000
36800.000
45000.000
50200.000
51200.000
48600.000
52000.000
60800.000
65600.000
60800.000
73800.000
80800.000
89600.000
93400.000
91600.000
94000.000
106000.000
105800.000
103200.000
108200.000
110000.000
109000.000
97800.000
101800.000
88800.000
86200.000
77000.000
76000.000
71400.000
59000.000
60400.000
53800.000
45600.000
44800.000
42000.000
40000.000
34800.000
33600.000
27800.000
32000.000
24800.000
16400.000
19600.000
19200.000
16400.000
13200.000
18800.000
14800.000
17600.000
15400.000
13000.000
11000.000
11400.000
11800.000
10200.000
11600.000
11000.000
11600.000
9200.000
10200.000
11400.000
7000.000
9600.000
9600.000
7800.000
9000.000
9200.000
8600.000
7400.000
8400.000
8400.000
5600.000
5600.000
6200.000
9400.000
8400.000
8200.000
7600.000
7800.000
8400.000
5800.000
5400.000
6400.000
8800.000
8000.000
6600.000
7200.000
4800.000
6800.000
7000.000
5200.000
5000.000
4000.000
5000.000
6200.000
6400.000
5600.000
2800.000
5600.000
5600.000
4000.000
4200.000
6000.000
5600.000
4600.000
3800.000
5400.000
5600.000
4800.000
4400.000
5600.000
4200.000
3800.000
5400.000
4800.000
4400.000
3400.000
4000.000
4800.000
5000.000
15600.000
16000.000
13400.000
13400.000
15600.000
15800.000
14800.000
18400.000
12600.000
13400.000
15600.000
15000.000
11600.000
14400.000
14800.000
14000.000
12000.000
13000.000
15000.000
14400.000
11800.000
12400.000
14400.000
15000.000
13200.000
14000.000
16800.000
15600.000
14000.000
12000.000
12000.000
12400.000
13200.000
13800.000
13200.000
13000.000
12000.000
12800.000
14800.000
14600.000
16800.000
12200.000
11000.000
14800.000
13400.000
15400.000
13000.000
12200.000
15000.000
14000.000
11200.000
16200.000
11400.000
15200.000
13600.000
16800.000
15200.000
13800.000
15600.000
16600.000
16000.000
16200.000
15800.000
18000.000
16200.000
17200.000
18400.000
19800.000
16800.000
22600.000
20800.000
26400.000
24400.000
25200.000
22600.000
27200.000
27600.000
28800.000
33400.000
31000.000
41400.000
38200.000
38800.000
44400.000
43600.000
54000.000
60400.000
68000.000
68600.000
70200.000
85600.000
87800.000
93600.000
97000.000
101600.000
108400.000
115000.000
113600.000
117200.000
129000.000
118400.000
123400.000
107000.000
105800.000
95400.000
82600.000
90000.000
82200.000
76600.000
75600.000
70000.000
59400.000
55800.000
46200.000
41800.000
45600.000
29600.000
32800.000
31200.000
25000.000
26800.000
27000.000
21000.000
18400.000
17000.000
15400.000
12600.000
11000.000
13400.000
13800.000
13000.000
14000.000
10800.000
13200.000
9800.000
13600.000
11000.000
9200.000
10400.000
10000.000
6800.000
10000.000
9800.000
9400.000
8000.000
7600.000
7200.000
9200.000
5600.000
7800.000
8000.000
8000.000
7600.000
8400.000
6000.000
7200.000
8400.000
8200.000
8800.000
7200.000
7800.000
5800.000
8800.000
6800.000
7400.000
4200.000
6800.000
8000.000
6200.000
7800.000
5800.000
6600.000
6000.000
6600.000
7800.000
6200.000
5800.000
5000.000
6200.000
6600.000
4200.000
4000.000
6200.000
4400.000
5200.000
5200.000
5400.000
6000.000
5200.000
4600.000
5600.000
3800.000
3600.000
2800.000
4200.000
3200.000
2600.000
4600.000
4400.000
3800.000
5800.000
17400.000
16400.000
16600.000
18200.000
17000.000
16800.000
13200.000
14600.000
12800.000
16600.000
15400.000
18400.000
16600.000
15000.000
15600.000
14000.000
16200.000
17000.000
13000.000
13800.000
13000.000
13200.000
15000.000
14000.000
12200.000
13800.000
14200.000
13000.000
14800.000
15200.000
15800.000
11400.000
15000.000
15000.000
13000.000
11600.000
13400.000
12800.000
13800.000
12400.000
12400.000
12000.000
11800.000
12000.000
12000.000
14200.000
14200.000
16000.000
14400.000
13200.000
13000.000
11600.000
12200.000
17400.000
14200.000
20000.000
12800.000
16800.000
12400.000
16200.000
15400.000
14200.000
15400.000
18000.000
11800.000
16400.000
14400.000
16800.000
18000.000
20800.000
22400.000
20400.000
25200.000
26800.000
24400.000
31200.000
22400.000
30400.000
36600.000
37000.000
37200.000
42000.000
44200.000
52200.000
57400.000
66000.000
69400.000
73600.000
82000.000
97600.000
105200.000
107000.000
115400.000
133400.000
138000.000
133400.000
157600.000
152000.000
160400.000
158400.000
152200.000
162400.000
161800.000
152000.000
140200.000
138400.000
121800.000
122800.000
111000.000
101600.000
95200.000
88000.000
77800.000
68000.000
56800.000
53600.000
52800.000
45200.000
38800.000
37400.000
31400.000
27400.000
28000.000
25600.000
18800.000
19000.000
19400.000
18200.000
13000.000
17200.000
13000.000
13800.000
15600.000
8600.000
11400.000
12800.000
9800.000
11600.000
9800.000
9200.000
9200.000
10800.000
8800.000
9600.000
9600.000
10200.000
9000.000
9400.000
11000.000
8800.000
9000.000
9200.000
8600.000
4800.000
7200.000
4600.000
8200.000
9400.000
5400.000
7600.000
5800.000
7400.000
6800.000
7600.000
6000.000
8000.000
6600.000
6600.000
6600.000
7400.000
5000.000
5400.000
7600.000
3600.000
4800.000
7200.000
5800.000
7200.000
6400.000
6200.000
5400.000
4200.000
5000.000
6400.000
5000.000
5200.000
6200.000
3400.000
5600.000
5800.000
7200.000
7200.000
4000.000
5000.000
3600.000
5800.000
3800.000
5800.000
3400.000
5000.000
5600.000
18200.000
12000.000
14000.000
17600.000
11000.000
13800.000
17200.000
14800.000
16000.000
16800.000
13600.000
10800.000
16800.000
16000.000
15600.000
14800.000
15000.000
14800.000
16200.000
15000.000
14200.000
17000.000
14600.000
14200.000
14400.000
15200.000
15400.000
14800.000
15000.000
15600.000
16200.000
15800.000
13400.000
13800.000
13600.000
18000.000
14400.000
14800.000
14800.000
11800.000
13000.000
15800.000
13800.000
14000.000
14000.000
14800.000
13600.000
12000.000
14800.000
13200.000
13200.000
16000.000
14800.000
14200.000
11600.000
12800.000
14000.000
17400.000
17200.000
16000.000
20200.000
14600.000
19200.000
19000.000
16000.000
19600.000
16400.000
17200.000
18600.000
22200.000
22400.000
24800.000
29600.000
25600.000
32200.000
30800.000
37000.000
36600.000
37200.000
52400.000
47400.000
45200.000
53200.000
65200.000
63800.000
76000.000
82600.000
98600.000
98400.000
120000.000
119600.000
133600.000
142800.000
153400.000
160800.000
174400.000
189400.000
188000.000
179600.000
191000.000
215000.000
216600.000
200400.000
183400.000
186800.000
153600.000
156200.000
148000.000
129000.000
110200.000
108600.000
94600.000
92400.000
79400.000
66200.000
63800.000
52600.000
48200.000
42200.000
34000.000
42800.000
30800.000
27200.000
28600.000
24000.000
21000.000
17600.000
17600.000
17800.000
14400.000
13000.000
14600.000
12800.000
12600.000
14200.000
11800.000
9400.000
12200.000
8600.000
10200.000
7600.000
11000.000
8400.000
11600.000
11000.000
7400.000
7400.000
8400.000
10800.000
10000.000
7000.000
10200.000
7200.000
6800.000
8800.000
9000.000
5200.000
6800.000
7800.000
8600.000
6200.000
7800.000
8000.000
6000.000
8400.000
5800.000
4600.000
5200.000
7400.000
8000.000
4800.000
5600.000
5800.000
7200.000
6200.000
5800.000
4200.000
7200.000
7400.000
4600.000
6200.000
4800.000
5000.000
5800.000
4800.000
4400.000
6200.000
5200.000
6000.000
5200.000
4000.000
4600.000
5800.000
5200.000
5600.000
5200.000
3600.000
4000.000
3400.000
4400.000
5600.000
17200.000
15800.000
16600.000
15200.000
13200.000
16000.000
15400.000
15000.000
17000.000
15400.000
19000.000
14600.000
15200.000
16000.000
14400.000
16600.000
13000.000
16000.000
14600.000
13200.000
16600.000
16400.000
15600.000
15200.000
15800.000
14800.000
14800.000
15800.000
16000.000
13800.000
11800.000
10200.000
14600.000
13800.000
13000.000
13200.000
11400.000
16600.000
14000.000
12400.000
15200.000
11000.000
14200.000
13000.000
12000.000
13000.000
14800.000
14400.000
14600.000
12000.000
12200.000
14800.000
14400.000
16200.000
15200.000
17000.000
19000.000
14600.000
17000.000
19600.000
16200.000
17000.000
19400.000
17600.000
20400.000
19000.000
21400.000
21400.000
22200.000
23400.000
26600.000
24800.000
27000.000
29400.000
30600.000
31400.000
32400.000
37200.000
41200.000
41400.000
48800.000
47800.000
57400.000
65800.000
74400.000
75600.000
83000.000
100200.000
107000.000
112600.000
127600.000
149400.000
156600.000
161800.000
184400.000
217000.000
226200.000
222400.000
242000.000
257600.000
247400.000
246400.000
258200.000
235400.000
220400.000
201600.000
201200.000
183600.000
167000.000
150400.000
138200.000
128000.000
108200.000
89800.000
84400.000
65000.000
62000.000
54600.000
52000.000
46400.000
39600.000
33000.000
36200.000
27200.000
27000.000
21800.000
20400.000
19200.000
18000.000
16000.000
19600.000
14600.000
14000.000
15000.000
14400.000
12800.000
10400.000
13200.000
8400.000
10600.000
11600.000
11200.000
9600.000
8800.000
8200.000
9200.000
9800.000
10000.000
9000.000
9400.000
10400.000
8000.000
7200.000
7600.000
8400.000
8000.000
8600.000
7200.000
6400.000
7000.000
6000.000
9400.000
7800.000
7600.000
9000.000
6400.000
7200.000
7000.000
5600.000
7600.000
6200.000
8400.000
5400.000
7200.000
7800.000
5800.000
5200.000
5400.000
6600.000
6800.000
6400.000
6400.000
5000.000
4400.000
8200.000
7200.000
3400.000
6600.000
5600.000
4800.000
3600.000
7200.000
6000.000
6000.000
3800.000
4000.000
4000.000
2800.000
2600.000
4400.000
4000.000
15600.000
18000.000
15200.000
17800.000
13600.000
19600.000
13800.000
12600.000
15600.000
14600.000
15600.000
12600.000
14800.000
14800.000
11000.000
16400.000
18600.000
12600.000
15600.000
14000.000
17400.000
18400.000
11600.000
16600.000
17000.000
13000.000
18000.000
13600.000
13800.000
15800.000
13800.000
14600.000
14200.000
14400.000
12200.000
11400.000
16200.000
9400.000
12800.000
12600.000
15400.000
16200.000
12800.000
12200.000
12800.000
12600.000
13200.000
13600.000
11800.000
10600.000
13400.000
15400.000
15800.000
12400.000
15000.000
17400.000
15600.000
16000.000
22600.000
14600.000
18400.000
20600.000
21600.000
13600.000
20600.000
16400.000
22000.000
24600.000
19400.000
23400.000
28600.000
35200.000
27800.000
34400.000
35400.000
40000.000
41000.000
45000.000
46200.000
50800.000
53600.000
69000.000
67000.000
79800.000
84400.000
101000.000
107400.000
123600.000
133000.000
152000.000
171600.000
200200.000
204400.000
230800.000
242600.000
269600.000
281000.000
281400.000
312200.000
331600.000
304800.000
321600.000
309000.000
300200.000
270800.000
278800.000
227800.000
216200.000
194000.000
183600.000
166000.000
140600.000
116400.000
100200.000
88600.000
77400.000
64800.000
61800.000
53800.000
45600.000
35400.000
37400.000
30600.000
25600.000
29600.000
23400.000
18400.000
21200.000
17000.000
17800.000
15200.000
13200.000
13400.000
12400.000
13800.000
11000.000
10400.000
11000.000
10400.000
11000.000
10000.000
10600.000
12200.000
9600.000
7200.000
9000.000
10200.000
8600.000
7200.000
9000.000
8600.000
9000.000
9800.000
9200.000
8000.000
8200.000
6400.000
7200.000
10600.000
7800.000
8800.000
7400.000
7600.000
5600.000
9200.000
7400.000
7200.000
8400.000
5600.000
6200.000
4400.000
7000.000
4600.000
7000.000
7400.000
7600.000
4000.000
6200.000
6400.000
4000.000
7000.000
3600.000
4600.000
5600.000
5400.000
6000.000
6200.000
5800.000
4000.000
5000.000
4800.000
4000.000
4200.000
4000.000
5000.000
4000.000
3600.000
4400.000
2400.000
3400.000
5400.000
13800.000
14200.000
15000.000
13000.000
14000.000
14800.000
15800.000
12400.000
12800.000
14400.000
16600.000
14000.000
15400.000
13200.000
16000.000
14800.000
17600.000
15800.000
18400.000
13200.000
17800.000
14400.000
13400.000
19400.000
11800.000
13600.000
13600.000
11400.000
13600.000
11400.000
12200.000
12200.000
12400.000
12000.000
15400.000
13200.000
14000.000
12000.000
11600.000
13000.000
14200.000
14800.000
10400.000
12800.000
12200.000
13000.000
12000.000
11600.000
16000.000
11800.000
15200.000
12800.000
14600.000
13800.000
12800.000
15200.000
13000.000
16600.000
16000.000
15200.000
20000.000
19600.000
19600.000
17200.000
18200.000
21200.000
23600.000
19200.000
24200.000
26400.000
25800.000
28200.000
32600.000
35200.000
36200.000
38800.000
47000.000
46400.000
56000.000
59200.000
63800.000
74000.000
80600.000
104200.000
104600.000
111400.000
128400.000
158200.000
165400.000
172600.000
199200.000
228800.000
253800.000
268800.000
320600.000
337800.000
355800.000
383400.000
402600.000
417800.000
393800.000
419400.000
415200.000
391800.000
375400.000
344200.000
310400.000
283600.000
250400.000
225200.000
202000.000
187800.000
148600.000
126200.000
114200.000
88400.000
78400.000
61400.000
58800.000
46200.000
46000.000
42200.000
38200.000
30600.000
28600.000
24600.000
23400.000
21800.000
20800.000
19200.000
15600.000
16200.000
12800.000
14600.000
13000.000
13600.000
11800.000
12400.000
12000.000
12400.000
10000.000
13400.000
9200.000
11000.000
8400.000
10800.000
9600.000
8600.000
8000.000
9000.000
9000.000
7000.000
10400.000
8800.000
6200.000
8000.000
8600.000
6200.000
7000.000
6600.000
6400.000
9000.000
8200.000
9000.000
6200.000
6200.000
7800.000
7200.000
6800.000
6000.000
6800.000
5200.000
6000.000
5200.000
5600.000
5400.000
6400.000
5400.000
6200.000
4200.000
4800.000
5400.000
4200.000
7400.000
6800.000
5800.000
4800.000
5000.000
4400.000
4000.000
6000.000
4000.000
6200.000
6400.000
4600.000
6800.000
5000.000
4800.000
3200.000
4400.000
4200.000
17600.000
18600.000
13800.000
12800.000
16400.000
16000.000
14000.000
17600.000
14600.000
15800.000
18800.000
14800.000
16000.000
15000.000
16200.000
16400.000
18000.000
18600.000
14800.000
16000.000
13800.000
16600.000
13200.000
11800.000
15800.000
14800.000
13200.000
12400.000
16200.000
14200.000
13200.000
12400.000
13000.000
13000.000
11600.000
11800.000
11000.000
14400.000
14400.000
12000.000
13000.000
15400.000
17000.000
13600.000
15200.000
12600.000
14200.000
12400.000
11800.000
13200.000
14400.000
14200.000
15000.000
10600.000
11800.000
15400.000
13600.000
10600.000
18600.000
18200.000
16000.000
21000.000
18000.000
16800.000
21000.000
22400.000
27000.000
26200.000
28400.000
31800.000
29600.000
30000.000
42600.000
41200.000
41200.000
43400.000
47600.000
51000.000
61600.000
76400.000
71600.000
87000.000
100000.000
108400.000
119000.000
142200.000
149600.000
174800.000
194400.000
216800.000
231000.000
272800.000
309000.000
344800.000
348400.000
404600.000
434600.000
464800.000
477400.000
497000.000
517000.000
483600.000
487400.000
452800.000
445200.000
412200.000
394000.000
352400.000
311800.000
279000.000
255400.000
212000.000
178000.000
147200.000
132800.000
112400.000
93200.000
76800.000
70000.000
53600.000
57400.000
46600.000
35600.000
36800.000
27600.000
25600.000
24200.000
21000.000
22800.000
20200.000
19200.000
16800.000
17000.000
17200.000
16400.000
13800.000
12800.000
9600.000
15600.000
13600.000
10200.000
11000.000
8800.000
9000.000
8000.000
8000.000
8400.000
5800.000
9600.000
7800.000
7800.000
8000.000
10200.000
7800.000
6000.000
10200.000
8600.000
8400.000
9200.000
8400.000
6600.000
5000.000
7400.000
9000.000
7200.000
8000.000
6400.000
7600.000
9200.000
7800.000
6400.000
6200.000
5200.000
7400.000
6000.000
6400.000
6400.000
4400.000
7800.000
5800.000
5400.000
6800.000
6400.000
6400.000
7400.000
4200.000
6800.000
6000.000
3400.000
5200.000
6800.000
4800.000
4200.000
5600.000
4200.000
3600.000
4800.000
5200.000
5600.000
4800.000
6400.000
16600.000
15200.000
17000.000
14200.000
15800.000
15600.000
17800.000
12600.000
15000.000
13800.000
18200.000
12400.000
17000.000
13400.000
17400.000
13800.000
14800.000
17000.000
15000.000
16600.000
15800.000
12400.000
11600.000
15200.000
15800.000
13200.000
17600.000
15200.000
14000.000
13400.000
13600.000
11000.000
12800.000
12600.000
12400.000
13600.000
16000.000
10800.000
15200.000
12600.000
11200.000
12600.000
12400.000
14200.000
12200.000
11800.000
16400.000
12000.000
14200.000
11400.000
12400.000
13400.000
14400.000
14000.000
18200.000
16600.000
16000.000
13800.000
15000.000
18600.000
20200.000
18600.000
21400.000
20600.000
20600.000
20000.000
27200.000
27200.000
26400.000
28200.000
36800.000
34000.000
39200.000
35800.000
38800.000
48000.000
49200.000
57200.000
64000.000
68200.000
79800.000
90800.000
109000.000
116800.000
134800.000
156000.000
172600.000
187400.000
218400.000
249000.000
288200.000
322600.000
373400.000
418200.000
455000.000
505200.000
575600.000
601200.000
612400.000
636600.000
652400.000
630800.000
637200.000
635600.000
589200.000
527600.000
505600.000
467400.000
423800.000
358600.000
338000.000
273000.000
223600.000
188400.000
147800.000
135200.000
108000.000
94000.000
84800.000
69600.000
55800.000
52800.000
48000.000
37000.000
33200.000
32200.000
27800.000
28000.000
23800.000
22000.000
17600.000
19000.000
16800.000
13600.000
14200.000
13800.000
11800.000
12400.000
11600.000
12600.000
11000.000
7400.000
12600.000
9400.000
9600.000
8800.000
9000.000
8200.000
11600.000
8800.000
8600.000
9000.000
9800.000
8400.000
9800.000
9800.000
8800.000
9800.000
8800.000
6800.000
9200.000
8000.000
7800.000
7600.000
7800.000
8000.000
6200.000
7000.000
10800.000
8200.000
7200.000
6000.000
7400.000
6800.000
7200.000
6400.000
4800.000
6800.000
7000.000
4600.000
5400.000
6200.000
7600.000
4000.000
5200.000
6400.000
4800.000
5000.000
4800.000
6200.000
2600.000
4800.000
4000.000
4800.000
4200.000
4600.000
3600.000
2600.000
5800.000
2800.000
5600.000
18200.000
16200.000
15600.000
17000.000
18000.000
16600.000
16600.000
14600.000
14600.000
14200.000
14200.000
14000.000
16600.000
14600.000
12600.000
17000.000
14600.000
18600.000
15800.000
16200.000
13600.000
12600.000
16200.000
12400.000
12200.000
15000.000
13400.000
13000.000
13200.000
14000.000
13200.000
15800.000
10800.000
13000.000
12400.000
13200.000
12000.000
11200.000
13400.000
12800.000
12000.000
11600.000
13200.000
14200.000
12600.000
14400.000
17800.000
14400.000
13800.000
14200.000
17000.000
16800.000
14600.000
15800.000
13400.000
16600.000
14600.000
18600.000
17000.000
14600.000
17600.000
19200.000
21200.000
19200.000
21600.000
19200.000
22400.000
27800.000
28000.000
33400.000
33400.000
34200.000
40000.000
44000.000
47200.000
52400.000
57000.000
58400.000
69800.000
86600.000
97000.000
100800.000
120800.000
140000.000
159000.000
176800.000
204800.000
232200.000
257200.000
293800.000
337200.000
407600.000
425800.000
509600.000
577600.000
643000.000
699000.000
758400.000
785800.000
825400.000
813600.000
850600.000
793200.000
744600.000
723600.000
660400.000
575400.000
553400.000
457000.000
404800.000
375600.000
326400.000
262400.000
213200.000
170200.000
139400.000
110000.000
96000.000
91000.000
76600.000
64200.000
58400.000
52200.000
46000.000
39400.000
33200.000
28800.000
22400.000
21000.000
20400.000
22000.000
16400.000
14000.000
14400.000
12600.000
11200.000
14600.000
10200.000
10800.000
11800.000
9200.000
14000.000
10000.000
12800.000
9600.000
8600.000
7800.000
7600.000
9400.000
8600.000
10800.000
10200.000
9800.000
8800.000
7600.000
7400.000
7600.000
8000.000
8000.000
8200.000
8800.000
8800.000
9000.000
7800.000
9000.000
8000.000
6000.000
8200.000
8400.000
5800.000
5200.000
6400.000
5400.000
5400.000
7600.000
5600.000
7000.000
6600.000
7000.000
6800.000
6400.000
4200.000
5800.000
6000.000
5600.000
4800.000
5400.000
4800.000
7000.000
7000.000
6000.000
3600.000
4600.000
3600.000
4400.000
4000.000
4000.000
4200.000
3400.000
4200.000
4000.000
13800.000
16000.000
18200.000
17800.000
15400.000
17200.000
14000.000
13400.000
14000.000
16000.000
11000.000
14600.000
18600.000
15200.000
12600.000
13400.000
16200.000
15600.000
14400.000
15600.000
16400.000
13000.000
12800.000
13400.000
16800.000
12800.000
14200.000
11400.000
13800.000
12800.000
12800.000
14600.000
11200.000
13200.000
14800.000
12600.000
10800.000
13200.000
13600.000
11800.000
14800.000
14200.000
13000.000
13400.000
15600.000
15200.000
14600.000
13400.000
14800.000
10800.000
15400.000
16400.000
14400.000
16000.000
17000.000
17000.000
15000.000
17000.000
20400.000
16000.000
16400.000
22200.000
20800.000
23000.000
22600.000
21200.000
23600.000
24800.000
30000.000
33200.000
30200.000
38200.000
41800.000
40600.000
46400.000
51800.000
60200.000
64200.000
70600.000
80400.000
90200.000
117800.000
132600.000
156800.000
190600.000
195600.000
225200.000
271200.000
300600.000
340200.000
372600.000
457400.000
546600.000
589600.000
678400.000
819400.000
889800.000
951600.000
1019600.000
1083800.000
1072600.000
1099600.000
1073400.000
1032600.000
994200.000
924600.000
874000.000
782600.000
665600.000
588600.000
511000.000
444800.000
343800.000
286800.000
232800.000
191400.000
153800.000
134800.000
111400.000
105200.000
77600.000
69200.000
60400.000
45800.000
41600.000
38600.000
27800.000
26400.000
26000.000
19400.000
20400.000
20000.000
16200.000
16400.000
15200.000
16800.000
11400.000
11200.000
12400.000
10600.000
11600.000
11200.000
9200.000
12400.000
10000.000
11000.000
7600.000
7800.000
9200.000
10200.000
8000.000
8800.000
7800.000
8000.000
8400.000
7400.000
7400.000
8000.000
8000.000
6400.000
6200.000
8200.000
9000.000
5000.000
5400.000
4200.000
6600.000
8200.000
7400.000
6000.000
8000.000
6600.000
8000.000
6000.000
7200.000
4800.000
5000.000
6800.000
4800.000
6000.000
7200.000
6200.000
5200.000
5400.000
4800.000
5000.000
4400.000
4600.000
3800.000
4800.000
4000.000
3600.000
4400.000
5400.000
3200.000
5200.000
3800.000
3000.000
4000.000
3400.000
4000.000
17600.000
15800.000
18600.000
15800.000
20400.000
12200.000
14800.000
12000.000
14600.000
10600.000
13000.000
11600.000
14600.000
15800.000
16200.000
14600.000
12400.000
15600.000
15000.000
16400.000
15000.000
15400.000
12600.000
14800.000
14600.000
11800.000
17400.000
16400.000
14600.000
13000.000
14000.000
13600.000
13400.000
12800.000
17400.000
11400.000
13400.000
12400.000
13800.000
13200.000
14200.000
10800.000
11200.000
15600.000
14000.000
15600.000
13600.000
11200.000
15000.000
14600.000
15400.000
13800.000
14200.000
12200.000
17200.000
16400.000
19000.000
15400.000
14800.000
18200.000
15200.000
23000.000
19800.000
26600.000
17800.000
21400.000
26800.000
26200.000
30400.000
34800.000
32200.000
41200.000
37200.000
47000.000
46600.000
51600.000
66200.000
72800.000
87400.000
95000.000
108800.000
131600.000
156400.000
180400.000
206800.000
233800.000
265000.000
291200.000
363400.000
410000.000
468000.000
594600.000
678400.000
742000.000
873600.000
1036800.000
1083000.000
1180600.000
1255400.000
1315200.000
1271800.000
1300200.000
1263200.000
1210800.000
1155600.000
1086600.000
964400.000
857400.000
755000.000
660000.000
549400.000
486200.000
381600.000
297200.000
260400.000
217600.000
160200.000
147800.000
112000.000
106000.000
91000.000
60400.000
56400.000
51600.000
39800.000
40000.000
28800.000
26000.000
26200.000
26600.000
25200.000
18200.000
19600.000
20000.000
19400.000
10400.000
12000.000
11000.000
14600.000
12000.000
12800.000
10000.000
11600.000
7800.000
9200.000
8200.000
8000.000
8800.000
7800.000
8800.000
8200.000
6400.000
8000.000
8800.000
8400.000
7800.000
9200.000
6600.000
7200.000
8400.000
9800.000
8200.000
8200.000
6200.000
9800.000
7200.000
7000.000
8200.000
4600.000
7000.000
6600.000
4800.000
6200.000
6400.000
5200.000
4600.000
7000.000
7000.000
4200.000
5000.000
7600.000
4400.000
5800.000
5600.000
5400.000
7000.000
4800.000
5800.000
6000.000
3600.000
5000.000
5200.000
5000.000
5200.000
5200.000
5000.000
4600.000
3400.000
5200.000
4600.000
3400.000
17800.000
17400.000
15600.000
14800.000
14800.000
13200.000
15400.000
15600.000
13000.000
15800.000
12400.000
13000.000
13400.000
16400.000
16000.000
9800.000
13000.000
15600.000
14200.000
15400.000
13000.000
14200.000
16600.000
11800.000
10000.000
15600.000
11400.000
12600.000
12200.000
13200.000
12400.000
12000.000
12000.000
16000.000
12400.000
11800.000
14400.000
10000.000
11400.000
10600.000
12000.000
12600.000
12800.000
15000.000
10800.000
13400.000
15200.000
15200.000
13000.000
13800.000
12400.000
14200.000
14400.000
19000.000
15800.000
14800.000
16200.000
17600.000
18800.000
18800.000
17600.000
21200.000
20600.000
27800.000
22200.000
22800.000
22800.000
29200.000
29000.000
33000.000
30800.000
34800.000
37800.000
37800.000
42800.000
54600.000
57600.000
72000.000
79600.000
91200.000
104200.000
130600.000
161200.000
186800.000
222600.000
243000.000
270800.000
344000.000
373000.000
444200.000
510000.000
662200.000
753000.000
888200.000
1064200.000
1170600.000
1326400.000
1420400.000
1473200.000
1563800.000
1577600.000
1633800.000
1625000.000
1490000.000
1426000.000
1341800.000
1237200.000
1131600.000
923800.000
830600.000
727400.000
575200.000
483600.000
391600.000
319600.000
254200.000
210400.000
172800.000
144000.000
121800.000
105600.000
83000.000
67200.000
52800.000
49000.000
46400.000
33000.000
31600.000
28400.000
26400.000
25800.000
21200.000
16800.000
15600.000
19000.000
14600.000
12600.000
10600.000
13400.000
12200.000
12200.000
11000.000
10800.000
12200.000
7000.000
7600.000
10800.000
9000.000
8600.000
9000.000
6800.000
9800.000
8000.000
10600.000
8400.000
8600.000
7200.000
8400.000
8000.000
10000.000
8200.000
8400.000
5600.000
7400.000
9200.000
7200.000
7800.000
6400.000
8000.000
7200.000
8400.000
5600.000
5600.000
6400.000
4800.000
6200.000
5600.000
7800.000
7000.000
5600.000
5400.000
5400.000
7800.000
5200.000
4800.000
7600.000
5000.000
5400.000
6000.000
5000.000
4800.000
4800.000
4400.000
5600.000
4400.000
3800.000
4000.000
5000.000
4400.000
3200.000
6800.000
18000.000
17800.000
17400.000
16200.000
10800.000
13600.000
12000.000
18000.000
15800.000
11600.000
15600.000
15800.000
12600.000
12200.000
15400.000
18000.000
17200.000
17200.000
14400.000
11400.000
11600.000
16200.000
11000.000
10400.000
11800.000
13800.000
14000.000
13800.000
12000.000
11000.000
12000.000
12800.000
12600.000
11400.000
14000.000
10800.000
12600.000
12200.000
15000.000
9600.000
14400.000
13600.000
9600.000
12200.000
13000.000
10400.000
14600.000
15000.000
13200.000
15600.000
12200.000
15800.000
16800.000
17800.000
16200.000
20400.000
12800.000
16800.000
17800.000
17400.000
20000.000
20800.000
18200.000
23000.000
20600.000
26400.000
30000.000
26800.000
30400.000
31800.000
37000.000
40600.000
43200.000
44000.000
58000.000
62400.000
65000.000
79400.000
91200.000
104200.000
124800.000
147800.000
185000.000
214600.000
249600.000
285000.000
335600.000
392200.000
474000.000
579000.000
658000.000
848000.000
989400.000
1141000.000
1307000.000
1551200.000
1641400.000
1705200.000
1860400.000
1978000.000
1952000.000
1982600.000
1981800.000
1878400.000
1720400.000
1599600.000
1477200.000
1293000.000
1107800.000
975600.000
803400.000
658200.000
546400.000
444400.000
354200.000
293800.000
227200.000
184800.000
156600.000
140000.000
108600.000
82400.000
70600.000
52400.000
48600.000
40800.000
40400.000
29000.000
23400.000
24400.000
25800.000
22400.000
19800.000
20800.000
15400.000
14800.000
13400.000
13400.000
11200.000
14400.000
11400.000
10600.000
10000.000
10000.000
10000.000
8200.000
10200.000
11200.000
7600.000
7000.000
8000.000
9000.000
9000.000
9200.000
9000.000
8800.000
8400.000
6400.000
7200.000
6800.000
8400.000
7200.000
9000.000
6400.000
8000.000
8200.000
8200.000
7200.000
10000.000
6800.000
5000.000
7200.000
5600.000
6400.000
7400.000
6800.000
5000.000
7200.000
6000.000
7800.000
6000.000
5800.000
6400.000
6400.000
4800.000
5000.000
6600.000
5000.000
5600.000
4200.000
5800.000
4600.000
4600.000
6200.000
5600.000
4800.000
4800.000
2400.000
4400.000
3200.000
3400.000
19400.000
15800.000
14600.000
15600.000
13000.000
12000.000
14400.000
14200.000
11600.000
14400.000
18200.000
12600.000
16600.000
15200.000
15400.000
13600.000
13000.000
14400.000
15000.000
18600.000
16200.000
15200.000
16000.000
14600.000
16600.000
16800.000
14400.000
15400.000
12400.000
16400.000
13400.000
17000.000
12000.000
13200.000
12200.000
13200.000
11800.000
12400.000
11800.000
12200.000
13600.000
12400.000
13800.000
13000.000
16000.000
16600.000
16000.000
11600.000
13200.000
14600.000
12000.000
15800.000
15000.000
15200.000
15600.000
16400.000
19800.000
16400.000
18000.000
15000.000
15200.000
20000.000
24000.000
22600.000
24000.000
27000.000
25800.000
33200.000
32400.000
37000.000
41800.000
40200.000
46200.000
47200.000
51800.000
54400.000
73400.000
79800.000
89600.000
105400.000
128400.000
163200.000
190000.000
238400.000
286200.000
298800.000
365200.000
481800.000
555000.000
635000.000
826000.000
1061800.000
1226200.000
1460800.000
1696400.000
1889200.000
2090600.000
2262000.000
2403800.000
2519400.000
2568800.000
2579800.000
2519400.000
2397000.000
2303400.000
2071000.000
1904800.000
1721400.000
1450600.000
1230000.000
1045600.000
869000.000
636000.000
534200.000
427400.000
361600.000
281200.000
212600.000
177000.000
148200.000
127800.000
107000.000
80200.000
66400.000
59400.000
52200.000
44000.000
33600.000
32600.000
31200.000
26800.000
19800.000
22000.000
19200.000
15800.000
13600.000
13600.000
11600.000
9800.000
9800.000
11600.000
14200.000
10000.000
11000.000
11400.000
9800.000
13200.000
11200.000
11200.000
8600.000
9800.000
8200.000
8000.000
7600.000
6200.000
10000.000
6400.000
6800.000
8400.000
6400.000
8400.000
9800.000
9600.000
6200.000
7800.000
6800.000
7000.000
7000.000
7800.000
7800.000
6600.000
8400.000
7000.000
7400.000
7800.000
5600.000
5400.000
6600.000
5400.000
6600.000
5600.000
6400.000
5200.000
4200.000
5800.000
5000.000
4200.000
5400.000
3200.000
4800.000
5000.000
5600.000
4200.000
4200.000
5200.000
5400.000
4600.000
4800.000
5400.000
2800.000
5000.000
19400.000
17600.000
16200.000
15200.000
17200.000
19200.000
13000.000
17600.000
13000.000
14400.000
16400.000
16400.000
11800.000
13600.000
14600.000
13600.000
16000.000
11600.000
14600.000
15000.000
15000.000
17200.000
15400.000
13200.000
12400.000
17400.000
13600.000
11800.000
14000.000
14000.000
13200.000
15800.000
11400.000
16600.000
11800.000
11800.000
12200.000
11000.000
12400.000
16200.000
15200.000
13600.000
12400.000
16400.000
15800.000
8000.000
17400.000
13200.000
15800.000
15000.000
11400.000
14600.000
14400.000
16200.000
16000.000
16000.000
19600.000
17200.000
18000.000
21800.000
22800.000
21000.000
22400.000
25600.000
29400.000
25000.000
28000.000
33800.000
37400.000
42600.000
40800.000
44400.000
45200.000
54000.000
59600.000
66800.000
76000.000
94600.000
107600.000
126600.000
144800.000
167000.000
209800.000
261600.000
302800.000
381800.000
449600.000
548600.000
669400.000
864400.000
1043200.000
1298200.000
1622800.000
1881200.000
2069000.000
2395000.000
2669600.000
2787200.000
2875800.000
3048400.000
3031200.000
3018000.000
2939200.000
2818200.000
2587400.000
2338000.000
2205600.000
1939200.000
1604600.000
1368200.000
1144800.000
937800.000
698000.000
573800.000
461200.000
365400.000
287600.000
241000.000
190000.000
154200.000
124800.000
96400.000
84200.000
70800.000
63600.000
48000.000
39800.000
31600.000
30800.000
28800.000
23400.000
21800.000
18800.000
18800.000
17400.000
15000.000
16200.000
13400.000
11400.000
13200.000
11400.000
11000.000
9400.000
11000.000
10000.000
8600.000
8600.000
9400.000
6000.000
7600.000
8600.000
7000.000
7200.000
6200.000
8000.000
8200.000
6400.000
9800.000
7600.000
7000.000
9600.000
7800.000
9800.000
8400.000
7800.000
7000.000
8600.000
6400.000
9000.000
4800.000
3600.000
5400.000
8200.000
6800.000
7200.000
6000.000
5800.000
5600.000
6200.000
4400.000
4600.000
8200.000
5600.000
5200.000
5800.000
6000.000
4400.000
8000.000
5400.000
4600.000
3600.000
2000.000
4800.000
4800.000
6800.000
3600.000
3800.000
4800.000
4200.000
6200.000
4400.000
20800.000
17600.000
18200.000
18600.000
18200.000
14600.000
18200.000
16200.000
14600.000
15600.000
16000.000
16800.000
13200.000
14200.000
12600.000
13600.000
18000.000
15600.000
15000.000
16200.000
16200.000
14600.000
16000.000
16000.000
15800.000
15800.000
15800.000
14000.000
11600.000
11000.000
15600.000
14800.000
18200.000
13000.000
12600.000
12800.000
12600.000
13800.000
13000.000
13400.000
15200.000
14000.000
14600.000
14200.000
13200.000
14000.000
10400.000
16200.000
13800.000
13800.000
17400.000
15800.000
16400.000
16600.000
18800.000
20200.000
16600.000
17600.000
18000.000
18400.000
22000.000
26200.000
25000.000
21000.000
21200.000
26600.000
33200.000
31800.000
41400.000
40400.000
42000.000
50000.000
50600.000
59200.000
58400.000
71400.000
76200.000
83800.000
109600.000
123400.000
145800.000
186000.000
220800.000
270400.000
330200.000
393400.000
485800.000
596200.000
735400.000
929800.000
1173400.000
1505200.000
1853600.000
2194800.000
2391400.000
2743800.000
3093200.000
3316400.000
3333600.000
3454200.000
3486800.000
3409600.000
3356200.000
3290000.000
3040400.000
2844800.000
2627000.000
2406000.000
2031600.000
1728800.000
1426400.000
1183400.000
915400.000
685000.000
538400.000
443200.000
345800.000
267000.000
206600.000
184000.000
139200.000
114800.000
98000.000
74400.000
62000.000
49600.000
46800.000
36600.000
31400.000
28400.000
23000.000
24800.000
19600.000
19200.000
15200.000
15000.000
11800.000
14800.000
14000.000
11600.000
12200.000
14600.000
12600.000
10800.000
9400.000
10000.000
9400.000
9200.000
6400.000
8800.000
9800.000
8400.000
9400.000
8000.000
5200.000
9400.000
4800.000
7000.000
7600.000
7600.000
7400.000
9000.000
11200.000
6200.000
10000.000
8600.000
7200.000
6400.000
7400.000
5400.000
6200.000
6800.000
6400.000
6200.000
5400.000
7000.000
5200.000
6000.000
5800.000
6800.000
3800.000
7000.000
7400.000
6200.000
6200.000
4800.000
4800.000
5400.000
3800.000
5200.000
4200.000
4600.000
3600.000
5000.000
3400.000
5000.000
4000.000
4400.000
5000.000
4200.000
5600.000
22400.000
23200.000
17200.000
21800.000
15800.000
17800.000
16000.000
18200.000
18200.000
15600.000
17800.000
16000.000
15600.000
15600.000
15000.000
17600.000
15800.000
16800.000
16200.000
14200.000
16800.000
15000.000
17400.000
15400.000
13400.000
17600.000
16200.000
12800.000
14600.000
13000.000
14600.000
13800.000
10800.000
12800.000
12200.000
15600.000
12400.000
14400.000
14200.000
17000.000
13200.000
14600.000
13600.000
13200.000
11600.000
13600.000
15800.000
10800.000
14400.000
16200.000
15400.000
15800.000
15600.000
18000.000
15000.000
17800.000
16800.000
15400.000
20800.000
20600.000
22200.000
23400.000
22400.000
25600.000
23400.000
24200.000
35200.000
37400.000
37200.000
41400.000
46400.000
46400.000
53800.000
57400.000
63800.000
73200.000
85200.000
95600.000
127600.000
144000.000
177800.000
206400.000
247600.000
310800.000
389000.000
474000.000
552600.000
740200.000
921400.000
1168800.000
1541000.000
1988400.000
2282000.000
2708000.000
3116600.000
3461600.000
3724800.000
3918600.000
4015600.000
4036800.000
4099000.000
4077600.000
3943400.000
3793600.000
3569400.000
3300200.000
3042400.000
2757200.000
2315400.000
1983200.000
1646400.000
1302200.000
979400.000
779200.000
601200.000
477000.000
383000.000
301000.000
228000.000
186400.000
145800.000
115800.000
94400.000
81600.000
64800.000
51200.000
48600.000
39600.000
36400.000
26200.000
27200.000
22000.000
23800.000
17600.000
16400.000
16200.000
13400.000
14000.000
13400.000
10600.000
10600.000
10600.000
11800.000
9600.000
8600.000
11400.000
9400.000
10400.000
13200.000
11000.000
8000.000
9200.000
8800.000
7200.000
7600.000
9000.000
9000.000
8000.000
10800.000
7000.000
7400.000
7400.000
7000.000
8000.000
7400.000
4600.000
7400.000
5600.000
7600.000
9600.000
7400.000
6400.000
7000.000
5000.000
6200.000
4800.000
4400.000
4600.000
7000.000
6400.000
4400.000
6600.000
4600.000
4800.000
7200.000
5200.000
7200.000
5000.000
3800.000
4400.000
5800.000
2800.000
5800.000
5400.000
4000.000
3400.000
6600.000
4800.000
4200.000
5600.000
7200.000
24400.000
20400.000
20200.000
18400.000
18200.000
17000.000
16800.000
15800.000
17600.000
16600.000
15000.000
15000.000
16200.000
15200.000
16400.000
15000.000
14400.000
17200.000
14400.000
13800.000
15400.000
13800.000
15000.000
13800.000
14400.000
14600.000
12400.000
11800.000
13800.000
16400.000
15600.000
13200.000
11800.000
12200.000
13400.000
10800.000
12000.000
11800.000
14400.000
14400.000
13800.000
13600.000
10800.000
13000.000
15000.000
11600.000
13800.000
15200.000
13000.000
17400.000
14000.000
16400.000
16000.000
13200.000
14400.000
18000.000
16600.000
18800.000
17200.000
18800.000
14800.000
24400.000
26000.000
25600.000
25800.000
26600.000
30200.000
39000.000
33800.000
37600.000
39800.000
47800.000
51600.000
53400.000
60600.000
73800.000
81000.000
96600.000
126600.000
147800.000
169200.000
207000.000
251000.000
303800.000
400800.000
481400.000
582600.000
737200.000
1006800.000
1282600.000
1556600.000
2173200.000
2616600.000
2948000.000
3336000.000
3824000.000
3997400.000
4191000.000
4348400.000
4472400.000
4385600.000
4411800.000
4339000.000
4178000.000
3908800.000
3599000.000
3421000.000
3100400.000
2714400.000
2325800.000
1926800.000
1563000.000
1121200.000
881000.000
665200.000
548600.000
401400.000
324000.000
268400.000
211800.000
165000.000
133400.000
105000.000
82800.000
65400.000
63400.000
53800.000
43400.000
40600.000
36800.000
27600.000
20600.000
20200.000
18800.000
16200.000
16800.000
16000.000
17200.000
13600.000
10400.000
14800.000
9600.000
10600.000
7800.000
9600.000
9400.000
10200.000
8600.000
8400.000
8000.000
9600.000
10200.000
8800.000
7600.000
7200.000
7800.000
10000.000
8000.000
8000.000
8000.000
8800.000
7000.000
6800.000
6200.000
5200.000
5400.000
7000.000
7600.000
7000.000
8200.000
5400.000
5600.000
6400.000
9000.000
6200.000
5200.000
6200.000
4800.000
6400.000
4600.000
5800.000
6800.000
6600.000
7600.000
6400.000
5800.000
5800.000
6000.000
5800.000
4600.000
6800.000
5800.000
4600.000
6200.000
3400.000
5000.000
5400.000
3800.000
4600.000
4600.000
3800.000
25400.000
29400.000
18600.000
17600.000
21200.000
19200.000
18000.000
17400.000
16800.000
16400.000
17600.000
16400.000
13600.000
19800.000
13800.000
14800.000
14600.000
15600.000
14200.000
13600.000
17400.000
14000.000
16400.000
15400.000
14600.000
15200.000
19600.000
18200.000
13800.000
13400.000
14400.000
16200.000
14800.000
14000.000
14400.000
12800.000
13800.000
11600.000
12600.000
15000.000
12000.000
17200.000
12400.000
14600.000
13000.000
15200.000
13200.000
14800.000
13600.000
16600.000
16400.000
17400.000
15800.000
17000.000
14400.000
15000.000
14400.000
19600.000
17400.000
18000.000
24000.000
28000.000
27200.000
27000.000
23000.000
31800.000
36000.000
39200.000
40000.000
38600.000
47400.000
51000.000
61400.000
59800.000
71000.000
93600.000
102800.000
121000.000
150000.000
169400.000
209200.000
236400.000
297800.000
376200.000
473400.000
567200.000
733400.000
1014200.000
1296800.000
1695800.000
2252000.000
2963200.000
3324200.000
3809400.000
4263800.000
4628400.000
4882600.000
5000400.000
5168400.000
5163800.000
5182400.000
5133200.000
5044600.000
4933200.000
4698800.000
4409800.000
4033000.000
3709600.000
3272800.000
2782800.000
2263200.000
1795600.000
1266600.000
997600.000
765200.000
575400.000
418000.000
343400.000
273200.000
220800.000
163200.000
134800.000
112800.000
89000.000
78000.000
65600.000
46800.000
39800.000
34600.000
33000.000
28000.000
21000.000
20800.000
16000.000
13800.000
18400.000
14200.000
13200.000
13200.000
12000.000
10800.000
11800.000
9200.000
10200.000
12400.000
10200.000
9600.000
8800.000
11600.000
9400.000
8200.000
7800.000
7000.000
6400.000
9600.000
7800.000
8400.000
5600.000
7400.000
7600.000
7200.000
7800.000
8200.000
6800.000
7600.000
6000.000
7800.000
8600.000
5000.000
6000.000
7600.000
8000.000
4400.000
6800.000
6400.000
3800.000
8000.000
7200.000
4400.000
6600.000
4000.000
5400.000
5800.000
6400.000
3400.000
6000.000
6200.000
3400.000
4200.000
4800.000
2600.000
3600.000
3600.000
5600.000
5400.000
5800.000
4200.000
5000.000
5000.000
5600.000
5600.000
27600.000
28000.000
23400.000
19400.000
20000.000
22400.000
17800.000
17600.000
17400.000
16000.000
14200.000
19400.000
17600.000
16400.000
14200.000
15400.000
17600.000
15400.000
13800.000
14000.000
17000.000
16600.000
16400.000
13600.000
14000.000
14800.000
14400.000
11800.000
15600.000
12800.000
15800.000
14600.000
11800.000
15800.000
12600.000
12800.000
9600.000
12200.000
12400.000
13000.000
12000.000
13000.000
14200.000
12200.000
16400.000
13600.000
14600.000
14200.000
14800.000
14800.000
14200.000
16400.000
14600.000
18600.000
14200.000
16600.000
14600.000
17600.000
18400.000
18800.000
22000.000
25600.000
22800.000
25800.000
31600.000
37200.000
30400.000
31800.000
38800.000
51200.000
50800.000
52000.000
56000.000
64400.000
69800.000
85400.000
101200.000
110800.000
145800.000
173200.000
206000.000
235200.000
269400.000
364600.000
452600.000
539600.000
697600.000
915000.000
1277000.000
1734400.000
2246800.000
3019600.000
3509600.000
3894800.000
4442000.000
4873600.000
5073600.000
5326400.000
5420000.000
5515200.000
5480000.000
5433600.000
5399800.000
5257600.000
4997200.000
4819600.000
4541800.000
4170200.000
3698600.000
3202200.000
2660600.000
2129200.000
1532400.000
1130400.000
877600.000
698800.000
484400.000
383200.000
301600.000
231600.000
187800.000
143200.000
122200.000
95000.000
71800.000
67400.000
57000.000
46600.000
39800.000
32200.000
27600.000
23400.000
25400.000
18200.000
16000.000
14600.000
15800.000
12600.000
11400.000
11600.000
9200.000
10200.000
9600.000
11000.000
13600.000
10400.000
8600.000
9200.000
5600.000
7200.000
6600.000
7600.000
8400.000
5800.000
9800.000
10200.000
6600.000
8400.000
10000.000
6200.000
8200.000
6600.000
8400.000
6400.000
5200.000
8800.000
7800.000
8200.000
7200.000
8200.000
6000.000
5600.000
7600.000
6800.000
6000.000
4800.000
5800.000
4400.000
5600.000
4200.000
6200.000
5600.000
5400.000
5000.000
4800.000
5600.000
6000.000
2600.000
4400.000
4800.000
5200.000
7000.000
5200.000
6000.000
3800.000
5800.000
4200.000
2800.000
3800.000
4400.000
3400.000
26400.000
24000.000
22800.000
21200.000
23600.000
20600.000
19600.000
19600.000
18200.000
16800.000
18400.000
13600.000
17800.000
14600.000
17400.000
14400.000
13400.000
15800.000
15600.000
16600.000
16000.000
15000.000
16600.000
13400.000
15000.000
16600.000
13600.000
16800.000
12600.000
15800.000
16200.000
16200.000
13000.000
13000.000
11600.000
13400.000
15800.000
13000.000
14400.000
12200.000
12600.000
10200.000
14400.000
14000.000
16200.000
14600.000
13600.000
14400.000
13800.000
15000.000
11000.000
12800.000
14000.000
15600.000
20000.000
16600.000
17600.000
19400.000
19000.000
19400.000
25600.000
24400.000
27400.000
26600.000
26600.000
26200.000
35600.000
36800.000
42000.000
39200.000
57600.000
56600.000
61600.000
73800.000
80800.000
89600.000
104200.000
132000.000
162600.000
190600.000
213400.000
272800.000
307800.000
392400.000
505400.000
637800.000
805800.000
1186800.000
1654200.000
2187800.000
2738400.000
3664600.000
4164800.000
4524000.000
4982200.000
5352600.000
5493400.000
5668600.000
5745000.000
5810600.000
5739600.000
5746600.000
5664400.000
5491600.000
5242600.000
4994600.000
4698200.000
4338200.000
3876200.000
3366600.000
2782400.000
2128800.000
1541800.000
1136200.000
898600.000
714000.000
463600.000
385200.000
297000.000
218200.000
182200.000
135600.000
112000.000
91800.000
83000.000
62400.000
55800.000
38800.000
35600.000
31800.000
26800.000
23200.000
26000.000
18600.000
16800.000
16400.000
12600.000
10400.000
14000.000
12600.000
14200.000
10400.000
8000.000
10200.000
9000.000
9600.000
8400.000
9600.000
11000.000
10000.000
10200.000
7000.000
8400.000
8400.000
10400.000
7800.000
9000.000
6800.000
8400.000
6800.000
7600.000
6400.000
7600.000
7600.000
7400.000
7600.000
6200.000
8800.000
6400.000
6400.000
8000.000
6600.000
8000.000
7200.000
6200.000
7400.000
6800.000
6200.000
4200.000
5400.000
7000.000
3000.000
5600.000
5000.000
4400.000
3800.000
5400.000
6600.000
6600.000
6000.000
5200.000
5400.000
4400.000
4800.000
3600.000
4400.000
3400.000
5000.000
5800.000
6200.000
3800.000
27800.000
25400.000
26200.000
24400.000
21200.000
20600.000
21200.000
16200.000
18400.000
16800.000
18200.000
15200.000
17200.000
15800.000
15200.000
15200.000
14600.000
14000.000
18200.000
16600.000
17200.000
12400.000
15800.000
16000.000
13400.000
15200.000
16400.000
13400.000
11600.000
16000.000
12600.000
12600.000
15200.000
13000.000
12600.000
13600.000
16600.000
11000.000
12800.000
11600.000
11800.000
13600.000
11400.000
13200.000
14200.000
14600.000
15600.000
12000.000
15600.000
13000.000
12200.000
15600.000
12400.000
15600.000
14800.000
16200.000
16400.000
19000.000
20600.000
24600.000
19000.000
30800.000
29600.000
28200.000
32400.000
33800.000
31600.000
41200.000
36400.000
45200.000
45800.000
53200.000
62400.000
67000.000
76400.000
83400.000
100800.000
116800.000
145400.000
189600.000
220800.000
258200.000
299600.000
370000.000
469600.000
562800.000
731800.000
1127600.000
1510600.000
2053600.000
2813800.000
3635000.000
4200600.000
4746200.000
5231800.000
5604600.000
5789600.000
5991800.000
6075600.000
6108200.000
6119000.000
6068200.000
6044000.000
5920200.000
5691400.000
5585600.000
5296200.000
5050000.000
4560600.000
4096600.000
3632600.000
2828400.000
2081000.000
1596800.000
1164400.000
889200.000
635200.000
493000.000
343600.000
278200.000
224600.000
167800.000
128400.000
117200.000
94400.000
70800.000
60200.000
55800.000
44000.000
31800.000
37400.000
30000.000
22200.000
21400.000
16400.000
17800.000
15200.000
10800.000
14000.000
10600.000
10400.000
10800.000
11200.000
9000.000
11000.000
11000.000
11000.000
8800.000
8200.000
10800.000
9600.000
8000.000
9800.000
9600.000
6800.000
9200.000
7400.000
8000.000
6600.000
9600.000
7200.000
6800.000
4800.000
8200.000
7600.000
7600.000
6400.000
6400.000
7200.000
6000.000
6400.000
7200.000
6800.000
5600.000
6400.000
6400.000
8800.000
7800.000
6200.000
5200.000
7400.000
4600.000
5000.000
4400.000
5600.000
4400.000
6800.000
6000.000
4000.000
5600.000
5000.000
5200.000
6000.000
5000.000
6200.000
6400.000
4600.000
5200.000
4200.000
4200.000
3800.000
29800.000
30400.000
28600.000
21800.000
25200.000
21200.000
20600.000
18800.000
20200.000
20200.000
19200.000
15600.000
19000.000
16800.000
15600.000
14800.000
15800.000
13800.000
15400.000
18200.000
17400.000
16600.000
15400.000
14600.000
14400.000
12800.000
14400.000
15400.000
14600.000
15200.000
18400.000
13200.000
14600.000
14600.000
16200.000
15600.000
13800.000
13400.000
13400.000
10800.000
12200.000
14000.000
12800.000
13400.000
14000.000
10600.000
15000.000
13200.000
14800.000
13400.000
15400.000
12200.000
15000.000
16200.000
15000.000
14600.000
16800.000
17200.000
19600.000
22200.000
27200.000
28400.000
28000.000
32600.000
32200.000
31600.000
33600.000
38000.000
40000.000
43000.000
57800.000
60200.000
58200.000
76200.000
88400.000
100800.000
106000.000
135000.000
178600.000
211000.000
243200.000
272000.000
329600.000
443600.000
520800.000
676000.000
925000.000
1355200.000
1875000.000
2713200.000
3341800.000
4128600.000
4799200.000
5249200.000
5516600.000
5912800.000
6123800.000
6211600.000
6228000.000
6297600.000
6301000.000
6197000.000
6165000.000
5985600.000
5852200.000
5713400.000
5462000.000
5206000.000
4729200.000
4269200.000
3690800.000
3047600.000
2081200.000
1597000.000
1166400.000
900000.000
601600.000
449200.000
359800.000
260200.000
201600.000
155800.000
128000.000
109600.000
96600.000
70000.000
57600.000
44000.000
42800.000
33600.000
31400.000
27200.000
23800.000
22000.000
20000.000
18800.000
18600.000
12000.000
15400.000
13400.000
11400.000
11400.000
9200.000
9400.000
10600.000
9000.000
10800.000
6600.000
11200.000
10000.000
7800.000
11800.000
7800.000
6000.000
8400.000
9000.000
7600.000
9200.000
6400.000
8200.000
8000.000
7400.000
9400.000
5000.000
6000.000
5800.000
7200.000
6800.000
7400.000
8200.000
8000.000
8000.000
6400.000
5400.000
6000.000
5600.000
6200.000
6400.000
6400.000
6400.000
6600.000
4600.000
4800.000
4800.000
6200.000
5600.000
7000.000
4800.000
6200.000
3200.000
5400.000
2400.000
5200.000
5000.000
6400.000
5400.000
4400.000
6000.000
4800.000
5400.000
5000.000
27600.000
33400.000
25400.000
27400.000
21600.000
19200.000
22200.000
22000.000
16000.000
20200.000
14000.000
21800.000
17600.000
16800.000
15200.000
15400.000
13200.000
19400.000
15600.000
16400.000
17200.000
14800.000
16200.000
14600.000
14600.000
14000.000
16000.000
13200.000
15800.000
15600.000
13000.000
15800.000
17000.000
12000.000
12200.000
14000.000
12800.000
12800.000
13800.000
14000.000
11400.000
13400.000
11800.000
9800.000
17000.000
13600.000
12200.000
11000.000
16400.000
13200.000
17400.000
14400.000
12200.000
15000.000
15200.000
15200.000
20000.000
15600.000
19600.000
18600.000
23000.000
27200.000
28400.000
36200.000
37000.000
31000.000
41400.000
42200.000
36600.000
47600.000
53800.000
62000.000
69800.000
72400.000
85800.000
103200.000
114800.000
124800.000
165400.000
208600.000
236000.000
283600.000
329800.000
438800.000
492600.000
653600.000
891000.000
1315000.000
1810200.000
2645400.000
3414400.000
4255000.000
4910000.000
5456400.000
5753200.000
6077200.000
6308200.000
6413200.000
6483400.000
6537200.000
6509600.000
6455400.000
6352600.000
6264000.000
6112800.000
5970000.000
5719400.000
5504600.000
5130000.000
4734600.000
4296200.000
3564000.000
2607400.000
1943000.000
1416000.000
1081800.000
711600.000
521600.000
401000.000
302400.000
240600.000
173400.000
148000.000
127800.000
96600.000
66400.000
68200.000
60000.000
51600.000
36000.000
36200.000
22600.000
22800.000
21200.000
19400.000
19800.000
15800.000
12200.000
15800.000
11800.000
13800.000
13000.000
11400.000
9400.000
11200.000
10600.000
10200.000
11200.000
8400.000
8800.000
9000.000
10200.000
8200.000
6800.000
8200.000
9200.000
9400.000
8200.000
8400.000
8200.000
6800.000
6000.000
7000.000
6800.000
5800.000
6400.000
6800.000
6600.000
6000.000
6800.000
6200.000
6600.000
4600.000
6800.000
4600.000
6400.000
5600.000
4600.000
6200.000
6400.000
6600.000
6000.000
4800.000
6200.000
5800.000
7000.000
4800.000
4200.000
6600.000
5000.000
6000.000
4000.000
4200.000
2400.000
5000.000
5400.000
5400.000
4400.000
3400.000
5200.000
4400.000
36200.000
28200.000
29800.000
25800.000
19800.000
24000.000
21200.000
22800.000
19400.000
15000.000
18600.000
17400.000
17000.000
15800.000
13800.000
18400.000
15600.000
14400.000
16800.000
16000.000
17400.000
15600.000
14000.000
14400.000
12000.000
15600.000
12000.000
14000.000
15000.000
13400.000
12200.000
16000.000
11000.000
14000.000
11400.000
10800.000
11600.000
12200.000
11200.000
13400.000
11200.000
12200.000
14800.000
8800.000
13000.000
12600.000
13400.000
12800.000
10600.000
13400.000
12200.000
10200.000
11000.000
14000.000
12400.000
13200.000
16600.000
19000.000
19400.000
19800.000
25000.000
26800.000
30200.000
30800.000
34600.000
33800.000
39200.000
41400.000
42600.000
46200.000
58000.000
69200.000
69000.000
80200.000
104000.000
113600.000
131800.000
149200.000
186200.000
214800.000
273600.000
300800.000
374200.000
514600.000
609800.000
840000.000
1143400.000
1804200.000
2415600.000
3367200.000
4109200.000
4926600.000
5317600.000
5695600.000
6025800.000
6256200.000
6437200.000
6514200.000
6530200.000
6518600.000
6532000.000
6543400.000
6424600.000
6286800.000
6140600.000
5980600.000
5825600.000
5528600.000
5028200.000
4636400.000
4094200.000
3198600.000
2290800.000
1762000.000
1238800.000
906800.000
627600.000
470800.000
337800.000
269400.000
216600.000
155400.000
125400.000
111400.000
86200.000
70800.000
60400.000
47600.000
44000.000
38000.000
27600.000
25800.000
22600.000
18800.000
20600.000
16000.000
14200.000
14000.000
16200.000
11000.000
15200.000
13200.000
9800.000
11600.000
10200.000
7400.000
9000.000
10000.000
10600.000
7600.000
6800.000
10000.000
9400.000
9800.000
6400.000
8400.000
6800.000
6800.000
8400.000
8800.000
8400.000
7000.000
6400.000
7000.000
5000.000
5600.000
6800.000
5600.000
7400.000
6000.000
3800.000
7200.000
7400.000
4600.000
7000.000
4800.000
6200.000
7800.000
5400.000
4600.000
6800.000
4200.000
4800.000
5600.000
6200.000
4800.000
4600.000
6000.000
3200.000
4400.000
6000.000
3400.000
4000.000
6200.000
4000.000
5200.000
3200.000
4400.000
4600.000
5600.000
4200.000
35200.000
33600.000
29200.000
26800.000
23000.000
22400.000
16400.000
19800.000
17000.000
18200.000
16800.000
16400.000
18400.000
16400.000
15000.000
13600.000
16800.000
15400.000
16000.000
15200.000
18000.000
16600.000
15800.000
14000.000
14800.000
14400.000
15200.000
16800.000
14800.000
10400.000
12000.000
15800.000
15800.000
12800.000
15800.000
12200.000
12600.000
13000.000
9000.000
9800.000
11400.000
10800.000
9600.000
14000.000
12000.000
12800.000
10800.000
14400.000
13400.000
14200.000
14200.000
13600.000
10600.000
9800.000
16000.000
14200.000
14800.000
15800.000
16600.000
21000.000
24200.000
26600.000
33200.000
33000.000
34600.000
38000.000
35000.000
39200.000
46400.000
50400.000
51200.000
68200.000
70200.000
70600.000
94000.000
104400.000
131200.000
142800.000
188000.000
220000.000
263800.000
303800.000
383600.000
470200.000
611200.000
790400.000
1070400.000
1581800.000
2357200.000
3209800.000
3932400.000
4770800.000
5277200.000
5600800.000
5894400.000
6195800.000
6376200.000
6452200.000
6467600.000
6539000.000
6596200.000
6492600.000
6412200.000
6365800.000
6176200.000
6074400.000
5802800.000
5702600.000
5208200.000
4742800.000
4203800.000
3482600.000
2556400.000
1874000.000
1403200.000
981200.000
655800.000
488600.000
368800.000
274000.000
204800.000
169000.000
143000.000
108000.000
93400.000
77800.000
60400.000
52200.000
51400.000
38200.000
32200.000
23800.000
25800.000
21000.000
16800.000
19600.000
14600.000
17400.000
14200.000
10600.000
11800.000
11000.000
10800.000
11600.000
9200.000
9000.000
9600.000
9800.000
9200.000
10200.000
8800.000
9600.000
8400.000
8600.000
8800.000
8800.000
9200.000
7400.000
9200.000
6400.000
7200.000
4200.000
9000.000
8600.000
5800.000
6000.000
7200.000
7200.000
4600.000
4600.000
6000.000
8000.000
6600.000
6400.000
7400.000
6600.000
6200.000
5600.000
7800.000
4400.000
5200.000
5200.000
5200.000
7600.000
6000.000
4600.000
4000.000
5200.000
6600.000
4600.000
5600.000
4400.000
6200.000
4000.000
3200.000
3800.000
6400.000
3800.000
3800.000
4800.000
5800.000
37200.000
40200.000
28200.000
28200.000
24200.000
23600.000
21000.000
18000.000
20400.000
21400.000
18200.000
17600.000
17600.000
12200.000
19400.000
13400.000
13600.000
18800.000
18800.000
14400.000
14800.000
14200.000
12600.000
14600.000
13400.000
18200.000
17000.000
13800.000
13400.000
15200.000
15800.000
15200.000
14400.000
14800.000
15000.000
14200.000
14000.000
14200.000
12200.000
11200.000
14000.000
11800.000
12600.000
12400.000
12800.000
14800.000
12800.000
12000.000
14800.000
12800.000
13400.000
15200.000
11600.000
11600.000
14200.000
15000.000
18400.000
16800.000
19600.000
25200.000
22400.000
26400.000
33800.000
31800.000
36200.000
34400.000
32400.000
37400.000
48400.000
50200.000
62800.000
69000.000
72400.000
81400.000
104200.000
109600.000
137600.000
159000.000
202000.000
225200.000
285400.000
318600.000
403800.000
538600.000
713200.000
870800.000
1225800.000
1949800.000
2736600.000
3558000.000
4241600.000
4923400.000
5307800.000
5660600.000
5974200.000
6147800.000
6299400.000
6381000.000
6403400.000
6472800.000
6483000.000
6379600.000
6387000.000
6301600.000
6097600.000
5938200.000
5859400.000
5523600.000
5102200.000
4558600.000
4016800.000
3248800.000
2231800.000
1680400.000
1238200.000
870600.000
580200.000
458000.000
348600.000
244200.000
196600.000
157200.000
132000.000
104400.000
80200.000
71400.000
55800.000
49200.000
43400.000
34600.000
29800.000
27600.000
23200.000
22600.000
18600.000
19400.000
16000.000
15200.000
13400.000
12000.000
12200.000
10400.000
9000.000
9200.000
10400.000
7800.000
11000.000
7000.000
8200.000
10000.000
5200.000
8400.000
6000.000
6000.000
9800.000
7200.000
6200.000
9800.000
7200.000
6400.000
7000.000
8000.000
6400.000
5600.000
7400.000
7000.000
6400.000
5400.000
3800.000
4800.000
5800.000
6200.000
7000.000
5400.000
7000.000
6600.000
6600.000
5800.000
5600.000
5600.000
5200.000
5800.000
5200.000
5200.000
4200.000
4800.000
5200.000
4000.000
3400.000
4000.000
4800.000
4600.000
4400.000
4400.000
3000.000
4200.000
4200.000
4600.000
5200.000
3000.000
5200.000
46800.000
33200.000
32200.000
34600.000
27200.000
24400.000
23400.000
17200.000
17400.000
19000.000
16800.000
20600.000
19400.000
17200.000
14600.000
18200.000
14600.000
15000.000
14000.000
15200.000
16400.000
13600.000
15800.000
13600.000
15600.000
13800.000
16400.000
14400.000
14200.000
14600.000
14600.000
12000.000
11800.000
15800.000
14400.000
13200.000
13800.000
10400.000
13000.000
12400.000
8600.000
11600.000
11000.000
10800.000
11400.000
14200.000
12000.000
14000.000
10400.000
12000.000
14600.000
14200.000
13000.000
12200.000
11400.000
15000.000
13600.000
18400.000
18000.000
16200.000
21800.000
27400.000
27400.000
28800.000
26400.000
30600.000
33400.000
40400.000
43000.000
48200.000
57400.000
54600.000
71800.000
81200.000
96600.000
100400.000
121600.000
142600.000
173200.000
205200.000
263200.000
303600.000
358600.000
511800.000
649800.000
821600.000
1091800.000
1732000.000
2375600.000
3214000.000
3974800.000
4667800.000
5076400.000
5469000.000
5725800.000
5958400.000
6097000.000
6186600.000
6269200.000
6274400.000
6352600.000
6341800.000
6287200.000
6212600.000
6041400.000
5877400.000
5747200.000
5501200.000
5028600.000
4550400.000
4050800.000
3372200.000
2312600.000
1770200.000
1317800.000
924600.000
588600.000
473800.000
378400.000
266400.000
214600.000
164800.000
121200.000
105800.000
93200.000
76000.000
51600.000
50000.000
44800.000
38400.000
34600.000
26000.000
21600.000
18600.000
20400.000
16600.000
15200.000
10600.000
12600.000
11400.000
7400.000
12600.000
8200.000
10800.000
9400.000
8600.000
8200.000
7600.000
10400.000
8000.000
9200.000
8800.000
7000.000
7800.000
9000.000
8000.000
8600.000
7000.000
7200.000
8600.000
7800.000
6600.000
7600.000
6000.000
6800.000
7200.000
8600.000
9600.000
6800.000
5400.000
6200.000
7600.000
5200.000
6800.000
5600.000
8400.000
7400.000
7400.000
5600.000
6000.000
5600.000
4800.000
6200.000
6000.000
5800.000
6200.000
5600.000
2800.000
4600.000
4600.000
2600.000
4800.000
4600.000
4600.000
3800.000
4000.000
5600.000
5600.000
4600.000
5600.000
4000.000
47800.000
42400.000
33600.000
30800.000
29000.000
22800.000
22800.000
22400.000
20400.000
20800.000
19600.000
17200.000
17400.000
15800.000
15600.000
16200.000
13800.000
14200.000
15400.000
13600.000
13400.000
11200.000
15200.000
15200.000
14400.000
12600.000
14600.000
15200.000
13200.000
13200.000
13400.000
12400.000
16000.000
13000.000
14600.000
14600.000
12000.000
11000.000
11200.000
14400.000
14600.000
14000.000
11600.000
13200.000
12800.000
10400.000
12600.000
11800.000
13600.000
14400.000
13400.000
15200.000
12400.000
15600.000
12600.000
14800.000
18200.000
17000.000
18400.000
21800.000
21400.000
25400.000
26200.000
26600.000
26000.000
29200.000
40200.000
35600.000
37800.000
47600.000
57600.000
60800.000
80000.000
79200.000
94600.000
104600.000
127600.000
153600.000
182400.000
224800.000
265200.000
313800.000
405200.000
510400.000
659600.000
882800.000
1166800.000
1731200.000
2460400.000
3228200.000
3877200.000
4604000.000
4935800.000
5229000.000
5501800.000
5755000.000
5915000.000
6009800.000
6038200.000
6134800.000
6190400.000
6137000.000
6163600.000
6049400.000
5953000.000
5905600.000
5621200.000
5413200.000
4986000.000
4479000.000
3911000.000
3283200.000
2267600.000
1648800.000
1224200.000
906800.000
579400.000
441000.000
359800.000
261000.000
215200.000
157200.000
133800.000
104200.000
87000.000
69600.000
54600.000
44200.000
43200.000
36800.000
32800.000
25400.000
24200.000
22800.000
22600.000
18800.000
16800.000
11800.000
14200.000
12000.000
13800.000
8600.000
11000.000
10000.000
8400.000
10600.000
7400.000
7400.000
7200.000
7000.000
6600.000
7600.000
8800.000
7600.000
8000.000
8000.000
6600.000
7600.000
8400.000
6200.000
8800.000
4800.000
8800.000
6000.000
5800.000
6400.000
7200.000
5600.000
7400.000
5000.000
5800.000
5600.000
6000.000
5600.000
6200.000
5200.000
6400.000
4800.000
5800.000
5200.000
5400.000
6800.000
5000.000
6800.000
4000.000
3200.000
4400.000
4600.000
2600.000
7400.000
6000.000
5600.000
4200.000
6800.000
4800.000
2800.000
2800.000
4000.000
4400.000
5200.000
3000.000
47800.000
43600.000
37200.000
33800.000
28800.000
25800.000
25000.000
24200.000
20400.000
21600.000
18200.000
16200.000
21400.000
13200.000
15000.000
17600.000
16400.000
19000.000
15400.000
15000.000
15600.000
15200.000
18000.000
14000.000
15800.000
11400.000
15000.000
15200.000
14400.000
12400.000
12800.000
13400.000
15000.000
10800.000
15400.000
11200.000
13800.000
11600.000
15800.000
13600.000
14200.000
12800.000
14600.000
15800.000
10200.000
16000.000
11400.000
11200.000
12800.000
15200.000
13600.000
13800.000
14400.000
13600.000
15800.000
17000.000
18400.000
18600.000
18800.000
17800.000
22200.000
23200.000
19600.000
25800.000
28600.000
28200.000
31800.000
38600.000
41600.000
45200.000
52800.000
70000.000
66800.000
78400.000
91800.000
102400.000
125200.000
139600.000
189200.000
228800.000
267600.000
330200.000
381400.000
510000.000
651600.000
830000.000
1150200.000
1701600.000
2243800.000
3035200.000
3850200.000
4483000.000
4924800.000
5149200.000
5405200.000
5673800.000
5804400.000
6011200.000
6053400.000
6183200.000
6235000.000
6273200.000
6230200.000
6261400.000
6135400.000
6024600.000
5809400.000
5492000.000
5045000.000
4625800.000
4022000.000
3311000.000
2403400.000
1738800.000
1213200.000
898000.000
647400.000
497800.000
345400.000
277000.000
219000.000
168000.000
131200.000
118800.000
93600.000
71000.000
60600.000
60400.000
40400.000
37000.000
29600.000
30600.000
26400.000
22000.000
19800.000
15000.000
16600.000
13600.000
10400.000
14200.000
14400.000
10200.000
9600.000
10400.000
9200.000
10400.000
9800.000
10200.000
9200.000
8600.000
9400.000
8800.000
8200.000
8000.000
7800.000
7400.000
7400.000
6600.000
6800.000
6800.000
8000.000
6200.000
5200.000
9200.000
9000.000
7400.000
6600.000
9000.000
7600.000
6600.000
7800.000
8200.000
7600.000
6000.000
6800.000
7200.000
7800.000
5200.000
7800.000
4800.000
6000.000
4400.000
4800.000
6000.000
6600.000
4600.000
6600.000
6400.000
4600.000
4800.000
4400.000
4200.000
6600.000
5000.000
6800.000
5000.000
6000.000
5400.000
5200.000
5600.000
5600.000
55600.000
37800.000
39800.000
28600.000
32200.000
27000.000
26400.000
19600.000
23400.000
19000.000
22800.000
19800.000
19400.000
13400.000
13000.000
13400.000
16000.000
12200.000
14200.000
16800.000
15000.000
15200.000
14200.000
14200.000
13200.000
14600.000
11600.000
16800.000
16600.000
14000.000
15400.000
11000.000
12000.000
16000.000
15800.000
14400.000
13200.000
14000.000
11400.000
14600.000
10600.000
13000.000
14400.000
13000.000
14600.000
10800.000
14400.000
12600.000
14800.000
13600.000
14800.000
13000.000
14800.000
13200.000
16400.000
15800.000
14600.000
19200.000
19200.000
17200.000
23400.000
23800.000
24200.000
21200.000
24800.000
32800.000
35600.000
42000.000
47600.000
56200.000
64000.000
67800.000
72000.000
88200.000
107600.000
113400.000
126800.000
155600.000
198000.000
242400.000
263000.000
345800.000
406800.000
545800.000
686800.000
900600.000
1241400.000
1761000.000
2321200.000
3141400.000
3667400.000
4243400.000
4572000.000
4742600.000
4991200.000
5238400.000
5386000.000
5563600.000
5724200.000
5764400.000
5852600.000
5864000.000
5900600.000
5820200.000
5782400.000
5626400.000
5373000.000
5060200.000
4669200.000
4085800.000
3471800.000
2784400.000
1915400.000
1346200.000
1002200.000
770000.000
516600.000
398200.000
300200.000
230800.000
196000.000
133200.000
111400.000
95400.000
75200.000
63800.000
52200.000
44800.000
47600.000
34800.000
34200.000
21800.000
20000.000
23000.000
19200.000
14200.000
16400.000
10200.000
11600.000
12600.000
9600.000
10600.000
11800.000
7400.000
10600.000
8200.000
8400.000
8400.000
7000.000
7400.000
8400.000
8200.000
8200.000
10400.000
7400.000
8200.000
7200.000
9400.000
5800.000
7400.000
8000.000
7600.000
5800.000
4800.000
8000.000
6800.000
5800.000
6400.000
8200.000
6600.000
6200.000
5600.000
5000.000
6400.000
4600.000
7400.000
7000.000
6200.000
7200.000
7000.000
5400.000
5800.000
3200.000
4400.000
4600.000
6000.000
5600.000
6600.000
5000.000
4600.000
6200.000
3600.000
6000.000
5000.000
4600.000
4200.000
4800.000
3600.000
4400.000
6000.000
5200.000
50000.000
44400.000
40600.000
35400.000
30000.000
24200.000
26600.000
23800.000
22000.000
17400.000
22600.000
15800.000
17400.000
14200.000
15400.000
17000.000
19200.000
13200.000
14600.000
17800.000
15800.000
13400.000
13200.000
13000.000
13000.000
17000.000
14400.000
11000.000
12800.000
13600.000
16400.000
10800.000
14600.000
12400.000
14000.000
11400.000
12200.000
11800.000
9800.000
14000.000
15400.000
10800.000
13600.000
13200.000
11600.000
13600.000
13400.000
12400.000
13800.000
14800.000
13800.000
11600.000
13400.000
14800.000
12600.000
15800.000
12400.000
14800.000
15600.000
18600.000
21600.000
23600.000
23200.000
23200.000
27800.000
29000.000
35400.000
33800.000
42200.000
46800.000
50800.000
63000.000
68800.000
77000.000
92600.000
103600.000
120600.000
143800.000
182000.000
222800.000
265000.000
305200.000
380400.000
487600.000
606800.000
784000.000
1056400.000
1496000.000
1936800.000
2601200.000
3137600.000
3782600.000
4068400.000
4295200.000
4527200.000
4793400.000
4889000.000
5076600.000
5318400.000
5394400.000
5462600.000
5618000.000
5571200.000
5578200.000
5513600.000
5429200.000
5266800.000
5006400.000
4603800.000
4064800.000
3464000.000
2842000.000
1950200.000
1345200.000
996600.000
787800.000
551400.000
398600.000
294800.000
246000.000
207200.000
146800.000
114200.000
110400.000
75800.000
72000.000
57800.000
49800.000
43800.000
34000.000
31600.000
28000.000
24200.000
23600.000
19200.000
19000.000
18200.000
18400.000
12200.000
13200.000
12400.000
12000.000
8600.000
12200.000
12200.000
8000.000
9600.000
8400.000
8800.000
9400.000
5600.000
7200.000
7800.000
7600.000
9800.000
7800.000
9200.000
8400.000
7400.000
8000.000
7200.000
7600.000
9800.000
8200.000
7400.000
7000.000
6400.000
7200.000
8800.000
7400.000
6800.000
6400.000
4400.000
6400.000
7200.000
8000.000
7400.000
6800.000
5200.000
7200.000
5800.000
4200.000
6200.000
7000.000
7000.000
4200.000
5200.000
6200.000
5400.000
4400.000
4000.000
4000.000
4400.000
3800.000
6600.000
6400.000
2800.000
4600.000
4600.000
4600.000
6200.000
57400.000
45200.000
38400.000
33200.000
28200.000
26000.000
24400.000
22800.000
17600.000
22000.000
22200.000
15400.000
18200.000
14200.000
18000.000
14800.000
19800.000
13200.000
13200.000
13400.000
14000.000
17200.000
14600.000
14000.000
12200.000
14400.000
13200.000
14400.000
16000.000
14000.000
15200.000
14000.000
14800.000
13400.000
14000.000
14200.000
13400.000
13000.000
11200.000
13200.000
15600.000
15200.000
16200.000
10200.000
12200.000
14000.000
15000.000
13600.000
16400.000
12200.000
12000.000
13800.000
18800.000
15800.000
16600.000
19400.000
16600.000
18400.000
22400.000
21600.000
22000.000
20000.000
23000.000
23200.000
27800.000
32200.000
36600.000
32000.000
45200.000
56200.000
59600.000
57800.000
74800.000
88800.000
92400.000
118200.000
134600.000
154800.000
191800.000
236600.000
293400.000
355800.000
403600.000
538400.000
643600.000
842200.000
1106800.000
1590000.000
2022000.000
2566200.000
3079200.000
3627800.000
3889400.000
3987400.000
4205600.000
4430800.000
4498400.000
4696000.000
4830400.000
4967200.000
5053400.000
5200400.000
5349800.000
5384400.000
5375200.000
5262000.000
5039400.000
4736800.000
4134800.000
3727600.000
3063800.000
2313800.000
1574400.000
1195400.000
844400.000
631800.000
477800.000
345200.000
284400.000
221600.000
181400.000
131800.000
103400.000
91200.000
74600.000
56800.000
57800.000
44400.000
39000.000
33200.000
27600.000
27800.000
22200.000
19000.000
16800.000
18200.000
15000.000
12600.000
13000.000
10600.000
10200.000
9800.000
10800.000
7400.000
9000.000
6800.000
7600.000
9000.000
9400.000
8600.000
10200.000
5600.000
5400.000
7400.000
9200.000
7400.000
8400.000
7000.000
4200.000
5000.000
6200.000
5200.000
8000.000
7800.000
6800.000
6800.000
6600.000
7200.000
9600.000
7600.000
6400.000
6400.000
7200.000
6000.000
6600.000
6800.000
7600.000
7800.000
6800.000
5800.000
5800.000
7200.000
4400.000
4000.000
4600.000
6200.000
5800.000
4800.000
6400.000
5200.000
3600.000
4800.000
4000.000
4800.000
7400.000
6600.000
6800.000
4600.000
4600.000
4600.000
6000.000
54600.000
46600.000
41800.000
32000.000
31600.000
26800.000
26200.000
28800.000
20800.000
21800.000
19000.000
15600.000
19000.000
15800.000
17200.000
15600.000
16600.000
14600.000
15400.000
15400.000
16800.000
13200.000
14400.000
15600.000
15400.000
14400.000
15000.000
11800.000
13800.000
16200.000
11600.000
12800.000
12000.000
14800.000
11800.000
11600.000
17400.000
12800.000
14400.000
14000.000
14600.000
12400.000
15200.000
11400.000
16800.000
11800.000
16600.000
13000.000
13000.000
13000.000
13400.000
13800.000
12200.000
15000.000
12800.000
13600.000
13200.000
20600.000
18200.000
17600.000
20600.000
21600.000
21600.000
21800.000
28400.000
30600.000
31400.000
38000.000
42600.000
44000.000
53400.000
56200.000
74000.000
79000.000
90200.000
107000.000
127800.000
135400.000
191800.000
227000.000
271600.000
343800.000
384400.000
457200.000
553800.000
694800.000
899800.000
1245800.000
1593200.000
1980800.000
2508200.000
3107400.000
3338000.000
3600000.000
3635600.000
3771000.000
3923000.000
4093800.000
4198200.000
4326000.000
4419000.000
4593200.000
4791000.000
4887200.000
4990400.000
4947800.000
4749400.000
4531200.000
4091400.000
3657800.000
3056600.000
2469400.000
1710200.000
1211600.000
910600.000
685000.000
460800.000
366000.000
278000.000
226400.000
179200.000
137800.000
110000.000
95000.000
80600.000
64800.000
55200.000
44800.000
30800.000
31200.000
28000.000
21200.000
21600.000
19200.000
16000.000
20000.000
17800.000
12600.000
10800.000
14600.000
12000.000
11400.000
12000.000
5800.000
10200.000
11000.000
9000.000
9200.000
10200.000
7400.000
11800.000
5600.000
5600.000
7200.000
8200.000
6200.000
7000.000
6800.000
6600.000
6800.000
6600.000
6200.000
8200.000
6200.000
7000.000
7000.000
5800.000
8400.000
6600.000
8200.000
4800.000
6400.000
6600.000
7600.000
8000.000
5000.000
8600.000
7200.000
5200.000
8400.000
6000.000
5800.000
7000.000
5200.000
4400.000
4000.000
7200.000
6000.000
3600.000
5600.000
4800.000
6800.000
4400.000
5000.000
6800.000
7200.000
7000.000
5000.000
5000.000
6400.000
3800.000
49600.000
44400.000
32600.000
32600.000
28800.000
23800.000
24800.000
22400.000
18600.000
16200.000
18600.000
21800.000
15800.000
17400.000
15600.000
15400.000
18600.000
13800.000
13200.000
15600.000
13200.000
13400.000
12600.000
14800.000
12800.000
12800.000
15600.000
11800.000
13000.000
13200.000
11200.000
14400.000
13400.000
10800.000
11800.000
13600.000
12000.000
11600.000
12600.000
13400.000
13000.000
11600.000
11400.000
10600.000
13400.000
12600.000
15600.000
12800.000
13800.000
14400.000
12800.000
15000.000
16200.000
14600.000
17000.000
19400.000
14200.000
20200.000
19800.000
20800.000
21400.000
22800.000
21200.000
26800.000
22400.000
24600.000
34200.000
44600.000
46200.000
52000.000
56600.000
56600.000
68600.000
74800.000
86400.000
116000.000
118800.000
151400.000
211600.000
274600.000
330000.000
376600.000
415400.000
485000.000
576200.000
701400.000
937200.000
1318000.000
1619000.000
2097200.000
2466800.000
2908400.000
3127200.000
3251200.000
3178400.000
3357600.000
3496000.000
3607200.000
3663800.000
3873200.000
3997600.000
4212600.000
4454800.000
4766400.000
4771000.000
4700200.000
4504800.000
4181200.000
3675000.000
3089200.000
2522400.000
1875600.000
1308200.000
977200.000
728400.000
551400.000
395400.000
304200.000
230800.000
198400.000
160800.000
130200.000
91400.000
84800.000
72200.000
54000.000
50400.000
41400.000
38000.000
34800.000
25600.000
25400.000
22200.000
21600.000
19400.000
15600.000
14400.000
15600.000
14000.000
13800.000
12000.000
12600.000
10600.000
11800.000
14400.000
11000.000
11800.000
7600.000
8000.000
9200.000
7600.000
5800.000
8600.000
3600.000
6600.000
7000.000
7000.000
7400.000
6600.000
8000.000
7000.000
6200.000
6200.000
7200.000
7800.000
8800.000
7800.000
5200.000
9800.000
5800.000
6200.000
7000.000
4800.000
5600.000
5800.000
6200.000
6600.000
6200.000
7000.000
5200.000
7600.000
7200.000
6600.000
6000.000
4600.000
4800.000
6000.000
4000.000
5600.000
6000.000
5200.000
4400.000
5200.000
6000.000
6000.000
4400.000
5400.000
4600.000
5200.000
5000.000
4800.000
55000.000
50200.000
36600.000
31000.000
28000.000
26600.000
25000.000
24000.000
21200.000
17400.000
17400.000
19600.000
17600.000
16600.000
17400.000
13800.000
13400.000
15400.000
15000.000
16000.000
14400.000
12200.000
15000.000
14600.000
13800.000
12200.000
12800.000
13800.000
10400.000
12000.000
12800.000
13200.000
14600.000
13200.000
11800.000
12600.000
12600.000
15000.000
13200.000
15800.000
11200.000
14600.000
12000.000
12000.000
11400.000
10600.000
9400.000
11600.000
9800.000
15000.000
13600.000
13000.000
13200.000
14800.000
15000.000
16400.000
14600.000
15200.000
19000.000
18200.000
20800.000
19600.000
21600.000
22600.000
21400.000
26000.000
27000.000
30000.000
39400.000
45200.000
50800.000
61000.000
57400.000
65200.000
93600.000
91400.000
109800.000
138200.000
193000.000
256600.000
317200.000
390200.000
421000.000
472800.000
480200.000
572200.000
716000.000
998400.000
1242800.000
1550600.000
1825400.000
2156400.000
2318200.000
2431200.000
2469000.000
2621200.000
2730000.000
2743800.000
2663600.000
2707600.000
2920000.000
3138200.000
3503800.000
3821400.000
4169000.000
4086800.000
3964200.000
3794800.000
3199000.000
2709800.000
2302200.000
1748400.000
1194200.000
912600.000
700200.000
512400.000
372600.000
299800.000
204400.000
184400.000
149400.000
118600.000
92600.000
86200.000
67400.000
61600.000
51800.000
45600.000
33000.000
30000.000
27400.000
21000.000
22200.000
22600.000
16200.000
18600.000
16600.000
14400.000
13400.000
11200.000
12200.000
10000.000
11200.000
10400.000
10000.000
9200.000
9400.000
9800.000
6800.000
8200.000
7800.000
8000.000
9800.000
9600.000
6400.000
6800.000
8200.000
8400.000
8400.000
7000.000
7800.000
9200.000
9200.000
7000.000
6400.000
8200.000
6600.000
5000.000
7200.000
8000.000
7400.000
7600.000
5200.000
7600.000
7000.000
8200.000
6200.000
6800.000
7000.000
6000.000
5600.000
7000.000
6000.000
6800.000
6600.000
6000.000
5200.000
5200.000
5000.000
4400.000
7600.000
5200.000
5400.000
5400.000
6000.000
5200.000
6000.000
5600.000
3600.000
5000.000
4600.000
55000.000
48600.000
36000.000
35000.000
28800.000
28000.000
19600.000
22600.000
22200.000
19000.000
20000.000
20400.000
16200.000
14000.000
17400.000
14200.000
18400.000
19400.000
15600.000
17200.000
18000.000
11600.000
15800.000
19200.000
12800.000
12600.000
14200.000
14400.000
15600.000
16000.000
11800.000
11800.000
12800.000
13800.000
12600.000
14400.000
13600.000
13000.000
12000.000
12200.000
12400.000
11400.000
15600.000
15200.000
10200.000
12000.000
13600.000
15600.000
15600.000
13400.000
13200.000
14000.000
14400.000
13400.000
16600.000
13800.000
15600.000
18000.000
18800.000
15400.000
22400.000
22800.000
20600.000
20400.000
26400.000
26200.000
31000.000
30200.000
35600.000
43800.000
52200.000
59800.000
64200.000
68400.000
79600.000
86000.000
110400.000
140000.000
223400.000
298600.000
345800.000
422200.000
434800.000
458400.000
461000.000
515200.000
653800.000
909800.000
1051000.000
1249000.000
1437600.000
1646800.000
1704000.000
1784000.000
1963600.000
1995200.000
1998800.000
2013200.000
1968000.000
1910800.000
2111600.000
2555800.000
2984800.000
3318000.000
3672000.000
3673400.000
3439400.000
3166000.000
2678600.000
2108200.000
1699600.000
1340000.000
939600.000
674600.000
557600.000
429400.000
313000.000
237000.000
195600.000
167200.000
129200.000
98600.000
83000.000
74200.000
66000.000
52200.000
42000.000
35200.000
38800.000
29800.000
26400.000
26400.000
20000.000
17600.000
16400.000
14000.000
13600.000
13400.000
12400.000
11000.000
11400.000
10400.000
8400.000
7200.000
8600.000
9200.000
9800.000
7800.000
8000.000
7400.000
5600.000
9200.000
9000.000
9200.000
5400.000
8800.000
6000.000
4600.000
7400.000
8800.000
6000.000
7200.000
6200.000
8800.000
8000.000
6400.000
4800.000
6800.000
6400.000
8000.000
6600.000
6000.000
4600.000
5200.000
6400.000
6000.000
5600.000
6800.000
5400.000
6400.000
6400.000
5600.000
3400.000
7200.000
4400.000
6800.000
3800.000
6800.000
4600.000
6200.000
4200.000
4600.000
4600.000
4600.000
4400.000
5200.000
4800.000
4400.000
4400.000
5400.000
5000.000
59800.000
52200.000
42200.000
37400.000
32200.000
26000.000
26200.000
18800.000
19200.000
19200.000
20400.000
16200.000
16400.000
19200.000
17400.000
16000.000
14800.000
15400.000
15200.000
14000.000
12400.000
15000.000
17400.000
13600.000
8800.000
13800.000
14400.000
12000.000
11600.000
13800.000
11400.000
11800.000
11000.000
14000.000
14400.000
14000.000
12600.000
10800.000
12800.000
10400.000
13600.000
12800.000
12000.000
15800.000
13000.000
11800.000
11400.000
14200.000
14600.000
15000.000
12800.000
12200.000
15600.000
15800.000
13600.000
13600.000
12600.000
16200.000
13400.000
15800.000
19000.000
17600.000
20600.000
19600.000
19800.000
21800.000
28600.000
30000.000
29600.000
40800.000
48800.000
55200.000
56200.000
68800.000
77600.000
86200.000
104600.000
122600.000
175000.000
258200.000
335400.000
377400.000
419600.000
439800.000
438000.000
444800.000
530000.000
654000.000
785400.000
868200.000
943400.000
1121400.000
1226400.000
1265000.000
1404800.000
1554600.000
1597000.000
1498600.000
1445000.000
1369200.000
1386200.000
1702000.000
2237200.000
2634000.000
3059600.000
3182000.000
3095400.000
2719000.000
2234000.000
1945600.000
1520000.000
1133600.000
839200.000
667200.000
486600.000
369000.000
304200.000
235800.000
187200.000
152000.000
126200.000
96800.000
86800.000
72400.000
61800.000
52600.000
43200.000
41400.000
39000.000
29000.000
27600.000
25000.000
20600.000
18400.000
16800.000
17800.000
13600.000
16000.000
13200.000
11200.000
14000.000
13600.000
10400.000
10000.000
10600.000
7400.000
8400.000
9200.000
10800.000
7200.000
7600.000
7600.000
10600.000
9200.000
8400.000
7600.000
9000.000
7000.000
8400.000
7400.000
6200.000
6800.000
6600.000
8400.000
5800.000
6200.000
8800.000
7800.000
5400.000
6000.000
6200.000
7800.000
5600.000
8200.000
6600.000
6000.000
5400.000
5600.000
7800.000
7600.000
6200.000
8200.000
5800.000
4200.000
6200.000
4600.000
4200.000
4800.000
3800.000
5800.000
5600.000
2800.000
4400.000
5800.000
4600.000
5200.000
5200.000
3200.000
5200.000
6800.000
5400.000
59200.000
52000.000
38000.000
31800.000
24800.000
21800.000
24800.000
25000.000
23400.000
18200.000
17200.000
17600.000
16200.000
17600.000
17200.000
18600.000
15400.000
16600.000
17800.000
18200.000
15000.000
14200.000
15000.000
13400.000
11200.000
12000.000
12400.000
12400.000
10400.000
15200.000
11600.000
11200.000
10400.000
13000.000
11200.000
15600.000
15000.000
11200.000
11000.000
12800.000
12800.000
13200.000
7800.000
14400.000
10400.000
10600.000
13200.000
15400.000
14200.000
8000.000
12800.000
11000.000
12000.000
12800.000
15000.000
14800.000
18400.000
16600.000
20000.000
16400.000
19000.000
17800.000
19400.000
20400.000
23200.000
23400.000
27000.000
30000.000
30400.000
33000.000
52400.000
52400.000
57600.000
67000.000
73000.000
85000.000
98000.000
118600.000
184000.000
271200.000
332400.000
372200.000
398000.000
390000.000
379600.000
387800.000
423200.000
536200.000
605400.000
635400.000
677400.000
798000.000
854000.000
955800.000
1150800.000
1261800.000
1238400.000
1103600.000
1026600.000
955200.000
1085200.000
1522200.000
2024000.000
2441000.000
2714800.000
2768200.000
2546400.000
2133800.000
1769200.000
1502200.000
1146000.000
924600.000
688400.000
517400.000
405400.000
320200.000
239000.000
206400.000
155600.000
138000.000
107400.000
88200.000
62200.000
70000.000
51600.000
42400.000
36000.000
36400.000
27400.000
26200.000
23400.000
22400.000
18800.000
17200.000
18000.000
15200.000
13200.000
10000.000
12600.000
9600.000
10600.000
10400.000
11200.000
9200.000
8600.000
6200.000
8200.000
9600.000
8600.000
8800.000
8400.000
8000.000
8000.000
6200.000
6400.000
8200.000
7600.000
7800.000
8000.000
9400.000
6400.000
6000.000
9800.000
7800.000
7000.000
8000.000
6800.000
6600.000
6800.000
7200.000
6400.000
5200.000
4600.000
6000.000
7000.000
5600.000
4800.000
7200.000
6000.000
7000.000
5400.000
8400.000
6800.000
7200.000
5800.000
5400.000
5600.000
6000.000
4400.000
6000.000
5800.000
4800.000
4600.000
5200.000
4400.000
5200.000
5800.000
4200.000
6400.000
4400.000
6600.000
59800.000
56200.000
42400.000
33800.000
28000.000
28200.000
24000.000
16800.000
18000.000
22800.000
18400.000
15400.000
14800.000
17000.000
15200.000
17600.000
16400.000
13800.000
12800.000
13400.000
16800.000
16000.000
14000.000
11600.000
12600.000
12200.000
14000.000
10600.000
10800.000
14400.000
12400.000
14200.000
11200.000
10800.000
11400.000
12000.000
14400.000
11800.000
12000.000
12200.000
9200.000
12800.000
13000.000
12600.000
15800.000
13600.000
14200.000
13600.000
13800.000
16000.000
12800.000
15000.000
11200.000
10800.000
11800.000
15200.000
13800.000
14400.000
15600.000
14600.000
18400.000
16800.000
19200.000
23800.000
21400.000
24400.000
22400.000
27400.000
32000.000
34800.000
36600.000
44200.000
53600.000
63800.000
72800.000
70200.000
79600.000
89000.000
123200.000
186400.000
255000.000
288800.000
294800.000
337000.000
332000.000
316600.000
336400.000
394200.000
423600.000
451400.000
475800.000
554000.000
633800.000
758000.000
892400.000
1006400.000
997000.000
861800.000
773800.000
681200.000
802400.000
1091600.000
1561800.000
1947400.000
2221000.000
2286200.000
2022200.000
1861600.000
1504200.000
1205600.000
992000.000
822000.000
598200.000
459200.000
355600.000
314600.000
233800.000
183400.000
161000.000
131600.000
100200.000
87600.000
78600.000
63600.000
55000.000
48200.000
39600.000
31200.000
27800.000
29800.000
28600.000
19600.000
20000.000
18000.000
15800.000
14200.000
12400.000
12800.000
11400.000
11800.000
12400.000
13400.000
7600.000
10400.000
11000.000
7600.000
5400.000
5200.000
8600.000
9800.000
7000.000
5000.000
9400.000
7800.000
7000.000
8600.000
6800.000
5600.000
6000.000
6200.000
8800.000
5000.000
7000.000
7200.000
7600.000
8400.000
6400.000
6400.000
7600.000
6800.000
6800.000
5600.000
5000.000
6200.000
7800.000
8400.000
5800.000
2800.000
7600.000
8200.000
4800.000
7600.000
6400.000
7600.000
5800.000
5600.000
4800.000
6200.000
7400.000
6600.000
6200.000
3600.000
6000.000
4600.000
5200.000
4000.000
6000.000
5400.000
3200.000
7200.000
4200.000
56800.000
46000.000
37200.000
32400.000
27200.000
27800.000
21800.000
16400.000
18400.000
15800.000
9200.000
18400.000
14400.000
17800.000
18200.000
17600.000
15000.000
14800.000
14400.000
12400.000
12600.000
11000.000
18000.000
12200.000
14000.000
12800.000
13400.000
12600.000
12000.000
9200.000
13000.000
9800.000
12600.000
13600.000
12800.000
11400.000
11800.000
11200.000
11800.000
10400.000
13200.000
12000.000
11200.000
14000.000
13800.000
10800.000
11000.000
11400.000
13400.000
16200.000
15400.000
11400.000
11800.000
12600.000
11800.000
14400.000
15800.000
17600.000
16000.000
16400.000
17400.000
18800.000
19000.000
18200.000
21600.000
19400.000
22200.000
27400.000
33000.000
32200.000
40400.000
49600.000
49600.000
63400.000
63600.000
71400.000
69000.000
78400.000
110800.000
141600.000
169600.000
209200.000
224000.000
233400.000
234800.000
246000.000
260200.000
278000.000
304600.000
330200.000
327800.000
397200.000
499400.000
599200.000
734800.000
799800.000
766800.000
633800.000
547400.000
544400.000
685600.000
1031200.000
1380200.000
1613000.000
1725200.000
1690800.000
1569800.000
1389600.000
1065800.000
892800.000
757400.000
583600.000
425400.000
365400.000
285200.000
222000.000
187600.000
156000.000
119000.000
101800.000
100400.000
79400.000
64400.000
53600.000
47800.000
41200.000
41800.000
29000.000
27000.000
21400.000
24200.000
18200.000
14200.000
19600.000
16200.000
14000.000
13600.000
10800.000
12200.000
12800.000
11400.000
11800.000
11400.000
10600.000
10000.000
9200.000
8800.000
8000.000
9400.000
7800.000
10200.000
8000.000
7600.000
8400.000
6800.000
9200.000
9400.000
7800.000
7800.000
8800.000
7600.000
8200.000
5000.000
5200.000
6400.000
4000.000
5400.000
8000.000
7400.000
7000.000
7200.000
5000.000
7400.000
7400.000
6600.000
6600.000
7800.000
6200.000
5600.000
5200.000
5000.000
4000.000
4800.000
4800.000
5200.000
6000.000
4600.000
5200.000
4600.000
4000.000
5800.000
5000.000
4800.000
6200.000
4000.000
4200.000
6200.000
3600.000
4200.000
5400.000
3800.000
51200.000
46400.000
34200.000
30600.000
28400.000
26800.000
23400.000
23400.000
14600.000
19800.000
15200.000
14200.000
16000.000
14400.000
17200.000
16400.000
17200.000
12600.000
16600.000
14200.000
12200.000
13400.000
13600.000
12600.000
11200.000
13400.000
11800.000
10400.000
13400.000
12000.000
10800.000
8600.000
12400.000
12000.000
9200.000
10800.000
10800.000
9600.000
13600.000
13800.000
10800.000
11400.000
9400.000
11000.000
10200.000
10600.000
9000.000
12200.000
13000.000
11600.000
10000.000
14800.000
12400.000
13400.000
12400.000
12600.000
14400.000
14200.000
15400.000
20200.000
14200.000
17600.000
17800.000
18400.000
19000.000
19800.000
20600.000
20600.000
28400.000
25400.000
36000.000
44400.000
47800.000
48600.000
65000.000
55400.000
64200.000
64800.000
77200.000
89400.000
117600.000
134400.000
146800.000
171400.000
183000.000
186200.000
208200.000
223800.000
255600.000
270800.000
292200.000
349600.000
434000.000
496800.000
635400.000
719200.000
691000.000
607600.000
512400.000
464800.000
592400.000
822600.000
1091200.000
1305800.000
1465600.000
1406600.000
1232400.000
1160600.000
969600.000
775800.000
639800.000
532600.000
406000.000
311000.000
258400.000
217000.000
171200.000
130000.000
118800.000
99200.000
86000.000
69400.000
67000.000
53200.000
41200.000
39600.000
36200.000
28000.000
31200.000
24800.000
19000.000
18200.000
16800.000
18000.000
16400.000
12400.000
12400.000
14200.000
12200.000
10200.000
9800.000
11000.000
7400.000
5800.000
8200.000
8800.000
7800.000
7800.000
10800.000
5200.000
7800.000
8600.000
7800.000
8800.000
9800.000
7600.000
9000.000
6800.000
8000.000
6800.000
10000.000
7600.000
7400.000
7200.000
7800.000
8400.000
6000.000
6600.000
7800.000
9000.000
7000.000
7600.000
5800.000
6400.000
6600.000
6600.000
7800.000
6400.000
7000.000
6000.000
5400.000
4200.000
6800.000
5800.000
5200.000
4800.000
3200.000
4600.000
6200.000
4800.000
3800.000
6000.000
4400.000
4600.000
4800.000
3400.000
5000.000
5800.000
3600.000
5000.000
5600.000
58400.000
53400.000
39200.000
29200.000
28600.000
24400.000
22000.000
21200.000
19800.000
20600.000
16400.000
17400.000
17600.000
16000.000
11600.000
17200.000
14400.000
14800.000
14800.000
14200.000
13000.000
14400.000
12400.000
14000.000
13000.000
14200.000
14200.000
12800.000
12000.000
16000.000
10600.000
11200.000
15400.000
14400.000
12400.000
9400.000
7800.000
12000.000
11400.000
12200.000
11600.000
10400.000
9600.000
10800.000
14000.000
11400.000
14200.000
11600.000
14200.000
14200.000
17400.000
13000.000
10800.000
13600.000
13000.000
12400.000
14600.000
17000.000
15000.000
17800.000
10800.000
16800.000
17800.000
12600.000
18800.000
21200.000
20800.000
21800.000
26000.000
31000.000
27400.000
40400.000
40600.000
47800.000
49400.000
59800.000
58400.000
54400.000
71600.000
74200.000
90200.000
99200.000
113400.000
130400.000
129600.000
155000.000
177600.000
187200.000
203600.000
222800.000
242800.000
286400.000
362600.000
459800.000
583400.000
608400.000
581000.000
483200.000
426000.000
447400.000
599800.000
780600.000
962800.000
1154600.000
1158000.000
1118400.000
1018000.000
875200.000
702800.000
594800.000
509600.000
407000.000
323200.000
262800.000
214800.000
170200.000
153000.000
129400.000
104600.000
80200.000
69800.000
67800.000
55600.000
42600.000
42000.000
35400.000
28600.000
24400.000
25200.000
20200.000
23200.000
19000.000
14800.000
14600.000
15800.000
15000.000
11000.000
16200.000
11800.000
12400.000
13600.000
8600.000
5200.000
10600.000
10400.000
7200.000
8000.000
7000.000
10200.000
6800.000
7800.000
6800.000
7600.000
7400.000
7800.000
8600.000
7200.000
6600.000
6400.000
12200.000
6200.000
8800.000
9400.000
5200.000
5400.000
6200.000
7600.000
7600.000
6000.000
5600.000
6800.000
7400.000
6400.000
6600.000
6800.000
5400.000
6400.000
5200.000
4400.000
7600.000
6200.000
7200.000
7600.000
4800.000
4000.000
5200.000
3800.000
5600.000
5200.000
4400.000
4600.000
5600.000
3200.000
6400.000
3800.000
6000.000
5600.000
4400.000
5400.000
5800.000
5400.000
59200.000
52800.000
37800.000
33200.000
33400.000
25000.000
24800.000
22200.000
22400.000
23000.000
19000.000
21000.000
18200.000
17000.000
12400.000
14400.000
16000.000
14600.000
16000.000
14000.000
14000.000
14600.000
12600.000
12000.000
12000.000
14200.000
13200.000
13600.000
13000.000
10200.000
14400.000
10800.000
11800.000
10200.000
11800.000
13800.000
14800.000
10800.000
13200.000
13800.000
10800.000
12400.000
13600.000
11000.000
11800.000
11400.000
12000.000
14800.000
13400.000
13000.000
13200.000
13400.000
15200.000
13200.000
14600.000
14000.000
13200.000
19800.000
17600.000
17000.000
15600.000
17200.000
20000.000
18200.000
22800.000
21800.000
20800.000
24800.000
22400.000
23000.000
28600.000
34400.000
36000.000
37600.000
43400.000
52800.000
46000.000
52600.000
57200.000
60000.000
60800.000
75200.000
73800.000
90600.000
97200.000
120200.000
119600.000
143200.000
157000.000
177600.000
200400.000
241800.000
295000.000
365400.000
443200.000
494400.000
445000.000
412000.000
362400.000
382600.000
445000.000
558800.000
733600.000
810800.000
841000.000
773800.000
728000.000
672000.000
542800.000
441000.000
410400.000
333800.000
261600.000
230400.000
192400.000
150400.000
128600.000
117600.000
95800.000
87600.000
72000.000
56400.000
50600.000
41600.000
37400.000
30600.000
26600.000
26200.000
30000.000
23400.000
19400.000
20000.000
17800.000
13200.000
14600.000
15200.000
12400.000
13400.000
10800.000
14200.000
12800.000
12800.000
10400.000
9600.000
8600.000
10000.000
9800.000
7200.000
8800.000
10400.000
7600.000
10200.000
6600.000
7200.000
9800.000
7600.000
8600.000
7600.000
7200.000
7200.000
7800.000
7200.000
5200.000
6800.000
7600.000
5200.000
6400.000
6800.000
6400.000
7400.000
6400.000
6800.000
7600.000
5000.000
4800.000
4600.000
7400.000
3800.000
7200.000
6600.000
6400.000
5800.000
5400.000
6000.000
5000.000
7400.000
6000.000
5800.000
5800.000
5200.000
6200.000
6200.000
4800.000
4200.000
6000.000
4200.000
4200.000
5000.000
3600.000
6000.000
5400.000
56800.000
46800.000
40200.000
38800.000
31800.000
26200.000
22800.000
24000.000
20200.000
18600.000
18800.000
18800.000
16400.000
18600.000
18200.000
15800.000
14200.000
15600.000
13200.000
14000.000
15200.000
12600.000
13400.000
13000.000
13600.000
12000.000
15200.000
15200.000
9400.000
12400.000
9800.000
12400.000
11400.000
10600.000
11800.000
10600.000
12000.000
11000.000
14400.000
10400.000
14800.000
13600.000
10200.000
13600.000
12400.000
11200.000
14000.000
15800.000
11600.000
13200.000
13800.000
14800.000
10200.000
17000.000
13400.000
14200.000
12400.000
16000.000
15000.000
17000.000
16800.000
16600.000
24000.000
19000.000
18000.000
20400.000
23800.000
24000.000
23600.000
24600.000
26600.000
31800.000
39600.000
39800.000
40600.000
37800.000
43000.000
45000.000
50000.000
58600.000
56000.000
61800.000
73400.000
73400.000
87400.000
96800.000
113000.000
135800.000
133800.000
158600.000
182600.000
225000.000
286600.000
338000.000
393400.000
385800.000
371600.000
337200.000
323400.000
376000.000
456000.000
548600.000
616800.000
690000.000
712600.000
623000.000
564600.000
528800.000
435000.000
341800.000
322600.000
281200.000
221200.000
187800.000
160800.000
135400.000
106200.000
94400.000
73600.000
68200.000
65600.000
52000.000
44400.000
35200.000
36400.000
35600.000
29000.000
29800.000
23400.000
24400.000
17200.000
17800.000
15600.000
15200.000
15600.000
11400.000
11000.000
8600.000
9200.000
9800.000
9400.000
11000.000
12800.000
10400.000
8400.000
8200.000
9800.000
10200.000
10400.000
8400.000
7600.000
10600.000
6800.000
7000.000
10200.000
8000.000
8600.000
9000.000
8200.000
7000.000
5400.000
10000.000
7400.000
6400.000
7000.000
5000.000
5800.000
5800.000
7000.000
6600.000
5600.000
5000.000
5800.000
6800.000
5600.000
6000.000
5400.000
5600.000
5400.000
6000.000
7000.000
5200.000
5800.000
5600.000
5800.000
4600.000
5400.000
4000.000
4000.000
4800.000
5000.000
5400.000
6000.000
3800.000
4200.000
4600.000
6000.000
6800.000
5200.000
5200.000
4800.000
55400.000
48800.000
36400.000
31000.000
30600.000
24600.000
25400.000
22000.000
18400.000
18400.000
16400.000
16000.000
15200.000
14800.000
18600.000
13400.000
13800.000
15400.000
14600.000
14600.000
15400.000
10200.000
14000.000
9600.000
11800.000
11800.000
12800.000
10400.000
14400.000
12400.000
11600.000
12400.000
10000.000
11000.000
10200.000
10200.000
9200.000
13600.000
13600.000
10600.000
12600.000
15600.000
13200.000
13800.000
13800.000
10200.000
12800.000
13200.000
11800.000
14000.000
14200.000
15000.000
13000.000
14400.000
13400.000
13800.000
15200.000
11400.000
15600.000
15000.000
13800.000
16200.000
14800.000
19200.000
18000.000
18200.000
18200.000
20800.000
21400.000
22200.000
32000.000
29400.000
30600.000
31200.000
38400.000
38000.000
37000.000
39600.000
48600.000
47000.000
53200.000
56000.000
64000.000
62800.000
72000.000
81600.000
93000.000
104600.000
111400.000
139600.000
158600.000
193600.000
235600.000
286400.000
291400.000
322400.000
325200.000
296200.000
303200.000
330600.000
383800.000
449800.000
509000.000
548000.000
520800.000
503000.000
493200.000
413000.000
354400.000
323000.000
275600.000
227000.000
185000.000
170400.000
141800.000
123800.000
102600.000
92400.000
78200.000
62200.000
56000.000
53800.000
48400.000
37200.000
38000.000
29800.000
28600.000
24000.000
23200.000
20000.000
19800.000
17600.000
16200.000
14200.000
13600.000
13600.000
13600.000
13400.000
12800.000
8400.000
8800.000
9600.000
10200.000
8800.000
10200.000
11000.000
10800.000
9600.000
8400.000
7000.000
8400.000
8800.000
9400.000
6600.000
7800.000
9800.000
11000.000
8400.000
11000.000
7000.000
6600.000
7800.000
8800.000
6800.000
6800.000
6800.000
7400.000
6000.000
8800.000
8000.000
7800.000
7200.000
5600.000
5800.000
5200.000
5800.000
6800.000
6400.000
7200.000
7600.000
4200.000
6400.000
4000.000
5600.000
4200.000
5600.000
4800.000
5200.000
4000.000
5600.000
5600.000
6200.000
4200.000
6600.000
5400.000
4400.000
4200.000
4000.000
5600.000
4800.000
4600.000
49600.000
47000.000
37200.000
33000.000
26400.000
27400.000
25600.000
19800.000
17400.000
16400.000
15800.000
12400.000
15600.000
15200.000
17600.000
15800.000
14200.000
14400.000
13000.000
13800.000
11600.000
13600.000
7600.000
12000.000
11600.000
9600.000
12800.000
11400.000
13800.000
10600.000
13200.000
11800.000
10800.000
12200.000
13600.000
9800.000
11200.000
14200.000
14000.000
11800.000
11600.000
8800.000
10800.000
9600.000
13000.000
11400.000
12400.000
11400.000
13400.000
15400.000
14800.000
18000.000
11400.000
15400.000
13400.000
14600.000
13000.000
16000.000
13800.000
14800.000
14000.000
18400.000
12600.000
19200.000
14600.000
21000.000
22400.000
22600.000
22600.000
24800.000
20200.000
28200.000
37800.000
29400.000
30400.000
33000.000
40000.000
38400.000
42800.000
52400.000
48200.000
49400.000
55000.000
54600.000
65000.000
72200.000
81000.000
88000.000
94600.000
126600.000
172200.000
200800.000
218800.000
249600.000
262200.000
255600.000
260800.000
251200.000
272000.000
322800.000
391200.000
440400.000
480800.000
479800.000
436600.000
426600.000
370800.000
336800.000
300800.000
263200.000
226200.000
196200.000
166000.000
141000.000
125600.000
100200.000
89600.000
74800.000
66800.000
54600.000
51600.000
41600.000
34600.000
38800.000
26200.000
27400.000
22000.000
21000.000
20400.000
18000.000
15200.000
18400.000
19400.000
15200.000
11200.000
13200.000
12400.000
11400.000
8400.000
11800.000
13000.000
11000.000
8800.000
10200.000
8800.000
9200.000
10600.000
8000.000
10600.000
7000.000
8200.000
7200.000
8200.000
7800.000
8600.000
6400.000
7200.000
8000.000
8200.000
8400.000
9000.000
8400.000
7200.000
6800.000
8200.000
6800.000
3800.000
6400.000
7000.000
6800.000
6000.000
5400.000
5400.000
4400.000
6000.000
4800.000
4800.000
6200.000
6000.000
5800.000
5600.000
4200.000
3000.000
4200.000
5400.000
4600.000
5600.000
4800.000
5800.000
5400.000
5600.000
4800.000
6000.000
4000.000
8200.000
6600.000
4200.000
3600.000
2400.000
5000.000
4800.000
49800.000
50600.000
39200.000
33400.000
31000.000
26000.000
23800.000
21600.000
19400.000
18000.000
17800.000
21200.000
17800.000
14200.000
16600.000
13600.000
16400.000
16800.000
13400.000
12400.000
13200.000
11800.000
12600.000
11200.000
10600.000
14800.000
13400.000
14200.000
12000.000
10600.000
11200.000
16600.000
11000.000
12000.000
11800.000
13400.000
12400.000
11800.000
13400.000
13000.000
11200.000
15200.000
10600.000
13200.000
14600.000
11400.000
14400.000
14200.000
10200.000
12400.000
11000.000
10800.000
16800.000
13200.000
14000.000
13800.000
18200.000
17400.000
14200.000
14600.000
13800.000
14200.000
17000.000
14600.000
20600.000
17200.000
19600.000
17200.000
22000.000
22400.000
21200.000
21400.000
24200.000
29800.000
27200.000
31000.000
36200.000
39000.000
38800.000
39800.000
44600.000
44200.000
51400.000
45400.000
53000.000
58800.000
61400.000
70200.000
86200.000
110600.000
139000.000
169000.000
189200.000
199200.000
183400.000
186200.000
184400.000
196800.000
225000.000
251800.000
312200.000
325400.000
360600.000
371600.000
338400.000
310800.000
291800.000
267600.000
225400.000
191400.000
171200.000
149200.000
126400.000
117400.000
107400.000
88800.000
68800.000
63800.000
60200.000
47600.000
43800.000
36000.000
35400.000
37000.000
29400.000
22400.000
25400.000
20400.000
18800.000
21200.000
18000.000
19200.000
21000.000
14600.000
12800.000
10800.000
14200.000
13000.000
8800.000
10800.000
9400.000
10200.000
11600.000
10800.000
9400.000
10200.000
11000.000
10200.000
9800.000
6600.000
10200.000
8000.000
8200.000
8200.000
6800.000
7600.000
6800.000
9600.000
8800.000
6000.000
6600.000
6800.000
7000.000
7000.000
6200.000
7600.000
5400.000
6000.000
7600.000
6400.000
4800.000
5600.000
4800.000
4200.000
6600.000
3400.000
8200.000
6800.000
6600.000
5000.000
4000.000
5200.000
3800.000
5000.000
4400.000
7400.000
5200.000
5600.000
5600.000
4000.000
5400.000
6200.000
5200.000
3800.000
6800.000
3600.000
2000.000
4400.000
5000.000
5200.000
2600.000
46200.000
43800.000
31800.000
36600.000
26000.000
21600.000
20000.000
16800.000
19000.000
20800.000
18000.000
18000.000
17200.000
13800.000
16400.000
17000.000
15200.000
13400.000
14000.000
10800.000
14600.000
14800.000
11600.000
14600.000
12600.000
12600.000
14800.000
11000.000
13200.000
10200.000
8600.000
12000.000
11400.000
10400.000
9800.000
11000.000
13000.000
10600.000
12400.000
10200.000
10200.000
12800.000
10600.000
10000.000
11800.000
11600.000
11600.000
12000.000
13200.000
15000.000
13600.000
14200.000
14800.000
14000.000
15600.000
11200.000
14200.000
13200.000
15000.000
15000.000
12800.000
16400.000
15600.000
13800.000
14600.000
14400.000
21400.000
22600.000
18600.000
20600.000
25600.000
24200.000
23400.000
24600.000
30800.000
26600.000
33600.000
30600.000
35400.000
41600.000
42600.000
45200.000
47600.000
46200.000
50600.000
57400.000
60400.000
63800.000
80200.000
100600.000
120200.000
155000.000
154800.000
158000.000
156000.000
145400.000
154200.000
177600.000
189600.000
239400.000
255600.000
305200.000
296400.000
275800.000
261400.000
253600.000
213600.000
195600.000
177800.000
153200.000
140400.000
114400.000
97000.000
85200.000
83200.000
71000.000
64200.000
53000.000
54800.000
42800.000
41000.000
37400.000
29000.000
31400.000
25600.000
25000.000
25800.000
23600.000
19600.000
17600.000
16200.000
16200.000
12600.000
16600.000
13000.000
15800.000
11600.000
12200.000
12000.000
10000.000
10800.000
11600.000
12600.000
14800.000
9800.000
9200.000
9400.000
7600.000
10800.000
9400.000
7600.000
7800.000
6400.000
9600.000
9200.000
7600.000
10200.000
7400.000
6600.000
6600.000
6400.000
8800.000
4400.000
7600.000
5000.000
6200.000
4600.000
7000.000
6800.000
8200.000
6200.000
5800.000
5200.000
4400.000
6200.000
8800.000
5400.000
5400.000
3600.000
5200.000
4400.000
4800.000
4200.000
5800.000
4800.000
5000.000
3800.000
5000.000
4400.000
3800.000
5200.000
3800.000
4800.000
7000.000
4800.000
5600.000
3600.000
4600.000
4600.000
4800.000
4600.000
51200.000
37600.000
39400.000
28600.000
28200.000
26400.000
25000.000
21200.000
14200.000
19200.000
17400.000
18600.000
18600.000
15200.000
17000.000
13800.000
14600.000
13200.000
11400.000
10000.000
13000.000
11000.000
13000.000
11600.000
12400.000
13200.000
11000.000
13200.000
12600.000
13800.000
12200.000
11600.000
12600.000
12800.000
11400.000
11600.000
13200.000
13800.000
14400.000
15800.000
11400.000
14000.000
12800.000
13400.000
15600.000
12800.000
13000.000
13800.000
12800.000
12600.000
14000.000
17400.000
13600.000
13200.000
11200.000
15600.000
15000.000
14200.000
11600.000
11200.000
14400.000
13800.000
16400.000
16000.000
15200.000
13800.000
17400.000
20000.000
20200.000
20200.000
17400.000
20400.000
22000.000
22800.000
25000.000
28600.000
26200.000
31600.000
29400.000
43800.000
35600.000
40400.000
42200.000
45200.000
53000.000
43400.000
60000.000
62600.000
66400.000
81800.000
97800.000
127400.000
131400.000
138800.000
134400.000
143800.000
143800.000
146800.000
168200.000
189800.000
214400.000
223000.000
234400.000
245200.000
214400.000
208800.000
190800.000
169000.000
163200.000
147000.000
132400.000
103200.000
93400.000
85400.000
80600.000
65600.000
57800.000
55800.000
40600.000
45800.000
45600.000
38600.000
33800.000
29600.000
28200.000
25800.000
19200.000
21600.000
22600.000
19600.000
20600.000
16200.000
14000.000
12400.000
13400.000
13600.000
11600.000
11200.000
10200.000
11200.000
10400.000
11200.000
11600.000
9800.000
7600.000
6200.000
9600.000
10000.000
7800.000
8200.000
9600.000
7000.000
6600.000
7400.000
6800.000
9400.000
9400.000
7600.000
9600.000
7800.000
4600.000
8600.000
7400.000
8800.000
5400.000
4600.000
6400.000
7600.000
5600.000
8200.000
7400.000
7200.000
7200.000
5400.000
7600.000
6000.000
6800.000
6400.000
6200.000
7000.000
4200.000
5000.000
6400.000
4200.000
4800.000
5600.000
4400.000
5600.000
5000.000
6200.000
6000.000
5400.000
7000.000
5800.000
6800.000
5000.000
6600.000
6400.000
3400.000
4200.000
5600.000
41600.000
37600.000
31800.000
28800.000
21200.000
23800.000
22400.000
18600.000
16600.000
17200.000
18000.000
20200.000
19200.000
13400.000
16200.000
18600.000
14000.000
11800.000
14000.000
12200.000
11800.000
12000.000
8800.000
11000.000
11400.000
10200.000
10400.000
10800.000
10200.000
11800.000
13200.000
10200.000
11800.000
12000.000
9800.000
12200.000
12000.000
8400.000
14800.000
10200.000
13200.000
10600.000
14000.000
14800.000
7600.000
12400.000
16200.000
15400.000
13400.000
12800.000
15800.000
13400.000
13400.000
17200.000
14200.000
10400.000
14600.000
13800.000
14000.000
18000.000
13600.000
17000.000
13200.000
15200.000
13800.000
17600.000
18200.000
18200.000
20400.000
20400.000
20400.000
25000.000
20800.000
21200.000
25400.000
29000.000
31000.000
30800.000
38600.000
36400.000
35600.000
42800.000
49000.000
41400.000
42800.000
53200.000
53600.000
64800.000
68200.000
84200.000
94200.000
123800.000
127800.000
126800.000
120800.000
136800.000
132400.000
152400.000
142000.000
170200.000
178600.000
183800.000
182200.000
178000.000
172200.000
159000.000
161800.000
136800.000
131000.000
111600.000
100000.000
89800.000
79400.000
68000.000
63200.000
57600.000
57800.000
45000.000
43600.000
41600.000
38800.000
33400.000
28800.000
28200.000
29000.000
23400.000
25000.000
21800.000
17000.000
16200.000
18200.000
12400.000
16000.000
11400.000
13600.000
12800.000
13600.000
11600.000
13600.000
11800.000
8800.000
10600.000
12800.000
11600.000
9000.000
10000.000
8400.000
7600.000
8800.000
11800.000
7200.000
9200.000
8400.000
6800.000
7000.000
5800.000
6400.000
6400.000
9800.000
8400.000
7400.000
7800.000
9600.000
6600.000
8200.000
8000.000
6200.000
4600.000
8800.000
8200.000
5400.000
6200.000
7400.000
7600.000
9000.000
7200.000
5400.000
4200.000
7600.000
5200.000
6600.000
7400.000
6000.000
5600.000
4800.000
5800.000
6000.000
5400.000
5400.000
6000.000
4400.000
4600.000
3200.000
5200.000
5800.000
5400.000
4800.000
5000.000
5200.000
3200.000
5600.000
43200.000
33000.000
28000.000
30200.000
27400.000
19600.000
22000.000
20600.000
19800.000
15600.000
17800.000
16400.000
13400.000
14600.000
14000.000
12200.000
12200.000
10400.000
13400.000
13200.000
11400.000
11000.000
8200.000
12400.000
13200.000
9400.000
11600.000
13000.000
12600.000
8800.000
13200.000
10800.000
11400.000
13200.000
12000.000
10400.000
9400.000
13400.000
10200.000
11600.000
12400.000
12800.000
9600.000
13000.000
10600.000
13200.000
13200.000
10800.000
13600.000
13400.000
11400.000
15200.000
12200.000
19000.000
14200.000
12000.000
13800.000
15200.000
11000.000
14400.000
14400.000
16800.000
16800.000
16200.000
16400.000
14600.000
16200.000
19800.000
16200.000
17400.000
16200.000
19200.000
22200.000
22000.000
16400.000
27200.000
25800.000
32600.000
30800.000
31600.000
29800.000
35800.000
37600.000
38200.000
42600.000
45000.000
48600.000
53000.000
57200.000
74600.000
84200.000
102800.000
96400.000
101400.000
112200.000
120200.000
109000.000
125800.000
130800.000
132000.000
142000.000
137800.000
156400.000
140800.000
139400.000
136000.000
115600.000
118200.000
104800.000
87600.000
87800.000
80000.000
76600.000
69400.000
51400.000
59000.000
51800.000
43600.000
40800.000
41600.000
37000.000
28800.000
23600.000
26000.000
23400.000
22400.000
23400.000
19600.000
17800.000
16600.000
17600.000
14400.000
12000.000
12400.000
13000.000
15400.000
10600.000
12000.000
12400.000
12000.000
10200.000
9400.000
5600.000
9200.000
10200.000
8200.000
9000.000
7200.000
10800.000
8000.000
6000.000
8200.000
8000.000
8400.000
8000.000
7600.000
7800.000
5800.000
8200.000
7400.000
7000.000
5600.000
7600.000
6800.000
5800.000
5200.000
7400.000
7200.000
7800.000
5800.000
6400.000
5400.000
6200.000
6600.000
4000.000
5200.000
6600.000
5200.000
4800.000
6200.000
5200.000
4000.000
6400.000
8600.000
6800.000
6800.000
6800.000
4200.000
4200.000
5400.000
6000.000
4400.000
5400.000
5400.000
3000.000
5200.000
6200.000
4000.000
3600.000
3200.000
4000.000
30600.000
32600.000
27400.000
20000.000
21600.000
20400.000
17600.000
17400.000
18600.000
17000.000
16200.000
14200.000
12200.000
15200.000
13800.000
14400.000
11600.000
15000.000
9200.000
10800.000
13600.000
12400.000
12400.000
9800.000
12200.000
10800.000
10400.000
12400.000
12600.000
11800.000
11400.000
11400.000
12800.000
12400.000
9800.000
11800.000
14200.000
11600.000
12200.000
12200.000
12600.000
9200.000
9800.000
12400.000
12000.000
11400.000
14800.000
12200.000
11400.000
10000.000
14400.000
12400.000
13400.000
12400.000
14200.000
13200.000
16000.000
12800.000
14800.000
13400.000
19000.000
15800.000
14000.000
13600.000
14800.000
15000.000
14800.000
15000.000
17200.000
16400.000
17000.000
19200.000
18000.000
20200.000
23400.000
22200.000
22200.000
23200.000
28600.000
29200.000
36200.000
34800.000
37600.000
36000.000
37000.000
44000.000
45200.000
59200.000
55200.000
73400.000
79400.000
85600.000
94600.000
89600.000
92200.000
105600.000
109800.000
109000.000
112000.000
126000.000
118000.000
114800.000
124000.000
118800.000
103600.000
98200.000
101400.000
87400.000
86000.000
84000.000
76600.000
64000.000
58200.000
61800.000
48400.000
45000.000
43800.000
38200.000
36200.000
31600.000
29000.000
27800.000
27800.000
23000.000
21000.000
23000.000
20800.000
17800.000
15200.000
14200.000
14400.000
13000.000
12600.000
13800.000
10400.000
11200.000
10800.000
10600.000
11600.000
13200.000
8800.000
10200.000
8600.000
11400.000
8400.000
7400.000
8600.000
6200.000
6600.000
7600.000
6400.000
7200.000
9600.000
8000.000
7200.000
8200.000
12400.000
6800.000
6000.000
5000.000
6400.000
8600.000
5000.000
9000.000
5200.000
7000.000
6000.000
6200.000
5200.000
5600.000
7600.000
5200.000
6000.000
4600.000
7400.000
5200.000
5600.000
7000.000
4000.000
5000.000
6200.000
4600.000
3600.000
5200.000
4400.000
5800.000
6600.000
5200.000
5200.000
6200.000
5200.000
4200.000
5400.000
5200.000
3800.000
5200.000
5200.000
3800.000
4400.000
5200.000
5200.000
34200.000
31400.000
28000.000
25200.000
23000.000
22800.000
19000.000
19200.000
18800.000
18600.000
16400.000
15200.000
16000.000
14200.000
12000.000
13000.000
12600.000
18400.000
15600.000
10000.000
14400.000
10800.000
11400.000
11800.000
14200.000
10400.000
11800.000
13000.000
11600.000
8800.000
15000.000
12600.000
11200.000
13800.000
10600.000
11400.000
10800.000
12800.000
12600.000
12800.000
12200.000
10400.000
15400.000
10400.000
8800.000
9400.000
10400.000
12400.000
11800.000
16200.000
16800.000
9000.000
13600.000
13200.000
14000.000
12000.000
14200.000
10000.000
12800.000
15000.000
13800.000
14200.000
15400.000
14400.000
15800.000
17400.000
15800.000
16000.000
16600.000
19000.000
18800.000
18000.000
18800.000
16200.000
18600.000
21200.000
26600.000
26000.000
27400.000
22600.000
30000.000
30200.000
28800.000
35400.000
37400.000
40000.000
42400.000
54200.000
56000.000
70000.000
69200.000
85200.000
88800.000
93000.000
101200.000
102200.000
95200.000
100800.000
114200.000
103000.000
114000.000
113800.000
108400.000
107400.000
105000.000
99800.000
86000.000
81200.000
83000.000
78800.000
59800.000
64000.000
62000.000
54200.000
49000.000
46200.000
41400.000
35600.000
37200.000
32600.000
29400.000
23600.000
23000.000
24200.000
23400.000
18600.000
20600.000
21200.000
15600.000
15000.000
15000.000
11400.000
13800.000
11000.000
9200.000
12000.000
11200.000
10200.000
10000.000
9800.000
14000.000
9200.000
10200.000
8600.000
9000.000
7600.000
8200.000
10400.000
10400.000
8800.000
7400.000
10000.000
8800.000
7800.000
9800.000
7800.000
7000.000
6600.000
7800.000
5800.000
7400.000
7400.000
7200.000
7200.000
6000.000
7400.000
7400.000
4400.000
5800.000
8000.000
4800.000
6800.000
5000.000
7200.000
6400.000
5200.000
4400.000
6600.000
5400.000
6200.000
4800.000
6800.000
4600.000
6400.000
5600.000
6400.000
7000.000
6400.000
4800.000
4600.000
4600.000
6600.000
6000.000
5800.000
4200.000
4400.000
4400.000
5000.000
3400.000
3400.000
6800.000
31200.000
28800.000
22800.000
25400.000
22600.000
24200.000
19600.000
16800.000
18600.000
15400.000
14600.000
16800.000
12800.000
14400.000
13600.000
14800.000
14000.000
11200.000
10000.000
9400.000
9800.000
13000.000
9000.000
9600.000
13400.000
11000.000
11200.000
8800.000
11800.000
10800.000
11000.000
13600.000
15400.000
15200.000
14400.000
11800.000
11200.000
12400.000
11600.000
10200.000
11000.000
12400.000
11200.000
12800.000
12400.000
11600.000
11600.000
11800.000
13200.000
10000.000
11600.000
9600.000
14800.000
10200.000
11600.000
12800.000
10000.000
15200.000
13400.000
17200.000
13600.000
13000.000
9800.000
16800.000
15400.000
13000.000
16600.000
15000.000
16200.000
14400.000
12800.000
16600.000
20000.000
21400.000
21000.000
20200.000
24000.000
22600.000
24400.000
22800.000
18400.000
23600.000
30800.000
28800.000
28400.000
35200.000
36000.000
46600.000
55200.000
62600.000
63000.000
74800.000
75200.000
75400.000
85000.000
83800.000
87800.000
85400.000
86200.000
99600.000
96600.000
88000.000
95400.000
88600.000
89800.000
79600.000
78200.000
68400.000
61800.000
57800.000
57800.000
51600.000
48200.000
49000.000
47000.000
40200.000
30000.000
35000.000
28000.000
26400.000
26800.000
25000.000
22600.000
18400.000
17800.000
15400.000
17000.000
15800.000
12600.000
13400.000
11000.000
11000.000
12000.000
11600.000
12000.000
10600.000
10400.000
10400.000
11800.000
9800.000
8400.000
9400.000
9600.000
12200.000
8200.000
9000.000
7800.000
7800.000
8600.000
10600.000
8600.000
7000.000
6600.000
6200.000
6800.000
7400.000
7000.000
8000.000
7000.000
5000.000
5800.000
8200.000
7800.000
4600.000
6200.000
6000.000
5200.000
5800.000
7200.000
5200.000
5800.000
5000.000
4400.000
4800.000
6200.000
4200.000
6200.000
5400.000
5000.000
4200.000
4400.000
4000.000
2800.000
6200.000
7000.000
5400.000
7800.000
4600.000
4600.000
5000.000
5400.000
4200.000
8400.000
4200.000
4200.000
6600.000
4400.000
4000.000
3400.000
5600.000
6800.000
34200.000
34400.000
26200.000
22000.000
23200.000
18000.000
18800.000
17200.000
15000.000
15000.000
17000.000
13600.000
14600.000
13000.000
14600.000
13400.000
9600.000
12200.000
11200.000
11600.000
10200.000
9400.000
9600.000
9000.000
10800.000
10000.000
9200.000
10200.000
9600.000
12000.000
11400.000
9400.000
13600.000
12600.000
15400.000
9200.000
10000.000
8400.000
11000.000
10000.000
12200.000
15400.000
13800.000
12800.000
12800.000
12600.000
10800.000
12000.000
12200.000
11800.000
14000.000
11400.000
10800.000
12600.000
10200.000
13400.000
12800.000
13400.000
14400.000
11000.000
14800.000
17000.000
13400.000
10000.000
12400.000
12200.000
16400.000
14800.000
14800.000
13800.000
13800.000
17000.000
20000.000
19400.000
18400.000
20400.000
20200.000
23200.000
20400.000
22800.000
21800.000
22400.000
27400.000
26600.000
29400.000
33400.000
37200.000
40200.000
46800.000
49200.000
57600.000
68800.000
62200.000
64400.000
67400.000
70800.000
73200.000
78600.000
70000.000
77800.000
83400.000
82200.000
84800.000
81200.000
77000.000
73200.000
66800.000
56200.000
58000.000
66400.000
60000.000
48000.000
46400.000
42600.000
40000.000
38800.000
33800.000
29400.000
27800.000
27800.000
21200.000
23400.000
23000.000
22600.000
22400.000
15800.000
15600.000
16200.000
15200.000
13000.000
12400.000
9600.000
14400.000
10400.000
11800.000
11800.000
9400.000
11400.000
10000.000
8400.000
10400.000
9400.000
9000.000
9600.000
7800.000
8800.000
9200.000
10200.000
8600.000
10800.000
10000.000
8800.000
8800.000
8800.000
10400.000
9400.000
8800.000
7400.000
7800.000
7400.000
7600.000
6600.000
7400.000
6400.000
9400.000
7200.000
4600.000
7400.000
6800.000
7800.000
6000.000
7400.000
5600.000
6000.000
8000.000
6400.000
5000.000
7400.000
7000.000
5800.000
6200.000
6600.000
5600.000
7600.000
5400.000
4800.000
4800.000
6200.000
7000.000
6000.000
3600.000
5400.000
3800.000
4000.000
5800.000
4600.000
6600.000
5000.000
5000.000
5800.000
4600.000
29000.000
24600.000
21600.000
17800.000
19400.000
18200.000
17400.000
19200.000
13200.000
12600.000
12800.000
11800.000
14200.000
11400.000
16600.000
13200.000
13800.000
12600.000
10000.000
12600.000
6800.000
7600.000
7600.000
10800.000
10200.000
9400.000
9800.000
9800.000
8200.000
11200.000
12400.000
15000.000
12400.000
11200.000
12400.000
10400.000
12400.000
10400.000
12000.000
9000.000
10000.000
12400.000
8600.000
11200.000
9400.000
10000.000
13200.000
11200.000
11600.000
11200.000
13200.000
13000.000
11400.000
11400.000
11200.000
13400.000
11400.000
11800.000
12600.000
12400.000
15000.000
11600.000
15000.000
12400.000
11800.000
10400.000
13800.000
13600.000
16000.000
12600.000
13200.000
17200.000
18600.000
18200.000
20200.000
19800.000
20200.000
21000.000
23000.000
24200.000
21200.000
20800.000
23200.000
26200.000
26600.000
33200.000
35000.000
38400.000
40800.000
48400.000
49000.000
51400.000
59800.000
53800.000
57600.000
58600.000
63600.000
67400.000
65200.000
66400.000
66000.000
65400.000
61800.000
65200.000
54800.000
50400.000
57000.000
47200.000
53600.000
49800.000
45600.000
38200.000
39800.000
34600.000
32600.000
30000.000
29800.000
32400.000
26600.000
24200.000
21600.000
18000.000
17800.000
19400.000
17200.000
15800.000
15400.000
17200.000
15600.000
11800.000
12600.000
11600.000
8800.000
12400.000
7600.000
7000.000
10200.000
10600.000
8600.000
9200.000
5000.000
9200.000
10000.000
11000.000
10200.000
8400.000
8400.000
10000.000
7000.000
8200.000
8200.000
8800.000
9000.000
6600.000
8000.000
8000.000
6800.000
9000.000
6600.000
5800.000
7600.000
7400.000
7200.000
6400.000
7600.000
8400.000
4600.000
6200.000
6600.000
7200.000
7400.000
5200.000
7200.000
7600.000
5200.000
6800.000
7000.000
6600.000
6600.000
8000.000
7200.000
5000.000
5200.000
7400.000
5600.000
5800.000
5600.000
3000.000
6400.000
6200.000
5200.000
8000.000
5000.000
3200.000
6000.000
6200.000
5200.000
4400.000
3600.000
5200.000
4200.000
27800.000
23600.000
18800.000
20200.000
15600.000
19000.000
16800.000
17200.000
15800.000
17000.000
13800.000
14400.000
13200.000
14000.000
12800.000
15000.000
12000.000
10600.000
14000.000
12000.000
11800.000
8200.000
8600.000
10200.000
10200.000
9600.000
8800.000
9200.000
11600.000
7400.000
12000.000
10600.000
10400.000
8400.000
11400.000
13000.000
10800.000
10000.000
13600.000
10600.000
12600.000
13000.000
12600.000
12400.000
13800.000
11000.000
10200.000
10400.000
11400.000
13000.000
10400.000
11600.000
12400.000
11800.000
10400.000
14200.000
10600.000
10600.000
11600.000
14000.000
12800.000
16400.000
13400.000
12000.000
11800.000
12000.000
14200.000
17200.000
13200.000
11800.000
15200.000
12800.000
15600.000
13400.000
15800.000
18400.000
20000.000
19200.000
21400.000
21600.000
21400.000
20000.000
23200.000
22600.000
24400.000
23600.000
34200.000
36600.000
36000.000
36600.000
45800.000
48400.000
48000.000
47800.000
51200.000
54200.000
59000.000
53400.000
53800.000
58000.000
60600.000
57600.000
55000.000
49600.000
51400.000
51800.000
51400.000
44600.000
50600.000
43000.000
40400.000
38000.000
33400.000
31800.000
32600.000
32800.000
24800.000
27000.000
23000.000
21200.000
21800.000
21200.000
18600.000
16000.000
18400.000
14600.000
15600.000
16400.000
16600.000
10600.000
10200.000
9400.000
11800.000
11000.000
10600.000
12600.000
9600.000
9600.000
8600.000
9400.000
9600.000
12200.000
10200.000
7200.000
10000.000
9000.000
7600.000
8600.000
6400.000
7800.000
9600.000
9000.000
9600.000
7400.000
7400.000
10000.000
8000.000
8400.000
9400.000
8200.000
4800.000
8800.000
4800.000
5400.000
6400.000
8200.000
7800.000
4400.000
7600.000
6200.000
8000.000
4800.000
6600.000
6200.000
4600.000
6600.000
5400.000
4000.000
7600.000
5600.000
6800.000
5800.000
7200.000
5800.000
6200.000
7200.000
6000.000
3000.000
7200.000
5200.000
5000.000
4800.000
4400.000
4600.000
4600.000
4800.000
5800.000
5000.000
4200.000
4600.000
5200.000
24000.000
21600.000
21600.000
21000.000
18400.000
20600.000
16000.000
18200.000
13400.000
13400.000
14400.000
12600.000
14800.000
13800.000
15800.000
13600.000
15800.000
13200.000
13000.000
10800.000
7800.000
8400.000
10400.000
7200.000
10200.000
9400.000
7400.000
8600.000
7200.000
11000.000
14400.000
11200.000
13400.000
11000.000
11800.000
12800.000
12800.000
9800.000
12600.000
11000.000
13600.000
14800.000
11600.000
11800.000
10800.000
11000.000
12400.000
11600.000
11400.000
12800.000
10000.000
14200.000
14200.000
11600.000
14200.000
11800.000
13200.000
15000.000
15800.000
11400.000
15000.000
13400.000
13400.000
14000.000
14200.000
13400.000
15600.000
13000.000
14600.000
15200.000
16400.000
16200.000
16800.000
16800.000
18400.000
17400.000
15800.000
15800.000
19600.000
20200.000
20200.000
21200.000
24000.000
26000.000
28400.000
24800.000
28800.000
30400.000
30800.000
38400.000
35800.000
40400.000
41400.000
46000.000
44200.000
47400.000
43800.000
41600.000
46600.000
48000.000
39200.000
42800.000
42400.000
42800.000
42800.000
41800.000
40400.000
37000.000
35200.000
33200.000
33800.000
32600.000
28000.000
26200.000
24400.000
26400.000
26200.000
22800.000
18800.000
18400.000
19400.000
15000.000
17200.000
16400.000
15800.000
15600.000
14400.000
13600.000
10400.000
10400.000
11800.000
10600.000
11600.000
11600.000
9400.000
8600.000
8800.000
9600.000
8000.000
12800.000
11800.000
10400.000
11800.000
6200.000
10000.000
9200.000
7600.000
8200.000
9400.000
7800.000
8200.000
8000.000
8800.000
6600.000
8200.000
7000.000
7600.000
6600.000
8600.000
7200.000
5200.000
10000.000
6200.000
6800.000
5600.000
9200.000
7400.000
8800.000
6200.000
8000.000
7000.000
6800.000
6600.000
8000.000
5800.000
6800.000
6000.000
7000.000
5800.000
4800.000
5800.000
5800.000
5400.000
3400.000
5800.000
4400.000
7000.000
5000.000
5000.000
3800.000
4400.000
3800.000
5000.000
6000.000
7000.000
3600.000
3800.000
5400.000
4400.000
3400.000
4200.000
25200.000
23200.000
23800.000
16000.000
20600.000
18000.000
14600.000
18600.000
16800.000
14000.000
15800.000
13800.000
16600.000
13200.000
10200.000
12400.000
13000.000
15600.000
11400.000
11800.000
10600.000
8600.000
8000.000
8400.000
8200.000
9600.000
9600.000
10000.000
9600.000
9400.000
9200.000
10400.000
14200.000
11800.000
10800.000
14400.000
13000.000
13000.000
14200.000
9200.000
12400.000
11400.000
10400.000
12000.000
11400.000
9600.000
10400.000
12800.000
12400.000
12400.000
11800.000
13400.000
12000.000
13800.000
12800.000
13000.000
10400.000
16200.000
14600.000
13600.000
10600.000
12600.000
15000.000
14000.000
13000.000
15000.000
13600.000
12000.000
14600.000
16200.000
16000.000
10800.000
16000.000
14600.000
15800.000
14600.000
18000.000
21200.000
21400.000
13600.000
20200.000
19800.000
23800.000
21800.000
23000.000
21400.000
23600.000
28000.000
27000.000
31200.000
35000.000
31600.000
34200.000
39600.000
33600.000
37200.000
36000.000
39800.000
43000.000
35200.000
37600.000
40400.000
40200.000
33400.000
40800.000
36200.000
33800.000
35000.000
33800.000
33400.000
30200.000
29600.000
28600.000
21800.000
25000.000
22400.000
19400.000
21600.000
19200.000
20200.000
17000.000
15600.000
14400.000
11400.000
13000.000
16000.000
13200.000
11200.000
16000.000
11800.000
13400.000
9600.000
12000.000
11400.000
7600.000
9600.000
11000.000
10600.000
8200.000
11400.000
11600.000
9000.000
8000.000
9800.000
9000.000
9000.000
9000.000
9600.000
8000.000
8800.000
9000.000
8000.000
8000.000
7400.000
7400.000
8000.000
8000.000
5800.000
7200.000
7400.000
7200.000
7400.000
5600.000
6400.000
6000.000
6600.000
7600.000
7400.000
7800.000
6400.000
5000.000
6400.000
5600.000
7200.000
7400.000
6000.000
5400.000
7200.000
6000.000
4400.000
5200.000
6400.000
5800.000
5400.000
7000.000
7400.000
5400.000
5600.000
6400.000
5000.000
6600.000
5400.000
6600.000
5200.000
6000.000
4200.000
6600.000
3600.000
6000.000
5000.000
6800.000
21600.000
24800.000
17200.000
19400.000
16400.000
13800.000
13200.000
16800.000
13800.000
12600.000
14600.000
16000.000
12600.000
14000.000
14600.000
11600.000
12000.000
10000.000
12000.000
9400.000
9000.000
10800.000
9000.000
8000.000
8200.000
10400.000
7800.000
11400.000
9600.000
13200.000
9600.000
10600.000
10600.000
12200.000
11200.000
14400.000
12400.000
10200.000
8800.000
12400.000
11800.000
10400.000
12600.000
10400.000
12400.000
9400.000
11000.000
12800.000
11400.000
11800.000
14600.000
16800.000
13800.000
12600.000
11200.000
12600.000
12400.000
15800.000
13600.000
12600.000
13800.000
12400.000
12000.000
14200.000
13000.000
14600.000
15600.000
11200.000
13800.000
15200.000
12200.000
13800.000
18000.000
11200.000
16200.000
18600.000
19000.000
18200.000
18800.000
21000.000
18600.000
21200.000
19800.000
25200.000
20800.000
22200.000
23600.000
26200.000
26600.000
27400.000
31800.000
28000.000
29000.000
30400.000
38400.000
34200.000
37600.000
36400.000
37200.000
36600.000
36000.000
34800.000
35600.000
35600.000
32000.000
25200.000
26600.000
28000.000
31600.000
29800.000
24800.000
24800.000
22000.000
25200.000
25400.000
19000.000
17800.000
21200.000
16200.000
16600.000
16400.000
15000.000
16600.000
12200.000
13200.000
12600.000
13200.000
10000.000
9200.000
11000.000
12400.000
13600.000
11600.000
12200.000
9000.000
8400.000
12200.000
10800.000
11400.000
11200.000
8800.000
9200.000
8000.000
8600.000
9400.000
8000.000
8800.000
7600.000
7200.000
8000.000
7800.000
8800.000
7800.000
8200.000
11000.000
5000.000
5800.000
7200.000
6800.000
7400.000
8600.000
7800.000
7600.000
8600.000
7000.000
6400.000
6800.000
6000.000
5800.000
7200.000
7000.000
8400.000
9000.000
7800.000
6800.000
7400.000
5200.000
7800.000
7000.000
6200.000
5800.000
7600.000
5800.000
6800.000
6400.000
5800.000
3400.000
5000.000
5800.000
5400.000
5800.000
4200.000
5200.000
4400.000
6000.000
7600.000
4200.000
4400.000
4800.000
4600.000
2000.000
19400.000
19000.000
17400.000
20000.000
18000.000
17200.000
14400.000
17200.000
12000.000
14400.000
12600.000
11800.000
11400.000
13200.000
13400.000
10400.000
12000.000
12400.000
12400.000
10200.000
13400.000
11200.000
7000.000
10200.000
7800.000
10800.000
11200.000
8200.000
8600.000
12200.000
9200.000
11000.000
11000.000
10200.000
10400.000
8400.000
11800.000
10800.000
9400.000
12400.000
11000.000
10200.000
14800.000
11200.000
12000.000
13000.000
12000.000
13800.000
11800.000
12200.000
11600.000
13200.000
9800.000
12800.000
10800.000
10800.000
11800.000
12400.000
13200.000
10400.000
14000.000
13200.000
13000.000
14800.000
14800.000
14000.000
12800.000
13000.000
10000.000
15000.000
13000.000
13200.000
15800.000
16400.000
12600.000
16000.000
17000.000
16800.000
18800.000
18000.000
18000.000
19000.000
19200.000
21200.000
22000.000
21400.000
19000.000
23400.000
25200.000
27000.000
24000.000
26400.000
30000.000
29200.000
30200.000
27000.000
33800.000
35000.000
36200.000
28400.000
31200.000
29200.000
34000.000
26400.000
29400.000
29400.000
24000.000
26200.000
27000.000
19200.000
24800.000
20800.000
22800.000
21000.000
21400.000
18600.000
19600.000
17800.000
17600.000
13000.000
14000.000
16400.000
14200.000
13800.000
11200.000
13200.000
10000.000
9800.000
10200.000
13200.000
11200.000
12000.000
9400.000
13200.000
12400.000
11800.000
11400.000
9000.000
8600.000
7400.000
9000.000
10400.000
6600.000
8400.000
6000.000
6200.000
10800.000
8600.000
8200.000
9800.000
7600.000
8000.000
8600.000
6400.000
7600.000
7600.000
9600.000
10600.000
6800.000
9000.000
7600.000
7600.000
7400.000
8800.000
7400.000
5800.000
7200.000
7800.000
5800.000
7200.000
6400.000
6400.000
9200.000
4600.000
7400.000
4800.000
6200.000
7600.000
7600.000
4800.000
6800.000
5200.000
7200.000
6400.000
8000.000
4400.000
7000.000
5000.000
6200.000
5400.000
4800.000
6800.000
4200.000
3200.000
4000.000
6200.000
3800.000
5400.000
6200.000
5400.000
4200.000
20000.000
16200.000
18600.000
19000.000
17800.000
15800.000
16000.000
13400.000
14600.000
13800.000
14400.000
11600.000
13000.000
12000.000
12200.000
12200.000
9600.000
13800.000
12200.000
12000.000
10600.000
10600.000
10800.000
11200.000
11600.000
10000.000
12600.000
8600.000
7600.000
12800.000
14000.000
7800.000
10000.000
13000.000
14000.000
11800.000
12200.000
9800.000
10600.000
10600.000
11600.000
9200.000
9800.000
13800.000
10800.000
12800.000
12600.000
13200.000
11800.000
10600.000
10400.000
11800.000
13200.000
14000.000
12200.000
12600.000
12600.000
13600.000
13200.000
10800.000
10800.000
13400.000
14000.000
13600.000
15400.000
11800.000
12200.000
12400.000
14200.000
11400.000
16600.000
12000.000
13200.000
15200.000
22600.000
18800.000
13800.000
16000.000
18800.000
19800.000
17400.000
19400.000
20800.000
21800.000
16000.000
20600.000
22600.000
26400.000
21800.000
26200.000
22200.000
24600.000
25000.000
28200.000
26000.000
31600.000
29400.000
30200.000
33000.000
25400.000
28800.000
28800.000
29000.000
30600.000
26600.000
26400.000
22000.000
23600.000
20600.000
22400.000
24000.000
22000.000
17800.000
20000.000
21400.000
18600.000
18000.000
17400.000
18600.000
20000.000
12400.000
11600.000
15000.000
11200.000
12000.000
13000.000
11600.000
13000.000
13200.000
10600.000
11400.000
10000.000
8000.000
9000.000
8800.000
9000.000
9400.000
12400.000
11000.000
11200.000
9600.000
12600.000
7600.000
8800.000
9000.000
7800.000
7600.000
9200.000
10800.000
8000.000
8800.000
7200.000
8200.000
6200.000
8000.000
8200.000
5600.000
8800.000
7600.000
6400.000
6200.000
8200.000
8400.000
6200.000
5600.000
6800.000
6200.000
8600.000
7200.000
5800.000
6600.000
8000.000
6400.000
6000.000
5400.000
6200.000
5400.000
7000.000
5200.000
6000.000
5800.000
6200.000
5200.000
6000.000
4600.000
5800.000
3800.000
4600.000
4000.000
5000.000
5400.000
5800.000
4400.000
6000.000
6600.000
4200.000
4400.000
6200.000
4000.000
4600.000
6000.000
20000.000
17200.000
17200.000
17800.000
16600.000
17600.000
14800.000
12000.000
16000.000
11800.000
14400.000
12600.000
11600.000
11400.000
15400.000
11600.000
14200.000
13400.000
12800.000
11600.000
12800.000
11600.000
10200.000
13400.000
12400.000
11000.000
10000.000
11600.000
9800.000
10600.000
11600.000
9400.000
10000.000
12400.000
9000.000
11000.000
13400.000
10800.000
10600.000
10200.000
12400.000
13800.000
11400.000
11800.000
13000.000
13200.000
12000.000
13400.000
13400.000
10600.000
12000.000
15000.000
12000.000
17200.000
12000.000
14200.000
9600.000
12000.000
13400.000
15000.000
13000.000
16400.000
17000.000
17000.000
16200.000
14200.000
14400.000
12200.000
10200.000
12000.000
13000.000
12200.000
17400.000
15000.000
12000.000
17800.000
14200.000
17800.000
17200.000
17600.000
17800.000
18800.000
24600.000
19600.000
20400.000
18400.000
23000.000
20600.000
22600.000
22600.000
24000.000
19800.000
19800.000
19400.000
23600.000
20600.000
20800.000
27200.000
25200.000
23800.000
22200.000
21400.000
22200.000
28400.000
26000.000
22600.000
19000.000
20400.000
24600.000
18800.000
18800.000
21200.000
20400.000
22000.000
19200.000
19400.000
15600.000
16800.000
15400.000
13600.000
10800.000
11600.000
12800.000
12600.000
12600.000
14200.000
12600.000
11600.000
9800.000
11600.000
9200.000
9000.000
9400.000
7800.000
9000.000
10800.000
10800.000
10600.000
11200.000
9000.000
9200.000
9000.000
6600.000
7800.000
7200.000
10800.000
6200.000
7600.000
6000.000
8200.000
11600.000
9600.000
6400.000
6600.000
8200.000
9600.000
7400.000
8400.000
7200.000
9000.000
7800.000
7800.000
6800.000
8800.000
9200.000
8200.000
7200.000
6800.000
8600.000
6200.000
7600.000
6800.000
9400.000
5800.000
7200.000
5600.000
6000.000
5400.000
5800.000
7400.000
4400.000
7800.000
5400.000
5600.000
4800.000
3800.000
6000.000
5800.000
5200.000
5200.000
6000.000
5200.000
5000.000
4000.000
4600.000
4800.000
4400.000
4800.000
3800.000
4800.000
4800.000
18000.000
14400.000
16000.000
15800.000
14800.000
15200.000
13400.000
13400.000
13600.000
11000.000
12800.000
13600.000
11000.000
11400.000
12000.000
13200.000
15600.000
12800.000
10200.000
10400.000
11200.000
8400.000
11800.000
12600.000
11200.000
13200.000
10600.000
10400.000
8200.000
10400.000
11200.000
10800.000
10400.000
11600.000
10800.000
10000.000
8800.000
9200.000
10600.000
11400.000
9800.000
12800.000
8600.000
7600.000
10400.000
14200.000
13000.000
13600.000
11400.000
13000.000
13600.000
13000.000
14800.000
11000.000
11000.000
14200.000
13000.000
13400.000
11800.000
10800.000
14800.000
11800.000
11000.000
17800.000
14200.000
13200.000
11600.000
12800.000
11000.000
15800.000
11000.000
14600.000
15200.000
16400.000
11600.000
13800.000
15200.000
15800.000
18400.000
14400.000
18200.000
14800.000
16000.000
17800.000
16400.000
17600.000
17200.000
19600.000
17600.000
20400.000
19800.000
21200.000
19000.000
17600.000
18200.000
19800.000
19400.000
24000.000
21800.000
24000.000
20800.000
19400.000
23000.000
22600.000
19600.000
19800.000
20400.000
19800.000
16000.000
18600.000
17600.000
19800.000
17000.000
14600.000
16000.000
16800.000
13800.000
17000.000
12000.000
12400.000
14400.000
13600.000
10800.000
10800.000
11800.000
9200.000
11000.000
12600.000
11400.000
11000.000
7400.000
10200.000
10800.000
10200.000
7800.000
6200.000
12200.000
7600.000
8400.000
7600.000
8000.000
8400.000
10800.000
10200.000
9000.000
9600.000
11800.000
7600.000
8400.000
8200.000
5000.000
8600.000
6600.000
8200.000
8400.000
7000.000
7800.000
6000.000
9400.000
8400.000
8200.000
5400.000
6800.000
7600.000
6400.000
8000.000
7200.000
9000.000
6200.000
6600.000
6600.000
6800.000
7000.000
8000.000
7600.000
7200.000
6400.000
6000.000
7400.000
5600.000
6600.000
6200.000
7800.000
5600.000
3800.000
4600.000
5200.000
6600.000
7600.000
5200.000
5600.000
5000.000
2800.000
3200.000
5200.000
4200.000
4400.000
5800.000
3000.000
4200.000
3800.000
15800.000
19800.000
17400.000
11800.000
16400.000
12000.000
11600.000
10600.000
15600.000
13400.000
12400.000
14600.000
13000.000
9200.000
11600.000
11800.000
13400.000
11000.000
10800.000
11800.000
10200.000
12000.000
8600.000
9000.000
11400.000
9400.000
10400.000
8200.000
10800.000
14200.000
9400.000
10800.000
10000.000
10000.000
10800.000
10800.000
10000.000
9800.000
11800.000
12800.000
9400.000
12400.000
13200.000
10000.000
12200.000
13600.000
11600.000
11000.000
10400.000
12200.000
11200.000
10000.000
14000.000
11200.000
12600.000
10400.000
11800.000
12400.000
11600.000
9000.000
14600.000
14400.000
11800.000
14800.000
12200.000
11400.000
16800.000
12600.000
13000.000
12000.000
11600.000
13600.000
13000.000
16000.000
16400.000
13800.000
14600.000
14200.000
15600.000
13800.000
15600.000
15000.000
15600.000
17400.000
17200.000
16000.000
16600.000
16600.000
16000.000
17800.000
14000.000
17400.000
20800.000
21400.000
19400.000
20200.000
18000.000
24600.000
18000.000
17800.000
21800.000
20000.000
15600.000
23000.000
16800.000
21000.000
19800.000
21400.000
17000.000
18800.000
18800.000
17200.000
16000.000
16000.000
16000.000
13200.000
14200.000
13600.000
13200.000
10600.000
12000.000
12200.000
14000.000
13000.000
8400.000
12400.000
11200.000
12800.000
12200.000
9200.000
9600.000
10800.000
11400.000
10200.000
8400.000
10600.000
11000.000
9400.000
9600.000
11200.000
9800.000
12400.000
9800.000
10800.000
7200.000
9400.000
9800.000
7200.000
10400.000
6800.000
5600.000
7800.000
8400.000
6000.000
10600.000
5800.000
6200.000
9000.000
5800.000
8200.000
8000.000
9600.000
6400.000
6400.000
6000.000
8000.000
8800.000
7600.000
8600.000
9200.000
7800.000
5800.000
7200.000
7800.000
5400.000
6600.000
5800.000
7800.000
5200.000
7400.000
5400.000
6400.000
6200.000
7400.000
4800.000
5800.000
4200.000
5600.000
4800.000
5000.000
4000.000
6000.000
6600.000
6400.000
5200.000
5000.000
4000.000
5200.000
4600.000
7000.000
4000.000
17800.000
17400.000
17200.000
14000.000
14000.000
14600.000
14600.000
14200.000
13200.000
14000.000
10400.000
13400.000
12200.000
11600.000
13800.000
11000.000
12200.000
13800.000
12600.000
12800.000
15000.000
12200.000
15600.000
9600.000
12800.000
11800.000
13400.000
10400.000
9800.000
9000.000
7200.000
10800.000
11200.000
10600.000
10800.000
13400.000
11200.000
6600.000
10400.000
14600.000
12400.000
10400.000
11600.000
14400.000
14600.000
12600.000
13600.000
11200.000
12200.000
12400.000
13800.000
14800.000
12400.000
14400.000
12000.000
14800.000
13800.000
10600.000
15200.000
15800.000
13800.000
15800.000
14400.000
15400.000
14600.000
15200.000
14800.000
12200.000
12200.000
13200.000
14600.000
13000.000
13200.000
13200.000
12800.000
13200.000
13200.000
12400.000
15600.000
18000.000
18800.000
16600.000
11600.000
17200.000
15600.000
15200.000
17200.000
15800.000
15000.000
19200.000
17800.000
20600.000
18600.000
16400.000
16200.000
20400.000
19000.000
23000.000
21600.000
20600.000
20200.000
17800.000
18400.000
18000.000
20200.000
18000.000
19200.000
16400.000
19600.000
15000.000
22000.000
13600.000
15200.000
14000.000
13800.000
17800.000
12800.000
12200.000
14800.000
13200.000
12200.000
8800.000
14800.000
12200.000
12600.000
11400.000
11800.000
11600.000
11600.000
9400.000
10400.000
9400.000
12400.000
8400.000
10000.000
9600.000
10000.000
7200.000
7800.000
7800.000
10800.000
9400.000
8800.000
10000.000
9000.000
10600.000
9600.000
8400.000
7600.000
6600.000
8000.000
8400.000
7400.000
7400.000
7800.000
5600.000
9200.000
7400.000
10000.000
6200.000
8200.000
8000.000
8600.000
8000.000
7800.000
4200.000
7600.000
6400.000
8800.000
6200.000
7400.000
5600.000
4600.000
5000.000
5400.000
4400.000
5800.000
5800.000
4000.000
6600.000
5800.000
4600.000
7600.000
5000.000
7800.000
5200.000
4400.000
6800.000
5600.000
4000.000
3000.000
4800.000
5800.000
5000.000
4200.000
5000.000
3200.000
4200.000
4000.000
5400.000
2600.000
19800.000
15000.000
16400.000
14600.000
16200.000
16000.000
13800.000
15800.000
11800.000
16400.000
14400.000
12400.000
14000.000
15600.000
9000.000
14200.000
13200.000
9600.000
11600.000
10800.000
14800.000
14600.000
12800.000
12000.000
11400.000
12000.000
14200.000
17000.000
14200.000
11400.000
12400.000
10600.000
11200.000
13400.000
10600.000
10200.000
12600.000
11800.000
11600.000
12200.000
12000.000
11000.000
15800.000
11600.000
15000.000
8400.000
12600.000
10600.000
14600.000
13600.000
12400.000
10000.000
13200.000
14200.000
17800.000
13800.000
13000.000
15400.000
15600.000
14800.000
13200.000
14200.000
9800.000
13800.000
12000.000
14400.000
10200.000
12200.000
9600.000
13000.000
9400.000
13200.000
16400.000
11200.000
17000.000
13600.000
12400.000
12600.000
14600.000
15400.000
10800.000
14200.000
11400.000
13800.000
15000.000
17200.000
14800.000
10600.000
13000.000
14600.000
15200.000
18000.000
15400.000
19000.000
17400.000
17000.000
16400.000
15400.000
16200.000
16800.000
19200.000
16200.000
17400.000
16200.000
17200.000
20000.000
19400.000
17800.000
15200.000
16200.000
13200.000
16400.000
16200.000
15800.000
15800.000
13200.000
14400.000
12000.000
15000.000
11200.000
13600.000
12800.000
15000.000
13600.000
14800.000
12000.000
9000.000
13600.000
10800.000
10000.000
11200.000
9200.000
9600.000
10600.000
9200.000
9600.000
9600.000
11000.000
8200.000
10400.000
8200.000
8800.000
9400.000
8400.000
8400.000
9600.000
6800.000
10200.000
8400.000
7400.000
6000.000
6600.000
6600.000
8000.000
5800.000
10800.000
9200.000
9400.000
10400.000
9000.000
7600.000
7400.000
5400.000
7200.000
7200.000
7600.000
7000.000
9800.000
6600.000
10400.000
6600.000
6800.000
7400.000
6600.000
6400.000
7800.000
6000.000
5800.000
6800.000
5800.000
7000.000
7000.000
6600.000
4400.000
4800.000
5800.000
5800.000
5000.000
4200.000
7000.000
5200.000
3600.000
6000.000
3800.000
3600.000
4600.000
4000.000
4000.000
6600.000
6800.000
7200.000
17600.000
16800.000
15000.000
17400.000
13400.000
13400.000
15000.000
14200.000
13600.000
15200.000
14800.000
13000.000
11000.000
13000.000
11400.000
13200.000
11600.000
11200.000
11400.000
11400.000
12000.000
13600.000
12000.000
13000.000
13200.000
13800.000
14400.000
12600.000
10200.000
13400.000
13000.000
9800.000
11400.000
9600.000
13400.000
14000.000
9000.000
11200.000
12600.000
10200.000
12200.000
12800.000
12200.000
9200.000
11600.000
12800.000
11000.000
13000.000
10200.000
9400.000
11800.000
12200.000
12200.000
10200.000
15200.000
13400.000
12800.000
11400.000
16600.000
14000.000
14400.000
14000.000
11000.000
12600.000
13000.000
16000.000
11800.000
9800.000
11000.000
15000.000
12000.000
11200.000
11200.000
11400.000
13400.000
11800.000
13200.000
13000.000
15800.000
13800.000
16200.000
13800.000
9600.000
18000.000
12000.000
14400.000
15600.000
14400.000
19200.000
19000.000
16200.000
16400.000
16200.000
18000.000
14400.000
15200.000
14200.000
18200.000
17600.000
19800.000
18400.000
21000.000
16400.000
18400.000
20200.000
15400.000
17600.000
14000.000
16000.000
15600.000
15800.000
15400.000
15400.000
9200.000
14400.000
12200.000
12800.000
14200.000
11000.000
13200.000
9400.000
12000.000
12800.000
10800.000
11600.000
9400.000
13600.000
9400.000
13000.000
12200.000
13000.000
9000.000
9400.000
10400.000
8400.000
8800.000
9000.000
9600.000
9800.000
8600.000
8800.000
8000.000
8400.000
9200.000
11400.000
9200.000
9400.000
7600.000
9400.000
7800.000
9400.000
8400.000
8000.000
8200.000
8400.000
9400.000
7200.000
6800.000
9000.000
9400.000
8400.000
8000.000
8000.000
8200.000
7000.000
7400.000
7600.000
7000.000
6400.000
7800.000
6600.000
5800.000
6200.000
4800.000
5600.000
5800.000
7400.000
7000.000
6800.000
5200.000
7000.000
6200.000
6200.000
4200.000
6600.000
6600.000
6400.000
4000.000
5600.000
5200.000
5200.000
4200.000
6600.000
4400.000
5600.000
6200.000
5600.000
3600.000
6800.000
5800.000
3800.000
16800.000
18800.000
12400.000
19600.000
13400.000
15600.000
12400.000
12600.000
12800.000
11600.000
15000.000
13800.000
14000.000
12600.000
15400.000
11200.000
12800.000
12200.000
11600.000
9200.000
12200.000
10400.000
11800.000
13600.000
13800.000
11200.000
13400.000
14000.000
14000.000
10200.000
13400.000
12800.000
11400.000
12000.000
10800.000
10000.000
12200.000
13400.000
13000.000
10800.000
13600.000
13200.000
11000.000
12800.000
13800.000
14400.000
14200.000
15600.000
13400.000
13600.000
14200.000
13200.000
11800.000
12000.000
14400.000
12600.000
14800.000
16800.000
10000.000
12400.000
16000.000
11400.000
13200.000
12400.000
15800.000
12200.000
12600.000
12800.000
13200.000
14400.000
12800.000
12400.000
13600.000
13800.000
17600.000
10800.000
12200.000
14800.000
14400.000
12400.000
12200.000
15000.000
14400.000
15400.000
13200.000
10000.000
15200.000
18200.000
15200.000
14600.000
15200.000
17000.000
15200.000
12800.000
17000.000
16400.000
22000.000
15000.000
14400.000
18000.000
15800.000
18400.000
16000.000
14200.000
15000.000
18800.000
13800.000
14800.000
14200.000
13600.000
16400.000
13400.000
18400.000
16200.000
15000.000
13400.000
11600.000
13600.000
14400.000
15600.000
14600.000
10400.000
12800.000
12200.000
10400.000
10400.000
11200.000
7600.000
10000.000
9800.000
11200.000
9800.000
12200.000
9800.000
9600.000
12800.000
10800.000
10000.000
11000.000
9200.000
10000.000
10200.000
9400.000
8400.000
6600.000
7400.000
9400.000
11800.000
7800.000
9200.000
8400.000
8600.000
10400.000
10200.000
7200.000
12000.000
9000.000
7200.000
8200.000
5600.000
9400.000
6800.000
8200.000
9200.000
5400.000
8600.000
7200.000
7600.000
6800.000
9000.000
7000.000
6200.000
8000.000
5200.000
7800.000
6600.000
6000.000
6800.000
5600.000
6800.000
7600.000
6400.000
6200.000
6600.000
4200.000
5600.000
4800.000
5200.000
6200.000
3600.000
5800.000
4400.000
3600.000
5600.000
5600.000
5400.000
5800.000
4000.000
4800.000
4000.000
5400.000
14800.000
14600.000
12600.000
16000.000
15600.000
12600.000
12000.000
16200.000
13800.000
14000.000
15400.000
11600.000
12200.000
13000.000
12600.000
11800.000
11400.000
12000.000
10800.000
10800.000
12000.000
10200.000
14200.000
10400.000
11200.000
14800.000
13200.000
11200.000
14600.000
11600.000
13200.000
12800.000
10400.000
12400.000
14400.000
16400.000
13000.000
11400.000
11800.000
11000.000
11400.000
14600.000
11200.000
8400.000
14400.000
12400.000
11600.000
10400.000
13400.000
14000.000
9400.000
9200.000
7600.000
12200.000
13600.000
11600.000
10800.000
14000.000
9800.000
12000.000
11200.000
10000.000
14200.000
11600.000
11400.000
10400.000
11800.000
15600.000
9800.000
12600.000
13400.000
13800.000
12800.000
15000.000
12000.000
12600.000
14400.000
13600.000
13400.000
13200.000
10200.000
12200.000
10800.000
10800.000
13000.000
12800.000
11400.000
12200.000
13400.000
12400.000
12400.000
13000.000
15600.000
10400.000
16400.000
13000.000
15400.000
14400.000
14800.000
16600.000
14200.000
14400.000
15800.000
16400.000
16000.000
14200.000
12600.000
13000.000
14200.000
14000.000
14600.000
14400.000
13400.000
13000.000
14000.000
11400.000
15800.000
10400.000
10600.000
10400.000
11800.000
11600.000
10200.000
12400.000
11400.000
15200.000
7600.000
12200.000
10800.000
13400.000
11400.000
9400.000
11600.000
10400.000
7600.000
10400.000
7800.000
8400.000
9200.000
10200.000
7000.000
9800.000
10800.000
10200.000
7000.000
7200.000
8800.000
8600.000
9200.000
6400.000
11400.000
11600.000
9800.000
9000.000
8400.000
8400.000
7800.000
7400.000
11400.000
7400.000
8000.000
8000.000
5600.000
8000.000
8200.000
7200.000
8400.000
5800.000
9000.000
5600.000
7200.000
8000.000
8600.000
7000.000
5600.000
5400.000
8000.000
6000.000
7000.000
5400.000
4800.000
5200.000
4800.000
5600.000
5600.000
6000.000
4800.000
5400.000
7200.000
4200.000
5800.000
5200.000
4200.000
3400.000
7000.000
4000.000
3200.000
4200.000
5000.000
6000.000
4000.000
16600.000
10800.000
13200.000
11000.000
13800.000
13200.000
14600.000
11000.000
11800.000
14400.000
13600.000
11800.000
11400.000
14600.000
14600.000
13000.000
14000.000
15000.000
13000.000
11200.000
9800.000
7000.000
10000.000
13200.000
13000.000
13200.000
11400.000
12400.000
13000.000
14000.000
13000.000
10400.000
16400.000
13800.000
12400.000
11800.000
9600.000
8800.000
10400.000
11200.000
11200.000
13400.000
11600.000
12600.000
16000.000
11200.000
11200.000
11400.000
11800.000
14000.000
12800.000
13600.000
10600.000
11400.000
11400.000
10800.000
13400.000
13400.000
13800.000
12800.000
13400.000
14000.000
13800.000
12400.000
8000.000
12200.000
11000.000
10600.000
10400.000
9600.000
11600.000
14400.000
14600.000
12800.000
10000.000
12200.000
14000.000
12800.000
15600.000
12200.000
14400.000
13600.000
11800.000
11600.000
15800.000
13800.000
12400.000
7200.000
12400.000
11600.000
9200.000
13400.000
15800.000
16000.000
13000.000
16600.000
16000.000
10800.000
15800.000
17200.000
15400.000
14400.000
13400.000
15400.000
14600.000
19400.000
13400.000
13400.000
13600.000
14600.000
15600.000
14200.000
13800.000
15600.000
12800.000
13400.000
18000.000
12200.000
14000.000
11000.000
15200.000
10400.000
13800.000
13000.000
10600.000
11000.000
9600.000
9200.000
10600.000
10400.000
10600.000
9600.000
8600.000
8400.000
10200.000
8000.000
7000.000
7200.000
9600.000
9800.000
6800.000
7600.000
9200.000
8600.000
9400.000
10200.000
9400.000
8800.000
7600.000
9400.000
8400.000
8200.000
6800.000
9600.000
7200.000
8400.000
9400.000
7600.000
6400.000
8000.000
9600.000
7000.000
9400.000
9600.000
6000.000
8200.000
7400.000
8800.000
9200.000
9000.000
8800.000
6200.000
6400.000
8200.000
5800.000
7400.000
5400.000
5400.000
5200.000
6600.000
7200.000
3200.000
5000.000
4400.000
7800.000
6600.000
5400.000
6800.000
5800.000
4800.000
4400.000
4000.000
6000.000
5600.000
5600.000
4600.000
6800.000
5200.000
4600.000
4200.000
5200.000
13400.000
14000.000
11800.000
15200.000
14800.000
15800.000
12000.000
14600.000
12600.000
14200.000
13800.000
15600.000
11200.000
12200.000
13800.000
10000.000
12600.000
9200.000
11000.000
12000.000
11200.000
12000.000
11000.000
11200.000
9200.000
14200.000
11800.000
11600.000
13000.000
14200.000
12400.000
12800.000
15600.000
10200.000
12000.000
11800.000
10800.000
12000.000
10400.000
10000.000
12200.000
14800.000
14400.000
12800.000
9800.000
11000.000
12200.000
11200.000
10600.000
11000.000
14600.000
11400.000
12200.000
11600.000
13800.000
10800.000
13000.000
12800.000
13200.000
10000.000
14400.000
13600.000
13600.000
9800.000
13200.000
13200.000
15400.000
9200.000
10400.000
9400.000
12800.000
10400.000
14000.000
13800.000
10600.000
14800.000
13800.000
12800.000
11200.000
11400.000
14600.000
12200.000
11800.000
10400.000
12600.000
13000.000
12400.000
11600.000
13800.000
10800.000
13600.000
10200.000
15400.000
13800.000
13600.000
15800.000
13800.000
16200.000
11600.000
13800.000
13400.000
15800.000
14600.000
11200.000
14600.000
15600.000
13000.000
12000.000
16000.000
12600.000
13600.000
11800.000
12800.000
14600.000
13800.000
10200.000
11600.000
11200.000
15600.000
14600.000
13000.000
10400.000
11800.000
11200.000
13400.000
10600.000
10600.000
10200.000
9200.000
10400.000
11000.000
10800.000
10800.000
11600.000
9400.000
7400.000
9600.000
8600.000
9400.000
6200.000
10000.000
8000.000
8800.000
8200.000
9200.000
6600.000
10400.000
10200.000
9200.000
9400.000
8600.000
9600.000
7000.000
6800.000
8000.000
5200.000
8000.000
7200.000
8400.000
9000.000
9400.000
7600.000
6800.000
7600.000
6400.000
9200.000
7600.000
7800.000
9600.000
6200.000
7600.000
6600.000
4000.000
6400.000
4800.000
5200.000
8600.000
7800.000
8200.000
5600.000
6800.000
5400.000
4800.000
5000.000
6400.000
6000.000
4200.000
5800.000
6000.000
5800.000
5800.000
5200.000
4800.000
3600.000
6000.000
4200.000
5200.000
3000.000
5000.000
4800.000
3200.000
12200.000
12400.000
10600.000
13800.000
11800.000
14400.000
12000.000
13000.000
12400.000
11800.000
13400.000
17000.000
12800.000
8200.000
12600.000
12000.000
7800.000
11000.000
14600.000
13200.000
11400.000
11000.000
13000.000
10600.000
14800.000
12600.000
11800.000
12000.000
12800.000
10600.000
8800.000
13000.000
9600.000
14200.000
11200.000
11800.000
12400.000
8400.000
12800.000
10200.000
12000.000
12200.000
11400.000
10200.000
9600.000
11600.000
11400.000
13200.000
12800.000
10000.000
11200.000
9000.000
11800.000
9200.000
10000.000
10800.000
11000.000
13000.000
10000.000
10800.000
11800.000
11600.000
13600.000
11000.000
11200.000
10400.000
13000.000
13200.000
13000.000
11200.000
13600.000
13600.000
13000.000
13600.000
12800.000
11200.000
11800.000
13000.000
14600.000
14000.000
9800.000
10400.000
12400.000
9200.000
12800.000
10600.000
11600.000
13000.000
12400.000
15200.000
11800.000
12600.000
12200.000
13200.000
12400.000
15000.000
14000.000
15400.000
11400.000
13000.000
10600.000
14800.000
16000.000
13200.000
13600.000
13800.000
11600.000
13600.000
11600.000
13200.000
15600.000
10800.000
11600.000
13000.000
12600.000
15200.000
13400.000
9400.000
12200.000
10200.000
11600.000
12000.000
14200.000
11400.000
12600.000
10800.000
9800.000
12600.000
12000.000
9400.000
11600.000
11400.000
9800.000
7800.000
9400.000
11800.000
10200.000
9600.000
8400.000
9800.000
8400.000
6800.000
9400.000
8000.000
9200.000
9400.000
8000.000
10600.000
6800.000
6200.000
10200.000
5600.000
8600.000
8200.000
5400.000
8800.000
8000.000
7800.000
9400.000
7400.000
9800.000
8600.000
11000.000
11200.000
9200.000
7800.000
7400.000
9000.000
7400.000
6800.000
6400.000
6200.000
6200.000
8000.000
7200.000
5600.000
7600.000
5200.000
7200.000
5600.000
6400.000
5800.000
6600.000
5800.000
5600.000
6800.000
6400.000
5600.000
6000.000
5400.000
3600.000
4600.000
4600.000
6400.000
5600.000
5200.000
5800.000
5800.000
5000.000
6000.000
5800.000
10600.000
13200.000
11200.000
13200.000
14200.000
13400.000
14400.000
14200.000
16200.000
12600.000
12400.000
13800.000
12000.000
11000.000
11000.000
12000.000
13000.000
13600.000
11200.000
10200.000
11800.000
12800.000
9400.000
11800.000
11400.000
12600.000
11800.000
12400.000
13000.000
10600.000
12600.000
9200.000
11600.000
12000.000
13600.000
11400.000
9000.000
7800.000
11400.000
11400.000
14200.000
11000.000
12000.000
12600.000
11200.000
11600.000
11600.000
10000.000
8800.000
11600.000
12400.000
11400.000
12600.000
11000.000
10400.000
12200.000
9200.000
11200.000
11000.000
13000.000
11600.000
13000.000
13800.000
13800.000
12800.000
14800.000
11200.000
13000.000
11000.000
13200.000
13600.000
14800.000
12400.000
12600.000
11400.000
9000.000
15200.000
12800.000
13800.000
12000.000
14200.000
14200.000
13000.000
14200.000
12000.000
12000.000
10800.000
9000.000
10800.000
11600.000
10600.000
12400.000
13800.000
13200.000
14400.000
12600.000
11600.000
15000.000
14000.000
13400.000
12400.000
12800.000
10600.000
11000.000
13000.000
12200.000
12000.000
12600.000
14400.000
14800.000
9200.000
10200.000
12600.000
11200.000
11600.000
16400.000
12800.000
11200.000
13600.000
11600.000
11000.000
12200.000
12200.000
11000.000
11600.000
9600.000
10400.000
11200.000
10200.000
9200.000
8800.000
10600.000
10800.000
12400.000
10000.000
7000.000
9000.000
8000.000
8000.000
8600.000
9200.000
9200.000
11000.000
8800.000
8600.000
9600.000
9400.000
7600.000
7400.000
7400.000
8200.000
9800.000
11200.000
8600.000
9800.000
8000.000
5600.000
8600.000
10600.000
8400.000
12000.000
9800.000
9400.000
9200.000
9600.000
7600.000
8400.000
5200.000
7200.000
8000.000
7600.000
6000.000
4200.000
7800.000
6400.000
6600.000
7600.000
6600.000
8800.000
3600.000
8400.000
3600.000
6000.000
5400.000
4400.000
4600.000
6400.000
6800.000
2600.000
7400.000
4800.000
6400.000
4600.000
4200.000
3400.000
5000.000
4400.000
4000.000
5800.000
3800.000
3800.000
10800.000
11000.000
13400.000
12200.000
13600.000
12000.000
12200.000
14800.000
14600.000
14400.000
11800.000
11800.000
13400.000
12200.000
12400.000
13600.000
11600.000
12200.000
12600.000
12200.000
13400.000
12400.000
14800.000
10800.000
12200.000
13000.000
10400.000
13200.000
13000.000
14400.000
16600.000
15200.000
10000.000
10600.000
10600.000
12000.000
13600.000
13600.000
12000.000
9200.000
11400.000
13000.000
9400.000
12000.000
10800.000
14400.000
12000.000
12600.000
10000.000
12000.000
9800.000
11600.000
11400.000
12200.000
11800.000
14000.000
10200.000
12600.000
11200.000
10400.000
12800.000
10800.000
11400.000
10000.000
12000.000
13400.000
11800.000
8600.000
9600.000
16800.000
12800.000
14800.000
12200.000
11600.000
10600.000
13200.000
13000.000
10400.000
10800.000
14600.000
10600.000
11600.000
12000.000
11000.000
11600.000
11600.000
11800.000
11200.000
14600.000
14600.000
14000.000
15000.000
13200.000
14000.000
15600.000
12800.000
10800.000
14600.000
11000.000
12400.000
12000.000
13600.000
10800.000
13000.000
11400.000
13800.000
10400.000
12600.000
10800.000
13200.000
10800.000
14600.000
10800.000
10800.000
12000.000
10200.000
12600.000
11400.000
11200.000
10800.000
9800.000
11000.000
15600.000
11200.000
13000.000
12600.000
9400.000
9800.000
12400.000
9400.000
7800.000
10600.000
10600.000
12600.000
10800.000
8800.000
10200.000
8800.000
10600.000
9400.000
6800.000
8400.000
8800.000
9200.000
10200.000
7200.000
9800.000
6200.000
8800.000
9600.000
7400.000
9000.000
6400.000
8000.000
9000.000
7800.000
9000.000
9200.000
8600.000
8800.000
7400.000
6600.000
8000.000
9600.000
8800.000
6800.000
9200.000
8600.000
9800.000
7800.000
7000.000
6200.000
5600.000
4600.000
5800.000
8200.000
8600.000
7200.000
5600.000
5200.000
2800.000
4600.000
6000.000
4600.000
5000.000
6000.000
4000.000
6800.000
4800.000
4200.000
6400.000
5800.000
5600.000
7200.000
5600.000
4600.000
5200.000
4800.000
3600.000
7000.000
5400.000
13600.000
10000.000
9200.000
11600.000
11000.000
11000.000
12000.000
10400.000
11800.000
15000.000
11000.000
13800.000
13400.000
12200.000
12000.000
13600.000
12600.000
11600.000
11800.000
12600.000
13200.000
12200.000
13000.000
11200.000
13600.000
10200.000
11600.000
9200.000
9600.000
11800.000
12000.000
13600.000
12200.000
11400.000
11000.000
10400.000
9200.000
11800.000
10800.000
12000.000
9200.000
10600.000
10800.000
12400.000
13400.000
10000.000
11400.000
13000.000
13800.000
9200.000
12200.000
12400.000
10400.000
9400.000
12600.000
12800.000
13200.000
11400.000
12600.000
13400.000
11600.000
12400.000
12000.000
16800.000
15600.000
14400.000
9800.000
12000.000
13800.000
16000.000
12000.000
12800.000
11800.000
10800.000
13200.000
12400.000
12800.000
11800.000
11400.000
12000.000
13400.000
11200.000
12200.000
10600.000
11000.000
10600.000
10800.000
11000.000
10200.000
11000.000
12800.000
13400.000
13400.000
13000.000
15000.000
12000.000
12000.000
12600.000
13400.000
14000.000
13800.000
12800.000
12800.000
9400.000
12600.000
14800.000
10800.000
11800.000
11000.000
11800.000
12600.000
14600.000
11600.000
12800.000
12000.000
12200.000
13000.000
11200.000
11200.000
12400.000
13400.000
9200.000
13000.000
8200.000
11200.000
9400.000
10600.000
8800.000
9200.000
11600.000
9400.000
10600.000
8400.000
7800.000
12200.000
9400.000
11400.000
9000.000
9200.000
9200.000
6000.000
8800.000
9800.000
8800.000
8800.000
9600.000
6600.000
10200.000
8200.000
7200.000
6000.000
9200.000
6800.000
8800.000
7400.000
8600.000
9200.000
6800.000
7400.000
8800.000
7600.000
10200.000
8600.000
11400.000
9000.000
8000.000
8600.000
8000.000
8400.000
7400.000
7400.000
7200.000
7600.000
7000.000
5600.000
7000.000
5600.000
5400.000
6200.000
6600.000
8200.000
4800.000
5400.000
5800.000
5200.000
7200.000
4600.000
5200.000
5400.000
5400.000
5600.000
3600.000
4600.000
6200.000
5400.000
6400.000
2200.000
4400.000
6400.000
6400.000
5800.000
11200.000
11600.000
11000.000
10000.000
15600.000
14200.000
8600.000
10400.000
14600.000
15600.000
13600.000
13200.000
14200.000
14400.000
12200.000
9800.000
8400.000
13200.000
9800.000
10000.000
12000.000
12800.000
11800.000
10600.000
11200.000
9800.000
11000.000
11600.000
12200.000
12200.000
11000.000
9400.000
10800.000
10200.000
11000.000
11600.000
9400.000
9200.000
11000.000
14000.000
11800.000
11800.000
12800.000
12800.000
12000.000
9000.000
8600.000
12400.000
9000.000
12800.000
13000.000
12400.000
12400.000
10600.000
15600.000
8000.000
12000.000
12600.000
16600.000
9400.000
10000.000
12400.000
12400.000
9800.000
10000.000
11800.000
11800.000
12000.000
12000.000
10600.000
13400.000
12200.000
14200.000
12400.000
12200.000
11400.000
12800.000
12400.000
11000.000
10000.000
10400.000
13200.000
13400.000
11400.000
11400.000
12600.000
14800.000
12400.000
10400.000
10600.000
11600.000
12200.000
10600.000
12000.000
13600.000
14800.000
11000.000
12400.000
14200.000
9600.000
12800.000
13200.000
8400.000
11000.000
12000.000
9800.000
11800.000
14600.000
13200.000
11200.000
10400.000
10800.000
9200.000
9600.000
10400.000
9200.000
13000.000
12000.000
12200.000
13800.000
10200.000
13000.000
11200.000
9600.000
10400.000
11000.000
10800.000
10000.000
10200.000
11000.000
11000.000
10600.000
11200.000
7400.000
8000.000
9800.000
9400.000
6600.000
7400.000
10400.000
9600.000
6800.000
10400.000
7800.000
7600.000
8600.000
9200.000
8600.000
9400.000
9400.000
7600.000
9800.000
8600.000
6400.000
6600.000
7800.000
9000.000
8000.000
8800.000
6400.000
10400.000
10200.000
9000.000
8000.000
8400.000
8200.000
7800.000
7400.000
6400.000
10200.000
6000.000
6600.000
6200.000
6400.000
6200.000
6600.000
9200.000
5400.000
7200.000
4400.000
4800.000
6200.000
6800.000
5000.000
5600.000
6000.000
5800.000
5400.000
4600.000
6600.000
6600.000
6600.000
4000.000
4600.000
4600.000
6000.000
5400.000
3600.000
5800.000
5600.000
5200.000
13600.000
13600.000
13200.000
14000.000
15000.000
13600.000
14400.000
12800.000
11400.000
12400.000
15600.000
12800.000
9400.000
12000.000
11800.000
10200.000
12000.000
13200.000
8200.000
12200.000
11200.000
13600.000
10000.000
10800.000
11400.000
11200.000
14000.000
11800.000
8600.000
10800.000
8400.000
11000.000
11200.000
12000.000
11200.000
9200.000
10800.000
14600.000
11000.000
12200.000
11600.000
9200.000
11000.000
10800.000
11200.000
13000.000
10200.000
10600.000
10600.000
9600.000
10400.000
10000.000
10400.000
7600.000
10600.000
9400.000
12400.000
13800.000
10000.000
10800.000
11000.000
13200.000
12000.000
9600.000
11200.000
12000.000
11600.000
11800.000
14200.000
13200.000
12400.000
12800.000
12800.000
15800.000
14200.000
12800.000
12000.000
10200.000
11800.000
12600.000
11200.000
12400.000
13000.000
9000.000
13400.000
12600.000
9800.000
11000.000
12000.000
10600.000
9800.000
10000.000
14400.000
11200.000
8600.000
12000.000
13000.000
11600.000
12200.000
7800.000
12400.000
11400.000
12200.000
13000.000
10200.000
11800.000
12800.000
9200.000
10400.000
9000.000
13200.000
9400.000
10800.000
11400.000
9400.000
11200.000
10200.000
13600.000
10800.000
10400.000
9800.000
8000.000
11800.000
12600.000
10200.000
12600.000
10600.000
7000.000
10600.000
11000.000
11000.000
10400.000
9800.000
7400.000
8600.000
9800.000
9000.000
9000.000
7000.000
10600.000
10200.000
10800.000
7800.000
7800.000
7400.000
10800.000
5000.000
7800.000
8800.000
9800.000
9800.000
6200.000
7600.000
5400.000
8200.000
8400.000
6800.000
9000.000
9800.000
6600.000
7600.000
6600.000
6200.000
7400.000
10600.000
10200.000
10200.000
10400.000
7000.000
9000.000
7600.000
7600.000
6800.000
6800.000
7000.000
5600.000
5800.000
4400.000
5200.000
6000.000
4800.000
5600.000
6600.000
6400.000
6200.000
6400.000
4400.000
4200.000
4800.000
5400.000
5600.000
6400.000
4400.000
5400.000
6000.000
5200.000
4200.000
4200.000
4400.000
5000.000
4000.000
10800.000
11800.000
14800.000
17600.000
14400.000
12400.000
14800.000
12800.000
11800.000
10800.000
12600.000
10400.000
11200.000
12600.000
14200.000
12000.000
10600.000
8600.000
9000.000
13600.000
10600.000
11600.000
12400.000
8600.000
13200.000
11400.000
11200.000
8000.000
8200.000
9600.000
8600.000
11600.000
10200.000
5400.000
11000.000
12000.000
9400.000
11000.000
9800.000
9800.000
11800.000
9600.000
16800.000
11600.000
12000.000
12400.000
11400.000
11200.000
10800.000
13200.000
13400.000
11200.000
10800.000
11400.000
9800.000
13600.000
9200.000
13400.000
11000.000
11600.000
11800.000
11400.000
13600.000
12800.000
12800.000
11200.000
8800.000
14000.000
13600.000
13000.000
10800.000
16800.000
13200.000
12200.000
11600.000
12400.000
11600.000
12200.000
10600.000
8400.000
9800.000
11200.000
12200.000
11800.000
8400.000
9000.000
11400.000
9000.000
11400.000
11600.000
11800.000
10800.000
9600.000
10800.000
11400.000
14200.000
11200.000
9800.000
13400.000
10000.000
9600.000
8600.000
11400.000
10400.000
10800.000
11200.000
10200.000
14000.000
14000.000
12200.000
8800.000
12400.000
9600.000
7600.000
8800.000
9400.000
8600.000
10400.000
10400.000
11200.000
7600.000
10800.000
9800.000
12200.000
11400.000
9400.000
10000.000
9200.000
13400.000
11400.000
10600.000
8200.000
8400.000
8600.000
9000.000
7400.000
8600.000
7800.000
7600.000
5800.000
8600.000
5600.000
7600.000
7800.000
6200.000
7400.000
9000.000
6800.000
6400.000
11000.000
4800.000
6200.000
5200.000
8600.000
6800.000
8600.000
5800.000
7800.000
9200.000
8200.000
8800.000
8200.000
11400.000
9800.000
7800.000
10000.000
8000.000
5800.000
5400.000
5400.000
9600.000
7000.000
7000.000
6600.000
5800.000
3800.000
6600.000
6600.000
7200.000
7200.000
6200.000
4800.000
6200.000
5800.000
6800.000
6000.000
4200.000
6400.000
3200.000
5400.000
5400.000
4400.000
6400.000
4400.000
6600.000
4800.000
3600.000
5400.000
3600.000
4600.000
6200.000
13600.000
13800.000
14400.000
13800.000
13800.000
12600.000
12200.000
13600.000
14400.000
10800.000
11200.000
11800.000
11600.000
11800.000
13200.000
10600.000
11000.000
11200.000
12200.000
12000.000
9600.000
10000.000
12000.000
12600.000
13600.000
12400.000
11600.000
12200.000
8800.000
10000.000
11800.000
8200.000
9800.000
11600.000
10400.000
13000.000
10800.000
11200.000
12600.000
13600.000
10800.000
12200.000
10600.000
12800.000
11000.000
8400.000
10800.000
9200.000
11400.000
13000.000
13600.000
12400.000
12200.000
12600.000
13000.000
13000.000
13400.000
15600.000
11000.000
11800.000
12000.000
12400.000
8200.000
13000.000
14200.000
11600.000
16400.000
12800.000
13800.000
12000.000
15200.000
13200.000
11600.000
11200.000
10600.000
11400.000
11800.000
10400.000
10800.000
9400.000
10400.000
13800.000
12600.000
13800.000
8800.000
11200.000
13800.000
10000.000
12000.000
10000.000
14400.000
10000.000
10800.000
12400.000
9800.000
13400.000
13800.000
11600.000
12600.000
10400.000
10400.000
9600.000
13000.000
12200.000
11600.000
10600.000
9200.000
10000.000
11400.000
8800.000
10200.000
11600.000
11200.000
9400.000
9600.000
10200.000
11000.000
10200.000
7200.000
9800.000
10800.000
8400.000
9400.000
13800.000
10000.000
9400.000
10800.000
10000.000
11400.000
8800.000
7800.000
8200.000
10600.000
9400.000
9800.000
8000.000
9400.000
7400.000
8400.000
7000.000
8400.000
7400.000
7800.000
6600.000
9200.000
8000.000
8400.000
10000.000
8400.000
8600.000
6600.000
6200.000
8600.000
7200.000
6200.000
6600.000
9000.000
7800.000
8600.000
8600.000
5400.000
7200.000
8600.000
9200.000
8800.000
6200.000
7800.000
9600.000
7200.000
4600.000
6200.000
6800.000
6400.000
8000.000
6000.000
7400.000
4400.000
5800.000
7800.000
7200.000
3800.000
3000.000
7000.000
7000.000
5600.000
4800.000
4000.000
5800.000
5800.000
4400.000
6200.000
5600.000
6200.000
7200.000
2600.000
5800.000
3400.000
3600.000
4200.000
3600.000
4400.000
13400.000
14400.000
15800.000
12400.000
14200.000
14400.000
12200.000
14600.000
13200.000
9400.000
11600.000
12400.000
13400.000
12600.000
10200.000
11000.000
10400.000
11200.000
7600.000
13000.000
10200.000
8800.000
9800.000
11200.000
15200.000
9200.000
11200.000
11000.000
12600.000
9800.000
11600.000
10800.000
10800.000
12800.000
13400.000
9200.000
12600.000
9400.000
10200.000
10600.000
12200.000
13400.000
13000.000
12400.000
10600.000
9800.000
9400.000
11400.000
12000.000
10800.000
9800.000
11400.000
13200.000
9600.000
11800.000
9600.000
11800.000
11400.000
9600.000
11200.000
12200.000
9600.000
10200.000
15600.000
13000.000
11000.000
12400.000
12400.000
14200.000
15600.000
11000.000
12000.000
12200.000
12000.000
14400.000
11800.000
12600.000
11400.000
9000.000
11200.000
12600.000
12600.000
12200.000
11600.000
11000.000
10000.000
10200.000
12200.000
12200.000
10200.000
10600.000
12000.000
9000.000
9400.000
9200.000
10600.000
12800.000
9800.000
13800.000
13000.000
9600.000
12800.000
11600.000
10000.000
9400.000
9400.000
10600.000
10400.000
8600.000
11000.000
9200.000
9200.000
10200.000
8800.000
9800.000
11200.000
9200.000
10800.000
9000.000
9200.000
10800.000
10800.000
8800.000
9600.000
9400.000
11800.000
9400.000
7600.000
7800.000
8200.000
11000.000
11800.000
10400.000
8000.000
7800.000
8800.000
10600.000
10000.000
10600.000
6800.000
8000.000
8400.000
8200.000
8000.000
6800.000
6600.000
7600.000
7200.000
8400.000
6400.000
8600.000
4600.000
9000.000
6200.000
6200.000
6800.000
6400.000
9400.000
9400.000
6800.000
8200.000
9400.000
9600.000
9200.000
8600.000
8200.000
9200.000
7400.000
7000.000
9600.000
7600.000
10000.000
6200.000
8600.000
4600.000
5800.000
5200.000
5800.000
6600.000
7600.000
7000.000
3200.000
4800.000
4200.000
6000.000
6200.000
7600.000
6800.000
5800.000
6200.000
4400.000
5800.000
5800.000
6800.000
5400.000
5000.000
3200.000
6000.000
4400.000
5800.000
6400.000
12400.000
13200.000
11800.000
12600.000
12800.000
11200.000
15200.000
9800.000
13600.000
12400.000
13200.000
11000.000
13200.000
9400.000
11800.000
13600.000
10400.000
10400.000
9200.000
12600.000
7600.000
11200.000
13400.000
13400.000
10000.000
10800.000
11200.000
11200.000
13200.000
10600.000
12600.000
11200.000
10800.000
10000.000
13200.000
12800.000
12000.000
9600.000
13000.000
11000.000
10000.000
13800.000
9800.000
8000.000
9000.000
9400.000
12600.000
12400.000
10200.000
10400.000
12000.000
9600.000
10400.000
12200.000
11200.000
12800.000
9800.000
13000.000
11600.000
15000.000
13200.000
11800.000
12000.000
13000.000
11400.000
10800.000
14200.000
12800.000
12600.000
12600.000
12400.000
12800.000
12000.000
12200.000
9400.000
13200.000
10400.000
11000.000
11800.000
11000.000
9800.000
8200.000
12600.000
9600.000
11400.000
11800.000
10800.000
8400.000
12200.000
13000.000
10400.000
10800.000
11200.000
11800.000
10200.000
10600.000
10000.000
9200.000
12400.000
10200.000
12600.000
10800.000
10200.000
8600.000
8600.000
9600.000
10200.000
13400.000
12400.000
9000.000
7400.000
11200.000
10600.000
9000.000
11000.000
9400.000
10000.000
7400.000
8200.000
8400.000
10600.000
10400.000
12200.000
12000.000
10200.000
9400.000
9000.000
10000.000
10600.000
11600.000
8800.000
9200.000
9800.000
8800.000
11400.000
11000.000
8200.000
6800.000
9200.000
8200.000
8400.000
6800.000
5000.000
7600.000
8200.000
8200.000
6200.000
7000.000
8400.000
11400.000
9000.000
8200.000
9200.000
9800.000
6800.000
8600.000
6600.000
6000.000
8200.000
7000.000
9400.000
7600.000
8200.000
7200.000
9800.000
9200.000
7400.000
11200.000
9600.000
7000.000
7000.000
5800.000
7000.000
7000.000
5600.000
7600.000
5800.000
6800.000
5200.000
7800.000
5600.000
6400.000
5800.000
4200.000
7400.000
4600.000
5600.000
5200.000
5400.000
4800.000
4200.000
5200.000
5000.000
4000.000
4600.000
4200.000
5000.000
6600.000
4000.000
5400.000
4800.000
11400.000
15400.000
14800.000
18800.000
12800.000
13800.000
11200.000
11200.000
15400.000
11600.000
11800.000
9800.000
12000.000
8800.000
10600.000
11600.000
10200.000
12600.000
7600.000
7200.000
11800.000
12800.000
9000.000
14000.000
15600.000
11600.000
9800.000
10600.000
9200.000
12200.000
11800.000
9800.000
9800.000
9000.000
10400.000
12200.000
11800.000
11600.000
8400.000
9600.000
12000.000
10400.000
9200.000
8400.000
10600.000
12200.000
12600.000
9800.000
10000.000
9200.000
11000.000
8200.000
12000.000
11200.000
12000.000
12800.000
12000.000
10400.000
14800.000
10400.000
12800.000
12600.000
11200.000
13600.000
10200.000
11800.000
12800.000
13800.000
13000.000
11200.000
13400.000
11600.000
8000.000
10400.000
11000.000
11400.000
10600.000
13600.000
9600.000
10600.000
11000.000
9000.000
10800.000
10200.000
9400.000
13400.000
10600.000
10600.000
12400.000
11200.000
9400.000
11600.000
14000.000
8800.000
11400.000
10400.000
11000.000
10200.000
11000.000
8000.000
11000.000
6400.000
10000.000
9600.000
10800.000
9000.000
9200.000
12400.000
13400.000
8800.000
9200.000
12400.000
9200.000
12200.000
9800.000
8600.000
11400.000
11000.000
8200.000
11200.000
10600.000
8600.000
11000.000
10200.000
10800.000
10600.000
7200.000
9600.000
10000.000
12200.000
8600.000
8000.000
11000.000
8400.000
9200.000
6600.000
8200.000
5000.000
9400.000
6000.000
6800.000
8800.000
4800.000
9000.000
7000.000
7800.000
7200.000
8000.000
9000.000
8400.000
9400.000
8200.000
6800.000
7600.000
8000.000
7800.000
7200.000
8400.000
9400.000
7800.000
6400.000
8600.000
9200.000
7000.000
10200.000
6400.000
9200.000
7600.000
9600.000
8200.000
6200.000
7400.000
6600.000
6000.000
6600.000
6400.000
5800.000
5600.000
3800.000
6400.000
4400.000
4400.000
4400.000
5400.000
4800.000
4600.000
5400.000
5000.000
6600.000
6000.000
5200.000
4000.000
5400.000
5600.000
5000.000
3400.000
3200.000
3400.000
4600.000
4400.000
4200.000
12400.000
11400.000
11000.000
14000.000
11000.000
9600.000
11800.000
11600.000
10000.000
8200.000
11800.000
11800.000
12600.000
10800.000
12400.000
11600.000
9800.000
9800.000
10600.000
11400.000
9800.000
8000.000
9200.000
9200.000
13600.000
8800.000
8600.000
10600.000
10000.000
11200.000
9400.000
12200.000
10200.000
10000.000
9800.000
11600.000
11000.000
11400.000
9800.000
11800.000
10800.000
9400.000
12800.000
11200.000
9400.000
13400.000
13600.000
11000.000
9200.000
11200.000
8600.000
11200.000
9400.000
9200.000
12400.000
14000.000
9200.000
12000.000
11600.000
10400.000
11400.000
11200.000
12400.000
13200.000
15600.000
12000.000
11200.000
9200.000
9400.000
11400.000
9400.000
9400.000
11600.000
10400.000
11000.000
10600.000
9800.000
11400.000
9600.000
10400.000
12400.000
9600.000
10400.000
10400.000
10000.000
9800.000
10800.000
9400.000
8600.000
9000.000
10200.000
9200.000
12000.000
10600.000
9000.000
10600.000
9200.000
11000.000
9600.000
9800.000
9800.000
12000.000
11000.000
12000.000
9400.000
8800.000
7800.000
10600.000
7200.000
8400.000
10400.000
10800.000
11200.000
9200.000
10200.000
10200.000
12800.000
8000.000
11200.000
8800.000
10600.000
13400.000
8200.000
10400.000
9800.000
8400.000
12000.000
11400.000
6600.000
8600.000
10000.000
7600.000
8800.000
8600.000
10000.000
11600.000
9200.000
7400.000
8200.000
8200.000
7600.000
7800.000
7400.000
8200.000
8000.000
6800.000
7000.000
6800.000
8000.000
5400.000
9600.000
7000.000
8800.000
8800.000
8600.000
8200.000
9000.000
9200.000
8000.000
8000.000
9600.000
9800.000
6400.000
7000.000
8000.000
6600.000
7000.000
7400.000
8400.000
7600.000
7200.000
6000.000
9600.000
5800.000
5800.000
4800.000
5400.000
5200.000
4600.000
5200.000
5600.000
4600.000
3800.000
4200.000
6000.000
5400.000
5200.000
5000.000
5600.000
5000.000
4800.000
3000.000
4400.000
6200.000
4200.000
4800.000
5000.000
4400.000
6000.000
3800.000
4000.000
11600.000
10400.000
12800.000
14600.000
14800.000
13200.000
13400.000
9600.000
9800.000
11000.000
12400.000
11600.000
9800.000
8400.000
12200.000
11600.000
12600.000
10200.000
10200.000
10200.000
12800.000
14200.000
10800.000
11400.000
10600.000
11600.000
11200.000
10200.000
13600.000
12600.000
8800.000
10200.000
10200.000
12000.000
12000.000
8000.000
9400.000
11800.000
11800.000
10200.000
9400.000
10000.000
12600.000
8800.000
10000.000
10600.000
12600.000
11800.000
10000.000
10400.000
11000.000
11200.000
9000.000
10200.000
11400.000
8600.000
12000.000
12600.000
11400.000
11400.000
10600.000
10200.000
12600.000
15200.000
11600.000
10200.000
9600.000
7800.000
11800.000
13400.000
11200.000
8400.000
9400.000
9000.000
9800.000
10600.000
11800.000
9400.000
12000.000
9600.000
9600.000
9400.000
9400.000
9400.000
11800.000
8400.000
11600.000
10600.000
11200.000
13200.000
10200.000
13000.000
9800.000
8000.000
6600.000
9600.000
13400.000
11800.000
7600.000
9000.000
11000.000
9400.000
9600.000
10000.000
9400.000
11000.000
9000.000
6800.000
8200.000
8200.000
8800.000
8000.000
9800.000
12000.000
8200.000
10200.000
7000.000
10600.000
10200.000
9600.000
10800.000
8800.000
9600.000
8800.000
9200.000
11600.000
9400.000
11800.000
8000.000
6800.000
8800.000
9600.000
8400.000
8200.000
8600.000
7000.000
7000.000
7600.000
8800.000
8800.000
7200.000
7600.000
8000.000
8600.000
7600.000
7800.000
6000.000
6200.000
7600.000
7800.000
6200.000
8800.000
6000.000
7200.000
8200.000
5000.000
7000.000
10600.000
7400.000
9200.000
6000.000
7000.000
6000.000
6800.000
6800.000
9200.000
9000.000
6800.000
7000.000
8200.000
6000.000
6400.000
8200.000
5400.000
6600.000
6000.000
5600.000
5200.000
6200.000
5800.000
6400.000
8400.000
4200.000
4600.000
4200.000
4600.000
4600.000
4800.000
6400.000
4400.000
4600.000
5000.000
5800.000
4400.000
4400.000
5200.000
2600.000
3800.000
6000.000
4600.000
4400.000
13000.000
14800.000
17400.000
11400.000
12000.000
15000.000
13600.000
10400.000
11600.000
9800.000
11600.000
12000.000
11200.000
9800.000
12800.000
11800.000
12400.000
8600.000
11800.000
12200.000
12000.000
14200.000
10600.000
11000.000
9600.000
9800.000
12800.000
11200.000
11200.000
9600.000
13000.000
8400.000
9400.000
11800.000
9400.000
12200.000
9400.000
10000.000
10400.000
9800.000
11600.000
12000.000
13000.000
10000.000
8800.000
11600.000
11600.000
9400.000
8400.000
9000.000
7200.000
9600.000
9600.000
11600.000
11000.000
9000.000
11400.000
10000.000
11200.000
10400.000
12800.000
10800.000
12400.000
10800.000
12400.000
10400.000
11400.000
9800.000
14400.000
10200.000
13200.000
14800.000
10200.000
11000.000
11800.000
8600.000
11600.000
11400.000
9200.000
9600.000
10800.000
9800.000
9400.000
10600.000
10800.000
8400.000
9600.000
8800.000
12200.000
9000.000
10800.000
10000.000
9800.000
9000.000
9400.000
9600.000
10400.000
9000.000
7800.000
12000.000
11800.000
12400.000
14000.000
11000.000
9800.000
8000.000
8000.000
11800.000
7800.000
8200.000
9000.000
8600.000
10000.000
9800.000
11400.000
12600.000
11000.000
9200.000
9000.000
7800.000
10200.000
10400.000
9000.000
6000.000
10000.000
8800.000
7000.000
8200.000
9800.000
5800.000
9400.000
8200.000
7800.000
9600.000
6800.000
8600.000
8600.000
7400.000
6800.000
7000.000
7600.000
6400.000
7000.000
6800.000
6400.000
8000.000
7000.000
4200.000
7000.000
7800.000
7000.000
5800.000
6800.000
7000.000
8000.000
7400.000
6800.000
6800.000
8200.000
8200.000
8200.000
6800.000
8200.000
9600.000
11400.000
7600.000
5600.000
6800.000
5000.000
9600.000
5400.000
7200.000
5800.000
6200.000
6000.000
4400.000
5400.000
5800.000
7400.000
7200.000
7000.000
4800.000
4600.000
4600.000
7400.000
3200.000
5200.000
4200.000
5800.000
6200.000
5000.000
5200.000
5800.000
4400.000
3200.000
5400.000
5000.000
5600.000
5200.000
6000.000
4400.000
12000.000
11400.000
13400.000
10600.000
12200.000
12200.000
9400.000
10400.000
11800.000
10000.000
12800.000
10800.000
12800.000
10800.000
13600.000
12600.000
11000.000
10800.000
12800.000
9600.000
11000.000
11200.000
12200.000
11400.000
11600.000
12000.000
10800.000
12000.000
13600.000
10200.000
10600.000
16200.000
14600.000
12200.000
11200.000
10000.000
10600.000
10600.000
11400.000
11000.000
9600.000
12400.000
8600.000
12600.000
10400.000
9600.000
8600.000
9400.000
12400.000
11000.000
11600.000
11200.000
8600.000
10200.000
8600.000
10600.000
12200.000
11600.000
11400.000
12400.000
11800.000
14600.000
11000.000
7800.000
11600.000
10800.000
8600.000
11800.000
12800.000
11000.000
10200.000
13800.000
12400.000
8600.000
10000.000
12600.000
12200.000
10800.000
8800.000
11800.000
10400.000
12400.000
10000.000
11600.000
12200.000
10000.000
10400.000
11600.000
11600.000
12000.000
11000.000
7800.000
11800.000
9400.000
8400.000
12800.000
9600.000
10000.000
9400.000
10800.000
7800.000
11400.000
11400.000
10800.000
8400.000
11200.000
9800.000
10600.000
9800.000
10200.000
10200.000
10800.000
9400.000
9800.000
11000.000
8600.000
8400.000
7400.000
11200.000
12000.000
9200.000
10400.000
9200.000
10000.000
7200.000
9800.000
8800.000
8400.000
6200.000
8800.000
9400.000
7200.000
8600.000
7400.000
5600.000
6800.000
8600.000
6200.000
7400.000
8800.000
9000.000
8400.000
7600.000
7800.000
7200.000
7200.000
8000.000
7600.000
6800.000
10000.000
7000.000
6800.000
6600.000
6600.000
8600.000
7800.000
7400.000
10800.000
8800.000
7600.000
10400.000
8000.000
7800.000
8000.000
8000.000
9000.000
8400.000
7200.000
7400.000
7600.000
5800.000
6800.000
7600.000
8400.000
7200.000
4800.000
5800.000
5000.000
6000.000
3600.000
6600.000
5800.000
3800.000
7200.000
7400.000
5200.000
5400.000
6400.000
6400.000
6600.000
4000.000
4600.000
4000.000
4000.000
3800.000
4000.000
4200.000
4400.000
5000.000
2000.000
5200.000
11000.000
15600.000
12200.000
11800.000
9800.000
7800.000
10400.000
12400.000
12600.000
10400.000
8800.000
11400.000
11600.000
10800.000
12400.000
12200.000
8200.000
8200.000
11000.000
10400.000
12200.000
10000.000
11000.000
13000.000
9600.000
13200.000
13000.000
13600.000
11000.000
11000.000
10400.000
12000.000
11600.000
10600.000
12400.000
9200.000
11000.000
11200.000
11200.000
11000.000
7800.000
11200.000
11400.000
10000.000
8800.000
8400.000
10200.000
9800.000
10800.000
9200.000
10000.000
10400.000
9200.000
10800.000
10600.000
12200.000
12200.000
10200.000
10000.000
8600.000
14400.000
10200.000
14400.000
11400.000
10000.000
10800.000
11200.000
13200.000
11600.000
10000.000
10400.000
12600.000
10800.000
9600.000
12400.000
10000.000
13000.000
9600.000
8000.000
11400.000
13000.000
11200.000
10000.000
9600.000
9000.000
11600.000
6600.000
8000.000
7800.000
10000.000
8200.000
9800.000
11200.000
11800.000
12600.000
11000.000
10400.000
9800.000
9400.000
9800.000
10200.000
10800.000
11400.000
9600.000
10200.000
10200.000
9800.000
9200.000
9000.000
10800.000
11600.000
12000.000
9000.000
10400.000
10600.000
10600.000
10200.000
10400.000
8000.000
9000.000
9600.000
9800.000
9600.000
8000.000
8000.000
9000.000
8800.000
12200.000
5800.000
9000.000
7800.000
9200.000
9200.000
7600.000
7400.000
9200.000
6400.000
7000.000
7400.000
6000.000
7800.000
5800.000
8600.000
9000.000
7000.000
10600.000
8000.000
7600.000
7000.000
6600.000
8600.000
10600.000
4600.000
7600.000
7400.000
9000.000
7000.000
7000.000
6800.000
8800.000
8200.000
11000.000
8200.000
7600.000
6200.000
8000.000
8000.000
7200.000
4600.000
6200.000
4600.000
5400.000
6200.000
5600.000
4800.000
8000.000
4600.000
6000.000
4400.000
5200.000
5400.000
4600.000
5800.000
6000.000
6200.000
6000.000
7000.000
5800.000
7000.000
3600.000
5600.000
4600.000
5600.000
6600.000
4400.000
5000.000
3400.000
5200.000
4400.000
5000.000
5800.000
10800.000
9200.000
12800.000
12200.000
14600.000
10800.000
10400.000
13000.000
11000.000
13200.000
10200.000
11600.000
10000.000
11400.000
10800.000
11600.000
12800.000
11400.000
10800.000
7600.000
12600.000
14600.000
12400.000
10600.000
9400.000
9400.000
13200.000
8600.000
9200.000
12400.000
11800.000
15000.000
10600.000
13400.000
9400.000
8000.000
12800.000
10200.000
8800.000
9600.000
10200.000
12400.000
12000.000
11200.000
11000.000
10400.000
11000.000
10600.000
11400.000
8400.000
9200.000
9800.000
10400.000
9800.000
10000.000
11800.000
10000.000
13200.000
12400.000
12200.000
12600.000
11600.000
10200.000
10600.000
10400.000
11200.000
9000.000
9400.000
9800.000
11800.000
11400.000
12200.000
12400.000
11400.000
9200.000
10800.000
12800.000
8400.000
11400.000
7000.000
9400.000
9800.000
11200.000
9200.000
13000.000
11400.000
12000.000
9000.000
9200.000
7600.000
9400.000
10200.000
11200.000
10600.000
8800.000
7800.000
9600.000
10600.000
10800.000
9400.000
8000.000
10400.000
11800.000
10200.000
10800.000
7600.000
11600.000
10400.000
8800.000
11000.000
8600.000
8200.000
9200.000
9600.000
8000.000
9600.000
8000.000
7800.000
8400.000
10400.000
8400.000
9600.000
9400.000
10400.000
9000.000
8200.000
6200.000
7400.000
8600.000
9400.000
7400.000
9200.000
7400.000
7000.000
5800.000
7800.000
7400.000
5800.000
7000.000
8600.000
6000.000
8200.000
5600.000
6800.000
9800.000
6600.000
6400.000
6800.000
9600.000
7600.000
7400.000
7600.000
8000.000
6600.000
8600.000
8000.000
7600.000
9600.000
10200.000
8400.000
10400.000
9200.000
8000.000
9600.000
5000.000
10000.000
7200.000
9000.000
7400.000
8400.000
7600.000
7800.000
6200.000
7200.000
4000.000
5800.000
6600.000
5400.000
5200.000
8000.000
8200.000
7800.000
5800.000
8000.000
9400.000
5600.000
5600.000
6800.000
5400.000
3400.000
4600.000
3600.000
5600.000
6200.000
3600.000
4000.000
4200.000
4600.000
6400.000
4600.000
4000.000
12400.000
11200.000
14400.000
9600.000
10000.000
11000.000
11000.000
11800.000
12200.000
11200.000
12000.000
7800.000
12400.000
11400.000
9600.000
13000.000
8800.000
10200.000
14000.000
10200.000
10000.000
9800.000
11200.000
10200.000
8400.000
8400.000
11200.000
12000.000
8200.000
7800.000
10800.000
12400.000
13600.000
12000.000
8200.000
9600.000
10200.000
9600.000
8400.000
8600.000
13400.000
9800.000
11800.000
11200.000
13800.000
9000.000
10400.000
9600.000
11800.000
9000.000
8600.000
9600.000
10400.000
10400.000
8600.000
9000.000
10200.000
11000.000
11800.000
11200.000
10400.000
13400.000
13200.000
12400.000
9600.000
11200.000
9200.000
10200.000
12800.000
13600.000
10800.000
11800.000
11400.000
9800.000
9600.000
9400.000
12000.000
9000.000
10600.000
10200.000
10600.000
10600.000
10000.000
10600.000
11200.000
10000.000
11800.000
10800.000
9200.000
9200.000
11600.000
6400.000
11400.000
8400.000
10200.000
8400.000
9400.000
7800.000
8400.000
10600.000
8600.000
9600.000
9600.000
11800.000
9600.000
8400.000
10400.000
11400.000
9400.000
7400.000
10200.000
10400.000
7600.000
10400.000
8000.000
6600.000
8000.000
10400.000
11400.000
8800.000
8800.000
9200.000
11000.000
10600.000
9800.000
8000.000
9000.000
8000.000
9200.000
7600.000
9200.000
5200.000
9200.000
7400.000
9400.000
8000.000
10200.000
10800.000
7600.000
6400.000
6600.000
7200.000
8200.000
6800.000
8400.000
6800.000
6200.000
5600.000
6600.000
7200.000
10200.000
8000.000
8200.000
8800.000
6800.000
8400.000
9000.000
8800.000
11000.000
7000.000
8200.000
4400.000
8200.000
7200.000
8000.000
8600.000
6200.000
8000.000
6400.000
5200.000
6000.000
6600.000
6200.000
6000.000
6800.000
5400.000
7200.000
5600.000
5000.000
5600.000
3200.000
5400.000
5600.000
5600.000
5000.000
7200.000
4400.000
5800.000
3600.000
5800.000
5800.000
3800.000
5400.000
3800.000
3600.000
5600.000
5000.000
4800.000
2600.000
5800.000
5200.000
11000.000
13200.000
12600.000
9800.000
14400.000
12800.000
9400.000
12200.000
9800.000
10000.000
9200.000
10200.000
9800.000
9600.000
9200.000
9600.000
10200.000
8400.000
11600.000
7400.000
11800.000
9400.000
12200.000
11400.000
11200.000
11600.000
11400.000
11800.000
10000.000
11200.000
10000.000
11600.000
12000.000
10000.000
9800.000
12600.000
9400.000
14200.000
9400.000
9600.000
12200.000
10000.000
10200.000
11600.000
11400.000
15000.000
9800.000
13000.000
11400.000
10800.000
10400.000
11600.000
10000.000
8400.000
11800.000
11200.000
11200.000
9200.000
9400.000
9600.000
11000.000
11800.000
10000.000
8000.000
10800.000
14200.000
11800.000
9800.000
9000.000
7000.000
10200.000
9800.000
8200.000
10400.000
12200.000
11800.000
9800.000
9200.000
11400.000
9200.000
9000.000
9000.000
8800.000
10000.000
9800.000
7400.000
9000.000
7800.000
9600.000
9200.000
8400.000
10000.000
8800.000
10600.000
7800.000
8600.000
8400.000
10400.000
11800.000
10000.000
10600.000
8600.000
10200.000
9600.000
9800.000
9200.000
8800.000
6000.000
9600.000
7400.000
8600.000
8200.000
10000.000
9400.000
8000.000
7200.000
7000.000
7000.000
8800.000
8600.000
7600.000
9600.000
7800.000
8200.000
6800.000
7800.000
9800.000
9200.000
9800.000
8400.000
7000.000
7800.000
9800.000
8200.000
6200.000
4800.000
6000.000
9800.000
7000.000
7000.000
7000.000
7000.000
8800.000
8600.000
7600.000
6800.000
6400.000
7000.000
7400.000
7400.000
7000.000
8000.000
6200.000
6800.000
9600.000
9200.000
7600.000
7800.000
8800.000
8200.000
9000.000
9800.000
8200.000
8800.000
8200.000
9000.000
6800.000
6600.000
8600.000
8600.000
7600.000
7400.000
6800.000
8400.000
4600.000
5200.000
5800.000
6200.000
8400.000
5800.000
4600.000
5600.000
7400.000
6200.000
5800.000
3400.000
6200.000
5600.000
5000.000
7800.000
3000.000
4000.000
7200.000
4800.000
4200.000
5200.000
5600.000
3400.000
4600.000
5000.000
4000.000
13000.000
9400.000
13400.000
12000.000
13600.000
12800.000
10400.000
14000.000
12200.000
11200.000
10200.000
10600.000
11400.000
11400.000
11200.000
10600.000
9400.000
12400.000
11000.000
9200.000
8600.000
11600.000
8000.000
10200.000
10800.000
8800.000
10400.000
10800.000
9400.000
11800.000
12400.000
12800.000
10600.000
10600.000
9600.000
10200.000
12600.000
10800.000
9600.000
11800.000
11800.000
10800.000
9200.000
10400.000
11200.000
9800.000
9400.000
11000.000
12200.000
10600.000
8600.000
12200.000
14200.000
9800.000
9800.000
9200.000
10800.000
9400.000
9600.000
13000.000
12200.000
10800.000
11600.000
11200.000
9600.000
13200.000
15400.000
14400.000
11000.000
13800.000
12000.000
11400.000
10200.000
11000.000
12800.000
10600.000
10600.000
10400.000
8800.000
8400.000
9600.000
10200.000
9000.000
8200.000
9800.000
7600.000
6600.000
7600.000
7000.000
10000.000
7400.000
9400.000
8400.000
7600.000
9000.000
8200.000
10400.000
10000.000
8400.000
8800.000
10800.000
10000.000
9000.000
8400.000
11600.000
8400.000
11400.000
9400.000
8200.000
7800.000
5200.000
7800.000
7200.000
8000.000
9800.000
11000.000
8600.000
9200.000
10600.000
9000.000
8000.000
6400.000
8600.000
6800.000
9200.000
6600.000
9800.000
7600.000
8800.000
6000.000
7600.000
8800.000
8200.000
9200.000
7800.000
7800.000
8200.000
7800.000
7600.000
6400.000
6600.000
6600.000
7000.000
7400.000
10800.000
9000.000
6200.000
5400.000
6200.000
8800.000
6800.000
7600.000
7400.000
7800.000
8200.000
6400.000
7600.000
6200.000
8400.000
8600.000
8200.000
9200.000
8200.000
7800.000
6000.000
10000.000
9400.000
6600.000
8200.000
7000.000
6000.000
8600.000
7000.000
5800.000
6800.000
6200.000
4200.000
7600.000
4800.000
6400.000
4000.000
5400.000
6200.000
5000.000
6000.000
6000.000
6400.000
4200.000
6600.000
5200.000
3600.000
5400.000
3800.000
4800.000
4400.000
4200.000
5800.000
4800.000
2800.000
3000.000
5400.000
13000.000
12200.000
11200.000
10200.000
9000.000
9800.000
10800.000
13600.000
12600.000
7600.000
9600.000
11000.000
12200.000
12200.000
10000.000
12800.000
11200.000
10600.000
11400.000
9000.000
10200.000
10800.000
11800.000
12600.000
9200.000
11400.000
8400.000
11600.000
10000.000
9800.000
13000.000
8600.000
10400.000
11000.000
11400.000
12800.000
11400.000
11800.000
11400.000
10200.000
10200.000
9600.000
12400.000
11000.000
11200.000
10800.000
13800.000
6000.000
10000.000
11400.000
11000.000
8200.000
10000.000
9200.000
10600.000
11800.000
14200.000
11200.000
8000.000
10200.000
13800.000
10200.000
11000.000
9000.000
13800.000
12200.000
13800.000
13400.000
12200.000
11000.000
10200.000
8400.000
11000.000
10200.000
13800.000
11200.000
10000.000
9400.000
9800.000
9600.000
9200.000
9200.000
11600.000
7800.000
10200.000
8200.000
9200.000
8000.000
8400.000
8600.000
11200.000
9000.000
8000.000
8200.000
10200.000
8800.000
12800.000
10200.000
8000.000
10600.000
8200.000
10000.000
10600.000
11600.000
10400.000
11000.000
8000.000
9600.000
11600.000
8200.000
9400.000
11000.000
7600.000
10400.000
11800.000
9800.000
8800.000
8200.000
9200.000
10200.000
9200.000
10400.000
11000.000
9600.000
8200.000
10800.000
11000.000
9600.000
8200.000
9800.000
6400.000
9200.000
8000.000
7400.000
8000.000
9800.000
8400.000
7400.000
10200.000
8000.000
8200.000
6000.000
7200.000
7600.000
8800.000
9200.000
7200.000
6400.000
10600.000
8400.000
8200.000
7000.000
7200.000
7200.000
8600.000
9000.000
5800.000
9400.000
7200.000
8000.000
9200.000
8600.000
6200.000
8200.000
8000.000
6600.000
9200.000
7400.000
6200.000
9600.000
8200.000
7400.000
5400.000
5600.000
4800.000
6400.000
5200.000
5600.000
6400.000
3800.000
5600.000
7800.000
4000.000
6000.000
5000.000
4800.000
5800.000
5800.000
6200.000
4000.000
4600.000
4600.000
3800.000
6200.000
4000.000
5400.000
3200.000
2800.000
4600.000
1800.000
3600.000
11000.000
10400.000
8600.000
11400.000
11000.000
10600.000
9800.000
12000.000
12400.000
9800.000
9200.000
8200.000
8600.000
10400.000
9400.000
8200.000
11000.000
12400.000
9800.000
11800.000
10400.000
11200.000
10400.000
11600.000
10800.000
7800.000
10400.000
10200.000
8400.000
12400.000
9800.000
11400.000
10800.000
14200.000
9400.000
7600.000
10600.000
10600.000
11000.000
10600.000
11000.000
13400.000
9800.000
9600.000
10600.000
11400.000
12200.000
10800.000
9600.000
11600.000
8200.000
9000.000
11000.000
7400.000
9400.000
10400.000
10000.000
9800.000
10400.000
10000.000
13400.000
10800.000
11800.000
11400.000
13400.000
13400.000
10800.000
13800.000
13800.000
13400.000
11000.000
13800.000
12000.000
8800.000
12200.000
9400.000
12800.000
11200.000
12800.000
10800.000
10200.000
7600.000
11200.000
9400.000
12200.000
9600.000
9800.000
10200.000
10000.000
9600.000
11000.000
11000.000
11000.000
10200.000
9000.000
9000.000
8200.000
9200.000
9400.000
9600.000
11000.000
8800.000
9800.000
8000.000
9400.000
9400.000
9400.000
9200.000
10200.000
11600.000
11400.000
8800.000
9200.000
8600.000
8200.000
10400.000
8200.000
6600.000
9000.000
8000.000
10000.000
6600.000
7400.000
9800.000
7400.000
8800.000
7600.000
9400.000
7600.000
8400.000
8400.000
10600.000
9800.000
9200.000
7800.000
8800.000
7800.000
9000.000
8000.000
6400.000
7200.000
7400.000
6800.000
9800.000
5600.000
7400.000
9000.000
7000.000
6600.000
5200.000
10600.000
5600.000
6200.000
6800.000
8600.000
9400.000
8000.000
7200.000
7800.000
9400.000
8600.000
7600.000
8600.000
7200.000
11800.000
8800.000
7600.000
8800.000
9200.000
8800.000
6800.000
8000.000
6600.000
5400.000
4600.000
7400.000
7200.000
6400.000
7400.000
6000.000
4000.000
7800.000
5000.000
3800.000
5800.000
5800.000
4400.000
8000.000
4800.000
4400.000
5400.000
5400.000
5800.000
4400.000
3800.000
5000.000
4600.000
3800.000
5600.000
4800.000
4400.000
11000.000
10200.000
11200.000
11000.000
12400.000
10400.000
11800.000
9800.000
13000.000
12400.000
12000.000
9000.000
12000.000
11400.000
12800.000
10000.000
14000.000
11600.000
11000.000
11600.000
10200.000
8800.000
11600.000
11200.000
11600.000
7400.000
8200.000
11000.000
11200.000
8400.000
12200.000
9800.000
10200.000
11000.000
10200.000
10000.000
13000.000
8800.000
9400.000
11400.000
13200.000
9000.000
9000.000
12400.000
12200.000
11000.000
7800.000
10000.000
11200.000
9200.000
12000.000
11600.000
12000.000
10600.000
11200.000
11600.000
12400.000
11800.000
11800.000
8400.000
11400.000
10200.000
13000.000
13000.000
13400.000
12200.000
12800.000
12200.000
12400.000
10200.000
9200.000
8800.000
8800.000
11400.000
9800.000
8800.000
10600.000
10800.000
11800.000
9400.000
10400.000
9400.000
9000.000
9000.000
10400.000
10000.000
10400.000
9000.000
10600.000
10600.000
8600.000
10000.000
9800.000
10600.000
10800.000
11800.000
7200.000
5600.000
6600.000
11800.000
10200.000
8200.000
8000.000
10200.000
12200.000
7800.000
9800.000
10800.000
6800.000
9600.000
9000.000
9400.000
7800.000
10600.000
10800.000
9200.000
9200.000
6800.000
8600.000
11000.000
6800.000
9600.000
8600.000
8800.000
10200.000
5800.000
8000.000
8600.000
6600.000
7800.000
8800.000
6200.000
10200.000
8600.000
8400.000
9000.000
7200.000
9200.000
6000.000
6800.000
8600.000
8000.000
6600.000
6400.000
7200.000
9200.000
7000.000
7000.000
6200.000
8600.000
6400.000
8600.000
7200.000
6000.000
6800.000
5800.000
8400.000
7400.000
7800.000
10200.000
9200.000
8600.000
7800.000
8000.000
7600.000
9200.000
8600.000
7000.000
7800.000
9600.000
7200.000
6800.000
9200.000
5200.000
8400.000
7000.000
6600.000
6800.000
4600.000
5200.000
4400.000
5600.000
4800.000
6200.000
6400.000
5000.000
3600.000
4400.000
6400.000
4600.000
5800.000
5200.000
4800.000
4600.000
5000.000
7400.000
2200.000
3400.000
4000.000
4000.000
4800.000
12000.000
12000.000
11400.000
11600.000
11000.000
11400.000
11600.000
9800.000
10200.000
12000.000
11400.000
10800.000
10200.000
10600.000
13000.000
9000.000
16600.000
11000.000
12400.000
12200.000
12400.000
9200.000
9000.000
8600.000
9600.000
7200.000
9600.000
11000.000
8200.000
7200.000
10400.000
10800.000
11400.000
10000.000
9600.000
8000.000
9400.000
11200.000
10400.000
9600.000
12400.000
10200.000
10600.000
13400.000
10200.000
8800.000
10800.000
11400.000
10000.000
11400.000
10600.000
10200.000
12000.000
11400.000
11200.000
8800.000
13000.000
10400.000
11400.000
11400.000
11600.000
8800.000
9600.000
13000.000
13200.000
11600.000
14000.000
11800.000
9400.000
9400.000
10800.000
10400.000
12000.000
8800.000
8600.000
8200.000
8800.000
10200.000
10200.000
9200.000
9800.000
7800.000
9800.000
11600.000
9400.000
12400.000
11000.000
9600.000
10000.000
8400.000
9800.000
11600.000
7200.000
9200.000
9800.000
10400.000
11000.000
8600.000
8400.000
9200.000
9000.000
6800.000
9800.000
9800.000
8400.000
8400.000
9400.000
8600.000
8600.000
9200.000
7600.000
6000.000
8000.000
10400.000
9400.000
10800.000
8600.000
7400.000
9400.000
9000.000
8600.000
9800.000
7000.000
9600.000
9000.000
8000.000
10600.000
9800.000
9800.000
9200.000
8000.000
9400.000
10600.000
9400.000
6800.000
8800.000
7800.000
6400.000
6200.000
5600.000
7000.000
8000.000
7800.000
6600.000
7800.000
7200.000
5800.000
10600.000
7200.000
7200.000
8600.000
6000.000
10400.000
7400.000
9000.000
6600.000
7400.000
9800.000
6800.000
11800.000
8000.000
7800.000
10000.000
10000.000
11600.000
7000.000
7000.000
6000.000
7600.000
5600.000
10200.000
6400.000
5400.000
7200.000
7800.000
8200.000
7600.000
5600.000
6400.000
5000.000
5800.000
4400.000
4800.000
6000.000
4200.000
5000.000
6600.000
6000.000
5200.000
2800.000
4800.000
6200.000
3000.000
3200.000
5200.000
3800.000
4200.000
3400.000
3200.000
3200.000
3200.000
10600.000
11000.000
11800.000
13000.000
11000.000
11800.000
12400.000
16200.000
10000.000
11600.000
10000.000
9600.000
11200.000
9000.000
14200.000
10800.000
14200.000
13400.000
10600.000
10600.000
12000.000
10400.000
11400.000
8600.000
7600.000
8800.000
9000.000
11600.000
12200.000
9200.000
12200.000
9800.000
12600.000
12000.000
9400.000
9600.000
10800.000
11400.000
10400.000
10600.000
10600.000
8400.000
12400.000
11600.000
11400.000
6200.000
10800.000
9600.000
7800.000
13200.000
7600.000
11200.000
13000.000
9200.000
9400.000
11800.000
13200.000
12600.000
9600.000
10200.000
9200.000
11600.000
10800.000
10400.000
9200.000
9000.000
11000.000
11600.000
9600.000
11200.000
13000.000
10000.000
8600.000
10800.000
11400.000
13800.000
9800.000
11200.000
10000.000
9800.000
10000.000
6400.000
6600.000
8800.000
9000.000
9400.000
10200.000
11400.000
9400.000
8400.000
10400.000
10000.000
9400.000
11000.000
11200.000
11400.000
9800.000
11400.000
7000.000
10200.000
10400.000
10000.000
10000.000
10000.000
8800.000
14000.000
9400.000
12200.000
9600.000
8600.000
8400.000
10200.000
9800.000
7000.000
9600.000
12800.000
11400.000
10600.000
10400.000
8000.000
8000.000
9200.000
8600.000
8800.000
8800.000
9200.000
6400.000
9800.000
9200.000
9800.000
7600.000
9400.000
9200.000
8800.000
5800.000
7200.000
8000.000
8800.000
9200.000
8200.000
5000.000
8600.000
7400.000
7200.000
8600.000
5000.000
7000.000
8400.000
8200.000
6200.000
8800.000
6400.000
6800.000
6000.000
8600.000
9200.000
7000.000
8600.000
9600.000
5400.000
8400.000
7600.000
8200.000
9200.000
8000.000
7800.000
8200.000
9200.000
6400.000
6800.000
7200.000
5000.000
4600.000
6400.000
5800.000
5800.000
5200.000
5400.000
7200.000
5000.000
6800.000
5200.000
4400.000
5400.000
4200.000
5200.000
3800.000
5800.000
7000.000
4600.000
5600.000
4800.000
5000.000
5600.000
4800.000
4200.000
2800.000
4400.000
3800.000
5000.000
4400.000
12000.000
11200.000
10800.000
10600.000
10600.000
10800.000
8600.000
13000.000
9000.000
10600.000
12400.000
10200.000
11000.000
11200.000
13800.000
11600.000
11000.000
13200.000
14200.000
10200.000
9800.000
12200.000
6600.000
8200.000
8200.000
9600.000
12400.000
13800.000
12400.000
10200.000
11800.000
9800.000
10600.000
6600.000
10800.000
7000.000
8600.000
11400.000
7200.000
10000.000
8800.000
10000.000
8800.000
10200.000
5800.000
10800.000
7800.000
9600.000
8800.000
9400.000
7800.000
9200.000
11400.000
10600.000
9000.000
8800.000
9400.000
11400.000
10000.000
11200.000
11400.000
8800.000
9400.000
11000.000
13000.000
13400.000
8400.000
11000.000
11600.000
9200.000
9800.000
12400.000
9800.000
9000.000
7800.000
11400.000
10200.000
10600.000
9600.000
9200.000
11200.000
8400.000
9200.000
10800.000
8000.000
9200.000
10000.000
8000.000
9200.000
6400.000
6600.000
10200.000
9000.000
10000.000
10400.000
10600.000
9600.000
11600.000
7200.000
10000.000
8200.000
10400.000
7800.000
7800.000
10800.000
11600.000
7600.000
7600.000
8600.000
10600.000
9800.000
6600.000
7200.000
7000.000
8800.000
9600.000
9000.000
10000.000
9600.000
6800.000
10800.000
7600.000
5600.000
10200.000
7400.000
8200.000
8000.000
6600.000
6000.000
10000.000
7000.000
6800.000
7600.000
8400.000
9000.000
11200.000
8000.000
8000.000
7400.000
8000.000
5800.000
5400.000
8400.000
9000.000
8200.000
8400.000
8600.000
7800.000
6200.000
7400.000
6600.000
5600.000
7400.000
9000.000
8400.000
6200.000
8200.000
7400.000
5600.000
9800.000
7200.000
7200.000
6400.000
7000.000
8600.000
10200.000
6400.000
8200.000
9000.000
9600.000
7600.000
5600.000
7800.000
5400.000
5200.000
6800.000
7600.000
6400.000
6200.000
7200.000
5800.000
5000.000
6000.000
4600.000
4800.000
5800.000
4600.000
6600.000
5600.000
5000.000
6000.000
3400.000
4000.000
4600.000
5200.000
2600.000
4600.000
4200.000
3200.000
4400.000
3800.000
10400.000
13800.000
11200.000
12600.000
10600.000
10400.000
10800.000
11400.000
10600.000
10000.000
9600.000
8800.000
10400.000
10000.000
10600.000
10800.000
10000.000
10800.000
11000.000
9200.000
10400.000
9400.000
9400.000
8800.000
9600.000
8600.000
9600.000
9200.000
14000.000
9600.000
7000.000
11600.000
12200.000
11600.000
10800.000
11000.000
12000.000
11600.000
9600.000
10600.000
9600.000
11200.000
9600.000
10400.000
11800.000
14200.000
11600.000
10400.000
12400.000
11800.000
10200.000
11600.000
9200.000
13600.000
10800.000
10600.000
11000.000
8400.000
8800.000
10200.000
7000.000
8400.000
9600.000
10800.000
9000.000
8800.000
12000.000
10000.000
8200.000
9800.000
13600.000
10000.000
10200.000
10400.000
12000.000
9800.000
12000.000
8800.000
10400.000
10400.000
10600.000
9400.000
10200.000
10000.000
11200.000
6000.000
9200.000
11600.000
13200.000
9600.000
8400.000
8600.000
9200.000
8000.000
9600.000
7000.000
10600.000
9000.000
8400.000
6400.000
9800.000
14400.000
11400.000
9600.000
5400.000
8800.000
8000.000
6400.000
8200.000
9200.000
10000.000
7600.000
8200.000
7000.000
8000.000
7600.000
8200.000
10200.000
7000.000
7800.000
6800.000
8800.000
8400.000
9400.000
7000.000
6800.000
7800.000
8600.000
8200.000
10600.000
8800.000
8600.000
7600.000
8400.000
9400.000
10000.000
8400.000
10200.000
7800.000
7600.000
7000.000
6400.000
7600.000
7600.000
8000.000
6400.000
8800.000
6200.000
8400.000
9800.000
6400.000
10200.000
8400.000
7800.000
8800.000
9000.000
6200.000
7400.000
9200.000
9000.000
8400.000
9800.000
6200.000
8000.000
6600.000
7800.000
6200.000
8400.000
6400.000
8600.000
7400.000
6400.000
7400.000
5600.000
5800.000
6200.000
5200.000
9000.000
9000.000
6800.000
4600.000
6600.000
6600.000
5800.000
6600.000
4200.000
8000.000
6000.000
5400.000
4800.000
6000.000
5000.000
3600.000
4600.000
4600.000
5000.000
4600.000
3600.000
3000.000
2600.000
6200.000
14000.000
14600.000
13800.000
14600.000
9000.000
13000.000
15000.000
10800.000
10000.000
8000.000
10200.000
11800.000
12800.000
11600.000
12600.000
13800.000
10000.000
9800.000
9400.000
10400.000
8600.000
12200.000
7200.000
9400.000
12000.000
10600.000
10600.000
12000.000
11800.000
13200.000
12400.000
13800.000
9200.000
10400.000
11000.000
11200.000
10400.000
12000.000
8600.000
11000.000
12800.000
12000.000
9800.000
9400.000
9200.000
11200.000
7600.000
9400.000
9400.000
11800.000
9400.000
6800.000
11800.000
12800.000
12600.000
10200.000
9600.000
10800.000
10600.000
10000.000
11400.000
10200.000
9800.000
10200.000
10400.000
10000.000
9800.000
13000.000
11000.000
10400.000
12600.000
11800.000
8800.000
12000.000
12400.000
10400.000
11800.000
11800.000
10000.000
7200.000
12400.000
12800.000
14400.000
10000.000
9400.000
9800.000
12000.000
10000.000
9600.000
12800.000
12200.000
11000.000
11200.000
11000.000
6200.000
7200.000
6400.000
8000.000
11600.000
9600.000
8600.000
8400.000
7800.000
11800.000
9600.000
8200.000
7600.000
6000.000
6400.000
7800.000
7400.000
10000.000
8600.000
7600.000
8800.000
8600.000
9400.000
10800.000
9000.000
14000.000
9800.000
8800.000
9200.000
9400.000
9000.000
11400.000
8400.000
8600.000
8000.000
8000.000
10400.000
10000.000
10000.000
10800.000
8600.000
6600.000
7800.000
8600.000
6800.000
7000.000
9200.000
8800.000
7400.000
6000.000
9000.000
7600.000
7800.000
9000.000
10000.000
7600.000
7400.000
10200.000
8600.000
9800.000
8600.000
7000.000
8600.000
9800.000
8800.000
8600.000
7600.000
6600.000
7000.000
6800.000
7400.000
7000.000
8600.000
7200.000
6800.000
5200.000
9200.000
5400.000
6200.000
6800.000
6600.000
4200.000
7600.000
3400.000
4600.000
7800.000
7600.000
5600.000
5000.000
7200.000
5600.000
7200.000
6600.000
6400.000
5000.000
6200.000
5600.000
3600.000
4400.000
4400.000
4400.000
2800.000
5400.000
3200.000
3400.000
4400.000
4400.000
12800.000
10400.000
8800.000
11400.000
10800.000
9600.000
9400.000
10400.000
10800.000
10400.000
10200.000
12200.000
8400.000
13800.000
11000.000
11600.000
9600.000
10600.000
9600.000
11000.000
9200.000
9600.000
9400.000
8800.000
9600.000
12600.000
10200.000
11000.000
9800.000
11000.000
10400.000
12400.000
8400.000
9600.000
10800.000
10400.000
8800.000
7000.000
8600.000
13200.000
12000.000
11800.000
9600.000
11000.000
9800.000
10200.000
10800.000
12200.000
9600.000
9000.000
11400.000
9000.000
13200.000
10400.000
9000.000
10200.000
8800.000
11400.000
13800.000
12600.000
12200.000
10600.000
11400.000
12000.000
14400.000
13800.000
13000.000
11600.000
12400.000
10600.000
11200.000
10600.000
10200.000
8800.000
8800.000
12600.000
11200.000
10800.000
9000.000
11600.000
11800.000
10800.000
10600.000
9200.000
10800.000
13000.000
9400.000
11200.000
10200.000
7600.000
9600.000
8600.000
8800.000
9000.000
8000.000
9200.000
7600.000
10200.000
10600.000
6400.000
8800.000
9200.000
7000.000
10200.000
8400.000
9400.000
9600.000
10600.000
10600.000
9000.000
8400.000
11000.000
9200.000
10000.000
10600.000
8800.000
10800.000
9400.000
10600.000
7600.000
7800.000
9400.000
10200.000
7800.000
10400.000
12400.000
11000.000
9400.000
9400.000
8600.000
13800.000
8200.000
9400.000
7800.000
10400.000
9200.000
10600.000
7800.000
7400.000
8800.000
6600.000
9200.000
8000.000
6200.000
7200.000
8600.000
6600.000
8800.000
9400.000
7600.000
8800.000
7200.000
9200.000
11400.000
7000.000
8600.000
11200.000
10200.000
7000.000
7600.000
7600.000
7000.000
8200.000
9600.000
8200.000
7000.000
8600.000
10200.000
5800.000
7200.000
9400.000
6600.000
7200.000
9000.000
4600.000
4600.000
5200.000
7000.000
6000.000
7600.000
6800.000
4600.000
6000.000
6200.000
6000.000
4800.000
6400.000
5800.000
5200.000
6600.000
6800.000
5200.000
5600.000
4600.000
6400.000
4800.000
4600.000
4200.000
3400.000
4200.000
4200.000
11000.000
11200.000
16600.000
12400.000
10200.000
9600.000
9800.000
10600.000
12800.000
12400.000
11000.000
13200.000
11200.000
11800.000
10600.000
10600.000
11400.000
10200.000
7400.000
9600.000
12200.000
9800.000
7600.000
12600.000
10600.000
8400.000
9200.000
10400.000
8800.000
9600.000
13400.000
7800.000
11200.000
9000.000
10200.000
8200.000
9800.000
10000.000
9000.000
9600.000
8200.000
11000.000
8600.000
9800.000
11200.000
10800.000
9400.000
9000.000
10000.000
11000.000
9800.000
10800.000
7400.000
8200.000
11600.000
10400.000
11200.000
11400.000
8800.000
10000.000
12000.000
11400.000
10600.000
11400.000
11400.000
8600.000
7600.000
10600.000
9200.000
9600.000
11000.000
10800.000
10200.000
11600.000
10400.000
11600.000
8800.000
8400.000
10800.000
10000.000
9400.000
9600.000
10400.000
9200.000
10200.000
9000.000
10400.000
10600.000
9200.000
11600.000
13200.000
9000.000
7800.000
8800.000
9800.000
7600.000
9200.000
8400.000
11200.000
7800.000
8800.000
11400.000
8400.000
8400.000
9800.000
10000.000
9800.000
7800.000
8800.000
10200.000
8200.000
8800.000
9600.000
11400.000
9000.000
7800.000
9200.000
11800.000
9000.000
12600.000
7200.000
8800.000
11000.000
8600.000
7000.000
8200.000
8800.000
10000.000
11800.000
12000.000
8600.000
8000.000
10400.000
9200.000
8200.000
9600.000
8400.000
9000.000
8400.000
6400.000
9800.000
6600.000
7200.000
6600.000
9000.000
9000.000
7400.000
7600.000
7000.000
9600.000
9800.000
5600.000
9200.000
6600.000
8800.000
4800.000
8200.000
7200.000
8000.000
8400.000
8200.000
7600.000
7800.000
7400.000
7800.000
7400.000
8400.000
8800.000
6600.000
7800.000
7200.000
3800.000
7400.000
8200.000
6800.000
8000.000
6000.000
6400.000
6000.000
5400.000
6800.000
7000.000
7400.000
7800.000
6000.000
6600.000
6000.000
5600.000
6200.000
5600.000
5800.000
3600.000
4600.000
5200.000
4800.000
6600.000
6200.000
4400.000
3000.000
4400.000
3000.000
10200.000
12600.000
9400.000
8800.000
8600.000
11000.000
10000.000
10800.000
12200.000
10800.000
11400.000
8600.000
10800.000
10400.000
13400.000
7400.000
9000.000
8600.000
10600.000
11200.000
9600.000
8800.000
9800.000
11000.000
10000.000
7800.000
7600.000
12800.000
12600.000
11800.000
11200.000
9600.000
11000.000
11400.000
10600.000
13800.000
12800.000
8000.000
9400.000
10600.000
11000.000
9600.000
9200.000
10400.000
11200.000
10200.000
12200.000
9800.000
8600.000
9800.000
9600.000
8800.000
10800.000
12000.000
10000.000
8600.000
9000.000
9800.000
11000.000
10400.000
11200.000
9400.000
11600.000
10600.000
12200.000
9200.000
12000.000
9600.000
7600.000
10200.000
10600.000
12600.000
8600.000
10600.000
11000.000
11000.000
11800.000
10200.000
9400.000
10200.000
10800.000
9800.000
12800.000
9800.000
8200.000
8400.000
9000.000
10600.000
9800.000
9000.000
9400.000
10000.000
10400.000
11200.000
10000.000
8600.000
8000.000
9400.000
8400.000
9600.000
10000.000
9000.000
8200.000
7200.000
8000.000
6600.000
12000.000
9800.000
9600.000
10400.000
9000.000
10200.000
8400.000
9000.000
8800.000
7600.000
9200.000
10200.000
8800.000
9600.000
7800.000
12000.000
8800.000
10200.000
8400.000
8200.000
7400.000
9600.000
8800.000
8800.000
10000.000
9600.000
10200.000
9800.000
6000.000
9400.000
9000.000
8200.000
9600.000
9800.000
8800.000
7200.000
8200.000
6800.000
7400.000
7400.000
9400.000
8600.000
9000.000
9000.000
8000.000
6200.000
8400.000
9000.000
9000.000
7000.000
7600.000
8600.000
7600.000
9800.000
7400.000
8000.000
7800.000
8600.000
8000.000
5800.000
5800.000
6800.000
6400.000
5000.000
7600.000
4800.000
8000.000
9000.000
7600.000
6200.000
6800.000
7200.000
7600.000
6200.000
9200.000
5200.000
8400.000
6400.000
7400.000
6600.000
5600.000
3800.000
4400.000
6600.000
4000.000
3600.000
3800.000
4800.000
4600.000
3600.000
3400.000
4400.000
3000.000
4400.000
5800.000
11000.000
10000.000
12600.000
11400.000
10000.000
12400.000
10400.000
12000.000
10400.000
9400.000
9600.000
9200.000
10000.000
7800.000
11000.000
9200.000
11000.000
8400.000
9200.000
12800.000
8200.000
10800.000
10800.000
10200.000
12800.000
10200.000
10400.000
10000.000
9200.000
9200.000
10400.000
10800.000
11200.000
9600.000
10800.000
10000.000
8800.000
9600.000
11000.000
10200.000
11400.000
12600.000
9800.000
9600.000
10200.000
11200.000
11200.000
8600.000
10800.000
9800.000
10800.000
10600.000
11600.000
9200.000
9400.000
8200.000
9000.000
9400.000
12800.000
9800.000
11600.000
10800.000
7800.000
9800.000
11600.000
7800.000
9800.000
10400.000
9000.000
11400.000
10200.000
9200.000
10600.000
10600.000
11800.000
11000.000
9800.000
9400.000
9200.000
10800.000
10400.000
12600.000
10200.000
11200.000
10800.000
10400.000
11200.000
10000.000
9400.000
8800.000
8400.000
8800.000
12400.000
7400.000
9400.000
9800.000
11400.000
7800.000
8800.000
9600.000
8000.000
8400.000
8600.000
11600.000
11400.000
11400.000
11000.000
11400.000
8200.000
12600.000
10600.000
12200.000
10200.000
11000.000
8800.000
11200.000
7800.000
8000.000
8200.000
9600.000
11200.000
7200.000
10400.000
10600.000
9000.000
11000.000
10400.000
11600.000
11800.000
10000.000
11800.000
12000.000
11800.000
8600.000
8600.000
8800.000
9000.000
9600.000
7400.000
10200.000
10800.000
8800.000
10600.000
7200.000
9200.000
5600.000
7600.000
7200.000
6800.000
8000.000
7000.000
10400.000
9600.000
8000.000
6400.000
8200.000
6200.000
7200.000
6800.000
8200.000
6800.000
5000.000
10800.000
6600.000
9800.000
7000.000
6600.000
9200.000
5800.000
8000.000
6400.000
7600.000
4800.000
7000.000
4400.000
5800.000
5600.000
7000.000
7400.000
8000.000
7800.000
6000.000
5000.000
7000.000
6800.000
6200.000
4200.000
5400.000
5000.000
6800.000
6000.000
6000.000
5200.000
7200.000
5000.000
3400.000
5200.000
6200.000
4000.000
4600.000
3800.000
9600.000
12000.000
10800.000
9600.000
9800.000
14000.000
11000.000
10000.000
10200.000
11400.000
9800.000
10200.000
10400.000
11600.000
7800.000
12600.000
12200.000
10000.000
9400.000
9800.000
8600.000
8000.000
8600.000
11200.000
13000.000
11000.000
13200.000
11600.000
11400.000
11400.000
11800.000
12600.000
9800.000
10000.000
11400.000
12600.000
11000.000
9000.000
12200.000
11800.000
12600.000
11000.000
10400.000
11000.000
9400.000
9800.000
10200.000
9800.000
11600.000
9400.000
8800.000
10000.000
11400.000
13000.000
9800.000
10800.000
10800.000
9800.000
8400.000
10200.000
9400.000
9800.000
9000.000
10400.000
9000.000
9000.000
10400.000
11400.000
12600.000
10200.000
11800.000
10600.000
10600.000
10200.000
12000.000
13600.000
11400.000
12800.000
9800.000
11000.000
9200.000
11000.000
11800.000
10000.000
11600.000
7800.000
10800.000
9000.000
10400.000
7600.000
9000.000
10000.000
10400.000
8200.000
7000.000
8800.000
11200.000
11000.000
9600.000
9600.000
9200.000
10200.000
10000.000
9600.000
7400.000
9400.000
10200.000
7200.000
8800.000
12000.000
12400.000
8800.000
9200.000
9400.000
8600.000
8200.000
9400.000
8800.000
10000.000
8800.000
8800.000
10800.000
12400.000
8400.000
9600.000
8400.000
9000.000
9200.000
10000.000
7800.000
8200.000
12000.000
11200.000
9200.000
10400.000
10800.000
8600.000
10800.000
9400.000
8000.000
8400.000
6200.000
8600.000
8200.000
11000.000
5800.000
8000.000
10000.000
9400.000
7800.000
10200.000
9000.000
8800.000
7600.000
7000.000
5800.000
9800.000
8200.000
8000.000
8000.000
8600.000
8000.000
8400.000
8800.000
8200.000
7800.000
8000.000
7000.000
7600.000
6400.000
6000.000
7200.000
8400.000
5600.000
5800.000
6400.000
6200.000
6200.000
6600.000
6200.000
6800.000
5400.000
5800.000
5600.000
7800.000
7400.000
3600.000
6600.000
5200.000
5000.000
5000.000
4000.000
5400.000
4600.000
5000.000
4600.000
4800.000
4800.000
5600.000
2800.000
4200.000
10600.000
10200.000
10400.000
9800.000
9400.000
11600.000
12000.000
10400.000
11000.000
11200.000
9600.000
8400.000
10600.000
8400.000
12600.000
8800.000
12400.000
13400.000
9200.000
10800.000
10800.000
12200.000
9000.000
9800.000
10600.000
14200.000
10400.000
11000.000
11200.000
10000.000
10200.000
11800.000
10600.000
9600.000
10000.000
12000.000
9600.000
10600.000
9400.000
10000.000
10400.000
8600.000
11200.000
11200.000
11800.000
11200.000
12000.000
9000.000
12200.000
10800.000
11600.000
9200.000
14200.000
14600.000
13800.000
9200.000
11600.000
9200.000
8800.000
11000.000
8600.000
9600.000
9800.000
15400.000
9800.000
12400.000
9400.000
11200.000
9200.000
9600.000
13400.000
10400.000
9400.000
9000.000
8800.000
9800.000
11000.000
10800.000
11000.000
11200.000
8400.000
7600.000
8400.000
10400.000
13000.000
10800.000
9800.000
8800.000
12000.000
11200.000
8000.000
11400.000
8000.000
10000.000
8400.000
8600.000
9600.000
10800.000
8800.000
9000.000
8000.000
8600.000
9800.000
10600.000
10000.000
9800.000
10800.000
9000.000
10200.000
13400.000
12000.000
8400.000
8200.000
9000.000
8000.000
5400.000
11600.000
12000.000
8400.000
8800.000
9000.000
10000.000
9000.000
8600.000
13000.000
9000.000
9800.000
6400.000
12200.000
10000.000
10200.000
7800.000
10600.000
7800.000
5400.000
9400.000
7000.000
7600.000
8000.000
6000.000
9000.000
8200.000
8800.000
8800.000
6600.000
8000.000
8000.000
6000.000
7200.000
5800.000
8400.000
9600.000
9400.000
9200.000
7200.000
8600.000
7200.000
6600.000
7000.000
8000.000
9600.000
7600.000
7400.000
6200.000
8400.000
8800.000
6400.000
9200.000
6800.000
9600.000
8400.000
8200.000
6200.000
3600.000
8400.000
7400.000
6400.000
4800.000
6800.000
7400.000
6200.000
6000.000
6000.000
6400.000
7400.000
7400.000
3800.000
5400.000
5600.000
5000.000
4400.000
4800.000
6000.000
6000.000
5000.000
4400.000
3800.000
4400.000
6400.000
2800.000
4200.000
8800.000
10800.000
12400.000
11200.000
11800.000
8200.000
9600.000
13600.000
10400.000
11200.000
9400.000
11400.000
9400.000
9600.000
9600.000
10400.000
9000.000
10800.000
10400.000
9600.000
10200.000
9400.000
10600.000
11400.000
10800.000
9800.000
9600.000
6600.000
10400.000
10200.000
11400.000
10600.000
13600.000
12600.000
9400.000
10800.000
12400.000
9200.000
9600.000
9600.000
10400.000
10600.000
10600.000
9600.000
10800.000
10800.000
13000.000
13000.000
8400.000
10000.000
12600.000
11200.000
13600.000
9400.000
11800.000
9400.000
10800.000
12600.000
10400.000
11600.000
12200.000
9600.000
14000.000
11200.000
10000.000
10800.000
9600.000
10600.000
8400.000
10000.000
9600.000
12400.000
8800.000
12200.000
13600.000
12200.000
12000.000
9400.000
11200.000
10000.000
8400.000
12400.000
8200.000
11200.000
10600.000
12600.000
11200.000
10000.000
13400.000
11600.000
8800.000
11400.000
7000.000
8000.000
8600.000
7400.000
8400.000
9400.000
9200.000
10000.000
7600.000
6800.000
7800.000
11200.000
10000.000
10200.000
9400.000
8400.000
7200.000
10800.000
10800.000
11200.000
10400.000
10200.000
7800.000
7600.000
11200.000
9200.000
8400.000
7000.000
9400.000
11800.000
9400.000
12000.000
10400.000
8800.000
12200.000
6400.000
9200.000
8200.000
7000.000
8800.000
10800.000
8000.000
5200.000
9600.000
10600.000
8800.000
8000.000
8800.000
8600.000
9400.000
7800.000
10000.000
9200.000
8400.000
8200.000
7800.000
9200.000
8400.000
8200.000
8000.000
7000.000
8000.000
10600.000
6400.000
7400.000
6600.000
9800.000
10200.000
7200.000
7800.000
7600.000
5600.000
7200.000
7800.000
5400.000
6800.000
7800.000
6200.000
6600.000
6600.000
6600.000
5400.000
7400.000
5800.000
6800.000
8600.000
5800.000
6400.000
5200.000
5600.000
8000.000
5400.000
7200.000
5200.000
7000.000
6600.000
5800.000
6200.000
5400.000
6200.000
5000.000
3600.000
7000.000
4000.000
5800.000
6000.000
5200.000
6600.000
2800.000
12000.000
8800.000
10000.000
11200.000
10600.000
12800.000
12200.000
9400.000
9000.000
11600.000
13800.000
11000.000
11000.000
9400.000
10000.000
11200.000
10600.000
11200.000
11200.000
9800.000
9200.000
11000.000
10200.000
9800.000
8600.000
13000.000
11600.000
8600.000
11000.000
10800.000
10600.000
11600.000
12200.000
10200.000
11600.000
10000.000
11200.000
13600.000
10600.000
10800.000
13400.000
10800.000
11600.000
9600.000
7800.000
12200.000
12600.000
14000.000
7600.000
11600.000
10200.000
11600.000
11000.000
8800.000
9600.000
9800.000
11400.000
9000.000
10800.000
10400.000
8600.000
11000.000
11400.000
10000.000
11400.000
11200.000
12600.000
6800.000
10800.000
10800.000
7400.000
10600.000
12600.000
11400.000
11600.000
9400.000
12400.000
11400.000
9800.000
9200.000
8600.000
16200.000
9600.000
9200.000
10000.000
11200.000
12200.000
11800.000
14000.000
9400.000
7400.000
9000.000
11200.000
9000.000
8000.000
9600.000
10400.000
10200.000
11000.000
8600.000
11000.000
10400.000
11200.000
9800.000
7000.000
10800.000
8600.000
10000.000
11000.000
10200.000
11200.000
8600.000
8400.000
10400.000
10200.000
8600.000
10400.000
10600.000
8400.000
9800.000
9400.000
10600.000
11200.000
8600.000
10800.000
10600.000
9000.000
9400.000
9800.000
11800.000
9200.000
9400.000
7400.000
9800.000
9400.000
9800.000
9800.000
11200.000
6800.000
9600.000
5200.000
9600.000
9000.000
10000.000
9800.000
9200.000
10800.000
10000.000
10400.000
6800.000
9800.000
9200.000
7200.000
8000.000
5600.000
6600.000
7800.000
8200.000
7000.000
9600.000
7800.000
8000.000
7800.000
8800.000
5200.000
8600.000
7400.000
8000.000
5800.000
5400.000
4800.000
7800.000
6200.000
8000.000
6800.000
6400.000
6000.000
8600.000
5800.000
8200.000
6000.000
7000.000
5200.000
5800.000
6600.000
6800.000
5200.000
4800.000
5400.000
6200.000
5800.000
5600.000
4200.000
4800.000
5000.000
5600.000
4800.000
5400.000
5400.000
3600.000
5800.000
10000.000
12000.000
10600.000
10600.000
11800.000
13000.000
11200.000
8200.000
12200.000
8400.000
10600.000
11600.000
8600.000
8200.000
9000.000
9000.000
12000.000
10600.000
13000.000
8600.000
8400.000
11600.000
8800.000
11600.000
10800.000
9200.000
10600.000
12400.000
12000.000
9400.000
12600.000
7200.000
10200.000
11800.000
10400.000
12000.000
11400.000
12600.000
11000.000
10400.000
10400.000
11000.000
9400.000
11000.000
11000.000
8200.000
9600.000
11600.000
9800.000
13800.000
13600.000
11400.000
7400.000
14200.000
9200.000
11600.000
11200.000
9800.000
8000.000
9400.000
10000.000
9600.000
8400.000
9600.000
9600.000
8400.000
7600.000
10800.000
8400.000
9400.000
10000.000
9800.000
12800.000
11800.000
11600.000
12400.000
10600.000
11000.000
8600.000
14200.000
9800.000
9400.000
10200.000
13200.000
10800.000
11800.000
10200.000
10000.000
8400.000
10000.000
9400.000
9200.000
8200.000
9200.000
12400.000
9800.000
7800.000
9600.000
6000.000
8200.000
11200.000
6200.000
7800.000
8600.000
8000.000
9600.000
11000.000
10600.000
9400.000
9200.000
9400.000
11000.000
8200.000
8400.000
8600.000
6800.000
9200.000
8000.000
8200.000
8600.000
9800.000
8600.000
10000.000
9600.000
9400.000
9600.000
10600.000
8000.000
10400.000
7800.000
8000.000
7200.000
8400.000
5800.000
9800.000
8400.000
9400.000
6800.000
9200.000
9800.000
9400.000
9800.000
5200.000
8200.000
9800.000
9600.000
7600.000
5000.000
6600.000
7800.000
7400.000
9000.000
5600.000
7600.000
7000.000
5800.000
6600.000
7200.000
6800.000
8600.000
8200.000
7400.000
6200.000
8000.000
6800.000
9600.000
8600.000
6000.000
7000.000
7400.000
4800.000
6200.000
5600.000
8000.000
5200.000
5800.000
6800.000
4400.000
7800.000
4600.000
5800.000
5600.000
6200.000
6400.000
6000.000
4800.000
6000.000
6000.000
6400.000
5600.000
3800.000
5000.000
5400.000
4800.000
4200.000
5200.000
4000.000
5200.000
2800.000
4000.000
4600.000
11200.000
11400.000
15600.000
11600.000
11600.000
8400.000
11400.000
9800.000
9800.000
10200.000
11400.000
11200.000
10200.000
6600.000
10400.000
11000.000
13200.000
10400.000
12000.000
11200.000
11600.000
10000.000
8800.000
9400.000
11600.000
11400.000
11800.000
9200.000
12200.000
10200.000
12800.000
10400.000
13200.000
8800.000
10400.000
13800.000
12000.000
10600.000
13400.000
12400.000
10400.000
8200.000
11800.000
11600.000
11000.000
8800.000
9600.000
11000.000
9400.000
13000.000
9400.000
10400.000
9400.000
12000.000
9600.000
10200.000
11200.000
11000.000
8800.000
8800.000
8600.000
8000.000
8000.000
11000.000
12200.000
9200.000
12400.000
8800.000
9200.000
8400.000
10400.000
13200.000
10800.000
11400.000
10400.000
12600.000
12400.000
11200.000
9000.000
9400.000
11000.000
13000.000
10000.000
10000.000
9800.000
12000.000
11000.000
10800.000
13400.000
8000.000
10200.000
9000.000
9800.000
9200.000
8800.000
10200.000
7200.000
10200.000
8200.000
6800.000
11800.000
8400.000
8400.000
7800.000
10800.000
13200.000
7200.000
9400.000
10400.000
9000.000
8800.000
10800.000
10200.000
7600.000
10000.000
10600.000
9000.000
8600.000
8600.000
9400.000
10200.000
9800.000
8400.000
9000.000
8000.000
12400.000
9200.000
11800.000
8200.000
10000.000
7600.000
8200.000
7600.000
12800.000
5400.000
7600.000
7000.000
8600.000
11000.000
8800.000
9200.000
6800.000
6800.000
8000.000
9800.000
8600.000
9000.000
8800.000
6600.000
7400.000
8400.000
7000.000
7600.000
5800.000
7600.000
8600.000
10200.000
7200.000
9400.000
7000.000
8800.000
8000.000
8200.000
6000.000
8000.000
9400.000
5000.000
7800.000
7800.000
5200.000
5000.000
8800.000
5400.000
4800.000
6600.000
5200.000
8800.000
8000.000
6800.000
5400.000
5400.000
5800.000
5400.000
5200.000
5000.000
7200.000
6600.000
7400.000
3000.000
4000.000
4200.000
6000.000
4400.000
4600.000
4200.000
4000.000
4200.000
4400.000
3000.000
5600.000
4600.000
14400.000
9200.000
12600.000
11000.000
12800.000
10400.000
13400.000
13400.000
10600.000
11000.000
12200.000
10600.000
7600.000
8800.000
11600.000
9200.000
10200.000
11600.000
10000.000
8600.000
10800.000
9400.000
12800.000
10000.000
12600.000
9600.000
11800.000
10200.000
9600.000
12400.000
11200.000
11000.000
10800.000
9800.000
11800.000
10200.000
11600.000
11400.000
9400.000
8000.000
7800.000
11200.000
11000.000
11400.000
9400.000
9000.000
10000.000
10800.000
12800.000
12400.000
12800.000
13800.000
12600.000
14200.000
10800.000
9800.000
11600.000
9000.000
10000.000
8000.000
8400.000
9600.000
8600.000
8600.000
8600.000
9600.000
9400.000
7800.000
8800.000
10000.000
9600.000
12800.000
8600.000
10400.000
10600.000
9800.000
9800.000
11400.000
9600.000
12400.000
10200.000
11600.000
11200.000
11800.000
10800.000
8200.000
11600.000
9600.000
11800.000
12200.000
11400.000
9000.000
11000.000
10000.000
10600.000
10200.000
12400.000
10200.000
9800.000
10000.000
8400.000
10600.000
11400.000
8800.000
9400.000
9400.000
10800.000
10000.000
12200.000
9800.000
8800.000
10000.000
10400.000
9800.000
8600.000
9000.000
9400.000
8600.000
7000.000
9200.000
11200.000
8200.000
7800.000
11600.000
11400.000
13600.000
10200.000
7800.000
11600.000
11400.000
9600.000
9600.000
8000.000
5800.000
9800.000
7200.000
8000.000
9400.000
7000.000
11000.000
7800.000
8800.000
8000.000
9200.000
6000.000
8000.000
7000.000
9600.000
8600.000
7200.000
6200.000
7600.000
10600.000
8600.000
5400.000
7800.000
9000.000
9400.000
7800.000
7000.000
8600.000
9000.000
6200.000
7800.000
6400.000
9200.000
7000.000
9400.000
8800.000
7200.000
5600.000
6600.000
8200.000
5400.000
8800.000
6400.000
4200.000
6000.000
7800.000
8600.000
7000.000
5200.000
8600.000
5600.000
5200.000
6200.000
4800.000
5800.000
5400.000
6200.000
5600.000
5600.000
4200.000
5600.000
5200.000
6000.000
6000.000
4400.000
4400.000
4800.000
2400.000
11200.000
12000.000
11600.000
11000.000
8800.000
13000.000
13200.000
10800.000
7800.000
7400.000
12800.000
10800.000
8000.000
8000.000
8400.000
11000.000
9000.000
11400.000
10600.000
9600.000
12800.000
8600.000
9800.000
12600.000
10200.000
10800.000
12000.000
9600.000
15000.000
10800.000
9200.000
9400.000
12200.000
12400.000
10800.000
9000.000
10000.000
13800.000
9000.000
10200.000
10200.000
8000.000
8600.000
7600.000
10400.000
8800.000
10200.000
10800.000
9600.000
9400.000
8200.000
11400.000
12400.000
11400.000
9800.000
9200.000
11600.000
8400.000
10000.000
6800.000
8200.000
7800.000
8400.000
11800.000
9200.000
10600.000
10800.000
8800.000
7400.000
8200.000
11200.000
8200.000
8400.000
10200.000
9400.000
9400.000
9200.000
8000.000
15400.000
10000.000
12400.000
12000.000
8600.000
12400.000
10200.000
8600.000
8200.000
11400.000
11400.000
10600.000
9800.000
13000.000
11200.000
8800.000
10800.000
11400.000
11400.000
7200.000
8200.000
12200.000
10000.000
10400.000
9000.000
11400.000
10200.000
12200.000
9200.000
9800.000
11800.000
10600.000
11800.000
11800.000
11200.000
6400.000
11800.000
12600.000
11800.000
12200.000
11800.000
9600.000
9200.000
7800.000
12000.000
8000.000
9200.000
10600.000
11000.000
9600.000
6800.000
9600.000
10400.000
7200.000
7600.000
9200.000
7400.000
8400.000
10800.000
9800.000
8000.000
8200.000
8800.000
11000.000
7200.000
8600.000
8000.000
8200.000
7200.000
8800.000
9800.000
8800.000
7800.000
8000.000
9000.000
6400.000
5800.000
4200.000
10400.000
8000.000
10800.000
8400.000
7800.000
9200.000
8000.000
8000.000
9000.000
8600.000
9600.000
4600.000
7800.000
7000.000
6600.000
5600.000
6200.000
7800.000
5600.000
7800.000
8600.000
8200.000
7600.000
5600.000
8800.000
7400.000
7000.000
8200.000
4800.000
6200.000
7200.000
5200.000
7000.000
4400.000
5800.000
5200.000
6600.000
5800.000
4400.000
6200.000
5200.000
3800.000
6400.000
3800.000
4000.000
11200.000
11600.000
12800.000
11200.000
12400.000
11600.000
9600.000
10800.000
11000.000
10800.000
9200.000
9200.000
12400.000
10000.000
9400.000
8800.000
9400.000
10800.000
8200.000
11800.000
9800.000
12200.000
11200.000
11200.000
9200.000
9200.000
10800.000
11400.000
8600.000
9600.000
11400.000
11000.000
9800.000
13000.000
12200.000
10000.000
10000.000
11200.000
8800.000
10600.000
9200.000
9400.000
9400.000
9400.000
10000.000
7000.000
9600.000
12600.000
11000.000
10600.000
11600.000
9200.000
11400.000
10000.000
12400.000
9400.000
9600.000
8000.000
9800.000
8800.000
7000.000
6400.000
7800.000
9000.000
7000.000
9600.000
7400.000
6600.000
8000.000
9400.000
8400.000
9400.000
11400.000
10800.000
11800.000
11600.000
12600.000
7800.000
12200.000
11000.000
14000.000
12600.000
15200.000
11400.000
14200.000
9800.000
12200.000
8600.000
13800.000
10600.000
10600.000
10400.000
12600.000
11600.000
8200.000
8600.000
12000.000
9800.000
8400.000
8400.000
10600.000
8600.000
9000.000
10200.000
8400.000
9600.000
9200.000
6800.000
8000.000
9200.000
7600.000
8400.000
8400.000
10800.000
11600.000
10200.000
8400.000
8800.000
9800.000
9600.000
10000.000
9600.000
8800.000
8800.000
9400.000
8200.000
11200.000
10000.000
10200.000
9000.000
8800.000
5400.000
8600.000
9200.000
7600.000
8800.000
9000.000
9400.000
7600.000
8200.000
7600.000
7800.000
8400.000
7400.000
8400.000
9400.000
4800.000
9200.000
5800.000
5800.000
8200.000
7600.000
6600.000
7800.000
5800.000
8200.000
5600.000
7200.000
8800.000
7400.000
6200.000
6600.000
11600.000
8000.000
6000.000
6000.000
7600.000
8000.000
7600.000
9800.000
7000.000
6400.000
8000.000
8600.000
7600.000
6000.000
6400.000
6000.000
6200.000
6200.000
6800.000
6200.000
5000.000
6000.000
7000.000
4800.000
6800.000
5600.000
7600.000
4200.000
5400.000
4800.000
4000.000
4600.000
6800.000
6800.000
4600.000
5600.000
4400.000
5600.000
4200.000
10000.000
12400.000
9400.000
13000.000
11800.000
8800.000
9400.000
11800.000
11800.000
9800.000
7800.000
7600.000
7000.000
9600.000
8800.000
8000.000
10400.000
10000.000
10600.000
11400.000
9800.000
11200.000
10800.000
11800.000
11400.000
10200.000
10000.000
8400.000
9800.000
12400.000
14800.000
11800.000
11000.000
12000.000
12000.000
11000.000
10800.000
11600.000
7800.000
7200.000
8000.000
6400.000
9000.000
4800.000
9400.000
8000.000
8000.000
8600.000
8800.000
11200.000
8800.000
11800.000
12800.000
9000.000
9000.000
12600.000
9400.000
11800.000
7800.000
8600.000
7400.000
8400.000
7200.000
8400.000
8000.000
9000.000
8400.000
6000.000
8000.000
7000.000
7000.000
10600.000
8600.000
11800.000
9800.000
10800.000
9400.000
14200.000
10600.000
12400.000
11000.000
10200.000
10600.000
8800.000
11400.000
12000.000
7200.000
10400.000
11600.000
8800.000
11000.000
12200.000
8200.000
9400.000
10800.000
8800.000
9800.000
10800.000
8600.000
9000.000
8000.000
7200.000
10400.000
10000.000
10800.000
9600.000
8800.000
10600.000
9000.000
10200.000
8800.000
10200.000
11200.000
10800.000
8800.000
13200.000
9200.000
7600.000
9800.000
9000.000
8200.000
8400.000
10400.000
10000.000
9800.000
8800.000
9200.000
7400.000
10600.000
10600.000
6800.000
8000.000
8800.000
8000.000
9000.000
9800.000
10400.000
9600.000
7600.000
8400.000
8600.000
7600.000
8800.000
6200.000
7000.000
10800.000
8400.000
9000.000
6000.000
6000.000
4800.000
7600.000
7600.000
7800.000
7800.000
8800.000
6000.000
10600.000
7200.000
6800.000
7600.000
7400.000
6400.000
7200.000
9600.000
6000.000
8600.000
7800.000
5000.000
6400.000
8000.000
6200.000
6600.000
5800.000
6400.000
5600.000
7400.000
7800.000
7600.000
6200.000
5000.000
6000.000
7400.000
8200.000
6200.000
7200.000
6600.000
6800.000
5800.000
4400.000
7000.000
8000.000
3800.000
5200.000
4400.000
5800.000
4600.000
3800.000
4600.000
3600.000
5000.000
11800.000
11000.000
10200.000
13000.000
9200.000
12200.000
9200.000
11200.000
8600.000
7800.000
7600.000
9800.000
9800.000
7400.000
8200.000
7200.000
9800.000
7200.000
12400.000
10000.000
10800.000
13200.000
7600.000
12200.000
10800.000
10200.000
9600.000
11800.000
9800.000
9400.000
12200.000
13400.000
9800.000
9000.000
8200.000
9800.000
12400.000
7400.000
7400.000
7600.000
7200.000
7200.000
8200.000
5800.000
5400.000
6400.000
7800.000
7800.000
6000.000
5800.000
8200.000
7400.000
11800.000
9400.000
11000.000
9800.000
10600.000
7400.000
7000.000
9600.000
7200.000
7600.000
10200.000
12800.000
9000.000
8000.000
10400.000
6800.000
7800.000
7400.000
8000.000
7200.000
11400.000
12000.000
12400.000
9600.000
11800.000
9400.000
11000.000
9400.000
9800.000
8600.000
10000.000
10800.000
11200.000
9200.000
9400.000
8400.000
9200.000
11200.000
12400.000
10800.000
8600.000
11600.000
12000.000
11000.000
10800.000
11400.000
11000.000
7400.000
6200.000
12800.000
10000.000
10000.000
10400.000
12600.000
11000.000
10800.000
10400.000
11000.000
12000.000
7600.000
8200.000
10400.000
9800.000
8200.000
9800.000
11000.000
10800.000
9600.000
10000.000
8400.000
11200.000
11000.000
10000.000
8200.000
11000.000
10200.000
6600.000
9200.000
8400.000
8000.000
9400.000
8000.000
8800.000
8600.000
7000.000
7800.000
7000.000
10600.000
8400.000
10200.000
7000.000
8000.000
6800.000
11000.000
7800.000
9000.000
8800.000
8200.000
7600.000
7600.000
8400.000
7800.000
7000.000
9800.000
9000.000
7000.000
6000.000
8600.000
9000.000
6400.000
7800.000
6400.000
7600.000
7600.000
7800.000
5800.000
6200.000
6000.000
6200.000
6800.000
4800.000
4000.000
6400.000
8200.000
6600.000
5800.000
7800.000
5600.000
4400.000
5400.000
4800.000
5800.000
6000.000
4800.000
6800.000
5200.000
7400.000
5000.000
5600.000
4000.000
3200.000
5200.000
4400.000
4800.000
4400.000
4200.000
5800.000
6200.000
4800.000
11200.000
10400.000
10000.000
10600.000
10000.000
11600.000
9000.000
11200.000
13200.000
11200.000
9200.000
8600.000
6400.000
10600.000
7400.000
7400.000
9400.000
8600.000
6600.000
9200.000
9200.000
8600.000
8000.000
10000.000
10400.000
9400.000
8800.000
9800.000
10000.000
8000.000
10400.000
10800.000
11000.000
9800.000
9800.000
7800.000
5800.000
7400.000
6000.000
8600.000
6200.000
8600.000
5600.000
4800.000
6000.000
7400.000
8600.000
7200.000
6600.000
9600.000
8000.000
9400.000
9800.000
6400.000
7600.000
6800.000
8200.000
11000.000
9000.000
7400.000
9600.000
8600.000
8800.000
7400.000
8400.000
9600.000
7400.000
7200.000
6600.000
9400.000
11800.000
9400.000
10000.000
10400.000
9200.000
11200.000
13800.000
12200.000
11400.000
9200.000
10200.000
11600.000
9800.000
10400.000
11000.000
11200.000
11600.000
8800.000
8600.000
9800.000
5600.000
10000.000
10000.000
11600.000
10000.000
10200.000
10000.000
9800.000
9600.000
8000.000
9000.000
10000.000
10000.000
8000.000
8200.000
10000.000
9000.000
7800.000
9600.000
10000.000
12000.000
8200.000
9200.000
7200.000
9600.000
10600.000
8000.000
9600.000
10400.000
11600.000
7800.000
10800.000
7400.000
9400.000
8600.000
8600.000
7000.000
8200.000
8000.000
6400.000
8200.000
6600.000
7200.000
6000.000
7600.000
10400.000
10400.000
7000.000
9400.000
7400.000
10000.000
6000.000
9400.000
4600.000
7000.000
7600.000
8200.000
8400.000
7800.000
9600.000
7600.000
5600.000
5600.000
9200.000
6000.000
6600.000
7400.000
9000.000
7800.000
6200.000
6600.000
7600.000
5000.000
6000.000
5600.000
6000.000
7600.000
8200.000
7600.000
8000.000
7000.000
5800.000
5600.000
7400.000
6800.000
5400.000
7000.000
5000.000
5400.000
5800.000
6600.000
5600.000
5400.000
7000.000
5000.000
5800.000
6400.000
3800.000
2400.000
5200.000
5400.000
5400.000
3200.000
5600.000
4200.000
6600.000
5400.000
4800.000
5800.000
4200.000
4200.000
11400.000
9800.000
11400.000
8600.000
8600.000
10600.000
8600.000
12000.000
8400.000
9000.000
9400.000
12000.000
7000.000
10200.000
8200.000
8800.000
10000.000
8600.000
9800.000
8600.000
11000.000
9400.000
9000.000
9000.000
9600.000
10200.000
8600.000
8000.000
10000.000
7800.000
9800.000
8200.000
9200.000
7000.000
9800.000
6800.000
7600.000
6000.000
5000.000
4400.000
4400.000
7200.000
6400.000
7400.000
8000.000
4400.000
4600.000
7200.000
6200.000
9200.000
5800.000
9000.000
9200.000
8200.000
11400.000
10000.000
11400.000
11400.000
7600.000
9600.000
8600.000
7200.000
8800.000
9000.000
8200.000
8000.000
10800.000
7800.000
7800.000
7600.000
7000.000
9200.000
7200.000
11000.000
12600.000
11400.000
10000.000
12200.000
9400.000
9600.000
12200.000
8200.000
10400.000
8400.000
11600.000
6600.000
9600.000
13000.000
9400.000
10400.000
11800.000
9800.000
9800.000
11200.000
7600.000
9800.000
10000.000
10400.000
11000.000
8200.000
10600.000
9800.000
9200.000
10000.000
13400.000
12800.000
9400.000
7800.000
8600.000
9600.000
8800.000
10600.000
9600.000
9600.000
8200.000
7800.000
6800.000
11600.000
9400.000
7000.000
9000.000
8000.000
8800.000
7200.000
8400.000
7200.000
7200.000
6800.000
9400.000
9200.000
8200.000
8000.000
6800.000
7600.000
9600.000
8200.000
10000.000
7200.000
11200.000
6000.000
7200.000
8000.000
7200.000
6200.000
6800.000
7600.000
6800.000
6000.000
7400.000
10000.000
7400.000
6400.000
6600.000
6400.000
6800.000
5800.000
6200.000
6400.000
9400.000
5400.000
8000.000
9000.000
6800.000
8600.000
10600.000
5000.000
7600.000
6600.000
7400.000
7600.000
4200.000
7200.000
6800.000
6200.000
6200.000
6000.000
5800.000
7000.000
7000.000
5800.000
5800.000
5800.000
4800.000
4200.000
6800.000
5400.000
7200.000
5400.000
6200.000
4800.000
5800.000
6400.000
3800.000
5800.000
4200.000
6000.000
4600.000
6000.000
6000.000
5200.000
3800.000
12400.000
12000.000
11200.000
7600.000
7600.000
8800.000
10400.000
8600.000
8200.000
9800.000
9400.000
11800.000
11400.000
8600.000
9000.000
9400.000
8200.000
9600.000
7800.000
10800.000
8600.000
9800.000
12200.000
12400.000
10400.000
9000.000
10600.000
7600.000
9600.000
9000.000
9200.000
11400.000
10800.000
11000.000
9800.000
4400.000
6200.000
5600.000
6200.000
6600.000
5200.000
4600.000
5800.000
6000.000
9200.000
7400.000
4600.000
5200.000
6200.000
5800.000
8400.000
6000.000
11400.000
9200.000
7400.000
10800.000
11600.000
12800.000
8200.000
11000.000
11000.000
10400.000
9600.000
8800.000
10800.000
8400.000
7200.000
8800.000
8200.000
10200.000
9000.000
8000.000
9800.000
9200.000
10000.000
13400.000
12600.000
10800.000
10600.000
9200.000
12200.000
11000.000
11400.000
12200.000
9400.000
11200.000
12400.000
10600.000
11800.000
10200.000
9600.000
10800.000
9800.000
10800.000
11200.000
9800.000
9400.000
9600.000
9000.000
10400.000
6800.000
8600.000
12000.000
10000.000
8800.000
7200.000
8600.000
6400.000
8400.000
9000.000
9000.000
9200.000
9000.000
8200.000
7600.000
9400.000
9200.000
9000.000
10400.000
9400.000
9000.000
7600.000
8600.000
6600.000
7200.000
8200.000
5600.000
8800.000
7200.000
7200.000
7400.000
5200.000
7400.000
6600.000
6800.000
9800.000
9000.000
6400.000
6200.000
9400.000
6800.000
8400.000
7200.000
7000.000
7400.000
8200.000
8400.000
6200.000
5600.000
7000.000
5800.000
5800.000
7200.000
8400.000
4000.000
6800.000
7800.000
5800.000
7400.000
8000.000
5600.000
6200.000
6000.000
6800.000
7200.000
8800.000
5600.000
6400.000
5800.000
7200.000
7000.000
8600.000
5600.000
5600.000
4800.000
4800.000
7800.000
7000.000
7200.000
7000.000
4800.000
4200.000
8800.000
5600.000
3800.000
5400.000
8000.000
6000.000
7200.000
4600.000
4800.000
5000.000
6400.000
4800.000
6800.000
5600.000
5000.000
4400.000
5800.000
3400.000
4200.000
10400.000
10400.000
9800.000
10400.000
12600.000
11200.000
11400.000
9400.000
11400.000
7800.000
11000.000
10800.000
10600.000
9600.000
11000.000
9200.000
11400.000
11200.000
9000.000
11400.000
9200.000
9400.000
9800.000
9400.000
8800.000
8200.000
10000.000
12600.000
10000.000
7600.000
9400.000
9000.000
7600.000
9800.000
8800.000
7200.000
6000.000
5400.000
7200.000
3800.000
4800.000
6400.000
8400.000
5000.000
6800.000
7000.000
6400.000
4400.000
6200.000
5600.000
8600.000
7600.000
10200.000
9000.000
9600.000
10400.000
13000.000
9600.000
11000.000
10400.000
7600.000
11600.000
9200.000
8400.000
10200.000
11400.000
9600.000
6800.000
9800.000
10200.000
11200.000
10400.000
10200.000
8400.000
10600.000
9600.000
11800.000
8800.000
11000.000
10800.000
8000.000
9000.000
12000.000
9400.000
11600.000
7800.000
14800.000
11400.000
11400.000
8400.000
8800.000
7800.000
10600.000
9600.000
10400.000
8800.000
8200.000
10800.000
9200.000
9400.000
10400.000
12600.000
8400.000
11600.000
7400.000
9800.000
9600.000
9400.000
9400.000
8600.000
11200.000
8800.000
11000.000
8600.000
8200.000
7200.000
9000.000
8000.000
9800.000
9800.000
7600.000
8000.000
8600.000
10800.000
7800.000
8200.000
8600.000
7400.000
8400.000
6200.000
6600.000
8200.000
8600.000
7200.000
8200.000
8200.000
4800.000
8200.000
6600.000
8200.000
9400.000
9000.000
8400.000
7600.000
7800.000
9000.000
7200.000
9000.000
9600.000
8800.000
6200.000
7800.000
9200.000
7200.000
7800.000
5600.000
9400.000
7400.000
8000.000
7200.000
6800.000
9200.000
7600.000
8200.000
6200.000
8000.000
6400.000
8000.000
4400.000
9600.000
7400.000
6600.000
6800.000
4000.000
4800.000
7200.000
7800.000
6800.000
5000.000
7000.000
6400.000
4400.000
6400.000
5800.000
6000.000
5800.000
4800.000
7200.000
7200.000
7600.000
4600.000
4800.000
5800.000
5600.000
6000.000
6000.000
5400.000
2600.000
4600.000
4000.000
5600.000
13600.000
10000.000
10600.000
10600.000
9800.000
9800.000
10800.000
11000.000
6400.000
10400.000
9600.000
14200.000
8000.000
12600.000
10800.000
8800.000
10000.000
10400.000
9600.000
10000.000
9400.000
11600.000
10000.000
10400.000
6400.000
11600.000
12400.000
8000.000
9200.000
9200.000
7600.000
11000.000
7600.000
11000.000
8000.000
9400.000
8400.000
6000.000
6200.000
5000.000
4800.000
5000.000
5200.000
6800.000
7600.000
5600.000
7200.000
9200.000
8400.000
7000.000
7200.000
6400.000
9800.000
9600.000
12400.000
11800.000
7200.000
12000.000
11400.000
10800.000
8400.000
13600.000
8000.000
12800.000
10800.000
12800.000
14400.000
12400.000
10600.000
9400.000
10400.000
10800.000
10200.000
10600.000
9800.000
10000.000
11600.000
12400.000
10000.000
7200.000
11000.000
10800.000
10400.000
11400.000
9200.000
8000.000
11400.000
11600.000
11000.000
11000.000
10200.000
9800.000
10800.000
9600.000
8800.000
8800.000
9800.000
10200.000
8000.000
9400.000
12000.000
8200.000
7800.000
9000.000
6800.000
8400.000
7000.000
9200.000
10200.000
8400.000
7800.000
8600.000
7200.000
7600.000
9400.000
10000.000
9800.000
8200.000
8200.000
6400.000
5400.000
8600.000
7200.000
6200.000
7800.000
7800.000
8200.000
4800.000
8600.000
9200.000
9400.000
7600.000
7200.000
6200.000
8400.000
7400.000
7200.000
10200.000
9000.000
11000.000
7200.000
7200.000
6200.000
6000.000
8200.000
5400.000
8400.000
7000.000
4800.000
6600.000
8200.000
9600.000
8000.000
6400.000
8200.000
7200.000
7200.000
5800.000
8200.000
6600.000
6000.000
7400.000
6400.000
6000.000
8600.000
4800.000
7800.000
5800.000
5200.000
5000.000
7400.000
8800.000
4200.000
5800.000
7200.000
5800.000
6200.000
5000.000
7600.000
7400.000
4800.000
6000.000
5000.000
5400.000
5200.000
5000.000
5000.000
5200.000
6200.000
4000.000
5200.000
5800.000
4800.000
5800.000
6000.000
6200.000
7000.000
3600.000
4800.000
5600.000
4800.000
11600.000
14000.000
13200.000
9000.000
7200.000
10800.000
12000.000
9400.000
9800.000
12000.000
10400.000
11000.000
13200.000
10400.000
13800.000
9200.000
10200.000
6600.000
9400.000
8600.000
9000.000
10000.000
11600.000
9200.000
10400.000
6800.000
8200.000
8600.000
9000.000
9200.000
11200.000
7200.000
11200.000
9000.000
9200.000
8400.000
7000.000
8200.000
6200.000
6200.000
6200.000
5000.000
7200.000
8200.000
6800.000
9200.000
5600.000
9200.000
8200.000
7000.000
6800.000
7400.000
11600.000
10800.000
11000.000
9200.000
13200.000
9000.000
11000.000
9000.000
11000.000
10400.000
8000.000
9400.000
12200.000
10800.000
9600.000
7400.000
14000.000
10800.000
13000.000
12200.000
9600.000
12600.000
14000.000
10400.000
8200.000
10800.000
12800.000
9600.000
13800.000
9200.000
7600.000
11000.000
13800.000
10600.000
10200.000
14600.000
13000.000
9400.000
6600.000
7600.000
10800.000
9600.000
9200.000
8600.000
10800.000
10400.000
9000.000
7800.000
8400.000
8800.000
9400.000
9400.000
8000.000
10400.000
8600.000
10000.000
8000.000
10400.000
8000.000
10800.000
8200.000
8800.000
9600.000
9200.000
7000.000
7000.000
10200.000
6800.000
8600.000
9000.000
10600.000
8800.000
6000.000
6600.000
6400.000
5000.000
6000.000
8000.000
7400.000
7600.000
9000.000
8400.000
4200.000
8400.000
7800.000
8000.000
7000.000
6600.000
9200.000
7800.000
7400.000
11400.000
8400.000
8000.000
8000.000
7200.000
9200.000
6400.000
7200.000
7000.000
7800.000
6800.000
7000.000
7400.000
8400.000
8000.000
9600.000
5600.000
10400.000
8800.000
7200.000
6800.000
6000.000
8000.000
5800.000
6200.000
7200.000
6400.000
7800.000
6800.000
5200.000
3800.000
7800.000
7800.000
6800.000
8200.000
7400.000
6200.000
5200.000
6400.000
5600.000
7400.000
4400.000
6000.000
6200.000
5200.000
5400.000
3800.000
4000.000
6200.000
4400.000
7800.000
6000.000
4200.000
4600.000
5200.000
4200.000
4400.000
5000.000
14200.000
14600.000
10600.000
9400.000
7000.000
12400.000
10800.000
10200.000
9200.000
10200.000
9200.000
8800.000
9200.000
9400.000
11800.000
9800.000
12800.000
8200.000
10600.000
10000.000
9000.000
10400.000
9000.000
9400.000
9800.000
7400.000
8400.000
8600.000
9000.000
9000.000
7200.000
8800.000
8600.000
12600.000
10200.000
8200.000
9400.000
6200.000
5600.000
6800.000
8200.000
7600.000
8200.000
9000.000
8000.000
8600.000
9200.000
10400.000
11400.000
8600.000
11000.000
10800.000
9800.000
11600.000
7400.000
11200.000
10000.000
11800.000
8400.000
11600.000
12800.000
10600.000
12400.000
11400.000
12000.000
10000.000
10400.000
9800.000
10200.000
13400.000
12400.000
10000.000
9200.000
9200.000
11600.000
10000.000
8000.000
9200.000
9600.000
10600.000
11800.000
10400.000
11000.000
8000.000
11800.000
11400.000
9000.000
8800.000
9800.000
10000.000
12000.000
9200.000
11600.000
8600.000
7600.000
9600.000
9800.000
8600.000
9600.000
8400.000
8600.000
8000.000
8600.000
10200.000
8000.000
7800.000
7400.000
10400.000
10200.000
10000.000
8000.000
8800.000
8600.000
9400.000
7400.000
8600.000
10800.000
10000.000
7600.000
9200.000
8600.000
9000.000
8800.000
10200.000
7800.000
8200.000
6600.000
8800.000
5600.000
6000.000
4600.000
9400.000
5800.000
6800.000
10400.000
8000.000
9400.000
6400.000
8400.000
8200.000
10200.000
5600.000
7800.000
7800.000
7000.000
9400.000
9400.000
6400.000
7400.000
8200.000
8200.000
9200.000
9000.000
6600.000
8200.000
7400.000
7800.000
9000.000
7400.000
7600.000
8600.000
5400.000
5400.000
6000.000
6400.000
5400.000
5800.000
7800.000
8200.000
8800.000
7400.000
5800.000
5600.000
5000.000
7800.000
7600.000
6200.000
6400.000
4600.000
5800.000
6000.000
7400.000
5000.000
5200.000
4800.000
4800.000
5800.000
7200.000
8000.000
6600.000
5600.000
5800.000
5200.000
5600.000
5000.000
6400.000
3800.000
4200.000
4200.000
4000.000
3800.000
12400.000
15400.000
13600.000
13400.000
14400.000
10600.000
11200.000
11600.000
11600.000
10000.000
10400.000
6800.000
10000.000
9600.000
11200.000
10800.000
9400.000
11400.000
9200.000
8600.000
9400.000
9800.000
10000.000
8200.000
8200.000
9400.000
9600.000
11000.000
6800.000
9800.000
7800.000
11800.000
11200.000
8800.000
9400.000
11600.000
10200.000
10200.000
11000.000
7400.000
9800.000
9000.000
9600.000
8400.000
8600.000
13000.000
10600.000
10800.000
10600.000
13200.000
12200.000
11400.000
11800.000
11200.000
10800.000
11200.000
11600.000
13000.000
14000.000
12000.000
11600.000
11800.000
10200.000
9400.000
10200.000
9600.000
9600.000
11000.000
13600.000
11600.000
12800.000
11400.000
9200.000
10800.000
10600.000
9600.000
8600.000
11400.000
10600.000
12200.000
9800.000
10800.000
8800.000
11200.000
12200.000
9600.000
7800.000
8000.000
13200.000
8600.000
9000.000
9200.000
12600.000
10600.000
9200.000
10800.000
8400.000
10200.000
9200.000
11000.000
8000.000
8000.000
9600.000
10800.000
8000.000
9000.000
8400.000
10200.000
7200.000
8000.000
9800.000
8000.000
8400.000
10000.000
10400.000
7000.000
8800.000
7800.000
9400.000
6400.000
8000.000
9800.000
8200.000
7200.000
7000.000
6600.000
9000.000
6800.000
6600.000
6200.000
4800.000
5600.000
8200.000
8000.000
8600.000
9000.000
8200.000
6600.000
7800.000
7600.000
6600.000
7200.000
8400.000
8200.000
9400.000
11200.000
6800.000
7200.000
6400.000
5000.000
8400.000
5600.000
7200.000
8600.000
8600.000
7200.000
6400.000
7400.000
7200.000
7200.000
7400.000
7800.000
8600.000
6000.000
7600.000
7200.000
7000.000
7000.000
7400.000
6800.000
5000.000
4000.000
7000.000
6400.000
6000.000
5000.000
5200.000
4800.000
4600.000
4600.000
5400.000
6600.000
5600.000
7800.000
5800.000
8400.000
6400.000
6200.000
6000.000
5600.000
5400.000
4800.000
5400.000
4400.000
5600.000
6000.000
4400.000
4800.000
2400.000
3400.000
5400.000
17200.000
14200.000
13400.000
13400.000
11600.000
12000.000
11400.000
11800.000
12200.000
9400.000
9400.000
8600.000
11200.000
9800.000
9800.000
12200.000
7800.000
8400.000
9400.000
8600.000
9400.000
8400.000
10200.000
9000.000
10000.000
8200.000
7800.000
12600.000
10800.000
9200.000
9000.000
9600.000
11200.000
11600.000
8400.000
10200.000
8000.000
9200.000
7200.000
8600.000
10200.000
9600.000
11600.000
9200.000
10800.000
10800.000
9600.000
11600.000
12000.000
8600.000
10400.000
11600.000
14400.000
12400.000
11200.000
12400.000
11600.000
10800.000
12600.000
14200.000
10600.000
9600.000
11400.000
9400.000
13200.000
9600.000
9400.000
10200.000
12200.000
11200.000
10600.000
9400.000
12000.000
10000.000
10200.000
11400.000
10400.000
7800.000
10000.000
9200.000
9800.000
11200.000
13200.000
9600.000
12600.000
10400.000
10400.000
9600.000
9800.000
9400.000
9800.000
10000.000
8800.000
7800.000
6600.000
9400.000
9200.000
10800.000
10600.000
8000.000
8200.000
8200.000
8600.000
10400.000
9600.000
6400.000
10800.000
8200.000
8400.000
8400.000
10200.000
7200.000
7200.000
7400.000
10200.000
7200.000
7000.000
8800.000
7800.000
8200.000
9600.000
7200.000
8400.000
7200.000
7400.000
6400.000
6400.000
7000.000
5200.000
6800.000
7800.000
7200.000
8200.000
6600.000
6400.000
12400.000
7800.000
6200.000
6600.000
7000.000
7200.000
5600.000
8200.000
6400.000
6200.000
8200.000
7600.000
6200.000
6800.000
7600.000
5600.000
8800.000
7000.000
8200.000
6000.000
7800.000
7200.000
4800.000
5600.000
7400.000
7400.000
5800.000
8200.000
6600.000
4800.000
5400.000
7000.000
7000.000
7200.000
6600.000
7400.000
7200.000
5800.000
6400.000
9600.000
4000.000
7200.000
6800.000
5200.000
7400.000
4200.000
4600.000
6000.000
5200.000
7400.000
4200.000
8200.000
3600.000
7000.000
7200.000
6400.000
5600.000
4600.000
4400.000
6800.000
4600.000
4600.000
4000.000
4600.000
5000.000
4000.000
20800.000
17200.000
15400.000
17600.000
15200.000
12400.000
14200.000
8800.000
11200.000
12200.000
12000.000
9600.000
12200.000
11600.000
10200.000
10200.000
9200.000
9200.000
11000.000
8200.000
8200.000
9600.000
7800.000
8200.000
8400.000
9600.000
6400.000
10400.000
10600.000
8200.000
9800.000
8600.000
9600.000
8000.000
10800.000
11200.000
10800.000
11400.000
9400.000
11000.000
10600.000
9600.000
9400.000
10800.000
8600.000
9600.000
11000.000
11200.000
11400.000
11800.000
9400.000
10200.000
11000.000
9400.000
14200.000
12400.000
12000.000
13000.000
12800.000
14200.000
9400.000
9600.000
9800.000
9200.000
8800.000
10800.000
12000.000
12600.000
11200.000
10800.000
9200.000
9400.000
10600.000
10800.000
9800.000
10000.000
10800.000
8800.000
10800.000
11400.000
10600.000
9800.000
11600.000
7800.000
9000.000
10800.000
12400.000
8600.000
10200.000
10200.000
11200.000
8000.000
11000.000
10400.000
13600.000
10800.000
11200.000
11000.000
10400.000
6600.000
8200.000
10800.000
8600.000
8800.000
11200.000
11800.000
6600.000
9600.000
8800.000
8400.000
6200.000
9800.000
9200.000
11400.000
10600.000
6800.000
6800.000
7000.000
7400.000
10000.000
9800.000
9000.000
9000.000
11600.000
8400.000
6800.000
5800.000
6400.000
6000.000
5200.000
9600.000
8000.000
9000.000
7200.000
8600.000
6800.000
6600.000
7200.000
5200.000
9200.000
7000.000
6600.000
8000.000
7800.000
7200.000
7200.000
7200.000
5000.000
7200.000
6600.000
9000.000
5000.000
9400.000
8000.000
4800.000
9800.000
8600.000
7200.000
6400.000
8200.000
8000.000
8400.000
7400.000
5200.000
6200.000
8400.000
5400.000
9200.000
7200.000
6200.000
4800.000
6000.000
5400.000
6200.000
6800.000
8400.000
4000.000
5600.000
5800.000
5200.000
5800.000
8000.000
6400.000
5000.000
5200.000
5800.000
8800.000
7400.000
5600.000
7600.000
5800.000
6200.000
6000.000
5000.000
5200.000
5000.000
7200.000
4400.000
5400.000
3200.000
5000.000
23800.000
23800.000
20200.000
18000.000
16600.000
15800.000
14000.000
13000.000
13800.000
11600.000
9200.000
11800.000
12600.000
9800.000
10600.000
11400.000
10200.000
6600.000
9200.000
7600.000
6200.000
9800.000
11800.000
9000.000
10200.000
11400.000
10600.000
13200.000
11400.000
10800.000
13400.000
11800.000
11600.000
9800.000
13800.000
12600.000
10800.000
14400.000
10400.000
9800.000
12200.000
11400.000
10600.000
8400.000
10200.000
9400.000
10800.000
10200.000
12400.000
10000.000
10800.000
11600.000
7400.000
11200.000
12800.000
12400.000
11200.000
9400.000
13000.000
11800.000
11400.000
10800.000
9800.000
11800.000
9200.000
11800.000
10200.000
8200.000
8800.000
10000.000
11800.000
9800.000
10800.000
9400.000
10200.000
9600.000
11000.000
11000.000
8200.000
11800.000
9400.000
9800.000
11000.000
9600.000
10400.000
10800.000
10000.000
11800.000
10200.000
9600.000
10800.000
10000.000
13200.000
9600.000
9400.000
7800.000
10200.000
7200.000
11800.000
10200.000
9600.000
9400.000
10200.000
8400.000
8200.000
10800.000
8400.000
8600.000
8800.000
7200.000
9600.000
7600.000
11000.000
9200.000
9600.000
10000.000
7800.000
9400.000
6000.000
8200.000
6000.000
8000.000
9200.000
8600.000
7400.000
5800.000
6000.000
8000.000
5600.000
10200.000
8200.000
7000.000
7000.000
7800.000
6800.000
8000.000
8600.000
7200.000
8800.000
8400.000
7000.000
9400.000
8600.000
9400.000
7200.000
6800.000
8200.000
7800.000
6400.000
7800.000
7600.000
7400.000
9400.000
7200.000
5800.000
6600.000
8200.000
7400.000
6000.000
6200.000
8200.000
8200.000
5400.000
6000.000
6200.000
5400.000
6000.000
7200.000
5600.000
6000.000
6600.000
6400.000
8000.000
6400.000
9000.000
6400.000
5600.000
5200.000
5200.000
5600.000
5200.000
5800.000
5200.000
5800.000
7200.000
5800.000
7200.000
7200.000
5200.000
6000.000
6000.000
8800.000
6400.000
6400.000
5200.000
3200.000
4400.000
4600.000
4400.000
3600.000
3600.000
28000.000
29200.000
27600.000
20800.000
20600.000
18400.000
12800.000
13200.000
13600.000
12000.000
9600.000
10200.000
11000.000
13200.000
12600.000
9400.000
9800.000
10800.000
9000.000
8800.000
10400.000
8200.000
7400.000
8200.000
8600.000
9800.000
9400.000
12800.000
12400.000
14000.000
13400.000
12800.000
11800.000
11800.000
12200.000
12200.000
10400.000
9400.000
12000.000
11800.000
11800.000
11200.000
12000.000
10600.000
11000.000
10000.000
10000.000
10200.000
8000.000
9400.000
8600.000
12200.000
11000.000
14000.000
9600.000
8600.000
11400.000
12200.000
11800.000
11000.000
11600.000
11200.000
12400.000
9000.000
12000.000
10000.000
8800.000
9000.000
9600.000
11200.000
13400.000
11600.000
8400.000
8400.000
8400.000
9000.000
9400.000
9000.000
10400.000
9000.000
7400.000
11600.000
9200.000
11200.000
13200.000
9600.000
9200.000
8000.000
7200.000
10800.000
9200.000
8800.000
8200.000
10000.000
11000.000
9200.000
8800.000
10800.000
8600.000
7800.000
10000.000
10200.000
7600.000
10200.000
9200.000
9800.000
10600.000
8200.000
8200.000
8600.000
10200.000
9400.000
10800.000
10200.000
10000.000
10400.000
8000.000
8200.000
6800.000
5600.000
7400.000
7400.000
7800.000
7600.000
8600.000
6400.000
8600.000
6800.000
8000.000
9000.000
6600.000
5600.000
9200.000
8000.000
7400.000
8000.000
9000.000
8400.000
8800.000
7200.000
7400.000
9200.000
7400.000
8600.000
7600.000
7200.000
8000.000
7400.000
8000.000
8000.000
7400.000
7800.000
7000.000
7000.000
5600.000
5800.000
4600.000
5000.000
6400.000
6400.000
8000.000
4400.000
4600.000
7400.000
5800.000
4400.000
5600.000
6600.000
5800.000
5800.000
6400.000
6200.000
7600.000
7200.000
7800.000
4800.000
6800.000
6800.000
5800.000
5400.000
4600.000
7200.000
5400.000
6200.000
6200.000
7600.000
6400.000
5600.000
7600.000
5400.000
4600.000
7600.000
5800.000
4400.000
4600.000
3800.000
4000.000
3600.000
4200.000
3800.000
4600.000

Notes: 
Time: 2025-08-23_16-22-46