VxRange in distance [um]: [-38.587413 31.342657] NVx:201 bFixVx:0 FixVx:-0.025900
VyRange in distance [um]: [-49.650350 20.279720] NVy:201 bFixVy:0 FixVy:-0.105000
VzRange: [20.000000 40.000000] NVz:51 bFixVz:1 FixVz:32.000000
DTRange: [0.001000 0.003000] NDT:10 bFixVDT:1 FixVDT:0.001000
Size: [201 201]
655000.000
711000.000
705000.000
719000.000
706000.000
715000.000
737000.000
718000.000
726000.000
769000.000
797000.000
721000.000
702000.000
773000.000
753000.000
839000.000
935000.000
1883000.000
3472000.000
4254000.000
4239000.000
4380000.000
4333000.000
4345000.000
4360000.000
4478000.000
4335000.000
4424000.000
4463000.000
4472000.000
4561000.000
4437000.000
4421000.000
4513000.000
4399000.000
4483000.000
4546000.000
4572000.000
4640000.000
4385000.000
4519000.000
4477000.000
4433000.000
4333000.000
4341000.000
4261000.000
4162000.000
4094000.000
4120000.000
4143000.000
4241000.000
4085000.000
4074000.000
4027000.000
3994000.000
3904000.000
3934000.000
4041000.000
3846000.000
3892000.000
3791000.000
3886000.000
3582000.000
3654000.000
3452000.000
3354000.000
3434000.000
3561000.000
3559000.000
3532000.000
3565000.000
3458000.000
3379000.000
3413000.000
3368000.000
3366000.000
3213000.000
3255000.000
3177000.000
3077000.000
3051000.000
3024000.000
3025000.000
2914000.000
2862000.000
2736000.000
2714000.000
2753000.000
2607000.000
2565000.000
2501000.000
2486000.000
2448000.000
2306000.000
2316000.000
2221000.000
2081000.000
2048000.000
2010000.000
1984000.000
1910000.000
1913000.000
1853000.000
1793000.000
1790000.000
1698000.000
1727000.000
1639000.000
1615000.000
1577000.000
1636000.000
1474000.000
1499000.000
1481000.000
1450000.000
1383000.000
1364000.000
1379000.000
1364000.000
1361000.000
1281000.000
1301000.000
1257000.000
1291000.000
1228000.000
1263000.000
1272000.000
1140000.000
1230000.000
1153000.000
1101000.000
1155000.000
1110000.000
1121000.000
1178000.000
1126000.000
1065000.000
1084000.000
1147000.000
1080000.000
1084000.000
1085000.000
1079000.000
1120000.000
1123000.000
1129000.000
1062000.000
1133000.000
1146000.000
1161000.000
1182000.000
1168000.000
1179000.000
1192000.000
1237000.000
1220000.000
1241000.000
1275000.000
1356000.000
1378000.000
1401000.000
1522000.000
1471000.000
1491000.000
1532000.000
1502000.000
1604000.000
1688000.000
1749000.000
1711000.000
1787000.000
1814000.000
1901000.000
2021000.000
2071000.000
2138000.000
2117000.000
2096000.000
2257000.000
2212000.000
2333000.000
2359000.000
2494000.000
2487000.000
2524000.000
2667000.000
2647000.000
2743000.000
2907000.000
2900000.000
3073000.000
3108000.000
3231000.000
3241000.000
3286000.000
3356000.000
3409000.000
3455000.000
3431000.000
3664000.000
3676000.000
749000.000
715000.000
713000.000
734000.000
799000.000
736000.000
716000.000
761000.000
713000.000
684000.000
716000.000
700000.000
697000.000
744000.000
769000.000
924000.000
1619000.000
3339000.000
4144000.000
4257000.000
4242000.000
4270000.000
4401000.000
4348000.000
4352000.000
4288000.000
4336000.000
4397000.000
4307000.000
4325000.000
4330000.000
4262000.000
4386000.000
4375000.000
4437000.000
4547000.000
4476000.000
4429000.000
4296000.000
4255000.000
4314000.000
4274000.000
4186000.000
4163000.000
4179000.000
4167000.000
4062000.000
4080000.000
4042000.000
4069000.000
4166000.000
3967000.000
3975000.000
3906000.000
3901000.000
3874000.000
3842000.000
3824000.000
3731000.000
3632000.000
3584000.000
3508000.000
3517000.000
3380000.000
3250000.000
3373000.000
3588000.000
3409000.000
3472000.000
3435000.000
3431000.000
3294000.000
3220000.000
3175000.000
3141000.000
3220000.000
3008000.000
2993000.000
2961000.000
2898000.000
2885000.000
2862000.000
2801000.000
2640000.000
2567000.000
2497000.000
2461000.000
2378000.000
2327000.000
2265000.000
2172000.000
2117000.000
2077000.000
2081000.000
2015000.000
1957000.000
1897000.000
1789000.000
1872000.000
1765000.000
1740000.000
1662000.000
1544000.000
1532000.000
1460000.000
1464000.000
1516000.000
1486000.000
1447000.000
1308000.000
1303000.000
1310000.000
1292000.000
1227000.000
1239000.000
1190000.000
1212000.000
1107000.000
1183000.000
1135000.000
1145000.000
1079000.000
1086000.000
1039000.000
1011000.000
1007000.000
1099000.000
979000.000
1018000.000
1001000.000
1009000.000
971000.000
949000.000
959000.000
944000.000
936000.000
912000.000
895000.000
903000.000
848000.000
878000.000
916000.000
967000.000
976000.000
952000.000
934000.000
989000.000
943000.000
989000.000
995000.000
994000.000
1005000.000
1004000.000
1034000.000
1066000.000
1137000.000
1111000.000
1112000.000
1172000.000
1171000.000
1249000.000
1246000.000
1303000.000
1368000.000
1354000.000
1415000.000
1427000.000
1432000.000
1475000.000
1490000.000
1602000.000
1646000.000
1718000.000
1812000.000
1793000.000
1890000.000
1887000.000
1967000.000
2157000.000
2091000.000
2082000.000
2166000.000
2169000.000
2291000.000
2402000.000
2467000.000
2469000.000
2689000.000
2712000.000
2670000.000
2850000.000
2867000.000
3059000.000
3126000.000
3167000.000
3097000.000
3208000.000
3252000.000
3361000.000
3433000.000
3501000.000
749000.000
691000.000
720000.000
711000.000
781000.000
767000.000
735000.000
763000.000
753000.000
695000.000
763000.000
712000.000
675000.000
690000.000
732000.000
774000.000
912000.000
1682000.000
3270000.000
4065000.000
4423000.000
4270000.000
4310000.000
4361000.000
4431000.000
4475000.000
4376000.000
4315000.000
4361000.000
4383000.000
4470000.000
4394000.000
4439000.000
4298000.000
4285000.000
4307000.000
4335000.000
4355000.000
4399000.000
4296000.000
4244000.000
4201000.000
4202000.000
4108000.000
4156000.000
4041000.000
4012000.000
4082000.000
3989000.000
3932000.000
3935000.000
3829000.000
3939000.000
3807000.000
3820000.000
3838000.000
3689000.000
3774000.000
3812000.000
3731000.000
3614000.000
3624000.000
3505000.000
3335000.000
3335000.000
3197000.000
3453000.000
3335000.000
3411000.000
3343000.000
3280000.000
3349000.000
3194000.000
3197000.000
3106000.000
3069000.000
2934000.000
2899000.000
2904000.000
2857000.000
2824000.000
2736000.000
2660000.000
2609000.000
2437000.000
2401000.000
2350000.000
2335000.000
2270000.000
2169000.000
2134000.000
2077000.000
2004000.000
1935000.000
1822000.000
1780000.000
1778000.000
1670000.000
1707000.000
1661000.000
1566000.000
1559000.000
1526000.000
1503000.000
1372000.000
1438000.000
1313000.000
1321000.000
1238000.000
1250000.000
1222000.000
1242000.000
1155000.000
1160000.000
1147000.000
1113000.000
1079000.000
1042000.000
970000.000
923000.000
951000.000
972000.000
908000.000
897000.000
898000.000
828000.000
860000.000
804000.000
821000.000
895000.000
758000.000
809000.000
810000.000
836000.000
752000.000
779000.000
769000.000
786000.000
725000.000
790000.000
819000.000
761000.000
777000.000
821000.000
730000.000
802000.000
780000.000
784000.000
781000.000
771000.000
794000.000
831000.000
859000.000
851000.000
904000.000
811000.000
922000.000
967000.000
968000.000
966000.000
983000.000
1018000.000
1077000.000
1069000.000
1131000.000
1243000.000
1182000.000
1233000.000
1162000.000
1296000.000
1340000.000
1465000.000
1445000.000
1502000.000
1622000.000
1607000.000
1700000.000
1681000.000
1772000.000
1851000.000
1817000.000
2001000.000
2013000.000
2040000.000
2162000.000
2212000.000
2277000.000
2268000.000
2501000.000
2599000.000
2558000.000
2671000.000
2801000.000
2782000.000
2920000.000
2936000.000
3117000.000
3074000.000
3221000.000
3099000.000
3383000.000
746000.000
763000.000
741000.000
740000.000
717000.000
720000.000
735000.000
744000.000
770000.000
732000.000
725000.000
736000.000
724000.000
677000.000
729000.000
813000.000
1174000.000
2350000.000
3791000.000
4207000.000
4197000.000
4303000.000
4330000.000
4353000.000
4390000.000
4264000.000
4426000.000
4326000.000
4391000.000
4329000.000
4382000.000
4365000.000
4476000.000
4341000.000
4362000.000
4383000.000
4500000.000
4414000.000
4402000.000
4171000.000
4330000.000
4163000.000
4222000.000
4254000.000
4080000.000
4057000.000
4089000.000
3909000.000
3918000.000
3878000.000
3890000.000
3804000.000
3904000.000
3705000.000
3702000.000
3783000.000
3715000.000
3739000.000
3641000.000
3744000.000
3584000.000
3412000.000
3227000.000
3232000.000
3173000.000
3240000.000
3284000.000
3244000.000
3267000.000
3273000.000
3068000.000
3097000.000
3014000.000
3087000.000
2901000.000
2811000.000
2835000.000
2669000.000
2710000.000
2657000.000
2494000.000
2461000.000
2458000.000
2338000.000
2323000.000
2118000.000
2105000.000
2082000.000
2061000.000
1894000.000
1893000.000
1797000.000
1790000.000
1697000.000
1675000.000
1620000.000
1562000.000
1475000.000
1458000.000
1354000.000
1379000.000
1371000.000
1295000.000
1279000.000
1175000.000
1201000.000
1158000.000
1133000.000
1045000.000
1028000.000
1018000.000
993000.000
976000.000
937000.000
893000.000
928000.000
900000.000
840000.000
809000.000
878000.000
860000.000
762000.000
783000.000
784000.000
727000.000
705000.000
779000.000
707000.000
671000.000
688000.000
646000.000
662000.000
659000.000
689000.000
619000.000
623000.000
671000.000
659000.000
565000.000
630000.000
631000.000
664000.000
614000.000
625000.000
629000.000
655000.000
629000.000
646000.000
666000.000
625000.000
712000.000
712000.000
745000.000
712000.000
709000.000
712000.000
772000.000
780000.000
801000.000
833000.000
851000.000
908000.000
968000.000
992000.000
991000.000
1065000.000
983000.000
1096000.000
1126000.000
1177000.000
1208000.000
1181000.000
1339000.000
1344000.000
1420000.000
1412000.000
1487000.000
1567000.000
1639000.000
1682000.000
1725000.000
1713000.000
1802000.000
1875000.000
1825000.000
1987000.000
2054000.000
2174000.000
2261000.000
2364000.000
2395000.000
2508000.000
2602000.000
2650000.000
2698000.000
2910000.000
2914000.000
2907000.000
3114000.000
3135000.000
3205000.000
816000.000
812000.000
756000.000
718000.000
727000.000
689000.000
724000.000
757000.000
789000.000
713000.000
762000.000
771000.000
780000.000
748000.000
790000.000
857000.000
869000.000
1186000.000
2489000.000
3815000.000
4231000.000
4390000.000
4446000.000
4322000.000
4369000.000
4436000.000
4404000.000
4529000.000
4411000.000
4416000.000
4351000.000
4391000.000
4322000.000
4359000.000
4267000.000
4292000.000
4301000.000
4317000.000
4315000.000
4300000.000
4172000.000
4124000.000
4159000.000
4227000.000
4100000.000
3998000.000
4022000.000
4061000.000
3916000.000
3928000.000
3818000.000
3845000.000
3874000.000
3727000.000
3754000.000
3644000.000
3577000.000
3681000.000
3624000.000
3521000.000
3525000.000
3494000.000
3286000.000
3282000.000
3276000.000
3234000.000
3136000.000
3151000.000
3151000.000
3178000.000
3036000.000
2975000.000
2929000.000
2881000.000
2877000.000
2773000.000
2623000.000
2584000.000
2548000.000
2512000.000
2358000.000
2368000.000
2308000.000
2213000.000
2167000.000
2121000.000
2016000.000
1942000.000
1907000.000
1834000.000
1755000.000
1742000.000
1685000.000
1644000.000
1546000.000
1412000.000
1406000.000
1377000.000
1308000.000
1295000.000
1224000.000
1161000.000
1211000.000
1210000.000
1159000.000
1050000.000
1082000.000
1006000.000
934000.000
951000.000
947000.000
850000.000
814000.000
793000.000
851000.000
846000.000
788000.000
751000.000
752000.000
766000.000
709000.000
694000.000
620000.000
660000.000
659000.000
608000.000
582000.000
572000.000
597000.000
579000.000
545000.000
541000.000
551000.000
536000.000
564000.000
520000.000
508000.000
488000.000
497000.000
495000.000
523000.000
499000.000
538000.000
560000.000
522000.000
546000.000
522000.000
532000.000
543000.000
522000.000
545000.000
577000.000
560000.000
594000.000
570000.000
597000.000
638000.000
615000.000
641000.000
712000.000
682000.000
741000.000
796000.000
789000.000
769000.000
860000.000
871000.000
866000.000
933000.000
968000.000
985000.000
1060000.000
1049000.000
1109000.000
1158000.000
1233000.000
1307000.000
1310000.000
1403000.000
1397000.000
1527000.000
1525000.000
1541000.000
1613000.000
1766000.000
1825000.000
1806000.000
1832000.000
1888000.000
2001000.000
2195000.000
2174000.000
2266000.000
2306000.000
2402000.000
2503000.000
2714000.000
2630000.000
2685000.000
2875000.000
2938000.000
815000.000
761000.000
738000.000
733000.000
690000.000
709000.000
746000.000
775000.000
741000.000
695000.000
736000.000
779000.000
731000.000
737000.000
788000.000
886000.000
993000.000
1613000.000
3149000.000
4148000.000
4185000.000
4281000.000
4283000.000
4343000.000
4379000.000
4403000.000
4549000.000
4365000.000
4452000.000
4357000.000
4374000.000
4285000.000
4377000.000
4251000.000
4246000.000
4219000.000
4351000.000
4281000.000
4156000.000
4181000.000
4123000.000
4070000.000
4204000.000
4058000.000
3928000.000
3907000.000
3926000.000
3956000.000
3949000.000
3812000.000
3720000.000
3743000.000
3647000.000
3689000.000
3776000.000
3617000.000
3707000.000
3522000.000
3543000.000
3471000.000
3362000.000
3288000.000
3186000.000
3188000.000
3118000.000
3080000.000
3008000.000
2918000.000
2942000.000
2887000.000
2895000.000
2800000.000
2752000.000
2669000.000
2560000.000
2489000.000
2457000.000
2308000.000
2306000.000
2227000.000
2149000.000
2034000.000
1988000.000
2001000.000
1900000.000
1805000.000
1782000.000
1596000.000
1605000.000
1536000.000
1564000.000
1469000.000
1387000.000
1334000.000
1374000.000
1296000.000
1212000.000
1231000.000
1167000.000
1147000.000
1000000.000
1041000.000
1014000.000
948000.000
837000.000
878000.000
900000.000
844000.000
834000.000
772000.000
801000.000
713000.000
688000.000
667000.000
659000.000
649000.000
631000.000
625000.000
561000.000
557000.000
536000.000
543000.000
521000.000
496000.000
501000.000
481000.000
486000.000
470000.000
480000.000
439000.000
471000.000
419000.000
458000.000
424000.000
396000.000
396000.000
402000.000
374000.000
429000.000
400000.000
419000.000
368000.000
444000.000
376000.000
404000.000
426000.000
424000.000
422000.000
440000.000
424000.000
416000.000
461000.000
472000.000
488000.000
473000.000
511000.000
481000.000
557000.000
582000.000
601000.000
596000.000
614000.000
653000.000
675000.000
688000.000
705000.000
758000.000
786000.000
869000.000
891000.000
872000.000
902000.000
931000.000
959000.000
991000.000
1075000.000
1084000.000
1154000.000
1212000.000
1269000.000
1365000.000
1468000.000
1383000.000
1529000.000
1585000.000
1585000.000
1639000.000
1721000.000
1819000.000
1913000.000
1914000.000
1951000.000
2134000.000
2150000.000
2311000.000
2389000.000
2456000.000
2578000.000
2704000.000
2803000.000
2797000.000
794000.000
781000.000
761000.000
739000.000
801000.000
765000.000
766000.000
747000.000
754000.000
700000.000
690000.000
649000.000
713000.000
710000.000
798000.000
782000.000
831000.000
937000.000
1503000.000
3090000.000
4080000.000
4275000.000
4298000.000
4388000.000
4383000.000
4407000.000
4368000.000
4363000.000
4399000.000
4438000.000
4310000.000
4365000.000
4305000.000
4386000.000
4335000.000
4221000.000
4279000.000
4312000.000
4069000.000
3912000.000
4094000.000
4125000.000
4152000.000
3940000.000
3910000.000
3966000.000
3913000.000
3904000.000
3816000.000
3718000.000
3720000.000
3695000.000
3610000.000
3591000.000
3556000.000
3513000.000
3532000.000
3382000.000
3494000.000
3380000.000
3362000.000
3294000.000
3249000.000
3135000.000
3020000.000
2961000.000
2933000.000
2909000.000
2816000.000
2811000.000
2763000.000
2709000.000
2670000.000
2531000.000
2447000.000
2385000.000
2320000.000
2233000.000
2230000.000
2028000.000
1993000.000
1880000.000
1886000.000
1855000.000
1784000.000
1717000.000
1579000.000
1591000.000
1580000.000
1426000.000
1424000.000
1367000.000
1322000.000
1234000.000
1203000.000
1216000.000
1105000.000
1165000.000
1109000.000
1034000.000
968000.000
950000.000
874000.000
921000.000
842000.000
762000.000
708000.000
745000.000
679000.000
655000.000
640000.000
645000.000
587000.000
582000.000
614000.000
485000.000
543000.000
500000.000
465000.000
510000.000
466000.000
424000.000
450000.000
373000.000
408000.000
378000.000
358000.000
352000.000
407000.000
364000.000
350000.000
356000.000
335000.000
326000.000
340000.000
316000.000
317000.000
300000.000
315000.000
305000.000
284000.000
323000.000
318000.000
293000.000
297000.000
301000.000
299000.000
328000.000
335000.000
330000.000
355000.000
337000.000
305000.000
331000.000
392000.000
371000.000
397000.000
399000.000
431000.000
474000.000
411000.000
429000.000
479000.000
474000.000
496000.000
587000.000
628000.000
582000.000
656000.000
627000.000
711000.000
720000.000
740000.000
762000.000
857000.000
871000.000
885000.000
970000.000
1010000.000
1054000.000
1102000.000
1128000.000
1142000.000
1212000.000
1349000.000
1346000.000
1480000.000
1595000.000
1650000.000
1699000.000
1729000.000
1800000.000
1866000.000
1915000.000
1978000.000
2031000.000
2100000.000
2277000.000
2377000.000
2471000.000
2559000.000
747000.000
740000.000
704000.000
750000.000
702000.000
772000.000
818000.000
760000.000
775000.000
741000.000
763000.000
769000.000
725000.000
803000.000
809000.000
809000.000
922000.000
1121000.000
2214000.000
3725000.000
4134000.000
4244000.000
4336000.000
4331000.000
4304000.000
4351000.000
4366000.000
4444000.000
4419000.000
4487000.000
4329000.000
4275000.000
4350000.000
4206000.000
4206000.000
4320000.000
4255000.000
4179000.000
4214000.000
4086000.000
4147000.000
4069000.000
4082000.000
3994000.000
3883000.000
3818000.000
3805000.000
3715000.000
3626000.000
3722000.000
3634000.000
3710000.000
3646000.000
3696000.000
3488000.000
3554000.000
3433000.000
3448000.000
3391000.000
3308000.000
3235000.000
3086000.000
3089000.000
3006000.000
2996000.000
2767000.000
2775000.000
2706000.000
2606000.000
2512000.000
2487000.000
2452000.000
2322000.000
2340000.000
2274000.000
2166000.000
2129000.000
1966000.000
1923000.000
1879000.000
1862000.000
1775000.000
1683000.000
1633000.000
1536000.000
1513000.000
1485000.000
1430000.000
1411000.000
1327000.000
1228000.000
1151000.000
1195000.000
1137000.000
992000.000
1052000.000
964000.000
927000.000
900000.000
856000.000
823000.000
811000.000
761000.000
709000.000
652000.000
567000.000
576000.000
526000.000
532000.000
549000.000
526000.000
475000.000
515000.000
459000.000
437000.000
434000.000
423000.000
373000.000
369000.000
319000.000
357000.000
331000.000
343000.000
309000.000
314000.000
246000.000
285000.000
282000.000
228000.000
258000.000
256000.000
261000.000
246000.000
258000.000
230000.000
235000.000
238000.000
222000.000
208000.000
206000.000
196000.000
192000.000
206000.000
224000.000
260000.000
248000.000
198000.000
208000.000
218000.000
233000.000
267000.000
250000.000
269000.000
254000.000
291000.000
281000.000
320000.000
331000.000
310000.000
346000.000
368000.000
387000.000
395000.000
397000.000
438000.000
489000.000
459000.000
496000.000
550000.000
544000.000
610000.000
621000.000
647000.000
693000.000
699000.000
732000.000
745000.000
772000.000
834000.000
949000.000
985000.000
1028000.000
1123000.000
1126000.000
1114000.000
1202000.000
1254000.000
1363000.000
1445000.000
1480000.000
1517000.000
1643000.000
1697000.000
1799000.000
1890000.000
1961000.000
2046000.000
2129000.000
2224000.000
2267000.000
2427000.000
769000.000
759000.000
765000.000
756000.000
681000.000
716000.000
803000.000
756000.000
712000.000
805000.000
736000.000
828000.000
706000.000
755000.000
764000.000
728000.000
727000.000
865000.000
1068000.000
2314000.000
3681000.000
4267000.000
4322000.000
4377000.000
4371000.000
4413000.000
4430000.000
4336000.000
4320000.000
4255000.000
4401000.000
4366000.000
4279000.000
4222000.000
4293000.000
4092000.000
4172000.000
4103000.000
4138000.000
4032000.000
4029000.000
4050000.000
3968000.000
4034000.000
3915000.000
3856000.000
3782000.000
3776000.000
3732000.000
3529000.000
3615000.000
3600000.000
3482000.000
3535000.000
3518000.000
3432000.000
3496000.000
3430000.000
3279000.000
3341000.000
3278000.000
3124000.000
3027000.000
2945000.000
2847000.000
2731000.000
2715000.000
2702000.000
2561000.000
2546000.000
2418000.000
2272000.000
2252000.000
2250000.000
2212000.000
2103000.000
1991000.000
1871000.000
1835000.000
1757000.000
1677000.000
1686000.000
1597000.000
1420000.000
1389000.000
1356000.000
1352000.000
1210000.000
1215000.000
1180000.000
1148000.000
1121000.000
1047000.000
978000.000
944000.000
935000.000
895000.000
877000.000
773000.000
765000.000
729000.000
687000.000
652000.000
611000.000
588000.000
562000.000
513000.000
522000.000
477000.000
473000.000
430000.000
389000.000
389000.000
337000.000
366000.000
329000.000
308000.000
303000.000
297000.000
277000.000
269000.000
231000.000
239000.000
193000.000
227000.000
199000.000
177000.000
213000.000
194000.000
188000.000
173000.000
165000.000
175000.000
141000.000
185000.000
149000.000
155000.000
155000.000
146000.000
155000.000
156000.000
135000.000
155000.000
146000.000
151000.000
138000.000
157000.000
139000.000
171000.000
158000.000
159000.000
185000.000
184000.000
189000.000
192000.000
186000.000
206000.000
253000.000
255000.000
230000.000
238000.000
269000.000
278000.000
300000.000
323000.000
324000.000
321000.000
344000.000
450000.000
408000.000
458000.000
473000.000
479000.000
501000.000
583000.000
564000.000
617000.000
591000.000
707000.000
745000.000
768000.000
780000.000
855000.000
885000.000
928000.000
1018000.000
1080000.000
1126000.000
1140000.000
1206000.000
1354000.000
1374000.000
1509000.000
1515000.000
1536000.000
1646000.000
1763000.000
1805000.000
1934000.000
1997000.000
2109000.000
714000.000
747000.000
726000.000
696000.000
748000.000
753000.000
792000.000
726000.000
749000.000
697000.000
775000.000
745000.000
787000.000
754000.000
729000.000
733000.000
848000.000
960000.000
1442000.000
2778000.000
3978000.000
4282000.000
4256000.000
4396000.000
4347000.000
4394000.000
4311000.000
4300000.000
4338000.000
4135000.000
4149000.000
4220000.000
4133000.000
4180000.000
4172000.000
4114000.000
4079000.000
4107000.000
3899000.000
4024000.000
3960000.000
3767000.000
3775000.000
3782000.000
3733000.000
3816000.000
3728000.000
3706000.000
3750000.000
3562000.000
3482000.000
3568000.000
3508000.000
3450000.000
3474000.000
3341000.000
3236000.000
3274000.000
3259000.000
3072000.000
3088000.000
2995000.000
2923000.000
2707000.000
2666000.000
2659000.000
2496000.000
2488000.000
2279000.000
2166000.000
2124000.000
2073000.000
1987000.000
1997000.000
1828000.000
1783000.000
1824000.000
1654000.000
1591000.000
1483000.000
1495000.000
1496000.000
1293000.000
1289000.000
1198000.000
1181000.000
1158000.000
1080000.000
1047000.000
1017000.000
947000.000
915000.000
825000.000
811000.000
773000.000
700000.000
746000.000
660000.000
653000.000
586000.000
612000.000
557000.000
469000.000
487000.000
473000.000
436000.000
387000.000
324000.000
313000.000
299000.000
295000.000
289000.000
289000.000
282000.000
277000.000
219000.000
213000.000
200000.000
181000.000
186000.000
165000.000
167000.000
155000.000
165000.000
164000.000
133000.000
123000.000
138000.000
145000.000
132000.000
121000.000
108000.000
100000.000
99000.000
84000.000
102000.000
94000.000
87000.000
89000.000
86000.000
96000.000
78000.000
78000.000
98000.000
98000.000
88000.000
90000.000
103000.000
106000.000
101000.000
112000.000
115000.000
121000.000
141000.000
127000.000
120000.000
155000.000
162000.000
149000.000
193000.000
176000.000
230000.000
204000.000
212000.000
263000.000
257000.000
226000.000
289000.000
340000.000
361000.000
324000.000
378000.000
404000.000
403000.000
478000.000
486000.000
536000.000
496000.000
577000.000
619000.000
666000.000
661000.000
739000.000
708000.000
831000.000
910000.000
944000.000
954000.000
1037000.000
1106000.000
1163000.000
1229000.000
1311000.000
1333000.000
1440000.000
1526000.000
1632000.000
1676000.000
1815000.000
1984000.000
2035000.000
711000.000
691000.000
684000.000
766000.000
744000.000
715000.000
705000.000
792000.000
738000.000
756000.000
811000.000
780000.000
752000.000
751000.000
790000.000
788000.000
793000.000
802000.000
861000.000
1353000.000
2887000.000
3983000.000
4310000.000
4373000.000
4355000.000
4436000.000
4484000.000
4334000.000
4326000.000
4275000.000
4187000.000
4092000.000
4059000.000
4096000.000
3974000.000
4171000.000
4115000.000
4124000.000
4027000.000
4048000.000
3994000.000
3871000.000
3915000.000
3849000.000
3689000.000
3670000.000
3633000.000
3569000.000
3582000.000
3618000.000
3610000.000
3502000.000
3408000.000
3443000.000
3435000.000
3309000.000
3151000.000
3165000.000
3224000.000
2946000.000
2928000.000
2893000.000
2772000.000
2563000.000
2538000.000
2440000.000
2448000.000
2205000.000
2250000.000
2093000.000
2146000.000
1963000.000
1895000.000
1940000.000
1743000.000
1816000.000
1624000.000
1599000.000
1446000.000
1378000.000
1479000.000
1275000.000
1249000.000
1200000.000
1109000.000
1072000.000
994000.000
921000.000
909000.000
833000.000
882000.000
830000.000
783000.000
693000.000
717000.000
608000.000
592000.000
516000.000
538000.000
515000.000
427000.000
509000.000
429000.000
416000.000
364000.000
377000.000
316000.000
311000.000
282000.000
251000.000
247000.000
212000.000
220000.000
192000.000
167000.000
168000.000
158000.000
145000.000
138000.000
123000.000
120000.000
109000.000
103000.000
106000.000
88000.000
94000.000
88000.000
77000.000
72000.000
59000.000
62000.000
73000.000
63000.000
70000.000
74000.000
53000.000
45000.000
47000.000
59000.000
58000.000
57000.000
55000.000
53000.000
67000.000
59000.000
56000.000
64000.000
65000.000
71000.000
68000.000
58000.000
51000.000
79000.000
65000.000
81000.000
93000.000
78000.000
69000.000
103000.000
94000.000
120000.000
98000.000
143000.000
157000.000
145000.000
143000.000
183000.000
179000.000
185000.000
200000.000
246000.000
272000.000
274000.000
307000.000
306000.000
349000.000
390000.000
433000.000
402000.000
482000.000
454000.000
541000.000
577000.000
586000.000
640000.000
661000.000
745000.000
760000.000
826000.000
811000.000
957000.000
1003000.000
1039000.000
1165000.000
1248000.000
1255000.000
1364000.000
1455000.000
1617000.000
1615000.000
1637000.000
726000.000
696000.000
769000.000
719000.000
725000.000
776000.000
747000.000
724000.000
785000.000
701000.000
701000.000
761000.000
783000.000
819000.000
821000.000
731000.000
789000.000
876000.000
1165000.000
2198000.000
3848000.000
4207000.000
4336000.000
4368000.000
4270000.000
4307000.000
4380000.000
4279000.000
4335000.000
4152000.000
4197000.000
4156000.000
4209000.000
4122000.000
3996000.000
4091000.000
3966000.000
4007000.000
3974000.000
3909000.000
3906000.000
3863000.000
3794000.000
3844000.000
3708000.000
3628000.000
3674000.000
3557000.000
3533000.000
3422000.000
3570000.000
3469000.000
3415000.000
3368000.000
3328000.000
3185000.000
3109000.000
3015000.000
2942000.000
2921000.000
2776000.000
2674000.000
2508000.000
2415000.000
2318000.000
2248000.000
2148000.000
2111000.000
2010000.000
1963000.000
1861000.000
1786000.000
1790000.000
1612000.000
1584000.000
1509000.000
1432000.000
1349000.000
1399000.000
1235000.000
1207000.000
1132000.000
1119000.000
1006000.000
947000.000
899000.000
889000.000
845000.000
802000.000
738000.000
653000.000
688000.000
637000.000
545000.000
523000.000
448000.000
471000.000
470000.000
400000.000
362000.000
402000.000
357000.000
307000.000
319000.000
237000.000
231000.000
214000.000
179000.000
192000.000
160000.000
160000.000
156000.000
145000.000
135000.000
117000.000
102000.000
92000.000
102000.000
96000.000
71000.000
74000.000
51000.000
76000.000
61000.000
51000.000
72000.000
49000.000
52000.000
45000.000
45000.000
46000.000
41000.000
43000.000
21000.000
43000.000
43000.000
38000.000
34000.000
35000.000
41000.000
40000.000
48000.000
29000.000
33000.000
41000.000
36000.000
31000.000
55000.000
42000.000
40000.000
56000.000
61000.000
53000.000
53000.000
59000.000
57000.000
59000.000
69000.000
76000.000
68000.000
75000.000
89000.000
96000.000
110000.000
130000.000
134000.000
155000.000
144000.000
137000.000
173000.000
221000.000
198000.000
218000.000
268000.000
242000.000
293000.000
261000.000
356000.000
359000.000
391000.000
408000.000
431000.000
434000.000
473000.000
531000.000
576000.000
606000.000
619000.000
675000.000
741000.000
795000.000
893000.000
992000.000
1007000.000
1170000.000
1171000.000
1244000.000
1299000.000
1401000.000
1424000.000
1558000.000
765000.000
729000.000
770000.000
775000.000
707000.000
743000.000
742000.000
794000.000
720000.000
767000.000
762000.000
738000.000
692000.000
779000.000
769000.000
811000.000
770000.000
771000.000
811000.000
1082000.000
2201000.000
3773000.000
4263000.000
4292000.000
4347000.000
4399000.000
4194000.000
4286000.000
4230000.000
4241000.000
4214000.000
4089000.000
4170000.000
4131000.000
4036000.000
3965000.000
4151000.000
4093000.000
3982000.000
3891000.000
3862000.000
3794000.000
3767000.000
3782000.000
3646000.000
3618000.000
3519000.000
3593000.000
3568000.000
3452000.000
3326000.000
3359000.000
3259000.000
3334000.000
3322000.000
3118000.000
3134000.000
3079000.000
2953000.000
2775000.000
2596000.000
2597000.000
2481000.000
2299000.000
2273000.000
2052000.000
2084000.000
1932000.000
1979000.000
1857000.000
1797000.000
1643000.000
1627000.000
1515000.000
1432000.000
1356000.000
1337000.000
1291000.000
1259000.000
1199000.000
1128000.000
1049000.000
1023000.000
949000.000
875000.000
889000.000
787000.000
767000.000
699000.000
684000.000
660000.000
584000.000
541000.000
470000.000
505000.000
409000.000
399000.000
356000.000
361000.000
324000.000
296000.000
298000.000
252000.000
239000.000
198000.000
163000.000
157000.000
184000.000
132000.000
159000.000
126000.000
97000.000
86000.000
102000.000
73000.000
71000.000
62000.000
47000.000
53000.000
58000.000
51000.000
49000.000
39000.000
42000.000
57000.000
55000.000
41000.000
36000.000
28000.000
28000.000
24000.000
24000.000
23000.000
21000.000
15000.000
17000.000
20000.000
27000.000
25000.000
16000.000
12000.000
17000.000
26000.000
20000.000
15000.000
20000.000
15000.000
18000.000
17000.000
24000.000
31000.000
26000.000
28000.000
32000.000
27000.000
31000.000
35000.000
38000.000
54000.000
52000.000
55000.000
51000.000
51000.000
51000.000
55000.000
79000.000
94000.000
91000.000
93000.000
108000.000
128000.000
155000.000
159000.000
157000.000
167000.000
206000.000
231000.000
239000.000
227000.000
254000.000
301000.000
318000.000
349000.000
353000.000
404000.000
424000.000
461000.000
524000.000
592000.000
595000.000
603000.000
669000.000
751000.000
819000.000
866000.000
859000.000
949000.000
1026000.000
1192000.000
1214000.000
1307000.000
758000.000
801000.000
801000.000
761000.000
788000.000
799000.000
752000.000
747000.000
770000.000
758000.000
734000.000
751000.000
715000.000
688000.000
704000.000
759000.000
736000.000
793000.000
924000.000
1368000.000
2815000.000
4057000.000
4519000.000
4382000.000
4331000.000
4189000.000
4259000.000
4208000.000
4226000.000
4214000.000
4110000.000
4176000.000
4110000.000
4042000.000
3998000.000
4009000.000
3967000.000
3941000.000
3921000.000
3858000.000
3749000.000
3841000.000
3757000.000
3597000.000
3634000.000
3515000.000
3520000.000
3435000.000
3369000.000
3454000.000
3136000.000
3226000.000
3124000.000
3075000.000
3024000.000
2916000.000
2883000.000
2708000.000
2670000.000
2532000.000
2409000.000
2318000.000
2281000.000
2124000.000
2029000.000
1891000.000
1846000.000
1780000.000
1684000.000
1610000.000
1570000.000
1463000.000
1384000.000
1382000.000
1331000.000
1263000.000
1227000.000
1070000.000
1065000.000
966000.000
976000.000
920000.000
819000.000
807000.000
731000.000
693000.000
652000.000
607000.000
593000.000
547000.000
484000.000
458000.000
434000.000
408000.000
395000.000
328000.000
294000.000
295000.000
248000.000
185000.000
209000.000
178000.000
144000.000
149000.000
139000.000
129000.000
102000.000
89000.000
95000.000
74000.000
75000.000
78000.000
55000.000
45000.000
41000.000
33000.000
42000.000
42000.000
36000.000
26000.000
28000.000
29000.000
27000.000
24000.000
30000.000
19000.000
17000.000
17000.000
16000.000
15000.000
12000.000
18000.000
10000.000
9000.000
8000.000
9000.000
12000.000
3000.000
11000.000
5000.000
3000.000
8000.000
12000.000
11000.000
6000.000
11000.000
8000.000
6000.000
9000.000
17000.000
11000.000
20000.000
15000.000
11000.000
15000.000
21000.000
21000.000
28000.000
30000.000
21000.000
50000.000
38000.000
55000.000
46000.000
46000.000
43000.000
54000.000
67000.000
79000.000
70000.000
81000.000
93000.000
92000.000
119000.000
111000.000
129000.000
147000.000
187000.000
204000.000
231000.000
238000.000
232000.000
278000.000
326000.000
300000.000
350000.000
396000.000
446000.000
452000.000
528000.000
541000.000
651000.000
634000.000
698000.000
769000.000
815000.000
862000.000
901000.000
1059000.000
1090000.000
1188000.000
752000.000
793000.000
761000.000
782000.000
752000.000
756000.000
809000.000
739000.000
817000.000
757000.000
776000.000
761000.000
780000.000
756000.000
705000.000
699000.000
742000.000
765000.000
842000.000
875000.000
1297000.000
2616000.000
3909000.000
4329000.000
4375000.000
4345000.000
4238000.000
4158000.000
4220000.000
4157000.000
4168000.000
4083000.000
4094000.000
4002000.000
3959000.000
3992000.000
4011000.000
3867000.000
4002000.000
3869000.000
3757000.000
3715000.000
3651000.000
3631000.000
3674000.000
3468000.000
3473000.000
3390000.000
3367000.000
3336000.000
3157000.000
3210000.000
3135000.000
2923000.000
2951000.000
2893000.000
2760000.000
2655000.000
2590000.000
2412000.000
2281000.000
2259000.000
2150000.000
2029000.000
1959000.000
1816000.000
1777000.000
1674000.000
1647000.000
1599000.000
1464000.000
1311000.000
1280000.000
1249000.000
1231000.000
1077000.000
1094000.000
1034000.000
898000.000
944000.000
879000.000
837000.000
733000.000
717000.000
677000.000
641000.000
535000.000
522000.000
544000.000
462000.000
394000.000
450000.000
366000.000
338000.000
295000.000
290000.000
275000.000
204000.000
205000.000
176000.000
166000.000
166000.000
129000.000
109000.000
92000.000
85000.000
87000.000
72000.000
55000.000
49000.000
58000.000
53000.000
46000.000
42000.000
30000.000
25000.000
27000.000
23000.000
17000.000
13000.000
12000.000
15000.000
10000.000
15000.000
12000.000
9000.000
9000.000
7000.000
6000.000
15000.000
8000.000
6000.000
9000.000
9000.000
4000.000
2000.000
8000.000
4000.000
10000.000
4000.000
6000.000
3000.000
2000.000
6000.000
10000.000
4000.000
6000.000
5000.000
5000.000
4000.000
7000.000
6000.000
4000.000
5000.000
6000.000
10000.000
13000.000
13000.000
18000.000
14000.000
10000.000
18000.000
23000.000
25000.000
37000.000
29000.000
28000.000
43000.000
43000.000
52000.000
43000.000
49000.000
56000.000
62000.000
79000.000
89000.000
86000.000
94000.000
106000.000
128000.000
156000.000
147000.000
170000.000
206000.000
211000.000
254000.000
264000.000
308000.000
320000.000
379000.000
390000.000
446000.000
489000.000
544000.000
600000.000
615000.000
704000.000
743000.000
805000.000
859000.000
918000.000
796000.000
748000.000
737000.000
782000.000
849000.000
800000.000
752000.000
695000.000
707000.000
733000.000
766000.000
812000.000
773000.000
804000.000
683000.000
802000.000
763000.000
803000.000
829000.000
1024000.000
1892000.000
3441000.000
4132000.000
4191000.000
4173000.000
4248000.000
4180000.000
4219000.000
4176000.000
4115000.000
4139000.000
4127000.000
4058000.000
4004000.000
3925000.000
3815000.000
3883000.000
3871000.000
3845000.000
3915000.000
3686000.000
3784000.000
3596000.000
3530000.000
3408000.000
3459000.000
3401000.000
3322000.000
3210000.000
3137000.000
3087000.000
2926000.000
2883000.000
2859000.000
2743000.000
2622000.000
2441000.000
2445000.000
2257000.000
2190000.000
2089000.000
1944000.000
1891000.000
1743000.000
1668000.000
1584000.000
1516000.000
1486000.000
1427000.000
1326000.000
1239000.000
1172000.000
1103000.000
1169000.000
1022000.000
936000.000
923000.000
876000.000
803000.000
745000.000
701000.000
638000.000
591000.000
589000.000
547000.000
518000.000
465000.000
434000.000
368000.000
337000.000
276000.000
275000.000
265000.000
247000.000
202000.000
165000.000
155000.000
144000.000
110000.000
101000.000
106000.000
85000.000
72000.000
64000.000
59000.000
52000.000
63000.000
46000.000
41000.000
30000.000
24000.000
19000.000
25000.000
6000.000
15000.000
8000.000
10000.000
12000.000
8000.000
8000.000
4000.000
5000.000
9000.000
7000.000
9000.000
6000.000
4000.000
5000.000
10000.000
6000.000
7000.000
7000.000
6000.000
7000.000
4000.000
5000.000
5000.000
3000.000
4000.000
4000.000
2000.000
2000.000
7000.000
8000.000
3000.000
4000.000
6000.000
5000.000
4000.000
3000.000
3000.000
5000.000
7000.000
2000.000
7000.000
9000.000
9000.000
8000.000
8000.000
12000.000
13000.000
16000.000
17000.000
10000.000
15000.000
18000.000
21000.000
28000.000
29000.000
25000.000
42000.000
43000.000
45000.000
63000.000
77000.000
75000.000
77000.000
72000.000
94000.000
97000.000
119000.000
118000.000
144000.000
162000.000
194000.000
198000.000
208000.000
265000.000
308000.000
320000.000
349000.000
406000.000
405000.000
475000.000
485000.000
569000.000
576000.000
638000.000
700000.000
790000.000
805000.000
758000.000
747000.000
767000.000
839000.000
790000.000
778000.000
839000.000
775000.000
764000.000
783000.000
760000.000
845000.000
812000.000
843000.000
742000.000
788000.000
715000.000
704000.000
738000.000
847000.000
940000.000
1764000.000
3295000.000
4148000.000
4212000.000
4282000.000
4210000.000
4120000.000
4040000.000
4018000.000
4030000.000
4091000.000
3996000.000
3941000.000
3958000.000
3961000.000
3960000.000
3849000.000
3885000.000
3731000.000
3701000.000
3674000.000
3687000.000
3453000.000
3479000.000
3504000.000
3308000.000
3208000.000
3114000.000
3083000.000
2983000.000
3036000.000
2855000.000
2777000.000
2693000.000
2542000.000
2487000.000
2308000.000
2153000.000
2070000.000
1967000.000
1893000.000
1794000.000
1727000.000
1649000.000
1504000.000
1520000.000
1414000.000
1361000.000
1300000.000
1181000.000
1138000.000
1025000.000
972000.000
1015000.000
912000.000
865000.000
773000.000
711000.000
697000.000
677000.000
568000.000
589000.000
523000.000
467000.000
429000.000
420000.000
361000.000
327000.000
321000.000
296000.000
262000.000
190000.000
197000.000
146000.000
136000.000
115000.000
113000.000
87000.000
76000.000
77000.000
38000.000
58000.000
38000.000
31000.000
20000.000
33000.000
29000.000
26000.000
21000.000
18000.000
9000.000
19000.000
7000.000
8000.000
3000.000
6000.000
8000.000
6000.000
5000.000
2000.000
1000.000
6000.000
7000.000
2000.000
7000.000
2000.000
4000.000
4000.000
6000.000
8000.000
6000.000
4000.000
6000.000
5000.000
4000.000
6000.000
4000.000
5000.000
3000.000
1000.000
7000.000
2000.000
5000.000
4000.000
5000.000
2000.000
5000.000
0.000
4000.000
3000.000
3000.000
5000.000
8000.000
6000.000
6000.000
4000.000
2000.000
4000.000
4000.000
6000.000
7000.000
8000.000
17000.000
6000.000
8000.000
11000.000
16000.000
10000.000
15000.000
12000.000
26000.000
17000.000
26000.000
33000.000
44000.000
49000.000
58000.000
63000.000
56000.000
47000.000
74000.000
71000.000
92000.000
89000.000
134000.000
141000.000
160000.000
168000.000
212000.000
225000.000
243000.000
343000.000
327000.000
350000.000
406000.000
451000.000
500000.000
547000.000
582000.000
612000.000
793000.000
831000.000
828000.000
805000.000
804000.000
834000.000
731000.000
745000.000
785000.000
767000.000
786000.000
832000.000
784000.000
816000.000
814000.000
754000.000
768000.000
792000.000
805000.000
915000.000
1230000.000
2606000.000
3913000.000
4178000.000
4169000.000
4090000.000
4177000.000
4246000.000
4010000.000
3969000.000
4016000.000
4015000.000
3900000.000
3784000.000
3814000.000
3791000.000
3848000.000
3813000.000
3741000.000
3647000.000
3611000.000
3486000.000
3587000.000
3401000.000
3254000.000
3235000.000
3179000.000
3078000.000
2940000.000
2901000.000
2786000.000
2651000.000
2539000.000
2463000.000
2385000.000
2269000.000
2220000.000
2098000.000
2025000.000
1846000.000
1754000.000
1616000.000
1584000.000
1482000.000
1341000.000
1270000.000
1238000.000
1216000.000
1110000.000
1087000.000
1026000.000
921000.000
874000.000
853000.000
805000.000
680000.000
704000.000
622000.000
648000.000
543000.000
482000.000
431000.000
416000.000
383000.000
345000.000
327000.000
302000.000
275000.000
229000.000
204000.000
194000.000
162000.000
146000.000
120000.000
86000.000
88000.000
76000.000
58000.000
48000.000
42000.000
44000.000
40000.000
32000.000
27000.000
21000.000
23000.000
19000.000
7000.000
13000.000
11000.000
8000.000
6000.000
3000.000
7000.000
2000.000
4000.000
5000.000
5000.000
9000.000
6000.000
4000.000
5000.000
5000.000
1000.000
3000.000
3000.000
4000.000
1000.000
6000.000
6000.000
4000.000
2000.000
1000.000
6000.000
1000.000
3000.000
1000.000
0.000
1000.000
4000.000
3000.000
1000.000
2000.000
3000.000
5000.000
3000.000
3000.000
2000.000
5000.000
8000.000
7000.000
0.000
3000.000
7000.000
7000.000
2000.000
3000.000
3000.000
7000.000
6000.000
1000.000
1000.000
6000.000
6000.000
13000.000
11000.000
11000.000
6000.000
12000.000
12000.000
12000.000
17000.000
18000.000
15000.000
25000.000
19000.000
30000.000
35000.000
29000.000
44000.000
44000.000
51000.000
72000.000
89000.000
81000.000
94000.000
115000.000
115000.000
148000.000
173000.000
186000.000
202000.000
233000.000
289000.000
312000.000
369000.000
406000.000
452000.000
435000.000
550000.000
609000.000
802000.000
813000.000
819000.000
773000.000
819000.000
816000.000
768000.000
828000.000
795000.000
767000.000
756000.000
802000.000
767000.000
767000.000
768000.000
747000.000
758000.000
790000.000
798000.000
725000.000
812000.000
1072000.000
2267000.000
3543000.000
4064000.000
4160000.000
4160000.000
4096000.000
4121000.000
4120000.000
3962000.000
4029000.000
3949000.000
3889000.000
3899000.000
3815000.000
3875000.000
3749000.000
3673000.000
3636000.000
3619000.000
3561000.000
3480000.000
3299000.000
3206000.000
3237000.000
3031000.000
3024000.000
2943000.000
2716000.000
2717000.000
2631000.000
2528000.000
2381000.000
2374000.000
2224000.000
2053000.000
2012000.000
1926000.000
1847000.000
1702000.000
1659000.000
1485000.000
1464000.000
1346000.000
1272000.000
1144000.000
1102000.000
1010000.000
957000.000
980000.000
884000.000
744000.000
756000.000
766000.000
684000.000
610000.000
600000.000
562000.000
548000.000
424000.000
378000.000
356000.000
266000.000
308000.000
255000.000
248000.000
221000.000
225000.000
151000.000
171000.000
137000.000
117000.000
87000.000
73000.000
61000.000
57000.000
51000.000
24000.000
28000.000
24000.000
24000.000
29000.000
28000.000
15000.000
13000.000
15000.000
5000.000
4000.000
6000.000
1000.000
7000.000
9000.000
3000.000
7000.000
2000.000
4000.000
5000.000
5000.000
9000.000
2000.000
4000.000
6000.000
6000.000
3000.000
3000.000
2000.000
3000.000
0.000
2000.000
4000.000
1000.000
3000.000
4000.000
4000.000
3000.000
4000.000
0.000
4000.000
0.000
1000.000
4000.000
3000.000
1000.000
6000.000
3000.000
4000.000
5000.000
4000.000
2000.000
3000.000
4000.000
3000.000
1000.000
1000.000
4000.000
5000.000
6000.000
4000.000
6000.000
2000.000
3000.000
1000.000
2000.000
3000.000
2000.000
1000.000
6000.000
9000.000
8000.000
4000.000
11000.000
7000.000
6000.000
5000.000
7000.000
13000.000
11000.000
15000.000
15000.000
22000.000
19000.000
29000.000
43000.000
50000.000
67000.000
73000.000
83000.000
85000.000
76000.000
97000.000
129000.000
178000.000
182000.000
226000.000
237000.000
251000.000
302000.000
324000.000
387000.000
435000.000
823000.000
822000.000
783000.000
859000.000
830000.000
848000.000
854000.000
844000.000
834000.000
791000.000
727000.000
720000.000
798000.000
816000.000
787000.000
772000.000
792000.000
760000.000
741000.000
825000.000
868000.000
1428000.000
2757000.000
3755000.000
4048000.000
4063000.000
4055000.000
4012000.000
3869000.000
3955000.000
3882000.000
3925000.000
3828000.000
3777000.000
3716000.000
3624000.000
3710000.000
3584000.000
3539000.000
3552000.000
3487000.000
3382000.000
3156000.000
3170000.000
3097000.000
3041000.000
2910000.000
2746000.000
2708000.000
2645000.000
2440000.000
2410000.000
2298000.000
2168000.000
2045000.000
1882000.000
1890000.000
1724000.000
1662000.000
1637000.000
1498000.000
1419000.000
1338000.000
1229000.000
1110000.000
1031000.000
996000.000
930000.000
912000.000
844000.000
767000.000
712000.000
683000.000
621000.000
596000.000
513000.000
475000.000
411000.000
454000.000
366000.000
346000.000
275000.000
272000.000
223000.000
196000.000
174000.000
149000.000
139000.000
121000.000
101000.000
86000.000
82000.000
71000.000
53000.000
39000.000
46000.000
26000.000
29000.000
19000.000
18000.000
12000.000
8000.000
10000.000
11000.000
9000.000
4000.000
4000.000
5000.000
7000.000
6000.000
5000.000
2000.000
8000.000
5000.000
1000.000
6000.000
3000.000
5000.000
5000.000
4000.000
1000.000
2000.000
2000.000
5000.000
1000.000
4000.000
5000.000
4000.000
0.000
4000.000
3000.000
2000.000
3000.000
2000.000
3000.000
9000.000
2000.000
1000.000
4000.000
2000.000
4000.000
3000.000
0.000
3000.000
3000.000
5000.000
2000.000
4000.000
3000.000
4000.000
3000.000
3000.000
1000.000
1000.000
0.000
2000.000
4000.000
2000.000
5000.000
2000.000
3000.000
8000.000
3000.000
4000.000
5000.000
3000.000
4000.000
3000.000
8000.000
3000.000
3000.000
6000.000
5000.000
6000.000
8000.000
4000.000
6000.000
4000.000
15000.000
9000.000
17000.000
13000.000
21000.000
19000.000
21000.000
41000.000
54000.000
60000.000
73000.000
82000.000
67000.000
112000.000
129000.000
162000.000
172000.000
231000.000
239000.000
230000.000
287000.000
335000.000
406000.000
860000.000
825000.000
828000.000
831000.000
845000.000
875000.000
836000.000
824000.000
807000.000
819000.000
811000.000
796000.000
816000.000
803000.000
765000.000
744000.000
812000.000
794000.000
712000.000
670000.000
718000.000
882000.000
1176000.000
2340000.000
3642000.000
3976000.000
3950000.000
4017000.000
4026000.000
3913000.000
3882000.000
3902000.000
3860000.000
3732000.000
3742000.000
3684000.000
3628000.000
3663000.000
3489000.000
3485000.000
3523000.000
3361000.000
3272000.000
3237000.000
3047000.000
2863000.000
2922000.000
2704000.000
2612000.000
2500000.000
2404000.000
2329000.000
2218000.000
2104000.000
2023000.000
1963000.000
1786000.000
1740000.000
1580000.000
1574000.000
1442000.000
1383000.000
1303000.000
1226000.000
1136000.000
993000.000
933000.000
847000.000
796000.000
775000.000
744000.000
670000.000
598000.000
546000.000
526000.000
492000.000
435000.000
398000.000
354000.000
316000.000
289000.000
237000.000
209000.000
200000.000
174000.000
168000.000
126000.000
126000.000
77000.000
69000.000
63000.000
51000.000
40000.000
37000.000
37000.000
42000.000
21000.000
26000.000
13000.000
18000.000
9000.000
6000.000
11000.000
7000.000
9000.000
2000.000
2000.000
6000.000
5000.000
4000.000
4000.000
5000.000
3000.000
2000.000
7000.000
1000.000
4000.000
5000.000
4000.000
3000.000
2000.000
5000.000
1000.000
5000.000
0.000
4000.000
2000.000
1000.000
3000.000
3000.000
3000.000
2000.000
5000.000
4000.000
1000.000
4000.000
2000.000
1000.000
1000.000
1000.000
3000.000
2000.000
3000.000
1000.000
3000.000
6000.000
2000.000
4000.000
2000.000
5000.000
5000.000
2000.000
3000.000
4000.000
7000.000
3000.000
0.000
1000.000
2000.000
1000.000
1000.000
5000.000
6000.000
1000.000
2000.000
1000.000
4000.000
3000.000
3000.000
3000.000
1000.000
5000.000
2000.000
5000.000
3000.000
5000.000
6000.000
2000.000
5000.000
7000.000
9000.000
11000.000
7000.000
11000.000
16000.000
10000.000
17000.000
27000.000
36000.000
45000.000
65000.000
73000.000
77000.000
87000.000
96000.000
119000.000
129000.000
190000.000
227000.000
241000.000
249000.000
858000.000
851000.000
839000.000
876000.000
822000.000
809000.000
814000.000
838000.000
830000.000
796000.000
817000.000
823000.000
893000.000
795000.000
843000.000
828000.000
751000.000
779000.000
763000.000
707000.000
754000.000
835000.000
1244000.000
2471000.000
3551000.000
3904000.000
3945000.000
4007000.000
3851000.000
3786000.000
3820000.000
3783000.000
3692000.000
3694000.000
3619000.000
3670000.000
3487000.000
3595000.000
3453000.000
3296000.000
3271000.000
3184000.000
3135000.000
2996000.000
2746000.000
2667000.000
2635000.000
2582000.000
2315000.000
2285000.000
2124000.000
1942000.000
2015000.000
1922000.000
1761000.000
1600000.000
1538000.000
1538000.000
1381000.000
1286000.000
1245000.000
1181000.000
1057000.000
1002000.000
901000.000
850000.000
784000.000
701000.000
662000.000
593000.000
582000.000
513000.000
435000.000
435000.000
395000.000
368000.000
306000.000
282000.000
238000.000
215000.000
192000.000
152000.000
126000.000
109000.000
116000.000
85000.000
55000.000
58000.000
54000.000
37000.000
41000.000
35000.000
22000.000
13000.000
18000.000
15000.000
9000.000
9000.000
14000.000
7000.000
4000.000
2000.000
4000.000
1000.000
2000.000
6000.000
8000.000
1000.000
2000.000
3000.000
1000.000
2000.000
3000.000
1000.000
3000.000
2000.000
4000.000
3000.000
0.000
3000.000
3000.000
5000.000
8000.000
3000.000
3000.000
2000.000
4000.000
4000.000
5000.000
2000.000
3000.000
5000.000
2000.000
3000.000
1000.000
1000.000
4000.000
5000.000
3000.000
0.000
3000.000
5000.000
2000.000
8000.000
4000.000
1000.000
2000.000
4000.000
2000.000
4000.000
3000.000
4000.000
3000.000
0.000
1000.000
4000.000
0.000
0.000
4000.000
3000.000
4000.000
2000.000
1000.000
2000.000
1000.000
6000.000
4000.000
4000.000
3000.000
2000.000
5000.000
3000.000
3000.000
3000.000
2000.000
6000.000
3000.000
4000.000
4000.000
3000.000
6000.000
6000.000
7000.000
7000.000
7000.000
8000.000
9000.000
18000.000
21000.000
33000.000
41000.000
55000.000
51000.000
65000.000
72000.000
102000.000
94000.000
128000.000
166000.000
194000.000
236000.000
818000.000
866000.000
832000.000
831000.000
896000.000
863000.000
832000.000
755000.000
846000.000
873000.000
791000.000
883000.000
790000.000
821000.000
822000.000
794000.000
802000.000
825000.000
716000.000
685000.000
733000.000
711000.000
792000.000
946000.000
2060000.000
3461000.000
3830000.000
3861000.000
3760000.000
3786000.000
3749000.000
3800000.000
3650000.000
3624000.000
3613000.000
3560000.000
3469000.000
3515000.000
3369000.000
3368000.000
3211000.000
3155000.000
2979000.000
2849000.000
2848000.000
2761000.000
2526000.000
2414000.000
2318000.000
2207000.000
2000000.000
1932000.000
1853000.000
1840000.000
1691000.000
1637000.000
1579000.000
1482000.000
1312000.000
1242000.000
1177000.000
1069000.000
1071000.000
956000.000
873000.000
727000.000
678000.000
576000.000
583000.000
526000.000
527000.000
473000.000
398000.000
356000.000
354000.000
345000.000
291000.000
241000.000
205000.000
182000.000
182000.000
128000.000
118000.000
92000.000
87000.000
71000.000
59000.000
45000.000
34000.000
26000.000
24000.000
13000.000
16000.000
9000.000
17000.000
8000.000
6000.000
7000.000
9000.000
5000.000
1000.000
6000.000
5000.000
3000.000
5000.000
4000.000
3000.000
3000.000
3000.000
4000.000
3000.000
3000.000
3000.000
1000.000
2000.000
4000.000
3000.000
5000.000
4000.000
1000.000
3000.000
0.000
0.000
4000.000
4000.000
1000.000
5000.000
3000.000
1000.000
5000.000
2000.000
4000.000
4000.000
3000.000
2000.000
2000.000
3000.000
5000.000
2000.000
2000.000
3000.000
0.000
2000.000
1000.000
4000.000
3000.000
5000.000
1000.000
2000.000
3000.000
2000.000
6000.000
3000.000
2000.000
2000.000
2000.000
1000.000
2000.000
3000.000
5000.000
3000.000
3000.000
4000.000
4000.000
2000.000
3000.000
2000.000
1000.000
5000.000
1000.000
3000.000
1000.000
3000.000
3000.000
3000.000
2000.000
4000.000
2000.000
9000.000
3000.000
4000.000
5000.000
3000.000
2000.000
3000.000
3000.000
5000.000
9000.000
14000.000
12000.000
15000.000
22000.000
29000.000
25000.000
56000.000
59000.000
73000.000
71000.000
85000.000
102000.000
128000.000
848000.000
874000.000
872000.000
856000.000
796000.000
837000.000
799000.000
878000.000
805000.000
861000.000
852000.000
888000.000
854000.000
775000.000
792000.000
816000.000
734000.000
783000.000
735000.000
701000.000
713000.000
759000.000
824000.000
1267000.000
2717000.000
3581000.000
3842000.000
3769000.000
3809000.000
3622000.000
3782000.000
3674000.000
3567000.000
3578000.000
3477000.000
3496000.000
3492000.000
3393000.000
3203000.000
3074000.000
2990000.000
2883000.000
2815000.000
2696000.000
2507000.000
2426000.000
2372000.000
2220000.000
2069000.000
2015000.000
1841000.000
1751000.000
1682000.000
1569000.000
1453000.000
1339000.000
1385000.000
1290000.000
1138000.000
1098000.000
981000.000
886000.000
871000.000
809000.000
696000.000
605000.000
553000.000
500000.000
439000.000
440000.000
390000.000
324000.000
309000.000
258000.000
263000.000
210000.000
171000.000
165000.000
151000.000
115000.000
110000.000
82000.000
79000.000
39000.000
44000.000
40000.000
33000.000
26000.000
19000.000
12000.000
16000.000
12000.000
9000.000
13000.000
6000.000
9000.000
3000.000
5000.000
4000.000
6000.000
3000.000
5000.000
3000.000
4000.000
4000.000
4000.000
3000.000
1000.000
1000.000
3000.000
2000.000
5000.000
4000.000
0.000
1000.000
1000.000
4000.000
1000.000
2000.000
1000.000
2000.000
3000.000
5000.000
2000.000
8000.000
4000.000
5000.000
8000.000
2000.000
2000.000
1000.000
3000.000
4000.000
2000.000
6000.000
3000.000
3000.000
3000.000
2000.000
1000.000
1000.000
7000.000
3000.000
6000.000
4000.000
5000.000
1000.000
2000.000
2000.000
3000.000
3000.000
2000.000
4000.000
4000.000
0.000
2000.000
7000.000
2000.000
7000.000
2000.000
2000.000
3000.000
1000.000
2000.000
5000.000
2000.000
2000.000
1000.000
6000.000
3000.000
4000.000
5000.000
2000.000
4000.000
3000.000
4000.000
4000.000
5000.000
1000.000
7000.000
4000.000
3000.000
7000.000
2000.000
4000.000
7000.000
3000.000
4000.000
8000.000
6000.000
16000.000
9000.000
27000.000
20000.000
31000.000
40000.000
55000.000
84000.000
79000.000
82000.000
110000.000
836000.000
860000.000
836000.000
880000.000
904000.000
762000.000
800000.000
839000.000
853000.000
819000.000
831000.000
816000.000
786000.000
830000.000
779000.000
757000.000
758000.000
753000.000
771000.000
752000.000
753000.000
765000.000
772000.000
818000.000
1157000.000
2452000.000
3490000.000
3644000.000
3685000.000
3627000.000
3576000.000
3537000.000
3520000.000
3472000.000
3319000.000
3387000.000
3342000.000
3376000.000
3154000.000
3085000.000
3017000.000
2898000.000
2858000.000
2680000.000
2602000.000
2439000.000
2226000.000
2199000.000
1973000.000
1967000.000
1820000.000
1753000.000
1709000.000
1560000.000
1396000.000
1364000.000
1257000.000
1195000.000
1145000.000
1055000.000
932000.000
901000.000
805000.000
730000.000
665000.000
635000.000
506000.000
465000.000
428000.000
380000.000
340000.000
293000.000
277000.000
205000.000
200000.000
200000.000
150000.000
133000.000
94000.000
103000.000
79000.000
64000.000
46000.000
51000.000
24000.000
30000.000
23000.000
12000.000
11000.000
14000.000
5000.000
7000.000
6000.000
5000.000
3000.000
3000.000
2000.000
1000.000
1000.000
2000.000
3000.000
6000.000
5000.000
3000.000
2000.000
3000.000
3000.000
2000.000
0.000
1000.000
1000.000
2000.000
1000.000
3000.000
3000.000
3000.000
1000.000
1000.000
3000.000
3000.000
1000.000
3000.000
2000.000
1000.000
1000.000
1000.000
6000.000
2000.000
3000.000
4000.000
4000.000
5000.000
2000.000
2000.000
0.000
1000.000
2000.000
6000.000
3000.000
4000.000
4000.000
1000.000
1000.000
4000.000
5000.000
6000.000
4000.000
2000.000
3000.000
2000.000
2000.000
4000.000
1000.000
5000.000
2000.000
3000.000
5000.000
4000.000
4000.000
0.000
4000.000
1000.000
4000.000
3000.000
3000.000
4000.000
4000.000
4000.000
2000.000
7000.000
7000.000
2000.000
3000.000
2000.000
3000.000
4000.000
3000.000
2000.000
2000.000
1000.000
4000.000
4000.000
3000.000
2000.000
6000.000
4000.000
0.000
6000.000
4000.000
5000.000
12000.000
9000.000
13000.000
13000.000
17000.000
23000.000
27000.000
30000.000
35000.000
48000.000
72000.000
819000.000
892000.000
857000.000
907000.000
886000.000
855000.000
848000.000
821000.000
788000.000
779000.000
845000.000
813000.000
753000.000
800000.000
783000.000
742000.000
756000.000
793000.000
721000.000
763000.000
735000.000
752000.000
838000.000
905000.000
1426000.000
2834000.000
3498000.000
3604000.000
3688000.000
3607000.000
3611000.000
3570000.000
3421000.000
3368000.000
3262000.000
3365000.000
3346000.000
3153000.000
3041000.000
2953000.000
2846000.000
2684000.000
2557000.000
2300000.000
2273000.000
2204000.000
2044000.000
2029000.000
1860000.000
1724000.000
1680000.000
1516000.000
1425000.000
1283000.000
1230000.000
1161000.000
1041000.000
1029000.000
912000.000
915000.000
833000.000
732000.000
668000.000
627000.000
534000.000
431000.000
369000.000
320000.000
283000.000
289000.000
254000.000
178000.000
185000.000
143000.000
134000.000
108000.000
102000.000
81000.000
65000.000
43000.000
38000.000
41000.000
35000.000
26000.000
18000.000
14000.000
13000.000
7000.000
5000.000
5000.000
5000.000
8000.000
4000.000
6000.000
4000.000
1000.000
0.000
3000.000
6000.000
2000.000
3000.000
6000.000
4000.000
1000.000
3000.000
7000.000
1000.000
1000.000
3000.000
3000.000
3000.000
2000.000
3000.000
3000.000
2000.000
1000.000
4000.000
2000.000
3000.000
1000.000
2000.000
1000.000
2000.000
3000.000
4000.000
4000.000
2000.000
2000.000
1000.000
8000.000
1000.000
0.000
0.000
4000.000
2000.000
3000.000
3000.000
2000.000
0.000
3000.000
4000.000
8000.000
1000.000
5000.000
4000.000
4000.000
1000.000
3000.000
3000.000
0.000
2000.000
4000.000
2000.000
2000.000
5000.000
2000.000
4000.000
4000.000
3000.000
4000.000
1000.000
5000.000
4000.000
4000.000
4000.000
6000.000
2000.000
6000.000
4000.000
0.000
7000.000
4000.000
2000.000
6000.000
1000.000
6000.000
1000.000
1000.000
5000.000
5000.000
2000.000
8000.000
5000.000
4000.000
2000.000
2000.000
3000.000
5000.000
1000.000
3000.000
5000.000
7000.000
4000.000
11000.000
8000.000
7000.000
9000.000
20000.000
36000.000
39000.000
73000.000
798000.000
834000.000
879000.000
846000.000
816000.000
780000.000
794000.000
843000.000
834000.000
803000.000
774000.000
837000.000
773000.000
826000.000
789000.000
777000.000
728000.000
776000.000
742000.000
770000.000
743000.000
744000.000
747000.000
754000.000
809000.000
1201000.000
2456000.000
3371000.000
3602000.000
3663000.000
3583000.000
3596000.000
3485000.000
3307000.000
3297000.000
3293000.000
3232000.000
3187000.000
2992000.000
2941000.000
2764000.000
2641000.000
2554000.000
2394000.000
2240000.000
2056000.000
1998000.000
1851000.000
1828000.000
1702000.000
1613000.000
1412000.000
1368000.000
1294000.000
1188000.000
1125000.000
1018000.000
953000.000
949000.000
819000.000
745000.000
666000.000
619000.000
563000.000
464000.000
450000.000
344000.000
298000.000
281000.000
231000.000
230000.000
220000.000
181000.000
135000.000
112000.000
93000.000
85000.000
66000.000
42000.000
43000.000
45000.000
25000.000
17000.000
15000.000
17000.000
13000.000
4000.000
12000.000
10000.000
6000.000
9000.000
3000.000
4000.000
5000.000
1000.000
2000.000
2000.000
3000.000
3000.000
4000.000
4000.000
1000.000
3000.000
1000.000
4000.000
3000.000
6000.000
6000.000
4000.000
1000.000
2000.000
3000.000
3000.000
5000.000
2000.000
2000.000
2000.000
0.000
1000.000
2000.000
2000.000
3000.000
1000.000
3000.000
2000.000
2000.000
2000.000
5000.000
2000.000
0.000
2000.000
6000.000
5000.000
3000.000
2000.000
2000.000
4000.000
4000.000
4000.000
2000.000
1000.000
6000.000
2000.000
2000.000
3000.000
3000.000
3000.000
2000.000
2000.000
0.000
1000.000
2000.000
6000.000
2000.000
1000.000
2000.000
2000.000
3000.000
3000.000
4000.000
1000.000
5000.000
0.000
1000.000
1000.000
2000.000
5000.000
4000.000
0.000
5000.000
2000.000
1000.000
1000.000
8000.000
1000.000
3000.000
3000.000
4000.000
6000.000
3000.000
2000.000
5000.000
2000.000
6000.000
1000.000
3000.000
4000.000
6000.000
2000.000
4000.000
6000.000
1000.000
7000.000
8000.000
9000.000
7000.000
12000.000
12000.000
6000.000
23000.000
23000.000
768000.000
842000.000
868000.000
795000.000
880000.000
903000.000
921000.000
784000.000
822000.000
862000.000
788000.000
793000.000
707000.000
733000.000
729000.000
725000.000
685000.000
788000.000
739000.000
728000.000
722000.000
727000.000
708000.000
705000.000
844000.000
1436000.000
2792000.000
3350000.000
3670000.000
3513000.000
3531000.000
3379000.000
3307000.000
3260000.000
3083000.000
3128000.000
3132000.000
2927000.000
2801000.000
2642000.000
2556000.000
2318000.000
2288000.000
2123000.000
2011000.000
1896000.000
1773000.000
1620000.000
1611000.000
1468000.000
1335000.000
1272000.000
1217000.000
1088000.000
1046000.000
964000.000
892000.000
806000.000
780000.000
705000.000
606000.000
560000.000
480000.000
424000.000
393000.000
312000.000
248000.000
209000.000
204000.000
192000.000
167000.000
129000.000
104000.000
74000.000
63000.000
62000.000
46000.000
32000.000
32000.000
21000.000
16000.000
11000.000
16000.000
8000.000
5000.000
7000.000
9000.000
4000.000
6000.000
8000.000
5000.000
3000.000
4000.000
6000.000
5000.000
3000.000
1000.000
1000.000
1000.000
6000.000
3000.000
3000.000
0.000
3000.000
0.000
4000.000
3000.000
6000.000
4000.000
2000.000
1000.000
4000.000
3000.000
1000.000
3000.000
3000.000
6000.000
2000.000
6000.000
6000.000
3000.000
3000.000
4000.000
4000.000
7000.000
0.000
1000.000
3000.000
4000.000
2000.000
4000.000
1000.000
2000.000
3000.000
3000.000
6000.000
1000.000
3000.000
7000.000
4000.000
2000.000
0.000
2000.000
5000.000
3000.000
0.000
2000.000
5000.000
6000.000
1000.000
3000.000
3000.000
7000.000
6000.000
3000.000
4000.000
6000.000
1000.000
5000.000
3000.000
2000.000
0.000
2000.000
2000.000
0.000
4000.000
2000.000
2000.000
2000.000
2000.000
0.000
2000.000
6000.000
2000.000
4000.000
5000.000
4000.000
5000.000
0.000
4000.000
2000.000
5000.000
1000.000
7000.000
4000.000
4000.000
1000.000
2000.000
2000.000
4000.000
2000.000
5000.000
3000.000
4000.000
4000.000
10000.000
5000.000
7000.000
7000.000
13000.000
19000.000
807000.000
856000.000
808000.000
804000.000
877000.000
888000.000
818000.000
830000.000
852000.000
810000.000
799000.000
691000.000
751000.000
765000.000
733000.000
689000.000
696000.000
761000.000
784000.000
702000.000
701000.000
740000.000
714000.000
701000.000
726000.000
868000.000
1305000.000
2537000.000
3353000.000
3493000.000
3457000.000
3382000.000
3368000.000
3246000.000
3172000.000
3056000.000
2997000.000
2968000.000
2727000.000
2666000.000
2456000.000
2380000.000
2212000.000
2009000.000
1934000.000
1817000.000
1744000.000
1625000.000
1491000.000
1435000.000
1290000.000
1244000.000
1143000.000
1036000.000
1012000.000
964000.000
835000.000
779000.000
738000.000
645000.000
576000.000
521000.000
417000.000
387000.000
348000.000
305000.000
228000.000
197000.000
183000.000
142000.000
109000.000
108000.000
89000.000
85000.000
46000.000
54000.000
22000.000
28000.000
27000.000
20000.000
20000.000
16000.000
9000.000
4000.000
5000.000
0.000
6000.000
3000.000
3000.000
2000.000
6000.000
5000.000
4000.000
3000.000
1000.000
1000.000
1000.000
3000.000
1000.000
5000.000
1000.000
1000.000
2000.000
3000.000
1000.000
3000.000
5000.000
2000.000
2000.000
3000.000
4000.000
4000.000
4000.000
2000.000
3000.000
5000.000
5000.000
6000.000
3000.000
1000.000
2000.000
3000.000
1000.000
2000.000
5000.000
2000.000
1000.000
3000.000
1000.000
3000.000
1000.000
0.000
2000.000
8000.000
3000.000
3000.000
1000.000
3000.000
3000.000
4000.000
1000.000
1000.000
1000.000
2000.000
2000.000
4000.000
3000.000
2000.000
2000.000
3000.000
1000.000
3000.000
4000.000
3000.000
5000.000
0.000
5000.000
4000.000
3000.000
3000.000
0.000
5000.000
3000.000
4000.000
5000.000
2000.000
0.000
4000.000
2000.000
3000.000
3000.000
3000.000
4000.000
4000.000
7000.000
1000.000
4000.000
5000.000
1000.000
2000.000
4000.000
1000.000
3000.000
2000.000
2000.000
4000.000
1000.000
1000.000
5000.000
5000.000
3000.000
2000.000
1000.000
6000.000
6000.000
6000.000
8000.000
3000.000
9000.000
6000.000
14000.000
893000.000
834000.000
869000.000
864000.000
887000.000
830000.000
815000.000
874000.000
808000.000
856000.000
818000.000
797000.000
733000.000
750000.000
720000.000
745000.000
716000.000
749000.000
742000.000
737000.000
747000.000
708000.000
715000.000
626000.000
772000.000
915000.000
1707000.000
2955000.000
3378000.000
3531000.000
3307000.000
3225000.000
3197000.000
3115000.000
3037000.000
2861000.000
2736000.000
2552000.000
2443000.000
2415000.000
2203000.000
2085000.000
2024000.000
1831000.000
1738000.000
1515000.000
1426000.000
1376000.000
1352000.000
1223000.000
1095000.000
1013000.000
996000.000
882000.000
822000.000
795000.000
677000.000
609000.000
539000.000
486000.000
459000.000
377000.000
356000.000
275000.000
242000.000
202000.000
134000.000
131000.000
102000.000
89000.000
69000.000
64000.000
44000.000
36000.000
35000.000
16000.000
18000.000
15000.000
12000.000
11000.000
3000.000
4000.000
6000.000
3000.000
2000.000
7000.000
4000.000
6000.000
6000.000
4000.000
1000.000
1000.000
2000.000
2000.000
3000.000
5000.000
4000.000
4000.000
4000.000
4000.000
2000.000
1000.000
1000.000
3000.000
1000.000
1000.000
4000.000
3000.000
5000.000
4000.000
2000.000
7000.000
3000.000
6000.000
4000.000
3000.000
2000.000
4000.000
4000.000
6000.000
1000.000
3000.000
3000.000
1000.000
2000.000
3000.000
1000.000
0.000
2000.000
1000.000
4000.000
5000.000
3000.000
0.000
3000.000
3000.000
5000.000
5000.000
4000.000
2000.000
4000.000
1000.000
1000.000
3000.000
5000.000
1000.000
1000.000
2000.000
4000.000
6000.000
4000.000
2000.000
5000.000
3000.000
3000.000
1000.000
3000.000
2000.000
4000.000
4000.000
3000.000
3000.000
3000.000
2000.000
1000.000
5000.000
3000.000
4000.000
1000.000
5000.000
4000.000
1000.000
2000.000
4000.000
2000.000
4000.000
3000.000
4000.000
4000.000
2000.000
3000.000
2000.000
3000.000
1000.000
3000.000
4000.000
3000.000
2000.000
4000.000
1000.000
4000.000
2000.000
2000.000
3000.000
0.000
2000.000
9000.000
3000.000
5000.000
2000.000
9000.000
888000.000
877000.000
859000.000
861000.000
849000.000
844000.000
834000.000
822000.000
833000.000
838000.000
794000.000
819000.000
788000.000
781000.000
784000.000
700000.000
751000.000
723000.000
717000.000
742000.000
723000.000
690000.000
662000.000
666000.000
645000.000
726000.000
866000.000
1725000.000
2861000.000
3251000.000
3240000.000
3204000.000
3149000.000
2979000.000
2876000.000
2708000.000
2693000.000
2535000.000
2446000.000
2312000.000
2272000.000
2070000.000
1932000.000
1811000.000
1695000.000
1566000.000
1464000.000
1348000.000
1320000.000
1194000.000
1087000.000
1023000.000
950000.000
831000.000
829000.000
696000.000
619000.000
591000.000
504000.000
466000.000
397000.000
383000.000
291000.000
252000.000
237000.000
182000.000
140000.000
110000.000
110000.000
81000.000
68000.000
44000.000
27000.000
22000.000
28000.000
17000.000
23000.000
15000.000
11000.000
14000.000
4000.000
2000.000
4000.000
3000.000
5000.000
0.000
1000.000
5000.000
5000.000
2000.000
4000.000
2000.000
3000.000
1000.000
3000.000
0.000
3000.000
2000.000
1000.000
2000.000
2000.000
0.000
4000.000
4000.000
3000.000
3000.000
1000.000
2000.000
3000.000
1000.000
1000.000
3000.000
3000.000
1000.000
1000.000
1000.000
1000.000
3000.000
1000.000
7000.000
3000.000
1000.000
5000.000
3000.000
3000.000
4000.000
4000.000
2000.000
5000.000
5000.000
3000.000
2000.000
2000.000
3000.000
5000.000
1000.000
3000.000
2000.000
5000.000
2000.000
3000.000
2000.000
4000.000
0.000
2000.000
4000.000
5000.000
5000.000
1000.000
2000.000
1000.000
3000.000
7000.000
3000.000
1000.000
2000.000
7000.000
4000.000
0.000
2000.000
2000.000
1000.000
5000.000
1000.000
1000.000
4000.000
4000.000
2000.000
3000.000
1000.000
0.000
4000.000
4000.000
3000.000
0.000
1000.000
2000.000
2000.000
3000.000
2000.000
3000.000
2000.000
3000.000
2000.000
3000.000
1000.000
2000.000
6000.000
6000.000
4000.000
0.000
5000.000
3000.000
0.000
2000.000
2000.000
5000.000
6000.000
6000.000
3000.000
4000.000
903000.000
847000.000
825000.000
841000.000
846000.000
774000.000
839000.000
866000.000
778000.000
794000.000
861000.000
799000.000
719000.000
714000.000
684000.000
700000.000
702000.000
731000.000
693000.000
719000.000
646000.000
663000.000
628000.000
695000.000
690000.000
778000.000
1152000.000
2275000.000
3000000.000
3059000.000
3052000.000
3109000.000
2967000.000
2731000.000
2738000.000
2656000.000
2475000.000
2449000.000
2204000.000
2115000.000
1946000.000
1807000.000
1715000.000
1601000.000
1438000.000
1306000.000
1266000.000
1167000.000
1071000.000
1008000.000
930000.000
897000.000
757000.000
708000.000
618000.000
578000.000
502000.000
441000.000
392000.000
363000.000
297000.000
271000.000
202000.000
169000.000
162000.000
118000.000
90000.000
58000.000
51000.000
37000.000
24000.000
31000.000
15000.000
14000.000
19000.000
6000.000
2000.000
4000.000
4000.000
6000.000
3000.000
2000.000
4000.000
3000.000
7000.000
1000.000
2000.000
4000.000
3000.000
2000.000
2000.000
0.000
3000.000
3000.000
1000.000
2000.000
7000.000
3000.000
4000.000
2000.000
6000.000
4000.000
3000.000
2000.000
5000.000
1000.000
2000.000
5000.000
2000.000
1000.000
2000.000
4000.000
4000.000
2000.000
4000.000
3000.000
6000.000
2000.000
2000.000
4000.000
4000.000
4000.000
2000.000
3000.000
0.000
3000.000
2000.000
2000.000
0.000
1000.000
4000.000
3000.000
6000.000
5000.000
2000.000
1000.000
1000.000
5000.000
1000.000
5000.000
2000.000
6000.000
6000.000
3000.000
2000.000
2000.000
3000.000
4000.000
2000.000
2000.000
1000.000
3000.000
3000.000
0.000
1000.000
0.000
3000.000
2000.000
3000.000
1000.000
2000.000
6000.000
2000.000
6000.000
4000.000
4000.000
1000.000
3000.000
3000.000
6000.000
0.000
3000.000
5000.000
0.000
3000.000
0.000
3000.000
0.000
3000.000
0.000
0.000
3000.000
6000.000
1000.000
4000.000
1000.000
3000.000
2000.000
5000.000
5000.000
1000.000
2000.000
4000.000
3000.000
1000.000
2000.000
6000.000
5000.000
3000.000
1000.000
4000.000
896000.000
868000.000
841000.000
863000.000
823000.000
883000.000
801000.000
820000.000
830000.000
770000.000
710000.000
755000.000
747000.000
742000.000
744000.000
771000.000
716000.000
666000.000
761000.000
708000.000
655000.000
624000.000
616000.000
607000.000
600000.000
618000.000
693000.000
1008000.000
2190000.000
3019000.000
3036000.000
2890000.000
2734000.000
2726000.000
2635000.000
2502000.000
2402000.000
2242000.000
2144000.000
2053000.000
1882000.000
1815000.000
1648000.000
1523000.000
1418000.000
1320000.000
1214000.000
1108000.000
991000.000
951000.000
832000.000
782000.000
721000.000
657000.000
566000.000
528000.000
452000.000
450000.000
358000.000
299000.000
301000.000
238000.000
216000.000
160000.000
138000.000
100000.000
84000.000
70000.000
55000.000
34000.000
21000.000
14000.000
16000.000
17000.000
9000.000
6000.000
6000.000
3000.000
7000.000
1000.000
6000.000
0.000
1000.000
4000.000
8000.000
2000.000
4000.000
4000.000
5000.000
3000.000
4000.000
3000.000
0.000
6000.000
4000.000
3000.000
4000.000
0.000
3000.000
6000.000
2000.000
1000.000
4000.000
5000.000
2000.000
2000.000
0.000
5000.000
1000.000
5000.000
0.000
2000.000
0.000
4000.000
1000.000
4000.000
2000.000
2000.000
3000.000
5000.000
1000.000
1000.000
3000.000
0.000
0.000
2000.000
1000.000
4000.000
2000.000
4000.000
2000.000
2000.000
2000.000
7000.000
4000.000
4000.000
0.000
3000.000
5000.000
2000.000
0.000
1000.000
2000.000
3000.000
6000.000
5000.000
4000.000
4000.000
1000.000
2000.000
6000.000
2000.000
3000.000
1000.000
2000.000
2000.000
3000.000
1000.000
3000.000
5000.000
4000.000
0.000
1000.000
4000.000
3000.000
4000.000
0.000
1000.000
4000.000
2000.000
5000.000
2000.000
5000.000
2000.000
4000.000
2000.000
1000.000
4000.000
4000.000
4000.000
3000.000
4000.000
3000.000
4000.000
2000.000
6000.000
3000.000
2000.000
1000.000
2000.000
0.000
2000.000
8000.000
2000.000
1000.000
4000.000
5000.000
4000.000
0.000
3000.000
0.000
826000.000
806000.000
865000.000
841000.000
802000.000
798000.000
801000.000
784000.000
840000.000
770000.000
709000.000
788000.000
748000.000
788000.000
733000.000
704000.000
724000.000
669000.000
645000.000
647000.000
653000.000
658000.000
597000.000
649000.000
626000.000
632000.000
807000.000
1545000.000
2716000.000
2930000.000
2868000.000
2721000.000
2568000.000
2499000.000
2308000.000
2320000.000
2195000.000
1950000.000
1943000.000
1829000.000
1620000.000
1573000.000
1391000.000
1387000.000
1236000.000
1143000.000
1018000.000
907000.000
872000.000
782000.000
723000.000
634000.000
602000.000
512000.000
482000.000
393000.000
343000.000
293000.000
270000.000
204000.000
175000.000
147000.000
126000.000
93000.000
67000.000
48000.000
49000.000
31000.000
33000.000
15000.000
13000.000
13000.000
7000.000
13000.000
6000.000
5000.000
7000.000
5000.000
4000.000
3000.000
4000.000
4000.000
2000.000
6000.000
3000.000
3000.000
3000.000
4000.000
1000.000
5000.000
0.000
1000.000
1000.000
2000.000
1000.000
3000.000
4000.000
2000.000
1000.000
5000.000
2000.000
0.000
6000.000
2000.000
2000.000
1000.000
2000.000
0.000
3000.000
2000.000
6000.000
3000.000
1000.000
1000.000
4000.000
2000.000
1000.000
2000.000
3000.000
1000.000
1000.000
6000.000
3000.000
4000.000
5000.000
2000.000
5000.000
4000.000
5000.000
3000.000
3000.000
4000.000
6000.000
0.000
2000.000
3000.000
4000.000
5000.000
4000.000
1000.000
6000.000
2000.000
3000.000
4000.000
5000.000
2000.000
1000.000
2000.000
2000.000
4000.000
1000.000
2000.000
6000.000
4000.000
1000.000
5000.000
3000.000
4000.000
2000.000
3000.000
2000.000
1000.000
1000.000
4000.000
2000.000
5000.000
4000.000
3000.000
0.000
10000.000
2000.000
4000.000
1000.000
3000.000
2000.000
1000.000
3000.000
2000.000
3000.000
0.000
4000.000
0.000
1000.000
4000.000
3000.000
3000.000
1000.000
3000.000
5000.000
2000.000
3000.000
2000.000
3000.000
7000.000
3000.000
2000.000
2000.000
5000.000
3000.000
5000.000
4000.000
838000.000
807000.000
826000.000
901000.000
832000.000
864000.000
844000.000
747000.000
751000.000
833000.000
783000.000
711000.000
758000.000
784000.000
775000.000
780000.000
712000.000
738000.000
688000.000
675000.000
649000.000
618000.000
645000.000
608000.000
603000.000
629000.000
636000.000
695000.000
1433000.000
2493000.000
2817000.000
2658000.000
2660000.000
2431000.000
2282000.000
2202000.000
2135000.000
1922000.000
1890000.000
1746000.000
1563000.000
1498000.000
1390000.000
1279000.000
1198000.000
1092000.000
979000.000
938000.000
871000.000
774000.000
724000.000
623000.000
575000.000
478000.000
447000.000
391000.000
339000.000
285000.000
230000.000
196000.000
180000.000
119000.000
130000.000
101000.000
83000.000
53000.000
56000.000
31000.000
27000.000
23000.000
15000.000
9000.000
6000.000
4000.000
5000.000
5000.000
7000.000
4000.000
5000.000
6000.000
3000.000
10000.000
3000.000
5000.000
2000.000
5000.000
3000.000
3000.000
2000.000
2000.000
3000.000
2000.000
2000.000
2000.000
3000.000
3000.000
0.000
8000.000
2000.000
4000.000
5000.000
6000.000
2000.000
2000.000
5000.000
5000.000
1000.000
3000.000
3000.000
1000.000
2000.000
5000.000
4000.000
3000.000
3000.000
2000.000
3000.000
2000.000
2000.000
2000.000
5000.000
1000.000
4000.000
3000.000
3000.000
3000.000
3000.000
3000.000
2000.000
0.000
4000.000
4000.000
0.000
1000.000
1000.000
4000.000
1000.000
7000.000
1000.000
2000.000
1000.000
3000.000
1000.000
0.000
4000.000
6000.000
1000.000
2000.000
2000.000
1000.000
2000.000
3000.000
5000.000
1000.000
7000.000
2000.000
0.000
5000.000
2000.000
2000.000
5000.000
2000.000
2000.000
2000.000
3000.000
3000.000
5000.000
2000.000
6000.000
3000.000
3000.000
2000.000
2000.000
2000.000
2000.000
3000.000
3000.000
2000.000
2000.000
3000.000
7000.000
5000.000
3000.000
1000.000
5000.000
2000.000
6000.000
2000.000
2000.000
5000.000
3000.000
2000.000
1000.000
1000.000
3000.000
5000.000
1000.000
4000.000
4000.000
4000.000
5000.000
812000.000
804000.000
833000.000
831000.000
835000.000
821000.000
808000.000
799000.000
753000.000
769000.000
767000.000
749000.000
729000.000
782000.000
773000.000
676000.000
744000.000
637000.000
631000.000
620000.000
618000.000
620000.000
600000.000
579000.000
596000.000
562000.000
593000.000
837000.000
1818000.000
2573000.000
2630000.000
2449000.000
2322000.000
2217000.000
2116000.000
2012000.000
1884000.000
1731000.000
1563000.000
1461000.000
1335000.000
1325000.000
1215000.000
1117000.000
999000.000
930000.000
810000.000
762000.000
718000.000
622000.000
531000.000
496000.000
431000.000
358000.000
312000.000
255000.000
217000.000
184000.000
168000.000
148000.000
101000.000
82000.000
44000.000
39000.000
30000.000
19000.000
16000.000
16000.000
15000.000
10000.000
5000.000
6000.000
5000.000
9000.000
3000.000
3000.000
5000.000
2000.000
5000.000
3000.000
3000.000
3000.000
0.000
2000.000
2000.000
3000.000
5000.000
2000.000
2000.000
1000.000
4000.000
3000.000
3000.000
1000.000
2000.000
1000.000
4000.000
3000.000
3000.000
2000.000
3000.000
3000.000
4000.000
6000.000
6000.000
5000.000
1000.000
1000.000
4000.000
4000.000
3000.000
2000.000
6000.000
4000.000
2000.000
1000.000
2000.000
2000.000
3000.000
4000.000
3000.000
3000.000
3000.000
3000.000
4000.000
2000.000
2000.000
3000.000
2000.000
2000.000
0.000
2000.000
3000.000
0.000
3000.000
4000.000
7000.000
5000.000
3000.000
3000.000
2000.000
1000.000
2000.000
4000.000
2000.000
3000.000
3000.000
2000.000
3000.000
5000.000
1000.000
7000.000
3000.000
3000.000
1000.000
4000.000
1000.000
1000.000
6000.000
2000.000
0.000
2000.000
4000.000
2000.000
4000.000
1000.000
4000.000
3000.000
5000.000
0.000
3000.000
3000.000
6000.000
0.000
4000.000
4000.000
5000.000
4000.000
3000.000
2000.000
6000.000
3000.000
4000.000
2000.000
2000.000
1000.000
2000.000
4000.000
2000.000
3000.000
2000.000
6000.000
5000.000
3000.000
1000.000
3000.000
2000.000
1000.000
1000.000
2000.000
3000.000
914000.000
872000.000
825000.000
776000.000
828000.000
839000.000
784000.000
792000.000
810000.000
738000.000
774000.000
732000.000
791000.000
704000.000
687000.000
730000.000
707000.000
706000.000
656000.000
710000.000
619000.000
597000.000
583000.000
548000.000
571000.000
564000.000
560000.000
585000.000
778000.000
1696000.000
2249000.000
2339000.000
2245000.000
2053000.000
2014000.000
1889000.000
1806000.000
1759000.000
1596000.000
1433000.000
1408000.000
1272000.000
1119000.000
1039000.000
962000.000
887000.000
893000.000
760000.000
661000.000
578000.000
526000.000
430000.000
392000.000
339000.000
295000.000
243000.000
213000.000
160000.000
150000.000
124000.000
80000.000
69000.000
46000.000
41000.000
37000.000
33000.000
25000.000
21000.000
7000.000
3000.000
4000.000
5000.000
4000.000
1000.000
4000.000
3000.000
7000.000
4000.000
3000.000
1000.000
4000.000
2000.000
1000.000
1000.000
8000.000
5000.000
6000.000
1000.000
5000.000
4000.000
4000.000
2000.000
3000.000
4000.000
6000.000
2000.000
2000.000
3000.000
5000.000
2000.000
2000.000
0.000
4000.000
2000.000
5000.000
1000.000
1000.000
3000.000
4000.000
1000.000
4000.000
5000.000
1000.000
2000.000
4000.000
2000.000
2000.000
4000.000
2000.000
6000.000
4000.000
1000.000
5000.000
2000.000
3000.000
1000.000
4000.000
3000.000
0.000
3000.000
4000.000
3000.000
3000.000
5000.000
9000.000
2000.000
3000.000
3000.000
7000.000
2000.000
7000.000
4000.000
3000.000
3000.000
6000.000
1000.000
2000.000
2000.000
2000.000
5000.000
5000.000
3000.000
3000.000
4000.000
5000.000
3000.000
4000.000
3000.000
1000.000
4000.000
4000.000
5000.000
4000.000
3000.000
2000.000
3000.000
5000.000
2000.000
2000.000
1000.000
2000.000
4000.000
2000.000
3000.000
5000.000
1000.000
2000.000
2000.000
5000.000
1000.000
3000.000
8000.000
1000.000
0.000
6000.000
4000.000
5000.000
0.000
1000.000
4000.000
7000.000
3000.000
1000.000
3000.000
3000.000
4000.000
2000.000
2000.000
4000.000
1000.000
1000.000
859000.000
813000.000
831000.000
870000.000
789000.000
779000.000
774000.000
767000.000
764000.000
742000.000
721000.000
729000.000
764000.000
759000.000
712000.000
689000.000
663000.000
637000.000
601000.000
647000.000
628000.000
629000.000
600000.000
576000.000
523000.000
554000.000
541000.000
586000.000
1055000.000
1924000.000
2268000.000
2171000.000
2052000.000
1904000.000
1820000.000
1773000.000
1582000.000
1483000.000
1347000.000
1253000.000
1122000.000
1061000.000
962000.000
861000.000
795000.000
711000.000
680000.000
597000.000
499000.000
454000.000
386000.000
324000.000
300000.000
254000.000
215000.000
162000.000
137000.000
115000.000
89000.000
74000.000
52000.000
35000.000
23000.000
16000.000
16000.000
16000.000
10000.000
10000.000
4000.000
14000.000
4000.000
3000.000
5000.000
2000.000
4000.000
2000.000
2000.000
2000.000
2000.000
7000.000
1000.000
5000.000
3000.000
2000.000
4000.000
2000.000
4000.000
0.000
6000.000
2000.000
2000.000
6000.000
2000.000
2000.000
0.000
2000.000
3000.000
4000.000
4000.000
5000.000
2000.000
2000.000
1000.000
4000.000
4000.000
7000.000
4000.000
5000.000
4000.000
4000.000
4000.000
2000.000
3000.000
6000.000
3000.000
4000.000
8000.000
4000.000
3000.000
1000.000
3000.000
2000.000
2000.000
2000.000
4000.000
1000.000
2000.000
4000.000
5000.000
5000.000
3000.000
5000.000
8000.000
3000.000
0.000
2000.000
2000.000
2000.000
3000.000
5000.000
5000.000
1000.000
4000.000
2000.000
4000.000
3000.000
4000.000
0.000
3000.000
3000.000
6000.000
1000.000
6000.000
4000.000
4000.000
1000.000
0.000
3000.000
5000.000
4000.000
0.000
3000.000
3000.000
2000.000
1000.000
4000.000
4000.000
2000.000
0.000
3000.000
3000.000
1000.000
2000.000
2000.000
3000.000
3000.000
4000.000
4000.000
2000.000
1000.000
4000.000
4000.000
2000.000
1000.000
2000.000
3000.000
4000.000
3000.000
3000.000
2000.000
6000.000
3000.000
8000.000
5000.000
0.000
4000.000
3000.000
4000.000
2000.000
4000.000
2000.000
838000.000
936000.000
849000.000
889000.000
802000.000
795000.000
767000.000
687000.000
730000.000
736000.000
702000.000
698000.000
713000.000
735000.000
654000.000
702000.000
640000.000
702000.000
653000.000
604000.000
614000.000
575000.000
554000.000
602000.000
535000.000
527000.000
462000.000
504000.000
551000.000
743000.000
1568000.000
1949000.000
1997000.000
1919000.000
1763000.000
1729000.000
1559000.000
1516000.000
1350000.000
1266000.000
1207000.000
1059000.000
970000.000
863000.000
790000.000
700000.000
613000.000
513000.000
419000.000
416000.000
360000.000
322000.000
274000.000
219000.000
210000.000
142000.000
121000.000
116000.000
79000.000
60000.000
53000.000
24000.000
25000.000
23000.000
18000.000
12000.000
11000.000
2000.000
8000.000
5000.000
1000.000
4000.000
4000.000
3000.000
3000.000
1000.000
4000.000
1000.000
3000.000
3000.000
1000.000
3000.000
3000.000
3000.000
1000.000
4000.000
7000.000
4000.000
1000.000
2000.000
0.000
6000.000
2000.000
2000.000
1000.000
4000.000
0.000
4000.000
3000.000
3000.000
1000.000
4000.000
2000.000
3000.000
4000.000
7000.000
3000.000
0.000
2000.000
8000.000
5000.000
2000.000
3000.000
5000.000
1000.000
4000.000
1000.000
4000.000
2000.000
1000.000
2000.000
1000.000
1000.000
3000.000
2000.000
1000.000
5000.000
2000.000
5000.000
2000.000
2000.000
5000.000
7000.000
3000.000
3000.000
5000.000
5000.000
6000.000
0.000
3000.000
6000.000
2000.000
5000.000
3000.000
0.000
4000.000
3000.000
5000.000
2000.000
3000.000
5000.000
4000.000
3000.000
3000.000
4000.000
5000.000
3000.000
1000.000
3000.000
2000.000
3000.000
2000.000
4000.000
2000.000
1000.000
0.000
2000.000
2000.000
4000.000
4000.000
3000.000
2000.000
2000.000
3000.000
3000.000
3000.000
1000.000
3000.000
4000.000
2000.000
6000.000
4000.000
6000.000
5000.000
1000.000
2000.000
2000.000
2000.000
2000.000
2000.000
3000.000
3000.000
3000.000
2000.000
3000.000
2000.000
3000.000
1000.000
2000.000
5000.000
2000.000
804000.000
798000.000
776000.000
735000.000
774000.000
792000.000
764000.000
806000.000
758000.000
709000.000
730000.000
704000.000
672000.000
695000.000
622000.000
666000.000
617000.000
632000.000
608000.000
605000.000
582000.000
506000.000
530000.000
527000.000
504000.000
482000.000
443000.000
468000.000
549000.000
983000.000
1697000.000
1834000.000
1788000.000
1724000.000
1611000.000
1535000.000
1351000.000
1216000.000
1152000.000
1020000.000
931000.000
837000.000
736000.000
736000.000
613000.000
567000.000
537000.000
429000.000
339000.000
316000.000
284000.000
225000.000
182000.000
154000.000
127000.000
118000.000
77000.000
47000.000
33000.000
33000.000
31000.000
20000.000
3000.000
14000.000
8000.000
10000.000
8000.000
6000.000
7000.000
5000.000
2000.000
2000.000
1000.000
1000.000
2000.000
4000.000
2000.000
2000.000
4000.000
3000.000
1000.000
4000.000
2000.000
4000.000
2000.000
3000.000
1000.000
1000.000
1000.000
2000.000
3000.000
4000.000
2000.000
3000.000
2000.000
2000.000
2000.000
2000.000
4000.000
4000.000
2000.000
3000.000
3000.000
1000.000
1000.000
1000.000
4000.000
0.000
3000.000
3000.000
3000.000
3000.000
3000.000
2000.000
3000.000
4000.000
3000.000
0.000
3000.000
2000.000
4000.000
5000.000
3000.000
8000.000
2000.000
6000.000
7000.000
5000.000
6000.000
9000.000
7000.000
5000.000
6000.000
9000.000
5000.000
9000.000
7000.000
4000.000
6000.000
8000.000
2000.000
5000.000
9000.000
6000.000
2000.000
3000.000
3000.000
1000.000
3000.000
4000.000
2000.000
2000.000
2000.000
0.000
4000.000
4000.000
3000.000
0.000
1000.000
2000.000
1000.000
2000.000
1000.000
2000.000
6000.000
2000.000
4000.000
3000.000
3000.000
0.000
1000.000
0.000
4000.000
3000.000
4000.000
4000.000
5000.000
2000.000
4000.000
3000.000
2000.000
5000.000
1000.000
1000.000
2000.000
7000.000
1000.000
1000.000
7000.000
6000.000
3000.000
0.000
1000.000
0.000
6000.000
3000.000
3000.000
2000.000
2000.000
5000.000
5000.000
836000.000
864000.000
826000.000
858000.000
832000.000
810000.000
773000.000
828000.000
815000.000
718000.000
718000.000
752000.000
647000.000
681000.000
682000.000
703000.000
638000.000
657000.000
594000.000
535000.000
598000.000
526000.000
526000.000
496000.000
524000.000
467000.000
439000.000
384000.000
425000.000
493000.000
991000.000
1622000.000
1654000.000
1745000.000
1517000.000
1465000.000
1330000.000
1148000.000
1142000.000
1046000.000
905000.000
835000.000
778000.000
609000.000
580000.000
530000.000
484000.000
433000.000
387000.000
319000.000
233000.000
182000.000
156000.000
153000.000
107000.000
91000.000
57000.000
57000.000
43000.000
33000.000
18000.000
17000.000
13000.000
13000.000
10000.000
3000.000
3000.000
9000.000
7000.000
7000.000
5000.000
5000.000
4000.000
1000.000
3000.000
3000.000
5000.000
2000.000
0.000
5000.000
1000.000
3000.000
1000.000
3000.000
7000.000
5000.000
0.000
0.000
2000.000
6000.000
4000.000
2000.000
1000.000
4000.000
3000.000
2000.000
3000.000
5000.000
3000.000
1000.000
2000.000
3000.000
2000.000
5000.000
4000.000
0.000
3000.000
4000.000
2000.000
2000.000
3000.000
1000.000
2000.000
3000.000
3000.000
4000.000
4000.000
2000.000
1000.000
3000.000
6000.000
3000.000
5000.000
9000.000
9000.000
11000.000
8000.000
13000.000
11000.000
12000.000
16000.000
17000.000
14000.000
12000.000
22000.000
13000.000
16000.000
16000.000
11000.000
13000.000
12000.000
11000.000
10000.000
12000.000
11000.000
10000.000
5000.000
6000.000
6000.000
4000.000
7000.000
5000.000
7000.000
1000.000
5000.000
2000.000
1000.000
2000.000
4000.000
3000.000
1000.000
2000.000
2000.000
0.000
4000.000
3000.000
5000.000
1000.000
2000.000
4000.000
5000.000
3000.000
4000.000
5000.000
3000.000
2000.000
3000.000
7000.000
8000.000
2000.000
4000.000
0.000
2000.000
4000.000
1000.000
1000.000
1000.000
3000.000
2000.000
4000.000
6000.000
5000.000
2000.000
0.000
2000.000
1000.000
5000.000
2000.000
1000.000
3000.000
1000.000
859000.000
795000.000
828000.000
843000.000
797000.000
792000.000
726000.000
725000.000
723000.000
711000.000
650000.000
681000.000
662000.000
679000.000
671000.000
664000.000
596000.000
630000.000
623000.000
597000.000
525000.000
515000.000
480000.000
494000.000
391000.000
429000.000
415000.000
409000.000
437000.000
687000.000
1317000.000
1619000.000
1521000.000
1458000.000
1336000.000
1296000.000
1132000.000
1020000.000
987000.000
872000.000
760000.000
661000.000
613000.000
535000.000
512000.000
456000.000
340000.000
309000.000
307000.000
227000.000
153000.000
162000.000
151000.000
91000.000
79000.000
52000.000
37000.000
29000.000
20000.000
30000.000
16000.000
11000.000
6000.000
2000.000
3000.000
2000.000
1000.000
2000.000
6000.000
3000.000
4000.000
3000.000
2000.000
4000.000
7000.000
2000.000
4000.000
2000.000
0.000
3000.000
3000.000
4000.000
2000.000
1000.000
3000.000
1000.000
5000.000
4000.000
3000.000
4000.000
1000.000
2000.000
0.000
0.000
2000.000
2000.000
1000.000
7000.000
2000.000
1000.000
1000.000
4000.000
2000.000
4000.000
5000.000
0.000
2000.000
4000.000
5000.000
1000.000
2000.000
7000.000
5000.000
6000.000
2000.000
12000.000
4000.000
2000.000
10000.000
10000.000
12000.000
12000.000
18000.000
18000.000
17000.000
20000.000
16000.000
24000.000
36000.000
26000.000
30000.000
27000.000
20000.000
27000.000
29000.000
44000.000
34000.000
28000.000
35000.000
25000.000
33000.000
17000.000
24000.000
28000.000
17000.000
20000.000
11000.000
16000.000
15000.000
13000.000
10000.000
8000.000
10000.000
9000.000
10000.000
3000.000
2000.000
7000.000
4000.000
2000.000
4000.000
1000.000
2000.000
3000.000
2000.000
5000.000
1000.000
4000.000
7000.000
0.000
1000.000
4000.000
1000.000
1000.000
3000.000
4000.000
3000.000
2000.000
5000.000
2000.000
3000.000
4000.000
4000.000
1000.000
3000.000
1000.000
1000.000
0.000
4000.000
1000.000
1000.000
4000.000
2000.000
3000.000
3000.000
3000.000
4000.000
0.000
6000.000
4000.000
1000.000
902000.000
833000.000
865000.000
823000.000
800000.000
846000.000
835000.000
836000.000
793000.000
739000.000
726000.000
700000.000
692000.000
658000.000
651000.000
658000.000
627000.000
649000.000
613000.000
547000.000
522000.000
484000.000
475000.000
494000.000
433000.000
440000.000
397000.000
397000.000
383000.000
338000.000
628000.000
1175000.000
1415000.000
1403000.000
1338000.000
1223000.000
1244000.000
1047000.000
932000.000
892000.000
747000.000
658000.000
612000.000
597000.000
472000.000
392000.000
358000.000
295000.000
266000.000
229000.000
148000.000
116000.000
96000.000
100000.000
63000.000
45000.000
36000.000
27000.000
22000.000
13000.000
15000.000
5000.000
2000.000
2000.000
2000.000
2000.000
5000.000
6000.000
5000.000
1000.000
1000.000
2000.000
1000.000
6000.000
6000.000
2000.000
2000.000
2000.000
7000.000
4000.000
2000.000
4000.000
1000.000
2000.000
3000.000
2000.000
5000.000
4000.000
2000.000
4000.000
2000.000
3000.000
3000.000
3000.000
3000.000
3000.000
1000.000
2000.000
0.000
3000.000
1000.000
5000.000
2000.000
3000.000
2000.000
5000.000
1000.000
6000.000
2000.000
8000.000
7000.000
3000.000
19000.000
3000.000
3000.000
15000.000
15000.000
15000.000
20000.000
26000.000
24000.000
27000.000
43000.000
32000.000
36000.000
31000.000
27000.000
40000.000
39000.000
33000.000
27000.000
36000.000
28000.000
28000.000
33000.000
32000.000
40000.000
35000.000
42000.000
35000.000
42000.000
31000.000
38000.000
41000.000
31000.000
43000.000
31000.000
39000.000
22000.000
28000.000
19000.000
29000.000
22000.000
22000.000
18000.000
19000.000
9000.000
7000.000
10000.000
4000.000
3000.000
9000.000
5000.000
1000.000
2000.000
1000.000
3000.000
2000.000
2000.000
5000.000
2000.000
4000.000
2000.000
3000.000
3000.000
2000.000
2000.000
0.000
0.000
3000.000
1000.000
4000.000
2000.000
4000.000
4000.000
5000.000
0.000
3000.000
4000.000
4000.000
4000.000
0.000
6000.000
1000.000
2000.000
3000.000
3000.000
2000.000
1000.000
4000.000
1000.000
874000.000
810000.000
831000.000
797000.000
805000.000
766000.000
758000.000
725000.000
703000.000
723000.000
754000.000
694000.000
646000.000
653000.000
624000.000
650000.000
612000.000
635000.000
584000.000
526000.000
471000.000
468000.000
454000.000
404000.000
432000.000
372000.000
384000.000
341000.000
330000.000
412000.000
770000.000
1263000.000
1295000.000
1231000.000
1162000.000
1029000.000
962000.000
852000.000
770000.000
663000.000
651000.000
517000.000
486000.000
436000.000
365000.000
320000.000
264000.000
218000.000
178000.000
142000.000
98000.000
79000.000
70000.000
45000.000
29000.000
16000.000
22000.000
19000.000
11000.000
9000.000
3000.000
2000.000
3000.000
9000.000
3000.000
5000.000
5000.000
1000.000
2000.000
5000.000
5000.000
1000.000
5000.000
0.000
4000.000
7000.000
2000.000
2000.000
3000.000
2000.000
3000.000
2000.000
1000.000
5000.000
2000.000
0.000
4000.000
1000.000
1000.000
5000.000
2000.000
4000.000
2000.000
4000.000
2000.000
1000.000
2000.000
1000.000
2000.000
3000.000
2000.000
4000.000
5000.000
1000.000
3000.000
8000.000
9000.000
9000.000
6000.000
10000.000
12000.000
11000.000
20000.000
14000.000
32000.000
38000.000
34000.000
29000.000
46000.000
49000.000
61000.000
44000.000
47000.000
55000.000
45000.000
57000.000
42000.000
51000.000
50000.000
44000.000
58000.000
53000.000
61000.000
60000.000
57000.000
53000.000
54000.000
39000.000
55000.000
59000.000
46000.000
55000.000
48000.000
40000.000
25000.000
38000.000
48000.000
45000.000
32000.000
40000.000
43000.000
36000.000
38000.000
37000.000
31000.000
31000.000
32000.000
20000.000
13000.000
13000.000
10000.000
7000.000
5000.000
5000.000
3000.000
3000.000
3000.000
1000.000
3000.000
7000.000
4000.000
2000.000
6000.000
5000.000
3000.000
3000.000
6000.000
3000.000
2000.000
1000.000
2000.000
4000.000
2000.000
4000.000
6000.000
2000.000
6000.000
0.000
5000.000
3000.000
3000.000
3000.000
5000.000
2000.000
2000.000
0.000
1000.000
1000.000
3000.000
0.000
3000.000
831000.000
827000.000
823000.000
781000.000
813000.000
729000.000
820000.000
744000.000
723000.000
738000.000
711000.000
710000.000
691000.000
655000.000
638000.000
614000.000
636000.000
567000.000
607000.000
531000.000
506000.000
533000.000
449000.000
430000.000
410000.000
395000.000
323000.000
316000.000
291000.000
333000.000
307000.000
488000.000
1060000.000
1185000.000
1082000.000
991000.000
997000.000
897000.000
793000.000
702000.000
620000.000
559000.000
469000.000
410000.000
338000.000
293000.000
253000.000
181000.000
157000.000
115000.000
105000.000
82000.000
38000.000
39000.000
26000.000
16000.000
14000.000
18000.000
6000.000
8000.000
9000.000
3000.000
3000.000
8000.000
6000.000
3000.000
1000.000
3000.000
2000.000
4000.000
5000.000
1000.000
1000.000
4000.000
1000.000
3000.000
5000.000
4000.000
2000.000
4000.000
3000.000
2000.000
8000.000
2000.000
3000.000
3000.000
3000.000
3000.000
5000.000
3000.000
4000.000
0.000
4000.000
2000.000
1000.000
4000.000
0.000
6000.000
4000.000
4000.000
0.000
4000.000
4000.000
6000.000
5000.000
8000.000
16000.000
17000.000
14000.000
13000.000
20000.000
24000.000
31000.000
40000.000
41000.000
52000.000
54000.000
73000.000
49000.000
73000.000
40000.000
72000.000
58000.000
62000.000
69000.000
79000.000
63000.000
71000.000
66000.000
66000.000
72000.000
71000.000
70000.000
76000.000
92000.000
95000.000
68000.000
67000.000
96000.000
71000.000
89000.000
76000.000
80000.000
73000.000
57000.000
60000.000
51000.000
56000.000
55000.000
54000.000
39000.000
66000.000
39000.000
44000.000
46000.000
56000.000
31000.000
38000.000
41000.000
29000.000
25000.000
11000.000
9000.000
8000.000
10000.000
9000.000
1000.000
3000.000
2000.000
1000.000
6000.000
2000.000
1000.000
7000.000
4000.000
2000.000
3000.000
2000.000
1000.000
2000.000
3000.000
4000.000
2000.000
1000.000
1000.000
2000.000
2000.000
2000.000
1000.000
2000.000
2000.000
2000.000
2000.000
0.000
3000.000
2000.000
1000.000
0.000
4000.000
1000.000
7000.000
844000.000
806000.000
838000.000
806000.000
791000.000
764000.000
773000.000
748000.000
753000.000
710000.000
657000.000
712000.000
668000.000
686000.000
625000.000
613000.000
602000.000
582000.000
557000.000
479000.000
475000.000
458000.000
411000.000
416000.000
364000.000
313000.000
323000.000
281000.000
295000.000
273000.000
330000.000
601000.000
996000.000
1063000.000
1024000.000
873000.000
736000.000
727000.000
651000.000
582000.000
511000.000
392000.000
336000.000
310000.000
235000.000
189000.000
164000.000
156000.000
106000.000
83000.000
52000.000
55000.000
32000.000
33000.000
20000.000
21000.000
14000.000
5000.000
6000.000
5000.000
2000.000
6000.000
4000.000
0.000
4000.000
2000.000
4000.000
2000.000
1000.000
3000.000
4000.000
2000.000
3000.000
2000.000
0.000
2000.000
3000.000
4000.000
3000.000
3000.000
2000.000
2000.000
4000.000
4000.000
1000.000
2000.000
4000.000
1000.000
1000.000
4000.000
3000.000
4000.000
3000.000
3000.000
1000.000
3000.000
5000.000
2000.000
4000.000
4000.000
5000.000
4000.000
11000.000
17000.000
19000.000
18000.000
25000.000
31000.000
39000.000
54000.000
41000.000
34000.000
57000.000
55000.000
61000.000
76000.000
60000.000
76000.000
84000.000
80000.000
69000.000
108000.000
95000.000
76000.000
101000.000
95000.000
92000.000
104000.000
104000.000
116000.000
105000.000
105000.000
124000.000
108000.000
95000.000
99000.000
89000.000
92000.000
91000.000
96000.000
87000.000
101000.000
102000.000
106000.000
107000.000
102000.000
77000.000
63000.000
83000.000
74000.000
75000.000
74000.000
63000.000
41000.000
41000.000
50000.000
47000.000
39000.000
32000.000
37000.000
34000.000
35000.000
18000.000
15000.000
12000.000
9000.000
5000.000
11000.000
3000.000
6000.000
3000.000
5000.000
2000.000
2000.000
1000.000
4000.000
0.000
1000.000
5000.000
2000.000
4000.000
5000.000
4000.000
2000.000
4000.000
2000.000
3000.000
4000.000
0.000
4000.000
0.000
2000.000
2000.000
2000.000
2000.000
2000.000
4000.000
1000.000
3000.000
2000.000
7000.000
873000.000
870000.000
838000.000
759000.000
767000.000
740000.000
781000.000
708000.000
722000.000
720000.000
701000.000
642000.000
663000.000
637000.000
661000.000
554000.000
617000.000
582000.000
479000.000
506000.000
441000.000
403000.000
392000.000
390000.000
331000.000
332000.000
307000.000
292000.000
230000.000
241000.000
241000.000
275000.000
513000.000
885000.000
935000.000
891000.000
776000.000
700000.000
581000.000
558000.000
466000.000
405000.000
355000.000
297000.000
244000.000
187000.000
162000.000
136000.000
111000.000
73000.000
63000.000
43000.000
30000.000
25000.000
14000.000
11000.000
7000.000
11000.000
3000.000
7000.000
6000.000
3000.000
1000.000
4000.000
4000.000
3000.000
2000.000
4000.000
3000.000
2000.000
4000.000
1000.000
3000.000
1000.000
2000.000
2000.000
2000.000
1000.000
3000.000
3000.000
6000.000
3000.000
6000.000
4000.000
2000.000
3000.000
2000.000
4000.000
4000.000
7000.000
3000.000
1000.000
4000.000
2000.000
3000.000
5000.000
4000.000
0.000
3000.000
9000.000
4000.000
12000.000
11000.000
24000.000
26000.000
35000.000
40000.000
42000.000
38000.000
51000.000
58000.000
60000.000
69000.000
78000.000
75000.000
96000.000
94000.000
97000.000
105000.000
117000.000
102000.000
114000.000
142000.000
146000.000
126000.000
143000.000
130000.000
145000.000
142000.000
161000.000
128000.000
135000.000
109000.000
124000.000
141000.000
117000.000
128000.000
120000.000
167000.000
140000.000
131000.000
119000.000
131000.000
120000.000
143000.000
97000.000
105000.000
119000.000
121000.000
101000.000
75000.000
92000.000
83000.000
86000.000
82000.000
75000.000
78000.000
67000.000
59000.000
49000.000
39000.000
42000.000
38000.000
24000.000
33000.000
28000.000
28000.000
16000.000
18000.000
4000.000
3000.000
3000.000
4000.000
3000.000
0.000
6000.000
3000.000
3000.000
5000.000
2000.000
1000.000
5000.000
3000.000
1000.000
5000.000
3000.000
2000.000
1000.000
4000.000
3000.000
2000.000
2000.000
3000.000
2000.000
2000.000
5000.000
3000.000
1000.000
2000.000
0.000
5000.000
848000.000
866000.000
755000.000
847000.000
760000.000
787000.000
768000.000
720000.000
726000.000
702000.000
687000.000
642000.000
604000.000
590000.000
558000.000
573000.000
538000.000
575000.000
508000.000
452000.000
439000.000
377000.000
367000.000
335000.000
303000.000
301000.000
267000.000
254000.000
238000.000
242000.000
237000.000
285000.000
564000.000
820000.000
764000.000
746000.000
647000.000
603000.000
484000.000
436000.000
371000.000
296000.000
241000.000
186000.000
164000.000
125000.000
108000.000
83000.000
62000.000
52000.000
21000.000
30000.000
20000.000
8000.000
9000.000
5000.000
5000.000
6000.000
5000.000
8000.000
4000.000
4000.000
6000.000
1000.000
5000.000
2000.000
6000.000
3000.000
2000.000
2000.000
5000.000
2000.000
4000.000
5000.000
2000.000
3000.000
4000.000
4000.000
0.000
2000.000
2000.000
3000.000
2000.000
3000.000
2000.000
5000.000
3000.000
3000.000
4000.000
7000.000
1000.000
1000.000
1000.000
3000.000
3000.000
11000.000
10000.000
9000.000
11000.000
21000.000
23000.000
46000.000
44000.000
48000.000
57000.000
60000.000
46000.000
72000.000
59000.000
84000.000
92000.000
111000.000
119000.000
91000.000
119000.000
156000.000
140000.000
126000.000
132000.000
141000.000
180000.000
182000.000
154000.000
161000.000
166000.000
179000.000
175000.000
160000.000
187000.000
183000.000
181000.000
172000.000
179000.000
175000.000
172000.000
169000.000
191000.000
171000.000
160000.000
156000.000
159000.000
160000.000
158000.000
151000.000
154000.000
139000.000
165000.000
133000.000
152000.000
134000.000
138000.000
111000.000
115000.000
102000.000
92000.000
89000.000
96000.000
94000.000
74000.000
76000.000
58000.000
48000.000
45000.000
34000.000
33000.000
29000.000
40000.000
33000.000
23000.000
10000.000
19000.000
10000.000
7000.000
7000.000
2000.000
2000.000
5000.000
4000.000
1000.000
5000.000
0.000
2000.000
0.000
2000.000
1000.000
2000.000
1000.000
2000.000
3000.000
3000.000
4000.000
3000.000
2000.000
3000.000
5000.000
2000.000
2000.000
4000.000
0.000
4000.000
6000.000
823000.000
805000.000
764000.000
803000.000
761000.000
785000.000
778000.000
744000.000
704000.000
747000.000
698000.000
654000.000
598000.000
603000.000
613000.000
534000.000
564000.000
574000.000
481000.000
422000.000
420000.000
359000.000
329000.000
362000.000
270000.000
284000.000
233000.000
237000.000
231000.000
213000.000
192000.000
206000.000
267000.000
525000.000
670000.000
693000.000
628000.000
528000.000
476000.000
379000.000
379000.000
287000.000
237000.000
215000.000
148000.000
122000.000
102000.000
71000.000
63000.000
43000.000
26000.000
20000.000
13000.000
12000.000
10000.000
2000.000
5000.000
4000.000
1000.000
1000.000
2000.000
2000.000
0.000
3000.000
5000.000
2000.000
2000.000
5000.000
2000.000
2000.000
2000.000
2000.000
1000.000
6000.000
4000.000
1000.000
3000.000
1000.000
1000.000
2000.000
0.000
3000.000
2000.000
2000.000
4000.000
4000.000
3000.000
1000.000
1000.000
1000.000
3000.000
5000.000
6000.000
6000.000
5000.000
25000.000
14000.000
19000.000
35000.000
42000.000
46000.000
51000.000
47000.000
57000.000
66000.000
69000.000
81000.000
98000.000
90000.000
105000.000
103000.000
137000.000
128000.000
130000.000
118000.000
141000.000
161000.000
161000.000
163000.000
190000.000
193000.000
181000.000
195000.000
230000.000
199000.000
220000.000
211000.000
225000.000
222000.000
243000.000
231000.000
229000.000
248000.000
224000.000
231000.000
264000.000
245000.000
231000.000
209000.000
242000.000
229000.000
231000.000
214000.000
227000.000
207000.000
200000.000
193000.000
191000.000
170000.000
156000.000
171000.000
146000.000
147000.000
161000.000
133000.000
136000.000
120000.000
108000.000
102000.000
71000.000
80000.000
87000.000
70000.000
69000.000
53000.000
50000.000
38000.000
43000.000
38000.000
33000.000
20000.000
20000.000
19000.000
17000.000
6000.000
5000.000
3000.000
5000.000
6000.000
2000.000
3000.000
1000.000
0.000
0.000
8000.000
5000.000
3000.000
2000.000
3000.000
3000.000
3000.000
0.000
3000.000
2000.000
1000.000
2000.000
5000.000
0.000
2000.000
3000.000
2000.000
806000.000
817000.000
781000.000
790000.000
827000.000
753000.000
717000.000
719000.000
682000.000
637000.000
658000.000
615000.000
597000.000
603000.000
584000.000
575000.000
502000.000
472000.000
436000.000
398000.000
377000.000
356000.000
359000.000
301000.000
259000.000
242000.000
230000.000
240000.000
195000.000
179000.000
153000.000
180000.000
276000.000
527000.000
656000.000
582000.000
473000.000
453000.000
378000.000
295000.000
250000.000
224000.000
165000.000
115000.000
107000.000
73000.000
61000.000
37000.000
28000.000
21000.000
19000.000
8000.000
6000.000
6000.000
5000.000
8000.000
5000.000
3000.000
6000.000
6000.000
3000.000
0.000
1000.000
5000.000
3000.000
0.000
2000.000
1000.000
3000.000
1000.000
2000.000
3000.000
3000.000
6000.000
2000.000
2000.000
7000.000
5000.000
5000.000
5000.000
1000.000
2000.000
3000.000
5000.000
2000.000
2000.000
3000.000
3000.000
5000.000
2000.000
5000.000
12000.000
11000.000
17000.000
31000.000
34000.000
33000.000
45000.000
58000.000
70000.000
58000.000
76000.000
62000.000
79000.000
102000.000
97000.000
110000.000
129000.000
121000.000
135000.000
146000.000
185000.000
145000.000
181000.000
189000.000
190000.000
233000.000
196000.000
216000.000
246000.000
250000.000
260000.000
232000.000
249000.000
271000.000
271000.000
257000.000
286000.000
289000.000
280000.000
282000.000
297000.000
297000.000
286000.000
321000.000
276000.000
279000.000
269000.000
274000.000
275000.000
291000.000
258000.000
260000.000
238000.000
246000.000
231000.000
240000.000
240000.000
213000.000
212000.000
186000.000
205000.000
202000.000
165000.000
181000.000
154000.000
147000.000
108000.000
109000.000
93000.000
106000.000
98000.000
66000.000
76000.000
64000.000
72000.000
55000.000
51000.000
42000.000
46000.000
38000.000
39000.000
24000.000
30000.000
7000.000
8000.000
19000.000
6000.000
4000.000
4000.000
2000.000
2000.000
2000.000
4000.000
2000.000
2000.000
2000.000
0.000
3000.000
3000.000
1000.000
0.000
1000.000
1000.000
1000.000
2000.000
2000.000
4000.000
0.000
1000.000
5000.000
820000.000
838000.000
792000.000
812000.000
746000.000
808000.000
681000.000
710000.000
684000.000
637000.000
651000.000
629000.000
694000.000
643000.000
594000.000
540000.000
488000.000
493000.000
457000.000
428000.000
382000.000
333000.000
369000.000
315000.000
246000.000
242000.000
247000.000
234000.000
177000.000
155000.000
173000.000
168000.000
150000.000
245000.000
434000.000
511000.000
485000.000
425000.000
350000.000
278000.000
227000.000
220000.000
150000.000
126000.000
91000.000
71000.000
42000.000
37000.000
30000.000
25000.000
8000.000
9000.000
11000.000
5000.000
7000.000
2000.000
3000.000
1000.000
5000.000
3000.000
6000.000
1000.000
4000.000
3000.000
3000.000
1000.000
3000.000
2000.000
3000.000
2000.000
4000.000
0.000
4000.000
6000.000
1000.000
3000.000
4000.000
7000.000
4000.000
3000.000
1000.000
1000.000
5000.000
3000.000
2000.000
3000.000
3000.000
2000.000
4000.000
8000.000
9000.000
9000.000
16000.000
23000.000
37000.000
39000.000
55000.000
59000.000
66000.000
53000.000
85000.000
90000.000
89000.000
95000.000
124000.000
119000.000
119000.000
139000.000
168000.000
159000.000
179000.000
197000.000
209000.000
206000.000
247000.000
260000.000
257000.000
281000.000
277000.000
279000.000
274000.000
329000.000
334000.000
300000.000
334000.000
367000.000
376000.000
321000.000
353000.000
375000.000
411000.000
373000.000
351000.000
368000.000
371000.000
349000.000
361000.000
352000.000
378000.000
356000.000
399000.000
342000.000
336000.000
304000.000
340000.000
299000.000
338000.000
288000.000
302000.000
287000.000
261000.000
261000.000
238000.000
240000.000
224000.000
188000.000
196000.000
190000.000
165000.000
156000.000
142000.000
138000.000
128000.000
113000.000
96000.000
87000.000
90000.000
66000.000
66000.000
61000.000
50000.000
44000.000
26000.000
37000.000
30000.000
31000.000
22000.000
15000.000
13000.000
6000.000
2000.000
3000.000
3000.000
5000.000
2000.000
3000.000
4000.000
3000.000
2000.000
2000.000
3000.000
1000.000
2000.000
0.000
3000.000
0.000
7000.000
4000.000
4000.000
3000.000
3000.000
816000.000
812000.000
851000.000
786000.000
714000.000
732000.000
691000.000
650000.000
631000.000
675000.000
653000.000
575000.000
589000.000
548000.000
522000.000
496000.000
427000.000
406000.000
389000.000
342000.000
346000.000
329000.000
272000.000
274000.000
242000.000
201000.000
176000.000
189000.000
196000.000
156000.000
126000.000
157000.000
169000.000
310000.000
450000.000
439000.000
403000.000
314000.000
244000.000
203000.000
186000.000
134000.000
105000.000
97000.000
58000.000
41000.000
51000.000
19000.000
16000.000
6000.000
5000.000
1000.000
3000.000
4000.000
7000.000
3000.000
3000.000
4000.000
1000.000
3000.000
3000.000
4000.000
3000.000
2000.000
2000.000
1000.000
1000.000
3000.000
2000.000
2000.000
5000.000
0.000
1000.000
1000.000
4000.000
2000.000
6000.000
5000.000
4000.000
3000.000
7000.000
4000.000
0.000
5000.000
2000.000
3000.000
7000.000
12000.000
20000.000
27000.000
26000.000
24000.000
45000.000
52000.000
49000.000
63000.000
74000.000
100000.000
84000.000
128000.000
108000.000
140000.000
157000.000
167000.000
149000.000
166000.000
191000.000
220000.000
222000.000
250000.000
239000.000
261000.000
265000.000
296000.000
304000.000
354000.000
345000.000
358000.000
377000.000
365000.000
346000.000
408000.000
440000.000
405000.000
458000.000
434000.000
463000.000
424000.000
451000.000
461000.000
439000.000
424000.000
527000.000
442000.000
406000.000
471000.000
435000.000
419000.000
419000.000
400000.000
412000.000
403000.000
421000.000
400000.000
402000.000
366000.000
336000.000
379000.000
361000.000
348000.000
334000.000
309000.000
274000.000
264000.000
274000.000
228000.000
251000.000
224000.000
203000.000
186000.000
169000.000
150000.000
157000.000
153000.000
124000.000
112000.000
95000.000
91000.000
85000.000
67000.000
81000.000
53000.000
58000.000
52000.000
37000.000
34000.000
25000.000
27000.000
25000.000
10000.000
5000.000
5000.000
3000.000
0.000
3000.000
1000.000
2000.000
1000.000
5000.000
4000.000
1000.000
4000.000
5000.000
3000.000
1000.000
1000.000
1000.000
3000.000
0.000
0.000
2000.000
784000.000
826000.000
830000.000
768000.000
706000.000
795000.000
726000.000
656000.000
712000.000
613000.000
601000.000
614000.000
627000.000
543000.000
574000.000
484000.000
460000.000
422000.000
417000.000
395000.000
372000.000
315000.000
258000.000
314000.000
218000.000
215000.000
195000.000
173000.000
161000.000
154000.000
141000.000
126000.000
117000.000
149000.000
276000.000
347000.000
376000.000
345000.000
285000.000
208000.000
181000.000
147000.000
117000.000
78000.000
51000.000
35000.000
28000.000
16000.000
25000.000
8000.000
8000.000
7000.000
8000.000
5000.000
4000.000
2000.000
2000.000
4000.000
4000.000
4000.000
6000.000
3000.000
1000.000
3000.000
2000.000
2000.000
1000.000
5000.000
3000.000
2000.000
2000.000
5000.000
7000.000
1000.000
3000.000
8000.000
0.000
4000.000
4000.000
2000.000
2000.000
3000.000
4000.000
5000.000
12000.000
9000.000
8000.000
17000.000
28000.000
31000.000
40000.000
50000.000
48000.000
63000.000
74000.000
117000.000
105000.000
103000.000
108000.000
150000.000
155000.000
171000.000
182000.000
154000.000
173000.000
226000.000
208000.000
242000.000
264000.000
255000.000
306000.000
288000.000
348000.000
390000.000
391000.000
382000.000
368000.000
441000.000
422000.000
437000.000
433000.000
520000.000
444000.000
512000.000
529000.000
485000.000
502000.000
531000.000
496000.000
500000.000
588000.000
491000.000
548000.000
547000.000
587000.000
541000.000
541000.000
530000.000
515000.000
544000.000
488000.000
543000.000
478000.000
489000.000
448000.000
466000.000
496000.000
452000.000
465000.000
432000.000
405000.000
367000.000
357000.000
354000.000
326000.000
325000.000
294000.000
301000.000
280000.000
268000.000
249000.000
198000.000
191000.000
194000.000
176000.000
145000.000
137000.000
150000.000
114000.000
88000.000
88000.000
83000.000
66000.000
75000.000
50000.000
49000.000
49000.000
54000.000
30000.000
29000.000
25000.000
9000.000
10000.000
11000.000
1000.000
3000.000
4000.000
4000.000
1000.000
4000.000
2000.000
1000.000
2000.000
3000.000
1000.000
1000.000
3000.000
0.000
3000.000
4000.000
4000.000
831000.000
811000.000
839000.000
736000.000
754000.000
671000.000
668000.000
658000.000
645000.000
617000.000
606000.000
586000.000
531000.000
496000.000
491000.000
458000.000
401000.000
373000.000
341000.000
328000.000
308000.000
245000.000
244000.000
221000.000
227000.000
208000.000
178000.000
151000.000
134000.000
158000.000
106000.000
112000.000
111000.000
167000.000
293000.000
331000.000
252000.000
217000.000
179000.000
158000.000
105000.000
82000.000
61000.000
41000.000
39000.000
20000.000
11000.000
10000.000
3000.000
11000.000
5000.000
4000.000
3000.000
3000.000
2000.000
3000.000
2000.000
2000.000
1000.000
3000.000
4000.000
3000.000
1000.000
0.000
0.000
2000.000
5000.000
5000.000
4000.000
4000.000
2000.000
2000.000
2000.000
4000.000
4000.000
4000.000
1000.000
3000.000
4000.000
5000.000
5000.000
4000.000
7000.000
14000.000
15000.000
22000.000
37000.000
46000.000
37000.000
57000.000
62000.000
62000.000
79000.000
98000.000
116000.000
133000.000
134000.000
146000.000
153000.000
177000.000
169000.000
209000.000
251000.000
269000.000
287000.000
265000.000
329000.000
327000.000
332000.000
333000.000
382000.000
431000.000
450000.000
447000.000
434000.000
464000.000
490000.000
498000.000
503000.000
488000.000
545000.000
600000.000
568000.000
597000.000
611000.000
663000.000
649000.000
606000.000
667000.000
683000.000
660000.000
686000.000
669000.000
674000.000
671000.000
670000.000
663000.000
629000.000
677000.000
601000.000
626000.000
656000.000
661000.000
577000.000
590000.000
561000.000
521000.000
574000.000
483000.000
541000.000
501000.000
481000.000
463000.000
413000.000
390000.000
380000.000
340000.000
310000.000
305000.000
283000.000
288000.000
243000.000
251000.000
216000.000
199000.000
181000.000
167000.000
136000.000
134000.000
95000.000
91000.000
71000.000
69000.000
82000.000
74000.000
55000.000
61000.000
33000.000
53000.000
31000.000
21000.000
23000.000
11000.000
7000.000
7000.000
4000.000
2000.000
4000.000
2000.000
7000.000
2000.000
1000.000
2000.000
4000.000
4000.000
5000.000
5000.000
1000.000
4000.000
0.000
2000.000
849000.000
840000.000
801000.000
746000.000
710000.000
760000.000
659000.000
706000.000
681000.000
668000.000
646000.000
568000.000
539000.000
511000.000
500000.000
473000.000
432000.000
373000.000
359000.000
308000.000
313000.000
319000.000
259000.000
219000.000
214000.000
178000.000
187000.000
153000.000
118000.000
113000.000
110000.000
102000.000
88000.000
134000.000
204000.000
269000.000
247000.000
223000.000
161000.000
153000.000
106000.000
97000.000
62000.000
42000.000
48000.000
22000.000
14000.000
8000.000
5000.000
7000.000
1000.000
2000.000
2000.000
4000.000
1000.000
7000.000
3000.000
0.000
3000.000
2000.000
2000.000
4000.000
2000.000
3000.000
1000.000
2000.000
4000.000
2000.000
3000.000
4000.000
4000.000
2000.000
1000.000
4000.000
0.000
4000.000
3000.000
5000.000
5000.000
3000.000
2000.000
6000.000
7000.000
18000.000
15000.000
38000.000
43000.000
52000.000
51000.000
55000.000
62000.000
96000.000
95000.000
118000.000
117000.000
129000.000
158000.000
193000.000
171000.000
215000.000
208000.000
253000.000
252000.000
269000.000
292000.000
305000.000
353000.000
370000.000
358000.000
420000.000
432000.000
465000.000
463000.000
531000.000
572000.000
530000.000
572000.000
565000.000
593000.000
646000.000
600000.000
642000.000
674000.000
703000.000
719000.000
678000.000
711000.000
695000.000
697000.000
740000.000
747000.000
720000.000
769000.000
731000.000
754000.000
711000.000
723000.000
724000.000
755000.000
730000.000
691000.000
709000.000
714000.000
703000.000
701000.000
620000.000
637000.000
649000.000
618000.000
643000.000
557000.000
575000.000
560000.000
506000.000
460000.000
458000.000
488000.000
391000.000
411000.000
378000.000
348000.000
314000.000
321000.000
298000.000
243000.000
238000.000
195000.000
220000.000
197000.000
146000.000
160000.000
98000.000
127000.000
96000.000
91000.000
111000.000
71000.000
57000.000
56000.000
44000.000
33000.000
30000.000
22000.000
21000.000
21000.000
17000.000
6000.000
6000.000
5000.000
1000.000
3000.000
5000.000
1000.000
1000.000
2000.000
2000.000
4000.000
2000.000
4000.000
6000.000
0.000
902000.000
790000.000
707000.000
720000.000
697000.000
703000.000
664000.000
658000.000
593000.000
593000.000
577000.000
517000.000
539000.000
495000.000
450000.000
397000.000
385000.000
338000.000
318000.000
259000.000
274000.000
239000.000
228000.000
202000.000
185000.000
164000.000
131000.000
145000.000
81000.000
98000.000
107000.000
87000.000
118000.000
178000.000
214000.000
236000.000
199000.000
169000.000
127000.000
89000.000
68000.000
44000.000
39000.000
20000.000
16000.000
11000.000
5000.000
2000.000
3000.000
6000.000
2000.000
4000.000
3000.000
6000.000
3000.000
1000.000
4000.000
2000.000
1000.000
5000.000
2000.000
1000.000
7000.000
8000.000
2000.000
1000.000
5000.000
2000.000
5000.000
2000.000
6000.000
1000.000
2000.000
1000.000
0.000
3000.000
1000.000
1000.000
9000.000
7000.000
14000.000
12000.000
26000.000
35000.000
47000.000
55000.000
49000.000
70000.000
83000.000
101000.000
110000.000
122000.000
152000.000
180000.000
170000.000
189000.000
202000.000
231000.000
289000.000
276000.000
310000.000
323000.000
319000.000
369000.000
416000.000
453000.000
465000.000
499000.000
453000.000
532000.000
495000.000
570000.000
635000.000
639000.000
673000.000
689000.000
699000.000
689000.000
704000.000
749000.000
771000.000
769000.000
860000.000
835000.000
845000.000
784000.000
864000.000
929000.000
900000.000
895000.000
915000.000
893000.000
953000.000
927000.000
940000.000
875000.000
938000.000
873000.000
909000.000
878000.000
833000.000
868000.000
847000.000
871000.000
792000.000
813000.000
778000.000
761000.000
745000.000
771000.000
714000.000
624000.000
628000.000
598000.000
572000.000
582000.000
526000.000
476000.000
466000.000
476000.000
371000.000
401000.000
367000.000
350000.000
300000.000
275000.000
242000.000
258000.000
236000.000
212000.000
168000.000
160000.000
128000.000
131000.000
110000.000
86000.000
76000.000
82000.000
65000.000
42000.000
49000.000
39000.000
34000.000
42000.000
28000.000
16000.000
12000.000
10000.000
6000.000
2000.000
2000.000
3000.000
3000.000
6000.000
3000.000
7000.000
3000.000
2000.000
3000.000
6000.000
1000.000
760000.000
760000.000
742000.000
744000.000
673000.000
660000.000
594000.000
646000.000
596000.000
611000.000
570000.000
582000.000
460000.000
476000.000
429000.000
403000.000
385000.000
325000.000
292000.000
273000.000
270000.000
237000.000
224000.000
220000.000
201000.000
155000.000
148000.000
144000.000
103000.000
93000.000
82000.000
82000.000
86000.000
71000.000
138000.000
211000.000
193000.000
180000.000
104000.000
86000.000
64000.000
36000.000
25000.000
10000.000
10000.000
13000.000
5000.000
4000.000
3000.000
3000.000
6000.000
4000.000
2000.000
1000.000
2000.000
3000.000
4000.000
2000.000
5000.000
1000.000
3000.000
2000.000
4000.000
1000.000
3000.000
2000.000
3000.000
2000.000
1000.000
3000.000
1000.000
0.000
3000.000
5000.000
3000.000
5000.000
4000.000
5000.000
6000.000
17000.000
19000.000
30000.000
37000.000
42000.000
42000.000
52000.000
54000.000
90000.000
96000.000
129000.000
128000.000
151000.000
162000.000
190000.000
201000.000
226000.000
246000.000
282000.000
305000.000
315000.000
342000.000
369000.000
372000.000
426000.000
455000.000
478000.000
465000.000
564000.000
555000.000
610000.000
586000.000
629000.000
662000.000
705000.000
751000.000
755000.000
826000.000
796000.000
827000.000
822000.000
888000.000
908000.000
921000.000
865000.000
949000.000
944000.000
973000.000
949000.000
1045000.000
1069000.000
1059000.000
1060000.000
980000.000
992000.000
1054000.000
1043000.000
1029000.000
1024000.000
942000.000
1053000.000
1059000.000
964000.000
1001000.000
989000.000
1006000.000
962000.000
950000.000
916000.000
823000.000
814000.000
861000.000
807000.000
789000.000
778000.000
742000.000
666000.000
650000.000
666000.000
616000.000
613000.000
517000.000
525000.000
453000.000
427000.000
390000.000
382000.000
338000.000
298000.000
311000.000
271000.000
241000.000
212000.000
187000.000
169000.000
167000.000
141000.000
145000.000
109000.000
82000.000
84000.000
87000.000
59000.000
46000.000
37000.000
46000.000
38000.000
17000.000
24000.000
9000.000
15000.000
7000.000
3000.000
3000.000
2000.000
0.000
3000.000
4000.000
2000.000
3000.000
3000.000
2000.000
741000.000
715000.000
748000.000
700000.000
633000.000
655000.000
632000.000
584000.000
607000.000
612000.000
520000.000
463000.000
488000.000
409000.000
409000.000
336000.000
308000.000
278000.000
300000.000
258000.000
234000.000
233000.000
204000.000
175000.000
145000.000
125000.000
117000.000
108000.000
84000.000
91000.000
77000.000
71000.000
66000.000
99000.000
146000.000
164000.000
144000.000
105000.000
69000.000
40000.000
36000.000
22000.000
9000.000
8000.000
8000.000
2000.000
1000.000
1000.000
6000.000
3000.000
9000.000
0.000
3000.000
6000.000
4000.000
4000.000
3000.000
3000.000
2000.000
1000.000
2000.000
1000.000
1000.000
2000.000
1000.000
1000.000
3000.000
2000.000
2000.000
1000.000
5000.000
4000.000
3000.000
2000.000
3000.000
4000.000
12000.000
11000.000
13000.000
35000.000
45000.000
34000.000
48000.000
57000.000
80000.000
89000.000
95000.000
99000.000
138000.000
181000.000
174000.000
217000.000
229000.000
250000.000
281000.000
270000.000
327000.000
328000.000
338000.000
407000.000
433000.000
479000.000
507000.000
514000.000
553000.000
631000.000
620000.000
649000.000
698000.000
694000.000
752000.000
768000.000
830000.000
843000.000
857000.000
957000.000
983000.000
916000.000
983000.000
996000.000
1120000.000
1024000.000
1113000.000
1118000.000
1159000.000
1199000.000
1069000.000
1139000.000
1187000.000
1180000.000
1203000.000
1197000.000
1245000.000
1200000.000
1213000.000
1174000.000
1298000.000
1189000.000
1165000.000
1204000.000
1210000.000
1140000.000
1134000.000
1172000.000
1103000.000
1090000.000
1094000.000
1005000.000
1044000.000
938000.000
918000.000
889000.000
936000.000
842000.000
784000.000
753000.000
804000.000
708000.000
713000.000
649000.000
631000.000
526000.000
536000.000
499000.000
499000.000
414000.000
426000.000
378000.000
325000.000
273000.000
283000.000
254000.000
230000.000
203000.000
199000.000
143000.000
129000.000
125000.000
102000.000
78000.000
77000.000
65000.000
74000.000
55000.000
52000.000
48000.000
34000.000
34000.000
15000.000
18000.000
12000.000
3000.000
2000.000
1000.000
5000.000
5000.000
3000.000
3000.000
3000.000
5000.000
3000.000
794000.000
782000.000
741000.000
687000.000
691000.000
699000.000
632000.000
559000.000
643000.000
553000.000
516000.000
511000.000
502000.000
467000.000
397000.000
388000.000
345000.000
330000.000
313000.000
273000.000
246000.000
213000.000
171000.000
164000.000
139000.000
129000.000
109000.000
108000.000
99000.000
88000.000
85000.000
68000.000
63000.000
71000.000
66000.000
103000.000
111000.000
95000.000
73000.000
54000.000
42000.000
29000.000
16000.000
5000.000
8000.000
3000.000
4000.000
3000.000
4000.000
3000.000
3000.000
4000.000
3000.000
7000.000
1000.000
3000.000
3000.000
0.000
3000.000
1000.000
2000.000
8000.000
2000.000
3000.000
3000.000
2000.000
2000.000
3000.000
1000.000
2000.000
1000.000
4000.000
3000.000
9000.000
3000.000
14000.000
13000.000
12000.000
34000.000
36000.000
44000.000
52000.000
59000.000
59000.000
89000.000
133000.000
104000.000
148000.000
157000.000
173000.000
173000.000
249000.000
260000.000
274000.000
311000.000
323000.000
351000.000
385000.000
416000.000
446000.000
449000.000
509000.000
533000.000
585000.000
577000.000
676000.000
723000.000
710000.000
738000.000
838000.000
847000.000
919000.000
971000.000
967000.000
954000.000
1018000.000
1012000.000
1065000.000
1116000.000
1138000.000
1156000.000
1274000.000
1248000.000
1274000.000
1350000.000
1316000.000
1309000.000
1376000.000
1460000.000
1410000.000
1368000.000
1439000.000
1374000.000
1423000.000
1379000.000
1434000.000
1358000.000
1351000.000
1407000.000
1419000.000
1348000.000
1407000.000
1326000.000
1363000.000
1365000.000
1278000.000
1244000.000
1222000.000
1193000.000
1184000.000
1134000.000
1051000.000
1040000.000
985000.000
979000.000
937000.000
988000.000
885000.000
784000.000
834000.000
801000.000
725000.000
704000.000
624000.000
606000.000
608000.000
501000.000
449000.000
444000.000
403000.000
391000.000
337000.000
312000.000
293000.000
266000.000
210000.000
199000.000
179000.000
182000.000
119000.000
111000.000
106000.000
93000.000
83000.000
77000.000
58000.000
42000.000
32000.000
25000.000
37000.000
24000.000
20000.000
10000.000
3000.000
5000.000
1000.000
5000.000
2000.000
1000.000
5000.000
3000.000
743000.000
773000.000
679000.000
715000.000
664000.000
652000.000
631000.000
525000.000
564000.000
518000.000
535000.000
467000.000
412000.000
378000.000
354000.000
328000.000
277000.000
240000.000
265000.000
218000.000
221000.000
175000.000
151000.000
149000.000
116000.000
105000.000
93000.000
74000.000
73000.000
55000.000
63000.000
50000.000
60000.000
46000.000
68000.000
78000.000
71000.000
44000.000
44000.000
22000.000
20000.000
13000.000
5000.000
5000.000
3000.000
0.000
3000.000
5000.000
2000.000
2000.000
6000.000
2000.000
4000.000
5000.000
3000.000
5000.000
2000.000
4000.000
3000.000
2000.000
5000.000
1000.000
4000.000
4000.000
2000.000
1000.000
1000.000
2000.000
6000.000
2000.000
2000.000
3000.000
7000.000
10000.000
19000.000
30000.000
31000.000
37000.000
39000.000
49000.000
67000.000
83000.000
102000.000
107000.000
140000.000
164000.000
186000.000
179000.000
225000.000
263000.000
318000.000
326000.000
332000.000
368000.000
422000.000
431000.000
455000.000
513000.000
537000.000
553000.000
601000.000
648000.000
655000.000
714000.000
802000.000
875000.000
857000.000
919000.000
910000.000
978000.000
1028000.000
1099000.000
1125000.000
1184000.000
1176000.000
1244000.000
1280000.000
1266000.000
1346000.000
1396000.000
1432000.000
1447000.000
1411000.000
1442000.000
1479000.000
1573000.000
1537000.000
1596000.000
1540000.000
1550000.000
1569000.000
1583000.000
1576000.000
1605000.000
1629000.000
1512000.000
1582000.000
1547000.000
1518000.000
1586000.000
1553000.000
1538000.000
1511000.000
1469000.000
1534000.000
1478000.000
1471000.000
1381000.000
1296000.000
1268000.000
1251000.000
1252000.000
1170000.000
1186000.000
1089000.000
1090000.000
1104000.000
940000.000
940000.000
852000.000
870000.000
841000.000
754000.000
699000.000
628000.000
644000.000
587000.000
593000.000
486000.000
447000.000
424000.000
358000.000
335000.000
353000.000
283000.000
265000.000
237000.000
195000.000
182000.000
136000.000
132000.000
110000.000
106000.000
90000.000
92000.000
62000.000
59000.000
57000.000
43000.000
31000.000
33000.000
21000.000
10000.000
7000.000
5000.000
4000.000
3000.000
2000.000
2000.000
5000.000
0.000
717000.000
714000.000
678000.000
698000.000
672000.000
638000.000
573000.000
556000.000
602000.000
539000.000
518000.000
456000.000
461000.000
414000.000
407000.000
326000.000
296000.000
256000.000
258000.000
238000.000
217000.000
159000.000
158000.000
140000.000
124000.000
115000.000
104000.000
79000.000
61000.000
54000.000
59000.000
39000.000
52000.000
35000.000
42000.000
69000.000
59000.000
68000.000
38000.000
22000.000
20000.000
9000.000
8000.000
8000.000
1000.000
2000.000
1000.000
4000.000
2000.000
2000.000
3000.000
0.000
4000.000
5000.000
1000.000
2000.000
6000.000
0.000
4000.000
4000.000
7000.000
2000.000
4000.000
1000.000
6000.000
2000.000
4000.000
2000.000
4000.000
7000.000
2000.000
2000.000
15000.000
6000.000
21000.000
33000.000
26000.000
34000.000
40000.000
48000.000
83000.000
89000.000
99000.000
105000.000
132000.000
174000.000
192000.000
237000.000
239000.000
318000.000
315000.000
340000.000
345000.000
419000.000
439000.000
472000.000
492000.000
552000.000
623000.000
576000.000
653000.000
725000.000
730000.000
788000.000
839000.000
875000.000
999000.000
945000.000
1008000.000
1022000.000
1117000.000
1160000.000
1229000.000
1247000.000
1275000.000
1302000.000
1361000.000
1436000.000
1503000.000
1524000.000
1601000.000
1620000.000
1702000.000
1675000.000
1663000.000
1726000.000
1732000.000
1719000.000
1842000.000
1716000.000
1829000.000
1840000.000
1758000.000
1773000.000
1776000.000
1878000.000
1797000.000
1820000.000
1822000.000
1797000.000
1801000.000
1818000.000
1741000.000
1731000.000
1747000.000
1687000.000
1699000.000
1726000.000
1633000.000
1564000.000
1504000.000
1491000.000
1469000.000
1360000.000
1334000.000
1248000.000
1248000.000
1207000.000
1133000.000
1103000.000
1114000.000
995000.000
931000.000
884000.000
886000.000
781000.000
763000.000
703000.000
616000.000
660000.000
544000.000
461000.000
477000.000
429000.000
367000.000
413000.000
323000.000
291000.000
251000.000
246000.000
182000.000
166000.000
153000.000
125000.000
106000.000
87000.000
87000.000
87000.000
62000.000
51000.000
26000.000
41000.000
21000.000
20000.000
21000.000
16000.000
5000.000
3000.000
0.000
2000.000
4000.000
695000.000
703000.000
644000.000
662000.000
554000.000
575000.000
538000.000
526000.000
480000.000
470000.000
420000.000
409000.000
352000.000
353000.000
305000.000
287000.000
256000.000
274000.000
210000.000
184000.000
174000.000
172000.000
127000.000
118000.000
101000.000
96000.000
76000.000
76000.000
62000.000
46000.000
47000.000
47000.000
33000.000
28000.000
39000.000
48000.000
34000.000
34000.000
15000.000
14000.000
9000.000
9000.000
5000.000
3000.000
5000.000
5000.000
6000.000
2000.000
3000.000
3000.000
3000.000
0.000
3000.000
2000.000
3000.000
7000.000
2000.000
3000.000
4000.000
0.000
2000.000
3000.000
2000.000
8000.000
3000.000
1000.000
6000.000
1000.000
4000.000
5000.000
8000.000
22000.000
23000.000
42000.000
44000.000
54000.000
52000.000
65000.000
100000.000
80000.000
116000.000
142000.000
164000.000
180000.000
206000.000
261000.000
252000.000
299000.000
309000.000
355000.000
387000.000
406000.000
442000.000
518000.000
602000.000
620000.000
637000.000
666000.000
703000.000
780000.000
813000.000
875000.000
929000.000
939000.000
995000.000
1035000.000
1128000.000
1182000.000
1208000.000
1221000.000
1325000.000
1391000.000
1423000.000
1454000.000
1521000.000
1565000.000
1584000.000
1648000.000
1661000.000
1765000.000
1756000.000
1732000.000
1890000.000
1900000.000
1883000.000
1915000.000
1870000.000
1903000.000
1931000.000
2000000.000
2059000.000
2039000.000
2019000.000
2097000.000
2021000.000
1995000.000
2136000.000
2057000.000
2088000.000
1981000.000
2039000.000
2070000.000
1985000.000
1862000.000
1979000.000
1962000.000
1864000.000
1837000.000
1777000.000
1750000.000
1621000.000
1632000.000
1560000.000
1526000.000
1483000.000
1374000.000
1350000.000
1365000.000
1233000.000
1218000.000
1212000.000
1140000.000
1080000.000
998000.000
957000.000
839000.000
829000.000
738000.000
746000.000
695000.000
578000.000
556000.000
541000.000
482000.000
449000.000
384000.000
344000.000
324000.000
307000.000
252000.000
237000.000
192000.000
173000.000
156000.000
119000.000
107000.000
81000.000
67000.000
79000.000
63000.000
42000.000
37000.000
25000.000
32000.000
20000.000
12000.000
4000.000
7000.000
3000.000
4000.000
5000.000
691000.000
694000.000
656000.000
668000.000
614000.000
520000.000
550000.000
509000.000
560000.000
529000.000
418000.000
404000.000
391000.000
344000.000
338000.000
262000.000
260000.000
242000.000
187000.000
166000.000
171000.000
155000.000
126000.000
124000.000
106000.000
106000.000
72000.000
90000.000
58000.000
48000.000
48000.000
41000.000
28000.000
28000.000
30000.000
28000.000
47000.000
28000.000
23000.000
11000.000
7000.000
10000.000
4000.000
4000.000
2000.000
5000.000
3000.000
2000.000
2000.000
2000.000
2000.000
1000.000
5000.000
2000.000
3000.000
5000.000
0.000
1000.000
1000.000
4000.000
0.000
3000.000
1000.000
4000.000
5000.000
4000.000
3000.000
0.000
2000.000
3000.000
4000.000
17000.000
28000.000
33000.000
35000.000
54000.000
53000.000
74000.000
107000.000
112000.000
132000.000
164000.000
184000.000
209000.000
246000.000
243000.000
302000.000
362000.000
371000.000
371000.000
426000.000
504000.000
517000.000
558000.000
600000.000
662000.000
696000.000
731000.000
823000.000
826000.000
901000.000
980000.000
1063000.000
1064000.000
1103000.000
1174000.000
1235000.000
1320000.000
1392000.000
1403000.000
1479000.000
1532000.000
1558000.000
1579000.000
1736000.000
1640000.000
1792000.000
1911000.000
1867000.000
1818000.000
2011000.000
1983000.000
2053000.000
2113000.000
2010000.000
2117000.000
2172000.000
2215000.000
2225000.000
2209000.000
2152000.000
2303000.000
2344000.000
2214000.000
2280000.000
2266000.000
2400000.000
2300000.000
2270000.000
2256000.000
2251000.000
2218000.000
2245000.000
2175000.000
2183000.000
2129000.000
2129000.000
2161000.000
2023000.000
2056000.000
1963000.000
1946000.000
1898000.000
1839000.000
1790000.000
1736000.000
1644000.000
1584000.000
1480000.000
1484000.000
1420000.000
1315000.000
1256000.000
1242000.000
1147000.000
1101000.000
1070000.000
947000.000
874000.000
829000.000
770000.000
720000.000
633000.000
649000.000
610000.000
511000.000
468000.000
416000.000
404000.000
316000.000
302000.000
285000.000
209000.000
203000.000
162000.000
164000.000
151000.000
116000.000
104000.000
113000.000
92000.000
53000.000
57000.000
42000.000
31000.000
16000.000
13000.000
19000.000
9000.000
8000.000
4000.000
715000.000
672000.000
640000.000
621000.000
596000.000
546000.000
526000.000
485000.000
444000.000
432000.000
385000.000
390000.000
324000.000
363000.000
268000.000
273000.000
212000.000
198000.000
184000.000
140000.000
118000.000
126000.000
118000.000
105000.000
98000.000
80000.000
52000.000
54000.000
42000.000
39000.000
34000.000
38000.000
28000.000
25000.000
18000.000
26000.000
33000.000
15000.000
8000.000
7000.000
7000.000
1000.000
4000.000
3000.000
7000.000
1000.000
3000.000
4000.000
3000.000
0.000
4000.000
4000.000
5000.000
2000.000
2000.000
3000.000
3000.000
2000.000
2000.000
3000.000
0.000
3000.000
4000.000
4000.000
0.000
4000.000
6000.000
8000.000
11000.000
16000.000
28000.000
43000.000
57000.000
45000.000
52000.000
86000.000
94000.000
102000.000
127000.000
152000.000
185000.000
214000.000
248000.000
267000.000
341000.000
331000.000
384000.000
405000.000
476000.000
517000.000
551000.000
613000.000
625000.000
745000.000
772000.000
781000.000
871000.000
919000.000
988000.000
958000.000
1037000.000
1116000.000
1235000.000
1268000.000
1293000.000
1372000.000
1475000.000
1533000.000
1529000.000
1660000.000
1708000.000
1732000.000
1820000.000
1829000.000
1905000.000
1928000.000
1934000.000
2044000.000
2077000.000
2155000.000
2201000.000
2324000.000
2301000.000
2365000.000
2434000.000
2410000.000
2509000.000
2503000.000
2467000.000
2583000.000
2564000.000
2563000.000
2605000.000
2520000.000
2552000.000
2526000.000
2579000.000
2591000.000
2548000.000
2469000.000
2515000.000
2522000.000
2509000.000
2548000.000
2436000.000
2399000.000
2351000.000
2334000.000
2312000.000
2268000.000
2106000.000
2150000.000
2142000.000
1920000.000
1957000.000
1936000.000
1772000.000
1788000.000
1722000.000
1600000.000
1631000.000
1465000.000
1438000.000
1352000.000
1246000.000
1204000.000
1097000.000
1040000.000
1003000.000
932000.000
869000.000
788000.000
714000.000
695000.000
615000.000
553000.000
506000.000
447000.000
452000.000
363000.000
353000.000
305000.000
281000.000
199000.000
209000.000
200000.000
137000.000
110000.000
104000.000
87000.000
77000.000
72000.000
60000.000
55000.000
47000.000
37000.000
28000.000
30000.000
14000.000
12000.000
5000.000
661000.000
681000.000
636000.000
602000.000
611000.000
554000.000
518000.000
461000.000
452000.000
441000.000
403000.000
344000.000
316000.000
322000.000
278000.000
241000.000
205000.000
213000.000
178000.000
165000.000
146000.000
122000.000
109000.000
96000.000
93000.000
75000.000
76000.000
54000.000
49000.000
42000.000
38000.000
29000.000
28000.000
21000.000
18000.000
18000.000
19000.000
13000.000
10000.000
6000.000
5000.000
0.000
2000.000
5000.000
4000.000
2000.000
5000.000
2000.000
1000.000
2000.000
4000.000
4000.000
5000.000
1000.000
3000.000
6000.000
3000.000
5000.000
2000.000
3000.000
2000.000
2000.000
1000.000
3000.000
0.000
4000.000
4000.000
3000.000
5000.000
30000.000
35000.000
40000.000
52000.000
66000.000
84000.000
87000.000
103000.000
98000.000
124000.000
177000.000
199000.000
221000.000
301000.000
288000.000
350000.000
410000.000
411000.000
477000.000
496000.000
601000.000
562000.000
608000.000
724000.000
700000.000
813000.000
849000.000
982000.000
972000.000
1094000.000
1083000.000
1153000.000
1230000.000
1282000.000
1310000.000
1433000.000
1456000.000
1547000.000
1588000.000
1707000.000
1712000.000
1836000.000
1834000.000
2053000.000
2022000.000
2162000.000
2179000.000
2207000.000
2302000.000
2258000.000
2294000.000
2563000.000
2499000.000
2516000.000
2651000.000
2638000.000
2622000.000
2686000.000
2669000.000
2690000.000
2750000.000
2846000.000
2714000.000
2804000.000
2940000.000
2845000.000
2917000.000
2833000.000
2877000.000
2891000.000
2861000.000
2779000.000
2692000.000
2706000.000
2795000.000
2778000.000
2821000.000
2653000.000
2608000.000
2643000.000
2514000.000
2483000.000
2473000.000
2404000.000
2336000.000
2234000.000
2205000.000
2208000.000
2032000.000
2028000.000
1878000.000
1876000.000
1753000.000
1694000.000
1565000.000
1571000.000
1449000.000
1343000.000
1251000.000
1188000.000
1140000.000
1040000.000
973000.000
939000.000
871000.000
784000.000
718000.000
688000.000
655000.000
568000.000
494000.000
507000.000
421000.000
380000.000
328000.000
274000.000
268000.000
220000.000
197000.000
193000.000
153000.000
134000.000
91000.000
77000.000
91000.000
76000.000
43000.000
34000.000
29000.000
21000.000
20000.000
14000.000
665000.000
644000.000
608000.000
530000.000
595000.000
482000.000
468000.000
490000.000
407000.000
375000.000
361000.000
299000.000
304000.000
293000.000
207000.000
209000.000
194000.000
175000.000
159000.000
121000.000
145000.000
107000.000
82000.000
87000.000
85000.000
72000.000
51000.000
47000.000
30000.000
23000.000
13000.000
19000.000
17000.000
24000.000
11000.000
11000.000
5000.000
6000.000
9000.000
4000.000
5000.000
5000.000
2000.000
3000.000
3000.000
4000.000
2000.000
5000.000
2000.000
3000.000
4000.000
6000.000
3000.000
1000.000
1000.000
3000.000
4000.000
2000.000
1000.000
3000.000
2000.000
2000.000
1000.000
3000.000
0.000
10000.000
10000.000
16000.000
33000.000
36000.000
48000.000
62000.000
70000.000
98000.000
98000.000
124000.000
152000.000
162000.000
185000.000
254000.000
274000.000
308000.000
371000.000
385000.000
431000.000
496000.000
553000.000
553000.000
647000.000
720000.000
705000.000
803000.000
845000.000
867000.000
977000.000
1002000.000
1104000.000
1178000.000
1194000.000
1315000.000
1353000.000
1410000.000
1482000.000
1530000.000
1588000.000
1693000.000
1791000.000
1876000.000
1930000.000
1932000.000
2042000.000
2157000.000
2150000.000
2232000.000
2402000.000
2429000.000
2514000.000
2471000.000
2547000.000
2743000.000
2771000.000
2773000.000
2774000.000
2814000.000
2871000.000
2827000.000
2896000.000
3057000.000
3071000.000
3012000.000
2989000.000
3188000.000
3142000.000
3164000.000
3212000.000
3171000.000
3133000.000
3151000.000
3155000.000
3072000.000
3069000.000
3004000.000
3000000.000
3068000.000
3009000.000
3048000.000
2957000.000
2945000.000
2821000.000
2877000.000
2714000.000
2670000.000
2596000.000
2528000.000
2465000.000
2417000.000
2338000.000
2300000.000
2252000.000
2133000.000
2049000.000
1925000.000
1829000.000
1849000.000
1734000.000
1551000.000
1497000.000
1379000.000
1313000.000
1206000.000
1230000.000
1125000.000
1039000.000
926000.000
880000.000
853000.000
799000.000
764000.000
641000.000
550000.000
527000.000
481000.000
435000.000
367000.000
324000.000
309000.000
247000.000
192000.000
200000.000
163000.000
127000.000
101000.000
100000.000
93000.000
59000.000
45000.000
45000.000
45000.000
34000.000
25000.000
22000.000
656000.000
637000.000
630000.000
554000.000
554000.000
505000.000
477000.000
446000.000
442000.000
335000.000
296000.000
272000.000
265000.000
277000.000
260000.000
228000.000
174000.000
159000.000
158000.000
137000.000
116000.000
101000.000
98000.000
62000.000
71000.000
62000.000
43000.000
50000.000
36000.000
24000.000
25000.000
23000.000
22000.000
20000.000
15000.000
17000.000
11000.000
6000.000
2000.000
3000.000
3000.000
5000.000
3000.000
4000.000
4000.000
4000.000
2000.000
3000.000
2000.000
2000.000
1000.000
3000.000
7000.000
1000.000
1000.000
1000.000
3000.000
2000.000
0.000
2000.000
1000.000
3000.000
0.000
4000.000
5000.000
6000.000
16000.000
17000.000
26000.000
46000.000
50000.000
68000.000
101000.000
93000.000
127000.000
142000.000
171000.000
234000.000
210000.000
259000.000
340000.000
366000.000
388000.000
435000.000
494000.000
505000.000
572000.000
646000.000
684000.000
749000.000
843000.000
842000.000
920000.000
1002000.000
1080000.000
1162000.000
1145000.000
1220000.000
1310000.000
1382000.000
1527000.000
1558000.000
1619000.000
1723000.000
1828000.000
1945000.000
2016000.000
2035000.000
2218000.000
2155000.000
2252000.000
2394000.000
2396000.000
2515000.000
2539000.000
2711000.000
2732000.000
2804000.000
2816000.000
2891000.000
3035000.000
3015000.000
3054000.000
3055000.000
3127000.000
3111000.000
3199000.000
3283000.000
3392000.000
3440000.000
3445000.000
3505000.000
3493000.000
3419000.000
3456000.000
3480000.000
3527000.000
3450000.000
3503000.000
3592000.000
3556000.000
3592000.000
3477000.000
3378000.000
3360000.000
3330000.000
3333000.000
3280000.000
3326000.000
3092000.000
3047000.000
3041000.000
3031000.000
2966000.000
2910000.000
2777000.000
2722000.000
2662000.000
2539000.000
2363000.000
2346000.000
2332000.000
2186000.000
2098000.000
2041000.000
1850000.000
1804000.000
1808000.000
1751000.000
1508000.000
1425000.000
1369000.000
1353000.000
1285000.000
1186000.000
1101000.000
1012000.000
961000.000
869000.000
815000.000
693000.000
630000.000
554000.000
486000.000
444000.000
417000.000
373000.000
314000.000
267000.000
228000.000
190000.000
137000.000
126000.000
115000.000
120000.000
91000.000
67000.000
65000.000
53000.000
47000.000
22000.000
583000.000
545000.000
533000.000
508000.000
489000.000
432000.000
433000.000
401000.000
369000.000
325000.000
299000.000
248000.000
232000.000
212000.000
195000.000
193000.000
164000.000
124000.000
98000.000
106000.000
74000.000
78000.000
87000.000
72000.000
48000.000
50000.000
56000.000
28000.000
31000.000
23000.000
19000.000
16000.000
8000.000
6000.000
14000.000
6000.000
7000.000
2000.000
3000.000
3000.000
1000.000
4000.000
5000.000
8000.000
2000.000
1000.000
4000.000
5000.000
3000.000
3000.000
0.000
0.000
2000.000
2000.000
3000.000
2000.000
2000.000
1000.000
4000.000
3000.000
3000.000
6000.000
7000.000
5000.000
18000.000
21000.000
43000.000
37000.000
53000.000
72000.000
96000.000
103000.000
119000.000
157000.000
179000.000
224000.000
234000.000
304000.000
338000.000
340000.000
435000.000
454000.000
557000.000
584000.000
620000.000
647000.000
720000.000
807000.000
840000.000
920000.000
937000.000
1078000.000
1111000.000
1184000.000
1243000.000
1341000.000
1416000.000
1505000.000
1611000.000
1603000.000
1681000.000
1805000.000
1928000.000
2028000.000
2001000.000
2173000.000
2275000.000
2299000.000
2347000.000
2483000.000
2541000.000
2658000.000
2709000.000
2806000.000
2992000.000
2956000.000
3076000.000
3237000.000
3173000.000
3161000.000
3374000.000
3292000.000
3462000.000
3594000.000
3527000.000
3575000.000
3738000.000
3695000.000
3785000.000
3683000.000
3722000.000
3703000.000
3789000.000
3871000.000
3866000.000
3808000.000
3778000.000
3842000.000
3892000.000
3893000.000
3808000.000
3770000.000
3693000.000
3726000.000
3688000.000
3587000.000
3760000.000
3615000.000
3493000.000
3397000.000
3497000.000
3502000.000
3284000.000
3234000.000
3076000.000
2957000.000
3014000.000
2827000.000
2733000.000
2627000.000
2596000.000
2497000.000
2400000.000
2306000.000
2223000.000
2201000.000
2047000.000
2009000.000
1797000.000
1805000.000
1691000.000
1587000.000
1468000.000
1333000.000
1268000.000
1137000.000
1068000.000
1021000.000
953000.000
769000.000
708000.000
695000.000
631000.000
570000.000
479000.000
412000.000
359000.000
309000.000
281000.000
241000.000
203000.000
159000.000
142000.000
132000.000
124000.000
99000.000
80000.000
53000.000
54000.000
42000.000
33000.000
596000.000
570000.000
538000.000
486000.000
483000.000
391000.000
387000.000
376000.000
376000.000
342000.000
342000.000
299000.000
238000.000
239000.000
212000.000
200000.000
171000.000
160000.000
125000.000
97000.000
106000.000
94000.000
80000.000
72000.000
55000.000
41000.000
43000.000
33000.000
20000.000
17000.000
18000.000
13000.000
9000.000
17000.000
10000.000
6000.000
6000.000
1000.000
2000.000
3000.000
1000.000
4000.000
3000.000
2000.000
3000.000
3000.000
3000.000
3000.000
1000.000
1000.000
5000.000
2000.000
3000.000
6000.000
2000.000
1000.000
4000.000
3000.000
3000.000
5000.000
2000.000
3000.000
2000.000
12000.000
17000.000
18000.000
49000.000
50000.000
62000.000
63000.000
89000.000
103000.000
134000.000
186000.000
186000.000
246000.000
248000.000
300000.000
349000.000
380000.000
461000.000
497000.000
562000.000
652000.000
717000.000
727000.000
781000.000
842000.000
910000.000
935000.000
994000.000
1080000.000
1187000.000
1296000.000
1357000.000
1451000.000
1456000.000
1711000.000
1730000.000
1741000.000
1835000.000
1944000.000
2062000.000
2104000.000
2137000.000
2258000.000
2363000.000
2447000.000
2614000.000
2618000.000
2790000.000
2865000.000
3002000.000
3086000.000
3140000.000
3076000.000
3284000.000
3335000.000
3387000.000
3466000.000
3549000.000
3586000.000
3595000.000
3652000.000
3748000.000
3829000.000
4027000.000
3981000.000
4025000.000
4157000.000
4140000.000
4038000.000
4050000.000
4170000.000
4104000.000
4340000.000
4204000.000
4102000.000
4095000.000
4083000.000
4112000.000
4022000.000
4010000.000
4062000.000
4011000.000
4043000.000
4023000.000
3994000.000
3864000.000
3810000.000
3680000.000
3763000.000
3637000.000
3600000.000
3491000.000
3501000.000
3328000.000
3393000.000
3216000.000
3097000.000
3013000.000
2939000.000
2859000.000
2834000.000
2709000.000
2530000.000
2469000.000
2357000.000
2250000.000
2118000.000
2010000.000
1845000.000
1765000.000
1627000.000
1456000.000
1435000.000
1343000.000
1220000.000
1112000.000
1078000.000
979000.000
886000.000
762000.000
684000.000
671000.000
520000.000
531000.000
467000.000
449000.000
336000.000
285000.000
237000.000
201000.000
197000.000
160000.000
138000.000
105000.000
87000.000
66000.000
52000.000
68000.000
551000.000
487000.000
493000.000
468000.000
388000.000
395000.000
371000.000
351000.000
312000.000
271000.000
253000.000
232000.000
209000.000
182000.000
174000.000
148000.000
131000.000
143000.000
116000.000
99000.000
84000.000
69000.000
56000.000
52000.000
45000.000
37000.000
26000.000
27000.000
15000.000
17000.000
13000.000
8000.000
9000.000
8000.000
7000.000
3000.000
4000.000
4000.000
5000.000
2000.000
4000.000
3000.000
1000.000
6000.000
2000.000
2000.000
3000.000
3000.000
5000.000
5000.000
4000.000
4000.000
2000.000
4000.000
2000.000
0.000
4000.000
4000.000
2000.000
4000.000
7000.000
13000.000
12000.000
33000.000
44000.000
47000.000
51000.000
75000.000
83000.000
94000.000
137000.000
198000.000
185000.000
242000.000
238000.000
295000.000
369000.000
417000.000
464000.000
480000.000
529000.000
634000.000
739000.000
751000.000
823000.000
846000.000
934000.000
988000.000
1137000.000
1146000.000
1246000.000
1326000.000
1406000.000
1448000.000
1569000.000
1655000.000
1736000.000
1879000.000
1951000.000
2008000.000
2062000.000
2234000.000
2287000.000
2398000.000
2536000.000
2571000.000
2696000.000
2804000.000
2887000.000
2999000.000
3141000.000
3250000.000
3262000.000
3402000.000
3444000.000
3462000.000
3677000.000
3726000.000
3685000.000
3848000.000
3832000.000
4033000.000
4021000.000
4071000.000
4079000.000
4179000.000
4267000.000
4381000.000
4320000.000
4282000.000
4484000.000
4356000.000
4527000.000
4409000.000
4477000.000
4396000.000
4418000.000
4295000.000
4373000.000
4400000.000
4442000.000
4350000.000
4314000.000
4320000.000
4325000.000
4371000.000
4226000.000
4284000.000
4160000.000
4122000.000
4135000.000
4096000.000
3996000.000
3954000.000
3830000.000
3826000.000
3777000.000
3639000.000
3611000.000
3467000.000
3351000.000
3381000.000
3111000.000
2998000.000
2969000.000
2821000.000
2675000.000
2547000.000
2436000.000
2286000.000
2124000.000
1960000.000
1904000.000
1745000.000
1643000.000
1524000.000
1410000.000
1348000.000
1275000.000
1103000.000
1048000.000
994000.000
872000.000
754000.000
656000.000
620000.000
518000.000
474000.000
434000.000
375000.000
302000.000
265000.000
219000.000
204000.000
177000.000
130000.000
113000.000
95000.000
57000.000
76000.000
51000.000
560000.000
560000.000
497000.000
416000.000
439000.000
369000.000
392000.000
325000.000
314000.000
278000.000
231000.000
240000.000
210000.000
195000.000
169000.000
165000.000
131000.000
118000.000
97000.000
90000.000
76000.000
61000.000
67000.000
45000.000
43000.000
40000.000
29000.000
29000.000
25000.000
10000.000
9000.000
13000.000
7000.000
8000.000
1000.000
2000.000
4000.000
5000.000
0.000
1000.000
4000.000
4000.000
4000.000
3000.000
3000.000
4000.000
7000.000
9000.000
3000.000
5000.000
2000.000
4000.000
3000.000
1000.000
2000.000
4000.000
2000.000
5000.000
2000.000
5000.000
9000.000
10000.000
24000.000
42000.000
50000.000
60000.000
63000.000
69000.000
77000.000
96000.000
126000.000
143000.000
199000.000
256000.000
274000.000
326000.000
376000.000
448000.000
456000.000
525000.000
571000.000
646000.000
731000.000
792000.000
848000.000
884000.000
1011000.000
1018000.000
1148000.000
1198000.000
1323000.000
1396000.000
1452000.000
1515000.000
1624000.000
1702000.000
1879000.000
1948000.000
2065000.000
2190000.000
2289000.000
2347000.000
2473000.000
2606000.000
2773000.000
2743000.000
2941000.000
2991000.000
2954000.000
3230000.000
3330000.000
3269000.000
3503000.000
3614000.000
3576000.000
3667000.000
3771000.000
3946000.000
3980000.000
4115000.000
4160000.000
4169000.000
4302000.000
4379000.000
4372000.000
4481000.000
4407000.000
4466000.000
4526000.000
4553000.000
4592000.000
4604000.000
4707000.000
4620000.000
4576000.000
4734000.000
4743000.000
4823000.000
4718000.000
4791000.000
4633000.000
4663000.000
4726000.000
4691000.000
4623000.000
4593000.000
4483000.000
4531000.000
4477000.000
4533000.000
4465000.000
4481000.000
4379000.000
4421000.000
4422000.000
4438000.000
4266000.000
4205000.000
3998000.000
3968000.000
3800000.000
3703000.000
3628000.000
3463000.000
3323000.000
3317000.000
3113000.000
3036000.000
2737000.000
2683000.000
2534000.000
2473000.000
2217000.000
2130000.000
2004000.000
1818000.000
1645000.000
1588000.000
1498000.000
1366000.000
1226000.000
1188000.000
1105000.000
983000.000
904000.000
801000.000
719000.000
585000.000
597000.000
460000.000
415000.000
362000.000
300000.000
292000.000
219000.000
183000.000
176000.000
128000.000
121000.000
90000.000
71000.000
481000.000
437000.000
403000.000
379000.000
344000.000
310000.000
301000.000
274000.000
247000.000
239000.000
215000.000
196000.000
176000.000
162000.000
135000.000
127000.000
103000.000
80000.000
100000.000
68000.000
57000.000
57000.000
34000.000
47000.000
33000.000
25000.000
28000.000
21000.000
9000.000
12000.000
7000.000
9000.000
5000.000
2000.000
5000.000
4000.000
5000.000
4000.000
1000.000
5000.000
1000.000
4000.000
1000.000
2000.000
5000.000
2000.000
3000.000
4000.000
3000.000
3000.000
3000.000
2000.000
4000.000
2000.000
2000.000
4000.000
3000.000
5000.000
3000.000
9000.000
15000.000
20000.000
39000.000
56000.000
48000.000
68000.000
112000.000
121000.000
147000.000
158000.000
169000.000
234000.000
277000.000
298000.000
345000.000
410000.000
491000.000
540000.000
597000.000
664000.000
673000.000
788000.000
816000.000
918000.000
1028000.000
1162000.000
1157000.000
1235000.000
1296000.000
1417000.000
1562000.000
1530000.000
1761000.000
1795000.000
1914000.000
2042000.000
2216000.000
2199000.000
2355000.000
2563000.000
2636000.000
2687000.000
2882000.000
2893000.000
3034000.000
3182000.000
3272000.000
3322000.000
3471000.000
3614000.000
3599000.000
3806000.000
3889000.000
3957000.000
4012000.000
4172000.000
4158000.000
4229000.000
4320000.000
4486000.000
4489000.000
4583000.000
4528000.000
4649000.000
4576000.000
4664000.000
4717000.000
4808000.000
4825000.000
4909000.000
4838000.000
4870000.000
4893000.000
4918000.000
4895000.000
4885000.000
5042000.000
4878000.000
4901000.000
4907000.000
4869000.000
4812000.000
4754000.000
4912000.000
4884000.000
4895000.000
4795000.000
4899000.000
4793000.000
4833000.000
4706000.000
4736000.000
4687000.000
4599000.000
4636000.000
4512000.000
4459000.000
4374000.000
4271000.000
4210000.000
4038000.000
3995000.000
3893000.000
3744000.000
3502000.000
3525000.000
3408000.000
3175000.000
3025000.000
2857000.000
2702000.000
2568000.000
2490000.000
2224000.000
1995000.000
1917000.000
1864000.000
1686000.000
1606000.000
1408000.000
1269000.000
1316000.000
1118000.000
1140000.000
915000.000
844000.000
769000.000
631000.000
585000.000
530000.000
424000.000
389000.000
334000.000
256000.000
241000.000
211000.000
178000.000
145000.000
120000.000
95000.000
81000.000
515000.000
439000.000
392000.000
384000.000
364000.000
350000.000
327000.000
291000.000
282000.000
195000.000
207000.000
190000.000
198000.000
163000.000
134000.000
149000.000
103000.000
94000.000
74000.000
79000.000
63000.000
61000.000
42000.000
39000.000
36000.000
31000.000
20000.000
12000.000
8000.000
12000.000
10000.000
6000.000
3000.000
8000.000
4000.000
2000.000
3000.000
2000.000
5000.000
2000.000
4000.000
1000.000
2000.000
5000.000
4000.000
5000.000
1000.000
2000.000
2000.000
1000.000
3000.000
1000.000
3000.000
2000.000
3000.000
2000.000
1000.000
3000.000
8000.000
6000.000
16000.000
45000.000
43000.000
55000.000
56000.000
74000.000
99000.000
109000.000
174000.000
162000.000
171000.000
230000.000
309000.000
316000.000
376000.000
439000.000
497000.000
541000.000
595000.000
638000.000
770000.000
775000.000
909000.000
898000.000
1008000.000
1120000.000
1215000.000
1389000.000
1437000.000
1440000.000
1524000.000
1625000.000
1814000.000
1921000.000
2036000.000
2165000.000
2299000.000
2387000.000
2383000.000
2609000.000
2735000.000
2951000.000
3057000.000
3082000.000
3248000.000
3299000.000
3300000.000
3513000.000
3731000.000
3735000.000
3748000.000
3941000.000
3947000.000
3970000.000
4212000.000
4282000.000
4442000.000
4436000.000
4550000.000
4734000.000
4743000.000
4743000.000
4799000.000
4800000.000
4976000.000
4963000.000
5045000.000
4987000.000
5068000.000
5154000.000
5050000.000
5011000.000
5063000.000
5133000.000
5130000.000
5060000.000
5265000.000
5129000.000
5147000.000
5066000.000
5114000.000
5063000.000
5168000.000
5179000.000
5217000.000
5136000.000
5238000.000
5277000.000
5362000.000
5254000.000
5173000.000
5080000.000
4912000.000
4877000.000
4853000.000
4848000.000
4748000.000
4739000.000
4650000.000
4497000.000
4348000.000
4238000.000
4168000.000
4154000.000
4052000.000
3951000.000
3785000.000
3608000.000
3487000.000
3208000.000
3030000.000
2923000.000
2817000.000
2674000.000
2417000.000
2234000.000
2102000.000
1949000.000
1826000.000
1791000.000
1628000.000
1435000.000
1346000.000
1309000.000
1175000.000
1110000.000
981000.000
870000.000
789000.000
703000.000
601000.000
513000.000
456000.000
405000.000
339000.000
308000.000
272000.000
220000.000
184000.000
181000.000
125000.000
399000.000
411000.000
382000.000
329000.000
297000.000
268000.000
269000.000
248000.000
218000.000
195000.000
190000.000
154000.000
124000.000
114000.000
106000.000
116000.000
98000.000
80000.000
84000.000
52000.000
48000.000
37000.000
32000.000
28000.000
31000.000
22000.000
21000.000
9000.000
8000.000
10000.000
8000.000
5000.000
3000.000
3000.000
3000.000
1000.000
3000.000
5000.000
2000.000
2000.000
4000.000
3000.000
6000.000
0.000
2000.000
3000.000
2000.000
3000.000
4000.000
1000.000
3000.000
1000.000
4000.000
1000.000
0.000
2000.000
2000.000
8000.000
18000.000
19000.000
50000.000
47000.000
60000.000
79000.000
105000.000
139000.000
136000.000
163000.000
207000.000
217000.000
268000.000
297000.000
386000.000
392000.000
472000.000
571000.000
630000.000
696000.000
759000.000
793000.000
903000.000
969000.000
1069000.000
1190000.000
1205000.000
1335000.000
1370000.000
1521000.000
1554000.000
1730000.000
1888000.000
2003000.000
1963000.000
2157000.000
2301000.000
2507000.000
2589000.000
2726000.000
2798000.000
2984000.000
3037000.000
3230000.000
3378000.000
3418000.000
3590000.000
3623000.000
3816000.000
3906000.000
4013000.000
4161000.000
4258000.000
4238000.000
4391000.000
4515000.000
4496000.000
4619000.000
4795000.000
4856000.000
4888000.000
4891000.000
5058000.000
5002000.000
5132000.000
5106000.000
5191000.000
5274000.000
5186000.000
5362000.000
5333000.000
5291000.000
5279000.000
5486000.000
5253000.000
5373000.000
5348000.000
5400000.000
5481000.000
5418000.000
5473000.000
5294000.000
5440000.000
5307000.000
5439000.000
5517000.000
5618000.000
5497000.000
5426000.000
5509000.000
5589000.000
5567000.000
5423000.000
5242000.000
5095000.000
5150000.000
5145000.000
4961000.000
4854000.000
4890000.000
4838000.000
4666000.000
4651000.000
4528000.000
4436000.000
4465000.000
4301000.000
4175000.000
4035000.000
3780000.000
3525000.000
3413000.000
3285000.000
3003000.000
3021000.000
2907000.000
2565000.000
2423000.000
2296000.000
2107000.000
2118000.000
1888000.000
1711000.000
1599000.000
1448000.000
1392000.000
1313000.000
1206000.000
989000.000
920000.000
829000.000
731000.000
651000.000
539000.000
542000.000
417000.000
366000.000
303000.000
281000.000
205000.000
230000.000
171000.000
135000.000
407000.000
371000.000
336000.000
325000.000
312000.000
267000.000
223000.000
253000.000
204000.000
195000.000
178000.000
164000.000
145000.000
134000.000
123000.000
97000.000
78000.000
76000.000
76000.000
61000.000
47000.000
40000.000
39000.000
35000.000
27000.000
18000.000
20000.000
12000.000
5000.000
5000.000
1000.000
7000.000
6000.000
2000.000
5000.000
4000.000
3000.000
1000.000
6000.000
4000.000
6000.000
4000.000
4000.000
4000.000
4000.000
1000.000
2000.000
2000.000
2000.000
3000.000
2000.000
3000.000
3000.000
4000.000
2000.000
1000.000
5000.000
4000.000
17000.000
26000.000
34000.000
43000.000
66000.000
79000.000
109000.000
126000.000
154000.000
194000.000
220000.000
243000.000
258000.000
306000.000
347000.000
429000.000
474000.000
497000.000
602000.000
746000.000
824000.000
872000.000
917000.000
1036000.000
1074000.000
1293000.000
1331000.000
1349000.000
1459000.000
1584000.000
1751000.000
1852000.000
2001000.000
2054000.000
2188000.000
2449000.000
2432000.000
2631000.000
2857000.000
2850000.000
2968000.000
3103000.000
3252000.000
3346000.000
3412000.000
3601000.000
3764000.000
3897000.000
4094000.000
4178000.000
4078000.000
4315000.000
4418000.000
4440000.000
4561000.000
4636000.000
4830000.000
4798000.000
4779000.000
5017000.000
5050000.000
5049000.000
5268000.000
5266000.000
5406000.000
5309000.000
5330000.000
5441000.000
5461000.000
5433000.000
5491000.000
5535000.000
5567000.000
5628000.000
5777000.000
5656000.000
5584000.000
5579000.000
5650000.000
5668000.000
5713000.000
5739000.000
5915000.000
5754000.000
5683000.000
5840000.000
5738000.000
5781000.000
5755000.000
5631000.000
5651000.000
5624000.000
5615000.000
5655000.000
5594000.000
5291000.000
5175000.000
5221000.000
5261000.000
5232000.000
5118000.000
5052000.000
4994000.000
4937000.000
4815000.000
4663000.000
4740000.000
4600000.000
4405000.000
4274000.000
4167000.000
4007000.000
3820000.000
3553000.000
3491000.000
3340000.000
3175000.000
2934000.000
2702000.000
2453000.000
2446000.000
2346000.000
2130000.000
1975000.000
1780000.000
1748000.000
1553000.000
1420000.000
1245000.000
1165000.000
964000.000
955000.000
867000.000
737000.000
645000.000
585000.000
518000.000
431000.000
366000.000
308000.000
246000.000
208000.000
191000.000
336000.000
338000.000
291000.000
296000.000
282000.000
251000.000
226000.000
194000.000
193000.000
167000.000
142000.000
109000.000
115000.000
85000.000
119000.000
70000.000
72000.000
71000.000
49000.000
37000.000
48000.000
33000.000
35000.000
17000.000
22000.000
12000.000
15000.000
7000.000
11000.000
5000.000
1000.000
3000.000
1000.000
0.000
3000.000
8000.000
1000.000
1000.000
5000.000
2000.000
6000.000
1000.000
0.000
3000.000
5000.000
4000.000
3000.000
4000.000
5000.000
2000.000
0.000
1000.000
0.000
3000.000
1000.000
3000.000
10000.000
16000.000
43000.000
43000.000
58000.000
62000.000
89000.000
107000.000
146000.000
180000.000
215000.000
237000.000
281000.000
274000.000
341000.000
418000.000
482000.000
514000.000
569000.000
688000.000
751000.000
852000.000
922000.000
1021000.000
1087000.000
1189000.000
1311000.000
1391000.000
1569000.000
1656000.000
1768000.000
1900000.000
1931000.000
2088000.000
2278000.000
2358000.000
2604000.000
2572000.000
2759000.000
2974000.000
3020000.000
3149000.000
3248000.000
3427000.000
3560000.000
3626000.000
3977000.000
3988000.000
4109000.000
4166000.000
4352000.000
4309000.000
4435000.000
4603000.000
4689000.000
4673000.000
4797000.000
5017000.000
5083000.000
5220000.000
5160000.000
5298000.000
5243000.000
5330000.000
5256000.000
5442000.000
5504000.000
5548000.000
5631000.000
5821000.000
5889000.000
5813000.000
5900000.000
5977000.000
5956000.000
6010000.000
5895000.000
5882000.000
5798000.000
5784000.000
6025000.000
5994000.000
5979000.000
5915000.000
5943000.000
5905000.000
6006000.000
5967000.000
5833000.000
5819000.000
5869000.000
5733000.000
5697000.000
5581000.000
5704000.000
5672000.000
5482000.000
5413000.000
5370000.000
5355000.000
5423000.000
5381000.000
5326000.000
5461000.000
5238000.000
5031000.000
4897000.000
4854000.000
4790000.000
4725000.000
4539000.000
4397000.000
4299000.000
4075000.000
3970000.000
3828000.000
3666000.000
3477000.000
3309000.000
3034000.000
2763000.000
2622000.000
2563000.000
2568000.000
2316000.000
2131000.000
1992000.000
1845000.000
1666000.000
1530000.000
1349000.000
1237000.000
1153000.000
971000.000
838000.000
837000.000
730000.000
577000.000
516000.000
449000.000
416000.000
324000.000
292000.000
250000.000
224000.000
356000.000
337000.000
292000.000
272000.000
267000.000
270000.000
254000.000
194000.000
178000.000
182000.000
144000.000
144000.000
124000.000
89000.000
89000.000
79000.000
68000.000
60000.000
44000.000
33000.000
41000.000
25000.000
25000.000
22000.000
21000.000
14000.000
14000.000
10000.000
8000.000
6000.000
5000.000
3000.000
2000.000
1000.000
4000.000
2000.000
4000.000
4000.000
2000.000
2000.000
2000.000
0.000
2000.000
4000.000
1000.000
3000.000
2000.000
4000.000
2000.000
2000.000
1000.000
6000.000
4000.000
5000.000
2000.000
3000.000
10000.000
21000.000
27000.000
50000.000
62000.000
73000.000
96000.000
113000.000
138000.000
162000.000
209000.000
235000.000
294000.000
365000.000
407000.000
376000.000
496000.000
554000.000
584000.000
625000.000
748000.000
868000.000
975000.000
1019000.000
1171000.000
1218000.000
1413000.000
1496000.000
1612000.000
1744000.000
1855000.000
1978000.000
2106000.000
2203000.000
2413000.000
2585000.000
2509000.000
2697000.000
2931000.000
3095000.000
3277000.000
3419000.000
3365000.000
3491000.000
3684000.000
3884000.000
3986000.000
4156000.000
4344000.000
4444000.000
4516000.000
4566000.000
4740000.000
4840000.000
4839000.000
5009000.000
5030000.000
5221000.000
5277000.000
5283000.000
5399000.000
5405000.000
5500000.000
5444000.000
5498000.000
5567000.000
5679000.000
5732000.000
5825000.000
5950000.000
6219000.000
6277000.000
6158000.000
6093000.000
6242000.000
6336000.000
6106000.000
6222000.000
6156000.000
5951000.000
6219000.000
6240000.000
6067000.000
6069000.000
6048000.000
5940000.000
6060000.000
6128000.000
5980000.000
5954000.000
5956000.000
5987000.000
5807000.000
5784000.000
5700000.000
5756000.000
5762000.000
5542000.000
5673000.000
5633000.000
5535000.000
5615000.000
5347000.000
5518000.000
5422000.000
5436000.000
5395000.000
5219000.000
5020000.000
5004000.000
4947000.000
4726000.000
4658000.000
4449000.000
4247000.000
4194000.000
4094000.000
3889000.000
3684000.000
3577000.000
3313000.000
2975000.000
2944000.000
2798000.000
2709000.000
2569000.000
2355000.000
2184000.000
2034000.000
1860000.000
1644000.000
1617000.000
1433000.000
1328000.000
1145000.000
1039000.000
916000.000
809000.000
656000.000
580000.000
531000.000
502000.000
380000.000
313000.000
292000.000
316000.000
287000.000
270000.000
251000.000
223000.000
196000.000
146000.000
139000.000
185000.000
150000.000
111000.000
104000.000
81000.000
83000.000
78000.000
70000.000
42000.000
43000.000
33000.000
29000.000
36000.000
33000.000
25000.000
15000.000
10000.000
16000.000
7000.000
8000.000
6000.000
2000.000
1000.000
0.000
1000.000
4000.000
3000.000
1000.000
3000.000
4000.000
4000.000
4000.000
3000.000
6000.000
3000.000
2000.000
6000.000
3000.000
3000.000
3000.000
4000.000
3000.000
5000.000
2000.000
5000.000
5000.000
7000.000
8000.000
20000.000
44000.000
57000.000
54000.000
100000.000
121000.000
130000.000
194000.000
219000.000
270000.000
294000.000
326000.000
426000.000
393000.000
513000.000
514000.000
660000.000
671000.000
711000.000
757000.000
945000.000
1021000.000
1109000.000
1230000.000
1346000.000
1492000.000
1664000.000
1719000.000
1900000.000
2013000.000
2186000.000
2312000.000
2496000.000
2551000.000
2780000.000
2820000.000
2977000.000
3091000.000
3157000.000
3437000.000
3535000.000
3707000.000
3870000.000
3951000.000
4077000.000
4299000.000
4394000.000
4582000.000
4570000.000
4587000.000
4789000.000
4816000.000
4869000.000
5147000.000
5122000.000
5271000.000
5358000.000
5455000.000
5490000.000
5494000.000
5606000.000
5757000.000
5641000.000
5624000.000
5624000.000
5843000.000
5839000.000
5917000.000
6002000.000
6184000.000
6439000.000
6418000.000
6416000.000
6511000.000
6396000.000
6277000.000
6226000.000
6117000.000
6176000.000
6151000.000
6305000.000
6098000.000
6086000.000
6014000.000
6127000.000
5971000.000
6015000.000
6048000.000
5969000.000
5984000.000
5964000.000
5877000.000
5982000.000
5865000.000
5904000.000
5789000.000
5748000.000
5821000.000
5758000.000
5759000.000
5659000.000
5592000.000
5760000.000
5622000.000
5716000.000
5579000.000
5440000.000
5350000.000
5311000.000
5211000.000
5039000.000
4897000.000
4652000.000
4681000.000
4650000.000
4336000.000
4243000.000
4068000.000
3841000.000
3839000.000
3495000.000
3187000.000
3156000.000
2944000.000
2852000.000
2704000.000
2557000.000
2364000.000
2247000.000
1984000.000
1878000.000
1757000.000
1556000.000
1442000.000
1254000.000
1041000.000
938000.000
836000.000
716000.000
612000.000
573000.000
494000.000
438000.000
369000.000
281000.000
297000.000
292000.000
257000.000
231000.000
211000.000
191000.000
180000.000
160000.000
134000.000
128000.000
123000.000
114000.000
106000.000
100000.000
79000.000
55000.000
43000.000
42000.000
39000.000
36000.000
28000.000
27000.000
8000.000
14000.000
12000.000
7000.000
8000.000
6000.000
7000.000
4000.000
3000.000
1000.000
6000.000
3000.000
1000.000
1000.000
4000.000
3000.000
1000.000
1000.000
2000.000
1000.000
1000.000
0.000
1000.000
2000.000
1000.000
2000.000
3000.000
6000.000
3000.000
7000.000
2000.000
2000.000
10000.000
22000.000
40000.000
38000.000
51000.000
65000.000
88000.000
115000.000
129000.000
189000.000
200000.000
266000.000
318000.000
408000.000
432000.000
482000.000
507000.000
492000.000
600000.000
730000.000
723000.000
727000.000
801000.000
1050000.000
1228000.000
1314000.000
1471000.000
1498000.000
1618000.000
1802000.000
1910000.000
2061000.000
2280000.000
2405000.000
2587000.000
2639000.000
2782000.000
2925000.000
3096000.000
3299000.000
3528000.000
3681000.000
3739000.000
3883000.000
3973000.000
3996000.000
4161000.000
4326000.000
4519000.000
4603000.000
4724000.000
4905000.000
4966000.000
5050000.000
5047000.000
5287000.000
5355000.000
5370000.000
5439000.000
5600000.000
5548000.000
5503000.000
5555000.000
5662000.000
5856000.000
5792000.000
5768000.000
5909000.000
5951000.000
6016000.000
6162000.000
6187000.000
6236000.000
6409000.000
6504000.000
6531000.000
6406000.000
6491000.000
6399000.000
6293000.000
6244000.000
6256000.000
6208000.000
6177000.000
6192000.000
6226000.000
6313000.000
6062000.000
6003000.000
5983000.000
6139000.000
6145000.000
6046000.000
5983000.000
5924000.000
5949000.000
5916000.000
5845000.000
5864000.000
5826000.000
5786000.000
5880000.000
5841000.000
5876000.000
5737000.000
5690000.000
5730000.000
5809000.000
5736000.000
5594000.000
5594000.000
5407000.000
5393000.000
5233000.000
5125000.000
5011000.000
4874000.000
4712000.000
4475000.000
4439000.000
4323000.000
4153000.000
3976000.000
3699000.000
3470000.000
3394000.000
3189000.000
3138000.000
2932000.000
2753000.000
2425000.000
2291000.000
2243000.000
2053000.000
1871000.000
1750000.000
1448000.000
1327000.000
1178000.000
1033000.000
956000.000
864000.000
713000.000
716000.000
570000.000
526000.000
409000.000
246000.000
239000.000
205000.000
190000.000
177000.000
174000.000
132000.000
154000.000
126000.000
112000.000
81000.000
86000.000
66000.000
59000.000
62000.000
41000.000
42000.000
44000.000
21000.000
28000.000
27000.000
16000.000
14000.000
8000.000
5000.000
5000.000
7000.000
3000.000
0.000
3000.000
3000.000
5000.000
3000.000
3000.000
4000.000
2000.000
3000.000
6000.000
6000.000
3000.000
4000.000
3000.000
6000.000
4000.000
1000.000
5000.000
1000.000
5000.000
5000.000
3000.000
5000.000
7000.000
5000.000
8000.000
25000.000
30000.000
46000.000
70000.000
74000.000
117000.000
144000.000
176000.000
230000.000
262000.000
269000.000
362000.000
426000.000
481000.000
503000.000
546000.000
602000.000
617000.000
784000.000
845000.000
815000.000
903000.000
1163000.000
1347000.000
1344000.000
1532000.000
1727000.000
1777000.000
1883000.000
2217000.000
2269000.000
2441000.000
2650000.000
2693000.000
2822000.000
3076000.000
3071000.000
3331000.000
3424000.000
3586000.000
3751000.000
3865000.000
4104000.000
4266000.000
4395000.000
4486000.000
4634000.000
4623000.000
4782000.000
4961000.000
5028000.000
5072000.000
5146000.000
5192000.000
5306000.000
5461000.000
5491000.000
5589000.000
5609000.000
5688000.000
5686000.000
5711000.000
5866000.000
5903000.000
5889000.000
5987000.000
5921000.000
6246000.000
6355000.000
6236000.000
6408000.000
6477000.000
6322000.000
6443000.000
6418000.000
6332000.000
6224000.000
6352000.000
6278000.000
6359000.000
6270000.000
6265000.000
6296000.000
6309000.000
6243000.000
6379000.000
6255000.000
6236000.000
6009000.000
6010000.000
6197000.000
6088000.000
6023000.000
6085000.000
6076000.000
6016000.000
5902000.000
5894000.000
5815000.000
5903000.000
5903000.000
5797000.000
5842000.000
5859000.000
5770000.000
5602000.000
5785000.000
5729000.000
5656000.000
5723000.000
5553000.000
5509000.000
5529000.000
5418000.000
5230000.000
5140000.000
4986000.000
4916000.000
4805000.000
4613000.000
4553000.000
4364000.000
3945000.000
3839000.000
3662000.000
3556000.000
3486000.000
3282000.000
3082000.000
2849000.000
2728000.000
2522000.000
2411000.000
2241000.000
1967000.000
1803000.000
1569000.000
1341000.000
1229000.000
1126000.000
996000.000
838000.000
722000.000
699000.000
571000.000
526000.000
456000.000
239000.000
208000.000
210000.000
192000.000
188000.000
148000.000
158000.000
119000.000
130000.000
118000.000
108000.000
82000.000
78000.000
60000.000
63000.000
44000.000
40000.000
39000.000
30000.000
31000.000
23000.000
13000.000
10000.000
11000.000
9000.000
8000.000
6000.000
1000.000
3000.000
4000.000
3000.000
0.000
4000.000
1000.000
2000.000
3000.000
2000.000
2000.000
0.000
5000.000
4000.000
2000.000
2000.000
3000.000
5000.000
2000.000
4000.000
2000.000
3000.000
2000.000
5000.000
3000.000
1000.000
15000.000
27000.000
30000.000
54000.000
58000.000
94000.000
97000.000
138000.000
189000.000
200000.000
238000.000
299000.000
328000.000
405000.000
515000.000
559000.000
622000.000
627000.000
631000.000
721000.000
870000.000
896000.000
830000.000
1055000.000
1282000.000
1414000.000
1581000.000
1664000.000
1848000.000
2017000.000
2227000.000
2341000.000
2563000.000
2661000.000
2815000.000
2981000.000
3064000.000
3267000.000
3539000.000
3676000.000
3728000.000
3974000.000
4130000.000
4255000.000
4257000.000
4424000.000
4584000.000
4728000.000
4749000.000
4883000.000
5125000.000
5230000.000
5315000.000
5317000.000
5383000.000
5393000.000
5543000.000
5546000.000
5796000.000
5796000.000
5863000.000
5882000.000
5874000.000
6044000.000
5950000.000
6100000.000
6058000.000
6143000.000
6410000.000
6562000.000
6381000.000
6473000.000
6372000.000
6341000.000
6382000.000
6426000.000
6251000.000
6333000.000
6235000.000
6379000.000
6506000.000
6361000.000
6227000.000
6378000.000
6367000.000
6306000.000
6413000.000
6303000.000
6369000.000
6215000.000
6240000.000
6141000.000
6110000.000
5995000.000
6123000.000
6147000.000
6075000.000
6151000.000
5982000.000
5971000.000
5912000.000
5930000.000
5852000.000
5883000.000
5999000.000
5899000.000
5791000.000
5824000.000
5668000.000
5801000.000
5759000.000
5589000.000
5576000.000
5490000.000
5568000.000
5378000.000
5467000.000
5305000.000
5405000.000
5196000.000
5159000.000
4736000.000
4772000.000
4733000.000
4394000.000
4022000.000
3814000.000
3703000.000
3706000.000
3576000.000
3258000.000
3093000.000
2724000.000
2664000.000
2550000.000
2390000.000
2195000.000
1990000.000
1750000.000
1502000.000
1377000.000
1257000.000
1121000.000
938000.000
853000.000
744000.000
670000.000
573000.000
180000.000
212000.000
167000.000
179000.000
156000.000
143000.000
131000.000
114000.000
91000.000
85000.000
73000.000
71000.000
51000.000
51000.000
45000.000
42000.000
25000.000
36000.000
16000.000
15000.000
15000.000
10000.000
10000.000
8000.000
4000.000
7000.000
3000.000
5000.000
4000.000
4000.000
8000.000
0.000
5000.000
2000.000
4000.000
2000.000
4000.000
0.000
1000.000
0.000
0.000
4000.000
1000.000
4000.000
4000.000
3000.000
6000.000
2000.000
1000.000
2000.000
3000.000
4000.000
20000.000
18000.000
43000.000
58000.000
63000.000
101000.000
123000.000
169000.000
167000.000
222000.000
269000.000
333000.000
385000.000
432000.000
502000.000
623000.000
632000.000
684000.000
735000.000
827000.000
945000.000
956000.000
1074000.000
1034000.000
1267000.000
1458000.000
1656000.000
1910000.000
2029000.000
2074000.000
2350000.000
2515000.000
2667000.000
2880000.000
2990000.000
3153000.000
3361000.000
3484000.000
3614000.000
3791000.000
3903000.000
4031000.000
4362000.000
4246000.000
4612000.000
4645000.000
4734000.000
4986000.000
5010000.000
5098000.000
5092000.000
5231000.000
5264000.000
5432000.000
5440000.000
5466000.000
5660000.000
5549000.000
5830000.000
5972000.000
6081000.000
6070000.000
6102000.000
6132000.000
6128000.000
6273000.000
6295000.000
6435000.000
6254000.000
6402000.000
6479000.000
6458000.000
6468000.000
6341000.000
6349000.000
6407000.000
6369000.000
6235000.000
6174000.000
6346000.000
6470000.000
6401000.000
6359000.000
6362000.000
6429000.000
6481000.000
6406000.000
6225000.000
6358000.000
6232000.000
6382000.000
6358000.000
6088000.000
6103000.000
6136000.000
6158000.000
6115000.000
6168000.000
6203000.000
6190000.000
6162000.000
6068000.000
6068000.000
5977000.000
5995000.000
5871000.000
5967000.000
5924000.000
5706000.000
5747000.000
5651000.000
5803000.000
5738000.000
5740000.000
5741000.000
5611000.000
5645000.000
5532000.000
5388000.000
5253000.000
5194000.000
5095000.000
4940000.000
4803000.000
4792000.000
4587000.000
4222000.000
3962000.000
3856000.000
3735000.000
3680000.000
3432000.000
3118000.000
2890000.000
2791000.000
2666000.000
2542000.000
2307000.000
1995000.000
1711000.000
1507000.000
1411000.000
1271000.000
1175000.000
974000.000
932000.000
784000.000
698000.000
569000.000
172000.000
213000.000
161000.000
145000.000
155000.000
124000.000
111000.000
115000.000
94000.000
98000.000
64000.000
70000.000
51000.000
57000.000
44000.000
42000.000
36000.000
30000.000
17000.000
21000.000
13000.000
15000.000
17000.000
9000.000
5000.000
1000.000
9000.000
5000.000
2000.000
3000.000
2000.000
5000.000
2000.000
1000.000
2000.000
4000.000
3000.000
3000.000
3000.000
1000.000
3000.000
2000.000
4000.000
5000.000
5000.000
2000.000
2000.000
2000.000
6000.000
4000.000
7000.000
4000.000
9000.000
35000.000
50000.000
65000.000
50000.000
89000.000
127000.000
157000.000
177000.000
215000.000
268000.000
371000.000
388000.000
483000.000
527000.000
597000.000
685000.000
738000.000
758000.000
749000.000
876000.000
1037000.000
1153000.000
1170000.000
1261000.000
1477000.000
1682000.000
1864000.000
2080000.000
2240000.000
2409000.000
2560000.000
2708000.000
2887000.000
3123000.000
3293000.000
3529000.000
3648000.000
3769000.000
3962000.000
4085000.000
4245000.000
4390000.000
4393000.000
4537000.000
4765000.000
4844000.000
4913000.000
4999000.000
5176000.000
5156000.000
5360000.000
5375000.000
5485000.000
5581000.000
5775000.000
5729000.000
5871000.000
5996000.000
6068000.000
6122000.000
6233000.000
6322000.000
6375000.000
6394000.000
6455000.000
6537000.000
6379000.000
6461000.000
6406000.000
6450000.000
6467000.000
6449000.000
6336000.000
6432000.000
6445000.000
6486000.000
6493000.000
6430000.000
6323000.000
6292000.000
6400000.000
6259000.000
6362000.000
6346000.000
6412000.000
6472000.000
6424000.000
6371000.000
6254000.000
6340000.000
6250000.000
6100000.000
6190000.000
6259000.000
6092000.000
6244000.000
6232000.000
6041000.000
6100000.000
6125000.000
6213000.000
6154000.000
6113000.000
6049000.000
6125000.000
6027000.000
6077000.000
6092000.000
5996000.000
5783000.000
5786000.000
5790000.000
5726000.000
5664000.000
5641000.000
5623000.000
5672000.000
5549000.000
5486000.000
5457000.000
5376000.000
5401000.000
5220000.000
5128000.000
4813000.000
4653000.000
4252000.000
4224000.000
4093000.000
3995000.000
3975000.000
3686000.000
3398000.000
3183000.000
2999000.000
3008000.000
2718000.000
2378000.000
2243000.000
1936000.000
1624000.000
1481000.000
1411000.000
1251000.000
1113000.000
951000.000
904000.000
786000.000
163000.000
142000.000
165000.000
122000.000
117000.000
107000.000
72000.000
78000.000
73000.000
64000.000
59000.000
63000.000
37000.000
28000.000
29000.000
21000.000
30000.000
21000.000
14000.000
10000.000
8000.000
10000.000
10000.000
8000.000
2000.000
3000.000
2000.000
4000.000
3000.000
1000.000
1000.000
3000.000
1000.000
3000.000
5000.000
9000.000
2000.000
3000.000
4000.000
4000.000
2000.000
4000.000
2000.000
2000.000
3000.000
4000.000
2000.000
5000.000
5000.000
6000.000
9000.000
17000.000
35000.000
63000.000
60000.000
92000.000
119000.000
113000.000
170000.000
240000.000
265000.000
303000.000
395000.000
439000.000
511000.000
575000.000
655000.000
757000.000
860000.000
887000.000
898000.000
1023000.000
1116000.000
1214000.000
1290000.000
1371000.000
1644000.000
1748000.000
1959000.000
2174000.000
2326000.000
2583000.000
2748000.000
2904000.000
3191000.000
3247000.000
3452000.000
3669000.000
3778000.000
3954000.000
4054000.000
4288000.000
4409000.000
4558000.000
4505000.000
4747000.000
4907000.000
5132000.000
5148000.000
5238000.000
5355000.000
5484000.000
5529000.000
5621000.000
5663000.000
5702000.000
5900000.000
6037000.000
6158000.000
6264000.000
6361000.000
6376000.000
6446000.000
6474000.000
6508000.000
6431000.000
6543000.000
6496000.000
6492000.000
6353000.000
6437000.000
6644000.000
6424000.000
6349000.000
6288000.000
6383000.000
6624000.000
6665000.000
6612000.000
6340000.000
6222000.000
6283000.000
6328000.000
6232000.000
6300000.000
6368000.000
6326000.000
6421000.000
6343000.000
6330000.000
6189000.000
6391000.000
6166000.000
6227000.000
6124000.000
6185000.000
6176000.000
6167000.000
6048000.000
6126000.000
6175000.000
6216000.000
6278000.000
6244000.000
6297000.000
6226000.000
6170000.000
6091000.000
6098000.000
5945000.000
6070000.000
5878000.000
5896000.000
5798000.000
5765000.000
5921000.000
5832000.000
5841000.000
5689000.000
5780000.000
5750000.000
5595000.000
5557000.000
5463000.000
5215000.000
5315000.000
5186000.000
4965000.000
4719000.000
4439000.000
4283000.000
4208000.000
4174000.000
3950000.000
3762000.000
3512000.000
3374000.000
3284000.000
2975000.000
2839000.000
2476000.000
2290000.000
2000000.000
1688000.000
1610000.000
1457000.000
1315000.000
1162000.000
1062000.000
924000.000
759000.000
173000.000
166000.000
104000.000
136000.000
117000.000
100000.000
89000.000
88000.000
67000.000
60000.000
67000.000
55000.000
43000.000
40000.000
33000.000
29000.000
22000.000
13000.000
8000.000
10000.000
10000.000
11000.000
4000.000
3000.000
6000.000
5000.000
7000.000
2000.000
3000.000
6000.000
2000.000
7000.000
6000.000
4000.000
4000.000
2000.000
1000.000
3000.000
2000.000
5000.000
2000.000
5000.000
8000.000
6000.000
4000.000
5000.000
0.000
5000.000
4000.000
4000.000
5000.000
17000.000
32000.000
58000.000
65000.000
77000.000
122000.000
169000.000
174000.000
229000.000
251000.000
327000.000
376000.000
424000.000
538000.000
615000.000
680000.000
756000.000
824000.000
982000.000
1042000.000
1001000.000
1082000.000
1236000.000
1422000.000
1433000.000
1463000.000
1706000.000
1875000.000
1975000.000
2399000.000
2597000.000
2825000.000
2991000.000
3164000.000
3324000.000
3521000.000
3798000.000
3770000.000
4041000.000
4148000.000
4264000.000
4456000.000
4691000.000
4718000.000
4694000.000
4867000.000
4956000.000
5204000.000
5368000.000
5249000.000
5479000.000
5660000.000
5564000.000
5685000.000
5768000.000
6163000.000
6257000.000
6207000.000
6315000.000
6331000.000
6411000.000
6460000.000
6555000.000
6443000.000
6514000.000
6542000.000
6456000.000
6376000.000
6631000.000
6534000.000
6364000.000
6483000.000
6307000.000
6296000.000
6342000.000
6512000.000
6508000.000
6582000.000
6498000.000
6288000.000
6240000.000
6196000.000
6100000.000
6070000.000
6188000.000
6146000.000
6289000.000
6204000.000
6286000.000
6193000.000
6255000.000
6232000.000
6289000.000
6162000.000
6216000.000
6231000.000
6125000.000
5978000.000
5946000.000
6105000.000
6051000.000
6241000.000
6109000.000
6150000.000
6169000.000
6084000.000
6089000.000
6065000.000
6057000.000
6121000.000
6146000.000
6177000.000
6078000.000
5946000.000
5775000.000
5725000.000
5650000.000
5792000.000
5613000.000
5557000.000
5615000.000
5592000.000
5530000.000
5550000.000
5470000.000
5434000.000
5338000.000
5030000.000
4834000.000
4673000.000
4391000.000
4383000.000
4328000.000
4217000.000
4063000.000
3717000.000
3583000.000
3319000.000
3244000.000
2951000.000
2790000.000
2474000.000
2228000.000
2006000.000
1735000.000
1626000.000
1362000.000
1300000.000
1185000.000
1030000.000
139000.000
140000.000
134000.000
86000.000
89000.000
80000.000
78000.000
71000.000
65000.000
57000.000
35000.000
31000.000
35000.000
26000.000
17000.000
31000.000
13000.000
16000.000
9000.000
9000.000
7000.000
4000.000
1000.000
3000.000
6000.000
3000.000
1000.000
4000.000
5000.000
3000.000
6000.000
3000.000
2000.000
4000.000
6000.000
2000.000
4000.000
3000.000
4000.000
4000.000
6000.000
4000.000
4000.000
1000.000
4000.000
4000.000
6000.000
3000.000
9000.000
11000.000
19000.000
49000.000
58000.000
59000.000
99000.000
146000.000
146000.000
173000.000
218000.000
315000.000
331000.000
427000.000
486000.000
528000.000
624000.000
662000.000
781000.000
876000.000
956000.000
1047000.000
1106000.000
1160000.000
1281000.000
1503000.000
1621000.000
1638000.000
1804000.000
1935000.000
2058000.000
2521000.000
2666000.000
2926000.000
3098000.000
3316000.000
3461000.000
3623000.000
3820000.000
4001000.000
4233000.000
4376000.000
4378000.000
4504000.000
4749000.000
4783000.000
4909000.000
5088000.000
5189000.000
5209000.000
5403000.000
5589000.000
5756000.000
6009000.000
5857000.000
6057000.000
5959000.000
6188000.000
6256000.000
6354000.000
6374000.000
6296000.000
6423000.000
6414000.000
6528000.000
6607000.000
6457000.000
6359000.000
6469000.000
6321000.000
6469000.000
6660000.000
6576000.000
6505000.000
6484000.000
6404000.000
6337000.000
6444000.000
6527000.000
6604000.000
6365000.000
6343000.000
6291000.000
6223000.000
6079000.000
6138000.000
6096000.000
5894000.000
6172000.000
6164000.000
6235000.000
6177000.000
6206000.000
6182000.000
6201000.000
6215000.000
6223000.000
6193000.000
6123000.000
6040000.000
5975000.000
6022000.000
6198000.000
6244000.000
6295000.000
6129000.000
6157000.000
6227000.000
6088000.000
6121000.000
6011000.000
5896000.000
6013000.000
6000000.000
5932000.000
5933000.000
5850000.000
5710000.000
5747000.000
5796000.000
5697000.000
5737000.000
5567000.000
5608000.000
5530000.000
5525000.000
5643000.000
5516000.000
5479000.000
5203000.000
5200000.000
4920000.000
4674000.000
4599000.000
4615000.000
4503000.000
4291000.000
3981000.000
3936000.000
3619000.000
3484000.000
3411000.000
3089000.000
2789000.000
2365000.000
2142000.000
2068000.000
1841000.000
1646000.000
1405000.000
1425000.000
1144000.000
1059000.000
157000.000
123000.000
99000.000
120000.000
87000.000
87000.000
87000.000
64000.000
67000.000
55000.000
42000.000
29000.000
32000.000
30000.000
26000.000
26000.000
12000.000
15000.000
11000.000
3000.000
9000.000
11000.000
1000.000
5000.000
4000.000
2000.000
2000.000
0.000
2000.000
5000.000
6000.000
1000.000
3000.000
2000.000
1000.000
0.000
5000.000
2000.000
0.000
2000.000
6000.000
2000.000
2000.000
1000.000
3000.000
3000.000
6000.000
2000.000
6000.000
6000.000
22000.000
29000.000
48000.000
78000.000
86000.000
128000.000
125000.000
220000.000
228000.000
315000.000
347000.000
408000.000
476000.000
524000.000
619000.000
688000.000
810000.000
908000.000
946000.000
1091000.000
1274000.000
1327000.000
1291000.000
1543000.000
1768000.000
1832000.000
1898000.000
2088000.000
2214000.000
2282000.000
2665000.000
3002000.000
3154000.000
3283000.000
3495000.000
3691000.000
3801000.000
4067000.000
4294000.000
4442000.000
4578000.000
4638000.000
4862000.000
4995000.000
5167000.000
5208000.000
5295000.000
5395000.000
5671000.000
5749000.000
5942000.000
5978000.000
6120000.000
6035000.000
6121000.000
6284000.000
6323000.000
6300000.000
6473000.000
6548000.000
6494000.000
6606000.000
6615000.000
6699000.000
6780000.000
6627000.000
6538000.000
6626000.000
6620000.000
6674000.000
6671000.000
6570000.000
6414000.000
6279000.000
6337000.000
6455000.000
6564000.000
6472000.000
6387000.000
6417000.000
6308000.000
6358000.000
6282000.000
6247000.000
6228000.000
6118000.000
6137000.000
6122000.000
6154000.000
6210000.000
6197000.000
6075000.000
6293000.000
6216000.000
6155000.000
6066000.000
6197000.000
6222000.000
6112000.000
6147000.000
6045000.000
6079000.000
6251000.000
6262000.000
6221000.000
6250000.000
6275000.000
6120000.000
6058000.000
6143000.000
6192000.000
6039000.000
5967000.000
6053000.000
5962000.000
5840000.000
5826000.000
5620000.000
5698000.000
5730000.000
5871000.000
5815000.000
5764000.000
5653000.000
5588000.000
5656000.000
5545000.000
5483000.000
5386000.000
5223000.000
5088000.000
4866000.000
4732000.000
4704000.000
4606000.000
4366000.000
4247000.000
3936000.000
3868000.000
3757000.000
3448000.000
3255000.000
2894000.000
2653000.000
2518000.000
2248000.000
1993000.000
1813000.000
1547000.000
1500000.000
1326000.000
105000.000
89000.000
84000.000
77000.000
92000.000
70000.000
53000.000
53000.000
45000.000
29000.000
35000.000
22000.000
28000.000
17000.000
16000.000
16000.000
13000.000
8000.000
7000.000
11000.000
5000.000
4000.000
3000.000
2000.000
4000.000
5000.000
2000.000
1000.000
6000.000
4000.000
2000.000
9000.000
2000.000
5000.000
5000.000
2000.000
3000.000
4000.000
3000.000
4000.000
3000.000
4000.000
2000.000
2000.000
1000.000
0.000
4000.000
10000.000
13000.000
29000.000
48000.000
64000.000
85000.000
113000.000
140000.000
186000.000
203000.000
259000.000
306000.000
392000.000
472000.000
575000.000
570000.000
687000.000
765000.000
828000.000
950000.000
1012000.000
1084000.000
1248000.000
1381000.000
1456000.000
1581000.000
1900000.000
1980000.000
2127000.000
2303000.000
2384000.000
2490000.000
2794000.000
3105000.000
3263000.000
3512000.000
3630000.000
3833000.000
4031000.000
4138000.000
4400000.000
4512000.000
4813000.000
4983000.000
5035000.000
5133000.000
5219000.000
5282000.000
5477000.000
5844000.000
5928000.000
6204000.000
6161000.000
6085000.000
6050000.000
6078000.000
6121000.000
6213000.000
6324000.000
6410000.000
6462000.000
6614000.000
6584000.000
6704000.000
6587000.000
6532000.000
6561000.000
6571000.000
6519000.000
6570000.000
6716000.000
6670000.000
6626000.000
6567000.000
6457000.000
6441000.000
6345000.000
6512000.000
6394000.000
6494000.000
6504000.000
6425000.000
6319000.000
6363000.000
6330000.000
6327000.000
6394000.000
6407000.000
6307000.000
6084000.000
6032000.000
6089000.000
6119000.000
6032000.000
6267000.000
6215000.000
6230000.000
6283000.000
6090000.000
6127000.000
6097000.000
6155000.000
6042000.000
5983000.000
6025000.000
6110000.000
6174000.000
6191000.000
6254000.000
6081000.000
5970000.000
5985000.000
6008000.000
5926000.000
5973000.000
5949000.000
5975000.000
6009000.000
5896000.000
5812000.000
5804000.000
5813000.000
5867000.000
5769000.000
5789000.000
5744000.000
5568000.000
5734000.000
5570000.000
5489000.000
5490000.000
5495000.000
5361000.000
5175000.000
5044000.000
4912000.000
4772000.000
4708000.000
4497000.000
4293000.000
4121000.000
3869000.000
3813000.000
3573000.000
3280000.000
3069000.000
2776000.000
2519000.000
2288000.000
2003000.000
1863000.000
1592000.000
1426000.000
1245000.000
97000.000
93000.000
90000.000
73000.000
55000.000
54000.000
58000.000
48000.000
35000.000
34000.000
19000.000
37000.000
28000.000
19000.000
12000.000
22000.000
9000.000
6000.000
6000.000
6000.000
7000.000
5000.000
7000.000
5000.000
3000.000
2000.000
1000.000
3000.000
4000.000
4000.000
0.000
0.000
1000.000
0.000
3000.000
2000.000
5000.000
3000.000
8000.000
2000.000
5000.000
0.000
4000.000
7000.000
1000.000
4000.000
6000.000
4000.000
9000.000
22000.000
34000.000
64000.000
62000.000
110000.000
158000.000
151000.000
197000.000
225000.000
328000.000
383000.000
439000.000
525000.000
581000.000
661000.000
759000.000
807000.000
962000.000
1068000.000
1136000.000
1393000.000
1407000.000
1510000.000
1611000.000
1885000.000
2046000.000
2203000.000
2264000.000
2517000.000
2696000.000
2907000.000
3080000.000
3434000.000
3717000.000
3806000.000
4089000.000
4101000.000
4060000.000
4485000.000
4577000.000
4711000.000
4877000.000
5117000.000
5036000.000
5451000.000
5530000.000
5756000.000
5902000.000
5851000.000
6077000.000
6159000.000
6067000.000
6036000.000
6118000.000
6130000.000
6310000.000
6552000.000
6521000.000
6525000.000
6760000.000
6653000.000
6641000.000
6664000.000
6593000.000
6658000.000
6611000.000
6622000.000
6618000.000
6733000.000
6788000.000
6853000.000
6681000.000
6430000.000
6459000.000
6328000.000
6522000.000
6639000.000
6602000.000
6520000.000
6527000.000
6400000.000
6539000.000
6450000.000
6478000.000
6493000.000
6266000.000
6465000.000
6470000.000
6344000.000
6287000.000
6045000.000
6096000.000
6097000.000
5980000.000
6095000.000
6135000.000
6184000.000
6216000.000
6262000.000
6065000.000
6033000.000
6056000.000
6238000.000
6192000.000
6177000.000
6232000.000
6172000.000
5958000.000
5966000.000
5970000.000
6058000.000
5899000.000
6004000.000
6054000.000
5989000.000
6021000.000
6002000.000
5967000.000
5821000.000
5858000.000
5698000.000
5727000.000
5715000.000
5828000.000
5817000.000
5931000.000
5571000.000
5630000.000
5552000.000
5428000.000
5679000.000
5399000.000
5276000.000
5062000.000
4898000.000
4997000.000
4807000.000
4742000.000
4623000.000
4370000.000
4280000.000
3956000.000
3776000.000
3475000.000
3309000.000
2917000.000
2723000.000
2522000.000
2319000.000
2189000.000
1941000.000
1626000.000
86000.000
82000.000
78000.000
66000.000
51000.000
57000.000
27000.000
39000.000
29000.000
26000.000
25000.000
27000.000
19000.000
15000.000
10000.000
6000.000
12000.000
3000.000
4000.000
4000.000
5000.000
1000.000
9000.000
6000.000
4000.000
1000.000
3000.000
3000.000
1000.000
4000.000
4000.000
2000.000
2000.000
5000.000
1000.000
4000.000
2000.000
5000.000
1000.000
2000.000
1000.000
3000.000
2000.000
6000.000
8000.000
4000.000
8000.000
16000.000
24000.000
61000.000
62000.000
83000.000
121000.000
158000.000
193000.000
217000.000
278000.000
349000.000
414000.000
497000.000
606000.000
678000.000
772000.000
837000.000
881000.000
1006000.000
1101000.000
1188000.000
1356000.000
1476000.000
1599000.000
1718000.000
1957000.000
2157000.000
2347000.000
2583000.000
2782000.000
2950000.000
3145000.000
3334000.000
3436000.000
3776000.000
4104000.000
4195000.000
4318000.000
4307000.000
4575000.000
4728000.000
4940000.000
5048000.000
5265000.000
5417000.000
5561000.000
5705000.000
5910000.000
5978000.000
5995000.000
6084000.000
6246000.000
5978000.000
6080000.000
6157000.000
6206000.000
6530000.000
6576000.000
6568000.000
6464000.000
6456000.000
6621000.000
6725000.000
6676000.000
6707000.000
6665000.000
6625000.000
6698000.000
6665000.000
6734000.000
6842000.000
6866000.000
6564000.000
6639000.000
6480000.000
6389000.000
6515000.000
6572000.000
6577000.000
6533000.000
6403000.000
6371000.000
6399000.000
6478000.000
6574000.000
6522000.000
6361000.000
6357000.000
6364000.000
6346000.000
6331000.000
6216000.000
6053000.000
6071000.000
6040000.000
6069000.000
6046000.000
6148000.000
6235000.000
6349000.000
6291000.000
6235000.000
6278000.000
6193000.000
6333000.000
6190000.000
6176000.000
6079000.000
6087000.000
6146000.000
6022000.000
6022000.000
5930000.000
6001000.000
5995000.000
6048000.000
5944000.000
6011000.000
5903000.000
5970000.000
5870000.000
5833000.000
5893000.000
5831000.000
5914000.000
5843000.000
5831000.000
5768000.000
5689000.000
5530000.000
5618000.000
5611000.000
5555000.000
5489000.000
5171000.000
5132000.000
5078000.000
5015000.000
4978000.000
4768000.000
4698000.000
4490000.000
4178000.000
4067000.000
3839000.000
3739000.000
3240000.000
2978000.000
2770000.000
2551000.000
2312000.000
2050000.000
1800000.000
1573000.000
85000.000
65000.000
74000.000
50000.000
61000.000
59000.000
36000.000
45000.000
23000.000
21000.000
26000.000
16000.000
14000.000
14000.000
10000.000
4000.000
6000.000
1000.000
5000.000
2000.000
7000.000
6000.000
2000.000
2000.000
1000.000
5000.000
2000.000
3000.000
3000.000
6000.000
1000.000
7000.000
3000.000
5000.000
3000.000
4000.000
2000.000
2000.000
4000.000
6000.000
4000.000
4000.000
5000.000
4000.000
3000.000
2000.000
10000.000
6000.000
26000.000
57000.000
63000.000
81000.000
112000.000
138000.000
179000.000
226000.000
285000.000
357000.000
400000.000
491000.000
584000.000
660000.000
718000.000
802000.000
940000.000
1000000.000
1099000.000
1239000.000
1334000.000
1500000.000
1622000.000
1797000.000
2018000.000
2238000.000
2357000.000
2585000.000
2820000.000
2931000.000
3282000.000
3427000.000
3657000.000
3823000.000
4033000.000
4328000.000
4522000.000
4702000.000
4838000.000
4865000.000
5067000.000
5188000.000
5265000.000
5419000.000
5537000.000
5793000.000
5892000.000
5983000.000
6146000.000
6192000.000
6162000.000
6103000.000
6167000.000
6258000.000
6392000.000
6461000.000
6526000.000
6636000.000
6674000.000
6609000.000
6543000.000
6649000.000
6494000.000
6665000.000
6640000.000
6729000.000
6674000.000
6687000.000
6802000.000
6790000.000
6750000.000
6707000.000
6550000.000
6358000.000
6342000.000
6578000.000
6620000.000
6638000.000
6491000.000
6439000.000
6526000.000
6406000.000
6441000.000
6588000.000
6441000.000
6482000.000
6345000.000
6333000.000
6318000.000
6383000.000
6388000.000
6381000.000
6150000.000
6140000.000
6039000.000
5983000.000
5981000.000
6031000.000
5968000.000
6095000.000
6171000.000
6106000.000
6121000.000
6120000.000
6253000.000
6151000.000
6046000.000
5940000.000
6096000.000
6148000.000
6057000.000
6052000.000
5945000.000
5977000.000
6175000.000
5999000.000
5961000.000
5984000.000
5967000.000
6042000.000
5865000.000
5842000.000
5832000.000
5750000.000
5746000.000
5808000.000
5788000.000
5839000.000
5746000.000
5782000.000
5660000.000
5602000.000
5549000.000
5432000.000
5347000.000
5120000.000
5077000.000
5059000.000
5046000.000
5016000.000
4861000.000
4641000.000
4371000.000
4153000.000
4048000.000
3698000.000
3415000.000
3083000.000
2898000.000
2559000.000
2335000.000
2102000.000
1855000.000
70000.000
66000.000
45000.000
31000.000
43000.000
31000.000
29000.000
20000.000
23000.000
10000.000
25000.000
17000.000
17000.000
8000.000
6000.000
8000.000
2000.000
3000.000
5000.000
3000.000
3000.000
0.000
1000.000
7000.000
5000.000
4000.000
3000.000
6000.000
4000.000
1000.000
5000.000
3000.000
2000.000
5000.000
2000.000
3000.000
6000.000
1000.000
4000.000
4000.000
4000.000
3000.000
4000.000
1000.000
4000.000
9000.000
9000.000
25000.000
50000.000
58000.000
93000.000
116000.000
154000.000
190000.000
231000.000
278000.000
332000.000
433000.000
480000.000
590000.000
655000.000
779000.000
936000.000
961000.000
1101000.000
1172000.000
1294000.000
1401000.000
1534000.000
1725000.000
1842000.000
2120000.000
2312000.000
2495000.000
2777000.000
2938000.000
3194000.000
3198000.000
3464000.000
3751000.000
3945000.000
4045000.000
4344000.000
4506000.000
4673000.000
4861000.000
4907000.000
5098000.000
5225000.000
5230000.000
5498000.000
5670000.000
5727000.000
5813000.000
5983000.000
6044000.000
6178000.000
6132000.000
6125000.000
6214000.000
6267000.000
6338000.000
6278000.000
6466000.000
6657000.000
6553000.000
6719000.000
6547000.000
6716000.000
6617000.000
6621000.000
6719000.000
6653000.000
6662000.000
6651000.000
6664000.000
6672000.000
6688000.000
6688000.000
6744000.000
6626000.000
6455000.000
6457000.000
6487000.000
6489000.000
6489000.000
6406000.000
6547000.000
6389000.000
6485000.000
6676000.000
6561000.000
6514000.000
6345000.000
6352000.000
6482000.000
6650000.000
6470000.000
6406000.000
6293000.000
6243000.000
6272000.000
6214000.000
6059000.000
6015000.000
6103000.000
5976000.000
6119000.000
6164000.000
6252000.000
6247000.000
6193000.000
6122000.000
6084000.000
6123000.000
6002000.000
6002000.000
6078000.000
5914000.000
6067000.000
5980000.000
6076000.000
6029000.000
6011000.000
5987000.000
6056000.000
6042000.000
6072000.000
6029000.000
5965000.000
5841000.000
5779000.000
5715000.000
5766000.000
5883000.000
5800000.000
5849000.000
5758000.000
5555000.000
5587000.000
5581000.000
5466000.000
5406000.000
5227000.000
5097000.000
5191000.000
5205000.000
4919000.000
4889000.000
4658000.000
4436000.000
4236000.000
3999000.000
3689000.000
3410000.000
3112000.000
2807000.000
2613000.000
2352000.000
2069000.000
1891000.000
52000.000
52000.000
30000.000
43000.000
42000.000
39000.000
23000.000
20000.000
24000.000
8000.000
20000.000
13000.000
7000.000
2000.000
4000.000
7000.000
3000.000
4000.000
7000.000
8000.000
5000.000
4000.000
2000.000
2000.000
4000.000
2000.000
2000.000
3000.000
1000.000
2000.000
2000.000
3000.000
6000.000
7000.000
2000.000
7000.000
1000.000
3000.000
2000.000
2000.000
5000.000
4000.000
4000.000
5000.000
4000.000
5000.000
11000.000
20000.000
48000.000
54000.000
96000.000
110000.000
160000.000
186000.000
234000.000
303000.000
354000.000
422000.000
498000.000
557000.000
611000.000
767000.000
826000.000
938000.000
1027000.000
1181000.000
1308000.000
1413000.000
1576000.000
1738000.000
1911000.000
2048000.000
2295000.000
2519000.000
2665000.000
2945000.000
3197000.000
3353000.000
3572000.000
3736000.000
3968000.000
4238000.000
4453000.000
4598000.000
4710000.000
4856000.000
4999000.000
5011000.000
5263000.000
5364000.000
5448000.000
5800000.000
5938000.000
5887000.000
6032000.000
6064000.000
6095000.000
6115000.000
6060000.000
6081000.000
6236000.000
6263000.000
6226000.000
6290000.000
6487000.000
6523000.000
6590000.000
6562000.000
6452000.000
6725000.000
6619000.000
6674000.000
6593000.000
6607000.000
6595000.000
6614000.000
6629000.000
6533000.000
6712000.000
6784000.000
6646000.000
6535000.000
6691000.000
6609000.000
6432000.000
6237000.000
6498000.000
6352000.000
6433000.000
6431000.000
6590000.000
6848000.000
6624000.000
6783000.000
6519000.000
6511000.000
6546000.000
6426000.000
6660000.000
6768000.000
6592000.000
6539000.000
6388000.000
6446000.000
6182000.000
6168000.000
6212000.000
6115000.000
6095000.000
6060000.000
6114000.000
6319000.000
6247000.000
6180000.000
6216000.000
6113000.000
6066000.000
6034000.000
6085000.000
5974000.000
5986000.000
6077000.000
6146000.000
6069000.000
6004000.000
5999000.000
6068000.000
6098000.000
6169000.000
6010000.000
5985000.000
5938000.000
5875000.000
5741000.000
5717000.000
5915000.000
5782000.000
5887000.000
5804000.000
5599000.000
5615000.000
5686000.000
5590000.000
5312000.000
5194000.000
5103000.000
5127000.000
4978000.000
4937000.000
4678000.000
4708000.000
4593000.000
4499000.000
4214000.000
3894000.000
3534000.000
3382000.000
2938000.000
2748000.000
2518000.000
2149000.000
42000.000
31000.000
24000.000
39000.000
17000.000
23000.000
12000.000
10000.000
6000.000
13000.000
6000.000
12000.000
10000.000
6000.000
6000.000
4000.000
4000.000
6000.000
0.000
2000.000
3000.000
3000.000
3000.000
4000.000
5000.000
5000.000
6000.000
4000.000
2000.000
2000.000
4000.000
3000.000
2000.000
4000.000
4000.000
3000.000
4000.000
3000.000
5000.000
4000.000
1000.000
2000.000
3000.000
2000.000
19000.000
23000.000
31000.000
43000.000
66000.000
83000.000
123000.000
166000.000
198000.000
236000.000
324000.000
343000.000
493000.000
527000.000
616000.000
688000.000
733000.000
821000.000
977000.000
1051000.000
1234000.000
1325000.000
1585000.000
1618000.000
1827000.000
2026000.000
2331000.000
2504000.000
2740000.000
2921000.000
3099000.000
3281000.000
3622000.000
3834000.000
3920000.000
4058000.000
4388000.000
4454000.000
4586000.000
4950000.000
5070000.000
5131000.000
5423000.000
5440000.000
5447000.000
5705000.000
5893000.000
5837000.000
5984000.000
5973000.000
6081000.000
6051000.000
6184000.000
6167000.000
6194000.000
6366000.000
6325000.000
6163000.000
6289000.000
6502000.000
6376000.000
6602000.000
6624000.000
6575000.000
6485000.000
6613000.000
6590000.000
6504000.000
6630000.000
6558000.000
6553000.000
6519000.000
6524000.000
6379000.000
6466000.000
6499000.000
6546000.000
6491000.000
6433000.000
6319000.000
6301000.000
6267000.000
6361000.000
6562000.000
6499000.000
6611000.000
6815000.000
6872000.000
6625000.000
6657000.000
6613000.000
6591000.000
6635000.000
6872000.000
6821000.000
6652000.000
6637000.000
6713000.000
6627000.000
6290000.000
6323000.000
6264000.000
6160000.000
5991000.000
6134000.000
6120000.000
6082000.000
6149000.000
6217000.000
6240000.000
6144000.000
6112000.000
6275000.000
5995000.000
5983000.000
6102000.000
6056000.000
6094000.000
6051000.000
5989000.000
6068000.000
6095000.000
6021000.000
6167000.000
6052000.000
6023000.000
6044000.000
6016000.000
6019000.000
5737000.000
5826000.000
5886000.000
5884000.000
5858000.000
5836000.000
5728000.000
5731000.000
5658000.000
5473000.000
5182000.000
5037000.000
5070000.000
5121000.000
5130000.000
4948000.000
4808000.000
4834000.000
4701000.000
4483000.000
4309000.000
3838000.000
3439000.000
3115000.000
2901000.000
2756000.000
2255000.000
2226000.000
36000.000
37000.000
33000.000
30000.000
25000.000
16000.000
16000.000
6000.000
20000.000
12000.000
5000.000
13000.000
10000.000
9000.000
4000.000
5000.000
3000.000
6000.000
3000.000
3000.000
2000.000
2000.000
2000.000
3000.000
6000.000
1000.000
6000.000
2000.000
3000.000
8000.000
8000.000
4000.000
3000.000
2000.000
0.000
0.000
5000.000
2000.000
3000.000
4000.000
3000.000
3000.000
1000.000
3000.000
5000.000
13000.000
31000.000
44000.000
51000.000
57000.000
106000.000
138000.000
191000.000
283000.000
317000.000
339000.000
437000.000
523000.000
559000.000
610000.000
770000.000
889000.000
1011000.000
1186000.000
1187000.000
1313000.000
1540000.000
1694000.000
1869000.000
2022000.000
2178000.000
2506000.000
2677000.000
3002000.000
3168000.000
3422000.000
3582000.000
3841000.000
3956000.000
4068000.000
4248000.000
4432000.000
4529000.000
4804000.000
5066000.000
5194000.000
5418000.000
5402000.000
5715000.000
5640000.000
5679000.000
5882000.000
5953000.000
6081000.000
6008000.000
6077000.000
6048000.000
6162000.000
6161000.000
6140000.000
6216000.000
6235000.000
6396000.000
6310000.000
6499000.000
6592000.000
6519000.000
6589000.000
6597000.000
6482000.000
6589000.000
6721000.000
6577000.000
6613000.000
6515000.000
6642000.000
6679000.000
6580000.000
6578000.000
6738000.000
6633000.000
6616000.000
6550000.000
6439000.000
6214000.000
5961000.000
6277000.000
6411000.000
6461000.000
6134000.000
6429000.000
6812000.000
6645000.000
6509000.000
6561000.000
6539000.000
6287000.000
6299000.000
6732000.000
6907000.000
6864000.000
6869000.000
6877000.000
6451000.000
6525000.000
6274000.000
6409000.000
6192000.000
5885000.000
6036000.000
5926000.000
5847000.000
6016000.000
6224000.000
6391000.000
6311000.000
6259000.000
6453000.000
6259000.000
6213000.000
6123000.000
6169000.000
6165000.000
6220000.000
6067000.000
6262000.000
6298000.000
6195000.000
6202000.000
6007000.000
6050000.000
5944000.000
5978000.000
5923000.000
5865000.000
5824000.000
5808000.000
5799000.000
5933000.000
5819000.000
5715000.000
5750000.000
5565000.000
5343000.000
5109000.000
5028000.000
5006000.000
5200000.000
5266000.000
5183000.000
5106000.000
4939000.000
4865000.000
4711000.000
4267000.000
3895000.000
3592000.000
3267000.000
3036000.000
2845000.000
2536000.000
32000.000
17000.000
19000.000
14000.000
21000.000
13000.000
9000.000
7000.000
9000.000
4000.000
4000.000
11000.000
4000.000
9000.000
2000.000
3000.000
1000.000
2000.000
1000.000
3000.000
2000.000
4000.000
3000.000
4000.000
3000.000
1000.000
4000.000
0.000
5000.000
3000.000
3000.000
3000.000
4000.000
2000.000
2000.000
3000.000
2000.000
5000.000
5000.000
3000.000
3000.000
2000.000
4000.000
3000.000
15000.000
31000.000
46000.000
57000.000
89000.000
129000.000
162000.000
215000.000
274000.000
339000.000
412000.000
455000.000
506000.000
605000.000
672000.000
756000.000
887000.000
1012000.000
1145000.000
1282000.000
1491000.000
1664000.000
1677000.000
1985000.000
2243000.000
2321000.000
2626000.000
2842000.000
3010000.000
3282000.000
3352000.000
3449000.000
3647000.000
3959000.000
4171000.000
4344000.000
4584000.000
4786000.000
5050000.000
5275000.000
5453000.000
5524000.000
5650000.000
5783000.000
5692000.000
5664000.000
5850000.000
5951000.000
5908000.000
6005000.000
6077000.000
6166000.000
6145000.000
6348000.000
6216000.000
6239000.000
6123000.000
6309000.000
6441000.000
6546000.000
6477000.000
6615000.000
6592000.000
6540000.000
6530000.000
6526000.000
6502000.000
6598000.000
6575000.000
6653000.000
6557000.000
6670000.000
6605000.000
6453000.000
6604000.000
6453000.000
6431000.000
6429000.000
6400000.000
6406000.000
6522000.000
6586000.000
6497000.000
6578000.000
6374000.000
6437000.000
6452000.000
6442000.000
6222000.000
6270000.000
6480000.000
6372000.000
6123000.000
6193000.000
6646000.000
6509000.000
6510000.000
6463000.000
6463000.000
6279000.000
6052000.000
6061000.000
5163000.000
4428000.000
4972000.000
5465000.000
5489000.000
5419000.000
5872000.000
6194000.000
5983000.000
6169000.000
6696000.000
6567000.000
6379000.000
6070000.000
6230000.000
6416000.000
6290000.000
6149000.000
6395000.000
6561000.000
6601000.000
6436000.000
6255000.000
6171000.000
6057000.000
6078000.000
5990000.000
6023000.000
5974000.000
5920000.000
5797000.000
6005000.000
5959000.000
5831000.000
5829000.000
5664000.000
5549000.000
5357000.000
5164000.000
5247000.000
5329000.000
5252000.000
5345000.000
5272000.000
4874000.000
4844000.000
4699000.000
4518000.000
4169000.000
3945000.000
3582000.000
3350000.000
2987000.000
2759000.000
2609000.000
26000.000
38000.000
18000.000
24000.000
9000.000
16000.000
18000.000
18000.000
7000.000
3000.000
7000.000
4000.000
4000.000
5000.000
5000.000
4000.000
1000.000
2000.000
5000.000
5000.000
4000.000
2000.000
0.000
2000.000
2000.000
2000.000
3000.000
1000.000
1000.000
1000.000
1000.000
6000.000
3000.000
3000.000
2000.000
4000.000
5000.000
1000.000
2000.000
5000.000
2000.000
1000.000
1000.000
6000.000
15000.000
16000.000
37000.000
37000.000
56000.000
107000.000
150000.000
210000.000
264000.000
290000.000
375000.000
437000.000
494000.000
627000.000
722000.000
766000.000
912000.000
993000.000
1078000.000
1310000.000
1471000.000
1629000.000
1804000.000
1968000.000
2199000.000
2320000.000
2618000.000
2863000.000
3048000.000
3230000.000
3358000.000
3438000.000
3464000.000
3927000.000
4196000.000
4315000.000
4567000.000
4821000.000
4975000.000
5141000.000
5370000.000
5456000.000
5704000.000
5638000.000
5735000.000
5875000.000
5770000.000
5934000.000
6157000.000
6207000.000
6179000.000
6133000.000
6043000.000
6310000.000
6300000.000
6223000.000
6341000.000
6344000.000
6460000.000
6596000.000
6582000.000
6497000.000
6518000.000
6545000.000
6576000.000
6639000.000
6580000.000
6587000.000
6700000.000
6629000.000
6615000.000
6716000.000
6628000.000
6599000.000
6523000.000
6533000.000
6453000.000
6553000.000
6496000.000
6409000.000
6460000.000
6497000.000
6531000.000
6585000.000
6492000.000
6531000.000
6501000.000
6591000.000
6487000.000
6557000.000
6591000.000
6528000.000
6827000.000
6717000.000
6572000.000
6618000.000
6487000.000
6387000.000
6316000.000
6264000.000
6272000.000
6243000.000
5849000.000
4314000.000
2800000.000
3259000.000
4663000.000
4733000.000
4787000.000
5442000.000
5285000.000
4915000.000
5519000.000
6293000.000
6400000.000
6040000.000
5851000.000
6095000.000
6288000.000
6094000.000
6295000.000
6350000.000
6733000.000
6957000.000
6722000.000
6552000.000
6279000.000
6291000.000
6103000.000
6082000.000
5982000.000
6154000.000
6384000.000
6185000.000
6290000.000
6116000.000
6062000.000
5923000.000
5842000.000
5788000.000
5436000.000
5430000.000
5341000.000
5202000.000
5307000.000
5280000.000
5040000.000
4932000.000
4865000.000
4775000.000
4527000.000
4243000.000
3962000.000
3726000.000
3507000.000
3250000.000
3074000.000
19000.000
16000.000
19000.000
17000.000
10000.000
10000.000
7000.000
4000.000
6000.000
5000.000
5000.000
5000.000
5000.000
2000.000
6000.000
4000.000
2000.000
1000.000
1000.000
3000.000
2000.000
5000.000
3000.000
2000.000
1000.000
5000.000
3000.000
7000.000
2000.000
1000.000
2000.000
2000.000
4000.000
0.000
5000.000
4000.000
1000.000
4000.000
5000.000
1000.000
7000.000
1000.000
6000.000
12000.000
22000.000
28000.000
40000.000
75000.000
125000.000
141000.000
208000.000
267000.000
317000.000
409000.000
444000.000
541000.000
648000.000
719000.000
849000.000
966000.000
1083000.000
1186000.000
1329000.000
1423000.000
1645000.000
1835000.000
1959000.000
2188000.000
2401000.000
2642000.000
2886000.000
3145000.000
3383000.000
3574000.000
3793000.000
3847000.000
4189000.000
4400000.000
4543000.000
4697000.000
4898000.000
5046000.000
5343000.000
5395000.000
5570000.000
5723000.000
5867000.000
5900000.000
6014000.000
5959000.000
6018000.000
6094000.000
6172000.000
6161000.000
6117000.000
6212000.000
6143000.000
6249000.000
6405000.000
6479000.000
6523000.000
6655000.000
6626000.000
6569000.000
6600000.000
6536000.000
6504000.000
6659000.000
6494000.000
6506000.000
6534000.000
6694000.000
6527000.000
6792000.000
6648000.000
6626000.000
6478000.000
6526000.000
6489000.000
6508000.000
6509000.000
6632000.000
6657000.000
6468000.000
6472000.000
6607000.000
6635000.000
6619000.000
6595000.000
6362000.000
6371000.000
6474000.000
6538000.000
6566000.000
6515000.000
6557000.000
6618000.000
6599000.000
6607000.000
6643000.000
6756000.000
6703000.000
6462000.000
6321000.000
6287000.000
6258000.000
5885000.000
4875000.000
4344000.000
5234000.000
5793000.000
5741000.000
5660000.000
5618000.000
5409000.000
5418000.000
5737000.000
5892000.000
5701000.000
5657000.000
5694000.000
5963000.000
6082000.000
5770000.000
5989000.000
6404000.000
6566000.000
6643000.000
6595000.000
6537000.000
6257000.000
5830000.000
5867000.000
5966000.000
6171000.000
6360000.000
6709000.000
6379000.000
6152000.000
6035000.000
5875000.000
5868000.000
5890000.000
5556000.000
5491000.000
5422000.000
5403000.000
5428000.000
5439000.000
5270000.000
5249000.000
5039000.000
4906000.000
4884000.000
4656000.000
4216000.000
4008000.000
3842000.000
3588000.000
3349000.000
3042000.000
11000.000
13000.000
9000.000
7000.000
12000.000
11000.000
10000.000
4000.000
4000.000
2000.000
3000.000
3000.000
3000.000
3000.000
0.000
1000.000
3000.000
1000.000
3000.000
1000.000
1000.000
2000.000
0.000
2000.000
0.000
6000.000
1000.000
4000.000
3000.000
5000.000
5000.000
7000.000
3000.000
6000.000
4000.000
5000.000
3000.000
3000.000
3000.000
3000.000
2000.000
2000.000
5000.000
5000.000
11000.000
32000.000
32000.000
53000.000
88000.000
134000.000
185000.000
234000.000
329000.000
363000.000
449000.000
568000.000
657000.000
689000.000
801000.000
870000.000
1079000.000
1158000.000
1300000.000
1471000.000
1614000.000
1667000.000
1958000.000
2093000.000
2450000.000
2569000.000
2904000.000
3085000.000
3301000.000
3450000.000
3714000.000
3929000.000
4209000.000
4389000.000
4639000.000
4674000.000
4946000.000
5058000.000
5089000.000
5393000.000
5542000.000
5809000.000
5702000.000
5795000.000
6017000.000
6039000.000
5962000.000
5884000.000
5992000.000
5988000.000
6161000.000
6236000.000
6318000.000
6207000.000
6468000.000
6629000.000
6684000.000
6657000.000
6592000.000
6634000.000
6699000.000
6559000.000
6640000.000
6518000.000
6604000.000
6382000.000
6441000.000
6466000.000
6615000.000
6625000.000
6665000.000
6657000.000
6598000.000
6541000.000
6524000.000
6370000.000
6386000.000
6448000.000
6529000.000
6506000.000
6485000.000
6596000.000
6564000.000
6433000.000
6443000.000
6485000.000
6472000.000
6387000.000
6617000.000
6579000.000
6576000.000
6478000.000
6528000.000
6539000.000
6535000.000
6780000.000
6724000.000
6643000.000
6576000.000
6537000.000
6343000.000
6269000.000
6277000.000
6271000.000
6038000.000
5870000.000
5901000.000
6041000.000
5984000.000
5846000.000
5882000.000
5923000.000
6055000.000
6031000.000
6107000.000
5966000.000
6013000.000
6186000.000
6323000.000
6314000.000
6162000.000
6297000.000
6395000.000
6410000.000
6283000.000
6277000.000
6269000.000
5890000.000
5659000.000
5703000.000
5883000.000
6189000.000
6263000.000
6373000.000
6189000.000
6220000.000
5703000.000
5476000.000
5534000.000
5610000.000
5373000.000
5437000.000
5676000.000
5789000.000
5666000.000
5760000.000
5350000.000
5140000.000
4993000.000
5006000.000
5169000.000
4816000.000
4496000.000
4229000.000
3927000.000
3789000.000
3383000.000
13000.000
13000.000
15000.000
10000.000
9000.000
8000.000
0.000
5000.000
2000.000
6000.000
2000.000
3000.000
1000.000
1000.000
3000.000
5000.000
6000.000
5000.000
2000.000
5000.000
4000.000
4000.000
2000.000
4000.000
4000.000
2000.000
4000.000
1000.000
2000.000
1000.000
0.000
5000.000
4000.000
3000.000
8000.000
5000.000
0.000
3000.000
5000.000
11000.000
4000.000
8000.000
8000.000
21000.000
21000.000
24000.000
44000.000
80000.000
153000.000
196000.000
276000.000
327000.000
440000.000
552000.000
550000.000
666000.000
722000.000
867000.000
950000.000
1102000.000
1246000.000
1405000.000
1507000.000
1693000.000
1875000.000
2161000.000
2347000.000
2449000.000
2641000.000
2877000.000
3071000.000
3456000.000
3616000.000
3874000.000
3954000.000
4367000.000
4452000.000
4638000.000
4854000.000
4900000.000
5174000.000
5115000.000
5289000.000
5574000.000
5646000.000
5671000.000
5831000.000
5843000.000
5894000.000
6010000.000
6091000.000
5985000.000
5995000.000
6161000.000
6192000.000
6175000.000
6384000.000
6433000.000
6515000.000
6732000.000
6671000.000
6720000.000
6543000.000
6756000.000
6610000.000
6584000.000
6566000.000
6614000.000
6637000.000
6577000.000
6448000.000
6449000.000
6549000.000
6437000.000
6503000.000
6544000.000
6498000.000
6539000.000
6294000.000
6444000.000
6412000.000
6523000.000
6531000.000
6528000.000
6385000.000
6398000.000
6424000.000
6472000.000
6392000.000
6531000.000
6538000.000
6347000.000
6356000.000
6466000.000
6521000.000
6462000.000
6497000.000
6572000.000
6462000.000
6474000.000
6466000.000
6441000.000
6447000.000
6344000.000
6361000.000
6350000.000
6295000.000
6206000.000
6308000.000
6217000.000
6016000.000
5960000.000
5961000.000
5953000.000
5958000.000
5947000.000
5839000.000
6015000.000
5836000.000
5858000.000
5963000.000
6267000.000
6329000.000
6386000.000
6126000.000
6350000.000
6420000.000
6291000.000
6263000.000
6285000.000
6087000.000
5915000.000
6026000.000
6088000.000
6144000.000
6242000.000
6421000.000
6212000.000
5860000.000
5596000.000
5331000.000
5353000.000
5486000.000
5453000.000
5401000.000
5438000.000
5482000.000
5647000.000
5649000.000
5253000.000
4966000.000
4889000.000
5037000.000
5266000.000
5029000.000
4684000.000
4500000.000
4089000.000
3785000.000
3606000.000
3350000.000
10000.000
6000.000
5000.000
10000.000
5000.000
5000.000
3000.000
2000.000
5000.000
4000.000
2000.000
6000.000
3000.000
4000.000
4000.000
5000.000
4000.000
2000.000
3000.000
5000.000
1000.000
3000.000
3000.000
6000.000
0.000
4000.000
2000.000
1000.000
6000.000
2000.000
3000.000
1000.000
2000.000
3000.000
4000.000
2000.000
2000.000
3000.000
4000.000
4000.000
0.000
5000.000
8000.000
7000.000
19000.000
15000.000
40000.000
75000.000
112000.000
188000.000
238000.000
325000.000
431000.000
467000.000
591000.000
655000.000
762000.000
841000.000
919000.000
1034000.000
1236000.000
1439000.000
1594000.000
1778000.000
1928000.000
2123000.000
2390000.000
2578000.000
2720000.000
2923000.000
3134000.000
3416000.000
3654000.000
3822000.000
4062000.000
4199000.000
4371000.000
4628000.000
4795000.000
5087000.000
5247000.000
5372000.000
5381000.000
5442000.000
5600000.000
5623000.000
5798000.000
5852000.000
5863000.000
6054000.000
6046000.000
5970000.000
6132000.000
6197000.000
6251000.000
6463000.000
6449000.000
6552000.000
6500000.000
6521000.000
6712000.000
6694000.000
6678000.000
6635000.000
6696000.000
6650000.000
6643000.000
6639000.000
6652000.000
6621000.000
6590000.000
6618000.000
6487000.000
6561000.000
6617000.000
6671000.000
6581000.000
6617000.000
6441000.000
6388000.000
6496000.000
6588000.000
6477000.000
6534000.000
6500000.000
6373000.000
6348000.000
6513000.000
6462000.000
6554000.000
6325000.000
6443000.000
6342000.000
6492000.000
6339000.000
6411000.000
6452000.000
6467000.000
6267000.000
6361000.000
6397000.000
6420000.000
6313000.000
6383000.000
6234000.000
6371000.000
6211000.000
6282000.000
6150000.000
6175000.000
6196000.000
6188000.000
6088000.000
6090000.000
6032000.000
5987000.000
5920000.000
6024000.000
6020000.000
6056000.000
5940000.000
6010000.000
5957000.000
6257000.000
6061000.000
6184000.000
6190000.000
6266000.000
6292000.000
6104000.000
6092000.000
6071000.000
6037000.000
5973000.000
5909000.000
6054000.000
6075000.000
5984000.000
5842000.000
5747000.000
5482000.000
5605000.000
5527000.000
5674000.000
5660000.000
5651000.000
5517000.000
5665000.000
5451000.000
5310000.000
5128000.000
5060000.000
5063000.000
5166000.000
5136000.000
5093000.000
4669000.000
4448000.000
4143000.000
3949000.000
3631000.000
3000.000
6000.000
2000.000
8000.000
6000.000
3000.000
6000.000
3000.000
2000.000
4000.000
2000.000
1000.000
4000.000
3000.000
1000.000
4000.000
2000.000
5000.000
0.000
4000.000
7000.000
2000.000
7000.000
4000.000
2000.000
4000.000
2000.000
2000.000
4000.000
3000.000
2000.000
2000.000
0.000
9000.000
3000.000
1000.000
6000.000
3000.000
2000.000
10000.000
3000.000
9000.000
10000.000
14000.000
23000.000
40000.000
67000.000
121000.000
207000.000
280000.000
329000.000
409000.000
494000.000
644000.000
635000.000
786000.000
941000.000
1083000.000
1191000.000
1319000.000
1443000.000
1601000.000
1865000.000
2091000.000
2276000.000
2534000.000
2684000.000
2949000.000
3108000.000
3323000.000
3494000.000
3734000.000
3941000.000
4174000.000
4208000.000
4577000.000
4749000.000
5034000.000
5208000.000
5211000.000
5459000.000
5491000.000
5582000.000
5704000.000
5659000.000
5690000.000
5958000.000
5863000.000
6076000.000
6293000.000
6159000.000
6178000.000
6322000.000
6332000.000
6547000.000
6719000.000
6611000.000
6628000.000
6705000.000
6628000.000
6583000.000
6595000.000
6587000.000
6614000.000
6665000.000
6719000.000
6613000.000
6706000.000
6670000.000
6533000.000
6567000.000
6529000.000
6588000.000
6581000.000
6530000.000
6631000.000
6480000.000
6494000.000
6397000.000
6517000.000
6539000.000
6574000.000
6498000.000
6469000.000
6309000.000
6396000.000
6389000.000
6390000.000
6402000.000
6503000.000
6484000.000
6386000.000
6299000.000
6457000.000
6546000.000
6384000.000
6323000.000
6414000.000
6289000.000
6313000.000
6181000.000
6245000.000
6311000.000
6353000.000
6232000.000
6278000.000
6316000.000
6296000.000
6110000.000
6033000.000
6062000.000
6133000.000
6019000.000
6030000.000
6018000.000
5957000.000
5935000.000
5977000.000
6087000.000
6072000.000
6082000.000
5950000.000
5922000.000
5960000.000
5965000.000
5915000.000
5952000.000
6023000.000
6011000.000
5995000.000
5971000.000
5877000.000
6021000.000
5987000.000
5917000.000
5906000.000
5878000.000
5551000.000
5565000.000
5582000.000
5535000.000
5506000.000
5493000.000
5566000.000
5729000.000
5709000.000
5721000.000
5293000.000
5173000.000
5119000.000
5188000.000
5090000.000
5165000.000
5304000.000
5274000.000
5034000.000
4697000.000
4546000.000
4399000.000
4029000.000
3659000.000
4000.000
5000.000
4000.000
4000.000
1000.000
1000.000
4000.000
1000.000
3000.000
1000.000
3000.000
2000.000
3000.000
6000.000
3000.000
2000.000
5000.000
5000.000
3000.000
2000.000
3000.000
2000.000
4000.000
4000.000
5000.000
2000.000
2000.000
7000.000
1000.000
2000.000
3000.000
5000.000
3000.000
4000.000
2000.000
3000.000
4000.000
4000.000
2000.000
7000.000
5000.000
3000.000
11000.000
8000.000
11000.000
21000.000
42000.000
67000.000
137000.000
230000.000
335000.000
407000.000
468000.000
532000.000
699000.000
752000.000
881000.000
954000.000
1136000.000
1365000.000
1479000.000
1639000.000
1803000.000
2032000.000
2276000.000
2469000.000
2652000.000
2898000.000
3186000.000
3288000.000
3578000.000
3842000.000
3888000.000
4108000.000
4384000.000
4596000.000
4798000.000
4987000.000
5145000.000
5292000.000
5378000.000
5490000.000
5545000.000
5852000.000
5977000.000
6069000.000
5971000.000
6210000.000
6322000.000
6209000.000
6344000.000
6478000.000
6489000.000
6559000.000
6544000.000
6715000.000
6730000.000
6568000.000
6630000.000
6561000.000
6745000.000
6700000.000
6735000.000
6677000.000
6547000.000
6595000.000
6536000.000
6590000.000
6660000.000
6666000.000
6743000.000
6662000.000
6687000.000
6516000.000
6547000.000
6591000.000
6577000.000
6483000.000
6426000.000
6528000.000
6704000.000
6673000.000
6588000.000
6427000.000
6450000.000
6361000.000
6371000.000
6340000.000
6280000.000
6398000.000
6554000.000
6546000.000
6356000.000
6216000.000
6515000.000
6440000.000
6482000.000
6491000.000
6388000.000
6373000.000
6326000.000
6138000.000
6305000.000
6296000.000
6356000.000
6155000.000
6322000.000
6354000.000
6249000.000
6325000.000
6121000.000
6069000.000
6036000.000
6160000.000
6039000.000
6034000.000
5886000.000
6001000.000
5892000.000
5884000.000
5871000.000
5884000.000
5983000.000
5932000.000
5864000.000
5871000.000
5916000.000
5918000.000
5983000.000
5948000.000
5932000.000
5932000.000
5929000.000
5690000.000
5664000.000
5627000.000
5572000.000
5597000.000
5575000.000
5619000.000
5771000.000
5637000.000
5507000.000
5489000.000
5513000.000
5573000.000
5547000.000
5443000.000
5290000.000
5230000.000
5174000.000
5241000.000
5330000.000
5275000.000
5352000.000
5326000.000
5132000.000
4864000.000
4710000.000
4535000.000
4370000.000
4000.000
4000.000
3000.000
3000.000
0.000
1000.000
7000.000
3000.000
1000.000
4000.000
3000.000
2000.000
1000.000
6000.000
2000.000
2000.000
4000.000
3000.000
3000.000
1000.000
5000.000
2000.000
3000.000
8000.000
1000.000
3000.000
1000.000
2000.000
1000.000
6000.000
2000.000
1000.000
1000.000
2000.000
3000.000
7000.000
4000.000
3000.000
2000.000
0.000
4000.000
9000.000
12000.000
16000.000
19000.000
48000.000
94000.000
166000.000
259000.000
321000.000
404000.000
524000.000
628000.000
703000.000
751000.000
930000.000
1010000.000
1242000.000
1363000.000
1540000.000
1807000.000
1883000.000
2123000.000
2375000.000
2615000.000
2813000.000
3024000.000
3381000.000
3592000.000
3756000.000
4011000.000
4260000.000
4287000.000
4584000.000
4724000.000
4959000.000
5141000.000
5472000.000
5435000.000
5400000.000
5574000.000
5581000.000
5791000.000
5988000.000
6226000.000
6165000.000
6250000.000
6407000.000
6454000.000
6418000.000
6439000.000
6575000.000
6567000.000
6709000.000
6537000.000
6725000.000
6615000.000
6557000.000
6571000.000
6529000.000
6695000.000
6647000.000
6587000.000
6453000.000
6679000.000
6676000.000
6767000.000
6788000.000
6707000.000
6664000.000
6798000.000
6770000.000
6590000.000
6479000.000
6575000.000
6524000.000
6388000.000
6422000.000
6480000.000
6524000.000
6564000.000
6524000.000
6412000.000
6406000.000
6401000.000
6470000.000
6484000.000
6325000.000
6443000.000
6407000.000
6548000.000
6416000.000
6364000.000
6420000.000
6325000.000
6235000.000
6403000.000
6335000.000
6265000.000
6212000.000
6266000.000
6290000.000
6330000.000
6196000.000
6306000.000
6419000.000
6359000.000
6379000.000
6332000.000
6281000.000
6147000.000
6058000.000
6035000.000
6016000.000
6070000.000
5986000.000
5947000.000
5966000.000
5895000.000
6054000.000
5912000.000
6018000.000
5858000.000
5827000.000
5802000.000
5657000.000
5786000.000
5821000.000
5733000.000
5758000.000
5828000.000
5604000.000
5659000.000
5638000.000
5730000.000
5591000.000
5505000.000
5463000.000
5523000.000
5641000.000
5436000.000
5483000.000
5496000.000
5502000.000
5353000.000
5445000.000
5390000.000
5420000.000
5370000.000
5207000.000
5306000.000
5377000.000
5328000.000
5234000.000
5162000.000
5178000.000
5096000.000
4783000.000
4544000.000
4343000.000
4321000.000
4000.000
3000.000
2000.000
2000.000
5000.000
1000.000
0.000
1000.000
3000.000
3000.000
2000.000
2000.000
3000.000
4000.000
1000.000
4000.000
2000.000
5000.000
2000.000
6000.000
7000.000
3000.000
1000.000
2000.000
5000.000
2000.000
3000.000
2000.000
3000.000
3000.000
5000.000
0.000
2000.000
6000.000
2000.000
1000.000
3000.000
2000.000
2000.000
5000.000
6000.000
4000.000
18000.000
10000.000
14000.000
27000.000
36000.000
101000.000
178000.000
283000.000
372000.000
488000.000
553000.000
706000.000
845000.000
866000.000
1024000.000
1139000.000
1357000.000
1469000.000
1625000.000
1923000.000
2096000.000
2274000.000
2540000.000
2797000.000
2960000.000
3241000.000
3523000.000
3789000.000
4011000.000
4268000.000
4459000.000
4660000.000
4859000.000
4946000.000
5031000.000
5198000.000
5396000.000
5590000.000
5438000.000
5739000.000
5803000.000
6018000.000
6212000.000
6357000.000
6398000.000
6548000.000
6472000.000
6568000.000
6458000.000
6602000.000
6556000.000
6558000.000
6577000.000
6650000.000
6617000.000
6614000.000
6601000.000
6762000.000
6624000.000
6657000.000
6629000.000
6610000.000
6759000.000
6908000.000
6727000.000
6623000.000
6712000.000
6877000.000
6640000.000
6771000.000
6704000.000
6638000.000
6542000.000
6531000.000
6460000.000
6550000.000
6648000.000
6740000.000
6623000.000
6466000.000
6591000.000
6455000.000
6337000.000
6455000.000
6492000.000
6492000.000
6530000.000
6428000.000
6510000.000
6401000.000
6391000.000
6403000.000
6448000.000
6504000.000
6415000.000
6305000.000
6354000.000
6302000.000
6402000.000
6336000.000
6366000.000
6476000.000
6409000.000
6372000.000
6300000.000
6338000.000
6340000.000
6325000.000
6272000.000
6091000.000
6183000.000
6241000.000
6199000.000
6197000.000
6118000.000
6086000.000
5870000.000
6107000.000
5839000.000
5855000.000
5723000.000
5687000.000
5869000.000
5943000.000
5911000.000
5830000.000
5865000.000
5771000.000
5693000.000
5736000.000
5554000.000
5442000.000
5440000.000
5673000.000
5742000.000
5668000.000
5475000.000
5539000.000
5572000.000
5567000.000
5542000.000
5787000.000
5575000.000
5467000.000
5342000.000
5295000.000
5198000.000
5265000.000
5212000.000
5312000.000
5398000.000
5396000.000
5125000.000
5316000.000
5399000.000
5164000.000
4854000.000
4717000.000
4315000.000
4000.000
3000.000
5000.000
1000.000
2000.000
1000.000
4000.000
4000.000
1000.000
6000.000
4000.000
3000.000
3000.000
6000.000
3000.000
0.000
4000.000
8000.000
1000.000
7000.000
1000.000
2000.000
7000.000
4000.000
4000.000
2000.000
3000.000
1000.000
5000.000
1000.000
0.000
3000.000
3000.000
2000.000
4000.000
3000.000
3000.000
3000.000
5000.000
12000.000
11000.000
17000.000
16000.000
14000.000
30000.000
42000.000
75000.000
172000.000
310000.000
402000.000
508000.000
614000.000
746000.000
837000.000
939000.000
1037000.000
1273000.000
1366000.000
1533000.000
1678000.000
2005000.000
2193000.000
2368000.000
2704000.000
2931000.000
3033000.000
3354000.000
3660000.000
3827000.000
4043000.000
4398000.000
4530000.000
4779000.000
4858000.000
5127000.000
5212000.000
5237000.000
5563000.000
5546000.000
5597000.000
5662000.000
5844000.000
5924000.000
6143000.000
6227000.000
6263000.000
6488000.000
6586000.000
6458000.000
6531000.000
6565000.000
6676000.000
6542000.000
6587000.000
6473000.000
6553000.000
6593000.000
6520000.000
6604000.000
6619000.000
6661000.000
6688000.000
6819000.000
6675000.000
6840000.000
6737000.000
6607000.000
6708000.000
6644000.000
6730000.000
6735000.000
6622000.000
6636000.000
6623000.000
6615000.000
6540000.000
6530000.000
6670000.000
6641000.000
6405000.000
6600000.000
6429000.000
6382000.000
6407000.000
6458000.000
6460000.000
6512000.000
6594000.000
6468000.000
6537000.000
6525000.000
6383000.000
6299000.000
6392000.000
6484000.000
6388000.000
6258000.000
6293000.000
6230000.000
6272000.000
6308000.000
6524000.000
6234000.000
6426000.000
6397000.000
6335000.000
6539000.000
6263000.000
6199000.000
6186000.000
6125000.000
6123000.000
6158000.000
6081000.000
6135000.000
6066000.000
6006000.000
5967000.000
5969000.000
6031000.000
5945000.000
5777000.000
5693000.000
5750000.000
5703000.000
5814000.000
5656000.000
5646000.000
5707000.000
5629000.000
5564000.000
5580000.000
5648000.000
5654000.000
5692000.000
5763000.000
5700000.000
5614000.000
5502000.000
5447000.000
5544000.000
5497000.000
5486000.000
5462000.000
5496000.000
5468000.000
5436000.000
5322000.000
5456000.000
5331000.000
5277000.000
5462000.000
5368000.000
5173000.000
5051000.000
5060000.000
4971000.000
4729000.000
4649000.000
4568000.000
4379000.000
0.000
4000.000
3000.000
7000.000
3000.000
1000.000
1000.000
1000.000
5000.000
4000.000
4000.000
2000.000
3000.000
5000.000
4000.000
2000.000
7000.000
1000.000
3000.000
2000.000
4000.000
5000.000
2000.000
2000.000
4000.000
2000.000
4000.000
6000.000
2000.000
3000.000
6000.000
1000.000
4000.000
6000.000
2000.000
5000.000
1000.000
4000.000
3000.000
7000.000
12000.000
13000.000
8000.000
22000.000
28000.000
32000.000
42000.000
84000.000
150000.000
289000.000
463000.000
580000.000
719000.000
785000.000
894000.000
1058000.000
1189000.000
1341000.000
1426000.000
1602000.000
1807000.000
1980000.000
2353000.000
2598000.000
2842000.000
2936000.000
3265000.000
3552000.000
3843000.000
4091000.000
4424000.000
4601000.000
4624000.000
4846000.000
5088000.000
5226000.000
5300000.000
5371000.000
5653000.000
5737000.000
5760000.000
5876000.000
5748000.000
6008000.000
6339000.000
6320000.000
6326000.000
6631000.000
6563000.000
6415000.000
6631000.000
6600000.000
6722000.000
6657000.000
6480000.000
6593000.000
6744000.000
6691000.000
6562000.000
6562000.000
6678000.000
6678000.000
6688000.000
6739000.000
6838000.000
6774000.000
6829000.000
6696000.000
6736000.000
6648000.000
6628000.000
6590000.000
6597000.000
6615000.000
6601000.000
6496000.000
6618000.000
6650000.000
6582000.000
6639000.000
6594000.000
6550000.000
6437000.000
6339000.000
6503000.000
6526000.000
6579000.000
6427000.000
6388000.000
6419000.000
6506000.000
6466000.000
6368000.000
6374000.000
6431000.000
6519000.000
6391000.000
6436000.000
6362000.000
6285000.000
6280000.000
6334000.000
6315000.000
6315000.000
6116000.000
6209000.000
6241000.000
6271000.000
6221000.000
6236000.000
6210000.000
6197000.000
6229000.000
6460000.000
6216000.000
6100000.000
6116000.000
5938000.000
5968000.000
5843000.000
5837000.000
5795000.000
5655000.000
5695000.000
5755000.000
5746000.000
5661000.000
5763000.000
5771000.000
5702000.000
5636000.000
5537000.000
5551000.000
5704000.000
5783000.000
5803000.000
5720000.000
5769000.000
5769000.000
5637000.000
5604000.000
5560000.000
5731000.000
5564000.000
5650000.000
5554000.000
5538000.000
5375000.000
5339000.000
5358000.000
5261000.000
5189000.000
5268000.000
5349000.000
5271000.000
5002000.000
5061000.000
5013000.000
4939000.000
4677000.000
4522000.000
4000.000
5000.000
1000.000
7000.000
5000.000
2000.000
5000.000
2000.000
4000.000
8000.000
3000.000
3000.000
7000.000
2000.000
2000.000
1000.000
3000.000
3000.000
1000.000
3000.000
3000.000
2000.000
4000.000
4000.000
7000.000
1000.000
1000.000
3000.000
4000.000
1000.000
5000.000
2000.000
4000.000
6000.000
3000.000
1000.000
2000.000
3000.000
8000.000
11000.000
11000.000
21000.000
27000.000
22000.000
32000.000
39000.000
57000.000
123000.000
270000.000
404000.000
635000.000
668000.000
818000.000
941000.000
1018000.000
1223000.000
1305000.000
1577000.000
1656000.000
1856000.000
2132000.000
2441000.000
2660000.000
2892000.000
3162000.000
3347000.000
3640000.000
3934000.000
4152000.000
4255000.000
4519000.000
4690000.000
4972000.000
5024000.000
5267000.000
5255000.000
5271000.000
5569000.000
5826000.000
5806000.000
5805000.000
5980000.000
5986000.000
6293000.000
6400000.000
6481000.000
6522000.000
6627000.000
6709000.000
6617000.000
6722000.000
6614000.000
6584000.000
6618000.000
6595000.000
6614000.000
6642000.000
6648000.000
6694000.000
6652000.000
6618000.000
6680000.000
6798000.000
6848000.000
6770000.000
6737000.000
6776000.000
6669000.000
6782000.000
6806000.000
6572000.000
6596000.000
6591000.000
6563000.000
6589000.000
6498000.000
6643000.000
6530000.000
6390000.000
6665000.000
6418000.000
6573000.000
6636000.000
6655000.000
6518000.000
6488000.000
6350000.000
6462000.000
6459000.000
6518000.000
6342000.000
6279000.000
6256000.000
6436000.000
6427000.000
6336000.000
6362000.000
6319000.000
6303000.000
6278000.000
6501000.000
6395000.000
6256000.000
6353000.000
6230000.000
6260000.000
6135000.000
6285000.000
6213000.000
6181000.000
6148000.000
6179000.000
6114000.000
6029000.000
6025000.000
6055000.000
5850000.000
5967000.000
5910000.000
5930000.000
5868000.000
5857000.000
5865000.000
5955000.000
5825000.000
5733000.000
5719000.000
5656000.000
5607000.000
5545000.000
5618000.000
5527000.000
5620000.000
5618000.000
5719000.000
5633000.000
5689000.000
5618000.000
5564000.000
5420000.000
5525000.000
5537000.000
5615000.000
5475000.000
5536000.000
5518000.000
5495000.000
5419000.000
5186000.000
5255000.000
5036000.000
5047000.000
5093000.000
5251000.000
4929000.000
5017000.000
5030000.000
4971000.000
4761000.000
4636000.000
4510000.000
4000.000
0.000
6000.000
2000.000
2000.000
7000.000
5000.000
4000.000
4000.000
2000.000
4000.000
2000.000
0.000
1000.000
0.000
5000.000
2000.000
2000.000
2000.000
2000.000
4000.000
4000.000
4000.000
2000.000
4000.000
1000.000
2000.000
1000.000
3000.000
4000.000
5000.000
3000.000
0.000
2000.000
2000.000
1000.000
3000.000
2000.000
8000.000
8000.000
10000.000
20000.000
19000.000
25000.000
27000.000
35000.000
37000.000
66000.000
118000.000
247000.000
494000.000
686000.000
799000.000
915000.000
1087000.000
1156000.000
1254000.000
1480000.000
1649000.000
1841000.000
2166000.000
2415000.000
2699000.000
2861000.000
3081000.000
3289000.000
3590000.000
3804000.000
4054000.000
4304000.000
4411000.000
4794000.000
5014000.000
5202000.000
5164000.000
5409000.000
5497000.000
5435000.000
5703000.000
5957000.000
5946000.000
5977000.000
6029000.000
5995000.000
6264000.000
6429000.000
6581000.000
6685000.000
6742000.000
6696000.000
6643000.000
6571000.000
6597000.000
6706000.000
6757000.000
6817000.000
6670000.000
6704000.000
6675000.000
6735000.000
6602000.000
6676000.000
6727000.000
6829000.000
6761000.000
6838000.000
6730000.000
6876000.000
6787000.000
6703000.000
6669000.000
6582000.000
6713000.000
6658000.000
6595000.000
6482000.000
6482000.000
6639000.000
6469000.000
6590000.000
6503000.000
6565000.000
6462000.000
6550000.000
6418000.000
6393000.000
6514000.000
6586000.000
6455000.000
6375000.000
6533000.000
6303000.000
6209000.000
6275000.000
6301000.000
6368000.000
6429000.000
6501000.000
6377000.000
6419000.000
6417000.000
6271000.000
6343000.000
6288000.000
6241000.000
6183000.000
6330000.000
6216000.000
6228000.000
6238000.000
6151000.000
6077000.000
5945000.000
5957000.000
5923000.000
5844000.000
5815000.000
5799000.000
5858000.000
5948000.000
5851000.000
5869000.000
5809000.000
5897000.000
5877000.000
5879000.000
5828000.000
5825000.000
5683000.000
5482000.000
5454000.000
5545000.000
5625000.000
5564000.000
5464000.000
5441000.000
5564000.000
5589000.000
5592000.000
5662000.000
5466000.000
5578000.000
5541000.000
5429000.000
5475000.000
5552000.000
5500000.000
5329000.000
5354000.000
5247000.000
5297000.000
5219000.000
5090000.000
5046000.000
5228000.000
5166000.000
5072000.000
4938000.000
4899000.000
4836000.000
4624000.000
1000.000
1000.000
4000.000
5000.000
5000.000
1000.000
4000.000
1000.000
7000.000
4000.000
3000.000
2000.000
2000.000
0.000
3000.000
3000.000
7000.000
1000.000
4000.000
2000.000
5000.000
4000.000
2000.000
2000.000
1000.000
6000.000
6000.000
3000.000
1000.000
4000.000
1000.000
0.000
4000.000
5000.000
4000.000
2000.000
2000.000
7000.000
10000.000
14000.000
20000.000
18000.000
22000.000
39000.000
43000.000
42000.000
56000.000
89000.000
196000.000
386000.000
616000.000
842000.000
1011000.000
1068000.000
1211000.000
1320000.000
1579000.000
1704000.000
1970000.000
2203000.000
2467000.000
2674000.000
2898000.000
3233000.000
3332000.000
3665000.000
4028000.000
4277000.000
4411000.000
4531000.000
4834000.000
4955000.000
5100000.000
5152000.000
5312000.000
5558000.000
5536000.000
5672000.000
5728000.000
5881000.000
5993000.000
6034000.000
5922000.000
6209000.000
6380000.000
6438000.000
6534000.000
6598000.000
6563000.000
6549000.000
6737000.000
6644000.000
6801000.000
6727000.000
6618000.000
6650000.000
6617000.000
6571000.000
6595000.000
6566000.000
6453000.000
6578000.000
6772000.000
6681000.000
6851000.000
6719000.000
6711000.000
6649000.000
6643000.000
6756000.000
6690000.000
6639000.000
6613000.000
6605000.000
6532000.000
6510000.000
6504000.000
6512000.000
6468000.000
6433000.000
6462000.000
6532000.000
6501000.000
6385000.000
6402000.000
6489000.000
6421000.000
6377000.000
6603000.000
6298000.000
6429000.000
6330000.000
6391000.000
6433000.000
6293000.000
6257000.000
6395000.000
6469000.000
6414000.000
6332000.000
6393000.000
6350000.000
6327000.000
6256000.000
6264000.000
6293000.000
6320000.000
6103000.000
6127000.000
5878000.000
5828000.000
5822000.000
5861000.000
5990000.000
5865000.000
5898000.000
5861000.000
5918000.000
6032000.000
5892000.000
5957000.000
5956000.000
5817000.000
5802000.000
5757000.000
5711000.000
5763000.000
5781000.000
5685000.000
5662000.000
5686000.000
5562000.000
5545000.000
5432000.000
5503000.000
5513000.000
5388000.000
5488000.000
5408000.000
5501000.000
5388000.000
5390000.000
5461000.000
5433000.000
5385000.000
5476000.000
5387000.000
5380000.000
5325000.000
5253000.000
5298000.000
4978000.000
4952000.000
5208000.000
5150000.000
5078000.000
4791000.000
4876000.000
4786000.000
4635000.000
4620000.000
1000.000
1000.000
3000.000
4000.000
4000.000
2000.000
5000.000
5000.000
0.000
2000.000
3000.000
4000.000
3000.000
7000.000
2000.000
3000.000
2000.000
1000.000
2000.000
0.000
3000.000
2000.000
6000.000
1000.000
6000.000
5000.000
0.000
2000.000
1000.000
1000.000
2000.000
5000.000
0.000
4000.000
4000.000
3000.000
2000.000
4000.000
8000.000
10000.000
15000.000
23000.000
26000.000
41000.000
41000.000
43000.000
57000.000
75000.000
106000.000
183000.000
375000.000
705000.000
915000.000
1128000.000
1190000.000
1385000.000
1543000.000
1670000.000
1960000.000
2045000.000
2319000.000
2653000.000
2810000.000
3053000.000
3259000.000
3600000.000
3858000.000
4196000.000
4473000.000
4587000.000
4795000.000
4996000.000
5144000.000
5403000.000
5448000.000
5374000.000
5576000.000
5594000.000
5710000.000
6034000.000
5940000.000
5987000.000
5993000.000
5978000.000
6092000.000
6450000.000
6575000.000
6375000.000
6525000.000
6545000.000
6704000.000
6661000.000
6796000.000
6802000.000
6646000.000
6681000.000
6488000.000
6639000.000
6544000.000
6587000.000
6586000.000
6593000.000
6666000.000
6798000.000
6719000.000
6734000.000
6781000.000
6748000.000
6708000.000
6747000.000
6513000.000
6760000.000
6542000.000
6608000.000
6604000.000
6566000.000
6507000.000
6527000.000
6524000.000
6488000.000
6594000.000
6539000.000
6357000.000
6497000.000
6425000.000
6432000.000
6549000.000
6541000.000
6293000.000
6563000.000
6405000.000
6450000.000
6403000.000
6297000.000
6339000.000
6391000.000
6417000.000
6276000.000
6340000.000
6426000.000
6266000.000
6206000.000
6176000.000
6105000.000
6208000.000
6162000.000
6110000.000
6077000.000
6161000.000
6125000.000
6133000.000
6025000.000
5980000.000
6049000.000
6076000.000
5915000.000
6071000.000
5982000.000
5925000.000
5919000.000
6003000.000
5843000.000
5888000.000
6003000.000
5769000.000
5801000.000
5829000.000
5878000.000
5856000.000
5815000.000
5844000.000
5651000.000
5643000.000
5593000.000
5498000.000
5542000.000
5382000.000
5345000.000
5460000.000
5422000.000
5569000.000
5442000.000
5429000.000
5533000.000
5558000.000
5401000.000
5296000.000
5364000.000
5359000.000
5366000.000
5364000.000
5124000.000
4983000.000
5034000.000
5185000.000
5114000.000
5038000.000
4974000.000
5022000.000
4922000.000
4860000.000
2000.000
6000.000
4000.000
2000.000
5000.000
4000.000
3000.000
4000.000
3000.000
8000.000
2000.000
5000.000
5000.000
3000.000
4000.000
5000.000
3000.000
5000.000
2000.000
2000.000
3000.000
2000.000
2000.000
3000.000
4000.000
5000.000
4000.000
3000.000
5000.000
1000.000
2000.000
2000.000
5000.000
2000.000
3000.000
4000.000
4000.000
10000.000
16000.000
17000.000
22000.000
34000.000
42000.000
46000.000
68000.000
66000.000
76000.000
108000.000
137000.000
249000.000
608000.000
933000.000
1132000.000
1330000.000
1387000.000
1593000.000
1882000.000
1962000.000
2166000.000
2451000.000
2552000.000
3034000.000
3161000.000
3523000.000
3643000.000
3858000.000
4265000.000
4430000.000
4737000.000
4773000.000
5113000.000
5166000.000
5330000.000
5315000.000
5366000.000
5596000.000
5619000.000
5716000.000
5869000.000
5992000.000
6143000.000
6130000.000
5923000.000
6191000.000
6442000.000
6441000.000
6588000.000
6507000.000
6432000.000
6503000.000
6750000.000
6704000.000
6583000.000
6732000.000
6627000.000
6669000.000
6728000.000
6743000.000
6771000.000
6607000.000
6621000.000
6670000.000
6653000.000
6772000.000
6651000.000
6693000.000
6658000.000
6730000.000
6703000.000
6538000.000
6550000.000
6673000.000
6623000.000
6545000.000
6458000.000
6461000.000
6562000.000
6584000.000
6561000.000
6456000.000
6505000.000
6490000.000
6468000.000
6448000.000
6515000.000
6435000.000
6428000.000
6417000.000
6386000.000
6431000.000
6354000.000
6409000.000
6456000.000
6405000.000
6521000.000
6379000.000
6258000.000
6228000.000
6190000.000
6152000.000
6052000.000
6121000.000
6084000.000
6251000.000
6174000.000
6261000.000
6262000.000
6154000.000
6165000.000
6270000.000
6172000.000
6178000.000
6176000.000
6057000.000
5914000.000
6029000.000
5922000.000
5935000.000
5971000.000
5946000.000
5961000.000
5908000.000
5870000.000
5700000.000
5772000.000
5687000.000
5788000.000
5778000.000
5772000.000
5634000.000
5609000.000
5597000.000
5584000.000
5495000.000
5455000.000
5444000.000
5386000.000
5418000.000
5469000.000
5478000.000
5391000.000
5379000.000
5380000.000
5244000.000
5342000.000
5159000.000
5209000.000
5256000.000
5298000.000
5297000.000
5326000.000
5132000.000
5068000.000
5028000.000
4980000.000
5032000.000
4831000.000
4844000.000
4941000.000
4744000.000
4725000.000
4000.000
2000.000
1000.000
5000.000
6000.000
1000.000
3000.000
3000.000
3000.000
2000.000
3000.000
4000.000
3000.000
5000.000
3000.000
3000.000
4000.000
3000.000
1000.000
4000.000
3000.000
1000.000
7000.000
2000.000
5000.000
3000.000
4000.000
3000.000
2000.000
2000.000
2000.000
1000.000
4000.000
1000.000
2000.000
2000.000
3000.000
7000.000
10000.000
22000.000
18000.000
28000.000
39000.000
40000.000
71000.000
69000.000
72000.000
93000.000
87000.000
123000.000
206000.000
475000.000
940000.000
1251000.000
1414000.000
1629000.000
1752000.000
2041000.000
2145000.000
2413000.000
2643000.000
2946000.000
3101000.000
3486000.000
3748000.000
3864000.000
4143000.000
4397000.000
4693000.000
4846000.000
4972000.000
5316000.000
5466000.000
5659000.000
5488000.000
5669000.000
5671000.000
5714000.000
5945000.000
5947000.000
6072000.000
6082000.000
5958000.000
6110000.000
6302000.000
6386000.000
6471000.000
6508000.000
6316000.000
6349000.000
6487000.000
6594000.000
6664000.000
6669000.000
6566000.000
6762000.000
6743000.000
6742000.000
6694000.000
6612000.000
6668000.000
6572000.000
6668000.000
6754000.000
6693000.000
6816000.000
6739000.000
6769000.000
6734000.000
6912000.000
6732000.000
6627000.000
6666000.000
6542000.000
6624000.000
6319000.000
6582000.000
6507000.000
6489000.000
6621000.000
6630000.000
6579000.000
6630000.000
6601000.000
6676000.000
6570000.000
6467000.000
6479000.000
6532000.000
6450000.000
6442000.000
6493000.000
6450000.000
6439000.000
6502000.000
6321000.000
6235000.000
6076000.000
6072000.000
6148000.000
6185000.000
5986000.000
6210000.000
6326000.000
6303000.000
6292000.000
6224000.000
6332000.000
6275000.000
6343000.000
6390000.000
6253000.000
6204000.000
6143000.000
6052000.000
6012000.000
6072000.000
6045000.000
5943000.000
6013000.000
5987000.000
5908000.000
5850000.000
5723000.000
5741000.000
5784000.000
5886000.000
5860000.000
5833000.000
5710000.000
5708000.000
5502000.000
5476000.000
5466000.000
5626000.000
5547000.000
5437000.000
5284000.000
5366000.000
5312000.000
5398000.000
5412000.000
5490000.000
5431000.000
5360000.000
5237000.000
5145000.000
5088000.000
5105000.000
5280000.000
5279000.000
5090000.000
5144000.000
4996000.000
5015000.000
5066000.000
5142000.000
4974000.000
5039000.000
4879000.000
4673000.000
3000.000
3000.000
2000.000
5000.000
5000.000
2000.000
4000.000
2000.000
5000.000
8000.000
3000.000
5000.000
2000.000
0.000
0.000
8000.000
4000.000
6000.000
3000.000
1000.000
2000.000
5000.000
5000.000
1000.000
5000.000
3000.000
3000.000
4000.000
2000.000
4000.000
2000.000
2000.000
3000.000
2000.000
7000.000
5000.000
10000.000
17000.000
27000.000
20000.000
28000.000
44000.000
43000.000
63000.000
67000.000
94000.000
93000.000
104000.000
128000.000
183000.000
319000.000
744000.000
1165000.000
1528000.000
1561000.000
1890000.000
2112000.000
2278000.000
2501000.000
2691000.000
3005000.000
3195000.000
3415000.000
3751000.000
3881000.000
4231000.000
4451000.000
4665000.000
4917000.000
5142000.000
5170000.000
5400000.000
5509000.000
5461000.000
5469000.000
5771000.000
5639000.000
5818000.000
5960000.000
5954000.000
5971000.000
6216000.000
6134000.000
6267000.000
6435000.000
6481000.000
6553000.000
6368000.000
6395000.000
6382000.000
6469000.000
6554000.000
6541000.000
6636000.000
6609000.000
6618000.000
6598000.000
6589000.000
6642000.000
6647000.000
6603000.000
6570000.000
6751000.000
6732000.000
6738000.000
6805000.000
6701000.000
6714000.000
6839000.000
6778000.000
6675000.000
6737000.000
6575000.000
6587000.000
6572000.000
6568000.000
6590000.000
6398000.000
6515000.000
6461000.000
6594000.000
6564000.000
6582000.000
6632000.000
6648000.000
6365000.000
6493000.000
6355000.000
6383000.000
6278000.000
6302000.000
6191000.000
6217000.000
6133000.000
6131000.000
6251000.000
6069000.000
6110000.000
6039000.000
6125000.000
6127000.000
6226000.000
6316000.000
6283000.000
6411000.000
6204000.000
6156000.000
6177000.000
6178000.000
6141000.000
6145000.000
6126000.000
6083000.000
6006000.000
5989000.000
5908000.000
6014000.000
6019000.000
5879000.000
5891000.000
5995000.000
5730000.000
5670000.000
5827000.000
5814000.000
5877000.000
5775000.000
5642000.000
5668000.000
5639000.000
5544000.000
5453000.000
5498000.000
5472000.000
5473000.000
5507000.000
5541000.000
5359000.000
5272000.000
5349000.000
5414000.000
5348000.000
5346000.000
5316000.000
5364000.000
5316000.000
5083000.000
5149000.000
5044000.000
5196000.000
5193000.000
5301000.000
5029000.000
5022000.000
5011000.000
4823000.000
4835000.000
4830000.000
4740000.000
4833000.000
4752000.000
8000.000
5000.000
3000.000
3000.000
5000.000
1000.000
2000.000
7000.000
4000.000
3000.000
3000.000
4000.000
5000.000
5000.000
2000.000
4000.000
3000.000
0.000
2000.000
2000.000
2000.000
2000.000
1000.000
5000.000
3000.000
3000.000
0.000
1000.000
6000.000
1000.000
5000.000
3000.000
7000.000
4000.000
4000.000
2000.000
15000.000
15000.000
16000.000
34000.000
33000.000
42000.000
46000.000
67000.000
69000.000
76000.000
103000.000
91000.000
121000.000
138000.000
220000.000
363000.000
788000.000
1334000.000
1629000.000
1811000.000
2035000.000
2283000.000
2520000.000
2647000.000
2903000.000
3266000.000
3440000.000
3803000.000
3879000.000
4347000.000
4446000.000
4770000.000
4874000.000
5118000.000
5262000.000
5409000.000
5624000.000
5561000.000
5466000.000
5577000.000
5864000.000
5788000.000
5974000.000
6124000.000
6017000.000
6009000.000
5949000.000
6201000.000
6298000.000
6457000.000
6585000.000
6655000.000
6613000.000
6455000.000
6388000.000
6384000.000
6468000.000
6436000.000
6474000.000
6633000.000
6675000.000
6638000.000
6555000.000
6682000.000
6574000.000
6550000.000
6503000.000
6613000.000
6708000.000
6680000.000
6714000.000
6919000.000
6870000.000
6823000.000
6948000.000
6579000.000
6741000.000
6465000.000
6596000.000
6495000.000
6646000.000
6430000.000
6415000.000
6411000.000
6433000.000
6374000.000
6429000.000
6589000.000
6443000.000
6236000.000
6087000.000
6168000.000
6255000.000
6213000.000
6199000.000
6224000.000
6046000.000
6097000.000
6390000.000
6208000.000
6141000.000
6240000.000
6283000.000
6119000.000
6291000.000
6205000.000
6291000.000
6209000.000
6401000.000
6128000.000
6078000.000
6137000.000
6072000.000
6010000.000
6086000.000
6179000.000
6109000.000
6050000.000
6013000.000
5911000.000
5935000.000
5812000.000
5892000.000
5869000.000
5849000.000
5788000.000
5761000.000
5813000.000
5870000.000
5773000.000
5732000.000
5656000.000
5671000.000
5704000.000
5531000.000
5519000.000
5379000.000
5637000.000
5511000.000
5580000.000
5638000.000
5462000.000
5511000.000
5472000.000
5357000.000
5253000.000
5256000.000
5249000.000
5310000.000
5250000.000
5265000.000
5067000.000
5059000.000
5082000.000
5044000.000
5114000.000
5114000.000
5010000.000
4843000.000
4904000.000
4923000.000
4839000.000
4811000.000
4728000.000
4796000.000
4000.000
7000.000
4000.000
2000.000
5000.000
4000.000
0.000
6000.000
2000.000
1000.000
4000.000
4000.000
2000.000
3000.000
2000.000
0.000
2000.000
3000.000
6000.000
4000.000
3000.000
3000.000
3000.000
3000.000
1000.000
2000.000
2000.000
6000.000
5000.000
2000.000
4000.000
5000.000
5000.000
5000.000
14000.000
11000.000
21000.000
19000.000
26000.000
42000.000
45000.000
58000.000
71000.000
75000.000
91000.000
124000.000
115000.000
140000.000
161000.000
200000.000
379000.000
761000.000
1401000.000
1656000.000
2014000.000
2085000.000
2389000.000
2577000.000
2764000.000
2918000.000
3156000.000
3553000.000
3734000.000
3897000.000
4268000.000
4595000.000
4764000.000
4996000.000
5119000.000
5495000.000
5556000.000
5613000.000
5525000.000
5423000.000
5588000.000
5671000.000
5827000.000
5856000.000
6050000.000
6120000.000
6115000.000
6238000.000
6195000.000
6310000.000
6432000.000
6672000.000
6619000.000
6640000.000
6748000.000
6583000.000
6594000.000
6404000.000
6482000.000
6362000.000
6485000.000
6704000.000
6510000.000
6537000.000
6485000.000
6470000.000
6513000.000
6490000.000
6617000.000
6552000.000
6787000.000
6785000.000
6825000.000
6849000.000
6714000.000
6610000.000
6633000.000
6545000.000
6388000.000
6604000.000
6608000.000
6573000.000
6571000.000
6472000.000
6384000.000
6440000.000
6364000.000
6343000.000
6174000.000
6178000.000
6067000.000
6044000.000
6148000.000
6211000.000
6268000.000
6166000.000
6227000.000
6123000.000
6200000.000
6381000.000
6349000.000
6396000.000
6410000.000
6311000.000
6172000.000
6167000.000
6150000.000
6115000.000
6180000.000
6160000.000
6271000.000
6111000.000
6004000.000
5954000.000
6029000.000
5986000.000
5987000.000
6039000.000
6124000.000
6015000.000
5996000.000
5904000.000
6051000.000
5994000.000
5826000.000
5806000.000
5817000.000
5726000.000
5774000.000
5780000.000
5876000.000
5727000.000
5603000.000
5641000.000
5663000.000
5615000.000
5488000.000
5568000.000
5522000.000
5536000.000
5557000.000
5482000.000
5626000.000
5527000.000
5439000.000
5459000.000
5263000.000
5263000.000
5299000.000
5179000.000
5101000.000
5045000.000
5049000.000
5095000.000
5074000.000
5185000.000
4990000.000
5081000.000
4956000.000
4880000.000
4743000.000
4825000.000
4747000.000
4839000.000
4707000.000
4707000.000
4691000.000
3000.000
2000.000
1000.000
5000.000
3000.000
1000.000
4000.000
2000.000
0.000
5000.000
4000.000
4000.000
3000.000
1000.000
0.000
3000.000
3000.000
4000.000
3000.000
4000.000
3000.000
3000.000
1000.000
4000.000
2000.000
1000.000
4000.000
3000.000
7000.000
4000.000
4000.000
3000.000
5000.000
11000.000
9000.000
12000.000
22000.000
21000.000
22000.000
40000.000
58000.000
46000.000
69000.000
82000.000
101000.000
102000.000
120000.000
122000.000
152000.000
168000.000
242000.000
385000.000
854000.000
1415000.000
1862000.000
2103000.000
2222000.000
2525000.000
2834000.000
2991000.000
3165000.000
3395000.000
3611000.000
4017000.000
4152000.000
4474000.000
4718000.000
4911000.000
5043000.000
5243000.000
5489000.000
5710000.000
5767000.000
5666000.000
5624000.000
5681000.000
5871000.000
5883000.000
6015000.000
6107000.000
6166000.000
6174000.000
6232000.000
6243000.000
6257000.000
6317000.000
6533000.000
6597000.000
6737000.000
6698000.000
6586000.000
6561000.000
6648000.000
6751000.000
6566000.000
6705000.000
6644000.000
6534000.000
6601000.000
6704000.000
6693000.000
6485000.000
6461000.000
6603000.000
6675000.000
6596000.000
6692000.000
6831000.000
6680000.000
6664000.000
6653000.000
6606000.000
6517000.000
6514000.000
6605000.000
6650000.000
6649000.000
6546000.000
6310000.000
6334000.000
6303000.000
6248000.000
6216000.000
6171000.000
6337000.000
6280000.000
6249000.000
6161000.000
6167000.000
6351000.000
6324000.000
6351000.000
6343000.000
6367000.000
6594000.000
6491000.000
6476000.000
6419000.000
6167000.000
6165000.000
6032000.000
5919000.000
5959000.000
5999000.000
6023000.000
6235000.000
6208000.000
6040000.000
5971000.000
6091000.000
5953000.000
5997000.000
6144000.000
6059000.000
5942000.000
5906000.000
5840000.000
5907000.000
5953000.000
5748000.000
5818000.000
5836000.000
5830000.000
5753000.000
5732000.000
5708000.000
5642000.000
5643000.000
5577000.000
5575000.000
5491000.000
5520000.000
5575000.000
5528000.000
5534000.000
5546000.000
5565000.000
5490000.000
5553000.000
5536000.000
5505000.000
5336000.000
5334000.000
5370000.000
5244000.000
5060000.000
4993000.000
5091000.000
4989000.000
5025000.000
5008000.000
5110000.000
5079000.000
4914000.000
4861000.000
4766000.000
4817000.000
4762000.000
4818000.000
4763000.000
4787000.000
3000.000
1000.000
4000.000
0.000
3000.000
1000.000
3000.000
3000.000
5000.000
4000.000
2000.000
2000.000
5000.000
2000.000
3000.000
5000.000
5000.000
2000.000
6000.000
4000.000
6000.000
2000.000
3000.000
4000.000
1000.000
4000.000
2000.000
5000.000
5000.000
3000.000
10000.000
8000.000
12000.000
17000.000
22000.000
28000.000
35000.000
32000.000
34000.000
61000.000
65000.000
70000.000
89000.000
98000.000
108000.000
104000.000
125000.000
163000.000
205000.000
203000.000
266000.000
649000.000
1328000.000
1878000.000
2244000.000
2326000.000
2638000.000
2872000.000
3124000.000
3213000.000
3452000.000
3746000.000
4105000.000
4363000.000
4476000.000
4725000.000
4924000.000
5091000.000
5311000.000
5601000.000
5635000.000
5786000.000
5620000.000
5719000.000
5744000.000
5751000.000
5873000.000
5961000.000
6140000.000
6098000.000
6090000.000
6150000.000
6256000.000
6195000.000
6414000.000
6542000.000
6449000.000
6508000.000
6556000.000
6590000.000
6603000.000
6552000.000
6605000.000
6642000.000
6580000.000
6428000.000
6476000.000
6574000.000
6572000.000
6633000.000
6456000.000
6592000.000
6481000.000
6519000.000
6546000.000
6578000.000
6749000.000
6559000.000
6503000.000
6550000.000
6409000.000
6318000.000
6351000.000
6377000.000
6489000.000
6368000.000
6322000.000
6281000.000
6207000.000
6301000.000
6285000.000
6292000.000
6365000.000
6270000.000
6457000.000
6444000.000
6476000.000
6292000.000
6400000.000
6611000.000
6483000.000
6566000.000
6515000.000
6492000.000
6587000.000
6377000.000
6236000.000
6207000.000
5990000.000
5877000.000
5864000.000
5953000.000
5951000.000
6192000.000
6352000.000
6324000.000
6228000.000
6029000.000
6093000.000
6073000.000
6025000.000
6023000.000
5897000.000
6015000.000
5824000.000
5796000.000
5967000.000
5989000.000
5907000.000
5841000.000
5840000.000
5878000.000
5815000.000
5660000.000
5581000.000
5562000.000
5522000.000
5543000.000
5463000.000
5442000.000
5532000.000
5446000.000
5676000.000
5593000.000
5645000.000
5523000.000
5471000.000
5530000.000
5280000.000
5480000.000
5332000.000
5387000.000
5251000.000
5087000.000
5183000.000
5182000.000
5089000.000
4923000.000
4793000.000
4893000.000
4962000.000
5098000.000
4988000.000
4818000.000
4678000.000
4617000.000
4715000.000
4706000.000
4746000.000
4711000.000
4756000.000
2000.000
7000.000
3000.000
4000.000
3000.000
4000.000
1000.000
3000.000
6000.000
2000.000
4000.000
3000.000
0.000
2000.000
4000.000
3000.000
1000.000
3000.000
5000.000
6000.000
3000.000
2000.000
2000.000
1000.000
2000.000
4000.000
6000.000
4000.000
2000.000
2000.000
8000.000
5000.000
14000.000
12000.000
20000.000
31000.000
27000.000
38000.000
47000.000
42000.000
62000.000
58000.000
70000.000
88000.000
121000.000
147000.000
180000.000
156000.000
166000.000
187000.000
245000.000
300000.000
610000.000
1293000.000
2072000.000
2406000.000
2600000.000
2787000.000
3036000.000
3395000.000
3491000.000
3710000.000
4020000.000
4236000.000
4435000.000
4795000.000
4973000.000
5004000.000
5320000.000
5442000.000
5547000.000
5723000.000
5888000.000
5907000.000
6036000.000
5857000.000
5953000.000
6019000.000
6155000.000
6090000.000
6277000.000
6244000.000
6234000.000
6311000.000
6280000.000
6537000.000
6674000.000
6598000.000
6577000.000
6568000.000
6603000.000
6729000.000
6737000.000
6794000.000
6686000.000
6583000.000
6627000.000
6523000.000
6602000.000
6502000.000
6580000.000
6506000.000
6645000.000
6518000.000
6549000.000
6559000.000
6668000.000
6879000.000
6512000.000
6523000.000
6400000.000
6375000.000
6338000.000
6191000.000
6163000.000
6221000.000
6187000.000
6350000.000
6161000.000
6102000.000
6297000.000
6307000.000
6440000.000
6491000.000
6443000.000
6481000.000
6467000.000
6435000.000
6602000.000
6618000.000
6557000.000
6706000.000
6532000.000
6557000.000
6569000.000
6498000.000
6307000.000
6399000.000
6206000.000
6236000.000
6080000.000
6101000.000
6092000.000
6122000.000
6186000.000
6223000.000
6135000.000
6199000.000
6184000.000
6122000.000
5919000.000
6092000.000
5979000.000
5891000.000
5894000.000
5951000.000
5880000.000
5895000.000
5956000.000
5858000.000
5842000.000
5728000.000
5742000.000
5767000.000
5660000.000
5682000.000
5734000.000
5605000.000
5651000.000
5547000.000
5581000.000
5548000.000
5519000.000
5455000.000
5448000.000
5359000.000
5505000.000
5460000.000
5435000.000
5305000.000
5443000.000
5425000.000
5467000.000
5409000.000
5219000.000
5247000.000
5197000.000
5051000.000
5059000.000
4877000.000
4951000.000
4967000.000
5011000.000
4918000.000
4818000.000
4731000.000
4686000.000
4714000.000
4777000.000
4791000.000
4797000.000
3000.000
3000.000
6000.000
3000.000
3000.000
1000.000
0.000
3000.000
5000.000
4000.000
4000.000
3000.000
3000.000
5000.000
6000.000
6000.000
4000.000
2000.000
5000.000
0.000
3000.000
4000.000
3000.000
4000.000
7000.000
6000.000
2000.000
8000.000
7000.000
6000.000
18000.000
13000.000
18000.000
27000.000
26000.000
36000.000
42000.000
58000.000
51000.000
60000.000
66000.000
78000.000
114000.000
109000.000
130000.000
178000.000
188000.000
196000.000
243000.000
265000.000
261000.000
503000.000
1186000.000
2073000.000
2476000.000
2715000.000
2914000.000
3093000.000
3328000.000
3601000.000
3775000.000
4022000.000
4374000.000
4614000.000
4869000.000
4973000.000
5125000.000
5265000.000
5517000.000
5486000.000
5661000.000
5864000.000
6037000.000
5978000.000
5825000.000
5914000.000
6153000.000
6210000.000
6140000.000
6267000.000
6419000.000
6347000.000
6330000.000
6399000.000
6352000.000
6673000.000
6724000.000
6673000.000
6609000.000
6647000.000
6608000.000
6628000.000
6528000.000
6769000.000
6612000.000
6703000.000
6585000.000
6549000.000
6462000.000
6491000.000
6554000.000
6496000.000
6545000.000
6584000.000
6549000.000
6580000.000
6502000.000
6530000.000
6352000.000
6178000.000
6203000.000
6291000.000
6200000.000
6215000.000
6168000.000
6263000.000
6266000.000
6153000.000
6254000.000
6231000.000
6399000.000
6322000.000
6504000.000
6574000.000
6523000.000
6481000.000
6544000.000
6459000.000
6562000.000
6551000.000
6571000.000
6496000.000
6495000.000
6482000.000
6468000.000
6427000.000
6315000.000
6482000.000
6196000.000
6184000.000
6210000.000
6115000.000
6103000.000
6249000.000
6182000.000
6280000.000
6290000.000
6293000.000
5974000.000
5998000.000
5991000.000
5964000.000
5945000.000
5866000.000
5723000.000
5887000.000
5757000.000
5853000.000
5897000.000
5717000.000
5789000.000
5799000.000
5738000.000
5708000.000
5621000.000
5675000.000
5454000.000
5458000.000
5457000.000
5367000.000
5393000.000
5463000.000
5457000.000
5527000.000
5479000.000
5423000.000
5432000.000
5413000.000
5390000.000
5417000.000
5365000.000
5313000.000
5388000.000
5197000.000
5158000.000
5108000.000
5105000.000
5129000.000
5048000.000
5015000.000
5011000.000
5089000.000
5006000.000
4829000.000
4795000.000
4729000.000
4614000.000
4567000.000
4752000.000
4662000.000
4881000.000
2000.000
1000.000
1000.000
2000.000
5000.000
6000.000
4000.000
0.000
4000.000
3000.000
3000.000
0.000
3000.000
2000.000
1000.000
3000.000
2000.000
3000.000
1000.000
2000.000
8000.000
3000.000
2000.000
4000.000
3000.000
6000.000
3000.000
11000.000
17000.000
6000.000
14000.000
18000.000
17000.000
32000.000
25000.000
36000.000
26000.000
52000.000
60000.000
68000.000
87000.000
104000.000
116000.000
126000.000
128000.000
152000.000
173000.000
176000.000
197000.000
252000.000
259000.000
310000.000
502000.000
1115000.000
2109000.000
2718000.000
2968000.000
3121000.000
3376000.000
3662000.000
3963000.000
4054000.000
4172000.000
4342000.000
4668000.000
4940000.000
5115000.000
5255000.000
5362000.000
5549000.000
5696000.000
5858000.000
5801000.000
6138000.000
6189000.000
6043000.000
6162000.000
6314000.000
6126000.000
6365000.000
6383000.000
6451000.000
6434000.000
6367000.000
6342000.000
6546000.000
6694000.000
6737000.000
6685000.000
6449000.000
6603000.000
6619000.000
6739000.000
6827000.000
6576000.000
6515000.000
6691000.000
6781000.000
6509000.000
6538000.000
6673000.000
6517000.000
6379000.000
6456000.000
6432000.000
6254000.000
6409000.000
6356000.000
6306000.000
6215000.000
6183000.000
6321000.000
6327000.000
6131000.000
6187000.000
6343000.000
6298000.000
6378000.000
6410000.000
6490000.000
6401000.000
6471000.000
6370000.000
6579000.000
6357000.000
6361000.000
6526000.000
6503000.000
6547000.000
6517000.000
6532000.000
6453000.000
6503000.000
6448000.000
6494000.000
6417000.000
6341000.000
6416000.000
6409000.000
6342000.000
6249000.000
6122000.000
6068000.000
6301000.000
6197000.000
6071000.000
6217000.000
6233000.000
6075000.000
6126000.000
6041000.000
6078000.000
5855000.000
5888000.000
5960000.000
5895000.000
6047000.000
6022000.000
5793000.000
5762000.000
5660000.000
5764000.000
5707000.000
5677000.000
5797000.000
5721000.000
5636000.000
5597000.000
5682000.000
5731000.000
5533000.000
5515000.000
5498000.000
5506000.000
5545000.000
5445000.000
5481000.000
5476000.000
5415000.000
5347000.000
5404000.000
5353000.000
5400000.000
5345000.000
5294000.000
5329000.000
5120000.000
5028000.000
4864000.000
5061000.000
5108000.000
5111000.000
5110000.000
4987000.000
4852000.000
4823000.000
4687000.000
4667000.000
4690000.000
4901000.000
4854000.000
4000.000
2000.000
7000.000
5000.000
4000.000
4000.000
3000.000
3000.000
2000.000
5000.000
2000.000
6000.000
2000.000
6000.000
4000.000
3000.000
4000.000
3000.000
5000.000
3000.000
6000.000
4000.000
5000.000
3000.000
10000.000
11000.000
8000.000
15000.000
16000.000
21000.000
18000.000
15000.000
27000.000
35000.000
31000.000
57000.000
55000.000
59000.000
82000.000
91000.000
87000.000
122000.000
126000.000
164000.000
164000.000
174000.000
231000.000
204000.000
239000.000
291000.000
298000.000
433000.000
953000.000
1839000.000
2622000.000
3024000.000
3137000.000
3453000.000
3713000.000
4088000.000
4149000.000
4415000.000
4468000.000
4804000.000
5090000.000
5217000.000
5348000.000
5613000.000
5568000.000
5718000.000
5777000.000
5880000.000
5939000.000
6264000.000
6188000.000
6200000.000
6233000.000
6187000.000
6230000.000
6303000.000
6206000.000
6450000.000
6336000.000
6319000.000
6395000.000
6603000.000
6694000.000
6763000.000
6686000.000
6582000.000
6785000.000
6784000.000
6843000.000
6646000.000
6621000.000
6583000.000
6556000.000
6662000.000
6651000.000
6733000.000
6481000.000
6360000.000
6186000.000
6288000.000
6155000.000
6228000.000
6120000.000
6175000.000
6269000.000
6252000.000
6255000.000
6385000.000
6371000.000
6384000.000
6412000.000
6558000.000
6520000.000
6501000.000
6643000.000
6388000.000
6367000.000
6582000.000
6373000.000
6470000.000
6312000.000
6578000.000
6495000.000
6548000.000
6482000.000
6292000.000
6399000.000
6329000.000
6410000.000
6379000.000
6538000.000
6427000.000
6242000.000
6187000.000
6156000.000
6177000.000
6011000.000
6000000.000
6154000.000
6235000.000
6286000.000
6115000.000
6182000.000
6245000.000
6210000.000
6230000.000
6045000.000
5975000.000
5973000.000
5887000.000
5906000.000
5993000.000
5806000.000
5812000.000
5991000.000
5799000.000
5755000.000
5847000.000
5787000.000
5867000.000
5656000.000
5502000.000
5538000.000
5597000.000
5479000.000
5546000.000
5511000.000
5520000.000
5612000.000
5573000.000
5737000.000
5407000.000
5521000.000
5389000.000
5407000.000
5267000.000
5230000.000
5317000.000
5138000.000
5265000.000
5175000.000
5046000.000
4978000.000
4951000.000
4957000.000
5128000.000
5027000.000
4931000.000
5000000.000
4908000.000
4894000.000
4743000.000
4490000.000
4605000.000
4627000.000
4655000.000
4763000.000
4000.000
3000.000
3000.000
6000.000
1000.000
5000.000
4000.000
5000.000
3000.000
4000.000
5000.000
5000.000
2000.000
6000.000
4000.000
4000.000
4000.000
4000.000
7000.000
3000.000
5000.000
10000.000
6000.000
10000.000
9000.000
20000.000
22000.000
14000.000
25000.000
17000.000
23000.000
31000.000
45000.000
34000.000
51000.000
53000.000
74000.000
65000.000
92000.000
99000.000
101000.000
113000.000
142000.000
134000.000
149000.000
170000.000
204000.000
248000.000
296000.000
305000.000
339000.000
323000.000
430000.000
1011000.000
2215000.000
2951000.000
3304000.000
3593000.000
3823000.000
3961000.000
4376000.000
4480000.000
4728000.000
4664000.000
4809000.000
5253000.000
5562000.000
5669000.000
5810000.000
5925000.000
6039000.000
5937000.000
6066000.000
6129000.000
6154000.000
6111000.000
6179000.000
6316000.000
6349000.000
6246000.000
6397000.000
6486000.000
6486000.000
6375000.000
6360000.000
6380000.000
6501000.000
6716000.000
6762000.000
6899000.000
6648000.000
6624000.000
6697000.000
6753000.000
6619000.000
6708000.000
6452000.000
6616000.000
6334000.000
6388000.000
6323000.000
6217000.000
6270000.000
6318000.000
6291000.000
6287000.000
6254000.000
6295000.000
6201000.000
6197000.000
6306000.000
6436000.000
6540000.000
6588000.000
6506000.000
6507000.000
6568000.000
6490000.000
6624000.000
6553000.000
6586000.000
6556000.000
6523000.000
6433000.000
6371000.000
6365000.000
6458000.000
6443000.000
6338000.000
6324000.000
6326000.000
6230000.000
6297000.000
6375000.000
6453000.000
6344000.000
6292000.000
6442000.000
6195000.000
6179000.000
6064000.000
6040000.000
6020000.000
6058000.000
6076000.000
6139000.000
6164000.000
6243000.000
6182000.000
6300000.000
6143000.000
6050000.000
6077000.000
6088000.000
5907000.000
5921000.000
5942000.000
5850000.000
5725000.000
5733000.000
5744000.000
5709000.000
5780000.000
5779000.000
5748000.000
5703000.000
5667000.000
5671000.000
5599000.000
5673000.000
5701000.000
5410000.000
5449000.000
5472000.000
5577000.000
5649000.000
5471000.000
5351000.000
5414000.000
5465000.000
5399000.000
5369000.000
5398000.000
5437000.000
5209000.000
5214000.000
5100000.000
4995000.000
4965000.000
4965000.000
5059000.000
4945000.000
4970000.000
4978000.000
4945000.000
4939000.000
4810000.000
4643000.000
4616000.000
4626000.000
4621000.000
0.000
1000.000
2000.000
4000.000
2000.000
3000.000
3000.000
6000.000
4000.000
2000.000
3000.000
4000.000
2000.000
4000.000
4000.000
0.000
4000.000
9000.000
13000.000
9000.000
10000.000
14000.000
15000.000
9000.000
9000.000
18000.000
26000.000
25000.000
28000.000
31000.000
35000.000
38000.000
50000.000
58000.000
66000.000
81000.000
79000.000
95000.000
107000.000
120000.000
130000.000
153000.000
162000.000
199000.000
206000.000
221000.000
222000.000
257000.000
336000.000
324000.000
368000.000
442000.000
796000.000
1784000.000
2881000.000
3383000.000
3633000.000
3813000.000
4003000.000
4308000.000
4626000.000
4804000.000
4910000.000
4916000.000
5205000.000
5689000.000
5708000.000
5853000.000
5905000.000
6109000.000
6013000.000
6073000.000
6091000.000
6190000.000
6267000.000
6227000.000
6347000.000
6252000.000
6281000.000
6396000.000
6503000.000
6317000.000
6479000.000
6283000.000
6361000.000
6454000.000
6465000.000
6557000.000
6670000.000
6770000.000
6670000.000
6857000.000
6674000.000
6535000.000
6498000.000
6604000.000
6417000.000
6245000.000
6287000.000
6315000.000
6361000.000
6299000.000
6411000.000
6335000.000
6243000.000
6249000.000
6322000.000
6423000.000
6350000.000
6240000.000
6507000.000
6517000.000
6549000.000
6631000.000
6490000.000
6480000.000
6559000.000
6459000.000
6466000.000
6477000.000
6448000.000
6403000.000
6487000.000
6449000.000
6467000.000
6312000.000
6476000.000
6338000.000
6416000.000
6393000.000
6359000.000
6349000.000
6315000.000
6352000.000
6232000.000
6285000.000
6268000.000
6236000.000
6170000.000
6102000.000
5988000.000
6128000.000
6038000.000
6266000.000
6256000.000
6368000.000
6267000.000
6231000.000
6160000.000
6262000.000
6011000.000
5936000.000
5864000.000
5847000.000
5833000.000
5784000.000
5844000.000
5664000.000
5802000.000
5773000.000
5644000.000
5647000.000
5673000.000
5693000.000
5603000.000
5559000.000
5487000.000
5509000.000
5510000.000
5532000.000
5579000.000
5378000.000
5430000.000
5471000.000
5567000.000
5651000.000
5598000.000
5478000.000
5512000.000
5489000.000
5369000.000
5276000.000
5168000.000
5274000.000
5032000.000
5002000.000
5169000.000
5062000.000
4913000.000
5117000.000
4988000.000
4971000.000
4949000.000
4976000.000
4886000.000
4780000.000
4555000.000
4403000.000
4545000.000
4532000.000
4694000.000
3000.000
0.000
4000.000
3000.000
2000.000
5000.000
4000.000
6000.000
3000.000
5000.000
3000.000
2000.000
7000.000
10000.000
5000.000
5000.000
7000.000
10000.000
7000.000
9000.000
16000.000
12000.000
16000.000
25000.000
24000.000
24000.000
28000.000
25000.000
38000.000
44000.000
32000.000
41000.000
61000.000
66000.000
70000.000
75000.000
89000.000
93000.000
114000.000
130000.000
149000.000
149000.000
170000.000
161000.000
208000.000
202000.000
263000.000
247000.000
279000.000
317000.000
365000.000
393000.000
456000.000
681000.000
1825000.000
3043000.000
3510000.000
3755000.000
4018000.000
4137000.000
4556000.000
4760000.000
4891000.000
5026000.000
5212000.000
5312000.000
5721000.000
5912000.000
6012000.000
6146000.000
6153000.000
6178000.000
6236000.000
6256000.000
6179000.000
6144000.000
6378000.000
6364000.000
6385000.000
6276000.000
6477000.000
6526000.000
6432000.000
6545000.000
6251000.000
6400000.000
6650000.000
6701000.000
6700000.000
6650000.000
6705000.000
6602000.000
6523000.000
6613000.000
6436000.000
6218000.000
6400000.000
6451000.000
6377000.000
6499000.000
6544000.000
6351000.000
6379000.000
6317000.000
6450000.000
6395000.000
6333000.000
6468000.000
6384000.000
6272000.000
6435000.000
6453000.000
6541000.000
6536000.000
6560000.000
6417000.000
6529000.000
6528000.000
6342000.000
6371000.000
6362000.000
6515000.000
6449000.000
6389000.000
6423000.000
6334000.000
6339000.000
6327000.000
6330000.000
6458000.000
6371000.000
6441000.000
6353000.000
6273000.000
6368000.000
6274000.000
6325000.000
6149000.000
6226000.000
6141000.000
6103000.000
6164000.000
6199000.000
6121000.000
6257000.000
6118000.000
6241000.000
6266000.000
6292000.000
6168000.000
6202000.000
6141000.000
6101000.000
5938000.000
5895000.000
5775000.000
5684000.000
5809000.000
5786000.000
5545000.000
5459000.000
5633000.000
5646000.000
5698000.000
5714000.000
5531000.000
5567000.000
5590000.000
5558000.000
5501000.000
5482000.000
5428000.000
5396000.000
5382000.000
5443000.000
5512000.000
5504000.000
5374000.000
5588000.000
5416000.000
5414000.000
5403000.000
5271000.000
5223000.000
5267000.000
5184000.000
4948000.000
5004000.000
5015000.000
4906000.000
5057000.000
4959000.000
4907000.000
4844000.000
4916000.000
4832000.000
4838000.000
4814000.000
4567000.000
4456000.000
4506000.000
8000.000
3000.000
4000.000
4000.000
1000.000
3000.000
3000.000
5000.000
5000.000
6000.000
8000.000
5000.000
12000.000
10000.000
11000.000
10000.000
21000.000
13000.000
19000.000
19000.000
12000.000
24000.000
16000.000
27000.000
28000.000
42000.000
36000.000
51000.000
52000.000
58000.000
62000.000
48000.000
77000.000
110000.000
87000.000
88000.000
114000.000
117000.000
159000.000
164000.000
160000.000
193000.000
216000.000
229000.000
245000.000
258000.000
312000.000
336000.000
326000.000
376000.000
390000.000
449000.000
584000.000
1245000.000
2527000.000
3581000.000
3903000.000
4098000.000
4350000.000
4725000.000
4904000.000
5099000.000
5183000.000
5211000.000
5331000.000
5637000.000
5944000.000
6081000.000
6103000.000
6168000.000
6202000.000
6198000.000
6218000.000
6237000.000
6364000.000
6304000.000
6226000.000
6176000.000
6300000.000
6433000.000
6477000.000
6410000.000
6494000.000
6429000.000
6308000.000
6401000.000
6618000.000
6461000.000
6549000.000
6435000.000
6395000.000
6390000.000
6384000.000
6522000.000
6477000.000
6523000.000
6524000.000
6555000.000
6659000.000
6576000.000
6496000.000
6512000.000
6514000.000
6609000.000
6554000.000
6559000.000
6362000.000
6353000.000
6408000.000
6429000.000
6536000.000
6523000.000
6492000.000
6459000.000
6407000.000
6440000.000
6516000.000
6481000.000
6413000.000
6448000.000
6217000.000
6459000.000
6276000.000
6388000.000
6398000.000
6337000.000
6349000.000
6309000.000
6415000.000
6392000.000
6362000.000
6241000.000
6350000.000
6369000.000
6213000.000
6126000.000
6073000.000
6190000.000
6043000.000
6108000.000
6145000.000
6069000.000
6009000.000
6159000.000
6253000.000
6213000.000
6235000.000
6078000.000
6216000.000
6053000.000
6061000.000
5895000.000
5914000.000
5847000.000
5803000.000
5797000.000
5712000.000
5692000.000
5524000.000
5462000.000
5441000.000
5485000.000
5533000.000
5617000.000
5527000.000
5544000.000
5420000.000
5593000.000
5481000.000
5411000.000
5380000.000
5300000.000
5261000.000
5406000.000
5517000.000
5577000.000
5543000.000
5514000.000
5374000.000
5411000.000
5355000.000
5215000.000
5242000.000
5124000.000
5129000.000
5005000.000
4991000.000
4998000.000
5003000.000
5041000.000
5020000.000
4748000.000
4833000.000
4816000.000
4887000.000
4883000.000
4713000.000
4635000.000
4281000.000
4405000.000
4435000.000
2000.000
10000.000
7000.000
12000.000
6000.000
6000.000
7000.000
10000.000
10000.000
8000.000
6000.000
11000.000
11000.000
16000.000
10000.000
13000.000
14000.000
8000.000
18000.000
25000.000
25000.000
27000.000
18000.000
34000.000
40000.000
34000.000
44000.000
43000.000
48000.000
58000.000
50000.000
60000.000
83000.000
90000.000
92000.000
98000.000
112000.000
126000.000
129000.000
143000.000
163000.000
189000.000
216000.000
225000.000
264000.000
281000.000
300000.000
314000.000
337000.000
353000.000
391000.000
452000.000
536000.000
631000.000
1181000.000
2760000.000
3835000.000
4195000.000
4381000.000
4675000.000
4876000.000
5175000.000
5245000.000
5449000.000
5496000.000
5677000.000
5815000.000
6056000.000
6077000.000
6153000.000
6286000.000
6286000.000
6333000.000
6313000.000
6528000.000
6417000.000
6161000.000
6275000.000
6329000.000
6362000.000
6377000.000
6472000.000
6441000.000
6556000.000
6335000.000
6420000.000
6429000.000
6389000.000
6421000.000
6432000.000
6481000.000
6592000.000
6527000.000
6554000.000
6620000.000
6766000.000
6770000.000
6765000.000
6710000.000
6851000.000
6790000.000
6646000.000
6709000.000
6560000.000
6460000.000
6531000.000
6471000.000
6480000.000
6467000.000
6450000.000
6610000.000
6618000.000
6568000.000
6705000.000
6587000.000
6484000.000
6525000.000
6520000.000
6464000.000
6373000.000
6430000.000
6444000.000
6444000.000
6468000.000
6413000.000
6381000.000
6466000.000
6378000.000
6409000.000
6405000.000
6282000.000
6281000.000
6158000.000
6240000.000
6150000.000
6343000.000
6224000.000
6092000.000
6133000.000
6178000.000
6188000.000
6135000.000
5958000.000
5961000.000
6020000.000
6140000.000
6130000.000
6070000.000
6123000.000
6084000.000
6073000.000
5973000.000
6057000.000
6002000.000
5884000.000
6001000.000
6001000.000
5726000.000
5618000.000
5505000.000
5430000.000
5505000.000
5525000.000
5485000.000
5473000.000
5422000.000
5420000.000
5459000.000
5477000.000
5561000.000
5531000.000
5514000.000
5315000.000
5174000.000
5300000.000
5488000.000
5409000.000
5474000.000
5479000.000
5402000.000
5345000.000
5128000.000
5276000.000
5123000.000
5060000.000
5142000.000
5037000.000
5036000.000
5053000.000
4974000.000
4986000.000
4858000.000
4714000.000
4760000.000
4723000.000
4734000.000
4807000.000
4676000.000
4560000.000
4412000.000
4404000.000
7000.000
11000.000
7000.000
9000.000
6000.000
17000.000
9000.000
15000.000
16000.000
16000.000
17000.000
17000.000
18000.000
24000.000
17000.000
20000.000
30000.000
33000.000
24000.000
30000.000
33000.000
35000.000
40000.000
48000.000
44000.000
62000.000
74000.000
50000.000
77000.000
70000.000
73000.000
86000.000
99000.000
96000.000
116000.000
110000.000
137000.000
149000.000
181000.000
193000.000
172000.000
213000.000
257000.000
274000.000
296000.000
312000.000
338000.000
402000.000
415000.000
463000.000
480000.000
516000.000
619000.000
820000.000
1833000.000
3416000.000
4184000.000
4512000.000
4736000.000
4900000.000
5154000.000
5434000.000
5572000.000
5582000.000
5680000.000
5941000.000
6068000.000
6171000.000
6219000.000
6393000.000
6330000.000
6293000.000
6352000.000
6389000.000
6451000.000
6337000.000
6344000.000
6384000.000
6475000.000
6464000.000
6295000.000
6383000.000
6381000.000
6257000.000
6275000.000
6407000.000
6533000.000
6574000.000
6570000.000
6571000.000
6564000.000
6438000.000
6767000.000
6699000.000
6757000.000
6862000.000
6728000.000
6738000.000
6696000.000
6680000.000
6699000.000
6769000.000
6642000.000
6539000.000
6518000.000
6461000.000
6475000.000
6516000.000
6419000.000
6528000.000
6593000.000
6499000.000
6483000.000
6631000.000
6579000.000
6503000.000
6653000.000
6456000.000
6537000.000
6369000.000
6596000.000
6468000.000
6356000.000
6410000.000
6505000.000
6416000.000
6421000.000
6330000.000
6504000.000
6250000.000
6154000.000
6222000.000
6296000.000
6184000.000
6321000.000
6230000.000
6207000.000
6157000.000
6236000.000
6059000.000
6125000.000
6034000.000
5985000.000
5983000.000
6059000.000
5865000.000
6039000.000
6093000.000
5932000.000
5990000.000
6131000.000
5945000.000
5851000.000
5854000.000
6033000.000
5815000.000
5865000.000
5654000.000
5621000.000
5489000.000
5657000.000
5621000.000
5639000.000
5527000.000
5524000.000
5496000.000
5354000.000
5287000.000
5505000.000
5446000.000
5449000.000
5357000.000
5247000.000
5355000.000
5303000.000
5429000.000
5328000.000
5424000.000
5392000.000
5254000.000
5157000.000
5150000.000
5056000.000
5092000.000
5145000.000
5034000.000
4967000.000
4889000.000
5037000.000
4932000.000
4931000.000
4894000.000
4809000.000
4806000.000
4582000.000
4651000.000
4636000.000
4592000.000
4410000.000
4379000.000
4370000.000
10000.000
14000.000
12000.000
21000.000
9000.000
9000.000
24000.000
21000.000
17000.000
23000.000
26000.000
16000.000
18000.000
23000.000
25000.000
28000.000
29000.000
28000.000
22000.000
30000.000
34000.000
38000.000
44000.000
46000.000
51000.000
49000.000
50000.000
68000.000
75000.000
71000.000
91000.000
104000.000
96000.000
135000.000
104000.000
144000.000
134000.000
164000.000
163000.000
230000.000
201000.000
231000.000
219000.000
266000.000
274000.000
317000.000
346000.000
408000.000
388000.000
434000.000
472000.000
506000.000
571000.000
672000.000
756000.000
1376000.000
2671000.000
3968000.000
4752000.000
4843000.000
5043000.000
5296000.000
5392000.000
5623000.000
5644000.000
5800000.000
5911000.000
6115000.000
6340000.000
6237000.000
6286000.000
6499000.000
6515000.000
6474000.000
6406000.000
6519000.000
6429000.000
6478000.000
6345000.000
6357000.000
6261000.000
6276000.000
6413000.000
6217000.000
6363000.000
6381000.000
6752000.000
6663000.000
6809000.000
6736000.000
6750000.000
6853000.000
6637000.000
6735000.000
6875000.000
6675000.000
6703000.000
6661000.000
6693000.000
6615000.000
6458000.000
6629000.000
6617000.000
6597000.000
6456000.000
6530000.000
6510000.000
6415000.000
6350000.000
6487000.000
6516000.000
6416000.000
6497000.000
6462000.000
6348000.000
6434000.000
6481000.000
6490000.000
6498000.000
6431000.000
6486000.000
6519000.000
6501000.000
6327000.000
6355000.000
6504000.000
6576000.000
6518000.000
6403000.000
6222000.000
6229000.000
6202000.000
6135000.000
6128000.000
6153000.000
6406000.000
6050000.000
6219000.000
6073000.000
6138000.000
6199000.000
5973000.000
6103000.000
5998000.000
5976000.000
5850000.000
5927000.000
5944000.000
5943000.000
5897000.000
5965000.000
5990000.000
5915000.000
5922000.000
5825000.000
5724000.000
5643000.000
5559000.000
5645000.000
5478000.000
5464000.000
5619000.000
5638000.000
5570000.000
5521000.000
5549000.000
5639000.000
5474000.000
5551000.000
5264000.000
5340000.000
5232000.000
5354000.000
5459000.000
5452000.000
5252000.000
5236000.000
5294000.000
5289000.000
5355000.000
5207000.000
5235000.000
5152000.000
5168000.000
5017000.000
4916000.000
4813000.000
4816000.000
4989000.000
4842000.000
4956000.000
4933000.000
4831000.000
4888000.000
4798000.000
4782000.000
4766000.000
4521000.000
4537000.000
4388000.000
4354000.000
12000.000
19000.000
16000.000
11000.000
26000.000
15000.000
26000.000
20000.000
22000.000
20000.000
35000.000
34000.000
35000.000
40000.000
33000.000
37000.000
36000.000
44000.000
39000.000
36000.000
62000.000
43000.000
62000.000
53000.000
74000.000
84000.000
86000.000
84000.000
94000.000
103000.000
140000.000
130000.000
117000.000
149000.000
160000.000
173000.000
176000.000
191000.000
210000.000
244000.000
260000.000
258000.000
316000.000
324000.000
339000.000
369000.000
410000.000
442000.000
441000.000
508000.000
539000.000
560000.000
603000.000
774000.000
876000.000
1499000.000
3077000.000
4452000.000
4868000.000
5038000.000
5362000.000
5576000.000
5854000.000
5797000.000
5778000.000
5888000.000
6178000.000
6267000.000
6311000.000
6460000.000
6435000.000
6524000.000
6443000.000
6447000.000
6443000.000
6347000.000
6269000.000
6293000.000
6348000.000
6380000.000
6432000.000
6451000.000
6501000.000
6340000.000
6311000.000
6490000.000
6718000.000
6726000.000
6671000.000
6770000.000
6797000.000
6770000.000
6781000.000
6769000.000
6710000.000
6677000.000
6677000.000
6562000.000
6713000.000
6522000.000
6584000.000
6500000.000
6664000.000
6479000.000
6487000.000
6454000.000
6461000.000
6383000.000
6508000.000
6511000.000
6418000.000
6472000.000
6438000.000
6306000.000
6352000.000
6459000.000
6280000.000
6425000.000
6401000.000
6369000.000
6448000.000
6430000.000
6434000.000
6352000.000
6401000.000
6308000.000
6352000.000
6384000.000
6254000.000
6232000.000
6200000.000
6388000.000
6306000.000
6213000.000
6184000.000
6050000.000
6074000.000
6234000.000
6126000.000
6071000.000
6017000.000
5999000.000
5972000.000
5983000.000
5999000.000
5894000.000
5896000.000
5952000.000
6025000.000
5773000.000
5970000.000
5902000.000
5811000.000
5832000.000
5593000.000
5490000.000
5435000.000
5459000.000
5466000.000
5479000.000
5653000.000
5676000.000
5622000.000
5481000.000
5566000.000
5637000.000
5550000.000
5344000.000
5400000.000
5190000.000
5325000.000
5249000.000
5353000.000
5329000.000
5305000.000
5274000.000
5254000.000
5231000.000
5173000.000
5110000.000
5093000.000
5071000.000
5020000.000
4962000.000
4982000.000
4879000.000
4848000.000
4877000.000
4906000.000
4772000.000
4821000.000
4862000.000
4838000.000
4831000.000
4678000.000
4575000.000
4490000.000
4367000.000
4269000.000
4396000.000
4256000.000
22000.000
24000.000
17000.000
22000.000
21000.000
22000.000
23000.000
28000.000
25000.000
33000.000
34000.000
45000.000
36000.000
45000.000
42000.000
48000.000
40000.000
43000.000
46000.000
65000.000
60000.000
80000.000
66000.000
84000.000
79000.000
73000.000
94000.000
119000.000
111000.000
96000.000
132000.000
149000.000
140000.000
147000.000
150000.000
171000.000
181000.000
185000.000
209000.000
239000.000
232000.000
301000.000
319000.000
348000.000
372000.000
395000.000
416000.000
463000.000
438000.000
493000.000
563000.000
552000.000
599000.000
626000.000
710000.000
874000.000
1318000.000
3217000.000
4678000.000
5229000.000
5280000.000
5402000.000
5751000.000
5963000.000
5963000.000
5969000.000
5938000.000
6157000.000
6392000.000
6528000.000
6408000.000
6605000.000
6647000.000
6532000.000
6452000.000
6520000.000
6325000.000
6365000.000
6268000.000
6409000.000
6554000.000
6503000.000
6493000.000
6359000.000
6446000.000
6371000.000
6488000.000
6665000.000
6690000.000
6718000.000
6504000.000
6747000.000
6654000.000
6726000.000
6766000.000
6859000.000
6741000.000
6697000.000
6735000.000
6713000.000
6576000.000
6635000.000
6637000.000
6566000.000
6416000.000
6611000.000
6493000.000
6264000.000
6338000.000
6512000.000
6558000.000
6424000.000
6480000.000
6448000.000
6456000.000
6408000.000
6449000.000
6287000.000
6315000.000
6404000.000
6476000.000
6387000.000
6469000.000
6492000.000
6494000.000
6352000.000
6307000.000
6437000.000
6480000.000
6189000.000
6215000.000
6207000.000
6068000.000
6186000.000
6300000.000
6181000.000
6330000.000
6248000.000
6101000.000
6125000.000
6011000.000
6070000.000
6051000.000
5887000.000
5874000.000
5876000.000
5909000.000
5956000.000
5959000.000
5967000.000
5803000.000
6016000.000
5850000.000
5778000.000
5540000.000
5560000.000
5612000.000
5555000.000
5313000.000
5423000.000
5464000.000
5622000.000
5631000.000
5676000.000
5506000.000
5545000.000
5622000.000
5485000.000
5405000.000
5288000.000
5235000.000
5041000.000
5081000.000
5153000.000
5166000.000
5146000.000
5274000.000
5184000.000
5288000.000
5222000.000
5061000.000
5105000.000
5096000.000
5116000.000
5031000.000
4949000.000
4847000.000
4861000.000
4944000.000
4856000.000
4785000.000
4924000.000
4845000.000
4803000.000
4785000.000
4743000.000
4724000.000
4646000.000
4387000.000
4545000.000
4319000.000
24000.000
32000.000
44000.000
33000.000
32000.000
34000.000
35000.000
43000.000
31000.000
34000.000
44000.000
34000.000
39000.000
59000.000
51000.000
51000.000
60000.000
47000.000
79000.000
71000.000
71000.000
80000.000
83000.000
86000.000
100000.000
106000.000
118000.000
126000.000
131000.000
156000.000
163000.000
159000.000
170000.000
192000.000
208000.000
209000.000
218000.000
244000.000
277000.000
290000.000
323000.000
333000.000
359000.000
376000.000
412000.000
454000.000
431000.000
471000.000
556000.000
544000.000
596000.000
621000.000
676000.000
693000.000
857000.000
1236000.000
2891000.000
4754000.000
5359000.000
5551000.000
5537000.000
5689000.000
5872000.000
6058000.000
6205000.000
6071000.000
6144000.000
6203000.000
6455000.000
6501000.000
6468000.000
6527000.000
6535000.000
6464000.000
6459000.000
6521000.000
6422000.000
6541000.000
6478000.000
6522000.000
6640000.000
6510000.000
6369000.000
6422000.000
6196000.000
6296000.000
6684000.000
6583000.000
6592000.000
6662000.000
6755000.000
6639000.000
6665000.000
6783000.000
6737000.000
6647000.000
6593000.000
6643000.000
6682000.000
6649000.000
6467000.000
6441000.000
6445000.000
6628000.000
6449000.000
6365000.000
6455000.000
6463000.000
6484000.000
6409000.000
6537000.000
6492000.000
6486000.000
6459000.000
6405000.000
6402000.000
6264000.000
6322000.000
6412000.000
6378000.000
6282000.000
6405000.000
6415000.000
6339000.000
6345000.000
6268000.000
6437000.000
6396000.000
6363000.000
6344000.000
6216000.000
6170000.000
6308000.000
6173000.000
6290000.000
6257000.000
6055000.000
6095000.000
6060000.000
5948000.000
5927000.000
6058000.000
5975000.000
5963000.000
5815000.000
5883000.000
5744000.000
5857000.000
5884000.000
5896000.000
5793000.000
5952000.000
5797000.000
5780000.000
5726000.000
5545000.000
5598000.000
5485000.000
5428000.000
5319000.000
5431000.000
5479000.000
5489000.000
5493000.000
5455000.000
5558000.000
5472000.000
5409000.000
5160000.000
5169000.000
5156000.000
5107000.000
5226000.000
5359000.000
5309000.000
5309000.000
5189000.000
5257000.000
5215000.000
5120000.000
5019000.000
5058000.000
4959000.000
4895000.000
4922000.000
4794000.000
4740000.000
4789000.000
4874000.000
4807000.000
4802000.000
4915000.000
4689000.000
4644000.000
4707000.000
4716000.000
4615000.000
4506000.000
4447000.000
4360000.000
4390000.000
34000.000
30000.000
31000.000
45000.000
38000.000
39000.000
35000.000
51000.000
41000.000
54000.000
60000.000
53000.000
61000.000
61000.000
68000.000
79000.000
82000.000
90000.000
83000.000
92000.000
109000.000
82000.000
107000.000
117000.000
129000.000
134000.000
141000.000
123000.000
146000.000
142000.000
152000.000
149000.000
192000.000
203000.000
233000.000
223000.000
226000.000
263000.000
281000.000
306000.000
297000.000
357000.000
372000.000
382000.000
392000.000
440000.000
431000.000
428000.000
507000.000
591000.000
563000.000
651000.000
707000.000
705000.000
743000.000
809000.000
1217000.000
2959000.000
4992000.000
5393000.000
5730000.000
5744000.000
5826000.000
6063000.000
6191000.000
6250000.000
6151000.000
6211000.000
6330000.000
6343000.000
6423000.000
6630000.000
6545000.000
6548000.000
6660000.000
6579000.000
6553000.000
6449000.000
6418000.000
6409000.000
6452000.000
6430000.000
6490000.000
6522000.000
6262000.000
6189000.000
6258000.000
6522000.000
6643000.000
6644000.000
6708000.000
6748000.000
6747000.000
6759000.000
6593000.000
6787000.000
6602000.000
6632000.000
6693000.000
6567000.000
6635000.000
6557000.000
6451000.000
6447000.000
6638000.000
6441000.000
6248000.000
6340000.000
6391000.000
6521000.000
6570000.000
6479000.000
6451000.000
6441000.000
6452000.000
6460000.000
6288000.000
6269000.000
6125000.000
6294000.000
6245000.000
6220000.000
6249000.000
6379000.000
6217000.000
6196000.000
6384000.000
6352000.000
6362000.000
6248000.000
6197000.000
6249000.000
6079000.000
6099000.000
6087000.000
6214000.000
6227000.000
6087000.000
6131000.000
6133000.000
6157000.000
6037000.000
5751000.000
5945000.000
5961000.000
5760000.000
5785000.000
5805000.000
5796000.000
5770000.000
5786000.000
5820000.000
5861000.000
5841000.000
5704000.000
5758000.000
5680000.000
5541000.000
5696000.000
5473000.000
5305000.000
5376000.000
5372000.000
5239000.000
5438000.000
5384000.000
5375000.000
5374000.000
5269000.000
5189000.000
5180000.000
5145000.000
5120000.000
5218000.000
5148000.000
5093000.000
5202000.000
5120000.000
5126000.000
5120000.000
5035000.000
5098000.000
4936000.000
5017000.000
4790000.000
4883000.000
4788000.000
4839000.000
4904000.000
4809000.000
4791000.000
4792000.000
4626000.000
4765000.000
4635000.000
4599000.000
4643000.000
4411000.000
4377000.000
4335000.000
4400000.000
57000.000
44000.000
50000.000
38000.000
53000.000
61000.000
55000.000
60000.000
62000.000
55000.000
56000.000
79000.000
84000.000
57000.000
86000.000
79000.000
100000.000
89000.000
112000.000
129000.000
118000.000
123000.000
133000.000
130000.000
161000.000
144000.000
148000.000
167000.000
149000.000
186000.000
176000.000
199000.000
216000.000
213000.000
274000.000
224000.000
265000.000
297000.000
359000.000
363000.000
360000.000
405000.000
434000.000
436000.000
467000.000
456000.000
471000.000
501000.000
577000.000
669000.000
673000.000
728000.000
774000.000
777000.000
924000.000
1078000.000
2495000.000
4660000.000
5581000.000
5666000.000
5768000.000
5798000.000
6019000.000
6205000.000
6313000.000
6388000.000
6325000.000
6358000.000
6235000.000
6512000.000
6566000.000
6449000.000
6501000.000
6634000.000
6640000.000
6537000.000
6429000.000
6435000.000
6394000.000
6459000.000
6393000.000
6482000.000
6593000.000
6513000.000
6274000.000
6284000.000
6541000.000
6593000.000
6757000.000
6746000.000
6743000.000
6729000.000
6569000.000
6573000.000
6519000.000
6563000.000
6537000.000
6642000.000
6638000.000
6503000.000
6525000.000
6411000.000
6497000.000
6516000.000
6502000.000
6483000.000
6404000.000
6338000.000
6297000.000
6397000.000
6341000.000
6385000.000
6454000.000
6423000.000
6340000.000
6297000.000
6280000.000
6366000.000
6301000.000
6185000.000
6261000.000
6353000.000
6243000.000
6283000.000
6024000.000
6220000.000
6256000.000
6321000.000
6205000.000
6214000.000
6196000.000
6144000.000
6137000.000
6197000.000
6253000.000
6206000.000
6116000.000
6129000.000
6052000.000
5981000.000
6064000.000
5856000.000
5888000.000
6060000.000
5924000.000
5821000.000
5750000.000
5849000.000
5757000.000
5865000.000
5949000.000
5929000.000
5793000.000
5836000.000
5778000.000
5722000.000
5516000.000
5377000.000
5314000.000
5289000.000
5348000.000
5155000.000
5301000.000
5286000.000
5280000.000
5272000.000
5297000.000
5250000.000
5276000.000
5285000.000
5096000.000
5285000.000
5168000.000
5110000.000
5118000.000
5104000.000
5132000.000
5138000.000
5159000.000
5048000.000
4988000.000
4916000.000
4879000.000
4806000.000
4753000.000
4750000.000
4805000.000
4718000.000
4743000.000
4855000.000
4642000.000
4695000.000
4570000.000
4680000.000
4568000.000
4451000.000
4381000.000
4296000.000
4373000.000
4490000.000
4422000.000
46000.000
56000.000
72000.000
68000.000
72000.000
51000.000
56000.000
85000.000
65000.000
81000.000
74000.000
92000.000
82000.000
100000.000
105000.000
101000.000
118000.000
108000.000
131000.000
102000.000
129000.000
118000.000
154000.000
117000.000
146000.000
151000.000
161000.000
182000.000
194000.000
210000.000
197000.000
206000.000
220000.000
258000.000
278000.000
312000.000
294000.000
326000.000
323000.000
373000.000
373000.000
361000.000
415000.000
415000.000
525000.000
548000.000
530000.000
551000.000
596000.000
640000.000
631000.000
697000.000
762000.000
816000.000
883000.000
925000.000
1153000.000
2697000.000
4970000.000
5757000.000
5851000.000
5984000.000
6101000.000
6306000.000
6400000.000
6417000.000
6359000.000
6371000.000
6461000.000
6309000.000
6419000.000
6472000.000
6469000.000
6475000.000
6751000.000
6605000.000
6552000.000
6396000.000
6519000.000
6450000.000
6489000.000
6447000.000
6565000.000
6533000.000
6504000.000
6379000.000
6464000.000
6667000.000
6766000.000
6737000.000
6709000.000
6797000.000
6656000.000
6571000.000
6573000.000
6522000.000
6578000.000
6583000.000
6660000.000
6725000.000
6576000.000
6636000.000
6495000.000
6577000.000
6371000.000
6288000.000
6340000.000
6572000.000
6302000.000
6371000.000
6548000.000
6334000.000
6514000.000
6313000.000
6502000.000
6439000.000
6291000.000
6361000.000
6288000.000
6177000.000
6087000.000
6053000.000
6096000.000
6181000.000
6135000.000
6070000.000
6264000.000
6312000.000
6339000.000
6321000.000
6209000.000
6187000.000
6099000.000
6095000.000
6008000.000
6123000.000
6094000.000
6037000.000
5984000.000
6057000.000
6119000.000
5971000.000
5976000.000
5892000.000
5873000.000
5984000.000
5825000.000
5758000.000
5672000.000
5738000.000
5756000.000
5738000.000
5707000.000
5747000.000
5771000.000
5543000.000
5588000.000
5322000.000
5317000.000
5290000.000
5284000.000
5191000.000
5237000.000
5284000.000
5180000.000
5222000.000
5329000.000
5323000.000
5283000.000
5236000.000
5155000.000
5255000.000
5124000.000
5131000.000
5002000.000
5084000.000
5089000.000
5186000.000
4959000.000
5013000.000
4990000.000
4913000.000
5001000.000
4879000.000
4809000.000
4789000.000
4777000.000
4873000.000
4830000.000
4728000.000
4749000.000
4799000.000
4632000.000
4571000.000
4459000.000
4509000.000
4410000.000
4382000.000
4224000.000
4352000.000
4530000.000
78000.000
79000.000
94000.000
73000.000
78000.000
91000.000
99000.000
98000.000
83000.000
99000.000
104000.000
95000.000
110000.000
102000.000
112000.000
129000.000
117000.000
148000.000
165000.000
123000.000
174000.000
149000.000
190000.000
167000.000
205000.000
208000.000
199000.000
212000.000
242000.000
239000.000
222000.000
266000.000
289000.000
303000.000
310000.000
357000.000
346000.000
334000.000
362000.000
417000.000
434000.000
415000.000
469000.000
549000.000
594000.000
626000.000
564000.000
657000.000
712000.000
757000.000
811000.000
819000.000
784000.000
877000.000
958000.000
1125000.000
2653000.000
4903000.000
5761000.000
5932000.000
6019000.000
6103000.000
6115000.000
6364000.000
6456000.000
6392000.000
6403000.000
6383000.000
6243000.000
6448000.000
6426000.000
6503000.000
6559000.000
6611000.000
6647000.000
6701000.000
6548000.000
6521000.000
6579000.000
6342000.000
6436000.000
6516000.000
6501000.000
6351000.000
6512000.000
6416000.000
6648000.000
6697000.000
6711000.000
6756000.000
6646000.000
6705000.000
6681000.000
6654000.000
6470000.000
6521000.000
6570000.000
6558000.000
6662000.000
6636000.000
6572000.000
6570000.000
6720000.000
6481000.000
6471000.000
6253000.000
6462000.000
6312000.000
6524000.000
6382000.000
6341000.000
6451000.000
6422000.000
6536000.000
6294000.000
6283000.000
6249000.000
6290000.000
6204000.000
6067000.000
6177000.000
5992000.000
6084000.000
6081000.000
6271000.000
6507000.000
6328000.000
6302000.000
6189000.000
6260000.000
6135000.000
6200000.000
6024000.000
6015000.000
6025000.000
6085000.000
5922000.000
6022000.000
5934000.000
6070000.000
5976000.000
5870000.000
5975000.000
5905000.000
5952000.000
5979000.000
5970000.000
5799000.000
5650000.000
5793000.000
5838000.000
5701000.000
5654000.000
5621000.000
5516000.000
5433000.000
5446000.000
5235000.000
5327000.000
5351000.000
5362000.000
5175000.000
5203000.000
5176000.000
5357000.000
5352000.000
5388000.000
5222000.000
5140000.000
5057000.000
5199000.000
5126000.000
5083000.000
5149000.000
5093000.000
5133000.000
5052000.000
4865000.000
5017000.000
4887000.000
5007000.000
4832000.000
4913000.000
4856000.000
4767000.000
4728000.000
4713000.000
4750000.000
4709000.000
4706000.000
4544000.000
4581000.000
4395000.000
4453000.000
4590000.000
4475000.000
4429000.000
4368000.000
4421000.000
4360000.000
4394000.000
71000.000
82000.000
87000.000
82000.000
109000.000
96000.000
110000.000
117000.000
99000.000
97000.000
103000.000
119000.000
112000.000
122000.000
119000.000
137000.000
156000.000
176000.000
145000.000
171000.000
160000.000
180000.000
203000.000
186000.000
208000.000
210000.000
237000.000
205000.000
238000.000
250000.000
287000.000
297000.000
291000.000
345000.000
346000.000
344000.000
368000.000
379000.000
427000.000
380000.000
425000.000
427000.000
520000.000
545000.000
584000.000
582000.000
583000.000
668000.000
677000.000
712000.000
772000.000
766000.000
825000.000
843000.000
882000.000
1011000.000
1291000.000
3160000.000
5170000.000
5946000.000
5964000.000
6164000.000
6313000.000
6334000.000
6400000.000
6396000.000
6528000.000
6365000.000
6344000.000
6369000.000
6356000.000
6410000.000
6653000.000
6574000.000
6728000.000
6571000.000
6589000.000
6355000.000
6526000.000
6485000.000
6412000.000
6508000.000
6521000.000
6449000.000
6453000.000
6462000.000
6461000.000
6624000.000
6790000.000
6859000.000
6772000.000
6727000.000
6698000.000
6624000.000
6659000.000
6589000.000
6563000.000
6517000.000
6613000.000
6548000.000
6663000.000
6650000.000
6573000.000
6559000.000
6452000.000
6450000.000
6381000.000
6390000.000
6448000.000
6333000.000
6355000.000
6329000.000
6359000.000
6280000.000
6229000.000
6207000.000
6262000.000
6333000.000
6420000.000
6165000.000
6184000.000
6142000.000
6037000.000
6077000.000
6208000.000
6371000.000
6373000.000
6117000.000
6299000.000
6261000.000
6068000.000
6214000.000
6092000.000
6028000.000
6062000.000
6044000.000
6092000.000
6055000.000
6031000.000
5922000.000
5879000.000
5949000.000
5876000.000
5952000.000
5976000.000
5884000.000
6028000.000
6118000.000
5946000.000
5858000.000
5913000.000
5911000.000
5681000.000
5578000.000
5486000.000
5460000.000
5529000.000
5521000.000
5556000.000
5595000.000
5496000.000
5244000.000
5190000.000
5375000.000
5406000.000
5373000.000
5309000.000
5286000.000
5261000.000
5245000.000
5150000.000
5158000.000
5049000.000
5150000.000
5136000.000
5185000.000
5296000.000
5146000.000
5010000.000
4942000.000
4948000.000
4955000.000
4961000.000
4869000.000
4693000.000
4628000.000
4757000.000
4805000.000
4786000.000
4793000.000
4624000.000
4571000.000
4623000.000
4652000.000
4623000.000
4634000.000
4466000.000
4510000.000
4388000.000
4423000.000
4428000.000
95000.000
109000.000
101000.000
106000.000
104000.000
94000.000
111000.000
123000.000
140000.000
139000.000
157000.000
140000.000
152000.000
128000.000
168000.000
156000.000
159000.000
191000.000
183000.000
170000.000
225000.000
195000.000
235000.000
233000.000
243000.000
252000.000
283000.000
246000.000
294000.000
324000.000
310000.000
329000.000
337000.000
390000.000
355000.000
403000.000
431000.000
449000.000
455000.000
486000.000
521000.000
571000.000
558000.000
581000.000
600000.000
631000.000
708000.000
702000.000
715000.000
761000.000
787000.000
788000.000
845000.000
914000.000
1028000.000
1217000.000
2324000.000
4689000.000
5885000.000
5953000.000
6329000.000
6185000.000
6192000.000
6269000.000
6339000.000
6277000.000
6335000.000
6420000.000
6345000.000
6322000.000
6422000.000
6624000.000
6545000.000
6634000.000
6662000.000
6628000.000
6454000.000
6441000.000
6520000.000
6361000.000
6319000.000
6583000.000
6590000.000
6527000.000
6488000.000
6358000.000
6610000.000
6695000.000
6785000.000
6801000.000
6808000.000
6694000.000
6693000.000
6658000.000
6586000.000
6714000.000
6668000.000
6550000.000
6619000.000
6545000.000
6589000.000
6592000.000
6580000.000
6459000.000
6444000.000
6496000.000
6499000.000
6321000.000
6417000.000
6313000.000
6303000.000
6381000.000
6453000.000
6429000.000
6306000.000
6269000.000
6228000.000
6259000.000
6413000.000
6201000.000
6337000.000
6297000.000
6176000.000
6211000.000
6235000.000
6114000.000
6190000.000
6099000.000
6152000.000
6154000.000
5998000.000
5949000.000
5862000.000
5902000.000
6019000.000
5968000.000
5972000.000
5925000.000
5901000.000
5974000.000
5913000.000
5880000.000
5771000.000
5822000.000
5871000.000
5915000.000
5863000.000
5980000.000
5803000.000
5883000.000
5834000.000
5800000.000
5688000.000
5678000.000
5518000.000
5571000.000
5571000.000
5503000.000
5459000.000
5438000.000
5202000.000
5368000.000
5382000.000
5234000.000
5304000.000
5162000.000
5253000.000
5138000.000
5112000.000
5121000.000
5187000.000
5133000.000
5186000.000
5174000.000
5162000.000
5124000.000
5028000.000
4942000.000
4951000.000
4914000.000
4825000.000
4861000.000
4757000.000
4623000.000
4650000.000
4655000.000
4658000.000
4686000.000
4678000.000
4540000.000
4642000.000
4601000.000
4462000.000
4488000.000
4455000.000
4416000.000
4498000.000
4460000.000
4370000.000
4472000.000
4519000.000
109000.000
133000.000
130000.000
137000.000
141000.000
136000.000
126000.000
143000.000
142000.000
125000.000
135000.000
144000.000
145000.000
174000.000
166000.000
205000.000
183000.000
181000.000
228000.000
215000.000
208000.000
246000.000
224000.000
243000.000
264000.000
252000.000
275000.000
293000.000
307000.000
314000.000
344000.000
351000.000
341000.000
379000.000
396000.000
444000.000
444000.000
469000.000
511000.000
478000.000
541000.000
567000.000
626000.000
633000.000
613000.000
664000.000
680000.000
711000.000
743000.000
805000.000
835000.000
872000.000
891000.000
947000.000
943000.000
1075000.000
1199000.000
2157000.000
4779000.000
5916000.000
6319000.000
6127000.000
6332000.000
6354000.000
6519000.000
6540000.000
6388000.000
6395000.000
6343000.000
6499000.000
6540000.000
6466000.000
6665000.000
6734000.000
6782000.000
6812000.000
6863000.000
6577000.000
6483000.000
6478000.000
6402000.000
6449000.000
6579000.000
6661000.000
6452000.000
6294000.000
6475000.000
6646000.000
6728000.000
6816000.000
6747000.000
6774000.000
6519000.000
6635000.000
6639000.000
6535000.000
6499000.000
6658000.000
6676000.000
6748000.000
6706000.000
6596000.000
6628000.000
6580000.000
6419000.000
6561000.000
6571000.000
6480000.000
6463000.000
6502000.000
6460000.000
6504000.000
6499000.000
6404000.000
6313000.000
6413000.000
6274000.000
6401000.000
6357000.000
6236000.000
6267000.000
6217000.000
6200000.000
6308000.000
6168000.000
6404000.000
6244000.000
6211000.000
6243000.000
6243000.000
6219000.000
6114000.000
6160000.000
6173000.000
6025000.000
6024000.000
6101000.000
5998000.000
6117000.000
5978000.000
6028000.000
5944000.000
5888000.000
6042000.000
5954000.000
5912000.000
5998000.000
5908000.000
5891000.000
5661000.000
5827000.000
5953000.000
5742000.000
5864000.000
5716000.000
5669000.000
5673000.000
5537000.000
5578000.000
5540000.000
5392000.000
5576000.000
5355000.000
5357000.000
5266000.000
5226000.000
5212000.000
5257000.000
5142000.000
5188000.000
5215000.000
5175000.000
5184000.000
5095000.000
5144000.000
5086000.000
5030000.000
4901000.000
4991000.000
4972000.000
4873000.000
4792000.000
4816000.000
4769000.000
4793000.000
4703000.000
4694000.000
4698000.000
4635000.000
4703000.000
4643000.000
4429000.000
4540000.000
4598000.000
4528000.000
4535000.000
4440000.000
4444000.000
4411000.000
4413000.000
4471000.000
127000.000
140000.000
161000.000
154000.000
137000.000
132000.000
178000.000
142000.000
145000.000
158000.000
189000.000
165000.000
176000.000
195000.000
220000.000
238000.000
220000.000
227000.000
224000.000
205000.000
228000.000
235000.000
290000.000
290000.000
309000.000
269000.000
365000.000
300000.000
356000.000
352000.000
404000.000
406000.000
414000.000
465000.000
423000.000
481000.000
472000.000
517000.000
560000.000
580000.000
609000.000
608000.000
631000.000
708000.000
663000.000
765000.000
743000.000
818000.000
838000.000
902000.000
841000.000
900000.000
903000.000
931000.000
956000.000
1064000.000
1800000.000
4089000.000
5804000.000
6201000.000
6301000.000
6332000.000
6373000.000
6479000.000
6405000.000
6427000.000
6459000.000
6426000.000
6420000.000
6319000.000
6541000.000
6380000.000
6567000.000
6761000.000
6666000.000
6733000.000
6697000.000
6675000.000
6546000.000
6498000.000
6494000.000
6553000.000
6519000.000
6407000.000
6383000.000
6265000.000
6429000.000
6534000.000
6604000.000
6637000.000
6650000.000
6661000.000
6569000.000
6686000.000
6541000.000
6449000.000
6479000.000
6637000.000
6700000.000
6583000.000
6580000.000
6535000.000
6512000.000
6456000.000
6599000.000
6546000.000
6413000.000
6612000.000
6630000.000
6505000.000
6373000.000
6206000.000
6366000.000
6338000.000
6193000.000
6260000.000
6311000.000
6312000.000
6376000.000
6158000.000
6196000.000
6164000.000
6295000.000
6307000.000
6406000.000
6269000.000
6116000.000
6104000.000
6257000.000
6248000.000
6016000.000
6062000.000
6160000.000
5880000.000
6110000.000
5893000.000
5983000.000
5897000.000
6015000.000
6059000.000
5940000.000
5969000.000
5902000.000
5942000.000
5797000.000
5922000.000
5968000.000
5824000.000
5852000.000
5735000.000
5832000.000
5817000.000
5784000.000
5640000.000
5656000.000
5593000.000
5623000.000
5460000.000
5568000.000
5537000.000
5401000.000
5371000.000
5312000.000
5219000.000
5127000.000
5178000.000
5229000.000
5178000.000
5169000.000
5062000.000
5010000.000
5068000.000
5052000.000
5106000.000
4997000.000
5038000.000
5043000.000
4952000.000
4895000.000
4896000.000
4814000.000
4820000.000
4635000.000
4595000.000
4501000.000
4669000.000
4674000.000
4549000.000
4710000.000
4472000.000
4545000.000
4491000.000
4403000.000
4558000.000
4314000.000
4359000.000
4353000.000
4336000.000
4239000.000
4413000.000
4473000.000
172000.000
176000.000
144000.000
168000.000
182000.000
158000.000
181000.000
160000.000
190000.000
160000.000
194000.000
192000.000
214000.000
234000.000
205000.000
241000.000
237000.000
234000.000
238000.000
285000.000
268000.000
264000.000
264000.000
329000.000
349000.000
338000.000
286000.000
337000.000
335000.000
395000.000
383000.000
411000.000
449000.000
436000.000
449000.000
470000.000
541000.000
541000.000
539000.000
649000.000
641000.000
635000.000
640000.000
683000.000
757000.000
740000.000
796000.000
854000.000
845000.000
884000.000
866000.000
922000.000
992000.000
920000.000
922000.000
942000.000
1120000.000
1614000.000
3706000.000
5724000.000
6217000.000
6414000.000
6484000.000
6444000.000
6459000.000
6249000.000
6382000.000
6479000.000
6524000.000
6576000.000
6458000.000
6559000.000
6643000.000
6784000.000
6751000.000
6736000.000
6769000.000
6622000.000
6699000.000
6591000.000
6478000.000
6431000.000
6582000.000
6535000.000
6325000.000
6529000.000
6270000.000
6458000.000
6649000.000
6516000.000
6721000.000
6669000.000
6638000.000
6935000.000
6843000.000
6572000.000
6550000.000
6567000.000
6444000.000
6622000.000
6534000.000
6474000.000
6677000.000
6479000.000
6462000.000
6666000.000
6513000.000
6536000.000
6676000.000
6630000.000
6471000.000
6476000.000
6347000.000
6427000.000
6395000.000
6361000.000
6277000.000
6428000.000
6357000.000
6425000.000
6307000.000
6286000.000
6211000.000
6323000.000
6347000.000
6218000.000
6286000.000
6210000.000
6145000.000
6179000.000
6086000.000
6142000.000
6010000.000
6129000.000
6051000.000
5993000.000
5964000.000
5948000.000
5834000.000
5900000.000
5880000.000
5828000.000
5984000.000
5842000.000
5760000.000
5901000.000
5896000.000
5844000.000
5786000.000
5921000.000
5797000.000
5652000.000
5669000.000
5558000.000
5584000.000
5576000.000
5436000.000
5485000.000
5524000.000
5556000.000
5466000.000
5457000.000
5260000.000
5158000.000
5148000.000
5087000.000
5152000.000
5090000.000
5312000.000
5213000.000
5209000.000
5047000.000
5077000.000
5031000.000
5063000.000
5024000.000
4795000.000
4856000.000
4946000.000
4865000.000
4933000.000
4739000.000
4773000.000
4657000.000
4560000.000
4532000.000
4577000.000
4566000.000
4607000.000
4642000.000
4500000.000
4489000.000
4533000.000
4460000.000
4434000.000
4312000.000
4445000.000
4344000.000
4157000.000
4301000.000
4370000.000
166000.000
191000.000
204000.000
185000.000
204000.000
157000.000
194000.000
197000.000
232000.000
223000.000
238000.000
225000.000
213000.000
236000.000
228000.000
300000.000
260000.000
293000.000
263000.000
310000.000
308000.000
314000.000
317000.000
311000.000
345000.000
317000.000
351000.000
434000.000
407000.000
435000.000
421000.000
462000.000
501000.000
510000.000
522000.000
613000.000
599000.000
581000.000
675000.000
710000.000
657000.000
714000.000
692000.000
733000.000
817000.000
829000.000
802000.000
894000.000
901000.000
870000.000
940000.000
938000.000
853000.000
881000.000
1011000.000
1092000.000
1289000.000
2413000.000
4671000.000
6090000.000
6443000.000
6467000.000
6492000.000
6498000.000
6376000.000
6498000.000
6576000.000
6574000.000
6456000.000
6510000.000
6453000.000
6609000.000
6740000.000
6884000.000
6635000.000
6638000.000
6714000.000
6689000.000
6475000.000
6525000.000
6403000.000
6361000.000
6586000.000
6299000.000
6472000.000
6448000.000
6432000.000
6646000.000
6719000.000
6668000.000
6635000.000
6728000.000
6722000.000
6720000.000
6537000.000
6553000.000
6618000.000
6516000.000
6532000.000
6469000.000
6428000.000
6515000.000
6337000.000
6390000.000
6509000.000
6573000.000
6512000.000
6617000.000
6561000.000
6451000.000
6418000.000
6327000.000
6303000.000
6353000.000
6350000.000
6216000.000
6318000.000
6272000.000
6300000.000
6328000.000
6298000.000
6236000.000
6310000.000
6325000.000
6252000.000
6305000.000
6306000.000
6212000.000
6108000.000
6070000.000
6075000.000
6014000.000
6093000.000
5979000.000
5949000.000
6072000.000
6077000.000
5919000.000
6010000.000
5975000.000
5926000.000
5940000.000
5688000.000
5789000.000
5831000.000
5839000.000
5834000.000
5646000.000
5705000.000
5632000.000
5672000.000
5596000.000
5626000.000
5667000.000
5655000.000
5506000.000
5471000.000
5427000.000
5556000.000
5425000.000
5196000.000
5204000.000
5133000.000
5175000.000
5158000.000
5143000.000
5131000.000
5159000.000
5183000.000
5059000.000
4934000.000
5058000.000
4842000.000
4923000.000
4904000.000
4843000.000
4946000.000
4990000.000
4884000.000
4836000.000
4757000.000
4762000.000
4675000.000
4715000.000
4566000.000
4585000.000
4525000.000
4521000.000
4562000.000
4609000.000
4513000.000
4396000.000
4420000.000
4370000.000
4398000.000
4464000.000
4382000.000
4371000.000
4291000.000
4276000.000
4294000.000
198000.000
207000.000
204000.000
201000.000
193000.000
256000.000
222000.000
231000.000
202000.000
209000.000
251000.000
262000.000
283000.000
266000.000
246000.000
274000.000
310000.000
302000.000
315000.000
312000.000
338000.000
345000.000
357000.000
367000.000
347000.000
371000.000
373000.000
420000.000
422000.000
452000.000
455000.000
523000.000
519000.000
525000.000
573000.000
610000.000
651000.000
626000.000
659000.000
707000.000
728000.000
688000.000
787000.000
784000.000
798000.000
840000.000
883000.000
871000.000
812000.000
925000.000
877000.000
922000.000
917000.000
929000.000
998000.000
1073000.000
1102000.000
1353000.000
1982000.000
4373000.000
6180000.000
6507000.000
6488000.000
6609000.000
6494000.000
6479000.000
6543000.000
6652000.000
6669000.000
6524000.000
6369000.000
6604000.000
6688000.000
6813000.000
6752000.000
6753000.000
6631000.000
6606000.000
6438000.000
6479000.000
6553000.000
6533000.000
6667000.000
6562000.000
6474000.000
6460000.000
6333000.000
6354000.000
6479000.000
6729000.000
6647000.000
6685000.000
6618000.000
6518000.000
6576000.000
6539000.000
6498000.000
6545000.000
6554000.000
6558000.000
6506000.000
6373000.000
6298000.000
6394000.000
6404000.000
6517000.000
6490000.000
6504000.000
6477000.000
6446000.000
6406000.000
6488000.000
6557000.000
6385000.000
6443000.000
6390000.000
6344000.000
6382000.000
6407000.000
6398000.000
6340000.000
6114000.000
6153000.000
6266000.000
6155000.000
6175000.000
6288000.000
6468000.000
6197000.000
6130000.000
6184000.000
6162000.000
6004000.000
5967000.000
6001000.000
5854000.000
6024000.000
5852000.000
5968000.000
5895000.000
5988000.000
5871000.000
5991000.000
5899000.000
5859000.000
5833000.000
5698000.000
5679000.000
5771000.000
5655000.000
5597000.000
5557000.000
5452000.000
5386000.000
5475000.000
5542000.000
5522000.000
5502000.000
5471000.000
5427000.000
5394000.000
5144000.000
5079000.000
5139000.000
5237000.000
5216000.000
5267000.000
5193000.000
5137000.000
5159000.000
5060000.000
4925000.000
5007000.000
5163000.000
4992000.000
4869000.000
4851000.000
4904000.000
4890000.000
4861000.000
4754000.000
4749000.000
4686000.000
4749000.000
4654000.000
4513000.000
4680000.000
4595000.000
4600000.000
4527000.000
4461000.000
4535000.000
4433000.000
4357000.000
4386000.000
4333000.000
4439000.000
4268000.000
4177000.000
4130000.000
4244000.000
227000.000
208000.000
236000.000
239000.000
261000.000
257000.000
254000.000
258000.000
253000.000
289000.000
258000.000
294000.000
277000.000
287000.000
327000.000
310000.000
326000.000
344000.000
342000.000
325000.000
375000.000
371000.000
366000.000
398000.000
416000.000
404000.000
445000.000
476000.000
474000.000
543000.000
522000.000
572000.000
585000.000
560000.000
668000.000
658000.000
652000.000
677000.000
715000.000
784000.000
751000.000
814000.000
848000.000
816000.000
853000.000
837000.000
893000.000
826000.000
885000.000
856000.000
822000.000
962000.000
954000.000
960000.000
1074000.000
1015000.000
1186000.000
1627000.000
3322000.000
5685000.000
6345000.000
6419000.000
6514000.000
6554000.000
6646000.000
6474000.000
6564000.000
6609000.000
6565000.000
6551000.000
6510000.000
6661000.000
6592000.000
6699000.000
6729000.000
6686000.000
6573000.000
6426000.000
6506000.000
6432000.000
6469000.000
6591000.000
6542000.000
6471000.000
6510000.000
6432000.000
6280000.000
6404000.000
6602000.000
6634000.000
6685000.000
6672000.000
6614000.000
6569000.000
6638000.000
6564000.000
6546000.000
6525000.000
6420000.000
6428000.000
6369000.000
6355000.000
6404000.000
6445000.000
6540000.000
6478000.000
6398000.000
6401000.000
6411000.000
6429000.000
6531000.000
6339000.000
6318000.000
6385000.000
6404000.000
6395000.000
6476000.000
6428000.000
6370000.000
6329000.000
6358000.000
6319000.000
6138000.000
6228000.000
6278000.000
6249000.000
6220000.000
6139000.000
6268000.000
6206000.000
6105000.000
5994000.000
5917000.000
5933000.000
5879000.000
6097000.000
6008000.000
5968000.000
6007000.000
6009000.000
5920000.000
5894000.000
5803000.000
5802000.000
5777000.000
5779000.000
5577000.000
5583000.000
5581000.000
5573000.000
5622000.000
5513000.000
5502000.000
5568000.000
5530000.000
5554000.000
5436000.000
5341000.000
5301000.000
5097000.000
5106000.000
5092000.000
5200000.000
5258000.000
5274000.000
5314000.000
5223000.000
5135000.000
5104000.000
5025000.000
4898000.000
4977000.000
5008000.000
4948000.000
4866000.000
4677000.000
4814000.000
4695000.000
4701000.000
4843000.000
4744000.000
4774000.000
4593000.000
4552000.000
4514000.000
4427000.000
4643000.000
4547000.000
4471000.000
4403000.000
4481000.000
4320000.000
4337000.000
4413000.000
4297000.000
4205000.000
4167000.000
4242000.000
4127000.000
4253000.000
4139000.000
236000.000
239000.000
264000.000
264000.000
268000.000
288000.000
286000.000
261000.000
322000.000
312000.000
289000.000
327000.000
317000.000
344000.000
338000.000
382000.000
373000.000
367000.000
364000.000
361000.000
403000.000
476000.000
429000.000
450000.000
450000.000
483000.000
427000.000
452000.000
530000.000
527000.000
597000.000
570000.000
634000.000
594000.000
701000.000
645000.000
678000.000
708000.000
708000.000
731000.000
835000.000
821000.000
892000.000
863000.000
934000.000
895000.000
905000.000
907000.000
915000.000
975000.000
890000.000
994000.000
941000.000
1023000.000
1004000.000
1063000.000
1089000.000
1184000.000
1398000.000
2610000.000
5440000.000
6405000.000
6489000.000
6627000.000
6736000.000
6724000.000
6563000.000
6638000.000
6578000.000
6594000.000
6663000.000
6641000.000
6607000.000
6816000.000
6735000.000
6735000.000
6695000.000
6617000.000
6503000.000
6614000.000
6504000.000
6329000.000
6557000.000
6409000.000
6474000.000
6439000.000
6313000.000
6450000.000
6373000.000
6591000.000
6780000.000
6679000.000
6735000.000
6736000.000
6706000.000
6522000.000
6446000.000
6531000.000
6542000.000
6527000.000
6392000.000
6329000.000
6272000.000
6347000.000
6406000.000
6502000.000
6375000.000
6355000.000
6396000.000
6437000.000
6247000.000
6255000.000
6288000.000
6272000.000
6299000.000
6364000.000
6373000.000
6419000.000
6400000.000
6309000.000
6375000.000
6333000.000
6411000.000
6173000.000
6123000.000
6177000.000
6278000.000
6196000.000
6205000.000
6285000.000
6088000.000
6057000.000
5955000.000
5861000.000
5839000.000
5762000.000
5954000.000
5919000.000
5829000.000
5788000.000
5820000.000
5760000.000
5750000.000
5797000.000
5759000.000
5780000.000
5836000.000
5712000.000
5554000.000
5513000.000
5485000.000
5680000.000
5489000.000
5409000.000
5430000.000
5544000.000
5552000.000
5487000.000
5390000.000
5225000.000
5191000.000
5225000.000
5187000.000
5189000.000
5232000.000
5158000.000
5196000.000
5086000.000
4900000.000
4779000.000
4726000.000
4846000.000
4809000.000
4817000.000
4782000.000
4880000.000
4866000.000
4913000.000
4877000.000
4829000.000
4722000.000
4710000.000
4551000.000
4617000.000
4592000.000
4396000.000
4535000.000
4440000.000
4491000.000
4573000.000
4508000.000
4423000.000
4443000.000
4393000.000
4307000.000
4292000.000
4131000.000
4030000.000
3981000.000
3995000.000
4070000.000
302000.000
283000.000
285000.000
310000.000
303000.000
339000.000
310000.000
310000.000
340000.000
345000.000
331000.000
355000.000
368000.000
347000.000
394000.000
394000.000
391000.000
436000.000
479000.000
451000.000
447000.000
496000.000
442000.000
460000.000
475000.000
472000.000
544000.000
573000.000
611000.000
618000.000
623000.000
635000.000
755000.000
698000.000
689000.000
709000.000
796000.000
763000.000
801000.000
793000.000
877000.000
851000.000
934000.000
906000.000
880000.000
989000.000
886000.000
915000.000
918000.000
1009000.000
972000.000
976000.000
980000.000
1086000.000
1043000.000
1019000.000
1078000.000
1167000.000
1911000.000
4307000.000
6054000.000
6436000.000
6662000.000
6630000.000
6605000.000
6546000.000
6619000.000
6717000.000
6569000.000
6589000.000
6502000.000
6568000.000
6688000.000
6670000.000
6613000.000
6690000.000
6617000.000
6637000.000
6510000.000
6382000.000
6384000.000
6559000.000
6399000.000
6502000.000
6363000.000
6435000.000
6280000.000
6377000.000
6558000.000
6753000.000
6568000.000
6703000.000
6659000.000
6556000.000
6523000.000
6646000.000
6540000.000
6416000.000
6563000.000
6291000.000
6404000.000
6425000.000
6324000.000
6438000.000
6421000.000
6393000.000
6384000.000
6325000.000
6269000.000
6172000.000
6277000.000
6269000.000
6187000.000
6188000.000
6247000.000
6221000.000
6236000.000
6113000.000
6194000.000
6231000.000
6273000.000
6341000.000
6200000.000
6140000.000
6198000.000
6219000.000
6132000.000
6220000.000
6228000.000
6242000.000
6009000.000
5946000.000
5923000.000
5824000.000
5836000.000
5844000.000
5861000.000
5756000.000
5779000.000
5744000.000
5741000.000
5773000.000
5688000.000
5625000.000
5568000.000
5686000.000
5705000.000
5468000.000
5555000.000
5568000.000
5604000.000
5455000.000
5448000.000
5515000.000
5414000.000
5418000.000
5282000.000
5265000.000
5184000.000
5036000.000
5272000.000
5129000.000
5153000.000
5116000.000
5216000.000
5045000.000
5048000.000
5019000.000
4851000.000
4709000.000
4608000.000
4730000.000
4703000.000
4722000.000
4684000.000
4669000.000
4883000.000
4783000.000
4728000.000
4645000.000
4636000.000
4725000.000
4702000.000
4646000.000
4537000.000
4522000.000
4535000.000
4485000.000
4572000.000
4505000.000
4290000.000
4398000.000
4351000.000
4304000.000
4290000.000
4069000.000
4068000.000
4060000.000
3945000.000
3985000.000
4108000.000
302000.000
275000.000
329000.000
326000.000
306000.000
332000.000
358000.000
359000.000
372000.000
357000.000
394000.000
374000.000
370000.000
364000.000
423000.000
399000.000
443000.000
407000.000
446000.000
477000.000
449000.000
525000.000
504000.000
549000.000
553000.000
594000.000
624000.000
675000.000
654000.000
719000.000
645000.000
666000.000
752000.000
737000.000
756000.000
790000.000
759000.000
811000.000
812000.000
867000.000
959000.000
963000.000
935000.000
908000.000
895000.000
946000.000
1004000.000
940000.000
979000.000
942000.000
1073000.000
1009000.000
947000.000
1089000.000
1072000.000
1129000.000
1065000.000
1067000.000
1229000.000
1725000.000
4265000.000
6208000.000
6402000.000
6642000.000
6705000.000
6626000.000
6627000.000
6676000.000
6755000.000
6678000.000
6713000.000
6581000.000
6647000.000
6710000.000
6675000.000
6685000.000
6615000.000
6662000.000
6419000.000
6471000.000
6358000.000
6274000.000
6394000.000
6519000.000
6447000.000
6293000.000
6450000.000
6335000.000
6399000.000
6652000.000
6696000.000
6605000.000
6727000.000
6630000.000
6601000.000
6659000.000
6521000.000
6460000.000
6436000.000
6434000.000
6311000.000
6369000.000
6343000.000
6236000.000
6426000.000
6392000.000
6415000.000
6419000.000
6450000.000
6376000.000
6388000.000
6393000.000
6161000.000
6238000.000
6281000.000
6302000.000
6158000.000
6176000.000
6153000.000
6291000.000
6259000.000
6317000.000
6254000.000
6246000.000
6172000.000
6090000.000
6097000.000
6204000.000
6033000.000
6017000.000
5999000.000
5907000.000
5904000.000
5806000.000
5888000.000
5784000.000
5863000.000
5804000.000
5718000.000
5903000.000
5672000.000
5738000.000
5630000.000
5616000.000
5554000.000
5602000.000
5665000.000
5583000.000
5626000.000
5610000.000
5654000.000
5505000.000
5497000.000
5360000.000
5387000.000
5353000.000
5276000.000
5187000.000
5153000.000
5056000.000
5162000.000
5242000.000
5237000.000
5149000.000
5135000.000
5192000.000
5003000.000
5162000.000
4806000.000
4728000.000
4633000.000
4677000.000
4627000.000
4603000.000
4548000.000
4647000.000
4710000.000
4657000.000
4641000.000
4727000.000
4572000.000
4642000.000
4732000.000
4630000.000
4575000.000
4497000.000
4463000.000
4432000.000
4449000.000
4443000.000
4452000.000
4460000.000
4330000.000
4208000.000
4129000.000
4081000.000
3991000.000
4073000.000
3977000.000
3914000.000
3991000.000
336000.000
304000.000
351000.000
374000.000
406000.000
402000.000
357000.000
389000.000
375000.000
471000.000
384000.000
419000.000
402000.000
476000.000
461000.000
441000.000
532000.000
531000.000
583000.000
541000.000
621000.000
586000.000
652000.000
664000.000
697000.000
640000.000
698000.000
723000.000
696000.000
690000.000
695000.000
737000.000
782000.000
837000.000
812000.000
841000.000
881000.000
835000.000
904000.000
909000.000
941000.000
924000.000
950000.000
938000.000
989000.000
951000.000
994000.000
998000.000
1097000.000
1075000.000
1024000.000
1018000.000
1060000.000
1052000.000
1040000.000
1131000.000
1106000.000
1236000.000
1493000.000
3197000.000
5778000.000
6380000.000
6679000.000
6647000.000
6647000.000
6696000.000
6701000.000
6671000.000
6733000.000
6594000.000
6577000.000
6485000.000
6595000.000
6667000.000
6573000.000
6698000.000
6734000.000
6577000.000
6473000.000
6367000.000
6291000.000
6257000.000
6536000.000
6442000.000
6440000.000
6338000.000
6349000.000
6331000.000
6469000.000
6614000.000
6678000.000
6625000.000
6607000.000
6614000.000
6757000.000
6698000.000
6519000.000
6487000.000
6656000.000
6487000.000
6414000.000
6240000.000
6409000.000
6422000.000
6306000.000
6290000.000
6532000.000
6358000.000
6335000.000
6318000.000
6327000.000
6331000.000
6383000.000
6385000.000
6333000.000
6259000.000
6212000.000
6369000.000
6375000.000
6307000.000
6231000.000
6195000.000
6173000.000
6081000.000
6255000.000
6134000.000
6094000.000
6082000.000
6095000.000
6016000.000
6017000.000
5878000.000
5998000.000
5987000.000
5939000.000
5841000.000
5875000.000
5718000.000
5656000.000
5749000.000
5717000.000
5606000.000
5650000.000
5654000.000
5597000.000
5721000.000
5656000.000
5453000.000
5535000.000
5383000.000
5384000.000
5408000.000
5308000.000
5335000.000
5241000.000
5374000.000
5334000.000
5294000.000
5089000.000
5112000.000
4997000.000
5173000.000
5176000.000
5256000.000
5279000.000
5157000.000
4995000.000
5038000.000
4874000.000
4863000.000
4624000.000
4752000.000
4640000.000
4609000.000
4545000.000
4714000.000
4706000.000
4789000.000
4807000.000
4696000.000
4565000.000
4698000.000
4554000.000
4441000.000
4477000.000
4496000.000
4502000.000
4428000.000
4449000.000
4457000.000
4284000.000
4303000.000
4137000.000
4093000.000
3969000.000
3991000.000
3998000.000
3906000.000
3979000.000
3849000.000
3942000.000
366000.000
375000.000
373000.000
369000.000
382000.000
405000.000
433000.000
396000.000
398000.000
438000.000
464000.000
497000.000
491000.000
443000.000
476000.000
556000.000
529000.000
589000.000
610000.000
639000.000
649000.000
657000.000
655000.000
629000.000
700000.000
691000.000
693000.000
784000.000
732000.000
817000.000
759000.000
746000.000
799000.000
758000.000
786000.000
780000.000
842000.000
907000.000
936000.000
909000.000
830000.000
935000.000
895000.000
901000.000
873000.000
903000.000
946000.000
1012000.000
1096000.000
1005000.000
960000.000
963000.000
1035000.000
979000.000
1161000.000
1082000.000
1148000.000
1194000.000
1198000.000
1418000.000
3042000.000
5606000.000
6561000.000
6692000.000
6700000.000
6663000.000
6611000.000
6595000.000
6555000.000
6615000.000
6571000.000
6646000.000
6704000.000
6465000.000
6600000.000
6724000.000
6599000.000
6673000.000
6607000.000
6516000.000
6423000.000
6303000.000
6434000.000
6449000.000
6625000.000
6442000.000
6332000.000
6323000.000
6348000.000
6504000.000
6432000.000
6649000.000
6590000.000
6748000.000
6610000.000
6656000.000
6392000.000
6423000.000
6382000.000
6418000.000
6447000.000
6117000.000
6352000.000
6411000.000
6431000.000
6392000.000
6244000.000
6502000.000
6369000.000
6350000.000
6286000.000
6063000.000
6162000.000
6072000.000
6117000.000
6225000.000
6174000.000
6144000.000
6141000.000
6263000.000
6259000.000
6230000.000
6298000.000
6263000.000
6132000.000
6110000.000
5935000.000
5980000.000
5987000.000
6012000.000
5882000.000
6065000.000
6060000.000
5956000.000
5967000.000
5797000.000
5896000.000
5729000.000
5844000.000
5712000.000
5716000.000
5589000.000
5606000.000
5608000.000
5680000.000
5563000.000
5518000.000
5479000.000
5381000.000
5282000.000
5441000.000
5421000.000
5302000.000
5269000.000
5245000.000
5176000.000
5248000.000
5151000.000
5104000.000
5058000.000
5040000.000
4939000.000
5164000.000
5095000.000
5090000.000
5140000.000
5138000.000
4983000.000
4955000.000
4771000.000
4784000.000
4696000.000
4691000.000
4494000.000
4557000.000
4743000.000
4682000.000
4801000.000
4652000.000
4688000.000
4627000.000
4669000.000
4627000.000
4577000.000
4523000.000
4435000.000
4451000.000
4360000.000
4245000.000
4223000.000
4308000.000
4208000.000
4274000.000
4318000.000
4158000.000
4095000.000
3947000.000
3910000.000
3921000.000
3877000.000
3790000.000
431000.000
379000.000
423000.000
423000.000
452000.000
493000.000
496000.000
454000.000
499000.000
488000.000
530000.000
505000.000
518000.000
612000.000
583000.000
671000.000
644000.000
613000.000
648000.000
778000.000
671000.000
650000.000
680000.000
714000.000
754000.000
735000.000
761000.000
753000.000
825000.000
801000.000
808000.000
788000.000
863000.000
842000.000
830000.000
890000.000
934000.000
973000.000
1006000.000
895000.000
865000.000
881000.000
890000.000
941000.000
948000.000
895000.000
981000.000
1021000.000
1014000.000
1036000.000
1054000.000
1110000.000
1092000.000
1083000.000
1106000.000
1085000.000
1110000.000
1189000.000
1306000.000
1967000.000
4588000.000
6321000.000
6550000.000
6588000.000
6723000.000
6729000.000
6595000.000
6667000.000
6654000.000
6633000.000
6691000.000
6573000.000
6635000.000
6593000.000
6586000.000
6723000.000
6715000.000
6611000.000
6450000.000
6378000.000
6309000.000
6317000.000
6365000.000
6387000.000
6420000.000
6287000.000
6326000.000
6235000.000
6329000.000
6599000.000
6498000.000
6634000.000
6661000.000
6591000.000
6498000.000
6463000.000
6419000.000
6394000.000
6386000.000
6317000.000
6298000.000
6272000.000
6219000.000
6431000.000
6363000.000
6493000.000
6585000.000
6482000.000
6335000.000
6376000.000
6318000.000
6244000.000
6262000.000
6218000.000
6155000.000
6378000.000
6242000.000
6203000.000
6250000.000
6312000.000
6285000.000
6105000.000
6233000.000
6096000.000
6007000.000
5943000.000
5897000.000
5838000.000
6032000.000
5916000.000
5819000.000
5892000.000
5919000.000
5956000.000
5906000.000
5816000.000
5642000.000
5874000.000
5820000.000
5787000.000
5667000.000
5728000.000
5490000.000
5562000.000
5579000.000
5507000.000
5638000.000
5497000.000
5449000.000
5369000.000
5454000.000
5391000.000
5263000.000
5240000.000
5126000.000
5024000.000
5064000.000
5089000.000
4987000.000
4943000.000
5120000.000
5137000.000
5157000.000
5189000.000
5082000.000
5013000.000
4921000.000
4945000.000
4797000.000
4766000.000
4592000.000
4603000.000
4536000.000
4460000.000
4524000.000
4660000.000
4707000.000
4559000.000
4649000.000
4645000.000
4614000.000
4631000.000
4534000.000
4381000.000
4301000.000
4284000.000
4414000.000
4248000.000
4238000.000
4124000.000
4161000.000
4125000.000
4187000.000
4048000.000
4093000.000
4094000.000
3832000.000
3743000.000
3846000.000
3911000.000
3914000.000
426000.000
380000.000
472000.000
474000.000
471000.000
444000.000
525000.000
519000.000
516000.000
568000.000
550000.000
544000.000
596000.000
612000.000
598000.000
658000.000
644000.000
683000.000
712000.000
736000.000
750000.000
715000.000
795000.000
756000.000
785000.000
780000.000
792000.000
829000.000
819000.000
872000.000
866000.000
841000.000
911000.000
938000.000
875000.000
898000.000
916000.000
934000.000
1000000.000
974000.000
954000.000
925000.000
869000.000
857000.000
897000.000
928000.000
959000.000
950000.000
965000.000
950000.000
1049000.000
1080000.000
1110000.000
1059000.000
1105000.000
1178000.000
1099000.000
1143000.000
1220000.000
1233000.000
1917000.000
4387000.000
6225000.000
6743000.000
6746000.000
6827000.000
6810000.000
6610000.000
6590000.000
6738000.000
6605000.000
6535000.000
6668000.000
6630000.000
6691000.000
6792000.000
6750000.000
6564000.000
6466000.000
6389000.000
6383000.000
6283000.000
6332000.000
6297000.000
6361000.000
6388000.000
6369000.000
6234000.000
6370000.000
6346000.000
6660000.000
6611000.000
6552000.000
6514000.000
6611000.000
6464000.000
6616000.000
6481000.000
6320000.000
6403000.000
6293000.000
6397000.000
6366000.000
6377000.000
6477000.000
6460000.000
6329000.000
6411000.000
6261000.000
6196000.000
6196000.000
6199000.000
6130000.000
6323000.000
6116000.000
6248000.000
6222000.000
6223000.000
6144000.000
6138000.000
6215000.000
6137000.000
6020000.000
6057000.000
5952000.000
5961000.000
6008000.000
5956000.000
5937000.000
5892000.000
5897000.000
6006000.000
5927000.000
5871000.000
5934000.000
5883000.000
5728000.000
5705000.000
5654000.000
5686000.000
5564000.000
5554000.000
5735000.000
5716000.000
5635000.000
5685000.000
5584000.000
5629000.000
5564000.000
5487000.000
5455000.000
5352000.000
5363000.000
5144000.000
5156000.000
5194000.000
5234000.000
5128000.000
5094000.000
5105000.000
5133000.000
5183000.000
5414000.000
5277000.000
5285000.000
5015000.000
4937000.000
4759000.000
4842000.000
4891000.000
4770000.000
4796000.000
4656000.000
4681000.000
4703000.000
4694000.000
4728000.000
4816000.000
4674000.000
4648000.000
4542000.000
4493000.000
4568000.000
4418000.000
4461000.000
4409000.000
4418000.000
4353000.000
4448000.000
4252000.000
4309000.000
4171000.000
4286000.000
4054000.000
4014000.000
4072000.000
3912000.000
3875000.000
3873000.000
3944000.000
4064000.000
494000.000
493000.000
454000.000
497000.000
528000.000
553000.000
591000.000
600000.000
631000.000
584000.000
614000.000
688000.000
632000.000
681000.000
631000.000
680000.000
719000.000
699000.000
763000.000
765000.000
732000.000
802000.000
764000.000
771000.000
810000.000
802000.000
792000.000
887000.000
799000.000
905000.000
860000.000
921000.000
908000.000
891000.000
921000.000
971000.000
921000.000
980000.000
941000.000
924000.000
914000.000
890000.000
927000.000
938000.000
965000.000
958000.000
951000.000
902000.000
951000.000
990000.000
1047000.000
1037000.000
1046000.000
1115000.000
1123000.000
1119000.000
1147000.000
1121000.000
1191000.000
1561000.000
3210000.000
5797000.000
6499000.000
6657000.000
6640000.000
6577000.000
6571000.000
6588000.000
6674000.000
6736000.000
6567000.000
6712000.000
6454000.000
6657000.000
6487000.000
6598000.000
6643000.000
6651000.000
6556000.000
6459000.000
6427000.000
6474000.000
6347000.000
6494000.000
6374000.000
6301000.000
6203000.000
6308000.000
6405000.000
6556000.000
6579000.000
6603000.000
6637000.000
6585000.000
6484000.000
6582000.000
6397000.000
6278000.000
6392000.000
6306000.000
6372000.000
6510000.000
6488000.000
6417000.000
6457000.000
6449000.000
6503000.000
6467000.000
6344000.000
6236000.000
6251000.000
6308000.000
6297000.000
6150000.000
5987000.000
5992000.000
5900000.000
6131000.000
6115000.000
6181000.000
6120000.000
6010000.000
6060000.000
6092000.000
6220000.000
6005000.000
6025000.000
5875000.000
5761000.000
5728000.000
5705000.000
5725000.000
5841000.000
5890000.000
5844000.000
5817000.000
5817000.000
5867000.000
5858000.000
5726000.000
5630000.000
5619000.000
5564000.000
5583000.000
5432000.000
5576000.000
5475000.000
5305000.000
5402000.000
5374000.000
5505000.000
5535000.000
5452000.000
5310000.000
5323000.000
5164000.000
5108000.000
4983000.000
4876000.000
4936000.000
4956000.000
4862000.000
5020000.000
4900000.000
5053000.000
5010000.000
5008000.000
5044000.000
4954000.000
4907000.000
4772000.000
4597000.000
4613000.000
4617000.000
4637000.000
4723000.000
4678000.000
4648000.000
4696000.000
4468000.000
4569000.000
4499000.000
4599000.000
4651000.000
4553000.000
4536000.000
4245000.000
4256000.000
4178000.000
4186000.000
4116000.000
4101000.000
4016000.000
4120000.000
4114000.000
4162000.000
4095000.000
3987000.000
4051000.000
3978000.000
4057000.000
482000.000
545000.000
509000.000
519000.000
564000.000
619000.000
602000.000
612000.000
618000.000
600000.000
624000.000
656000.000
712000.000
738000.000
744000.000
707000.000
771000.000
731000.000
800000.000
763000.000
862000.000
874000.000
837000.000
801000.000
787000.000
804000.000
831000.000
858000.000
837000.000
789000.000
899000.000
900000.000
964000.000
959000.000
910000.000
919000.000
940000.000
932000.000
947000.000
956000.000
920000.000
926000.000
940000.000
936000.000
976000.000
935000.000
951000.000
1066000.000
1018000.000
1053000.000
1002000.000
1047000.000
1055000.000
1057000.000
1152000.000
1162000.000
1055000.000
1082000.000
1148000.000
1217000.000
1427000.000
2958000.000
5470000.000
6525000.000
6716000.000
6580000.000
6734000.000
6655000.000
6751000.000
6710000.000
6744000.000
6595000.000
6541000.000
6522000.000
6573000.000
6461000.000
6490000.000
6514000.000
6524000.000
6463000.000
6604000.000
6391000.000
6264000.000
6273000.000
6257000.000
6354000.000
6296000.000
6199000.000
6293000.000
6435000.000
6503000.000
6511000.000
6595000.000
6494000.000
6553000.000
6608000.000
6628000.000
6365000.000
6312000.000
6264000.000
6406000.000
6423000.000
6586000.000
6466000.000
6452000.000
6355000.000
6431000.000
6415000.000
6195000.000
6232000.000
6274000.000
6213000.000
6248000.000
6221000.000
6166000.000
6005000.000
6142000.000
6072000.000
6018000.000
6014000.000
6171000.000
6090000.000
5825000.000
5868000.000
5950000.000
6048000.000
5983000.000
5994000.000
5953000.000
5886000.000
5945000.000
5911000.000
5826000.000
5951000.000
5803000.000
5700000.000
5710000.000
5696000.000
5769000.000
5741000.000
5789000.000
5588000.000
5660000.000
5574000.000
5515000.000
5693000.000
5443000.000
5472000.000
5302000.000
5286000.000
5338000.000
5312000.000
5364000.000
5295000.000
5338000.000
5216000.000
5211000.000
5198000.000
4954000.000
4986000.000
5119000.000
5070000.000
5016000.000
4921000.000
4880000.000
4883000.000
4858000.000
4868000.000
4767000.000
4825000.000
4758000.000
4740000.000
4855000.000
4814000.000
4746000.000
4651000.000
4694000.000
4585000.000
4705000.000
4577000.000
4573000.000
4608000.000
4526000.000
4513000.000
4487000.000
4455000.000
4235000.000
4250000.000
4300000.000
4249000.000
4255000.000
4257000.000
4231000.000
4161000.000
4099000.000
4191000.000
4010000.000
4009000.000
3820000.000
3980000.000
3872000.000
560000.000
562000.000
559000.000
642000.000
680000.000
720000.000
675000.000
696000.000
680000.000
639000.000
672000.000
706000.000
773000.000
748000.000
722000.000
747000.000
809000.000
801000.000
808000.000
803000.000
850000.000
854000.000
820000.000
870000.000
896000.000
869000.000
890000.000
928000.000
975000.000
924000.000
924000.000
866000.000
884000.000
853000.000
862000.000
964000.000
999000.000
980000.000
953000.000
981000.000
956000.000
949000.000
981000.000
919000.000
901000.000
977000.000
1066000.000
1019000.000
1028000.000
1077000.000
1022000.000
1111000.000
1115000.000
1108000.000
1135000.000
1156000.000
1180000.000
1137000.000
1200000.000
1236000.000
1935000.000
4429000.000
6221000.000
6701000.000
6633000.000
6655000.000
6676000.000
6710000.000
6562000.000
6778000.000
6746000.000
6586000.000
6433000.000
6388000.000
6442000.000
6530000.000
6326000.000
6428000.000
6468000.000
6481000.000
6427000.000
6256000.000
6239000.000
6495000.000
6364000.000
6253000.000
6295000.000
6200000.000
6318000.000
6412000.000
6598000.000
6453000.000
6439000.000
6669000.000
6636000.000
6668000.000
6492000.000
6360000.000
6198000.000
6316000.000
6509000.000
6347000.000
6497000.000
6335000.000
6281000.000
6262000.000
6361000.000
6292000.000
6421000.000
6185000.000
6214000.000
6127000.000
6179000.000
6172000.000
6064000.000
6144000.000
6009000.000
5998000.000
6041000.000
6008000.000
6041000.000
6163000.000
5977000.000
6066000.000
5794000.000
5882000.000
5930000.000
5861000.000
5919000.000
5872000.000
5932000.000
5769000.000
5770000.000
5974000.000
5666000.000
5771000.000
5708000.000
5702000.000
5665000.000
5630000.000
5587000.000
5558000.000
5522000.000
5419000.000
5435000.000
5446000.000
5450000.000
5421000.000
5260000.000
5339000.000
5325000.000
5256000.000
5295000.000
5300000.000
5302000.000
5228000.000
5082000.000
5054000.000
4994000.000
5161000.000
4990000.000
4993000.000
4867000.000
4823000.000
4813000.000
4850000.000
4814000.000
4793000.000
4689000.000
4691000.000
4859000.000
4670000.000
4524000.000
4564000.000
4692000.000
4677000.000
4676000.000
4680000.000
4760000.000
4610000.000
4588000.000
4526000.000
4415000.000
4312000.000
4319000.000
4252000.000
4317000.000
4205000.000
4386000.000
4407000.000
4241000.000
4268000.000
4292000.000
4082000.000
3984000.000
4070000.000
3980000.000
3916000.000
4066000.000
4007000.000
3963000.000
610000.000
674000.000
675000.000
689000.000
712000.000
737000.000
751000.000
761000.000
755000.000
734000.000
745000.000
781000.000
748000.000
777000.000
776000.000
750000.000
786000.000
837000.000
842000.000
862000.000
840000.000
854000.000
867000.000
889000.000
919000.000
865000.000
883000.000
975000.000
930000.000
934000.000
979000.000
852000.000
893000.000
830000.000
906000.000
951000.000
972000.000
997000.000
927000.000
902000.000
992000.000
970000.000
993000.000
983000.000
931000.000
930000.000
1056000.000
1000000.000
1067000.000
1099000.000
1075000.000
1087000.000
1069000.000
1004000.000
1018000.000
1111000.000
1203000.000
1135000.000
1124000.000
1181000.000
1210000.000
1704000.000
4009000.000
6092000.000
6649000.000
6646000.000
6695000.000
6840000.000
6734000.000
6678000.000
6710000.000
6795000.000
6708000.000
6570000.000
6380000.000
6396000.000
6412000.000
6418000.000
6534000.000
6311000.000
6506000.000
6428000.000
6222000.000
6469000.000
6602000.000
6336000.000
6391000.000
6428000.000
6170000.000
6273000.000
6440000.000
6502000.000
6519000.000
6653000.000
6702000.000
6535000.000
6653000.000
6407000.000
6228000.000
6310000.000
6322000.000
6335000.000
6244000.000
6361000.000
6398000.000
6232000.000
6260000.000
6250000.000
6345000.000
6266000.000
6173000.000
6158000.000
6170000.000
6123000.000
6110000.000
6004000.000
6101000.000
6021000.000
6032000.000
6110000.000
6064000.000
6002000.000
5967000.000
5892000.000
5869000.000
5775000.000
6010000.000
5886000.000
5812000.000
5824000.000
5927000.000
5916000.000
5917000.000
5858000.000
5889000.000
5879000.000
5657000.000
5681000.000
5543000.000
5524000.000
5461000.000
5517000.000
5575000.000
5442000.000
5520000.000
5530000.000
5338000.000
5441000.000
5436000.000
5403000.000
5359000.000
5452000.000
5342000.000
5244000.000
5247000.000
5282000.000
5251000.000
5082000.000
5188000.000
5156000.000
5036000.000
5146000.000
4975000.000
4950000.000
4839000.000
4983000.000
4915000.000
4928000.000
4794000.000
4598000.000
4784000.000
4603000.000
4684000.000
4702000.000
4621000.000
4683000.000
4722000.000
4797000.000
4640000.000
4822000.000
4673000.000
4516000.000
4474000.000
4363000.000
4284000.000
4239000.000
4354000.000
4370000.000
4249000.000
4436000.000
4240000.000
4391000.000
4307000.000
4273000.000
4118000.000
4111000.000
3986000.000
4016000.000
3952000.000
3909000.000
3874000.000
718000.000
714000.000
719000.000
709000.000
738000.000
729000.000
786000.000
757000.000
786000.000
828000.000
854000.000
774000.000
804000.000
843000.000
842000.000
750000.000
870000.000
927000.000
886000.000
893000.000
894000.000
906000.000
968000.000
988000.000
1035000.000
1002000.000
963000.000
953000.000
964000.000
1034000.000
986000.000
963000.000
921000.000
987000.000
929000.000
910000.000
924000.000
949000.000
961000.000
1013000.000
973000.000
966000.000
1042000.000
1057000.000
1002000.000
1077000.000
1012000.000
1016000.000
1053000.000
994000.000
1073000.000
1176000.000
1083000.000
1093000.000
1098000.000
1146000.000
1060000.000
1080000.000
1196000.000
1197000.000
1474000.000
2700000.000
5404000.000
6467000.000
6692000.000
6747000.000
6873000.000
6761000.000
6737000.000
6601000.000
6597000.000
6739000.000
6596000.000
6347000.000
6420000.000
6470000.000
6539000.000
6511000.000
6489000.000
6336000.000
6377000.000
6221000.000
6448000.000
6373000.000
6560000.000
6365000.000
6252000.000
6241000.000
6246000.000
6432000.000
6589000.000
6563000.000
6658000.000
6731000.000
6766000.000
6464000.000
6514000.000
6288000.000
6221000.000
6388000.000
6312000.000
6376000.000
6276000.000
6409000.000
6378000.000
6407000.000
6358000.000
6302000.000
6345000.000
6193000.000
6266000.000
6200000.000
6187000.000
6094000.000
6107000.000
6059000.000
6082000.000
5987000.000
5857000.000
6022000.000
5927000.000
5963000.000
5936000.000
5969000.000
5875000.000
5910000.000
5856000.000
5781000.000
5827000.000
5759000.000
5750000.000
5771000.000
5785000.000
5820000.000
5645000.000
5774000.000
5770000.000
5705000.000
5568000.000
5515000.000
5532000.000
5587000.000
5458000.000
5458000.000
5388000.000
5328000.000
5410000.000
5454000.000
5522000.000
5346000.000
5330000.000
5451000.000
5239000.000
5197000.000
5175000.000
5202000.000
5028000.000
5033000.000
4977000.000
4998000.000
4965000.000
5012000.000
4989000.000
4871000.000
4938000.000
5016000.000
4928000.000
4758000.000
4686000.000
4788000.000
4742000.000
4695000.000
4760000.000
4546000.000
4617000.000
4762000.000
4596000.000
4620000.000
4605000.000
4578000.000
4570000.000
4468000.000
4207000.000
4226000.000
4282000.000
4240000.000
4290000.000
4373000.000
4241000.000
4281000.000
4219000.000
4346000.000
4206000.000
4073000.000
4248000.000
4206000.000
4076000.000
3902000.000
3886000.000
3817000.000
3861000.000
666000.000
775000.000
747000.000
769000.000
801000.000
740000.000
765000.000
801000.000
790000.000
852000.000
854000.000
857000.000
838000.000
769000.000
818000.000
851000.000
830000.000
858000.000
881000.000
891000.000
921000.000
865000.000
937000.000
1054000.000
935000.000
960000.000
1024000.000
999000.000
1024000.000
1123000.000
981000.000
975000.000
928000.000
971000.000
987000.000
996000.000
916000.000
858000.000
894000.000
990000.000
985000.000
1023000.000
981000.000
973000.000
958000.000
971000.000
1052000.000
1092000.000
1033000.000
1040000.000
1060000.000
1126000.000
1036000.000
1105000.000
1053000.000
1138000.000
1085000.000
1108000.000
1074000.000
1177000.000
1266000.000
1368000.000
2466000.000
5243000.000
6443000.000
6760000.000
6835000.000
6976000.000
6982000.000
6795000.000
6635000.000
6604000.000
6652000.000
6714000.000
6671000.000
6412000.000
6422000.000
6622000.000
6467000.000
6395000.000
6435000.000
6453000.000
6382000.000
6431000.000
6415000.000
6559000.000
6479000.000
6409000.000
6290000.000
6322000.000
6559000.000
6612000.000
6618000.000
6731000.000
6756000.000
6552000.000
6421000.000
6345000.000
6316000.000
6370000.000
6403000.000
6378000.000
6390000.000
6430000.000
6356000.000
6318000.000
6252000.000
6310000.000
6291000.000
6292000.000
6273000.000
6282000.000
6267000.000
6313000.000
6112000.000
5997000.000
6127000.000
6107000.000
6058000.000
6125000.000
6085000.000
6037000.000
5919000.000
5891000.000
5992000.000
5852000.000
5865000.000
5807000.000
5825000.000
5916000.000
5913000.000
5867000.000
5863000.000
5787000.000
5921000.000
5740000.000
5728000.000
5648000.000
5823000.000
5649000.000
5655000.000
5738000.000
5535000.000
5440000.000
5480000.000
5409000.000
5471000.000
5419000.000
5361000.000
5461000.000
5529000.000
5375000.000
5392000.000
5295000.000
5211000.000
5167000.000
5175000.000
5168000.000
4959000.000
4962000.000
5006000.000
5098000.000
5150000.000
5022000.000
4913000.000
5031000.000
4912000.000
4890000.000
4794000.000
4832000.000
4755000.000
4656000.000
4714000.000
4689000.000
4698000.000
4700000.000
4707000.000
4631000.000
4652000.000
4585000.000
4621000.000
4448000.000
4368000.000
4281000.000
4298000.000
4397000.000
4301000.000
4240000.000
4403000.000
4259000.000
4286000.000
4262000.000
4260000.000
4183000.000
4107000.000
4050000.000
4088000.000
3876000.000
4013000.000
3911000.000
3809000.000
740000.000
799000.000
738000.000
774000.000
788000.000
788000.000
807000.000
829000.000
845000.000
838000.000
847000.000
905000.000
875000.000
965000.000
871000.000
917000.000
883000.000
910000.000
989000.000
988000.000
873000.000
959000.000
1029000.000
1018000.000
929000.000
951000.000
1053000.000
1042000.000
940000.000
979000.000
944000.000
920000.000
905000.000
969000.000
993000.000
980000.000
993000.000
982000.000
938000.000
1015000.000
1043000.000
966000.000
1080000.000
1034000.000
990000.000
1062000.000
1090000.000
1031000.000
1091000.000
1084000.000
1080000.000
1131000.000
1159000.000
1110000.000
1173000.000
1237000.000
1228000.000
1164000.000
1163000.000
1213000.000
1240000.000
1964000.000
4106000.000
6124000.000
6638000.000
6835000.000
6794000.000
6781000.000
6740000.000
6457000.000
6421000.000
6609000.000
6685000.000
6528000.000
6488000.000
6391000.000
6508000.000
6480000.000
6345000.000
6386000.000
6324000.000
6390000.000
6298000.000
6397000.000
6371000.000
6405000.000
6468000.000
6246000.000
6401000.000
6472000.000
6489000.000
6661000.000
6536000.000
6519000.000
6608000.000
6328000.000
6305000.000
6253000.000
6302000.000
6386000.000
6438000.000
6469000.000
6369000.000
6357000.000
6278000.000
6391000.000
6293000.000
6207000.000
6172000.000
6310000.000
6259000.000
6091000.000
6096000.000
6175000.000
6113000.000
5982000.000
6067000.000
6110000.000
6022000.000
6178000.000
6068000.000
5944000.000
6017000.000
5862000.000
5832000.000
5795000.000
6015000.000
5853000.000
5689000.000
5729000.000
5772000.000
5808000.000
5676000.000
5805000.000
5813000.000
5739000.000
5809000.000
5690000.000
5538000.000
5591000.000
5664000.000
5568000.000
5476000.000
5559000.000
5454000.000
5470000.000
5513000.000
5318000.000
5361000.000
5308000.000
5303000.000
5289000.000
5309000.000
5113000.000
5324000.000
5017000.000
5037000.000
4950000.000
4969000.000
5041000.000
4945000.000
4981000.000
4921000.000
5137000.000
5077000.000
4981000.000
4932000.000
4856000.000
4816000.000
4711000.000
4711000.000
4631000.000
4686000.000
4520000.000
4657000.000
4463000.000
4715000.000
4647000.000
4590000.000
4383000.000
4510000.000
4321000.000
4400000.000
4347000.000
4249000.000
4327000.000
4243000.000
4272000.000
4295000.000
4282000.000
4242000.000
4325000.000
4161000.000
4206000.000
4170000.000
4082000.000
4059000.000
3768000.000
3879000.000
3838000.000
3878000.000
802000.000
735000.000
739000.000
680000.000
738000.000
748000.000
816000.000
834000.000
809000.000
840000.000
859000.000
880000.000
917000.000
944000.000
1022000.000
944000.000
905000.000
886000.000
1035000.000
908000.000
911000.000
946000.000
937000.000
1044000.000
1000000.000
932000.000
913000.000
1017000.000
965000.000
974000.000
910000.000
899000.000
906000.000
1001000.000
959000.000
871000.000
942000.000
964000.000
991000.000
930000.000
1069000.000
1104000.000
1056000.000
956000.000
1015000.000
1053000.000
1023000.000
1165000.000
1066000.000
1121000.000
1175000.000
1072000.000
1117000.000
1130000.000
1068000.000
1084000.000
1184000.000
1112000.000
1109000.000
1093000.000
1156000.000
1180000.000
1618000.000
3832000.000
5819000.000
6688000.000
6593000.000
6838000.000
6814000.000
6886000.000
6612000.000
6619000.000
6676000.000
6614000.000
6645000.000
6596000.000
6557000.000
6466000.000
6534000.000
6453000.000
6365000.000
6439000.000
6399000.000
6560000.000
6426000.000
6392000.000
6483000.000
6237000.000
6272000.000
6199000.000
6370000.000
6526000.000
6551000.000
6651000.000
6460000.000
6549000.000
6479000.000
6344000.000
6316000.000
6320000.000
6361000.000
6419000.000
6409000.000
6355000.000
6457000.000
6435000.000
6455000.000
6287000.000
6292000.000
6183000.000
6296000.000
6221000.000
6191000.000
6201000.000
6214000.000
6185000.000
6058000.000
5977000.000
6162000.000
6023000.000
6094000.000
5899000.000
6025000.000
5930000.000
5854000.000
5852000.000
5961000.000
5840000.000
5876000.000
5785000.000
5821000.000
5828000.000
5757000.000
5716000.000
5719000.000
5669000.000
5816000.000
5823000.000
5636000.000
5699000.000
5554000.000
5412000.000
5485000.000
5485000.000
5487000.000
5499000.000
5324000.000
5451000.000
5438000.000
5327000.000
5402000.000
5289000.000
5204000.000
5080000.000
5198000.000
5129000.000
5068000.000
4897000.000
4995000.000
5035000.000
4918000.000
5037000.000
4884000.000
5045000.000
5092000.000
4848000.000
4911000.000
4840000.000
4889000.000
4711000.000
4693000.000
4688000.000
4684000.000
4637000.000
4614000.000
4681000.000
4713000.000
4695000.000
4658000.000
4574000.000
4439000.000
4537000.000
4418000.000
4349000.000
4365000.000
4406000.000
4445000.000
4338000.000
4326000.000
4381000.000
4267000.000
4192000.000
4292000.000
4293000.000
4132000.000
4120000.000
4091000.000
3873000.000
3801000.000
3857000.000
3884000.000
722000.000
739000.000
806000.000
809000.000
864000.000
876000.000
915000.000
887000.000
908000.000
930000.000
943000.000
986000.000
963000.000
957000.000
874000.000
906000.000
930000.000
974000.000
1016000.000
995000.000
971000.000
1010000.000
936000.000
949000.000
993000.000
962000.000
937000.000
1029000.000
984000.000
886000.000
938000.000
915000.000
929000.000
973000.000
942000.000
1049000.000
954000.000
1043000.000
969000.000
1088000.000
1101000.000
967000.000
987000.000
1037000.000
1107000.000
1062000.000
1157000.000
1130000.000
1056000.000
1134000.000
1141000.000
1130000.000
1118000.000
1065000.000
1113000.000
1080000.000
1117000.000
1088000.000
1071000.000
1125000.000
1183000.000
1362000.000
2717000.000
5443000.000
6618000.000
6601000.000
6551000.000
6779000.000
6653000.000
6669000.000
6598000.000
6590000.000
6722000.000
6671000.000
6678000.000
6555000.000
6421000.000
6504000.000
6388000.000
6337000.000
6457000.000
6485000.000
6445000.000
6306000.000
6205000.000
6195000.000
6267000.000
6241000.000
6259000.000
6432000.000
6555000.000
6452000.000
6480000.000
6477000.000
6466000.000
6480000.000
6322000.000
6318000.000
6510000.000
6335000.000
6374000.000
6412000.000
6306000.000
6399000.000
6371000.000
6433000.000
6255000.000
6208000.000
6208000.000
6099000.000
6260000.000
6233000.000
6078000.000
6036000.000
6073000.000
6141000.000
6205000.000
6136000.000
6071000.000
6037000.000
5881000.000
5919000.000
5989000.000
5944000.000
5910000.000
5810000.000
5950000.000
5863000.000
5776000.000
5919000.000
5802000.000
5729000.000
5785000.000
5646000.000
5636000.000
5661000.000
5732000.000
5646000.000
5445000.000
5613000.000
5546000.000
5463000.000
5522000.000
5413000.000
5473000.000
5410000.000
5439000.000
5389000.000
5167000.000
5180000.000
5252000.000
5110000.000
5064000.000
5133000.000
5057000.000
5018000.000
4907000.000
4940000.000
4961000.000
4938000.000
4833000.000
4903000.000
4849000.000
4983000.000
4872000.000
4855000.000
4812000.000
4794000.000
4674000.000
4688000.000
4555000.000
4662000.000
4674000.000
4581000.000
4528000.000
4674000.000
4743000.000
4664000.000
4590000.000
4548000.000
4574000.000
4428000.000
4321000.000
4343000.000
4241000.000
4467000.000
4263000.000
4306000.000
4326000.000
4270000.000
4315000.000
4362000.000
4189000.000
4011000.000
4069000.000
4053000.000
3885000.000
3746000.000
3723000.000
3776000.000
3744000.000
750000.000
827000.000
830000.000
809000.000
863000.000
901000.000
906000.000
933000.000
967000.000
1004000.000
1010000.000
920000.000
926000.000
941000.000
944000.000
965000.000
978000.000
939000.000
1004000.000
1078000.000
1071000.000
1014000.000
951000.000
954000.000
1004000.000
1019000.000
969000.000
1046000.000
1021000.000
977000.000
1005000.000
1049000.000
996000.000
1044000.000
973000.000
1008000.000
1001000.000
983000.000
1103000.000
1043000.000
1056000.000
1044000.000
1026000.000
1006000.000
1052000.000
1054000.000
1083000.000
1099000.000
1067000.000
1155000.000
1123000.000
1117000.000
1138000.000
1084000.000
1076000.000
1105000.000
1095000.000
1144000.000
1114000.000
1104000.000
1145000.000
1184000.000
1378000.000
2790000.000
5175000.000
6479000.000
6668000.000
6630000.000
6635000.000
6633000.000
6618000.000
6516000.000
6532000.000
6715000.000
6569000.000
6528000.000
6610000.000
6461000.000
6637000.000
6567000.000
6540000.000
6462000.000
6367000.000
6320000.000
6322000.000
6310000.000
6131000.000
6320000.000
6205000.000
6201000.000
6418000.000
6431000.000
6430000.000
6569000.000
6481000.000
6361000.000
6380000.000
6348000.000
6421000.000
6306000.000
6468000.000
6386000.000
6371000.000
6392000.000
6371000.000
6247000.000
6297000.000
6226000.000
6219000.000
6180000.000
6134000.000
6102000.000
6252000.000
6145000.000
6176000.000
6288000.000
6043000.000
6045000.000
6004000.000
6114000.000
6148000.000
6140000.000
5904000.000
5724000.000
5943000.000
5814000.000
5856000.000
5833000.000
5894000.000
5841000.000
5780000.000
5880000.000
5584000.000
5583000.000
5699000.000
5577000.000
5627000.000
5613000.000
5489000.000
5469000.000
5462000.000
5407000.000
5510000.000
5544000.000
5402000.000
5375000.000
5233000.000
5374000.000
5290000.000
5290000.000
5172000.000
5158000.000
5145000.000
5053000.000
4977000.000
5108000.000
5043000.000
5007000.000
5051000.000
4986000.000
4944000.000
4863000.000
5028000.000
4978000.000
4799000.000
4783000.000
4793000.000
4803000.000
4735000.000
4719000.000
4707000.000
4540000.000
4596000.000
4706000.000
4566000.000
4550000.000
4619000.000
4585000.000
4630000.000
4629000.000
4548000.000
4392000.000
4336000.000
4323000.000
4361000.000
4432000.000
4365000.000
4360000.000
4326000.000
4257000.000
4377000.000
4226000.000
4221000.000
4063000.000
4119000.000
3854000.000
3960000.000
3743000.000
3750000.000
3703000.000
3795000.000
816000.000
882000.000
792000.000
914000.000
904000.000
908000.000
897000.000
978000.000
977000.000
995000.000
983000.000
911000.000
987000.000
995000.000
1034000.000
1014000.000
902000.000
974000.000
940000.000
994000.000
1050000.000
996000.000
976000.000
1110000.000
1041000.000
964000.000
961000.000
1091000.000
1024000.000
984000.000
1028000.000
1060000.000
1044000.000
1000000.000
987000.000
981000.000
1022000.000
1071000.000
1090000.000
1034000.000
1028000.000
1003000.000
1134000.000
1091000.000
1060000.000
1050000.000
1035000.000
1109000.000
1077000.000
1134000.000
1112000.000
1067000.000
1079000.000
1155000.000
1133000.000
1064000.000
1124000.000
1137000.000
1117000.000
1066000.000
1133000.000
1223000.000
1817000.000
3816000.000
5996000.000
6496000.000
6556000.000
6600000.000
6590000.000
6596000.000
6530000.000
6567000.000
6629000.000
6638000.000
6552000.000
6556000.000
6481000.000
6481000.000
6466000.000
6384000.000
6428000.000
6439000.000
6232000.000
6315000.000
6307000.000
6238000.000
6221000.000
6130000.000
6219000.000
6351000.000
6429000.000
6434000.000
6502000.000
6320000.000
6340000.000
6408000.000
6387000.000
6339000.000
6373000.000
6184000.000
6149000.000
6284000.000
6341000.000
6290000.000
6242000.000
6327000.000
6357000.000
6383000.000
6363000.000
6164000.000
6162000.000
6124000.000
6040000.000
6153000.000
6143000.000
6195000.000
5990000.000
5826000.000
5956000.000
6144000.000
6210000.000
6114000.000
5890000.000
5899000.000
5910000.000
6034000.000
5842000.000
5748000.000
5769000.000
5659000.000
5635000.000
5628000.000
5631000.000
5640000.000
5549000.000
5578000.000
5541000.000
5495000.000
5450000.000
5433000.000
5443000.000
5366000.000
5426000.000
5436000.000
5399000.000
5309000.000
5336000.000
5316000.000
5413000.000
5022000.000
5064000.000
5066000.000
5039000.000
4957000.000
4858000.000
4882000.000
4829000.000
4942000.000
4947000.000
4970000.000
4902000.000
5012000.000
4920000.000
4739000.000
4793000.000
4719000.000
4755000.000
4810000.000
4714000.000
4640000.000
4580000.000
4423000.000
4462000.000
4370000.000
4442000.000
4511000.000
4602000.000
4445000.000
4536000.000
4406000.000
4357000.000
4393000.000
4455000.000
4361000.000
4319000.000
4276000.000
4299000.000
4343000.000
4166000.000
4210000.000
4205000.000
4143000.000
4101000.000
3955000.000
3944000.000
3752000.000
3771000.000
3667000.000
3807000.000
3850000.000
3865000.000
845000.000
809000.000
864000.000
922000.000
908000.000
848000.000
990000.000
924000.000
1024000.000
938000.000
959000.000
1010000.000
953000.000
955000.000
1037000.000
975000.000
1043000.000
1051000.000
1014000.000
1079000.000
1076000.000
1020000.000
1032000.000
1028000.000
1045000.000
1050000.000
1114000.000
1037000.000
1035000.000
1023000.000
1021000.000
1044000.000
1058000.000
1018000.000
955000.000
962000.000
1046000.000
1048000.000
1017000.000
1069000.000
1052000.000
1126000.000
1052000.000
1109000.000
1106000.000
1074000.000
1011000.000
1025000.000
1042000.000
1083000.000
1075000.000
1043000.000
1015000.000
1089000.000
1173000.000
1072000.000
1137000.000
1096000.000
1125000.000
1111000.000
1074000.000
1137000.000
1209000.000
1737000.000
3941000.000
5987000.000
6488000.000
6533000.000
6521000.000
6611000.000
6599000.000
6539000.000
6673000.000
6686000.000
6652000.000
6627000.000
6749000.000
6545000.000
6520000.000
6416000.000
6312000.000
6328000.000
6359000.000
6241000.000
6465000.000
6319000.000
6370000.000
6177000.000
6110000.000
6184000.000
6219000.000
6440000.000
6488000.000
6482000.000
6423000.000
6390000.000
6333000.000
6231000.000
6354000.000
6321000.000
6247000.000
6328000.000
6423000.000
6208000.000
6219000.000
6366000.000
6269000.000
6208000.000
6079000.000
6159000.000
6094000.000
6051000.000
6075000.000
6157000.000
6042000.000
5971000.000
5901000.000
6000000.000
6010000.000
5978000.000
5976000.000
6092000.000
6058000.000
5787000.000
5853000.000
5893000.000
5898000.000
5889000.000
5850000.000
5758000.000
5737000.000
5712000.000
5614000.000
5422000.000
5564000.000
5633000.000
5529000.000
5487000.000
5497000.000
5466000.000
5468000.000
5377000.000
5496000.000
5439000.000
5516000.000
5378000.000
5205000.000
5269000.000
5096000.000
5044000.000
4908000.000
4957000.000
5019000.000
5123000.000
5078000.000
4940000.000
5003000.000
4865000.000
4984000.000
5051000.000
4853000.000
4873000.000
4909000.000
4899000.000
4747000.000
4755000.000
4670000.000
4687000.000
4736000.000
4716000.000
4606000.000
4583000.000
4535000.000
4542000.000
4450000.000
4639000.000
4489000.000
4537000.000
4447000.000
4447000.000
4408000.000
4350000.000
4310000.000
4326000.000
4352000.000
4298000.000
4338000.000
4349000.000
4310000.000
4314000.000
4239000.000
4157000.000
3956000.000
4020000.000
3877000.000
3846000.000
3922000.000
3901000.000
3767000.000
3906000.000
3884000.000
909000.000
1000000.000
911000.000
885000.000
917000.000
881000.000
944000.000
907000.000
984000.000
994000.000
943000.000
941000.000
1010000.000
1059000.000
1132000.000
1061000.000
1081000.000
1040000.000
1013000.000
1078000.000
1065000.000
981000.000
1028000.000
1056000.000
1082000.000
1159000.000
1147000.000
1108000.000
1032000.000
1105000.000
1086000.000
1055000.000
1034000.000
974000.000
1036000.000
1068000.000
1049000.000
1037000.000
1114000.000
1062000.000
1059000.000
1068000.000
1130000.000
1066000.000
1103000.000
1018000.000
1027000.000
1149000.000
1133000.000
1069000.000
1057000.000
1116000.000
1073000.000
1119000.000
1146000.000
1128000.000
1112000.000
1006000.000
1052000.000
1130000.000
1109000.000
1154000.000
1416000.000
2790000.000
5261000.000
6303000.000
6563000.000
6580000.000
6694000.000
6660000.000
6708000.000
6596000.000
6630000.000
6618000.000
6593000.000
6540000.000
6471000.000
6411000.000
6383000.000
6351000.000
6324000.000
6359000.000
6324000.000
6255000.000
6417000.000
6239000.000
6257000.000
6301000.000
6140000.000
6223000.000
6457000.000
6413000.000
6424000.000
6256000.000
6445000.000
6219000.000
6274000.000
6171000.000
6296000.000
6279000.000
6327000.000
6316000.000
6338000.000
6300000.000
6256000.000
6303000.000
6236000.000
6167000.000
6110000.000
6125000.000
6052000.000
6064000.000
6069000.000
5995000.000
6150000.000
6019000.000
6050000.000
5886000.000
5973000.000
5898000.000
5954000.000
5930000.000
5858000.000
5905000.000
5771000.000
5788000.000
5825000.000
5816000.000
5898000.000
5799000.000
5821000.000
5659000.000
5676000.000
5643000.000
5488000.000
5426000.000
5509000.000
5438000.000
5479000.000
5547000.000
5398000.000
5520000.000
5352000.000
5282000.000
5271000.000
5422000.000
5232000.000
5028000.000
4975000.000
5058000.000
4895000.000
4996000.000
5049000.000
5093000.000
5016000.000
4951000.000
4989000.000
4987000.000
5009000.000
5012000.000
4858000.000
4927000.000
4870000.000
4788000.000
4672000.000
4892000.000
4600000.000
4534000.000
4550000.000
4593000.000
4494000.000
4585000.000
4600000.000
4531000.000
4580000.000
4500000.000
4499000.000
4395000.000
4425000.000
4405000.000
4315000.000
4200000.000
4173000.000
4257000.000
4199000.000
4314000.000
4282000.000
4185000.000
4138000.000
4317000.000
4320000.000
4071000.000
4039000.000
3936000.000
3878000.000
3891000.000
3704000.000
3699000.000
3769000.000
3874000.000
3869000.000
890000.000
880000.000
900000.000
876000.000
905000.000
938000.000
898000.000
951000.000
999000.000
1001000.000
971000.000
936000.000
981000.000
1084000.000
1119000.000
1070000.000
1066000.000
1116000.000
1059000.000
1026000.000
1063000.000
1025000.000
1076000.000
1017000.000
1069000.000
1079000.000
1173000.000
1070000.000
1038000.000
1021000.000
1102000.000
1094000.000
1100000.000
1008000.000
953000.000
1013000.000
1013000.000
1015000.000
1059000.000
1131000.000
1098000.000
1035000.000
1022000.000
1087000.000
1051000.000
1000000.000
1076000.000
1017000.000
1017000.000
1065000.000
1045000.000
1046000.000
1164000.000
1134000.000
1130000.000
1076000.000
1091000.000
1139000.000
1065000.000
1099000.000
1140000.000
1136000.000
1240000.000
1290000.000
2511000.000
4973000.000
6327000.000
6504000.000
6556000.000
6454000.000
6560000.000
6512000.000
6720000.000
6463000.000
6559000.000
6545000.000
6474000.000
6560000.000
6451000.000
6323000.000
6225000.000
6336000.000
6375000.000
6221000.000
6213000.000
6309000.000
6212000.000
6266000.000
6241000.000
6139000.000
6118000.000
6266000.000
6471000.000
6444000.000
6448000.000
6331000.000
6284000.000
6429000.000
6356000.000
6184000.000
6240000.000
6127000.000
6194000.000
6105000.000
6259000.000
6317000.000
6343000.000
6307000.000
6144000.000
6095000.000
6084000.000
6145000.000
6224000.000
6102000.000
6119000.000
6107000.000
6042000.000
5964000.000
6031000.000
5978000.000
5973000.000
5885000.000
5980000.000
5976000.000
5963000.000
5871000.000
5829000.000
5950000.000
5778000.000
5785000.000
5748000.000
5600000.000
5609000.000
5555000.000
5500000.000
5524000.000
5536000.000
5442000.000
5448000.000
5522000.000
5533000.000
5434000.000
5379000.000
5392000.000
5395000.000
5205000.000
5236000.000
5263000.000
5150000.000
5039000.000
5039000.000
5096000.000
5040000.000
5015000.000
4995000.000
4864000.000
4875000.000
4855000.000
4856000.000
4785000.000
4884000.000
4840000.000
4726000.000
4817000.000
4678000.000
4690000.000
4648000.000
4620000.000
4473000.000
4601000.000
4446000.000
4561000.000
4546000.000
4427000.000
4548000.000
4428000.000
4480000.000
4466000.000
4319000.000
4335000.000
4259000.000
4228000.000
4176000.000
4116000.000
4218000.000
4309000.000
4285000.000
4134000.000
4219000.000
4122000.000
4079000.000
4042000.000
4195000.000
4135000.000
3985000.000
3810000.000
3841000.000
3916000.000
3749000.000
3854000.000
3876000.000
953000.000
927000.000
951000.000
948000.000
951000.000
953000.000
1018000.000
1019000.000
1013000.000
1067000.000
994000.000
1013000.000
1087000.000
1157000.000
1129000.000
1129000.000
1110000.000
1106000.000
1109000.000
1101000.000
1070000.000
1145000.000
1084000.000
1063000.000
1036000.000
1123000.000
1129000.000
1068000.000
1030000.000
1120000.000
1041000.000
1103000.000
1066000.000
1018000.000
1068000.000
1047000.000
987000.000
998000.000
1129000.000
1076000.000
1019000.000
1029000.000
1065000.000
1097000.000
1062000.000
989000.000
1084000.000
995000.000
940000.000
1056000.000
1190000.000
1108000.000
1131000.000
1103000.000
1112000.000
1150000.000
1168000.000
1092000.000
1052000.000
1039000.000
1108000.000
1153000.000
1168000.000
1799000.000
4039000.000
6058000.000
6517000.000
6584000.000
6638000.000
6569000.000
6573000.000
6633000.000
6495000.000
6730000.000
6651000.000
6563000.000
6575000.000
6482000.000
6246000.000
6342000.000
6273000.000
6376000.000
6274000.000
6176000.000
6266000.000
6202000.000
6152000.000
6205000.000
5976000.000
6001000.000
6143000.000
6234000.000
6324000.000
6298000.000
6302000.000
6228000.000
6398000.000
6264000.000
6291000.000
6271000.000
6292000.000
6148000.000
6240000.000
6305000.000
6111000.000
6329000.000
6211000.000
6267000.000
6063000.000
6089000.000
6094000.000
6144000.000
6093000.000
6088000.000
6190000.000
6149000.000
5965000.000
5905000.000
5975000.000
5994000.000
5780000.000
5950000.000
5944000.000
5762000.000
5719000.000
5738000.000
5853000.000
5864000.000
5674000.000
5716000.000
5776000.000
5604000.000
5601000.000
5730000.000
5537000.000
5604000.000
5510000.000
5313000.000
5565000.000
5373000.000
5433000.000
5373000.000
5273000.000
5303000.000
5279000.000
5183000.000
5213000.000
5145000.000
4986000.000
5029000.000
5019000.000
5026000.000
5128000.000
5024000.000
5058000.000
5076000.000
4795000.000
4867000.000
4954000.000
4840000.000
4763000.000
4829000.000
4707000.000
4721000.000
4687000.000
4647000.000
4761000.000
4580000.000
4620000.000
4593000.000
4344000.000
4410000.000
4316000.000
4341000.000
4447000.000
4377000.000
4351000.000
4304000.000
4251000.000
4400000.000
4320000.000
4168000.000
4236000.000
4184000.000
4143000.000
4131000.000
4181000.000
4155000.000
4238000.000
4199000.000
4200000.000
4126000.000
4173000.000
4032000.000
4091000.000
3867000.000
3943000.000
3745000.000
3792000.000
3810000.000
3925000.000
994000.000
995000.000
928000.000
1030000.000
976000.000
991000.000
984000.000
1138000.000
1128000.000
1087000.000
1059000.000
1096000.000
1097000.000
1105000.000
1076000.000
1164000.000
1132000.000
1070000.000
1086000.000
1046000.000
1073000.000
1156000.000
1186000.000
1108000.000
1087000.000
1006000.000
1104000.000
1025000.000
1069000.000
1116000.000
1028000.000
980000.000
1035000.000
1038000.000
1042000.000
1001000.000
1048000.000
1015000.000
1008000.000
1133000.000
1055000.000
1059000.000
1090000.000
1114000.000
1049000.000
1091000.000
1006000.000
1012000.000
1050000.000
1056000.000
1083000.000
1144000.000
1172000.000
1074000.000
1075000.000
1092000.000
1181000.000
1176000.000
1142000.000
1090000.000
1184000.000
1180000.000
1109000.000
1225000.000
1652000.000
3689000.000
5977000.000
6502000.000
6647000.000
6649000.000
6561000.000
6659000.000
6655000.000
6764000.000
6451000.000
6529000.000
6696000.000
6560000.000
6448000.000
6313000.000
6352000.000
6432000.000
6277000.000
6231000.000
6227000.000
6151000.000
6164000.000
6332000.000
6196000.000
6200000.000
6180000.000
6299000.000
6282000.000
6387000.000
6349000.000
6428000.000
6410000.000
6276000.000
6350000.000
6336000.000
6242000.000
6359000.000
6236000.000
6316000.000
6441000.000
6195000.000
6140000.000
6278000.000
6213000.000
6367000.000
6129000.000
6089000.000
6049000.000
6286000.000
6137000.000
6015000.000
5999000.000
6046000.000
5960000.000
6086000.000
5938000.000
5961000.000
5907000.000
6008000.000
5937000.000
5818000.000
5811000.000
5934000.000
5906000.000
5870000.000
5702000.000
5729000.000
5785000.000
5667000.000
5603000.000
5704000.000
5476000.000
5496000.000
5438000.000
5554000.000
5415000.000
5436000.000
5329000.000
5378000.000
5274000.000
5259000.000
5297000.000
5361000.000
5224000.000
5142000.000
5126000.000
5119000.000
4951000.000
5024000.000
4934000.000
5145000.000
4979000.000
5015000.000
4968000.000
4963000.000
4963000.000
4987000.000
4995000.000
4796000.000
4787000.000
4744000.000
4649000.000
4575000.000
4554000.000
4624000.000
4657000.000
4585000.000
4529000.000
4487000.000
4402000.000
4222000.000
4339000.000
4318000.000
4325000.000
4500000.000
4292000.000
4117000.000
4116000.000
4216000.000
4268000.000
4324000.000
4328000.000
4214000.000
4255000.000
4286000.000
4180000.000
4058000.000
4053000.000
4157000.000
3968000.000
3948000.000
3927000.000
3906000.000
3872000.000
3813000.000
3945000.000
980000.000
1009000.000
1078000.000
1045000.000
1069000.000
1037000.000
1160000.000
1124000.000
1079000.000
1083000.000
1054000.000
1180000.000
1126000.000
1128000.000
1126000.000
1039000.000
1013000.000
1102000.000
1064000.000
1062000.000
1099000.000
1166000.000
1064000.000
1101000.000
1090000.000
1067000.000
1109000.000
1151000.000
1085000.000
1016000.000
966000.000
1033000.000
1039000.000
1018000.000
1022000.000
1026000.000
1058000.000
1127000.000
1156000.000
1082000.000
1057000.000
972000.000
1022000.000
1049000.000
1082000.000
1028000.000
1018000.000
1079000.000
1167000.000
1056000.000
1018000.000
1014000.000
1090000.000
1059000.000
1133000.000
1108000.000
1128000.000
1115000.000
1069000.000
1100000.000
1117000.000
1192000.000
1221000.000
1460000.000
2760000.000
5411000.000
6245000.000
6611000.000
6594000.000
6507000.000
6640000.000
6650000.000
6524000.000
6557000.000
6438000.000
6529000.000
6554000.000
6495000.000
6312000.000
6291000.000
6246000.000
6320000.000
6237000.000
6191000.000
6228000.000
6329000.000
6322000.000
6214000.000
6184000.000
6092000.000
6390000.000
6305000.000
6325000.000
6287000.000
6284000.000
6374000.000
6405000.000
6263000.000
6256000.000
6257000.000
6265000.000
6357000.000
6215000.000
6177000.000
6192000.000
6185000.000
6319000.000
6281000.000
6206000.000
6271000.000
6167000.000
6078000.000
6117000.000
6168000.000
5979000.000
6066000.000
5919000.000
5840000.000
5887000.000
5920000.000
5931000.000
5897000.000
5836000.000
5967000.000
5807000.000
5740000.000
5848000.000
5861000.000
5744000.000
5947000.000
5705000.000
5683000.000
5669000.000
5607000.000
5652000.000
5550000.000
5483000.000
5484000.000
5583000.000
5596000.000
5562000.000
5535000.000
5466000.000
5324000.000
5311000.000
5277000.000
5052000.000
5101000.000
5199000.000
5002000.000
5065000.000
5003000.000
5003000.000
5079000.000
5044000.000
4958000.000
5009000.000
4946000.000
4782000.000
4922000.000
4840000.000
4673000.000
4663000.000
4734000.000
4722000.000
4651000.000
4625000.000
4562000.000
4605000.000
4583000.000
4529000.000
4511000.000
4466000.000
4339000.000
4361000.000
4274000.000
4285000.000
4454000.000
4306000.000
4366000.000
4204000.000
4242000.000
4339000.000
4213000.000
4172000.000
4293000.000
4212000.000
4287000.000
4188000.000
4145000.000
4120000.000
4006000.000
3913000.000
4017000.000
3913000.000
4046000.000
3948000.000
3795000.000
3746000.000
3796000.000
3906000.000
990000.000
988000.000
1043000.000
1005000.000
1048000.000
1135000.000
1137000.000
1145000.000
1104000.000
1177000.000
1134000.000
1094000.000
1208000.000
1164000.000
1106000.000
1124000.000
1101000.000
1073000.000
1124000.000
1155000.000
1041000.000
1105000.000
1068000.000
1143000.000
1017000.000
1063000.000
1117000.000
1117000.000
1164000.000
1031000.000
979000.000
986000.000
930000.000
1080000.000
991000.000
1029000.000
1076000.000
1070000.000
1134000.000
1097000.000
1099000.000
1050000.000
1073000.000
1049000.000
1094000.000
1059000.000
1028000.000
1036000.000
1035000.000
1081000.000
1146000.000
1059000.000
1081000.000
1000000.000
1083000.000
1104000.000
1038000.000
1036000.000
1129000.000
1063000.000
1117000.000
1156000.000
1133000.000
1220000.000
1478000.000
3067000.000
5442000.000
6452000.000
6649000.000
6637000.000
6706000.000
6617000.000
6608000.000
6606000.000
6482000.000
6642000.000
6678000.000
6526000.000
6517000.000
6524000.000
6254000.000
6277000.000
6454000.000
6406000.000
6178000.000
6252000.000
6305000.000
6159000.000
6286000.000
6195000.000
6100000.000
6203000.000
6332000.000
6335000.000
6371000.000
6413000.000
6440000.000
6369000.000
6319000.000
6328000.000
6314000.000
6438000.000
6285000.000
6237000.000
6243000.000
6248000.000
6263000.000
6226000.000
6301000.000
6298000.000
6268000.000
6229000.000
6230000.000
6262000.000
6201000.000
6108000.000
5999000.000
6145000.000
5954000.000
5903000.000
5873000.000
5833000.000
5956000.000
5879000.000
5891000.000
5843000.000
5759000.000
5804000.000
5736000.000
5701000.000
5633000.000
5801000.000
5726000.000
5621000.000
5553000.000
5605000.000
5505000.000
5374000.000
5628000.000
5428000.000
5376000.000
5450000.000
5461000.000
5414000.000
5252000.000
5199000.000
5195000.000
5138000.000
5124000.000
5152000.000
5157000.000
5168000.000
5107000.000
5036000.000
5187000.000
4991000.000
5027000.000
4803000.000
4900000.000
4726000.000
4928000.000
4861000.000
4766000.000
4799000.000
4745000.000
4754000.000
4707000.000
4629000.000
4503000.000
4590000.000
4522000.000
4630000.000
4452000.000
4501000.000
4372000.000
4327000.000
4322000.000
4340000.000
4237000.000
4245000.000
4315000.000
4277000.000
4263000.000
4178000.000
4241000.000
4293000.000
4238000.000
4267000.000
4199000.000
4108000.000
4069000.000
4087000.000
3950000.000
3967000.000
4021000.000
3991000.000
4019000.000
3846000.000
3772000.000
3751000.000
3855000.000
1079000.000
1108000.000
1116000.000
1090000.000
1065000.000
1170000.000
1128000.000
1080000.000
1164000.000
1140000.000
1117000.000
1129000.000
1147000.000
1144000.000
1083000.000
1171000.000
1131000.000
1095000.000
1213000.000
1075000.000
1162000.000
1152000.000
1146000.000
1135000.000
1113000.000
1101000.000
1140000.000
1104000.000
1121000.000
1052000.000
1027000.000
962000.000
1000000.000
1052000.000
1038000.000
1005000.000
1056000.000
997000.000
1047000.000
1043000.000
1126000.000
1059000.000
1075000.000
1071000.000
1134000.000
1108000.000
1116000.000
1132000.000
1046000.000
1113000.000
1049000.000
1032000.000
1006000.000
1045000.000
1098000.000
1061000.000
1046000.000
1018000.000
1030000.000
1117000.000
1086000.000
1081000.000
1113000.000
1362000.000
2447000.000
4873000.000
6374000.000
6651000.000
6524000.000
6642000.000
6579000.000
6583000.000
6659000.000
6524000.000
6572000.000
6454000.000
6426000.000
6461000.000
6337000.000
6301000.000
6259000.000
6288000.000
6232000.000
6210000.000
6289000.000
6397000.000
6304000.000
6308000.000
6299000.000
6128000.000
6201000.000
6398000.000
6362000.000
6407000.000
6553000.000
6412000.000
6371000.000
6386000.000
6272000.000
6195000.000
6374000.000
6294000.000
6271000.000
6183000.000
6364000.000
6165000.000
6169000.000
6194000.000
5962000.000
6218000.000
6240000.000
6285000.000
6242000.000
6278000.000
6035000.000
6138000.000
5953000.000
5869000.000
5850000.000
5988000.000
6008000.000
5888000.000
5911000.000
5878000.000
5851000.000
5810000.000
5733000.000
5701000.000
5876000.000
5897000.000
5783000.000
5664000.000
5724000.000
5584000.000
5507000.000
5547000.000
5403000.000
5380000.000
5328000.000
5411000.000
5329000.000
5406000.000
5308000.000
5304000.000
5177000.000
5135000.000
5206000.000
5036000.000
5109000.000
5137000.000
5117000.000
5112000.000
5024000.000
4941000.000
5026000.000
5066000.000
4937000.000
4942000.000
4794000.000
4816000.000
4907000.000
4687000.000
4695000.000
4718000.000
4628000.000
4743000.000
4595000.000
4576000.000
4497000.000
4466000.000
4500000.000
4434000.000
4468000.000
4340000.000
4419000.000
4311000.000
4260000.000
4410000.000
4335000.000
4227000.000
4086000.000
4081000.000
4013000.000
4019000.000
4138000.000
4146000.000
4248000.000
4099000.000
4081000.000
4072000.000
4071000.000
3905000.000
4035000.000
4005000.000
3870000.000
3794000.000
3868000.000
3647000.000
3676000.000
3699000.000
3771000.000
1091000.000
1165000.000
1089000.000
1124000.000
1075000.000
1027000.000
1110000.000
1104000.000
1153000.000
1076000.000
1083000.000
1199000.000
1146000.000
1070000.000
1134000.000
1125000.000
1141000.000
1152000.000
1164000.000
1153000.000
1055000.000
1118000.000
1128000.000
1035000.000
1049000.000
1083000.000
1150000.000
1132000.000
1090000.000
1043000.000
1059000.000
1016000.000
991000.000
1063000.000
1110000.000
1037000.000
1043000.000
1063000.000
1027000.000
1141000.000
1040000.000
1035000.000
1077000.000
1107000.000
1091000.000
1118000.000
1065000.000
1114000.000
1060000.000
1130000.000
1071000.000
1077000.000
1097000.000
1126000.000
1086000.000
1130000.000
1010000.000
1028000.000
1032000.000
1018000.000
1113000.000
1154000.000
1129000.000
1115000.000
1226000.000
2116000.000
4807000.000
6167000.000
6403000.000
6482000.000
6651000.000
6645000.000
6609000.000
6625000.000
6583000.000
6415000.000
6527000.000
6561000.000
6441000.000
6271000.000
6446000.000
6216000.000
6335000.000
6315000.000
6139000.000
6109000.000
6194000.000
6131000.000
6237000.000
6212000.000
6062000.000
6346000.000
6351000.000
6230000.000
6220000.000
6366000.000
6330000.000
6264000.000
6292000.000
6256000.000
6157000.000
6182000.000
6391000.000
6215000.000
6113000.000
6209000.000
6143000.000
6197000.000
6208000.000
6112000.000
6035000.000
6203000.000
5994000.000
6039000.000
6198000.000
5987000.000
5965000.000
5891000.000
5861000.000
5871000.000
5964000.000
5931000.000
5898000.000
6020000.000
5840000.000
5812000.000
5786000.000
5715000.000
5751000.000
5869000.000
5751000.000
5680000.000
5615000.000
5596000.000
5642000.000
5587000.000
5601000.000
5531000.000
5418000.000
5334000.000
5308000.000
5299000.000
5264000.000
5469000.000
5321000.000
5279000.000
5123000.000
5077000.000
5064000.000
5132000.000
5135000.000
5020000.000
4954000.000
4962000.000
4988000.000
4976000.000
4943000.000
4965000.000
4845000.000
4814000.000
4884000.000
4695000.000
4787000.000
4745000.000
4704000.000
4668000.000
4558000.000
4499000.000
4469000.000
4481000.000
4569000.000
4422000.000
4422000.000
4503000.000
4392000.000
4210000.000
4172000.000
4291000.000
4316000.000
4314000.000
4329000.000
4154000.000
4136000.000
4170000.000
4191000.000
4179000.000
4031000.000
4024000.000
4123000.000
3993000.000
4008000.000
4028000.000
4041000.000
4000000.000
3928000.000
3964000.000
3903000.000
3791000.000
3612000.000
3558000.000
3627000.000
1023000.000
1039000.000
1069000.000
1098000.000
1050000.000
1154000.000
1194000.000
1052000.000
1142000.000
1137000.000
1096000.000
1175000.000
1107000.000
1157000.000
1143000.000
1111000.000
1079000.000
1023000.000
1083000.000
1109000.000
1210000.000
1182000.000
1123000.000
1139000.000
1046000.000
1135000.000
1104000.000
1139000.000
1088000.000
1002000.000
1074000.000
1007000.000
990000.000
1038000.000
1061000.000
1073000.000
1128000.000
1090000.000
1041000.000
1073000.000
1115000.000
1048000.000
1115000.000
1176000.000
1068000.000
1101000.000
1102000.000
1062000.000
1091000.000
1066000.000
1114000.000
1101000.000
1073000.000
1130000.000
1017000.000
986000.000
1025000.000
1011000.000
1035000.000
1039000.000
1069000.000
1107000.000
1109000.000
1191000.000
1750000.000
3800000.000
5967000.000
6274000.000
6532000.000
6606000.000
6629000.000
6700000.000
6573000.000
6457000.000
6416000.000
6510000.000
6488000.000
6471000.000
6456000.000
6244000.000
6225000.000
6174000.000
6176000.000
6140000.000
6296000.000
6269000.000
6152000.000
6216000.000
6239000.000
6257000.000
6148000.000
6464000.000
6243000.000
6175000.000
6249000.000
6273000.000
6283000.000
6257000.000
6165000.000
6272000.000
6250000.000
6221000.000
6271000.000
6271000.000
6188000.000
6159000.000
6117000.000
6107000.000
6040000.000
5992000.000
5934000.000
5971000.000
6111000.000
6053000.000
6153000.000
6052000.000
5942000.000
5771000.000
5924000.000
5916000.000
5894000.000
5929000.000
5897000.000
5862000.000
5800000.000
5787000.000
5844000.000
5791000.000
5754000.000
5689000.000
5720000.000
5745000.000
5591000.000
5574000.000
5529000.000
5565000.000
5373000.000
5550000.000
5463000.000
5331000.000
5273000.000
5339000.000
5332000.000
5238000.000
5271000.000
5168000.000
5095000.000
5136000.000
4990000.000
4939000.000
5046000.000
4974000.000
4896000.000
4839000.000
4935000.000
4893000.000
4859000.000
4844000.000
4780000.000
4728000.000
4737000.000
4789000.000
4665000.000
4667000.000
4606000.000
4510000.000
4603000.000
4427000.000
4370000.000
4549000.000
4401000.000
4359000.000
4275000.000
4321000.000
4319000.000
4247000.000
4215000.000
4280000.000
4185000.000
4225000.000
4190000.000
4094000.000
4023000.000
4082000.000
4047000.000
4046000.000
4119000.000
4033000.000
3994000.000
3996000.000
4054000.000
4079000.000
3899000.000
3913000.000
3913000.000
3961000.000
3821000.000
3620000.000
3500000.000
3561000.000
3490000.000
1008000.000
1022000.000
1076000.000
1027000.000
1061000.000
1033000.000
1053000.000
1030000.000
1082000.000
1122000.000
1058000.000
1068000.000
1125000.000
1139000.000
1114000.000
1061000.000
1121000.000
1147000.000
1081000.000
1102000.000
1212000.000
1130000.000
1118000.000
1109000.000
1037000.000
1122000.000
1136000.000
1189000.000
1048000.000
1017000.000
992000.000
999000.000
1024000.000
979000.000
1005000.000
957000.000
1063000.000
1032000.000
1047000.000
1105000.000
1174000.000
1121000.000
1057000.000
1093000.000
1091000.000
1136000.000
1022000.000
1046000.000
1053000.000
1048000.000
1026000.000
1092000.000
1122000.000
1055000.000
1101000.000
1043000.000
1011000.000
968000.000
1040000.000
1142000.000
1089000.000
1014000.000
1041000.000
1078000.000
1268000.000
1648000.000
3727000.000
5939000.000
6335000.000
6629000.000
6585000.000
6506000.000
6631000.000
6591000.000
6484000.000
6476000.000
6477000.000
6380000.000
6369000.000
6481000.000
6211000.000
6129000.000
6219000.000
6232000.000
6178000.000
6235000.000
6278000.000
6120000.000
6112000.000
6136000.000
5983000.000
6282000.000
6259000.000
6293000.000
6394000.000
6182000.000
6156000.000
6294000.000
6230000.000
6345000.000
6169000.000
6203000.000
6198000.000
6167000.000
6261000.000
6151000.000
6138000.000
6213000.000
6161000.000
6057000.000
6024000.000
6071000.000
6184000.000
6109000.000
6041000.000
5946000.000
6018000.000
5993000.000
5977000.000
5988000.000
6030000.000
5878000.000
5902000.000
5804000.000
5819000.000
5871000.000
5982000.000
5863000.000
5770000.000
5589000.000
5644000.000
5758000.000
5689000.000
5570000.000
5602000.000
5485000.000
5481000.000
5386000.000
5407000.000
5412000.000
5494000.000
5363000.000
5298000.000
5293000.000
5205000.000
5173000.000
5204000.000
5053000.000
5062000.000
5052000.000
4915000.000
5004000.000
4860000.000
4927000.000
4991000.000
5037000.000
5007000.000
4811000.000
4697000.000
4716000.000
4682000.000
4723000.000
4699000.000
4782000.000
4707000.000
4556000.000
4668000.000
4535000.000
4600000.000
4417000.000
4544000.000
4443000.000
4546000.000
4405000.000
4388000.000
4331000.000
4273000.000
4396000.000
4229000.000
4186000.000
4171000.000
4083000.000
4213000.000
4087000.000
4100000.000
4071000.000
4075000.000
3901000.000
3985000.000
3884000.000
3906000.000
3940000.000
3955000.000
3845000.000
3853000.000
3887000.000
3853000.000
3714000.000
3586000.000
3587000.000
3472000.000
1073000.000
1082000.000
1073000.000
1001000.000
1076000.000
1078000.000
1021000.000
962000.000
1018000.000
1031000.000
1110000.000
991000.000
1070000.000
1118000.000
1082000.000
1082000.000
1133000.000
1017000.000
1075000.000
1056000.000
1047000.000
1130000.000
1097000.000
1029000.000
1068000.000
1105000.000
1020000.000
1040000.000
1044000.000
1021000.000
992000.000
1015000.000
942000.000
920000.000
1066000.000
1023000.000
1004000.000
1095000.000
1018000.000
1028000.000
1179000.000
1041000.000
1021000.000
1096000.000
1068000.000
1099000.000
1055000.000
1048000.000
1055000.000
1001000.000
1076000.000
1067000.000
1090000.000
1071000.000
1123000.000
1013000.000
1021000.000
1008000.000
1061000.000
1131000.000
1027000.000
1081000.000
1077000.000
1147000.000
1540000.000
3308000.000
5734000.000
6540000.000
6504000.000
6433000.000
6573000.000
6700000.000
6468000.000
6338000.000
6305000.000
6311000.000
6314000.000
6411000.000
6263000.000
6232000.000
6219000.000
6362000.000
6216000.000
6160000.000
6202000.000
6386000.000
6143000.000
6118000.000
6082000.000
6019000.000
6203000.000
6244000.000
6237000.000
6322000.000
6279000.000
6142000.000
6242000.000
6316000.000
6306000.000
6325000.000
6270000.000
6336000.000
6258000.000
6094000.000
6059000.000
5924000.000
5983000.000
6052000.000
6085000.000
6085000.000
6118000.000
6133000.000
5980000.000
6089000.000
5943000.000
5993000.000
5989000.000
6007000.000
5998000.000
5827000.000
5885000.000
5861000.000
5748000.000
5761000.000
5820000.000
5752000.000
5816000.000
5697000.000
5731000.000
5716000.000
5730000.000
5602000.000
5677000.000
5524000.000
5468000.000
5515000.000
5310000.000
5290000.000
5336000.000
5314000.000
5433000.000
5349000.000
5252000.000
5372000.000
5216000.000
5130000.000
5047000.000
5059000.000
5036000.000
4966000.000
4910000.000
5007000.000
4979000.000
4968000.000
4998000.000
4856000.000
4896000.000
4778000.000
4788000.000
4720000.000
4767000.000
4682000.000
4676000.000
4804000.000
4485000.000
4484000.000
4549000.000
4358000.000
4466000.000
4403000.000
4421000.000
4439000.000
4520000.000
4320000.000
4365000.000
4350000.000
4327000.000
4155000.000
4191000.000
3990000.000
4008000.000
3919000.000
4056000.000
4005000.000
4015000.000
4122000.000
4014000.000
4046000.000
4002000.000
3909000.000
3981000.000
3936000.000
3837000.000
3830000.000
3734000.000
3727000.000
3659000.000
3484000.000
3547000.000
3463000.000
3426000.000
992000.000
1033000.000
1075000.000
1020000.000
965000.000
1025000.000
1069000.000
998000.000
1084000.000
1081000.000
1060000.000
1086000.000
1102000.000
1182000.000
1129000.000
1042000.000
1032000.000
1038000.000
1037000.000
1096000.000
1020000.000
985000.000
976000.000
1065000.000
1003000.000
1096000.000
983000.000
976000.000
1071000.000
960000.000
967000.000
989000.000
1063000.000
994000.000
1007000.000
1167000.000
1150000.000
1054000.000
1066000.000
993000.000
1001000.000
1112000.000
1067000.000
1129000.000
1042000.000
1117000.000
1146000.000
1058000.000
1073000.000
1008000.000
1042000.000
1120000.000
1061000.000
1069000.000
1066000.000
1034000.000
1046000.000
960000.000
972000.000
1143000.000
1110000.000
1070000.000
1071000.000
1072000.000
1255000.000
1660000.000
3527000.000
5767000.000
6572000.000
6500000.000
6536000.000
6634000.000
6639000.000
6501000.000
6330000.000
6403000.000
6406000.000
6450000.000
6524000.000
6280000.000
6254000.000
6148000.000
6128000.000
6198000.000
6141000.000
6151000.000
6233000.000
6106000.000
6106000.000
5966000.000
6038000.000
5995000.000
6224000.000
6328000.000
6311000.000
6269000.000
6226000.000
6219000.000
6168000.000
6239000.000
6287000.000
6232000.000
6192000.000
6093000.000
6094000.000
6098000.000
6036000.000
5928000.000
6077000.000
6059000.000
6026000.000
6061000.000
5941000.000
5985000.000
5998000.000
5898000.000
5849000.000
5931000.000
5954000.000
5784000.000
5836000.000
5758000.000
5988000.000
5813000.000
5846000.000
5803000.000
5879000.000
5647000.000
5720000.000
5662000.000
5488000.000
5566000.000
5652000.000
5435000.000
5613000.000
5453000.000
5394000.000
5402000.000
5453000.000
5434000.000
5342000.000
5153000.000
5256000.000
5168000.000
5127000.000
5081000.000
5045000.000
5072000.000
4936000.000
4853000.000
4916000.000
4873000.000
4897000.000
5098000.000
4872000.000
4827000.000
4711000.000
4765000.000
4659000.000
4676000.000
4596000.000
4462000.000
4562000.000
4610000.000
4597000.000
4519000.000
4571000.000
4565000.000
4553000.000
4369000.000
4501000.000
4352000.000
4397000.000
4300000.000
4274000.000
4140000.000
4077000.000
4100000.000
4098000.000
4066000.000
4105000.000
4033000.000
3910000.000
3981000.000
3995000.000
4028000.000
3976000.000
3832000.000
3932000.000
3864000.000
3855000.000
3807000.000
3686000.000
3693000.000
3768000.000
3730000.000
3747000.000
3652000.000
3455000.000
3418000.000
3367000.000
1094000.000
1095000.000
933000.000
990000.000
1049000.000
986000.000
1054000.000
1047000.000
1089000.000
1152000.000
1016000.000
1086000.000
1136000.000
1073000.000
1086000.000
1005000.000
1023000.000
1045000.000
1049000.000
1106000.000
1123000.000
1075000.000
1091000.000
1103000.000
1072000.000
1014000.000
1057000.000
1028000.000
1040000.000
984000.000
941000.000
979000.000
1120000.000
1108000.000
1085000.000
1141000.000
1154000.000
1050000.000
1028000.000
1005000.000
982000.000
991000.000
1032000.000
1100000.000
1051000.000
977000.000
1013000.000
1053000.000
1006000.000
1104000.000
1134000.000
1065000.000
1080000.000
1026000.000
1062000.000
985000.000
955000.000
982000.000
1046000.000
1104000.000
1069000.000
1044000.000
1049000.000
1132000.000
1443000.000
2882000.000
5367000.000
6301000.000
6366000.000
6534000.000
6551000.000
6380000.000
6451000.000
6360000.000
6415000.000
6336000.000
6289000.000
6319000.000
6350000.000
6395000.000
6294000.000
6201000.000
6121000.000
6057000.000
6125000.000
6108000.000
6048000.000
6165000.000
6202000.000
6179000.000
5965000.000
6044000.000
6302000.000
6252000.000
6261000.000
6296000.000
6244000.000
6027000.000
6130000.000
6282000.000
6240000.000
6132000.000
6311000.000
6342000.000
6074000.000
5943000.000
6101000.000
5999000.000
6055000.000
5938000.000
5912000.000
6029000.000
5952000.000
5937000.000
6134000.000
6052000.000
5953000.000
5947000.000
5906000.000
5836000.000
5661000.000
5818000.000
5524000.000
5702000.000
5649000.000
5805000.000
5827000.000
5634000.000
5609000.000
5518000.000
5574000.000
5553000.000
5449000.000
5540000.000
5495000.000
5589000.000
5425000.000
5353000.000
5319000.000
5367000.000
5263000.000
5149000.000
5131000.000
5261000.000
5187000.000
5002000.000
4982000.000
4927000.000
4879000.000
4864000.000
4911000.000
4850000.000
4912000.000
4815000.000
4759000.000
4746000.000
4723000.000
4684000.000
4750000.000
4728000.000
4686000.000
4629000.000
4579000.000
4696000.000
4501000.000
4472000.000
4467000.000
4407000.000
4300000.000
4452000.000
4481000.000
4482000.000
4445000.000
4354000.000
4276000.000
4250000.000
4252000.000
4017000.000
4016000.000
3984000.000
3991000.000
3879000.000
4021000.000
4001000.000
4055000.000
4115000.000
3971000.000
3878000.000
3926000.000
3852000.000
3759000.000
3747000.000
3785000.000
3666000.000
3654000.000
3513000.000
3464000.000
3343000.000
3431000.000
3414000.000
3343000.000
1082000.000
1001000.000
1001000.000
1017000.000
1043000.000
1040000.000
1056000.000
1109000.000
1107000.000
1162000.000
1051000.000
1083000.000
1068000.000
1067000.000
1005000.000
1046000.000
1118000.000
1108000.000
1061000.000
1103000.000
1137000.000
1054000.000
1040000.000
1084000.000
1030000.000
1055000.000
991000.000
1098000.000
1132000.000
1064000.000
984000.000
1084000.000
1100000.000
1057000.000
1124000.000
1032000.000
1059000.000
1076000.000
1012000.000
1009000.000
1074000.000
1022000.000
1001000.000
1029000.000
992000.000
1004000.000
980000.000
994000.000
1093000.000
1009000.000
1008000.000
1017000.000
1003000.000
1051000.000
1083000.000
986000.000
991000.000
1029000.000
989000.000
1049000.000
1055000.000
1046000.000
1125000.000
1094000.000
1160000.000
1323000.000
2776000.000
5480000.000
6357000.000
6456000.000
6505000.000
6510000.000
6436000.000
6579000.000
6525000.000
6436000.000
6382000.000
6363000.000
6410000.000
6417000.000
6468000.000
6394000.000
6198000.000
6167000.000
6065000.000
6111000.000
6206000.000
6211000.000
6006000.000
5937000.000
6097000.000
6030000.000
6017000.000
6103000.000
6254000.000
6297000.000
6210000.000
6143000.000
6141000.000
6140000.000
6320000.000
6122000.000
6216000.000
6244000.000
6079000.000
6012000.000
6070000.000
6008000.000
6001000.000
6025000.000
6025000.000
6016000.000
6008000.000
6037000.000
6083000.000
5995000.000
5875000.000
5901000.000
5900000.000
5857000.000
5751000.000
5797000.000
5772000.000
5720000.000
5699000.000
5615000.000
5767000.000
5737000.000
5720000.000
5623000.000
5449000.000
5507000.000
5440000.000
5484000.000
5405000.000
5456000.000
5546000.000
5434000.000
5439000.000
5211000.000
5378000.000
5355000.000
5291000.000
5229000.000
5189000.000
5171000.000
5084000.000
4910000.000
4912000.000
4946000.000
5077000.000
5013000.000
5056000.000
5006000.000
5001000.000
4872000.000
4868000.000
4799000.000
4534000.000
4693000.000
4552000.000
4606000.000
4650000.000
4746000.000
4759000.000
4605000.000
4494000.000
4489000.000
4509000.000
4366000.000
4387000.000
4347000.000
4343000.000
4279000.000
4216000.000
4275000.000
4219000.000
4153000.000
4160000.000
4009000.000
3948000.000
4014000.000
4013000.000
3941000.000
4134000.000
3939000.000
4066000.000
3884000.000
3892000.000
3808000.000
3787000.000
3623000.000
3732000.000
3673000.000
3693000.000
3575000.000
3561000.000
3519000.000
3414000.000
3356000.000
3287000.000
1085000.000
1065000.000
1006000.000
1065000.000
1059000.000
1096000.000
1065000.000
1078000.000
1077000.000
1139000.000
1067000.000
1107000.000
1206000.000
1123000.000
1166000.000
1075000.000
1100000.000
1085000.000
1041000.000
1139000.000
1115000.000
1062000.000
1064000.000
1106000.000
1044000.000
1051000.000
1125000.000
1067000.000
1040000.000
959000.000
993000.000
1059000.000
1048000.000
1062000.000
1058000.000
1039000.000
944000.000
921000.000
905000.000
973000.000
987000.000
1007000.000
983000.000
963000.000
951000.000
991000.000
1034000.000
950000.000
975000.000
979000.000
982000.000
944000.000
934000.000
993000.000
959000.000
950000.000
985000.000
940000.000
1049000.000
1004000.000
1040000.000
1029000.000
1026000.000
1049000.000
1274000.000
2217000.000
4745000.000
6216000.000
6355000.000
6414000.000
6478000.000
6427000.000
6417000.000
6415000.000
6451000.000
6280000.000
6403000.000
6250000.000
6319000.000
6385000.000
6220000.000
6074000.000
6228000.000
6062000.000
6048000.000
6134000.000
6141000.000
6133000.000
6056000.000
5971000.000
5956000.000
6027000.000
6087000.000
6089000.000
6166000.000
6099000.000
6109000.000
6167000.000
6255000.000
6236000.000
6246000.000
6273000.000
6160000.000
6212000.000
6080000.000
6126000.000
5937000.000
5948000.000
5894000.000
5951000.000
5898000.000
5979000.000
5899000.000
6013000.000
5973000.000
5967000.000
5968000.000
5868000.000
5893000.000
5810000.000
5736000.000
5570000.000
5582000.000
5688000.000
5529000.000
5631000.000
5686000.000
5629000.000
5624000.000
5606000.000
5432000.000
5564000.000
5516000.000
5254000.000
5542000.000
5267000.000
5225000.000
5348000.000
5342000.000
5423000.000
5385000.000
5416000.000
5185000.000
5230000.000
5084000.000
4966000.000
4915000.000
4964000.000
4908000.000
4855000.000
5053000.000
4999000.000
4954000.000
5048000.000
4955000.000
4819000.000
4755000.000
4611000.000
4512000.000
4581000.000
4546000.000
4586000.000
4686000.000
4577000.000
4518000.000
4559000.000
4512000.000
4499000.000
4319000.000
4286000.000
4357000.000
4177000.000
4329000.000
4285000.000
4230000.000
4188000.000
4204000.000
4059000.000
4056000.000
3966000.000
3903000.000
3880000.000
3967000.000
4004000.000
3934000.000
3973000.000
4065000.000
3888000.000
3876000.000
3909000.000
3799000.000
3657000.000
3694000.000
3680000.000
3510000.000
3487000.000
3387000.000
3244000.000
3183000.000
3204000.000
3337000.000
1090000.000
1093000.000
1079000.000
1065000.000
1046000.000
1086000.000
1073000.000
1010000.000
1079000.000
1025000.000
1074000.000
1061000.000
1090000.000
1018000.000
1041000.000
1052000.000
1115000.000
1078000.000
1048000.000
1084000.000
1148000.000
1132000.000
1116000.000
1106000.000
993000.000
1174000.000
1083000.000
1102000.000
998000.000
985000.000
973000.000
940000.000
1060000.000
994000.000
961000.000
989000.000
951000.000
942000.000
906000.000
963000.000
934000.000
957000.000
1032000.000
1102000.000
1037000.000
962000.000
994000.000
1056000.000
945000.000
965000.000
965000.000
943000.000
961000.000
945000.000
940000.000
967000.000
946000.000
1015000.000
992000.000
1038000.000
1088000.000
1091000.000
1119000.000
1076000.000
1088000.000
1204000.000
2133000.000
4691000.000
6169000.000
6347000.000
6328000.000
6362000.000
6424000.000
6397000.000
6390000.000
6372000.000
6359000.000
6156000.000
6240000.000
6391000.000
6279000.000
6238000.000
6195000.000
6089000.000
6045000.000
6128000.000
6129000.000
6156000.000
6112000.000
6130000.000
5943000.000
5979000.000
6145000.000
6233000.000
6274000.000
6177000.000
6248000.000
6121000.000
6220000.000
6211000.000
6231000.000
6138000.000
5993000.000
6097000.000
6184000.000
6106000.000
6043000.000
5934000.000
5919000.000
5931000.000
6047000.000
5921000.000
5976000.000
5971000.000
5992000.000
5929000.000
5850000.000
5786000.000
5774000.000
5754000.000
5598000.000
5640000.000
5584000.000
5589000.000
5616000.000
5652000.000
5656000.000
5612000.000
5574000.000
5539000.000
5427000.000
5486000.000
5379000.000
5292000.000
5359000.000
5366000.000
5285000.000
5285000.000
5342000.000
5246000.000
5213000.000
5375000.000
5173000.000
5127000.000
5085000.000
5121000.000
4964000.000
4909000.000
4932000.000
4931000.000
4994000.000
4968000.000
5041000.000
4924000.000
4884000.000
4799000.000
4772000.000
4706000.000
4523000.000
4484000.000
4656000.000
4520000.000
4580000.000
4495000.000
4419000.000
4428000.000
4432000.000
4393000.000
4310000.000
4368000.000
4288000.000
4216000.000
4256000.000
4267000.000
4208000.000
4156000.000
4146000.000
4093000.000
3937000.000
3935000.000
3923000.000
3929000.000
3940000.000
4049000.000
4069000.000
3963000.000
3973000.000
4016000.000
3962000.000
3809000.000
3760000.000
3631000.000
3692000.000
3703000.000
3696000.000
3644000.000
3519000.000
3391000.000
3204000.000
3208000.000
3111000.000
1037000.000
1053000.000
1034000.000
1099000.000
1155000.000
1037000.000
1135000.000
1098000.000
1092000.000
1000000.000
1043000.000
1053000.000
1155000.000
1075000.000
1062000.000
1054000.000
1059000.000
1121000.000
1100000.000
1008000.000
1011000.000
1095000.000
1002000.000
990000.000
1037000.000
1025000.000
1010000.000
932000.000
934000.000
941000.000
950000.000
930000.000
910000.000
1003000.000
965000.000
930000.000
957000.000
952000.000
960000.000
862000.000
898000.000
947000.000
993000.000
966000.000
929000.000
950000.000
999000.000
887000.000
954000.000
978000.000
898000.000
904000.000
897000.000
892000.000
900000.000
897000.000
911000.000
914000.000
998000.000
1026000.000
995000.000
1059000.000
999000.000
1051000.000
1107000.000
1669000.000
3698000.000
5765000.000
6155000.000
6121000.000
6156000.000
6236000.000
6325000.000
6286000.000
6431000.000
6274000.000
6314000.000
6247000.000
6307000.000
6276000.000
6214000.000
6161000.000
6053000.000
5934000.000
5878000.000
6004000.000
6106000.000
6038000.000
6103000.000
5921000.000
5874000.000
6095000.000
6162000.000
6236000.000
6149000.000
6214000.000
6160000.000
6237000.000
6120000.000
6090000.000
6034000.000
6087000.000
6040000.000
6054000.000
5985000.000
5914000.000
5830000.000
5808000.000
5822000.000
5850000.000
5812000.000
5820000.000
5788000.000
5945000.000
5908000.000
5837000.000
5949000.000
5803000.000
5771000.000
5708000.000
5600000.000
5653000.000
5475000.000
5607000.000
5557000.000
5515000.000
5539000.000
5550000.000
5511000.000
5632000.000
5529000.000
5406000.000
5314000.000
5442000.000
5411000.000
5382000.000
5427000.000
5219000.000
5144000.000
5231000.000
5112000.000
5166000.000
5204000.000
5061000.000
5117000.000
5033000.000
5024000.000
4946000.000
4986000.000
5014000.000
5078000.000
5026000.000
4892000.000
4780000.000
4786000.000
4675000.000
4582000.000
4481000.000
4635000.000
4666000.000
4485000.000
4702000.000
4440000.000
4431000.000
4427000.000
4338000.000
4353000.000
4294000.000
4201000.000
4202000.000
4233000.000
4207000.000
4300000.000
4177000.000
4115000.000
4106000.000
4122000.000
3853000.000
3987000.000
3957000.000
3869000.000
3843000.000
3942000.000
3817000.000
3891000.000
3974000.000
3975000.000
3816000.000
3716000.000
3771000.000
3646000.000
3540000.000
3599000.000
3592000.000
3584000.000
3391000.000
3325000.000
3219000.000
3219000.000
3142000.000
3166000.000
972000.000
1032000.000
1019000.000
1038000.000
1173000.000
1116000.000
1080000.000
1089000.000
1071000.000
1050000.000
1029000.000
1066000.000
1112000.000
1123000.000
1074000.000
1050000.000
1052000.000
1170000.000
1115000.000
1106000.000
1083000.000
1024000.000
955000.000
978000.000
964000.000
928000.000
967000.000
929000.000
942000.000
930000.000
916000.000
940000.000
939000.000
902000.000
874000.000
914000.000
869000.000
906000.000
961000.000
940000.000
861000.000
931000.000
899000.000
965000.000
873000.000
868000.000
870000.000
894000.000
858000.000
899000.000
909000.000
958000.000
890000.000
818000.000
832000.000
921000.000
889000.000
878000.000
911000.000
827000.000
916000.000
1036000.000
1056000.000
998000.000
1060000.000
1109000.000
1560000.000
3602000.000
5537000.000
6085000.000
6041000.000
6083000.000
6049000.000
6086000.000
6176000.000
6252000.000
6208000.000
6248000.000
6320000.000
6404000.000
6357000.000
6395000.000
6097000.000
6040000.000
6096000.000
5877000.000
6008000.000
6108000.000
6023000.000
5959000.000
5796000.000
6009000.000
6156000.000
6281000.000
6169000.000
6144000.000
6164000.000
6009000.000
6082000.000
6115000.000
6063000.000
5939000.000
6076000.000
6126000.000
6008000.000
6049000.000
6052000.000
5889000.000
5932000.000
5918000.000
5857000.000
5933000.000
5852000.000
5840000.000
5680000.000
5886000.000
5843000.000
5832000.000
5768000.000
5809000.000
5737000.000
5636000.000
5676000.000
5708000.000
5639000.000
5440000.000
5447000.000
5445000.000
5440000.000
5405000.000
5526000.000
5551000.000
5545000.000
5432000.000
5272000.000
5385000.000
5298000.000
5385000.000
5321000.000
5345000.000
5204000.000
5141000.000
5141000.000
5047000.000
5105000.000
5065000.000
5047000.000
4960000.000
5077000.000
5170000.000
5093000.000
4976000.000
5095000.000
5010000.000
4792000.000
4640000.000
4574000.000
4494000.000
4540000.000
4614000.000
4644000.000
4671000.000
4504000.000
4572000.000
4438000.000
4518000.000
4420000.000
4377000.000
4355000.000
4195000.000
4104000.000
4162000.000
4050000.000
4134000.000
4097000.000
4041000.000
4031000.000
4053000.000
3962000.000
3941000.000
3918000.000
3960000.000
3964000.000
3886000.000
3840000.000
3871000.000
3906000.000
3849000.000
3769000.000
3763000.000
3662000.000
3704000.000
3550000.000
3508000.000
3620000.000
3432000.000
3426000.000
3252000.000
3206000.000
3191000.000
3094000.000
978000.000
1038000.000
1042000.000
1075000.000
1084000.000
1035000.000
997000.000
1084000.000
1114000.000
1071000.000
1045000.000
956000.000
1005000.000
1092000.000
974000.000
1055000.000
1097000.000
1054000.000
1060000.000
1013000.000
992000.000
970000.000
939000.000
955000.000
865000.000
931000.000
905000.000
1007000.000
908000.000
883000.000
885000.000
929000.000
905000.000
820000.000
837000.000
859000.000
934000.000
881000.000
889000.000
858000.000
838000.000
860000.000
775000.000
811000.000
816000.000
846000.000
818000.000
826000.000
831000.000
845000.000
805000.000
863000.000
791000.000
799000.000
805000.000
827000.000
863000.000
837000.000
872000.000
908000.000
930000.000
1026000.000
960000.000
958000.000
1043000.000
1275000.000
2598000.000
5035000.000
5915000.000
5853000.000
5888000.000
5948000.000
5963000.000
5836000.000
6023000.000
6028000.000
6188000.000
6319000.000
6212000.000
6363000.000
6283000.000
6249000.000
6122000.000
5935000.000
5911000.000
5937000.000
6035000.000
6046000.000
5846000.000
5987000.000
5934000.000
5938000.000
6196000.000
6138000.000
6228000.000
6153000.000
5992000.000
6156000.000
5964000.000
6084000.000
6133000.000
6124000.000
6124000.000
5951000.000
6264000.000
5998000.000
5852000.000
5784000.000
5730000.000
5862000.000
5799000.000
5925000.000
5717000.000
5837000.000
5938000.000
5934000.000
5897000.000
5882000.000
5757000.000
5763000.000
5810000.000
5722000.000
5483000.000
5482000.000
5522000.000
5441000.000
5409000.000
5456000.000
5621000.000
5491000.000
5518000.000
5528000.000
5620000.000
5388000.000
5246000.000
5234000.000
5192000.000
5138000.000
5135000.000
5153000.000
5138000.000
5191000.000
5221000.000
5187000.000
5178000.000
5163000.000
5095000.000
5101000.000
5067000.000
4918000.000
4907000.000
4816000.000
4765000.000
4710000.000
4793000.000
4709000.000
4678000.000
4689000.000
4622000.000
4608000.000
4537000.000
4537000.000
4406000.000
4315000.000
4437000.000
4395000.000
4363000.000
4210000.000
4219000.000
4167000.000
4080000.000
4012000.000
4159000.000
4122000.000
4059000.000
4148000.000
4102000.000
4000000.000
4004000.000
3833000.000
3784000.000
3864000.000
3765000.000
3787000.000
3703000.000
3784000.000
3780000.000
3715000.000
3808000.000
3758000.000
3716000.000
3581000.000
3475000.000
3416000.000
3352000.000
3277000.000
3087000.000
3112000.000
2920000.000
2948000.000
3016000.000
960000.000
951000.000
974000.000
982000.000
1048000.000
1058000.000
1103000.000
1046000.000
1058000.000
1030000.000
1065000.000
1082000.000
927000.000
975000.000
886000.000
936000.000
1033000.000
1044000.000
1044000.000
1062000.000
1037000.000
1029000.000
948000.000
942000.000
884000.000
1037000.000
941000.000
907000.000
892000.000
894000.000
922000.000
879000.000
929000.000
886000.000
897000.000
870000.000
881000.000
821000.000
880000.000
888000.000
928000.000
796000.000
801000.000
799000.000
767000.000
764000.000
799000.000
834000.000
843000.000
808000.000
798000.000
771000.000
781000.000
752000.000
814000.000
791000.000
740000.000
800000.000
861000.000
871000.000
891000.000
918000.000
810000.000
816000.000
863000.000
994000.000
1170000.000
2706000.000
4999000.000
5699000.000
5772000.000
5831000.000
5906000.000
6073000.000
6010000.000
6077000.000
6050000.000
6071000.000
6178000.000
6137000.000
6244000.000
6166000.000
6024000.000
6162000.000
5992000.000
5891000.000
6048000.000
6149000.000
6018000.000
5969000.000
6010000.000
5812000.000
5925000.000
6131000.000
6171000.000
6195000.000
6134000.000
6102000.000
5970000.000
6201000.000
6124000.000
6128000.000
6171000.000
5974000.000
6030000.000
6045000.000
6004000.000
5860000.000
5813000.000
5849000.000
5901000.000
5924000.000
5965000.000
5892000.000
5897000.000
6049000.000
6006000.000
5858000.000
5800000.000
5750000.000
5780000.000
5644000.000
5648000.000
5582000.000
5482000.000
5580000.000
5633000.000
5391000.000
5438000.000
5460000.000
5451000.000
5483000.000
5625000.000
5608000.000
5358000.000
5349000.000
5214000.000
5206000.000
5134000.000
5155000.000
5072000.000
5115000.000
5197000.000
5143000.000
5218000.000
5138000.000
5181000.000
5033000.000
5125000.000
5067000.000
4931000.000
4756000.000
4757000.000
4652000.000
4796000.000
4588000.000
4654000.000
4672000.000
4744000.000
4803000.000
4614000.000
4525000.000
4621000.000
4534000.000
4453000.000
4448000.000
4273000.000
4225000.000
4099000.000
4233000.000
4194000.000
4054000.000
4151000.000
4058000.000
4084000.000
4099000.000
4188000.000
4062000.000
4040000.000
3956000.000
3848000.000
3725000.000
3775000.000
3936000.000
3854000.000
3696000.000
3737000.000
3701000.000
3794000.000
3821000.000
3751000.000
3633000.000
3460000.000
3417000.000
3323000.000
3252000.000
3227000.000
3239000.000
3069000.000
2868000.000
2834000.000
1022000.000
979000.000
977000.000
985000.000
1020000.000
951000.000
955000.000
1021000.000
1045000.000
1017000.000
1070000.000
990000.000
916000.000
893000.000
920000.000
982000.000
967000.000
1041000.000
976000.000
897000.000
930000.000
919000.000
931000.000
860000.000
930000.000
896000.000
867000.000
931000.000
831000.000
844000.000
886000.000
858000.000
892000.000
809000.000
803000.000
786000.000
791000.000
796000.000
792000.000
753000.000
814000.000
760000.000
769000.000
783000.000
782000.000
761000.000
789000.000
773000.000
745000.000
740000.000
698000.000
757000.000
767000.000
712000.000
736000.000
820000.000
805000.000
755000.000
827000.000
822000.000
805000.000
843000.000
849000.000
838000.000
857000.000
1018000.000
1937000.000
4197000.000
5512000.000
5524000.000
5528000.000
5787000.000
5748000.000
5841000.000
5770000.000
5825000.000
5845000.000
5969000.000
5987000.000
5975000.000
5938000.000
6049000.000
6103000.000
5903000.000
6044000.000
5921000.000
5941000.000
5944000.000
5855000.000
6004000.000
5998000.000
6092000.000
6248000.000
6194000.000
6271000.000
6031000.000
6191000.000
6058000.000
6149000.000
6099000.000
5885000.000
6008000.000
5977000.000
6006000.000
5918000.000
5967000.000
5858000.000
5843000.000
5731000.000
5855000.000
5876000.000
6088000.000
6096000.000
5945000.000
5859000.000
6047000.000
6018000.000
5849000.000
5769000.000
5808000.000
5650000.000
5779000.000
5495000.000
5520000.000
5601000.000
5685000.000
5479000.000
5451000.000
5318000.000
5503000.000
5478000.000
5615000.000
5503000.000
5385000.000
5344000.000
5284000.000
5321000.000
5296000.000
5244000.000
5177000.000
5138000.000
5118000.000
5142000.000
5032000.000
4963000.000
4994000.000
4938000.000
4937000.000
5095000.000
4927000.000
5022000.000
4834000.000
4851000.000
4842000.000
4686000.000
4691000.000
4541000.000
4457000.000
4641000.000
4591000.000
4471000.000
4485000.000
4435000.000
4326000.000
4397000.000
4339000.000
4435000.000
4376000.000
4210000.000
4077000.000
4143000.000
3979000.000
3849000.000
3902000.000
3999000.000
4081000.000
4029000.000
3924000.000
3868000.000
3762000.000
3881000.000
3932000.000
3842000.000
3862000.000
3696000.000
3788000.000
3702000.000
3685000.000
3630000.000
3712000.000
3463000.000
3486000.000
3327000.000
3269000.000
3147000.000
3257000.000
3180000.000
3133000.000
2874000.000
2775000.000
2674000.000
953000.000
966000.000
930000.000
950000.000
979000.000
1089000.000
980000.000
991000.000
930000.000
924000.000
933000.000
972000.000
929000.000
897000.000
922000.000
1004000.000
941000.000
965000.000
921000.000
869000.000
949000.000
867000.000
888000.000
911000.000
877000.000
884000.000
828000.000
791000.000
830000.000
790000.000
836000.000
795000.000
782000.000
735000.000
728000.000
703000.000
759000.000
812000.000
741000.000
701000.000
710000.000
727000.000
752000.000
701000.000
687000.000
716000.000
722000.000
729000.000
702000.000
671000.000
653000.000
730000.000
704000.000
721000.000
698000.000
770000.000
780000.000
721000.000
732000.000
740000.000
741000.000
767000.000
842000.000
843000.000
818000.000
822000.000
990000.000
1590000.000
3443000.000
4917000.000
5477000.000
5438000.000
5439000.000
5603000.000
5592000.000
5771000.000
5714000.000
5780000.000
5846000.000
5849000.000
6012000.000
6052000.000
5876000.000
5827000.000
5861000.000
5943000.000
5898000.000
5972000.000
5966000.000
5847000.000
6106000.000
6000000.000
5847000.000
5958000.000
6061000.000
6047000.000
5986000.000
6168000.000
6122000.000
6183000.000
6013000.000
5998000.000
5916000.000
6058000.000
5933000.000
5906000.000
5781000.000
5768000.000
5698000.000
5683000.000
5778000.000
5821000.000
5981000.000
5919000.000
5897000.000
5931000.000
5975000.000
5897000.000
5761000.000
5619000.000
5710000.000
5470000.000
5491000.000
5745000.000
5510000.000
5646000.000
5656000.000
5428000.000
5464000.000
5638000.000
5504000.000
5434000.000
5521000.000
5521000.000
5339000.000
5252000.000
5157000.000
5139000.000
5126000.000
5221000.000
5156000.000
5118000.000
5067000.000
5037000.000
5006000.000
5089000.000
5099000.000
4986000.000
5024000.000
5001000.000
4912000.000
4859000.000
4756000.000
4573000.000
4650000.000
4647000.000
4606000.000
4536000.000
4460000.000
4605000.000
4660000.000
4613000.000
4520000.000
4530000.000
4284000.000
4352000.000
4253000.000
4272000.000
4155000.000
4106000.000
4010000.000
3990000.000
4054000.000
4042000.000
4061000.000
4102000.000
4065000.000
4047000.000
3891000.000
3903000.000
3710000.000
3854000.000
3829000.000
3683000.000
3676000.000
3693000.000
3672000.000
3741000.000
3642000.000
3652000.000
3645000.000
3438000.000
3369000.000
3382000.000
3213000.000
3231000.000
3100000.000
3103000.000
2892000.000
2717000.000
2547000.000
941000.000
944000.000
955000.000
957000.000
1006000.000
1014000.000
992000.000
911000.000
992000.000
890000.000
883000.000
912000.000
937000.000
953000.000
940000.000
1002000.000
845000.000
879000.000
790000.000
914000.000
878000.000
879000.000
884000.000
826000.000
878000.000
782000.000
772000.000
802000.000
762000.000
744000.000
723000.000
781000.000
729000.000
666000.000
672000.000
688000.000
699000.000
694000.000
685000.000
737000.000
643000.000
641000.000
653000.000
641000.000
620000.000
630000.000
607000.000
648000.000
655000.000
658000.000
625000.000
583000.000
618000.000
702000.000
688000.000
691000.000
661000.000
725000.000
678000.000
728000.000
772000.000
787000.000
794000.000
759000.000
770000.000
849000.000
1044000.000
1970000.000
4033000.000
5036000.000
5214000.000
5439000.000
5447000.000
5387000.000
5474000.000
5468000.000
5772000.000
5863000.000
5929000.000
5798000.000
6025000.000
5916000.000
5807000.000
5738000.000
5836000.000
5974000.000
5842000.000
5798000.000
5690000.000
5804000.000
5795000.000
5814000.000
5985000.000
6042000.000
6027000.000
5973000.000
5989000.000
5930000.000
6017000.000
5824000.000
5845000.000
5777000.000
5891000.000
5875000.000
5771000.000
5817000.000
5927000.000
5720000.000
5864000.000
5824000.000
5959000.000
5911000.000
5738000.000
5787000.000
5848000.000
5921000.000
5824000.000
5712000.000
5673000.000
5647000.000
5731000.000
5556000.000
5552000.000
5530000.000
5511000.000
5417000.000
5424000.000
5344000.000
5271000.000
5361000.000
5508000.000
5479000.000
5637000.000
5552000.000
5323000.000
5266000.000
5276000.000
5161000.000
5254000.000
5094000.000
5091000.000
5070000.000
5150000.000
4880000.000
5019000.000
5064000.000
5042000.000
4931000.000
4888000.000
5023000.000
4792000.000
4874000.000
4798000.000
4680000.000
4683000.000
4662000.000
4454000.000
4623000.000
4471000.000
4450000.000
4382000.000
4444000.000
4414000.000
4266000.000
4297000.000
4216000.000
4246000.000
4121000.000
4171000.000
4220000.000
3964000.000
3968000.000
3991000.000
4003000.000
3991000.000
4002000.000
3983000.000
3938000.000
3918000.000
3742000.000
3769000.000
3820000.000
3732000.000
3665000.000
3718000.000
3696000.000
3682000.000
3578000.000
3503000.000
3485000.000
3410000.000
3496000.000
3299000.000
3343000.000
3190000.000
3025000.000
2985000.000
2858000.000
2622000.000
2456000.000
2373000.000
947000.000
927000.000
960000.000
1073000.000
1022000.000
950000.000
967000.000
916000.000
929000.000
906000.000
945000.000
999000.000
914000.000
812000.000
858000.000
942000.000
881000.000
883000.000
868000.000
814000.000
872000.000
836000.000
829000.000
786000.000
829000.000
752000.000
732000.000
771000.000
779000.000
737000.000
699000.000
699000.000
702000.000
767000.000
668000.000
552000.000
579000.000
644000.000
592000.000
605000.000
637000.000
629000.000
578000.000
567000.000
587000.000
589000.000
569000.000
537000.000
607000.000
562000.000
555000.000
605000.000
584000.000
621000.000
628000.000
619000.000
646000.000
649000.000
643000.000
648000.000
665000.000
712000.000
750000.000
721000.000
715000.000
762000.000
773000.000
822000.000
1545000.000
3580000.000
4969000.000
5170000.000
5217000.000
5368000.000
5375000.000
5473000.000
5576000.000
5622000.000
5779000.000
5915000.000
5986000.000
5902000.000
5922000.000
5740000.000
5738000.000
5726000.000
5742000.000
5709000.000
5729000.000
5637000.000
5712000.000
5784000.000
5667000.000
5744000.000
5994000.000
6063000.000
6029000.000
6030000.000
5943000.000
5883000.000
5831000.000
5851000.000
5776000.000
5851000.000
5879000.000
5888000.000
5905000.000
5961000.000
5665000.000
5860000.000
5718000.000
5736000.000
5738000.000
5723000.000
5697000.000
5762000.000
5809000.000
5794000.000
5801000.000
5666000.000
5673000.000
5703000.000
5682000.000
5632000.000
5589000.000
5613000.000
5477000.000
5360000.000
5105000.000
5163000.000
5086000.000
5276000.000
5467000.000
5672000.000
5387000.000
5272000.000
5276000.000
5216000.000
5175000.000
5179000.000
5131000.000
4978000.000
5003000.000
5030000.000
5108000.000
5134000.000
5032000.000
5045000.000
5090000.000
4885000.000
4994000.000
4931000.000
4653000.000
4732000.000
4810000.000
4699000.000
4494000.000
4472000.000
4518000.000
4535000.000
4494000.000
4368000.000
4201000.000
4187000.000
4212000.000
4333000.000
4256000.000
4111000.000
4178000.000
4146000.000
4071000.000
3985000.000
4006000.000
3901000.000
3917000.000
3818000.000
3904000.000
3923000.000
3813000.000
3947000.000
3779000.000
3777000.000
3706000.000
3676000.000
3687000.000
3714000.000
3638000.000
3552000.000
3586000.000
3378000.000
3497000.000
3340000.000
3325000.000
3332000.000
3271000.000
3145000.000
2959000.000
2879000.000
2544000.000
2422000.000
2309000.000
899000.000
930000.000
1014000.000
960000.000
994000.000
916000.000
925000.000
931000.000
891000.000
861000.000
785000.000
883000.000
865000.000
879000.000
847000.000
806000.000
836000.000
820000.000
757000.000
716000.000
753000.000
765000.000
754000.000
742000.000
711000.000
695000.000
683000.000
644000.000
648000.000
636000.000
622000.000
660000.000
647000.000
602000.000
518000.000
559000.000
637000.000
621000.000
550000.000
536000.000
546000.000
538000.000
510000.000
501000.000
537000.000
472000.000
482000.000
559000.000
546000.000
538000.000
573000.000
559000.000
548000.000
572000.000
528000.000
579000.000
588000.000
533000.000
589000.000
554000.000
601000.000
635000.000
701000.000
704000.000
783000.000
765000.000
811000.000
1143000.000
2701000.000
4681000.000
5162000.000
5256000.000
5208000.000
5238000.000
5429000.000
5504000.000
5642000.000
5709000.000
5716000.000
5845000.000
5887000.000
5825000.000
5771000.000
5699000.000
5710000.000
5800000.000
5813000.000
5664000.000
5780000.000
5728000.000
5681000.000
5763000.000
5828000.000
5841000.000
5842000.000
5902000.000
5845000.000
5815000.000
5861000.000
5820000.000
5832000.000
5778000.000
5798000.000
5880000.000
5861000.000
5784000.000
5675000.000
5703000.000
5784000.000
5853000.000
5697000.000
5614000.000
5764000.000
5772000.000
5715000.000
5838000.000
5853000.000
5764000.000
5669000.000
5592000.000
5416000.000
5608000.000
5556000.000
5636000.000
5541000.000
5437000.000
5488000.000
5407000.000
5236000.000
5040000.000
5244000.000
5486000.000
5538000.000
5220000.000
4968000.000
4873000.000
4863000.000
5159000.000
5073000.000
4955000.000
4926000.000
4706000.000
4861000.000
5138000.000
5373000.000
5198000.000
5193000.000
5052000.000
4962000.000
4961000.000
4813000.000
4851000.000
4718000.000
4665000.000
4536000.000
4491000.000
4356000.000
4539000.000
4436000.000
4539000.000
4433000.000
4416000.000
4295000.000
4335000.000
4310000.000
4230000.000
4212000.000
4089000.000
3948000.000
4029000.000
4074000.000
4012000.000
4059000.000
3979000.000
3969000.000
3975000.000
3860000.000
3832000.000
3803000.000
3693000.000
3596000.000
3662000.000
3677000.000
3646000.000
3683000.000
3720000.000
3536000.000
3518000.000
3360000.000
3289000.000
3272000.000
3175000.000
3236000.000
3150000.000
3045000.000
2948000.000
2673000.000
2537000.000
2330000.000
2223000.000
2106000.000
914000.000
846000.000
992000.000
926000.000
978000.000
932000.000
920000.000
929000.000
968000.000
926000.000
813000.000
841000.000
786000.000
839000.000
759000.000
873000.000
740000.000
710000.000
768000.000
768000.000
738000.000
669000.000
647000.000
683000.000
667000.000
616000.000
622000.000
576000.000
589000.000
555000.000
578000.000
559000.000
538000.000
546000.000
534000.000
563000.000
459000.000
483000.000
534000.000
501000.000
489000.000
467000.000
508000.000
522000.000
474000.000
434000.000
450000.000
479000.000
461000.000
408000.000
485000.000
502000.000
447000.000
486000.000
489000.000
494000.000
509000.000
461000.000
509000.000
507000.000
497000.000
566000.000
586000.000
619000.000
623000.000
763000.000
731000.000
704000.000
1044000.000
2412000.000
4191000.000
4989000.000
5094000.000
4874000.000
5117000.000
5261000.000
5481000.000
5474000.000
5580000.000
5682000.000
5814000.000
5671000.000
5918000.000
5705000.000
5671000.000
5720000.000
5742000.000
5640000.000
5652000.000
5765000.000
5722000.000
5788000.000
5785000.000
5748000.000
5905000.000
5992000.000
5942000.000
5887000.000
5861000.000
5896000.000
5659000.000
5689000.000
5697000.000
5880000.000
5761000.000
5693000.000
5791000.000
5803000.000
5736000.000
5792000.000
5766000.000
5676000.000
5646000.000
5791000.000
5866000.000
5769000.000
5698000.000
5678000.000
5719000.000
5743000.000
5637000.000
5571000.000
5491000.000
5482000.000
5428000.000
5381000.000
5372000.000
5374000.000
5355000.000
5467000.000
5411000.000
5472000.000
5589000.000
5354000.000
5077000.000
5038000.000
4906000.000
4886000.000
5017000.000
4980000.000
4956000.000
4912000.000
5019000.000
4934000.000
4967000.000
4867000.000
4649000.000
4651000.000
4898000.000
4812000.000
4743000.000
4584000.000
4716000.000
4567000.000
4629000.000
4668000.000
4494000.000
4564000.000
4329000.000
4285000.000
4402000.000
4332000.000
4307000.000
4315000.000
4349000.000
4247000.000
4228000.000
4120000.000
4212000.000
4026000.000
4036000.000
3962000.000
3888000.000
3819000.000
3894000.000
3845000.000
3967000.000
3842000.000
3872000.000
3702000.000
3734000.000
3660000.000
3809000.000
3791000.000
3744000.000
3751000.000
3501000.000
3467000.000
3277000.000
3348000.000
3240000.000
3296000.000
3171000.000
3077000.000
2916000.000
2910000.000
2742000.000
2514000.000
2355000.000
2095000.000
1901000.000
793000.000
789000.000
870000.000
849000.000
860000.000
837000.000
802000.000
829000.000
828000.000
789000.000
830000.000
839000.000
761000.000
800000.000
710000.000
805000.000
752000.000
661000.000
657000.000
657000.000
670000.000
647000.000
636000.000
589000.000
640000.000
571000.000
549000.000
533000.000
535000.000
565000.000
537000.000
509000.000
483000.000
517000.000
471000.000
451000.000
372000.000
385000.000
421000.000
444000.000
456000.000
429000.000
392000.000
433000.000
412000.000
369000.000
394000.000
362000.000
400000.000
417000.000
434000.000
436000.000
436000.000
393000.000
428000.000
427000.000
459000.000
430000.000
437000.000
463000.000
511000.000
530000.000
529000.000
570000.000
515000.000
554000.000
652000.000
708000.000
1102000.000
2633000.000
4024000.000
4588000.000
4785000.000
4854000.000
4978000.000
5136000.000
5279000.000
5450000.000
5589000.000
5656000.000
5673000.000
5646000.000
5724000.000
5753000.000
5581000.000
5584000.000
5678000.000
5754000.000
5700000.000
5828000.000
5834000.000
5816000.000
5635000.000
5878000.000
5835000.000
5909000.000
5859000.000
5695000.000
5869000.000
5782000.000
5738000.000
5655000.000
5692000.000
5632000.000
5645000.000
5642000.000
5706000.000
5691000.000
5654000.000
5728000.000
5785000.000
5750000.000
5663000.000
5553000.000
5666000.000
5645000.000
5515000.000
5699000.000
5651000.000
5594000.000
5388000.000
5529000.000
5596000.000
5600000.000
5512000.000
5515000.000
5402000.000
5305000.000
5378000.000
5249000.000
5150000.000
5338000.000
5283000.000
5151000.000
5150000.000
5043000.000
5005000.000
5113000.000
5064000.000
5040000.000
4874000.000
5149000.000
4944000.000
4882000.000
4722000.000
4604000.000
4569000.000
4628000.000
4895000.000
4673000.000
4708000.000
4692000.000
4623000.000
4577000.000
4573000.000
4516000.000
4375000.000
4305000.000
4235000.000
4248000.000
4316000.000
4375000.000
4279000.000
4279000.000
4165000.000
4140000.000
4172000.000
3998000.000
4012000.000
4050000.000
4030000.000
3918000.000
3962000.000
3967000.000
3952000.000
3882000.000
3973000.000
3813000.000
3689000.000
3615000.000
3713000.000
3707000.000
3643000.000
3684000.000
3593000.000
3547000.000
3513000.000
3322000.000
3414000.000
3291000.000
3112000.000
3116000.000
2930000.000
2840000.000
2747000.000
2791000.000
2520000.000
2280000.000
2054000.000
1811000.000
1811000.000
805000.000
732000.000
741000.000
782000.000
770000.000
788000.000
780000.000
736000.000
721000.000
791000.000
748000.000
813000.000
831000.000
721000.000
694000.000
659000.000
663000.000
652000.000
607000.000
610000.000
584000.000
575000.000
565000.000
554000.000
531000.000
523000.000
518000.000
503000.000
476000.000
457000.000
481000.000
451000.000
429000.000
425000.000
401000.000
397000.000
403000.000
371000.000
388000.000
360000.000
377000.000
352000.000
366000.000
392000.000
419000.000
361000.000
342000.000
324000.000
361000.000
331000.000
332000.000
366000.000
375000.000
346000.000
412000.000
388000.000
391000.000
434000.000
393000.000
433000.000
418000.000
478000.000
446000.000
519000.000
505000.000
502000.000
507000.000
534000.000
636000.000
678000.000
1544000.000
3327000.000
4256000.000
4707000.000
4715000.000
4831000.000
4853000.000
5041000.000
5241000.000
5278000.000
5525000.000
5503000.000
5607000.000
5600000.000
5604000.000
5546000.000
5726000.000
5549000.000
5581000.000
5573000.000
5647000.000
5697000.000
5888000.000
5871000.000
5964000.000
5940000.000
5903000.000
5810000.000
5837000.000
5756000.000
5703000.000
5690000.000
5643000.000
5712000.000
5779000.000
5622000.000
5628000.000
5708000.000
5865000.000
5698000.000
5646000.000
5722000.000
5654000.000
5578000.000
5424000.000
5431000.000
5529000.000
5583000.000
5656000.000
5575000.000
5584000.000
5679000.000
5450000.000
5495000.000
5327000.000
5496000.000
5346000.000
5403000.000
5272000.000
5244000.000
5150000.000
5099000.000
5253000.000
5200000.000
5242000.000
5149000.000
4987000.000
5017000.000
5048000.000
5122000.000
5029000.000
4946000.000
5019000.000
4911000.000
4774000.000
4663000.000
4648000.000
4557000.000
4750000.000
4809000.000
4600000.000
4656000.000
4714000.000
4604000.000
4624000.000
4556000.000
4458000.000
4340000.000
4171000.000
4179000.000
4179000.000
4158000.000
4115000.000
4269000.000
4259000.000
4180000.000
4139000.000
4128000.000
4132000.000
3924000.000
3976000.000
3887000.000
3814000.000
3905000.000
3978000.000
3749000.000
3767000.000
3766000.000
3734000.000
3772000.000
3570000.000
3711000.000
3669000.000
3650000.000
3549000.000
3534000.000
3428000.000
3264000.000
3284000.000
3241000.000
3158000.000
3119000.000
3071000.000
2781000.000
2824000.000
2644000.000
2405000.000
2319000.000
2065000.000
1850000.000
1530000.000
712000.000
745000.000
690000.000
699000.000
676000.000
702000.000
693000.000
693000.000
670000.000
740000.000
668000.000
681000.000
672000.000
613000.000
562000.000
649000.000
525000.000
553000.000
565000.000
526000.000
537000.000
496000.000
520000.000
481000.000
476000.000
448000.000
426000.000
470000.000
428000.000
431000.000
399000.000
365000.000
371000.000
368000.000
365000.000
364000.000
341000.000
315000.000
303000.000
295000.000
353000.000
297000.000
353000.000
337000.000
296000.000
315000.000
328000.000
296000.000
289000.000
317000.000
344000.000
313000.000
318000.000
332000.000
361000.000
338000.000
335000.000
367000.000
351000.000
347000.000
381000.000
421000.000
414000.000
439000.000
442000.000
480000.000
494000.000
526000.000
593000.000
884000.000
1963000.000
3494000.000
4140000.000
4279000.000
4448000.000
4667000.000
4851000.000
4916000.000
5074000.000
5159000.000
5426000.000
5445000.000
5428000.000
5487000.000
5568000.000
5608000.000
5553000.000
5489000.000
5518000.000
5591000.000
5611000.000
5641000.000
5594000.000
5764000.000
5773000.000
5866000.000
5820000.000
5918000.000
5813000.000
5801000.000
5915000.000
5854000.000
5756000.000
5725000.000
5658000.000
5622000.000
5666000.000
5484000.000
5611000.000
5582000.000
5346000.000
5480000.000
5541000.000
5498000.000
5441000.000
5518000.000
5461000.000
5491000.000
5345000.000
5324000.000
5367000.000
5322000.000
5229000.000
5183000.000
5195000.000
5210000.000
5194000.000
5359000.000
5251000.000
5242000.000
5158000.000
4998000.000
5097000.000
5128000.000
4977000.000
4933000.000
4931000.000
4829000.000
4841000.000
4986000.000
4869000.000
4824000.000
4883000.000
4867000.000
4728000.000
4680000.000
4769000.000
4750000.000
4745000.000
4582000.000
4560000.000
4654000.000
4382000.000
4454000.000
4406000.000
4461000.000
4460000.000
4327000.000
4326000.000
4360000.000
4299000.000
4221000.000
4269000.000
4278000.000
4157000.000
4016000.000
3904000.000
3989000.000
3928000.000
3879000.000
3918000.000
3911000.000
3828000.000
3917000.000
3881000.000
3962000.000
3870000.000
3818000.000
3775000.000
3558000.000
3543000.000
3414000.000
3437000.000
3468000.000
3392000.000
3341000.000
3330000.000
3165000.000
3325000.000
3253000.000
3026000.000
2892000.000
2873000.000
2725000.000
2534000.000
2273000.000
2094000.000
1804000.000
1612000.000
1554000.000
1424000.000
729000.000
719000.000
741000.000
614000.000
639000.000
667000.000
696000.000
598000.000
642000.000
645000.000
648000.000
593000.000
584000.000
560000.000
612000.000
559000.000
512000.000
496000.000
509000.000
525000.000
502000.000
453000.000
468000.000
455000.000
449000.000
391000.000
440000.000
392000.000
417000.000
367000.000
353000.000
341000.000
327000.000
314000.000
313000.000
287000.000
286000.000
265000.000
267000.000
268000.000
308000.000
284000.000
291000.000
290000.000
276000.000
251000.000
271000.000
240000.000
287000.000
271000.000
243000.000
263000.000
299000.000
302000.000
295000.000
287000.000
310000.000
274000.000
319000.000
324000.000
326000.000
329000.000
389000.000
390000.000
397000.000
415000.000
444000.000
415000.000
470000.000
546000.000
665000.000
1405000.000
2727000.000
3761000.000
3920000.000
4294000.000
4398000.000
4605000.000
4775000.000
4908000.000
5140000.000
5145000.000
5222000.000
5382000.000
5265000.000
5363000.000
5413000.000
5413000.000
5423000.000
5479000.000
5530000.000
5663000.000
5629000.000
5617000.000
5849000.000
5884000.000
5963000.000
6023000.000
5927000.000
5932000.000
5862000.000
5876000.000
5755000.000
5728000.000
5802000.000
5786000.000
5732000.000
5569000.000
5470000.000
5451000.000
5395000.000
5451000.000
5474000.000
5409000.000
5328000.000
5372000.000
5397000.000
5488000.000
5385000.000
5452000.000
5204000.000
5433000.000
5255000.000
5268000.000
5226000.000
5338000.000
5237000.000
5138000.000
5264000.000
5183000.000
5063000.000
5004000.000
4952000.000
4953000.000
4857000.000
4959000.000
4997000.000
5033000.000
4997000.000
4971000.000
4949000.000
4884000.000
4823000.000
4689000.000
4709000.000
4668000.000
4771000.000
4735000.000
4714000.000
4556000.000
4746000.000
4714000.000
4654000.000
4560000.000
4486000.000
4454000.000
4406000.000
4329000.000
4280000.000
4224000.000
4147000.000
4204000.000
4138000.000
4112000.000
4143000.000
4044000.000
4084000.000
4062000.000
4109000.000
4112000.000
3852000.000
3900000.000
3933000.000
3842000.000
3736000.000
3697000.000
3738000.000
3828000.000
3713000.000
3700000.000
3707000.000
3599000.000
3537000.000
3535000.000
3474000.000
3365000.000
3224000.000
3187000.000
3166000.000
3165000.000
3122000.000
2906000.000
2823000.000
2653000.000
2442000.000
2234000.000
1979000.000
1802000.000
1609000.000
1436000.000
1304000.000
695000.000
658000.000
576000.000
613000.000
612000.000
583000.000
565000.000
589000.000
532000.000
515000.000
558000.000
526000.000
544000.000
490000.000
491000.000
477000.000
468000.000
458000.000
443000.000
386000.000
434000.000
430000.000
413000.000
425000.000
382000.000
344000.000
334000.000
317000.000
326000.000
311000.000
297000.000
290000.000
275000.000
276000.000
251000.000
265000.000
255000.000
217000.000
236000.000
256000.000
232000.000
257000.000
286000.000
233000.000
222000.000
247000.000
228000.000
245000.000
238000.000
232000.000
243000.000
226000.000
275000.000
239000.000
246000.000
249000.000
265000.000
248000.000
291000.000
280000.000
302000.000
315000.000
357000.000
353000.000
385000.000
359000.000
368000.000
421000.000
440000.000
501000.000
694000.000
1614000.000
2889000.000
3571000.000
3874000.000
4156000.000
4419000.000
4502000.000
4746000.000
4866000.000
4859000.000
4997000.000
5200000.000
5194000.000
5226000.000
5360000.000
5314000.000
5427000.000
5456000.000
5414000.000
5426000.000
5433000.000
5403000.000
5650000.000
5734000.000
5942000.000
5936000.000
5922000.000
5979000.000
5943000.000
5909000.000
5892000.000
5815000.000
5832000.000
5829000.000
5740000.000
5410000.000
5420000.000
5511000.000
5499000.000
5369000.000
5465000.000
5498000.000
5300000.000
5319000.000
5414000.000
5395000.000
5373000.000
5317000.000
5165000.000
5084000.000
5162000.000
5306000.000
5246000.000
5117000.000
5407000.000
5119000.000
5179000.000
5085000.000
5020000.000
4983000.000
4939000.000
4894000.000
4872000.000
4934000.000
4942000.000
5050000.000
4956000.000
4953000.000
4851000.000
4816000.000
4676000.000
4880000.000
4839000.000
4719000.000
4670000.000
4710000.000
4731000.000
4824000.000
4877000.000
4902000.000
5001000.000
4988000.000
4661000.000
4310000.000
4283000.000
4330000.000
4340000.000
4205000.000
4207000.000
4192000.000
4109000.000
4148000.000
4085000.000
4012000.000
4078000.000
4034000.000
4118000.000
3998000.000
3851000.000
3889000.000
3768000.000
3873000.000
3778000.000
3805000.000
3784000.000
3591000.000
3752000.000
3588000.000
3545000.000
3469000.000
3392000.000
3444000.000
3380000.000
3320000.000
3298000.000
3225000.000
3187000.000
3118000.000
3025000.000
2862000.000
2689000.000
2617000.000
2346000.000
2202000.000
1998000.000
1752000.000
1548000.000
1319000.000
1174000.000
1172000.000
617000.000
587000.000
577000.000
538000.000
559000.000
570000.000
578000.000
558000.000
561000.000
520000.000
505000.000
494000.000
451000.000
438000.000
447000.000
431000.000
417000.000
412000.000
372000.000
391000.000
370000.000
368000.000
341000.000
357000.000
364000.000
305000.000
298000.000
294000.000
260000.000
270000.000
240000.000
240000.000
255000.000
249000.000
229000.000
242000.000
246000.000
218000.000
245000.000
183000.000
216000.000
199000.000
192000.000
231000.000
209000.000
190000.000
192000.000
202000.000
211000.000
199000.000
189000.000
196000.000
223000.000
226000.000
202000.000
229000.000
233000.000
236000.000
224000.000
227000.000
259000.000
245000.000
272000.000
277000.000
295000.000
295000.000
332000.000
335000.000
382000.000
424000.000
424000.000
524000.000
809000.000
1810000.000
3055000.000
3603000.000
3974000.000
4069000.000
4316000.000
4457000.000
4498000.000
4756000.000
4903000.000
4934000.000
5071000.000
5179000.000
5302000.000
5383000.000
5398000.000
5393000.000
5368000.000
5579000.000
5479000.000
5537000.000
5643000.000
5846000.000
5803000.000
6026000.000
5825000.000
5926000.000
5868000.000
5846000.000
5773000.000
5702000.000
5770000.000
5710000.000
5716000.000
5639000.000
5528000.000
5501000.000
5443000.000
5523000.000
5523000.000
5509000.000
5352000.000
5454000.000
5388000.000
5257000.000
5360000.000
5441000.000
5241000.000
5216000.000
5216000.000
5201000.000
5189000.000
5298000.000
5080000.000
5163000.000
5226000.000
5053000.000
5085000.000
4988000.000
4841000.000
4932000.000
4954000.000
4942000.000
4914000.000
4946000.000
4944000.000
4936000.000
4812000.000
4793000.000
4832000.000
4886000.000
4783000.000
4633000.000
4700000.000
4732000.000
5048000.000
5324000.000
5526000.000
5637000.000
5630000.000
5508000.000
5137000.000
4663000.000
4418000.000
4266000.000
4199000.000
4184000.000
4216000.000
4097000.000
4189000.000
4170000.000
4211000.000
4123000.000
4069000.000
4064000.000
4019000.000
4074000.000
3900000.000
3874000.000
3814000.000
3687000.000
3784000.000
3843000.000
3773000.000
3821000.000
3705000.000
3606000.000
3583000.000
3551000.000
3491000.000
3446000.000
3559000.000
3459000.000
3452000.000
3276000.000
3157000.000
2925000.000
2752000.000
2608000.000
2535000.000
2305000.000
2119000.000
1867000.000
1723000.000
1532000.000
1330000.000
1196000.000
1016000.000
513000.000
493000.000
515000.000
513000.000
527000.000
475000.000
484000.000
480000.000
498000.000
461000.000
425000.000
405000.000
376000.000
409000.000
384000.000
390000.000
368000.000
381000.000
386000.000
318000.000
314000.000
332000.000
340000.000
323000.000
298000.000
259000.000
266000.000
260000.000
264000.000
211000.000
222000.000
190000.000
224000.000
203000.000
201000.000
182000.000
216000.000
216000.000
173000.000
173000.000
199000.000
192000.000
194000.000
180000.000
157000.000
181000.000
163000.000
187000.000
168000.000
185000.000
187000.000
176000.000
168000.000
199000.000
209000.000
187000.000
201000.000
208000.000
237000.000
210000.000
214000.000
240000.000
261000.000
236000.000
263000.000
293000.000
292000.000
309000.000
359000.000
374000.000
420000.000
530000.000
1002000.000
2142000.000
3232000.000
3601000.000
3737000.000
3949000.000
4198000.000
4411000.000
4414000.000
4672000.000
4762000.000
4887000.000
4954000.000
5090000.000
5175000.000
5196000.000
5365000.000
5390000.000
5294000.000
5460000.000
5395000.000
5526000.000
5624000.000
5837000.000
5829000.000
5773000.000
5834000.000
5842000.000
5790000.000
5703000.000
5652000.000
5653000.000
5702000.000
5708000.000
5436000.000
5507000.000
5448000.000
5441000.000
5543000.000
5512000.000
5418000.000
5523000.000
5538000.000
5367000.000
5334000.000
5333000.000
5291000.000
5270000.000
5280000.000
5161000.000
5077000.000
5160000.000
5140000.000
5070000.000
5049000.000
5074000.000
5016000.000
4996000.000
4887000.000
4847000.000
4813000.000
4943000.000
4891000.000
4952000.000
4760000.000
4944000.000
4882000.000
4758000.000
4799000.000
4662000.000
4655000.000
4609000.000
4685000.000
4686000.000
4995000.000
5527000.000
5726000.000
5788000.000
5897000.000
5921000.000
5925000.000
5322000.000
4874000.000
4645000.000
4392000.000
4230000.000
4158000.000
4190000.000
4219000.000
4200000.000
4081000.000
4097000.000
3998000.000
3985000.000
4107000.000
4047000.000
3997000.000
4026000.000
3930000.000
3853000.000
3772000.000
3770000.000
3789000.000
3787000.000
3729000.000
3676000.000
3501000.000
3551000.000
3610000.000
3346000.000
3380000.000
3496000.000
3410000.000
3444000.000
3258000.000
3123000.000
2915000.000
2698000.000
2501000.000
2379000.000
2123000.000
1962000.000
1695000.000
1592000.000
1382000.000
1172000.000
999000.000
876000.000
853000.000
507000.000
503000.000
462000.000
476000.000
433000.000
435000.000
425000.000
455000.000
412000.000
449000.000
393000.000
381000.000
339000.000
340000.000
352000.000
340000.000
314000.000
325000.000
315000.000
265000.000
299000.000
293000.000
269000.000
260000.000
239000.000
243000.000
217000.000
206000.000
227000.000
225000.000
192000.000
191000.000
211000.000
186000.000
191000.000
188000.000
194000.000
168000.000
171000.000
175000.000
152000.000
174000.000
180000.000
159000.000
143000.000
141000.000
148000.000
154000.000
139000.000
152000.000
157000.000
158000.000
159000.000
152000.000
149000.000
163000.000
170000.000
176000.000
181000.000
183000.000
191000.000
220000.000
214000.000
223000.000
205000.000
195000.000
255000.000
284000.000
289000.000
311000.000
325000.000
335000.000
380000.000
713000.000
1721000.000
2780000.000
3199000.000
3466000.000
3624000.000
3872000.000
4147000.000
4287000.000
4495000.000
4585000.000
4690000.000
4897000.000
4858000.000
5035000.000
5148000.000
5343000.000
5332000.000
5310000.000
5391000.000
5297000.000
5340000.000
5596000.000
5748000.000
5766000.000
5624000.000
5834000.000
5790000.000
5760000.000
5754000.000
5743000.000
5658000.000
5585000.000
5626000.000
5569000.000
5399000.000
5576000.000
5563000.000
5450000.000
5393000.000
5382000.000
5472000.000
5432000.000
5419000.000
5290000.000
5215000.000
5315000.000
5206000.000
5161000.000
5150000.000
5219000.000
5060000.000
5087000.000
5029000.000
4948000.000
4934000.000
4911000.000
4875000.000
4850000.000
4949000.000
4919000.000
4937000.000
4962000.000
4876000.000
4787000.000
4923000.000
4805000.000
4654000.000
4616000.000
4572000.000
4590000.000
4599000.000
4684000.000
4661000.000
5175000.000
5830000.000
5844000.000
5702000.000
5831000.000
5697000.000
5427000.000
4760000.000
4504000.000
4432000.000
4186000.000
4141000.000
4217000.000
4274000.000
4157000.000
4066000.000
4090000.000
4037000.000
4059000.000
4010000.000
4025000.000
3945000.000
3935000.000
3886000.000
3878000.000
3853000.000
3798000.000
3740000.000
3837000.000
3783000.000
3661000.000
3640000.000
3471000.000
3463000.000
3472000.000
3369000.000
3314000.000
3344000.000
3271000.000
3214000.000
3002000.000
2814000.000
2706000.000
2499000.000
2307000.000
2156000.000
1919000.000
1763000.000
1607000.000
1314000.000
1211000.000
1005000.000
853000.000
755000.000
443000.000
398000.000
419000.000
380000.000
393000.000
384000.000
335000.000
342000.000
355000.000
340000.000
322000.000
344000.000
319000.000
275000.000
276000.000
278000.000
271000.000
242000.000
260000.000
256000.000
255000.000
211000.000
221000.000
228000.000
212000.000
196000.000
204000.000
196000.000
171000.000
147000.000
162000.000
153000.000
144000.000
179000.000
151000.000
148000.000
145000.000
122000.000
146000.000
144000.000
139000.000
139000.000
113000.000
97000.000
140000.000
123000.000
125000.000
114000.000
125000.000
108000.000
130000.000
125000.000
132000.000
106000.000
151000.000
128000.000
161000.000
166000.000
186000.000
170000.000
182000.000
192000.000
193000.000
176000.000
199000.000
221000.000
258000.000
278000.000
276000.000
305000.000
320000.000
378000.000
498000.000
1122000.000
2180000.000
2852000.000
3152000.000
3349000.000
3475000.000
3761000.000
3948000.000
4093000.000
4296000.000
4341000.000
4677000.000
4641000.000
4869000.000
4847000.000
5039000.000
5009000.000
5143000.000
5114000.000
5208000.000
5285000.000
5546000.000
5626000.000
5528000.000
5534000.000
5522000.000
5545000.000
5627000.000
5606000.000
5595000.000
5646000.000
5621000.000
5618000.000
5615000.000
5569000.000
5477000.000
5341000.000
5486000.000
5464000.000
5441000.000
5387000.000
5365000.000
5237000.000
5311000.000
5201000.000
5181000.000
5342000.000
5310000.000
5386000.000
5304000.000
5190000.000
5165000.000
5088000.000
4939000.000
4849000.000
4738000.000
4832000.000
4816000.000
4837000.000
4829000.000
4877000.000
4921000.000
4990000.000
4852000.000
4782000.000
4782000.000
4698000.000
4674000.000
4484000.000
4574000.000
4507000.000
4553000.000
4613000.000
5121000.000
5709000.000
5656000.000
5068000.000
5326000.000
5320000.000
4945000.000
4479000.000
4402000.000
4227000.000
4294000.000
4214000.000
4158000.000
4091000.000
4023000.000
4124000.000
4052000.000
4093000.000
4086000.000
3958000.000
3901000.000
3884000.000
4041000.000
3927000.000
3831000.000
3811000.000
3751000.000
3721000.000
3708000.000
3657000.000
3722000.000
3436000.000
3454000.000
3424000.000
3379000.000
3355000.000
3276000.000
3282000.000
3178000.000
3130000.000
2847000.000
2714000.000
2523000.000
2391000.000
2190000.000
1956000.000
1728000.000
1600000.000
1411000.000
1303000.000
1121000.000
935000.000
797000.000
691000.000
696000.000
422000.000
445000.000
350000.000
374000.000
352000.000
378000.000
315000.000
318000.000
305000.000
274000.000
297000.000
293000.000
287000.000
256000.000
298000.000
282000.000
237000.000
221000.000
265000.000
213000.000
194000.000
199000.000
230000.000
219000.000
185000.000
178000.000
155000.000
171000.000
172000.000
149000.000
148000.000
163000.000
152000.000
151000.000
143000.000
146000.000
130000.000
121000.000
120000.000
114000.000
101000.000
93000.000
117000.000
123000.000
111000.000
108000.000
101000.000
119000.000
96000.000
111000.000
115000.000
104000.000
121000.000
121000.000
117000.000
126000.000
108000.000
104000.000
126000.000
123000.000
155000.000
144000.000
160000.000
159000.000
148000.000
180000.000
199000.000
185000.000
238000.000
213000.000
279000.000
274000.000
337000.000
393000.000
1003000.000
1956000.000
2640000.000
2873000.000
3092000.000
3215000.000
3455000.000
3670000.000
3910000.000
4060000.000
4254000.000
4380000.000
4547000.000
4640000.000
4683000.000
5062000.000
4976000.000
4972000.000
5143000.000
5045000.000
5140000.000
5332000.000
5516000.000
5555000.000
5544000.000
5671000.000
5623000.000
5617000.000
5595000.000
5595000.000
5682000.000
5612000.000
5538000.000
5471000.000
5531000.000
5561000.000
5408000.000
5327000.000
5384000.000
5517000.000
5367000.000
5519000.000
5330000.000
5234000.000
5222000.000
5227000.000
5209000.000
5203000.000
5235000.000
5208000.000
5205000.000
4942000.000
5004000.000
5116000.000
5017000.000
4967000.000
4834000.000
4899000.000
4769000.000
4910000.000
4836000.000
4834000.000
4759000.000
4711000.000
4753000.000
4644000.000
4639000.000
4595000.000
4501000.000
4630000.000
4684000.000
4662000.000
4585000.000
5171000.000
5544000.000
5071000.000
4582000.000
4579000.000
4654000.000
4495000.000
4325000.000
4380000.000
4316000.000
4246000.000
4231000.000
4285000.000
4330000.000
4122000.000
4069000.000
4156000.000
4087000.000
3869000.000
3749000.000
3828000.000
3898000.000
3841000.000
3853000.000
3938000.000
3940000.000
3782000.000
3735000.000
3668000.000
3693000.000
3533000.000
3440000.000
3403000.000
3346000.000
3278000.000
3211000.000
3205000.000
3102000.000
3019000.000
2900000.000
2732000.000
2488000.000
2260000.000
2047000.000
1933000.000
1761000.000
1517000.000
1400000.000
1256000.000
1039000.000
914000.000
771000.000
661000.000
589000.000
389000.000
338000.000
337000.000
334000.000
291000.000
269000.000
261000.000
290000.000
298000.000
243000.000
224000.000
219000.000
252000.000
268000.000
226000.000
198000.000
207000.000
178000.000
184000.000
168000.000
190000.000
173000.000
159000.000
161000.000
160000.000
125000.000
152000.000
171000.000
143000.000
136000.000
119000.000
115000.000
111000.000
113000.000
124000.000
105000.000
104000.000
93000.000
106000.000
90000.000
96000.000
79000.000
89000.000
71000.000
88000.000
97000.000
107000.000
82000.000
74000.000
93000.000
84000.000
98000.000
111000.000
107000.000
116000.000
95000.000
118000.000
116000.000
130000.000
126000.000
130000.000
125000.000
152000.000
157000.000
165000.000
171000.000
185000.000
192000.000
217000.000
211000.000
241000.000
281000.000
321000.000
727000.000
1540000.000
2268000.000
2538000.000
2776000.000
3004000.000
3215000.000
3301000.000
3690000.000
3677000.000
3857000.000
4087000.000
4153000.000
4305000.000
4509000.000
4725000.000
4641000.000
4777000.000
4862000.000
5056000.000
5142000.000
5303000.000
5382000.000
5473000.000
5385000.000
5426000.000
5543000.000
5349000.000
5402000.000
5478000.000
5544000.000
5546000.000
5446000.000
5471000.000
5575000.000
5544000.000
5570000.000
5360000.000
5429000.000
5424000.000
5351000.000
5334000.000
5264000.000
5377000.000
5230000.000
5252000.000
5297000.000
5214000.000
5180000.000
5109000.000
5144000.000
5154000.000
5107000.000
5005000.000
4937000.000
5041000.000
4866000.000
4933000.000
4773000.000
4758000.000
4784000.000
4765000.000
4796000.000
4687000.000
4775000.000
4678000.000
4709000.000
4545000.000
4494000.000
4464000.000
4422000.000
4465000.000
4530000.000
4564000.000
4949000.000
4874000.000
4592000.000
4456000.000
4480000.000
4558000.000
4319000.000
4381000.000
4285000.000
4171000.000
4222000.000
4163000.000
4260000.000
4083000.000
3999000.000
3989000.000
3926000.000
3788000.000
3793000.000
3825000.000
3868000.000
3921000.000
3947000.000
3836000.000
3779000.000
3925000.000
3586000.000
3540000.000
3419000.000
3393000.000
3191000.000
3282000.000
3337000.000
3287000.000
3105000.000
3042000.000
3093000.000
2881000.000
2773000.000
2530000.000
2347000.000
2144000.000
1907000.000
1846000.000
1550000.000
1399000.000
1235000.000
1168000.000
976000.000
816000.000
722000.000
621000.000
532000.000
499000.000
325000.000
300000.000
298000.000
290000.000
259000.000
274000.000
270000.000
222000.000
247000.000
188000.000
220000.000
209000.000
215000.000
208000.000
186000.000
220000.000
196000.000
170000.000
188000.000
169000.000
166000.000
154000.000
173000.000
140000.000
164000.000
132000.000
125000.000
117000.000
119000.000
110000.000
101000.000
103000.000
91000.000
112000.000
93000.000
97000.000
100000.000
84000.000
93000.000
74000.000
69000.000
85000.000
86000.000
69000.000
75000.000
73000.000
76000.000
73000.000
82000.000
65000.000
58000.000
77000.000
73000.000
64000.000
84000.000
71000.000
85000.000
83000.000
100000.000
91000.000
109000.000
96000.000
119000.000
119000.000
126000.000
135000.000
143000.000
156000.000
182000.000
185000.000
194000.000
216000.000
223000.000
356000.000
445000.000
1051000.000
1982000.000
2216000.000
2545000.000
2713000.000
2968000.000
3101000.000
3279000.000
3419000.000
3649000.000
3727000.000
3828000.000
4144000.000
4240000.000
4298000.000
4536000.000
4611000.000
4488000.000
4866000.000
4970000.000
4990000.000
5439000.000
5205000.000
5530000.000
5532000.000
5495000.000
5371000.000
5432000.000
5384000.000
5462000.000
5411000.000
5619000.000
5427000.000
5537000.000
5497000.000
5399000.000
5453000.000
5486000.000
5322000.000
5268000.000
5263000.000
5274000.000
5154000.000
5213000.000
5025000.000
5196000.000
5157000.000
5137000.000
5143000.000
5108000.000
4996000.000
5117000.000
5025000.000
5047000.000
4904000.000
4853000.000
4722000.000
4808000.000
4814000.000
4800000.000
4680000.000
4742000.000
4654000.000
4581000.000
4717000.000
4536000.000
4502000.000
4548000.000
4325000.000
4459000.000
4478000.000
4383000.000
4435000.000
4501000.000
4397000.000
4278000.000
4191000.000
4266000.000
4250000.000
4180000.000
4339000.000
4214000.000
4069000.000
4040000.000
4022000.000
3957000.000
4085000.000
3961000.000
3853000.000
3714000.000
3727000.000
3602000.000
3698000.000
3844000.000
3785000.000
3757000.000
3720000.000
3779000.000
3615000.000
3525000.000
3485000.000
3451000.000
3291000.000
3170000.000
3215000.000
3216000.000
2986000.000
2973000.000
2795000.000
2731000.000
2544000.000
2375000.000
2234000.000
2045000.000
1803000.000
1612000.000
1444000.000
1311000.000
1138000.000
990000.000
906000.000
744000.000
620000.000
538000.000
505000.000
429000.000

Notes: 
Time: 2025-11-02_01-43-20