VxRange in distance [um]: [-46.511628 46.511628] NVx:201 bFixVx:0 FixVx:0.117510
VyRange in distance [um]: [-46.511628 46.511628] NVy:201 bFixVy:0 FixVy:-0.055833
VzRange: [0.000000 100.000000] NVz:101 bFixVz:1 FixVz:55.000000
DTRange: [0.001000 0.003000] NDT:10 bFixVDT:1 FixVDT:0.005000
Size: [201 201]
509200.000
552400.000
553200.000
524800.000
568800.000
552800.000
531200.000
545600.000
544000.000
534000.000
562400.000
544000.000
558800.000
551200.000
567200.000
502800.000
514400.000
537200.000
522800.000
520400.000
520800.000
505200.000
517200.000
518800.000
527200.000
503600.000
528800.000
508400.000
485600.000
521600.000
514800.000
504800.000
505200.000
538800.000
527200.000
497600.000
528400.000
517600.000
519600.000
542800.000
582400.000
586400.000
621200.000
644800.000
648800.000
632800.000
654400.000
694400.000
656800.000
681600.000
666400.000
687200.000
682400.000
700000.000
706000.000
682400.000
706000.000
700000.000
684400.000
709200.000
700800.000
707600.000
697600.000
696000.000
727200.000
720800.000
708400.000
700400.000
716400.000
695200.000
706000.000
718000.000
702800.000
690000.000
687200.000
663600.000
637200.000
598800.000
591600.000
554000.000
547200.000
522400.000
490800.000
487200.000
476000.000
475600.000
484000.000
452400.000
433600.000
428000.000
443200.000
446400.000
446400.000
433200.000
417600.000
410400.000
453200.000
454400.000
465200.000
449200.000
529200.000
480800.000
481600.000
466800.000
470800.000
440000.000
444800.000
416400.000
449200.000
424800.000
449200.000
428000.000
433600.000
426000.000
443200.000
420800.000
429200.000
430000.000
423600.000
424000.000
432000.000
424800.000
418400.000
424800.000
439200.000
427200.000
417200.000
428800.000
407600.000
422800.000
422000.000
431600.000
402000.000
400800.000
393600.000
398000.000
401200.000
417200.000
412000.000
408000.000
396800.000
403200.000
408400.000
408400.000
426000.000
406000.000
414800.000
409600.000
422800.000
435600.000
418000.000
434800.000
420800.000
400400.000
430400.000
400000.000
420400.000
423600.000
439600.000
425600.000
445200.000
438800.000
429600.000
438800.000
438800.000
454800.000
463600.000
434000.000
466400.000
452800.000
451200.000
477200.000
480400.000
460400.000
469200.000
465200.000
465200.000
469600.000
469600.000
486800.000
469200.000
465600.000
472400.000
474800.000
498400.000
493200.000
475200.000
472000.000
510800.000
491200.000
512800.000
595600.000
602800.000
602000.000
560800.000
547600.000
563600.000
656400.000
626000.000
540800.000
552800.000
530400.000
547200.000
528400.000
525600.000
515600.000
524800.000
517600.000
524400.000
536800.000
556000.000
533600.000
554400.000
529600.000
508000.000
547200.000
514800.000
532400.000
547200.000
499600.000
526800.000
533200.000
503600.000
527600.000
495200.000
486000.000
513600.000
497600.000
474000.000
479600.000
499600.000
488400.000
486000.000
496000.000
483600.000
490000.000
498000.000
502800.000
500000.000
490800.000
556400.000
559600.000
581200.000
572400.000
610800.000
613200.000
629600.000
616400.000
661600.000
658800.000
622400.000
681600.000
700400.000
672000.000
651200.000
692400.000
696400.000
655200.000
681600.000
660400.000
681600.000
680400.000
674800.000
714800.000
698800.000
696000.000
725200.000
656000.000
719200.000
697600.000
736400.000
678800.000
712400.000
722000.000
698400.000
694000.000
660400.000
648000.000
592800.000
542000.000
517600.000
526000.000
508400.000
472400.000
497200.000
481200.000
442800.000
430800.000
436400.000
453600.000
421600.000
464400.000
458000.000
437200.000
439600.000
414800.000
435200.000
426800.000
444000.000
465200.000
454000.000
462800.000
474400.000
452400.000
440400.000
491200.000
467600.000
453200.000
449600.000
438800.000
424400.000
438400.000
434400.000
421200.000
452400.000
420000.000
433200.000
427600.000
436400.000
413600.000
431200.000
410400.000
418000.000
434400.000
422800.000
408000.000
435200.000
431600.000
431200.000
408400.000
388800.000
408800.000
424400.000
416800.000
435200.000
408000.000
408400.000
434400.000
400400.000
412000.000
392000.000
396800.000
418000.000
404400.000
400400.000
395600.000
402400.000
416400.000
441200.000
417600.000
427200.000
428400.000
402400.000
432800.000
427600.000
425600.000
408800.000
411200.000
424000.000
419600.000
442400.000
438800.000
444000.000
455200.000
447200.000
457200.000
459600.000
451200.000
453200.000
458000.000
428000.000
430800.000
477600.000
452000.000
478400.000
485600.000
467200.000
479600.000
488400.000
471600.000
487200.000
464400.000
483200.000
469600.000
456000.000
461600.000
478400.000
477600.000
462400.000
488800.000
531600.000
518400.000
531600.000
582000.000
590800.000
546800.000
535200.000
536000.000
558000.000
548400.000
538800.000
523600.000
524800.000
516000.000
503200.000
515200.000
528400.000
504400.000
520800.000
520800.000
523600.000
527600.000
518000.000
562000.000
520000.000
518000.000
585600.000
573600.000
524000.000
517200.000
484800.000
531600.000
534000.000
514800.000
499200.000
500800.000
525200.000
490400.000
480000.000
483200.000
478800.000
506800.000
468800.000
490400.000
474800.000
517200.000
491200.000
522800.000
489600.000
507200.000
505200.000
504400.000
538800.000
538000.000
583600.000
570000.000
546000.000
654000.000
670400.000
640400.000
644000.000
660000.000
643200.000
658800.000
659600.000
684400.000
687200.000
731600.000
668000.000
654400.000
686800.000
701600.000
688800.000
656400.000
706400.000
671600.000
704400.000
688000.000
678000.000
672400.000
656000.000
683600.000
695200.000
671600.000
672000.000
692800.000
693200.000
662800.000
580000.000
575200.000
552800.000
515200.000
514000.000
498800.000
479600.000
456000.000
475200.000
466400.000
475200.000
432800.000
456400.000
459200.000
427200.000
456400.000
422800.000
440800.000
411600.000
402800.000
424000.000
457200.000
441200.000
460000.000
441600.000
476800.000
455600.000
441600.000
490800.000
530800.000
430000.000
446000.000
420800.000
414800.000
428800.000
420800.000
438800.000
406800.000
422400.000
402800.000
435200.000
418400.000
409600.000
432000.000
422800.000
417600.000
419200.000
427600.000
408000.000
426800.000
410000.000
428000.000
413200.000
408400.000
392400.000
408400.000
414000.000
388000.000
401600.000
386000.000
378800.000
398400.000
390400.000
393200.000
389200.000
390400.000
392400.000
406000.000
435200.000
406000.000
417600.000
405600.000
382400.000
408800.000
392800.000
412800.000
415200.000
390800.000
416400.000
416400.000
419200.000
395600.000
426000.000
402400.000
428800.000
411200.000
428000.000
460400.000
439600.000
454400.000
423600.000
415600.000
442400.000
436400.000
445600.000
472800.000
452800.000
468000.000
462000.000
444400.000
429600.000
463200.000
466800.000
481200.000
490400.000
465600.000
449600.000
468800.000
473200.000
466800.000
468000.000
485600.000
450000.000
454400.000
477600.000
512400.000
538000.000
538800.000
522800.000
546400.000
496400.000
524400.000
488000.000
519600.000
526000.000
538000.000
502400.000
511200.000
504000.000
482400.000
522800.000
498400.000
498000.000
493200.000
529200.000
530000.000
515600.000
534000.000
503200.000
530000.000
546400.000
515200.000
479600.000
465200.000
471200.000
502800.000
538400.000
528400.000
483200.000
496400.000
502800.000
502000.000
496400.000
500000.000
490800.000
463200.000
507200.000
479600.000
500400.000
487200.000
496400.000
474400.000
484400.000
505200.000
502800.000
496800.000
550000.000
562800.000
563200.000
553200.000
581600.000
604000.000
642400.000
635600.000
646000.000
662000.000
656400.000
661600.000
671200.000
672400.000
724400.000
676800.000
680400.000
700400.000
722400.000
725600.000
718800.000
676400.000
670400.000
692400.000
687600.000
633600.000
701600.000
683600.000
706800.000
684400.000
672800.000
682000.000
678800.000
661600.000
645600.000
602400.000
573200.000
556000.000
580000.000
505200.000
482800.000
464000.000
471200.000
437600.000
429200.000
470000.000
428000.000
458400.000
416800.000
427600.000
441600.000
444800.000
446400.000
415600.000
430800.000
419200.000
417200.000
452800.000
478000.000
443600.000
424000.000
421600.000
426400.000
458000.000
450400.000
431600.000
432800.000
437600.000
417200.000
445200.000
417600.000
432800.000
412800.000
412400.000
425600.000
422800.000
431200.000
407600.000
424800.000
436400.000
372000.000
425600.000
450400.000
436800.000
455200.000
403200.000
406000.000
406000.000
411600.000
412000.000
413600.000
402000.000
400400.000
394800.000
375200.000
399200.000
400400.000
398000.000
413200.000
374800.000
396400.000
385200.000
385200.000
401600.000
411600.000
392800.000
381600.000
390800.000
401200.000
408400.000
407200.000
416400.000
416400.000
389600.000
419600.000
402000.000
406800.000
404000.000
414800.000
398000.000
434400.000
418800.000
414800.000
421200.000
433200.000
430400.000
421600.000
421600.000
439200.000
444000.000
443200.000
444800.000
428400.000
470800.000
441200.000
469200.000
472000.000
454400.000
465200.000
459600.000
445200.000
462400.000
449600.000
462800.000
480000.000
438800.000
474400.000
469200.000
496000.000
475200.000
480400.000
518000.000
512000.000
521600.000
529200.000
543600.000
527200.000
527600.000
486000.000
529600.000
500800.000
530400.000
505600.000
504800.000
502400.000
505600.000
503200.000
515600.000
482800.000
532000.000
542000.000
534000.000
500400.000
520000.000
501600.000
491200.000
510800.000
498000.000
501600.000
486800.000
502400.000
489200.000
498400.000
504000.000
496400.000
514800.000
492000.000
512400.000
472800.000
486000.000
475600.000
480800.000
463200.000
460000.000
472000.000
483600.000
476400.000
476800.000
446400.000
480000.000
476800.000
504400.000
515200.000
523200.000
511200.000
544800.000
576000.000
588000.000
620400.000
608800.000
611600.000
642000.000
676400.000
658800.000
676800.000
683200.000
689200.000
687600.000
707600.000
635600.000
673200.000
703600.000
696000.000
693200.000
708400.000
653200.000
683200.000
667600.000
664800.000
657200.000
615600.000
660800.000
613600.000
662800.000
644000.000
612400.000
605600.000
595200.000
608000.000
540000.000
507200.000
482800.000
490400.000
448400.000
461600.000
452000.000
413600.000
443600.000
451200.000
400400.000
417200.000
414400.000
420400.000
400400.000
411200.000
424000.000
433200.000
423600.000
444000.000
438400.000
465200.000
425200.000
416800.000
424000.000
440800.000
428800.000
417600.000
434400.000
384800.000
442400.000
428000.000
430400.000
412400.000
419600.000
409200.000
418800.000
416800.000
416800.000
422000.000
407600.000
394800.000
425600.000
404000.000
414400.000
406000.000
426000.000
409600.000
429200.000
428800.000
386800.000
393200.000
380800.000
388000.000
384800.000
405200.000
395600.000
373600.000
389600.000
387200.000
364400.000
376400.000
383600.000
374400.000
406000.000
376400.000
390800.000
394400.000
371200.000
392800.000
386400.000
392000.000
408000.000
408400.000
421200.000
397200.000
405200.000
408000.000
372000.000
416800.000
429600.000
455200.000
445200.000
444400.000
411600.000
394800.000
394800.000
423200.000
428800.000
429600.000
431600.000
438400.000
432400.000
430000.000
438000.000
439600.000
428800.000
463200.000
456800.000
454800.000
472800.000
452400.000
474000.000
452400.000
450800.000
474400.000
459200.000
474800.000
452400.000
449200.000
461200.000
467600.000
483600.000
534800.000
529600.000
509200.000
491200.000
483600.000
488400.000
458000.000
490000.000
486800.000
502000.000
499200.000
506800.000
506400.000
512400.000
489600.000
517200.000
524800.000
524800.000
518400.000
538000.000
498400.000
516000.000
536000.000
513600.000
498000.000
524800.000
508400.000
496400.000
512000.000
470000.000
496400.000
493600.000
513200.000
506800.000
484000.000
490000.000
507200.000
478400.000
525200.000
466400.000
483200.000
470000.000
476800.000
519200.000
462400.000
479600.000
452000.000
452000.000
477600.000
493600.000
524000.000
536800.000
568400.000
534400.000
543200.000
562400.000
568400.000
617200.000
628400.000
629200.000
610400.000
632400.000
640400.000
654000.000
680800.000
718400.000
688000.000
724000.000
710400.000
707600.000
711600.000
719200.000
688400.000
659200.000
699200.000
681200.000
649600.000
666800.000
624800.000
619600.000
654800.000
664400.000
636000.000
610400.000
571600.000
572000.000
587600.000
607600.000
524800.000
487600.000
490800.000
480800.000
442400.000
442400.000
448400.000
436400.000
429200.000
418400.000
406400.000
413200.000
427200.000
430800.000
425200.000
416000.000
413600.000
426800.000
402400.000
443200.000
454400.000
446400.000
452000.000
416800.000
456400.000
425600.000
434800.000
413200.000
441200.000
403200.000
426800.000
424400.000
434800.000
405600.000
418400.000
418400.000
411600.000
414000.000
392400.000
413200.000
398800.000
397200.000
409600.000
421200.000
415200.000
410000.000
413200.000
416800.000
406000.000
396800.000
404400.000
407200.000
387600.000
410800.000
408000.000
397600.000
394800.000
390000.000
408800.000
388400.000
383600.000
381200.000
389200.000
389600.000
389600.000
390400.000
396800.000
387600.000
410400.000
408400.000
408000.000
410800.000
419200.000
410400.000
406800.000
406400.000
416800.000
418800.000
418800.000
411600.000
422000.000
429600.000
431200.000
436400.000
427200.000
446000.000
436000.000
437600.000
433600.000
439200.000
448800.000
462800.000
447600.000
422400.000
421600.000
452800.000
438000.000
466000.000
458000.000
452400.000
482400.000
456400.000
450000.000
436400.000
463200.000
448400.000
460400.000
449200.000
465600.000
473200.000
446800.000
463200.000
460800.000
473600.000
507600.000
475200.000
513200.000
506400.000
530000.000
502000.000
510000.000
472800.000
503600.000
514400.000
489600.000
538000.000
494800.000
504400.000
518400.000
483200.000
523600.000
525200.000
519200.000
498400.000
500000.000
503600.000
509200.000
512800.000
506000.000
496400.000
492000.000
514000.000
467600.000
507200.000
511200.000
513600.000
517600.000
499200.000
534800.000
514800.000
483200.000
473600.000
467200.000
470000.000
477200.000
479200.000
458400.000
468000.000
476400.000
462000.000
464800.000
446400.000
472400.000
485200.000
508800.000
495200.000
506400.000
499200.000
522800.000
584800.000
594000.000
602400.000
612800.000
608000.000
611600.000
646000.000
681600.000
696400.000
688800.000
691600.000
706000.000
700000.000
695200.000
691200.000
700400.000
715600.000
684000.000
673600.000
680000.000
642000.000
650000.000
616000.000
635200.000
606800.000
622400.000
585200.000
574000.000
588400.000
542000.000
494400.000
512400.000
482800.000
472800.000
486400.000
458000.000
430000.000
431600.000
418800.000
430400.000
411200.000
416800.000
422000.000
423200.000
442000.000
426000.000
428400.000
404400.000
408800.000
449200.000
448800.000
408400.000
444800.000
437600.000
446000.000
406800.000
436800.000
432000.000
424800.000
394400.000
424400.000
456000.000
436000.000
426800.000
408800.000
421600.000
431600.000
428800.000
413600.000
422800.000
388800.000
436800.000
390800.000
393600.000
395200.000
430000.000
419600.000
418000.000
418000.000
418000.000
390400.000
431200.000
432800.000
402800.000
404800.000
391200.000
397600.000
396000.000
410800.000
390800.000
382400.000
395200.000
410400.000
408000.000
385600.000
363200.000
403200.000
376400.000
383200.000
419200.000
390000.000
386000.000
414000.000
433200.000
409600.000
391600.000
425600.000
407200.000
399200.000
416000.000
416000.000
416000.000
418800.000
446400.000
421200.000
425200.000
436400.000
439600.000
436800.000
481200.000
429600.000
433200.000
442800.000
433200.000
426400.000
436400.000
420800.000
444000.000
446400.000
456400.000
446400.000
468400.000
475200.000
421200.000
464000.000
457600.000
458800.000
452800.000
463600.000
472000.000
437600.000
434400.000
452800.000
436400.000
460400.000
463200.000
452800.000
476400.000
469200.000
480800.000
436000.000
458800.000
460000.000
486000.000
485600.000
478000.000
486400.000
471600.000
500000.000
489600.000
469200.000
506400.000
504800.000
468400.000
496800.000
501600.000
472800.000
501600.000
490400.000
500800.000
486000.000
477600.000
480800.000
503200.000
498000.000
495200.000
494400.000
515200.000
476800.000
514400.000
487200.000
485600.000
509200.000
494800.000
482000.000
470000.000
464000.000
470000.000
468800.000
471600.000
463600.000
434400.000
443200.000
451600.000
452800.000
464400.000
462000.000
468000.000
491600.000
492400.000
490000.000
511200.000
543200.000
546800.000
580000.000
570000.000
614400.000
632400.000
653200.000
667200.000
703600.000
690800.000
668800.000
684000.000
707200.000
704000.000
676400.000
698400.000
670400.000
656000.000
668400.000
646800.000
587200.000
585600.000
581600.000
607200.000
576800.000
541600.000
552000.000
532400.000
520000.000
458800.000
481200.000
466400.000
469200.000
460000.000
446800.000
398400.000
408800.000
394800.000
421200.000
416400.000
427600.000
424000.000
438400.000
428800.000
422800.000
384400.000
412800.000
407600.000
383200.000
412000.000
392000.000
413200.000
408400.000
403600.000
423200.000
391200.000
414800.000
434000.000
409600.000
398800.000
397200.000
409200.000
410800.000
415200.000
382400.000
386800.000
409200.000
405600.000
408400.000
398800.000
396400.000
426400.000
406800.000
412000.000
384400.000
402000.000
392800.000
414400.000
406400.000
425200.000
407600.000
414800.000
411200.000
401200.000
392400.000
396000.000
393200.000
397600.000
387200.000
375200.000
391600.000
390400.000
383200.000
365600.000
394400.000
390000.000
362800.000
385200.000
393200.000
397600.000
392400.000
398800.000
396400.000
395200.000
413600.000
396000.000
407200.000
396000.000
397600.000
417200.000
414800.000
414400.000
408800.000
418800.000
413600.000
409200.000
424400.000
446800.000
439200.000
405200.000
415200.000
426000.000
427600.000
408000.000
419200.000
406400.000
415600.000
445200.000
448800.000
448800.000
465200.000
442000.000
444400.000
467600.000
471200.000
481200.000
442000.000
454000.000
444800.000
432000.000
440000.000
431600.000
429600.000
454000.000
456800.000
450800.000
462800.000
447600.000
462000.000
440400.000
462400.000
442400.000
444400.000
502400.000
526400.000
492400.000
511600.000
510000.000
488000.000
511200.000
500800.000
478000.000
466000.000
494400.000
504400.000
503200.000
497200.000
500800.000
496400.000
503600.000
450800.000
499200.000
472000.000
492400.000
475600.000
497200.000
504800.000
522800.000
522800.000
543600.000
526800.000
532800.000
486000.000
509200.000
496400.000
471600.000
472000.000
482800.000
458000.000
448400.000
446400.000
456800.000
444400.000
463200.000
435200.000
462000.000
478800.000
447600.000
468400.000
509200.000
517600.000
525200.000
536800.000
536800.000
603200.000
620800.000
642400.000
685600.000
666400.000
672800.000
672800.000
683600.000
712800.000
700400.000
721200.000
737600.000
713200.000
697600.000
685600.000
656800.000
603200.000
600000.000
579600.000
578400.000
547200.000
529200.000
520400.000
509600.000
519200.000
460000.000
484000.000
476800.000
461600.000
441200.000
442000.000
451600.000
422800.000
418000.000
443200.000
424000.000
403200.000
434000.000
395600.000
422400.000
404000.000
415200.000
405600.000
402000.000
400000.000
383600.000
414000.000
414800.000
404400.000
401200.000
408000.000
428800.000
405600.000
408800.000
424800.000
390400.000
401600.000
392000.000
414800.000
392400.000
419200.000
391600.000
410000.000
394800.000
379200.000
408400.000
406400.000
414400.000
397200.000
392000.000
404800.000
402000.000
398800.000
411200.000
421600.000
393600.000
405200.000
422000.000
391200.000
403200.000
402800.000
404400.000
410800.000
416800.000
406800.000
394800.000
384800.000
385200.000
394800.000
383600.000
400400.000
380800.000
392400.000
395200.000
389200.000
373200.000
410400.000
402400.000
400800.000
406000.000
405600.000
404800.000
398800.000
393200.000
404000.000
411600.000
427200.000
418000.000
418400.000
414400.000
435200.000
425600.000
428800.000
431200.000
436000.000
404400.000
418400.000
424800.000
429600.000
448400.000
424400.000
433200.000
402400.000
420400.000
448400.000
444000.000
451200.000
448000.000
463600.000
455600.000
444800.000
454400.000
460400.000
418400.000
439600.000
438000.000
434400.000
437200.000
425200.000
427600.000
418800.000
441200.000
428000.000
422400.000
432000.000
440400.000
431600.000
457200.000
452400.000
466400.000
514800.000
478400.000
483200.000
462000.000
500400.000
501600.000
482000.000
505200.000
493200.000
495600.000
488800.000
488800.000
492000.000
475200.000
506400.000
518400.000
496400.000
474000.000
455600.000
477200.000
492400.000
477200.000
481600.000
536000.000
494800.000
504800.000
530800.000
539200.000
543600.000
514000.000
524800.000
495600.000
542400.000
510800.000
496800.000
479200.000
485200.000
463200.000
430400.000
461200.000
461600.000
451200.000
480000.000
481200.000
466800.000
462000.000
484400.000
520400.000
512800.000
526000.000
522400.000
554000.000
611200.000
623600.000
642800.000
666000.000
688400.000
688400.000
705600.000
682000.000
722400.000
721200.000
732800.000
713600.000
710800.000
690400.000
621600.000
621200.000
571200.000
548800.000
537600.000
564000.000
528800.000
524800.000
517200.000
500000.000
482400.000
464800.000
460000.000
436400.000
436800.000
425600.000
414400.000
437200.000
441200.000
456800.000
398400.000
410400.000
420000.000
411600.000
400800.000
424800.000
410400.000
418000.000
416000.000
416400.000
405600.000
418000.000
402400.000
408000.000
443600.000
400000.000
424000.000
417600.000
417200.000
392400.000
408000.000
435600.000
405600.000
421600.000
404000.000
408000.000
420000.000
399200.000
421600.000
401200.000
386800.000
416000.000
403600.000
397200.000
407200.000
403200.000
404400.000
415200.000
412400.000
410000.000
396800.000
399600.000
380000.000
409600.000
392800.000
412800.000
395200.000
406800.000
410400.000
399200.000
410800.000
404000.000
399600.000
417600.000
397200.000
400800.000
400800.000
397600.000
398000.000
384000.000
395200.000
398000.000
391600.000
410800.000
421600.000
402800.000
413200.000
395200.000
401600.000
416400.000
409200.000
402400.000
433600.000
408400.000
411200.000
423200.000
416000.000
420400.000
430400.000
432800.000
438800.000
432000.000
423600.000
462400.000
465600.000
433200.000
428800.000
422400.000
447600.000
423200.000
438400.000
454000.000
432800.000
439200.000
441600.000
446400.000
436000.000
441600.000
429200.000
456000.000
415200.000
413600.000
396800.000
422800.000
438800.000
425200.000
455200.000
440800.000
405200.000
439200.000
433200.000
422800.000
434400.000
436400.000
481600.000
491600.000
489200.000
515600.000
515200.000
502000.000
483200.000
499200.000
492400.000
523600.000
513200.000
509200.000
488800.000
493200.000
514800.000
466400.000
505600.000
494400.000
497200.000
505600.000
462400.000
515600.000
473600.000
495600.000
522800.000
531600.000
526400.000
552400.000
533200.000
560000.000
539200.000
524000.000
542800.000
504400.000
558400.000
525600.000
509200.000
506000.000
494400.000
472000.000
460800.000
467200.000
449600.000
465600.000
480800.000
480000.000
442000.000
463200.000
498000.000
522800.000
495200.000
524000.000
556000.000
546800.000
610400.000
628400.000
670000.000
680000.000
681600.000
662400.000
684800.000
682400.000
674800.000
689600.000
692800.000
697600.000
660000.000
616800.000
613200.000
569200.000
568000.000
537200.000
506400.000
533200.000
493200.000
502800.000
471600.000
475600.000
475600.000
512800.000
446800.000
423200.000
439600.000
426800.000
399600.000
439200.000
416800.000
438000.000
422000.000
418000.000
416400.000
411200.000
395600.000
388000.000
410400.000
416000.000
408800.000
402800.000
424800.000
391200.000
406800.000
394000.000
425200.000
407200.000
394800.000
406000.000
406400.000
382800.000
387200.000
397600.000
401600.000
388800.000
404400.000
404400.000
392400.000
381600.000
397600.000
420000.000
419200.000
396000.000
420000.000
395200.000
436800.000
399600.000
396800.000
402400.000
411600.000
406400.000
410800.000
409600.000
391600.000
425200.000
387200.000
414400.000
429200.000
453600.000
417600.000
432400.000
424800.000
430400.000
444000.000
434400.000
421600.000
426400.000
414400.000
377200.000
413200.000
390800.000
390000.000
416400.000
407600.000
412800.000
418400.000
411600.000
422000.000
416400.000
426400.000
413600.000
432400.000
434800.000
413600.000
432000.000
418400.000
426800.000
424000.000
427600.000
450800.000
437200.000
437200.000
404000.000
446800.000
418800.000
418400.000
469600.000
418400.000
433200.000
406800.000
449200.000
444400.000
460400.000
425600.000
440800.000
447600.000
443600.000
450800.000
438000.000
446000.000
430000.000
413600.000
419200.000
400000.000
424800.000
402400.000
428800.000
430800.000
413600.000
409600.000
410000.000
448400.000
430800.000
436400.000
452800.000
500000.000
507600.000
516000.000
512400.000
466400.000
508800.000
486800.000
506800.000
498000.000
500400.000
483600.000
512400.000
513200.000
488800.000
486000.000
495600.000
487200.000
487600.000
496000.000
463600.000
489200.000
502000.000
527200.000
528400.000
525200.000
565600.000
557200.000
556800.000
566400.000
576000.000
551200.000
560800.000
520400.000
536800.000
537200.000
525200.000
523200.000
505200.000
478000.000
498400.000
478400.000
486000.000
465200.000
455600.000
485600.000
452000.000
450800.000
450400.000
488000.000
478800.000
504800.000
532400.000
546800.000
564800.000
600000.000
601600.000
648800.000
620000.000
647200.000
710000.000
653600.000
665200.000
667200.000
629200.000
695200.000
682000.000
630400.000
618800.000
593200.000
551200.000
532000.000
518400.000
504000.000
457600.000
486800.000
450800.000
493600.000
473200.000
463200.000
454800.000
430400.000
435200.000
422000.000
414400.000
438400.000
420000.000
433200.000
410400.000
407200.000
429200.000
432400.000
417200.000
428800.000
404800.000
432800.000
411600.000
405600.000
424000.000
400800.000
398800.000
406400.000
420400.000
397600.000
415600.000
401200.000
417200.000
392800.000
393200.000
400000.000
409600.000
402400.000
381600.000
389600.000
396000.000
369600.000
386400.000
426800.000
414400.000
396000.000
404400.000
398400.000
407200.000
375200.000
425600.000
411200.000
384800.000
406400.000
417600.000
423200.000
411200.000
406000.000
389600.000
427200.000
437200.000
446000.000
436800.000
443600.000
447600.000
441600.000
443600.000
441200.000
432400.000
422400.000
425200.000
419600.000
409600.000
418000.000
433600.000
427200.000
398000.000
431600.000
427600.000
445200.000
439200.000
399600.000
431600.000
420400.000
425600.000
418800.000
415600.000
438400.000
441600.000
432400.000
428000.000
434400.000
449600.000
440000.000
424000.000
440400.000
439600.000
428800.000
428400.000
411200.000
436400.000
442000.000
466800.000
442800.000
463600.000
453200.000
457600.000
430400.000
451200.000
424800.000
412800.000
434000.000
439200.000
426400.000
413600.000
421200.000
424400.000
421200.000
416400.000
402800.000
402800.000
450400.000
414800.000
414800.000
434800.000
433200.000
426400.000
446400.000
492400.000
474800.000
470000.000
499600.000
475200.000
505200.000
489600.000
490400.000
492400.000
492400.000
505600.000
519600.000
467200.000
504400.000
455600.000
468800.000
483200.000
474400.000
468800.000
468400.000
486400.000
467600.000
507200.000
531600.000
555200.000
564400.000
543200.000
575200.000
598400.000
597600.000
556400.000
575200.000
565600.000
534000.000
504800.000
550800.000
514800.000
484000.000
476800.000
472400.000
479600.000
442400.000
477200.000
441600.000
468800.000
458400.000
452400.000
451200.000
459600.000
464000.000
478000.000
488800.000
518800.000
524400.000
560000.000
592800.000
579200.000
615200.000
629600.000
651600.000
645200.000
652400.000
638400.000
678400.000
658400.000
672000.000
632800.000
598800.000
572000.000
570400.000
534000.000
518000.000
499600.000
518800.000
472400.000
466000.000
460800.000
430800.000
417600.000
438800.000
432800.000
411200.000
421200.000
430400.000
429200.000
416800.000
415600.000
405600.000
423200.000
444800.000
398000.000
410800.000
406800.000
410800.000
405200.000
403200.000
412400.000
409200.000
414800.000
415200.000
426000.000
414800.000
404400.000
398400.000
391200.000
405200.000
429200.000
391200.000
406000.000
416000.000
403600.000
403200.000
392400.000
400800.000
409200.000
406400.000
375600.000
404000.000
404000.000
406400.000
417200.000
397200.000
397200.000
393600.000
394800.000
406800.000
415600.000
428400.000
396400.000
413200.000
405600.000
415600.000
454000.000
449200.000
458000.000
474800.000
421200.000
432400.000
467200.000
466000.000
483200.000
453600.000
461200.000
430400.000
420000.000
423200.000
430000.000
430000.000
437200.000
421200.000
440800.000
464800.000
482800.000
468000.000
453600.000
460000.000
418400.000
435600.000
412400.000
448800.000
430800.000
413200.000
414000.000
454400.000
456000.000
430000.000
413600.000
424400.000
404000.000
428400.000
447200.000
444400.000
438800.000
410000.000
436400.000
425600.000
405200.000
435200.000
435600.000
455200.000
438000.000
423600.000
448800.000
427200.000
423200.000
414800.000
435600.000
410000.000
391600.000
408000.000
404800.000
390800.000
402800.000
425600.000
394000.000
418000.000
425600.000
408800.000
423200.000
440000.000
454800.000
490800.000
490800.000
503200.000
506800.000
482400.000
478000.000
479600.000
498800.000
517600.000
470400.000
480800.000
490400.000
452400.000
484000.000
487200.000
485200.000
444400.000
469200.000
453200.000
462800.000
508400.000
504400.000
498400.000
530400.000
546000.000
564800.000
594800.000
574800.000
550800.000
580800.000
596000.000
612000.000
606400.000
582400.000
522400.000
536000.000
522800.000
499600.000
489200.000
475600.000
477600.000
477200.000
450000.000
453600.000
453600.000
444000.000
467200.000
413600.000
452000.000
479200.000
481200.000
493200.000
520800.000
531600.000
546800.000
557200.000
591200.000
578400.000
618400.000
604400.000
640000.000
629200.000
640000.000
684400.000
662800.000
642000.000
596000.000
602400.000
554800.000
551600.000
540800.000
528000.000
523600.000
500800.000
498000.000
499200.000
475600.000
442000.000
418800.000
418800.000
412800.000
417600.000
421200.000
414800.000
433200.000
399200.000
400400.000
428000.000
401600.000
420000.000
402800.000
430400.000
423200.000
412800.000
404400.000
413200.000
403200.000
406800.000
428400.000
410800.000
399600.000
394400.000
368400.000
391600.000
434400.000
409600.000
388800.000
389200.000
412000.000
411200.000
390400.000
416400.000
389200.000
397200.000
425200.000
397600.000
398800.000
390400.000
398000.000
402000.000
402000.000
413600.000
407600.000
391600.000
407600.000
386000.000
400800.000
400800.000
406000.000
402400.000
389600.000
412400.000
460800.000
446400.000
460400.000
475200.000
428800.000
442000.000
452800.000
468400.000
482000.000
480000.000
476000.000
464800.000
432800.000
438000.000
450000.000
410800.000
435600.000
454000.000
498000.000
531200.000
484400.000
486800.000
450400.000
456000.000
457600.000
448400.000
477200.000
454000.000
423200.000
446400.000
424000.000
412000.000
430000.000
430000.000
426800.000
439600.000
418000.000
417600.000
412800.000
417600.000
429200.000
422000.000
414000.000
402000.000
418400.000
434400.000
450000.000
423200.000
432000.000
410400.000
434800.000
421200.000
405600.000
401200.000
423200.000
430800.000
417200.000
425600.000
407600.000
392000.000
392800.000
402800.000
392400.000
386800.000
389600.000
388000.000
400000.000
382000.000
415200.000
484800.000
461600.000
460000.000
468800.000
463600.000
471200.000
459600.000
484400.000
482800.000
468800.000
464000.000
447200.000
476800.000
468000.000
463600.000
440800.000
461600.000
457200.000
457600.000
431200.000
456800.000
464400.000
478000.000
498400.000
536400.000
539600.000
556000.000
574800.000
598000.000
616800.000
583200.000
621200.000
591200.000
532000.000
538400.000
530000.000
528000.000
486800.000
472000.000
480000.000
440000.000
456400.000
480400.000
464000.000
422000.000
446000.000
453600.000
440800.000
450000.000
431200.000
434400.000
465600.000
504000.000
520800.000
526400.000
501200.000
514000.000
533200.000
573600.000
608000.000
655600.000
590000.000
620800.000
623600.000
633200.000
562000.000
554000.000
546400.000
527200.000
542400.000
548000.000
556400.000
512400.000
535600.000
508400.000
458000.000
438400.000
459600.000
441600.000
436400.000
434400.000
406400.000
413200.000
418000.000
394400.000
416400.000
415600.000
412800.000
419200.000
415600.000
402000.000
398800.000
406000.000
412800.000
417600.000
382000.000
389200.000
402400.000
397600.000
396400.000
379200.000
401200.000
394000.000
385200.000
406000.000
404800.000
408800.000
420000.000
376400.000
373600.000
411200.000
403200.000
397200.000
379200.000
392400.000
386400.000
413200.000
404800.000
402800.000
397600.000
368400.000
395600.000
388000.000
412800.000
391600.000
386400.000
376800.000
416000.000
400000.000
408800.000
401200.000
441200.000
443200.000
479600.000
482000.000
476800.000
495600.000
508400.000
517600.000
509600.000
504800.000
488000.000
480000.000
462400.000
463600.000
438400.000
448400.000
429600.000
479600.000
520800.000
548000.000
608000.000
603200.000
631200.000
620800.000
550800.000
557600.000
461200.000
449200.000
438400.000
431200.000
442400.000
430800.000
456000.000
458000.000
460400.000
430800.000
434400.000
406400.000
435600.000
427600.000
440400.000
426000.000
416800.000
417200.000
392400.000
404000.000
438000.000
410800.000
405200.000
418000.000
421200.000
417200.000
413200.000
414400.000
416800.000
403600.000
393600.000
420800.000
397200.000
392000.000
390400.000
400000.000
390800.000
396000.000
397200.000
391600.000
413200.000
376400.000
386800.000
364000.000
462800.000
460400.000
499200.000
452000.000
465600.000
478400.000
453200.000
477200.000
491200.000
460800.000
469200.000
445600.000
444800.000
465600.000
457600.000
456000.000
474400.000
441600.000
456800.000
442400.000
445600.000
490000.000
488400.000
538000.000
563200.000
551200.000
568800.000
582800.000
628400.000
604000.000
614000.000
624400.000
573600.000
534400.000
535600.000
501200.000
507200.000
509600.000
473600.000
493200.000
493200.000
434000.000
454400.000
468800.000
451600.000
451200.000
412000.000
440000.000
448400.000
464000.000
469600.000
435200.000
467600.000
444000.000
510400.000
488800.000
492400.000
518800.000
528000.000
556000.000
548400.000
574400.000
607200.000
640400.000
595600.000
561600.000
544800.000
542800.000
509200.000
498800.000
535200.000
544400.000
536400.000
506800.000
456800.000
464000.000
462400.000
436800.000
417200.000
405200.000
442000.000
442400.000
417600.000
408400.000
414400.000
422000.000
406400.000
418800.000
422000.000
394400.000
425200.000
392000.000
390000.000
421600.000
398000.000
389600.000
381200.000
409600.000
398400.000
411200.000
396800.000
390000.000
370000.000
400800.000
380800.000
391600.000
383200.000
404000.000
397200.000
391600.000
382800.000
385600.000
396400.000
379200.000
377200.000
371200.000
407600.000
369200.000
400800.000
377200.000
409200.000
383200.000
385200.000
381600.000
395600.000
388000.000
392400.000
400000.000
420000.000
381600.000
401600.000
422000.000
453600.000
485200.000
462000.000
460400.000
506800.000
540000.000
529200.000
542800.000
523600.000
557200.000
475600.000
460400.000
444000.000
462800.000
447600.000
466000.000
522800.000
516000.000
623600.000
708000.000
729200.000
678400.000
649600.000
600000.000
554800.000
512400.000
496400.000
514000.000
459200.000
457600.000
416800.000
461200.000
419200.000
436800.000
445600.000
416000.000
429200.000
427600.000
414800.000
400800.000
412400.000
412400.000
407200.000
440400.000
424400.000
409600.000
417200.000
370400.000
402800.000
388800.000
405600.000
383200.000
395600.000
398000.000
398000.000
399600.000
389200.000
406800.000
387600.000
398400.000
401600.000
378800.000
373200.000
372000.000
386800.000
363600.000
378000.000
367200.000
338800.000
487200.000
474800.000
479600.000
472800.000
443200.000
462000.000
474800.000
488400.000
433200.000
462800.000
457600.000
492400.000
474400.000
439600.000
432000.000
448400.000
436000.000
440800.000
462000.000
444800.000
444800.000
477200.000
498400.000
528800.000
522800.000
534000.000
571200.000
612000.000
598800.000
622000.000
613600.000
589200.000
573600.000
558400.000
573600.000
504000.000
493200.000
468400.000
478400.000
445200.000
450800.000
455200.000
453600.000
462800.000
430000.000
448000.000
429200.000
434000.000
444000.000
424000.000
430800.000
423600.000
471600.000
458400.000
490800.000
497600.000
490000.000
470800.000
478800.000
484000.000
543600.000
563200.000
611200.000
625600.000
565600.000
532400.000
623600.000
639600.000
597200.000
565200.000
549600.000
537200.000
522400.000
489200.000
446400.000
430400.000
430400.000
433200.000
438400.000
440400.000
437600.000
430000.000
394400.000
382400.000
411200.000
410800.000
410400.000
404000.000
412000.000
412000.000
404000.000
411600.000
406400.000
422400.000
404400.000
420000.000
405200.000
401200.000
406400.000
421600.000
392000.000
411200.000
400800.000
373600.000
378800.000
382800.000
396400.000
379200.000
376800.000
385200.000
399200.000
385600.000
388000.000
377600.000
390800.000
399200.000
388000.000
388400.000
393600.000
397600.000
414800.000
362800.000
386000.000
399600.000
371200.000
387600.000
388400.000
402800.000
388800.000
372800.000
400000.000
444000.000
453600.000
458800.000
466800.000
465200.000
492400.000
502800.000
536800.000
540800.000
561600.000
534800.000
486800.000
447200.000
440800.000
429600.000
456400.000
505200.000
541200.000
651200.000
817600.000
970000.000
1051200.000
918800.000
784400.000
725200.000
730400.000
697200.000
509200.000
517600.000
478000.000
438000.000
458000.000
447600.000
433600.000
414000.000
427200.000
434000.000
429600.000
403600.000
399600.000
424400.000
402400.000
414800.000
419600.000
416000.000
404800.000
400400.000
412400.000
416400.000
433200.000
422000.000
425200.000
404400.000
389600.000
386000.000
407600.000
400800.000
406000.000
406000.000
386400.000
379200.000
396000.000
365200.000
382800.000
373600.000
340800.000
329600.000
326800.000
335600.000
318400.000
485600.000
467600.000
446000.000
472800.000
455600.000
468400.000
468000.000
461600.000
434800.000
438400.000
463600.000
468400.000
443600.000
454400.000
467600.000
440800.000
440000.000
457200.000
435600.000
447600.000
446400.000
448800.000
468000.000
494000.000
554800.000
568400.000
544000.000
593600.000
618400.000
585600.000
590800.000
607200.000
548400.000
548800.000
526800.000
511200.000
530400.000
485200.000
460400.000
459600.000
452000.000
452400.000
450400.000
411200.000
399200.000
429600.000
439600.000
426000.000
426400.000
444400.000
416000.000
461200.000
420400.000
445200.000
469600.000
452000.000
468400.000
483200.000
480800.000
492000.000
509600.000
514400.000
601600.000
583600.000
554400.000
512400.000
588000.000
661200.000
655600.000
564000.000
542800.000
538800.000
486400.000
488000.000
490800.000
461600.000
407600.000
452000.000
429200.000
444000.000
425200.000
410000.000
417600.000
427200.000
422400.000
432400.000
408800.000
410400.000
394800.000
406800.000
400000.000
416400.000
425200.000
397200.000
411200.000
416400.000
404000.000
398800.000
411200.000
376800.000
388800.000
421600.000
413600.000
434000.000
400800.000
409200.000
383200.000
385200.000
392000.000
400800.000
412800.000
402400.000
401600.000
385600.000
378400.000
404000.000
385200.000
378000.000
420400.000
379200.000
389600.000
398800.000
387200.000
380400.000
412000.000
403200.000
416000.000
399200.000
428400.000
406800.000
404800.000
456000.000
466800.000
464800.000
482000.000
456000.000
508400.000
544800.000
552400.000
542000.000
552000.000
528000.000
502400.000
512000.000
476400.000
463600.000
494000.000
546000.000
664400.000
810000.000
1029600.000
1085200.000
919600.000
642400.000
607200.000
653200.000
564400.000
642400.000
681200.000
512400.000
540400.000
461200.000
448400.000
405200.000
420000.000
424000.000
398800.000
414400.000
405200.000
414000.000
411600.000
439600.000
426400.000
428800.000
402400.000
413600.000
418800.000
427200.000
403600.000
409200.000
394800.000
418400.000
401600.000
388400.000
422800.000
420000.000
401200.000
399200.000
374800.000
377200.000
370400.000
357200.000
369200.000
372800.000
332800.000
339200.000
327600.000
317600.000
309600.000
317200.000
292000.000
506000.000
487600.000
472400.000
474400.000
460400.000
464000.000
445200.000
457600.000
465600.000
461600.000
447200.000
453200.000
459600.000
454800.000
445600.000
453600.000
460000.000
455200.000
449200.000
453200.000
454400.000
482000.000
496800.000
499600.000
533200.000
538000.000
536400.000
554000.000
590400.000
602000.000
590000.000
572800.000
579600.000
548400.000
544000.000
536000.000
522400.000
479200.000
455200.000
477600.000
442800.000
448000.000
448400.000
450400.000
455200.000
446000.000
437200.000
432800.000
441600.000
442800.000
438000.000
429200.000
424000.000
437600.000
426400.000
467200.000
480000.000
466800.000
469600.000
449200.000
460000.000
524800.000
536000.000
528400.000
500400.000
496800.000
474800.000
513200.000
545200.000
554400.000
543200.000
542800.000
505200.000
501200.000
504000.000
516000.000
530800.000
453600.000
466000.000
427600.000
424000.000
392000.000
416400.000
420400.000
426800.000
425200.000
410000.000
407200.000
396400.000
388800.000
416000.000
428000.000
415600.000
408000.000
398000.000
397200.000
414800.000
411200.000
397200.000
404400.000
410400.000
412000.000
398800.000
398000.000
388400.000
394000.000
390800.000
392000.000
367600.000
384800.000
378800.000
406000.000
378400.000
400800.000
381600.000
388000.000
385600.000
376800.000
380000.000
403600.000
406800.000
374800.000
399200.000
394400.000
389200.000
398400.000
411600.000
412800.000
399600.000
393200.000
400000.000
401200.000
434800.000
438000.000
457200.000
452000.000
474400.000
476400.000
514000.000
526400.000
502400.000
531200.000
496400.000
468000.000
501600.000
506400.000
488800.000
548800.000
735600.000
911200.000
1091600.000
988800.000
852800.000
733200.000
549200.000
520000.000
686000.000
589200.000
566800.000
638800.000
495600.000
497200.000
464400.000
458400.000
440800.000
443200.000
417600.000
440400.000
430400.000
410800.000
422400.000
395600.000
407600.000
416000.000
430000.000
431600.000
426400.000
429600.000
398800.000
399200.000
408400.000
408400.000
416000.000
385200.000
408000.000
381200.000
390000.000
371600.000
367200.000
384000.000
379200.000
350400.000
343600.000
355600.000
314000.000
325200.000
317600.000
337600.000
319200.000
274400.000
263600.000
474400.000
484800.000
484400.000
433200.000
455200.000
444000.000
462800.000
434000.000
434000.000
459200.000
449600.000
441600.000
433600.000
435600.000
436800.000
441600.000
432800.000
423200.000
446800.000
441600.000
482400.000
464800.000
481200.000
501200.000
502400.000
524800.000
538800.000
565600.000
561200.000
594400.000
602400.000
568800.000
558000.000
531200.000
522400.000
538800.000
492800.000
462000.000
446400.000
449200.000
433200.000
446800.000
447600.000
427200.000
430000.000
439600.000
431200.000
428800.000
428000.000
448400.000
432400.000
413600.000
433600.000
425600.000
429200.000
428800.000
459600.000
466000.000
458800.000
446800.000
477600.000
458400.000
469600.000
453200.000
492000.000
486400.000
499600.000
483600.000
533600.000
542000.000
534400.000
540400.000
496400.000
468000.000
468000.000
486000.000
468000.000
457600.000
444400.000
446800.000
429200.000
424800.000
394400.000
410400.000
396800.000
389200.000
412000.000
394000.000
414000.000
384800.000
393600.000
377600.000
400400.000
394000.000
413600.000
388000.000
412000.000
401600.000
398800.000
376800.000
395600.000
376800.000
405200.000
395600.000
384000.000
408000.000
390000.000
390800.000
395200.000
377200.000
386800.000
421200.000
379200.000
366000.000
394800.000
372000.000
385200.000
392000.000
394000.000
400800.000
386800.000
358000.000
376400.000
390400.000
391600.000
380000.000
397200.000
398400.000
388000.000
376800.000
393600.000
390800.000
411600.000
420800.000
422000.000
462400.000
463600.000
468800.000
500000.000
509600.000
474400.000
488400.000
468800.000
487200.000
491600.000
482800.000
493600.000
625200.000
820400.000
1022000.000
1067200.000
904000.000
600000.000
536000.000
512400.000
511200.000
512000.000
593600.000
495200.000
621200.000
508400.000
520400.000
452400.000
451200.000
430000.000
438000.000
414000.000
429200.000
412000.000
406800.000
429600.000
396800.000
423600.000
398800.000
392800.000
397200.000
399200.000
420000.000
410800.000
384000.000
404000.000
396000.000
413600.000
400800.000
383200.000
377600.000
362800.000
376000.000
368000.000
369600.000
354400.000
338400.000
335200.000
327200.000
334000.000
314400.000
317200.000
298800.000
284800.000
262000.000
267600.000
438400.000
454800.000
466400.000
458400.000
462400.000
440400.000
425600.000
425200.000
423600.000
440000.000
429600.000
440400.000
444000.000
420800.000
439200.000
452000.000
426400.000
447200.000
454400.000
448800.000
465600.000
473200.000
483600.000
454000.000
480000.000
510400.000
483200.000
553200.000
578800.000
581200.000
564800.000
532400.000
528000.000
515600.000
503600.000
488800.000
468000.000
464800.000
447200.000
468000.000
427600.000
448000.000
440800.000
437200.000
448800.000
416800.000
430400.000
433600.000
409200.000
446800.000
428800.000
432800.000
447200.000
410800.000
411200.000
445600.000
454400.000
442800.000
433600.000
436400.000
433600.000
459600.000
490400.000
471600.000
474000.000
476800.000
517200.000
490400.000
548000.000
541600.000
526400.000
504000.000
514000.000
458400.000
460400.000
472400.000
453600.000
435600.000
435200.000
429200.000
417200.000
402400.000
425600.000
395200.000
416400.000
403200.000
407600.000
397600.000
408400.000
395200.000
366400.000
393600.000
384000.000
376000.000
396400.000
398800.000
413600.000
399200.000
383600.000
396800.000
411200.000
386000.000
384400.000
398800.000
376400.000
400800.000
378000.000
406400.000
405200.000
394400.000
398400.000
388400.000
377600.000
399600.000
386400.000
368000.000
379600.000
379200.000
395600.000
384400.000
396400.000
414800.000
378000.000
368400.000
389200.000
390400.000
383200.000
392800.000
410400.000
388800.000
391600.000
381600.000
423600.000
438000.000
430000.000
434800.000
435200.000
466000.000
508000.000
506000.000
482400.000
452800.000
493200.000
484000.000
488800.000
461200.000
486800.000
668800.000
869200.000
1160800.000
1056800.000
844400.000
616000.000
990800.000
1290800.000
767200.000
573200.000
581600.000
572400.000
563600.000
525200.000
466400.000
446800.000
432800.000
440000.000
440800.000
412400.000
395200.000
403600.000
404400.000
389200.000
376000.000
419600.000
369600.000
388400.000
385200.000
428400.000
391600.000
401600.000
427600.000
421600.000
418400.000
382400.000
433600.000
372400.000
385200.000
355200.000
363600.000
376800.000
345200.000
335200.000
329600.000
323200.000
320400.000
332800.000
313600.000
273200.000
271200.000
268800.000
285200.000
272400.000
422400.000
430000.000
464400.000
477600.000
444400.000
438400.000
456800.000
415600.000
422000.000
428800.000
422000.000
425200.000
439200.000
441600.000
420800.000
426000.000
452800.000
429600.000
436400.000
459200.000
447200.000
460000.000
436400.000
457200.000
498400.000
521600.000
501200.000
510000.000
535600.000
536400.000
525200.000
519200.000
511200.000
514400.000
499200.000
478400.000
464400.000
478000.000
478800.000
461600.000
438400.000
390000.000
422400.000
429600.000
419200.000
436000.000
404400.000
439600.000
422400.000
427600.000
412000.000
421200.000
410000.000
427200.000
441200.000
440400.000
412800.000
414400.000
430000.000
444800.000
458400.000
445600.000
447600.000
494000.000
462400.000
500000.000
492000.000
500400.000
496400.000
494800.000
495600.000
491200.000
458400.000
474000.000
468800.000
455600.000
428800.000
446800.000
426000.000
424400.000
400000.000
400800.000
399600.000
368400.000
403600.000
404800.000
391200.000
408800.000
406000.000
392400.000
417600.000
402400.000
407600.000
385200.000
426400.000
401200.000
414400.000
398800.000
396800.000
402000.000
421600.000
394000.000
380000.000
398000.000
384000.000
398400.000
413600.000
395200.000
399200.000
395200.000
402800.000
391600.000
388400.000
386000.000
391200.000
380400.000
378800.000
372800.000
369200.000
388400.000
379600.000
390400.000
366400.000
393600.000
354800.000
384000.000
391600.000
370000.000
380000.000
355200.000
369200.000
388800.000
389600.000
390400.000
402400.000
422400.000
442800.000
468400.000
481200.000
500000.000
442400.000
464000.000
417600.000
440800.000
441600.000
453600.000
471600.000
596000.000
744400.000
997600.000
988400.000
738000.000
582000.000
812000.000
1517600.000
1081600.000
606800.000
573200.000
553600.000
554400.000
511600.000
483200.000
465600.000
424000.000
431600.000
423200.000
407600.000
416800.000
416800.000
396800.000
388000.000
386800.000
413200.000
418400.000
382400.000
402400.000
418400.000
414800.000
414800.000
388800.000
402000.000
412000.000
384400.000
387200.000
385600.000
342800.000
356800.000
342400.000
370400.000
366000.000
340800.000
352000.000
376400.000
338400.000
338800.000
313600.000
328400.000
324000.000
347600.000
324400.000
302400.000
439200.000
412400.000
436000.000
428800.000
473600.000
440000.000
434800.000
428400.000
438800.000
425200.000
434800.000
433600.000
424400.000
421600.000
398400.000
428400.000
428000.000
430000.000
450000.000
445600.000
452800.000
451600.000
446400.000
468000.000
496800.000
480800.000
474000.000
496000.000
477200.000
501600.000
530000.000
512400.000
493600.000
485200.000
474800.000
472000.000
446000.000
480400.000
442800.000
455600.000
426400.000
434800.000
419200.000
429600.000
448800.000
414800.000
432000.000
422400.000
449200.000
411200.000
416400.000
399200.000
437200.000
418800.000
424400.000
413200.000
415200.000
388400.000
433600.000
432800.000
422800.000
394400.000
420800.000
416800.000
435200.000
464800.000
503600.000
495200.000
542400.000
497600.000
481200.000
490800.000
454000.000
463600.000
467600.000
440400.000
419200.000
417600.000
418400.000
422800.000
411600.000
391200.000
394000.000
394400.000
403200.000
367200.000
377600.000
387600.000
399200.000
395200.000
388800.000
396400.000
373200.000
406400.000
396800.000
394000.000
398400.000
408000.000
408400.000
398000.000
377200.000
399600.000
385600.000
401200.000
387200.000
384800.000
381600.000
388400.000
359600.000
369200.000
374800.000
403600.000
390800.000
384000.000
394800.000
376800.000
374800.000
380000.000
375200.000
355200.000
364400.000
372400.000
381600.000
366400.000
362800.000
396800.000
387200.000
382800.000
390800.000
387600.000
389200.000
370800.000
374000.000
383600.000
393200.000
365600.000
437600.000
442800.000
445600.000
456000.000
472800.000
436800.000
433600.000
412400.000
424800.000
433200.000
452400.000
555200.000
696400.000
834800.000
773200.000
724800.000
479200.000
482800.000
585600.000
598000.000
601200.000
579600.000
518000.000
562000.000
553600.000
500400.000
448000.000
404400.000
404800.000
404800.000
415600.000
410400.000
405600.000
410400.000
366400.000
379600.000
403200.000
380400.000
398400.000
392800.000
398800.000
398400.000
425200.000
417200.000
387200.000
406000.000
412400.000
375200.000
363600.000
348800.000
362800.000
349200.000
397600.000
359600.000
378000.000
396400.000
354000.000
355200.000
346800.000
385600.000
373200.000
388400.000
408000.000
399200.000
455200.000
432400.000
407200.000
462400.000
439600.000
422400.000
452800.000
444800.000
447600.000
437200.000
429600.000
426800.000
410000.000
426400.000
440000.000
428000.000
447200.000
425600.000
440800.000
434400.000
438000.000
434000.000
455600.000
456800.000
497200.000
442800.000
458800.000
485200.000
457200.000
491600.000
492000.000
482000.000
478400.000
458000.000
481600.000
504000.000
456800.000
456400.000
448000.000
406400.000
429200.000
433200.000
417200.000
428000.000
452400.000
411200.000
420000.000
417200.000
418800.000
427600.000
425200.000
401600.000
427600.000
416000.000
428800.000
438000.000
402400.000
415200.000
426400.000
421200.000
414000.000
426400.000
411200.000
416800.000
422400.000
408000.000
444000.000
454000.000
460800.000
461600.000
450000.000
456800.000
506400.000
476000.000
468400.000
431200.000
431200.000
424400.000
428400.000
389200.000
420000.000
406400.000
410400.000
401200.000
374000.000
408000.000
386400.000
392800.000
386800.000
409200.000
387200.000
397200.000
390400.000
401200.000
396800.000
373200.000
374800.000
406000.000
408400.000
405200.000
394400.000
404000.000
398400.000
375200.000
383200.000
418000.000
370400.000
404800.000
381600.000
364000.000
388400.000
360400.000
382000.000
364400.000
394800.000
390000.000
363600.000
391200.000
366800.000
350800.000
377200.000
388000.000
366800.000
380000.000
367600.000
378000.000
380800.000
391600.000
368800.000
368800.000
387200.000
354400.000
380000.000
363600.000
381200.000
390400.000
379600.000
390800.000
422800.000
414000.000
414400.000
424000.000
446400.000
417200.000
410000.000
434800.000
420400.000
425600.000
514400.000
629600.000
762000.000
759200.000
632400.000
586000.000
463600.000
501600.000
546000.000
532400.000
495200.000
479200.000
526800.000
483200.000
481600.000
428800.000
422000.000
415600.000
417200.000
375200.000
390000.000
370000.000
372400.000
396800.000
387200.000
388400.000
395600.000
384400.000
392800.000
416000.000
424800.000
383600.000
405200.000
410800.000
393200.000
374400.000
370400.000
380400.000
356800.000
378000.000
384800.000
437200.000
395600.000
422000.000
434800.000
468000.000
484800.000
552400.000
511600.000
533600.000
564400.000
641200.000
691600.000
723200.000
444800.000
450400.000
452800.000
451600.000
456400.000
455200.000
419200.000
421600.000
436000.000
438400.000
427200.000
431600.000
418800.000
420000.000
446400.000
421200.000
419600.000
434800.000
424800.000
437600.000
438000.000
419200.000
462000.000
451600.000
472400.000
487600.000
499200.000
471200.000
482400.000
508000.000
467200.000
472800.000
486400.000
439600.000
474800.000
462000.000
442000.000
450400.000
439600.000
437200.000
445600.000
449200.000
420000.000
400400.000
419600.000
407600.000
429200.000
426800.000
420800.000
444000.000
434800.000
446800.000
422000.000
426800.000
390400.000
418400.000
432800.000
417600.000
428800.000
442000.000
432400.000
405600.000
404400.000
414000.000
424400.000
425600.000
462000.000
442400.000
460800.000
441600.000
457600.000
410000.000
451600.000
454000.000
452000.000
403600.000
428000.000
410400.000
421600.000
413200.000
406800.000
420000.000
411600.000
385600.000
405200.000
386800.000
397600.000
408400.000
401200.000
381600.000
391600.000
401600.000
372000.000
383200.000
402400.000
401600.000
388000.000
381200.000
383200.000
387200.000
417200.000
394000.000
392400.000
394000.000
395600.000
392400.000
381600.000
396000.000
397200.000
392400.000
382400.000
394000.000
380400.000
402400.000
412800.000
381600.000
394000.000
393200.000
376000.000
360800.000
369600.000
371600.000
388000.000
394400.000
392400.000
370800.000
385600.000
390800.000
388800.000
395600.000
378000.000
374400.000
361600.000
370000.000
376400.000
399200.000
400000.000
397200.000
410800.000
405600.000
405200.000
426400.000
421600.000
393200.000
438400.000
412400.000
422800.000
460800.000
568800.000
602400.000
682800.000
620800.000
594000.000
573200.000
577600.000
588800.000
494400.000
465600.000
534000.000
514000.000
463200.000
446800.000
388800.000
396000.000
398400.000
375600.000
366400.000
369600.000
375200.000
402000.000
380400.000
396800.000
386000.000
380000.000
412800.000
385200.000
396400.000
429600.000
399200.000
376400.000
363200.000
358400.000
378800.000
379600.000
393200.000
412400.000
448400.000
450800.000
501200.000
567200.000
654400.000
743600.000
830400.000
848400.000
842400.000
866400.000
871600.000
938000.000
1067600.000
1224800.000
1302000.000
452000.000
436800.000
440000.000
446800.000
436000.000
429600.000
419200.000
419600.000
439600.000
434800.000
416400.000
426800.000
386000.000
394800.000
434000.000
435600.000
414400.000
434000.000
421600.000
427600.000
438800.000
448000.000
449600.000
448800.000
472000.000
449600.000
452800.000
470800.000
482400.000
497200.000
485600.000
451600.000
476800.000
455600.000
456000.000
469200.000
462800.000
438800.000
453600.000
441600.000
423600.000
436800.000
415600.000
422400.000
434800.000
430400.000
424000.000
416800.000
432800.000
421600.000
450400.000
430400.000
411200.000
424800.000
414400.000
436800.000
400000.000
429200.000
425600.000
392400.000
416400.000
415600.000
406800.000
398000.000
408000.000
408800.000
440000.000
450800.000
441200.000
470000.000
430800.000
436800.000
439600.000
438800.000
418800.000
422400.000
409600.000
429600.000
409600.000
405200.000
403600.000
394400.000
419600.000
406800.000
378400.000
387200.000
383200.000
392400.000
406800.000
384400.000
379600.000
401200.000
401600.000
385600.000
387200.000
378800.000
386400.000
397600.000
389200.000
427200.000
409200.000
369200.000
390800.000
393200.000
397600.000
379600.000
387600.000
395200.000
396000.000
406000.000
399600.000
411200.000
383200.000
390400.000
346800.000
353600.000
380800.000
394400.000
386000.000
370000.000
371600.000
398400.000
392400.000
376000.000
380800.000
381200.000
363200.000
372800.000
392800.000
378000.000
372000.000
388400.000
391600.000
385200.000
398400.000
358400.000
382800.000
389600.000
364800.000
404000.000
410000.000
427200.000
390000.000
406800.000
428800.000
418800.000
436800.000
440800.000
463200.000
562400.000
546800.000
649600.000
596800.000
564000.000
567200.000
580400.000
560800.000
525200.000
508000.000
457600.000
466800.000
421600.000
389200.000
410000.000
392800.000
416000.000
390000.000
389200.000
390400.000
372800.000
383200.000
387200.000
390000.000
365600.000
363200.000
382800.000
384400.000
398800.000
372000.000
363600.000
333200.000
358000.000
395200.000
421200.000
483600.000
424400.000
496000.000
584400.000
699600.000
891200.000
1025200.000
1056800.000
1091600.000
1152400.000
1272400.000
1332400.000
1462800.000
1577200.000
1636400.000
1636800.000
1652400.000
452800.000
454400.000
429200.000
440400.000
446800.000
455600.000
434400.000
414000.000
437600.000
428000.000
428400.000
386800.000
430800.000
418800.000
421200.000
439600.000
414000.000
416800.000
424000.000
416000.000
438000.000
442400.000
444400.000
422000.000
458800.000
440800.000
470800.000
490000.000
475600.000
472400.000
469200.000
473600.000
482400.000
463200.000
474000.000
456400.000
445600.000
469600.000
442400.000
428000.000
448000.000
438400.000
425600.000
434800.000
415200.000
403600.000
397600.000
437200.000
410800.000
428800.000
422400.000
441600.000
417600.000
410800.000
406000.000
406000.000
438400.000
411600.000
392400.000
429200.000
422000.000
410000.000
431600.000
409200.000
415200.000
422800.000
423200.000
433200.000
446800.000
463600.000
444800.000
421200.000
411200.000
454000.000
419200.000
413200.000
410400.000
438800.000
399600.000
409200.000
420000.000
427600.000
398000.000
378000.000
407600.000
407600.000
386400.000
372400.000
375600.000
400800.000
385200.000
418800.000
412400.000
390400.000
405600.000
397600.000
408000.000
407600.000
379600.000
392800.000
391600.000
405200.000
390000.000
382400.000
377600.000
376800.000
407200.000
400400.000
378800.000
390400.000
378800.000
378400.000
382400.000
380000.000
401200.000
384400.000
386400.000
392800.000
395600.000
414800.000
369200.000
395600.000
394400.000
391600.000
376400.000
398800.000
386800.000
384400.000
361600.000
387200.000
386800.000
374000.000
398000.000
390400.000
396000.000
398800.000
375200.000
387200.000
397200.000
412400.000
396000.000
426800.000
389600.000
406000.000
395600.000
419200.000
406800.000
440800.000
418800.000
464800.000
484000.000
511200.000
574400.000
673200.000
644800.000
585200.000
536800.000
481200.000
482000.000
465200.000
440000.000
400000.000
378400.000
409600.000
385600.000
386400.000
360400.000
367200.000
395200.000
381200.000
368000.000
359200.000
360000.000
362800.000
364800.000
362400.000
386800.000
349200.000
330000.000
333200.000
364000.000
384800.000
421200.000
405600.000
495200.000
545200.000
646400.000
830800.000
1068800.000
1250000.000
1443200.000
1493600.000
1686800.000
1726400.000
1811600.000
1795200.000
1854800.000
1976400.000
2115200.000
2128400.000
2132000.000
429600.000
454000.000
435600.000
449600.000
470800.000
444000.000
437600.000
448800.000
443600.000
442400.000
426800.000
447200.000
425600.000
434800.000
402800.000
432000.000
402400.000
434000.000
420400.000
420000.000
425200.000
449200.000
449200.000
442400.000
474000.000
476800.000
498000.000
456000.000
490000.000
515600.000
486800.000
465200.000
464800.000
483200.000
479200.000
454800.000
478400.000
456400.000
462400.000
441200.000
444800.000
420400.000
434000.000
422400.000
423200.000
412800.000
408400.000
436000.000
429600.000
400400.000
417200.000
392000.000
427200.000
410800.000
398400.000
409600.000
407200.000
424800.000
422800.000
422000.000
410400.000
418800.000
402400.000
417600.000
407200.000
398400.000
429600.000
408800.000
426400.000
408800.000
416000.000
432000.000
421200.000
415600.000
394400.000
415600.000
412000.000
421200.000
430000.000
390800.000
408800.000
406400.000
397200.000
398400.000
406000.000
418400.000
393600.000
404400.000
402000.000
361600.000
398800.000
400800.000
379600.000
388400.000
394800.000
403200.000
389200.000
393600.000
363200.000
384400.000
394400.000
396000.000
403200.000
403600.000
377200.000
389200.000
405600.000
393200.000
388000.000
381600.000
417200.000
367600.000
364800.000
373200.000
370800.000
403200.000
390800.000
361200.000
378000.000
372400.000
382800.000
376400.000
387600.000
382400.000
380800.000
366800.000
373200.000
364400.000
386000.000
366800.000
360800.000
364000.000
380400.000
384400.000
369600.000
391200.000
367200.000
366400.000
388000.000
367600.000
364000.000
393600.000
384000.000
381600.000
391600.000
399200.000
393600.000
396000.000
425200.000
436000.000
432800.000
516400.000
559200.000
560400.000
576400.000
478000.000
479600.000
473200.000
479600.000
429600.000
438000.000
406400.000
386000.000
391200.000
378400.000
362400.000
375600.000
360400.000
348000.000
362000.000
352000.000
362400.000
354800.000
336000.000
325600.000
334000.000
336800.000
334400.000
323600.000
321200.000
364800.000
368800.000
374800.000
526800.000
621600.000
784000.000
1051600.000
1371600.000
1695600.000
1881200.000
1954800.000
2013600.000
2001600.000
2132800.000
2248000.000
2296800.000
2422400.000
2454800.000
2431600.000
2404800.000
2525200.000
470000.000
414800.000
460400.000
439200.000
453600.000
434000.000
428400.000
435200.000
453600.000
432400.000
422000.000
433200.000
443600.000
423200.000
419600.000
419600.000
442800.000
444000.000
418400.000
446000.000
420800.000
430400.000
426400.000
477600.000
504800.000
450400.000
465600.000
454000.000
459200.000
475200.000
500800.000
465200.000
466000.000
444800.000
470800.000
433200.000
458400.000
427600.000
437600.000
435600.000
417200.000
402400.000
419600.000
434800.000
448000.000
416000.000
418400.000
415600.000
414800.000
410000.000
416800.000
443200.000
432400.000
430000.000
433200.000
414400.000
394400.000
410800.000
412000.000
405600.000
410400.000
392400.000
420800.000
398000.000
427600.000
392800.000
404800.000
410000.000
442400.000
427600.000
421600.000
411200.000
425200.000
421200.000
418800.000
404000.000
401600.000
392800.000
416000.000
393600.000
419200.000
416400.000
401600.000
380000.000
413200.000
388800.000
381600.000
395200.000
389200.000
413600.000
370000.000
389600.000
377200.000
394400.000
406000.000
379200.000
376400.000
402400.000
410400.000
355200.000
393600.000
380000.000
418400.000
379600.000
365600.000
392000.000
372400.000
389600.000
400000.000
378800.000
385600.000
366800.000
407600.000
372800.000
371200.000
356400.000
363600.000
371600.000
368800.000
383200.000
369600.000
382800.000
358000.000
385600.000
381600.000
348800.000
392000.000
362000.000
388000.000
381200.000
390800.000
402000.000
386400.000
365200.000
411200.000
372000.000
384800.000
392400.000
366800.000
390000.000
375200.000
371200.000
367200.000
377200.000
398000.000
397200.000
400800.000
400400.000
420000.000
423600.000
463200.000
442800.000
507600.000
500800.000
478400.000
506000.000
482800.000
429600.000
415200.000
418800.000
375600.000
367200.000
364000.000
377200.000
381600.000
360400.000
378400.000
339600.000
366800.000
331600.000
358800.000
338800.000
323600.000
324000.000
312000.000
301200.000
305600.000
313600.000
314000.000
327200.000
306800.000
349600.000
524000.000
665600.000
938400.000
1188400.000
1460000.000
1778800.000
2010400.000
2166400.000
2178000.000
2285200.000
2442000.000
2544800.000
2591600.000
2561600.000
2492800.000
2574000.000
2679200.000
2846400.000
3045600.000
440800.000
465200.000
454000.000
431600.000
422800.000
447600.000
472800.000
444800.000
425600.000
452000.000
446800.000
429200.000
414800.000
418800.000
404800.000
424400.000
426400.000
385200.000
437200.000
460000.000
432000.000
440400.000
435600.000
447200.000
472400.000
487200.000
459600.000
463200.000
440000.000
474800.000
459600.000
482400.000
459600.000
462800.000
465600.000
455600.000
451600.000
472000.000
455200.000
446000.000
435600.000
444000.000
416400.000
416400.000
442800.000
435200.000
424400.000
418000.000
405200.000
429200.000
412800.000
456000.000
410000.000
407200.000
409600.000
422800.000
408400.000
413200.000
423200.000
423200.000
391200.000
396800.000
412800.000
403200.000
412000.000
427200.000
423200.000
420400.000
407600.000
417600.000
422000.000
422000.000
412000.000
411200.000
409600.000
389200.000
427600.000
393600.000
421200.000
394800.000
379200.000
389600.000
399600.000
398400.000
392000.000
402800.000
399200.000
372000.000
385200.000
387200.000
365600.000
401200.000
404400.000
376800.000
404800.000
392800.000
411200.000
369600.000
391600.000
376000.000
398400.000
390800.000
374800.000
403200.000
390400.000
365600.000
352000.000
393600.000
382400.000
391600.000
394000.000
377200.000
380400.000
372800.000
367600.000
368400.000
362000.000
388400.000
384000.000
386400.000
360000.000
382400.000
381200.000
385200.000
369200.000
378400.000
390800.000
376400.000
391200.000
390800.000
378000.000
385600.000
382800.000
375200.000
392000.000
384800.000
373200.000
405600.000
399600.000
407200.000
379600.000
382800.000
384400.000
378400.000
408400.000
415200.000
398800.000
430400.000
438400.000
426400.000
470000.000
473600.000
460400.000
434000.000
433200.000
417200.000
436800.000
406000.000
384800.000
386400.000
386400.000
391600.000
400800.000
353200.000
363600.000
348800.000
360000.000
340400.000
354400.000
346400.000
323200.000
299600.000
302400.000
298000.000
293600.000
276400.000
282000.000
253600.000
258000.000
298000.000
398000.000
471600.000
716800.000
988800.000
1180400.000
1522000.000
1848400.000
2045600.000
2167600.000
2328000.000
2549600.000
2661200.000
3064000.000
3230000.000
3212800.000
3267600.000
3208000.000
3296800.000
3487200.000
3668800.000
3797200.000
443200.000
460800.000
431200.000
427600.000
418400.000
444000.000
445200.000
448000.000
414800.000
430800.000
432000.000
414800.000
425600.000
390800.000
402800.000
423600.000
419600.000
407600.000
420800.000
425200.000
445200.000
442000.000
443200.000
464400.000
445200.000
463600.000
476400.000
469600.000
476400.000
470000.000
459600.000
466400.000
484400.000
475600.000
479600.000
496000.000
483600.000
472400.000
435200.000
434000.000
428400.000
408800.000
425600.000
399600.000
406000.000
405200.000
419200.000
420000.000
423200.000
424000.000
435600.000
437200.000
430400.000
411200.000
411200.000
404400.000
422000.000
395600.000
434400.000
399600.000
419600.000
408800.000
402400.000
404800.000
402800.000
395200.000
388400.000
399600.000
398000.000
412400.000
412400.000
393600.000
393200.000
408000.000
404000.000
422400.000
409200.000
433200.000
403200.000
397600.000
411600.000
389600.000
387600.000
401200.000
398800.000
400000.000
392400.000
393200.000
395200.000
383200.000
402000.000
375600.000
408000.000
372800.000
399600.000
394800.000
374000.000
392800.000
391200.000
396800.000
386800.000
370400.000
382000.000
384000.000
384400.000
382400.000
384800.000
390400.000
378400.000
367600.000
373200.000
386000.000
379200.000
367200.000
343200.000
367600.000
366800.000
384400.000
356800.000
366000.000
369200.000
377600.000
374400.000
381600.000
379200.000
363200.000
388000.000
387200.000
375600.000
380800.000
388000.000
392000.000
415600.000
395600.000
404000.000
438800.000
430000.000
402000.000
411600.000
416000.000
372000.000
379200.000
404400.000
384000.000
407200.000
422800.000
426400.000
425200.000
424400.000
425200.000
444000.000
469600.000
447200.000
438400.000
441600.000
430400.000
445600.000
409200.000
428000.000
398400.000
385200.000
397600.000
394000.000
344000.000
332000.000
345600.000
350400.000
329600.000
319200.000
315200.000
279600.000
268000.000
301200.000
309200.000
271200.000
246800.000
238400.000
226400.000
261200.000
310000.000
418800.000
547200.000
898400.000
1180400.000
1450800.000
1659600.000
1864800.000
2109200.000
2419600.000
2700400.000
2967600.000
3209200.000
3289200.000
3330400.000
3414800.000
3468000.000
3616800.000
3692000.000
3850800.000
3850000.000
3883200.000
444000.000
434000.000
448000.000
456400.000
432000.000
452800.000
438000.000
450800.000
444800.000
466000.000
427600.000
464800.000
420800.000
436400.000
427200.000
426400.000
439200.000
438000.000
419200.000
436800.000
450800.000
422800.000
461600.000
464400.000
466000.000
496800.000
472400.000
464800.000
456800.000
463600.000
466800.000
467600.000
478000.000
491200.000
504000.000
466800.000
450000.000
458800.000
435600.000
450000.000
438800.000
430000.000
396000.000
406800.000
405200.000
446000.000
431600.000
437200.000
437200.000
407200.000
436000.000
424000.000
432400.000
429600.000
451200.000
432000.000
440400.000
411600.000
422400.000
419200.000
406400.000
398800.000
406000.000
404000.000
411600.000
418000.000
420800.000
420800.000
434000.000
421200.000
424400.000
416000.000
414000.000
401600.000
404400.000
392800.000
408400.000
388000.000
400400.000
393200.000
381200.000
398400.000
395200.000
391200.000
421600.000
396000.000
408400.000
406400.000
402800.000
390400.000
395200.000
405200.000
402400.000
388800.000
389200.000
396000.000
409200.000
378000.000
379600.000
391600.000
413200.000
389200.000
392000.000
350400.000
397600.000
382000.000
377600.000
386400.000
379600.000
374000.000
378800.000
385200.000
381200.000
363200.000
356400.000
401200.000
381200.000
370400.000
364800.000
380800.000
374400.000
390400.000
374000.000
382400.000
349200.000
374000.000
378000.000
354400.000
383200.000
384800.000
376000.000
395200.000
436800.000
426800.000
456400.000
488400.000
487600.000
484800.000
431600.000
408400.000
420000.000
392000.000
381200.000
410800.000
417600.000
436000.000
424400.000
398800.000
450400.000
426800.000
442400.000
456400.000
439200.000
471600.000
448800.000
441600.000
461600.000
471200.000
433600.000
426000.000
404400.000
404800.000
400800.000
365200.000
347200.000
331600.000
325600.000
327200.000
302400.000
298800.000
280000.000
250000.000
248000.000
232400.000
231200.000
229200.000
223600.000
220400.000
258400.000
326000.000
507600.000
790400.000
1049200.000
1348000.000
1671200.000
1921200.000
2336400.000
2606800.000
3084400.000
3340400.000
3394000.000
3356000.000
3487600.000
3558800.000
3578800.000
3647600.000
3817200.000
3854400.000
3990400.000
4024400.000
3999600.000
459600.000
437600.000
447200.000
455200.000
447600.000
438000.000
436400.000
460000.000
464800.000
437200.000
444800.000
436400.000
444400.000
426800.000
456400.000
412400.000
418800.000
438000.000
441200.000
435200.000
446400.000
434800.000
451600.000
445200.000
419600.000
445600.000
447600.000
457200.000
466000.000
446400.000
454400.000
490000.000
475600.000
478000.000
448000.000
466400.000
452400.000
451200.000
445600.000
436800.000
456000.000
423200.000
409200.000
416000.000
418000.000
420400.000
391200.000
442000.000
391600.000
402800.000
430400.000
418400.000
442400.000
404800.000
412400.000
442000.000
430800.000
426000.000
420000.000
390400.000
425600.000
400800.000
402400.000
380400.000
406400.000
389600.000
410000.000
408000.000
417600.000
412800.000
404000.000
414400.000
406000.000
387600.000
413600.000
403200.000
380400.000
396400.000
412000.000
414400.000
378400.000
392000.000
388400.000
392800.000
384400.000
395600.000
382800.000
397600.000
388000.000
381600.000
384000.000
369600.000
378400.000
371200.000
363200.000
393600.000
388400.000
386800.000
393200.000
384000.000
388800.000
369200.000
374000.000
389600.000
382400.000
366400.000
389200.000
369600.000
397200.000
359600.000
370800.000
352800.000
371600.000
390400.000
359600.000
384400.000
409600.000
380400.000
370000.000
386800.000
362400.000
384800.000
378400.000
342800.000
382800.000
380400.000
373200.000
373200.000
381200.000
368400.000
399600.000
424400.000
453600.000
487200.000
540400.000
512800.000
492000.000
450400.000
417200.000
424400.000
394000.000
435200.000
427200.000
395200.000
428000.000
432800.000
410800.000
427200.000
459200.000
453200.000
430000.000
429200.000
440000.000
495200.000
456000.000
488000.000
475600.000
477600.000
455600.000
480000.000
492400.000
441200.000
408800.000
370000.000
359600.000
350000.000
317600.000
315600.000
278400.000
290000.000
281200.000
238400.000
230400.000
212000.000
212800.000
216000.000
201200.000
218800.000
256400.000
386800.000
617600.000
914400.000
1212000.000
1494800.000
1798000.000
2056800.000
2475200.000
3080800.000
3308400.000
3241600.000
3437200.000
3587600.000
3742000.000
3744000.000
3711200.000
3866800.000
3998000.000
3990400.000
4063200.000
4068800.000
4189600.000
438800.000
421600.000
462000.000
492000.000
455600.000
462400.000
453600.000
454800.000
432800.000
427600.000
448400.000
448400.000
425200.000
424000.000
419200.000
446400.000
444800.000
454400.000
431200.000
413200.000
436400.000
438400.000
456400.000
433600.000
435600.000
464400.000
446000.000
442000.000
441600.000
483600.000
462400.000
466400.000
478000.000
489200.000
458000.000
438400.000
480400.000
458800.000
456400.000
437200.000
446800.000
401600.000
424400.000
432800.000
396000.000
408800.000
397200.000
417600.000
395600.000
392800.000
422400.000
406000.000
431200.000
409600.000
430800.000
416400.000
413600.000
404800.000
423200.000
414800.000
412800.000
412800.000
418400.000
379600.000
389200.000
408400.000
424400.000
382800.000
415200.000
406400.000
424400.000
422400.000
390800.000
392000.000
406800.000
421200.000
406000.000
415200.000
395200.000
392400.000
390400.000
406800.000
388400.000
388800.000
385200.000
362400.000
386000.000
385200.000
386800.000
376000.000
374000.000
384000.000
407200.000
386400.000
402800.000
362000.000
384800.000
386800.000
375600.000
371600.000
372000.000
363200.000
396000.000
363200.000
383200.000
380800.000
390400.000
383600.000
370000.000
378000.000
364400.000
354400.000
368000.000
373600.000
375200.000
363200.000
376400.000
363600.000
380400.000
362400.000
393600.000
366000.000
374800.000
384400.000
370000.000
381600.000
354000.000
389600.000
383200.000
381600.000
404800.000
446000.000
486000.000
528400.000
537600.000
524400.000
473600.000
438000.000
404000.000
408800.000
432000.000
417600.000
451600.000
455600.000
428400.000
428400.000
420800.000
431200.000
433600.000
456000.000
475200.000
453600.000
468800.000
459600.000
457200.000
496400.000
524400.000
524400.000
550000.000
535200.000
544000.000
546800.000
480400.000
433200.000
408800.000
366400.000
320000.000
335600.000
292000.000
274800.000
250400.000
235600.000
215200.000
224800.000
212400.000
189200.000
199600.000
202400.000
258800.000
404400.000
743200.000
1050000.000
1376800.000
1574400.000
1937600.000
2452800.000
2890000.000
2864800.000
3114800.000
3311200.000
3560400.000
3763200.000
3928400.000
3965600.000
3903200.000
3907600.000
3953600.000
4020000.000
4128800.000
4270000.000
4254000.000
432000.000
428400.000
448400.000
486000.000
461200.000
467200.000
470400.000
486400.000
463200.000
478000.000
423200.000
479600.000
436800.000
451600.000
450800.000
414800.000
447200.000
458800.000
435200.000
418000.000
429200.000
412000.000
440400.000
453600.000
455200.000
475600.000
476000.000
480000.000
488400.000
449200.000
460800.000
463200.000
460000.000
463200.000
473200.000
432800.000
438800.000
506000.000
498400.000
427600.000
435600.000
432400.000
420000.000
424000.000
414400.000
400400.000
410800.000
421600.000
414400.000
411600.000
398000.000
408400.000
446400.000
434400.000
408000.000
404800.000
390400.000
426800.000
419200.000
402000.000
410000.000
398000.000
429600.000
380800.000
406400.000
415600.000
402800.000
406000.000
404000.000
398000.000
396000.000
392800.000
392800.000
418800.000
415200.000
418400.000
417600.000
382800.000
376800.000
413200.000
386000.000
412000.000
403600.000
380000.000
385200.000
374800.000
403600.000
387200.000
384800.000
379200.000
398000.000
387600.000
370800.000
425600.000
396800.000
383600.000
396000.000
384800.000
383200.000
367600.000
379600.000
386000.000
382000.000
385600.000
372800.000
368800.000
358000.000
373600.000
394400.000
416400.000
390800.000
375600.000
372800.000
381600.000
374400.000
369200.000
368000.000
368000.000
372400.000
376000.000
357600.000
372800.000
354800.000
374800.000
376000.000
374000.000
381600.000
380800.000
396400.000
428800.000
446000.000
479600.000
519200.000
541600.000
514000.000
487200.000
415600.000
412400.000
397600.000
423600.000
434800.000
426000.000
451200.000
451200.000
431200.000
444000.000
409600.000
433200.000
445600.000
484800.000
454400.000
451600.000
484400.000
500000.000
501600.000
538000.000
649200.000
689600.000
704400.000
649600.000
626400.000
612000.000
565200.000
525200.000
489600.000
499200.000
398400.000
333200.000
281200.000
281600.000
265200.000
226400.000
210400.000
176000.000
198000.000
192400.000
175200.000
176800.000
240000.000
443600.000
788800.000
1125600.000
1494400.000
1720000.000
2166400.000
2745600.000
2913200.000
2935200.000
3338000.000
3432000.000
3619600.000
3790800.000
3944400.000
4024400.000
4042400.000
4020800.000
4122000.000
4148000.000
4228400.000
4282400.000
4361600.000
433600.000
480800.000
471200.000
476000.000
466400.000
473200.000
457200.000
453600.000
482000.000
433600.000
468800.000
434800.000
446000.000
466400.000
418000.000
418400.000
430400.000
453600.000
438000.000
420800.000
445200.000
484000.000
438800.000
462400.000
452800.000
464400.000
430400.000
434400.000
453600.000
489600.000
460400.000
456000.000
458400.000
467200.000
466000.000
446400.000
444800.000
440400.000
426800.000
430000.000
444800.000
436000.000
417200.000
436000.000
424800.000
414800.000
426400.000
413600.000
431200.000
403600.000
424000.000
411200.000
437200.000
434800.000
450800.000
406800.000
407600.000
433200.000
412400.000
402800.000
405600.000
375600.000
394800.000
411600.000
396400.000
386000.000
402000.000
405600.000
415200.000
398800.000
391600.000
383600.000
371600.000
406000.000
381600.000
424000.000
388400.000
414400.000
406000.000
379600.000
384800.000
382000.000
374400.000
373200.000
398800.000
404000.000
379200.000
399200.000
389600.000
400000.000
387600.000
376400.000
408000.000
386800.000
398400.000
390800.000
388400.000
380400.000
380000.000
388800.000
396400.000
392000.000
358000.000
396000.000
390400.000
376800.000
382400.000
365600.000
378800.000
382800.000
380800.000
384800.000
352800.000
380000.000
380400.000
360400.000
379200.000
378400.000
378800.000
375600.000
364400.000
347600.000
334000.000
368800.000
378800.000
380800.000
363600.000
375600.000
382800.000
398400.000
430800.000
508800.000
534000.000
569600.000
528000.000
483600.000
506000.000
561600.000
486000.000
396800.000
438800.000
472400.000
434400.000
462400.000
413200.000
443600.000
435600.000
449600.000
441200.000
466800.000
494800.000
471600.000
496000.000
508000.000
572000.000
635600.000
674400.000
761200.000
759600.000
749600.000
722000.000
670000.000
646400.000
601200.000
546400.000
494000.000
450000.000
415200.000
325600.000
300800.000
270000.000
238800.000
211600.000
177200.000
172000.000
183200.000
173600.000
182800.000
244800.000
428400.000
796400.000
1212400.000
1654800.000
1854400.000
2219200.000
2690400.000
3029200.000
3222800.000
3405600.000
3563600.000
3636000.000
3857600.000
3984400.000
3994800.000
4038400.000
4012400.000
4019200.000
4141200.000
4197200.000
4328800.000
4330800.000
468800.000
477600.000
473600.000
474400.000
468800.000
473600.000
482800.000
479600.000
461600.000
451600.000
471600.000
464400.000
472800.000
491200.000
474800.000
470400.000
434400.000
456800.000
459200.000
438000.000
420000.000
464800.000
461200.000
438000.000
442400.000
461200.000
469600.000
468000.000
446800.000
439600.000
461600.000
473200.000
447600.000
498000.000
452000.000
442000.000
468400.000
439200.000
450400.000
449200.000
420000.000
419600.000
432800.000
414400.000
420400.000
420400.000
429600.000
394000.000
425200.000
412400.000
411600.000
425600.000
422000.000
438800.000
408400.000
448000.000
434000.000
412400.000
430800.000
388400.000
410800.000
410000.000
414800.000
416400.000
403600.000
420800.000
393600.000
404800.000
388800.000
404000.000
413600.000
380800.000
407600.000
389200.000
375200.000
397600.000
390400.000
393200.000
404800.000
397600.000
348800.000
383200.000
385600.000
401600.000
391600.000
388000.000
382400.000
392000.000
402400.000
373600.000
366000.000
360400.000
376800.000
367200.000
372400.000
362400.000
374000.000
407600.000
386800.000
380400.000
389200.000
387200.000
368400.000
381200.000
368400.000
391600.000
383200.000
377600.000
393600.000
367600.000
386800.000
371600.000
373600.000
389600.000
363200.000
389600.000
372800.000
366000.000
379200.000
380800.000
387200.000
350400.000
374400.000
360000.000
383600.000
386800.000
369200.000
372000.000
371600.000
412800.000
436800.000
463600.000
530000.000
582000.000
496400.000
480800.000
486000.000
603200.000
717200.000
491600.000
424400.000
470400.000
454000.000
461200.000
462800.000
449200.000
443600.000
438400.000
479200.000
462400.000
480800.000
518400.000
558000.000
594000.000
582800.000
649200.000
761200.000
818000.000
832800.000
797200.000
748800.000
720000.000
673600.000
627600.000
608800.000
562000.000
512000.000
424400.000
362000.000
323600.000
276000.000
225600.000
204000.000
180800.000
172000.000
158800.000
146000.000
162800.000
222400.000
419600.000
810800.000
1278800.000
1719200.000
1957200.000
2271600.000
2624800.000
3168400.000
3273200.000
3544800.000
3617200.000
3834800.000
3885600.000
3898400.000
3935600.000
4040800.000
4074800.000
4093200.000
4222800.000
4234800.000
4352000.000
4324400.000
478000.000
443600.000
466400.000
474000.000
464000.000
485200.000
497600.000
463200.000
488000.000
477600.000
465600.000
460400.000
476400.000
474000.000
452000.000
449600.000
466000.000
447200.000
471200.000
470000.000
481600.000
463200.000
442800.000
446000.000
436800.000
460400.000
452400.000
444000.000
458800.000
494000.000
465200.000
464400.000
474000.000
467600.000
456000.000
448800.000
431200.000
439600.000
420800.000
426800.000
422800.000
426800.000
415200.000
418400.000
408400.000
402800.000
384000.000
432000.000
407600.000
407200.000
432000.000
388000.000
421200.000
412400.000
419200.000
420400.000
407600.000
399200.000
402400.000
403600.000
388400.000
401200.000
388800.000
406000.000
387600.000
382400.000
411600.000
396400.000
420000.000
390800.000
399200.000
410400.000
426000.000
394000.000
394000.000
408000.000
398800.000
382400.000
393200.000
392800.000
395200.000
394400.000
395600.000
389600.000
388400.000
378800.000
397200.000
387600.000
370000.000
377600.000
367600.000
380800.000
380000.000
386000.000
381200.000
374000.000
374800.000
388800.000
394800.000
386800.000
362000.000
382800.000
368000.000
380000.000
388000.000
364800.000
390400.000
406000.000
393600.000
373600.000
375600.000
389600.000
376000.000
364400.000
387200.000
394800.000
372000.000
358800.000
352000.000
379600.000
355200.000
351200.000
353200.000
379600.000
360000.000
369200.000
369200.000
378800.000
389600.000
372000.000
429200.000
477200.000
475600.000
532400.000
508800.000
458400.000
446800.000
478800.000
566400.000
467200.000
480000.000
470000.000
438800.000
478400.000
454000.000
467600.000
492000.000
496800.000
430800.000
465200.000
532000.000
568400.000
578400.000
646400.000
702800.000
725600.000
820800.000
842400.000
803200.000
859200.000
909600.000
921200.000
747200.000
707600.000
637600.000
552400.000
524400.000
468000.000
428400.000
360800.000
304000.000
246800.000
199200.000
174000.000
169200.000
146000.000
164400.000
177200.000
225600.000
454000.000
789200.000
1318800.000
1732800.000
2045200.000
2292800.000
2691600.000
3181600.000
3283600.000
3539200.000
3698000.000
3742800.000
3807200.000
3864800.000
3868000.000
3939200.000
3948400.000
4045600.000
4134800.000
4182000.000
4306000.000
4283600.000
475200.000
484400.000
452800.000
474800.000
500800.000
456800.000
456800.000
468400.000
498800.000
476800.000
477200.000
496800.000
469600.000
493600.000
474000.000
473600.000
498800.000
475200.000
502800.000
454800.000
450800.000
461200.000
451200.000
451600.000
437200.000
452000.000
436800.000
468400.000
468000.000
454400.000
459600.000
456400.000
470400.000
458800.000
441200.000
430400.000
435200.000
447200.000
417200.000
447600.000
436400.000
410800.000
411600.000
415600.000
386800.000
420000.000
415600.000
406400.000
386400.000
416800.000
415200.000
410400.000
389200.000
388800.000
411600.000
388400.000
405600.000
394000.000
402000.000
399200.000
386400.000
407600.000
394000.000
414400.000
378800.000
369200.000
408000.000
409600.000
393600.000
403600.000
388400.000
378800.000
406000.000
427200.000
400800.000
387600.000
388400.000
410400.000
390400.000
386400.000
397200.000
384400.000
411600.000
374400.000
385600.000
415200.000
395200.000
373200.000
385600.000
354800.000
393600.000
400400.000
363600.000
380800.000
399600.000
382800.000
358000.000
382400.000
370000.000
385200.000
400800.000
381600.000
412800.000
359600.000
379200.000
377600.000
398400.000
423600.000
380800.000
370000.000
379200.000
369200.000
384000.000
380800.000
370400.000
369200.000
371200.000
354000.000
368800.000
381200.000
356800.000
368000.000
371200.000
350000.000
367200.000
341600.000
340400.000
366800.000
357200.000
391600.000
401600.000
414800.000
454000.000
497200.000
440000.000
461200.000
414000.000
424400.000
432400.000
442400.000
516000.000
493200.000
482800.000
516000.000
533200.000
562400.000
558000.000
540000.000
535200.000
560000.000
557200.000
571600.000
614400.000
652800.000
701600.000
732800.000
792400.000
880000.000
916400.000
966400.000
1032800.000
1120000.000
1060000.000
792000.000
706000.000
626800.000
528800.000
479600.000
470400.000
381200.000
330400.000
242400.000
225600.000
198400.000
157200.000
166800.000
148000.000
161600.000
186400.000
384000.000
740000.000
1258000.000
1762400.000
2085200.000
2444400.000
2718800.000
3169200.000
3392400.000
3553200.000
3686000.000
3726400.000
3817200.000
3782800.000
3924400.000
3848000.000
3866000.000
3898000.000
4086000.000
4025600.000
4247600.000
4218400.000
456800.000
472000.000
461600.000
495200.000
490800.000
480800.000
453600.000
494000.000
510800.000
498800.000
498000.000
477600.000
487200.000
511200.000
510000.000
511600.000
526800.000
481200.000
498800.000
481600.000
460000.000
468800.000
466400.000
458800.000
477600.000
455200.000
457200.000
464800.000
457200.000
452800.000
420800.000
454000.000
445200.000
462800.000
446400.000
443200.000
430400.000
426400.000
452800.000
421200.000
410800.000
391600.000
422400.000
409200.000
417600.000
411600.000
414400.000
424800.000
412800.000
405200.000
383600.000
412400.000
395600.000
406800.000
402000.000
396400.000
405200.000
412000.000
412000.000
382400.000
399200.000
382400.000
382400.000
392800.000
393600.000
414800.000
419600.000
398800.000
400400.000
407200.000
407600.000
361600.000
413200.000
394400.000
405200.000
386800.000
402000.000
403200.000
410000.000
371600.000
386800.000
388000.000
397600.000
403600.000
373600.000
395600.000
426400.000
386000.000
392000.000
407600.000
370800.000
390000.000
386400.000
390000.000
403200.000
366400.000
396400.000
378000.000
390800.000
374800.000
384000.000
368800.000
381200.000
375200.000
380000.000
378400.000
374000.000
378000.000
385200.000
365600.000
415600.000
384000.000
399600.000
370400.000
367200.000
366000.000
379600.000
363200.000
368400.000
350800.000
367200.000
368400.000
350000.000
361200.000
350000.000
353200.000
336400.000
363200.000
386000.000
373600.000
367600.000
401600.000
424400.000
446800.000
435200.000
426400.000
428000.000
423200.000
443600.000
492800.000
474800.000
502000.000
525600.000
594400.000
608400.000
639200.000
583200.000
591600.000
584400.000
602800.000
583600.000
570400.000
575600.000
649200.000
688800.000
720000.000
819200.000
873600.000
981600.000
1039600.000
1010800.000
1030800.000
1065600.000
1059600.000
928800.000
810400.000
627200.000
527600.000
491600.000
387200.000
326400.000
300000.000
207600.000
210800.000
169200.000
152400.000
146800.000
166000.000
218000.000
385200.000
719200.000
1275600.000
1753600.000
2161200.000
2476400.000
2768000.000
3238000.000
3341200.000
3540000.000
3624400.000
3662400.000
3773600.000
3796800.000
3816000.000
3869200.000
3802000.000
3944400.000
4040400.000
4052400.000
4124800.000
4137200.000
467200.000
470000.000
468400.000
474800.000
479600.000
513200.000
490000.000
512800.000
487200.000
492400.000
482400.000
506400.000
498400.000
497200.000
513600.000
558000.000
515200.000
523200.000
484000.000
475600.000
496000.000
482800.000
457200.000
477600.000
444400.000
470400.000
447200.000
442400.000
429200.000
444400.000
432000.000
457200.000
444000.000
452800.000
454400.000
425200.000
432400.000
420000.000
437200.000
442800.000
430000.000
436800.000
408800.000
405600.000
414800.000
398000.000
418400.000
404000.000
418000.000
403600.000
428800.000
405200.000
402800.000
398800.000
391600.000
390800.000
416000.000
402400.000
392800.000
394400.000
411600.000
396800.000
388400.000
410400.000
395600.000
400400.000
410400.000
393200.000
402400.000
393200.000
398400.000
384000.000
418400.000
379200.000
407200.000
408000.000
387600.000
403200.000
402800.000
386000.000
398000.000
387200.000
398000.000
384400.000
382400.000
408400.000
396400.000
384800.000
379200.000
378400.000
364400.000
360800.000
372800.000
385200.000
392800.000
400800.000
400000.000
392000.000
376400.000
369200.000
385200.000
393600.000
380400.000
372000.000
363200.000
370000.000
375600.000
377200.000
364000.000
399200.000
342800.000
384400.000
381600.000
375600.000
352800.000
370400.000
392400.000
354000.000
354800.000
368000.000
354800.000
350000.000
342000.000
340800.000
327200.000
342000.000
344400.000
343600.000
360000.000
377200.000
339600.000
382800.000
396400.000
423600.000
406400.000
419600.000
482000.000
461200.000
479600.000
540000.000
554000.000
590400.000
619600.000
668800.000
672800.000
669200.000
667200.000
672400.000
679200.000
645200.000
601200.000
643200.000
610400.000
662000.000
730800.000
802000.000
844800.000
982000.000
1015600.000
1086800.000
1090400.000
1094400.000
1064000.000
964800.000
925600.000
956800.000
822400.000
563600.000
566800.000
512400.000
379200.000
343200.000
254800.000
200000.000
175600.000
162800.000
146400.000
153200.000
207600.000
333600.000
670800.000
1203200.000
1784000.000
2118800.000
2431200.000
2672800.000
3214000.000
3271200.000
3402000.000
3518400.000
3541200.000
3706000.000
3744800.000
3858400.000
3886800.000
3884000.000
3951200.000
4094000.000
4184400.000
4156400.000
4126800.000
482800.000
478800.000
468800.000
480400.000
518000.000
504800.000
480000.000
492800.000
484000.000
472400.000
507600.000
540000.000
534000.000
541600.000
518000.000
530400.000
550400.000
542800.000
512000.000
508400.000
509600.000
511200.000
498000.000
478000.000
433200.000
446400.000
447200.000
455200.000
440000.000
440800.000
436400.000
441200.000
452400.000
429200.000
430000.000
445200.000
442800.000
430000.000
421600.000
408800.000
419200.000
420800.000
422000.000
399200.000
417200.000
416800.000
403200.000
396400.000
397600.000
404000.000
400800.000
379200.000
415200.000
398000.000
379200.000
383600.000
418800.000
397600.000
396800.000
396000.000
395200.000
396000.000
394800.000
375200.000
406400.000
390400.000
391600.000
396400.000
403200.000
409200.000
418800.000
386000.000
389600.000
386000.000
376800.000
398800.000
386000.000
374000.000
392400.000
392000.000
378400.000
406800.000
383600.000
382400.000
390800.000
372400.000
380400.000
392400.000
362800.000
372800.000
392400.000
402800.000
369200.000
382000.000
378400.000
388000.000
410000.000
394400.000
383600.000
384000.000
394400.000
388800.000
362400.000
365200.000
361200.000
375200.000
375600.000
378000.000
367200.000
371200.000
358000.000
382000.000
366400.000
376000.000
345600.000
372000.000
382000.000
372000.000
350400.000
379600.000
375200.000
362400.000
356000.000
356400.000
365200.000
367200.000
355200.000
367600.000
362000.000
363200.000
373600.000
396000.000
384000.000
407600.000
435200.000
434400.000
458000.000
489200.000
506000.000
556000.000
576400.000
653600.000
719600.000
782000.000
770000.000
773600.000
756000.000
710800.000
660800.000
646400.000
642400.000
661200.000
642000.000
658800.000
724000.000
761200.000
773200.000
870400.000
966800.000
1054000.000
1130800.000
1124400.000
1072400.000
1015200.000
962400.000
987200.000
920400.000
629200.000
553200.000
481200.000
438800.000
330400.000
294800.000
246400.000
198400.000
174400.000
162400.000
164000.000
214800.000
350400.000
665600.000
1105600.000
1668400.000
2035200.000
2317600.000
2599200.000
3082800.000
3160000.000
3351200.000
3430000.000
3499600.000
3646400.000
3635600.000
3765200.000
3764800.000
3866000.000
3976000.000
3972800.000
4175600.000
4204800.000
4103600.000
480400.000
500400.000
466800.000
457200.000
472400.000
503200.000
500000.000
510800.000
523600.000
521600.000
528800.000
515600.000
534800.000
569200.000
554000.000
561600.000
535600.000
562800.000
564800.000
546800.000
550400.000
510800.000
457600.000
485600.000
458400.000
444400.000
469200.000
485200.000
436000.000
431600.000
420000.000
432800.000
461600.000
440400.000
400800.000
387600.000
447200.000
432000.000
426400.000
435600.000
422400.000
393600.000
424800.000
401200.000
390800.000
394800.000
402800.000
398000.000
412400.000
420000.000
407600.000
417200.000
413200.000
416400.000
405200.000
422400.000
389600.000
372800.000
412400.000
408400.000
398800.000
426000.000
402400.000
392800.000
388400.000
388400.000
388800.000
399200.000
387200.000
402800.000
380800.000
388000.000
390000.000
403200.000
413600.000
374800.000
407200.000
399600.000
384800.000
399600.000
403600.000
378400.000
373600.000
368000.000
388800.000
370800.000
391600.000
391200.000
406400.000
396400.000
395600.000
364400.000
380800.000
365600.000
395200.000
396400.000
398400.000
386000.000
380800.000
360400.000
402800.000
380000.000
402800.000
369200.000
369600.000
382800.000
388400.000
379600.000
364800.000
363600.000
355600.000
380800.000
368400.000
358400.000
376800.000
346000.000
373200.000
362800.000
352400.000
364400.000
344400.000
336800.000
336400.000
351600.000
354800.000
352000.000
360000.000
378400.000
358800.000
388000.000
351200.000
390400.000
427600.000
417200.000
418400.000
429200.000
475200.000
483600.000
556000.000
609600.000
697200.000
804000.000
902400.000
882000.000
904800.000
834400.000
810800.000
824400.000
783600.000
784400.000
741200.000
750000.000
735200.000
690400.000
694000.000
739200.000
841200.000
886400.000
974400.000
1076800.000
1118400.000
1142000.000
1114400.000
1107600.000
1034800.000
970400.000
994000.000
786400.000
680000.000
564800.000
468800.000
401200.000
368400.000
321600.000
236000.000
214800.000
178800.000
164800.000
210000.000
310000.000
595200.000
1033200.000
1529200.000
1863600.000
2034000.000
2380800.000
2914800.000
3100000.000
3235600.000
3443600.000
3518000.000
3588400.000
3694000.000
3728000.000
3844800.000
3841600.000
3822800.000
3946000.000
4038400.000
4180800.000
4244400.000
446400.000
446000.000
485600.000
517200.000
471200.000
478400.000
522400.000
542400.000
531600.000
510000.000
528800.000
569200.000
547600.000
578800.000
570000.000
574800.000
576400.000
618800.000
602400.000
554400.000
549200.000
562800.000
484400.000
488800.000
457600.000
476000.000
452000.000
453200.000
434400.000
422000.000
436800.000
428800.000
436000.000
449600.000
417600.000
428400.000
386400.000
422400.000
407600.000
420400.000
378800.000
411200.000
390800.000
389600.000
420000.000
416400.000
401200.000
413200.000
419600.000
407600.000
392400.000
403200.000
374400.000
388800.000
384800.000
400000.000
394400.000
414000.000
370400.000
399200.000
401600.000
413600.000
381600.000
383200.000
390800.000
398000.000
386000.000
396400.000
407200.000
393200.000
359200.000
396800.000
396400.000
414800.000
386400.000
400800.000
412800.000
383600.000
382400.000
399200.000
382000.000
416800.000
383200.000
378400.000
396800.000
396000.000
410800.000
389600.000
388000.000
380800.000
389200.000
392800.000
370400.000
380000.000
374000.000
375200.000
355600.000
403600.000
404400.000
402800.000
394800.000
387600.000
343600.000
392000.000
362800.000
385600.000
392400.000
409600.000
376000.000
394000.000
358800.000
378800.000
378400.000
360800.000
378000.000
360800.000
343200.000
359200.000
364000.000
353200.000
353600.000
338000.000
329200.000
368000.000
335600.000
368000.000
417200.000
391600.000
366800.000
390800.000
391600.000
388800.000
410400.000
410800.000
449200.000
458000.000
477200.000
531600.000
600000.000
709200.000
824800.000
868000.000
959200.000
933600.000
898800.000
882800.000
910800.000
983200.000
848400.000
817200.000
786400.000
738800.000
744400.000
715200.000
739600.000
764800.000
842400.000
890400.000
944000.000
1089600.000
1137600.000
1212400.000
1176000.000
1102400.000
1070400.000
996000.000
944000.000
851600.000
720400.000
604800.000
520400.000
424400.000
377600.000
336000.000
260800.000
217200.000
180400.000
188400.000
201200.000
308800.000
642000.000
1053200.000
1472800.000
1827600.000
2002800.000
2354000.000
2927600.000
3258800.000
3235200.000
3437200.000
3475600.000
3696800.000
3708800.000
3897600.000
3884000.000
3891200.000
3886400.000
4029600.000
4160800.000
4249200.000
4222000.000
444800.000
465200.000
473200.000
485600.000
490400.000
497600.000
524000.000
518000.000
537600.000
540800.000
544000.000
548400.000
577200.000
524000.000
576400.000
601600.000
596400.000
670800.000
615200.000
600400.000
582800.000
549600.000
516800.000
494000.000
485600.000
480400.000
449600.000
448000.000
452000.000
442400.000
434000.000
450800.000
434000.000
439600.000
417600.000
424800.000
439600.000
400400.000
434800.000
414000.000
407600.000
396000.000
407200.000
404400.000
412800.000
387600.000
403200.000
417600.000
401600.000
378800.000
422400.000
401600.000
400800.000
388800.000
404800.000
395200.000
395200.000
414400.000
396800.000
382000.000
393600.000
404800.000
398400.000
404400.000
377200.000
389200.000
414800.000
416000.000
399200.000
397600.000
406000.000
399200.000
388800.000
398800.000
389200.000
390800.000
400000.000
374000.000
373200.000
370400.000
375200.000
376400.000
382800.000
392000.000
399600.000
358000.000
384400.000
398800.000
388400.000
391200.000
379200.000
378800.000
389600.000
381200.000
384400.000
369200.000
365200.000
371200.000
371600.000
361600.000
378400.000
362400.000
358800.000
364800.000
380400.000
364800.000
399600.000
374400.000
374000.000
360400.000
369600.000
364400.000
352400.000
352000.000
355200.000
335600.000
363200.000
345600.000
345600.000
351200.000
356400.000
345200.000
365200.000
382000.000
401200.000
398000.000
410000.000
438400.000
488000.000
422400.000
423200.000
422000.000
462000.000
456000.000
453600.000
512400.000
551600.000
623600.000
706000.000
816000.000
906000.000
882000.000
926800.000
960400.000
960400.000
970800.000
997600.000
1065200.000
978400.000
889600.000
788400.000
770400.000
757600.000
718800.000
734000.000
826000.000
828400.000
895600.000
969600.000
1054400.000
1147600.000
1216800.000
1244800.000
1252000.000
1144800.000
1057600.000
1006400.000
912800.000
855600.000
668000.000
605200.000
498000.000
432800.000
372000.000
277200.000
243200.000
231600.000
177200.000
207200.000
299200.000
596000.000
965600.000
1324000.000
1543200.000
1788800.000
2106400.000
2811200.000
3094800.000
3173200.000
3362000.000
3520800.000
3624800.000
3768800.000
3768800.000
3830400.000
3979200.000
4029600.000
4074400.000
4123600.000
4213200.000
4165200.000
469600.000
515200.000
498000.000
469600.000
499200.000
520800.000
539200.000
535600.000
544800.000
545600.000
519600.000
570400.000
596400.000
623600.000
593600.000
640800.000
614000.000
630400.000
642800.000
633200.000
577200.000
554000.000
558000.000
530000.000
494800.000
474800.000
468800.000
453200.000
431200.000
427200.000
423200.000
432000.000
415600.000
382000.000
435200.000
398800.000
420800.000
427600.000
398000.000
406000.000
435200.000
412400.000
383200.000
413600.000
384800.000
401600.000
397600.000
380000.000
397200.000
414800.000
408400.000
380000.000
375200.000
411600.000
411200.000
396400.000
382800.000
394000.000
386400.000
390800.000
399600.000
361200.000
375600.000
413200.000
398800.000
405200.000
378800.000
401600.000
405600.000
382000.000
382000.000
390800.000
389200.000
390800.000
361200.000
381600.000
393200.000
368800.000
380000.000
379200.000
382800.000
387200.000
384000.000
358400.000
390400.000
389600.000
387600.000
382000.000
371200.000
380000.000
381200.000
399200.000
379600.000
362000.000
372000.000
389600.000
414800.000
389200.000
393600.000
386000.000
369200.000
407200.000
379200.000
391600.000
370400.000
347200.000
362000.000
398800.000
368800.000
364800.000
356400.000
366400.000
354400.000
358400.000
363200.000
348000.000
344000.000
329200.000
336800.000
354400.000
360000.000
353600.000
367200.000
377200.000
396000.000
486000.000
546400.000
469200.000
413600.000
462400.000
436400.000
422800.000
456800.000
470000.000
559200.000
564800.000
599200.000
696000.000
758000.000
829600.000
879200.000
965600.000
978000.000
976800.000
1062000.000
1075200.000
1065600.000
1069200.000
1079600.000
973600.000
912800.000
829600.000
831200.000
812400.000
796800.000
784400.000
821600.000
880400.000
958400.000
1052400.000
1163200.000
1184400.000
1208800.000
1237600.000
1148000.000
1079600.000
1033600.000
1012000.000
914400.000
788400.000
620000.000
498400.000
435600.000
382000.000
331200.000
290400.000
236000.000
221200.000
215200.000
269200.000
504400.000
807600.000
1198000.000
1496000.000
1730800.000
2100000.000
2761200.000
2978400.000
3144400.000
3214000.000
3410000.000
3585200.000
3726400.000
3842000.000
3907600.000
3999200.000
3996000.000
4115600.000
4125200.000
4188000.000
4188400.000
508000.000
500400.000
477600.000
501600.000
518400.000
566400.000
548800.000
532800.000
561200.000
558000.000
641600.000
655600.000
613600.000
631200.000
634800.000
632400.000
634800.000
657600.000
680000.000
630000.000
588000.000
538800.000
574000.000
531200.000
473600.000
486000.000
478000.000
468000.000
452800.000
439200.000
427200.000
407200.000
419600.000
413200.000
412800.000
415600.000
426400.000
384000.000
377600.000
386400.000
396400.000
398400.000
407600.000
394800.000
391200.000
382400.000
400000.000
398000.000
394800.000
392800.000
413200.000
387200.000
387600.000
408000.000
388800.000
382400.000
410000.000
384000.000
384400.000
385200.000
408400.000
390000.000
392000.000
412800.000
399600.000
382400.000
384000.000
399200.000
391600.000
399200.000
409200.000
371600.000
383600.000
395600.000
395200.000
384800.000
393200.000
394000.000
377600.000
371200.000
375200.000
400800.000
382000.000
384800.000
384800.000
383200.000
379600.000
397200.000
388800.000
381200.000
374800.000
366800.000
374000.000
367600.000
372000.000
356400.000
377200.000
410800.000
362000.000
368400.000
382000.000
375200.000
376800.000
378800.000
368000.000
368000.000
362000.000
360400.000
376800.000
372400.000
359600.000
358800.000
379600.000
371200.000
328800.000
350400.000
353600.000
353600.000
342800.000
329600.000
348400.000
357600.000
374400.000
420800.000
447600.000
522400.000
512800.000
614800.000
650800.000
556400.000
538000.000
550400.000
602400.000
623600.000
668800.000
660000.000
648000.000
699200.000
713200.000
862800.000
957600.000
992400.000
1120000.000
1235200.000
1262000.000
1143200.000
1146800.000
1150400.000
1090800.000
1095200.000
1050800.000
960800.000
912000.000
876800.000
858400.000
855600.000
919200.000
946800.000
985600.000
1091200.000
1145600.000
1122000.000
1186400.000
1234400.000
1216000.000
1154000.000
1120800.000
1040400.000
991600.000
839600.000
667200.000
528000.000
460000.000
426000.000
368400.000
278400.000
249600.000
224000.000
220400.000
276400.000
492000.000
832400.000
1158800.000
1414400.000
1659200.000
2017200.000
2690800.000
2857600.000
3042800.000
3266400.000
3382000.000
3625600.000
3635600.000
3852400.000
3934000.000
4019200.000
3953600.000
4064400.000
4179600.000
4204800.000
4263600.000
528400.000
505600.000
540800.000
504800.000
547200.000
561600.000
606400.000
590000.000
592800.000
602000.000
668000.000
655600.000
637200.000
603200.000
653600.000
671200.000
667600.000
676000.000
666400.000
606800.000
592000.000
542000.000
559200.000
561600.000
510000.000
518800.000
486800.000
460000.000
473200.000
452400.000
445200.000
441600.000
427200.000
420400.000
421600.000
416800.000
374800.000
405600.000
410000.000
417600.000
400400.000
405200.000
398000.000
402400.000
403600.000
405200.000
417600.000
370000.000
428400.000
414800.000
403200.000
416000.000
390800.000
404000.000
380800.000
388400.000
402000.000
400000.000
401600.000
417600.000
429200.000
389600.000
415600.000
420000.000
425200.000
404000.000
398000.000
408800.000
388800.000
394400.000
388400.000
406400.000
379200.000
378400.000
374800.000
390800.000
415600.000
399200.000
372400.000
412000.000
388400.000
382000.000
384000.000
370000.000
414000.000
383200.000
395600.000
407200.000
396000.000
395200.000
366400.000
387200.000
374800.000
385200.000
400000.000
386400.000
406400.000
378800.000
373200.000
355600.000
390400.000
370400.000
367200.000
367600.000
394400.000
369200.000
364400.000
372400.000
379600.000
363600.000
339600.000
359200.000
349600.000
344800.000
378000.000
368000.000
362000.000
356800.000
355200.000
362400.000
380000.000
377600.000
393600.000
472000.000
494800.000
538800.000
618800.000
662400.000
693600.000
848400.000
839200.000
757200.000
696400.000
642000.000
657200.000
684400.000
651600.000
764800.000
815200.000
909600.000
974000.000
1066800.000
1023600.000
1117200.000
1298800.000
1283200.000
1162000.000
1140400.000
1166800.000
1117600.000
1134400.000
1049200.000
990000.000
932800.000
923600.000
922800.000
976000.000
971600.000
966000.000
991600.000
1066400.000
1180400.000
1175600.000
1218400.000
1239600.000
1204800.000
1143200.000
1088400.000
1071200.000
973600.000
808000.000
671200.000
553600.000
464800.000
389200.000
319600.000
278000.000
280000.000
210800.000
269200.000
414800.000
746800.000
1092000.000
1361600.000
1586800.000
1921200.000
2621600.000
2816000.000
3099200.000
3205600.000
3342000.000
3599600.000
3818400.000
3821200.000
4018400.000
4017200.000
4017600.000
4072400.000
4196800.000
4245200.000
4260000.000
546000.000
506000.000
544000.000
557200.000
579600.000
571600.000
583200.000
639200.000
614800.000
636400.000
658800.000
628800.000
645200.000
640400.000
647600.000
663200.000
675200.000
638000.000
630800.000
624000.000
597200.000
584400.000
559600.000
574800.000
530000.000
489200.000
471600.000
453200.000
443600.000
444000.000
454000.000
406400.000
423200.000
416000.000
423200.000
432800.000
400000.000
414800.000
410400.000
391200.000
398800.000
392000.000
412000.000
418800.000
408000.000
414800.000
415600.000
390400.000
402000.000
409600.000
428000.000
422800.000
407200.000
402800.000
401200.000
401200.000
416400.000
423600.000
384400.000
400000.000
405600.000
397600.000
409600.000
426800.000
406000.000
402800.000
401600.000
410400.000
411200.000
406800.000
411600.000
402800.000
375600.000
385200.000
406000.000
398400.000
382000.000
380400.000
406400.000
384400.000
390800.000
372800.000
387200.000
381600.000
409200.000
380400.000
388400.000
375600.000
381600.000
372400.000
372000.000
396800.000
371200.000
387600.000
391200.000
400000.000
389200.000
368400.000
370400.000
387200.000
356800.000
392400.000
390000.000
383200.000
370800.000
384000.000
376000.000
352000.000
378000.000
362000.000
361200.000
364400.000
360000.000
361200.000
372400.000
350800.000
354400.000
353600.000
374000.000
382800.000
377600.000
403600.000
452400.000
523200.000
628000.000
793200.000
833200.000
1044400.000
995200.000
886800.000
846800.000
784400.000
794000.000
816000.000
732000.000
731600.000
737200.000
757600.000
848000.000
958000.000
999600.000
977200.000
970800.000
1026000.000
1150000.000
1239600.000
1290000.000
1295200.000
1235200.000
1208400.000
1161200.000
1104000.000
1073200.000
993200.000
972000.000
962000.000
964800.000
984000.000
1017600.000
1043600.000
1108400.000
1152000.000
1173600.000
1175200.000
1221600.000
1196400.000
1152800.000
1128000.000
1020000.000
922400.000
830400.000
778000.000
642000.000
494400.000
398400.000
362800.000
297600.000
280800.000
228800.000
276000.000
427600.000
708000.000
1085600.000
1374000.000
1604000.000
2002800.000
2630800.000
2947200.000
3146400.000
3364000.000
3384800.000
3541200.000
3811200.000
3832800.000
3938800.000
3976800.000
4054800.000
4051200.000
4199600.000
4250400.000
4232800.000
558800.000
573200.000
571200.000
593200.000
608000.000
612800.000
607600.000
620400.000
642400.000
625200.000
653200.000
662000.000
653600.000
648800.000
651200.000
646000.000
685600.000
642800.000
616800.000
590800.000
591600.000
592000.000
575200.000
536800.000
494400.000
490800.000
485200.000
445600.000
466000.000
432000.000
435600.000
430000.000
426400.000
405200.000
400400.000
429200.000
396800.000
421600.000
393200.000
422000.000
398800.000
400800.000
405600.000
396400.000
372000.000
415600.000
411200.000
390000.000
376400.000
396800.000
398400.000
430400.000
402400.000
394800.000
404400.000
392000.000
404000.000
391600.000
385600.000
391200.000
398400.000
381600.000
391600.000
397600.000
391600.000
403200.000
394000.000
423600.000
405600.000
405200.000
392000.000
388000.000
398400.000
367600.000
380800.000
387200.000
410800.000
390000.000
407600.000
387200.000
378800.000
395600.000
400400.000
382400.000
372800.000
370400.000
376400.000
388400.000
391600.000
372400.000
371200.000
374000.000
391600.000
400400.000
411600.000
375200.000
388800.000
385200.000
375600.000
390400.000
371200.000
380000.000
387200.000
372400.000
345200.000
363200.000
363600.000
384800.000
355600.000
376400.000
362400.000
383200.000
351600.000
360400.000
383200.000
372400.000
381200.000
372800.000
402800.000
416000.000
400000.000
394800.000
455200.000
513200.000
746400.000
925600.000
1104400.000
1068400.000
1006800.000
905200.000
786000.000
776000.000
707200.000
726800.000
844800.000
732800.000
828400.000
854000.000
918800.000
890800.000
941600.000
954000.000
972800.000
1051200.000
1133600.000
1217200.000
1252000.000
1310800.000
1245600.000
1265200.000
1178400.000
1081200.000
1081600.000
1023200.000
1021200.000
976800.000
1056000.000
1021600.000
1037200.000
1026800.000
1090400.000
1101600.000
1180400.000
1217200.000
1238400.000
1226800.000
1190000.000
1146000.000
1056800.000
947200.000
782000.000
734000.000
667200.000
521200.000
407200.000
367600.000
310000.000
283600.000
258400.000
238000.000
395200.000
697600.000
1073200.000
1388800.000
1690400.000
1998400.000
2649200.000
3150400.000
3039600.000
3199600.000
3416400.000
3629600.000
3746800.000
3897200.000
3960000.000
4030800.000
4050800.000
4082400.000
4208400.000
4228800.000
4177200.000
560000.000
560000.000
600800.000
640800.000
627600.000
612400.000
641200.000
650800.000
648800.000
652400.000
667200.000
636400.000
648800.000
657200.000
641600.000
639200.000
612800.000
620800.000
644800.000
580800.000
610800.000
598400.000
581600.000
520800.000
505200.000
460400.000
476800.000
478800.000
446400.000
435600.000
432000.000
419600.000
444400.000
424000.000
409200.000
418000.000
436800.000
420800.000
403600.000
411200.000
411600.000
404000.000
403200.000
430400.000
443600.000
403600.000
428800.000
383200.000
406000.000
385200.000
391200.000
382000.000
406000.000
372400.000
431600.000
398400.000
406800.000
402800.000
404800.000
410000.000
408800.000
426400.000
385200.000
408800.000
385600.000
412000.000
397200.000
376800.000
394000.000
394000.000
414800.000
383200.000
386000.000
411600.000
377600.000
396800.000
402400.000
387600.000
386800.000
414400.000
382400.000
371600.000
410400.000
383200.000
382000.000
418400.000
397600.000
406000.000
399600.000
393200.000
405600.000
379600.000
384400.000
405200.000
393600.000
390800.000
371200.000
374400.000
378800.000
378000.000
387600.000
400800.000
385600.000
368400.000
360400.000
348400.000
371200.000
368400.000
359200.000
358000.000
347200.000
363200.000
394400.000
390400.000
404800.000
399600.000
412400.000
398400.000
416000.000
397600.000
404800.000
461200.000
463200.000
608800.000
788800.000
1090800.000
1139600.000
1029600.000
778400.000
597200.000
551200.000
639200.000
789600.000
857600.000
891600.000
940400.000
807200.000
898000.000
957200.000
971600.000
878800.000
936000.000
1042800.000
1097200.000
1132000.000
1204800.000
1306000.000
1294000.000
1273200.000
1232400.000
1170400.000
1150800.000
1137200.000
1018400.000
1067200.000
1023600.000
1049600.000
1002400.000
1036800.000
1037200.000
1025200.000
1129600.000
1162000.000
1194800.000
1218400.000
1194800.000
1192400.000
1153600.000
1109200.000
984000.000
869600.000
766800.000
724800.000
568800.000
424800.000
351600.000
309600.000
288000.000
259600.000
258800.000
375600.000
575200.000
1054800.000
1342800.000
1669600.000
1924400.000
2440400.000
3112800.000
3152800.000
3297200.000
3481600.000
3587600.000
3720800.000
3836000.000
3958400.000
3933200.000
4011600.000
4135200.000
4160800.000
4187600.000
4192400.000
617200.000
592800.000
607200.000
608000.000
647200.000
599200.000
618000.000
653200.000
654800.000
672000.000
688400.000
654800.000
632400.000
640800.000
638400.000
610000.000
595600.000
632000.000
593600.000
564400.000
567200.000
520000.000
501600.000
514800.000
510400.000
494800.000
448400.000
462000.000
413600.000
454800.000
454800.000
420000.000
446000.000
426800.000
428000.000
405600.000
414800.000
403600.000
388000.000
408400.000
397600.000
396000.000
391600.000
404800.000
390800.000
383200.000
394000.000
382800.000
392400.000
393600.000
395200.000
399200.000
387200.000
406000.000
423600.000
380400.000
371200.000
395200.000
375600.000
396000.000
370800.000
410000.000
402400.000
391600.000
393200.000
390800.000
391600.000
400400.000
383200.000
383600.000
369200.000
386800.000
380400.000
394400.000
388000.000
395600.000
386800.000
374000.000
400400.000
397200.000
394400.000
389600.000
402800.000
399600.000
398400.000
380000.000
389600.000
387600.000
356800.000
373200.000
388800.000
390000.000
398400.000
390000.000
383200.000
395200.000
407200.000
412800.000
378000.000
371200.000
386400.000
385600.000
372400.000
370000.000
374000.000
347200.000
343200.000
375600.000
359200.000
406000.000
389200.000
394400.000
408400.000
402800.000
433600.000
427200.000
406800.000
438000.000
450800.000
401200.000
416000.000
446000.000
528400.000
715200.000
922800.000
1149600.000
1083200.000
863600.000
727200.000
912000.000
780000.000
784000.000
806800.000
906000.000
888400.000
971200.000
888800.000
979600.000
925200.000
931200.000
911600.000
1000400.000
1232400.000
1329600.000
1142400.000
1219200.000
1302000.000
1258400.000
1300000.000
1252400.000
1243600.000
1184800.000
1140400.000
1112400.000
1104000.000
1073200.000
1030800.000
1036000.000
1026800.000
1013600.000
1069600.000
1103200.000
1120400.000
1144400.000
1188000.000
1208000.000
1234000.000
1124000.000
1045200.000
979200.000
846000.000
736000.000
733600.000
638000.000
422800.000
373600.000
312000.000
270800.000
248000.000
251600.000
383200.000
614800.000
1117200.000
1431200.000
1741600.000
1879200.000
2291600.000
3030800.000
3028400.000
3243600.000
3390400.000
3530000.000
3758400.000
3860400.000
3952000.000
4034400.000
4120800.000
4090400.000
4093200.000
4084400.000
4226800.000
604800.000
593600.000
612000.000
630000.000
648400.000
628000.000
648800.000
690800.000
681200.000
651600.000
651600.000
664000.000
650800.000
666400.000
648400.000
606000.000
576800.000
572800.000
618000.000
591200.000
551600.000
545200.000
506000.000
528400.000
490800.000
462800.000
484400.000
480400.000
462400.000
435600.000
464000.000
412000.000
420400.000
413600.000
398000.000
438000.000
421600.000
421200.000
398000.000
385200.000
415600.000
401600.000
392800.000
395200.000
393600.000
378000.000
398000.000
408000.000
377600.000
423200.000
398800.000
403600.000
382400.000
408000.000
402800.000
416400.000
392400.000
375600.000
384800.000
399600.000
416400.000
384400.000
389600.000
388400.000
386400.000
420400.000
389200.000
370400.000
376400.000
402400.000
419200.000
415600.000
407200.000
385200.000
376000.000
389600.000
374400.000
384800.000
412000.000
388800.000
374000.000
426400.000
418800.000
402800.000
407600.000
408400.000
427600.000
414800.000
410400.000
393600.000
414800.000
397600.000
398800.000
392400.000
414400.000
422000.000
406800.000
410400.000
391600.000
372000.000
380000.000
361200.000
386000.000
360000.000
381600.000
365600.000
377600.000
368800.000
398000.000
422400.000
429200.000
422400.000
454800.000
434800.000
443600.000
418400.000
424000.000
454800.000
428400.000
451600.000
459200.000
500400.000
570800.000
690800.000
939600.000
1126800.000
1092800.000
754000.000
800000.000
1396000.000
1883600.000
1068400.000
852800.000
919200.000
861600.000
974000.000
910000.000
986800.000
956800.000
1002400.000
952800.000
925200.000
1098800.000
1163200.000
1127200.000
1229600.000
1234400.000
1214000.000
1266800.000
1221600.000
1240400.000
1230400.000
1210800.000
1131600.000
1125600.000
1113600.000
1090400.000
1071600.000
1046000.000
1067200.000
1058800.000
1094400.000
1121600.000
1099200.000
1144800.000
1131200.000
1153200.000
1148000.000
1096400.000
985600.000
908000.000
800000.000
725600.000
682000.000
516400.000
385200.000
328400.000
289200.000
242800.000
256400.000
331200.000
566400.000
1088000.000
1365600.000
1654400.000
1844800.000
2157600.000
2774000.000
2956000.000
3305200.000
3464400.000
3614000.000
3683200.000
3752000.000
3916000.000
3891600.000
3988000.000
4104000.000
4046400.000
4046400.000
4166000.000
594000.000
588000.000
634400.000
608800.000
626800.000
630800.000
691200.000
672400.000
675600.000
700000.000
657600.000
634000.000
642000.000
625600.000
590000.000
601200.000
585200.000
575200.000
547200.000
582400.000
561200.000
530400.000
537600.000
506800.000
476800.000
509200.000
450400.000
465600.000
452400.000
440800.000
426400.000
427200.000
405600.000
420800.000
400000.000
422400.000
401600.000
392800.000
368800.000
385200.000
376800.000
392400.000
394800.000
388400.000
385600.000
404800.000
394800.000
374800.000
401600.000
401600.000
409600.000
405600.000
390000.000
394000.000
415600.000
392400.000
394800.000
370000.000
383600.000
399600.000
386800.000
388000.000
382800.000
392000.000
386400.000
402000.000
394800.000
378400.000
386000.000
394400.000
385200.000
379200.000
380800.000
368400.000
380000.000
396800.000
366000.000
379600.000
402000.000
397600.000
414400.000
425200.000
430000.000
449200.000
422400.000
410800.000
394800.000
424400.000
395200.000
437200.000
399600.000
407600.000
414800.000
426400.000
442000.000
402000.000
399600.000
423600.000
413200.000
401600.000
366400.000
368400.000
360400.000
370400.000
360800.000
348000.000
351600.000
377200.000
396000.000
442000.000
450800.000
468800.000
460400.000
475200.000
424400.000
453200.000
458400.000
470800.000
500400.000
487600.000
504400.000
514400.000
522400.000
625600.000
838000.000
918000.000
1067200.000
746000.000
646800.000
1217600.000
1865200.000
1116400.000
962400.000
1071600.000
980000.000
1029600.000
1028000.000
994800.000
1001600.000
1010000.000
1006800.000
984000.000
990400.000
1050000.000
1115200.000
1190800.000
1234800.000
1189600.000
1234400.000
1215600.000
1277600.000
1210400.000
1177200.000
1152800.000
1143200.000
1125600.000
1073200.000
1088000.000
1082400.000
1063600.000
1052000.000
1081200.000
1094000.000
1135600.000
1118800.000
1150000.000
1156800.000
1119600.000
1100800.000
974000.000
908400.000
811200.000
694000.000
618400.000
612000.000
472000.000
350400.000
296000.000
275600.000
247200.000
291600.000
513200.000
915200.000
1203200.000
1597200.000
1752800.000
2122000.000
2731600.000
3020800.000
3162400.000
3364000.000
3554400.000
3543200.000
3670400.000
3663600.000
3910800.000
3800400.000
3917200.000
4056800.000
4014800.000
3998400.000
636000.000
616000.000
621200.000
624000.000
626800.000
654800.000
618000.000
663600.000
680800.000
674800.000
647600.000
619600.000
621600.000
597200.000
576800.000
588000.000
594800.000
584000.000
584800.000
544000.000
566800.000
541200.000
542800.000
537200.000
495200.000
463600.000
435200.000
456800.000
444000.000
436000.000
412000.000
427600.000
401200.000
427600.000
414800.000
406000.000
412400.000
415200.000
395600.000
384000.000
404400.000
424000.000
396800.000
378400.000
386800.000
378000.000
418800.000
390800.000
396000.000
394400.000
392000.000
390000.000
406400.000
415200.000
397600.000
393600.000
402000.000
390400.000
382800.000
398400.000
404000.000
373600.000
383200.000
373600.000
424400.000
400400.000
385600.000
396000.000
375600.000
372400.000
391200.000
387200.000
390800.000
379600.000
394800.000
388400.000
396400.000
376800.000
403600.000
428800.000
416800.000
449600.000
469600.000
458000.000
443200.000
457600.000
452400.000
463200.000
431200.000
410400.000
414000.000
422000.000
394400.000
408000.000
432800.000
426800.000
404400.000
392800.000
410000.000
383600.000
364800.000
358000.000
365600.000
376800.000
371600.000
359600.000
408000.000
432800.000
426800.000
488000.000
522400.000
472000.000
502800.000
490000.000
477200.000
490800.000
526800.000
558800.000
529600.000
550000.000
503200.000
493600.000
507200.000
585600.000
695200.000
855200.000
839200.000
854000.000
691600.000
700400.000
776000.000
969600.000
1037200.000
1058400.000
1057200.000
1077600.000
1071200.000
1091600.000
1033600.000
1024400.000
1054400.000
1019200.000
1024800.000
1067200.000
1132000.000
1168000.000
1087600.000
1205600.000
1116400.000
1221200.000
1247600.000
1196400.000
1153600.000
1107600.000
1106800.000
1121200.000
1107200.000
1064400.000
1086800.000
1059600.000
1070000.000
1116000.000
1076400.000
1137600.000
1116000.000
1139200.000
1137600.000
1126000.000
1082800.000
998800.000
910000.000
813600.000
684400.000
650400.000
547600.000
479600.000
394800.000
324800.000
297600.000
284800.000
273600.000
442800.000
775600.000
1158400.000
1493200.000
1698400.000
1965200.000
2616000.000
3008400.000
3003200.000
3173200.000
3374400.000
3434000.000
3590000.000
3568800.000
3782000.000
3758800.000
3816000.000
3901200.000
3920400.000
4030000.000
607600.000
593600.000
619200.000
628000.000
639600.000
668400.000
675200.000
670800.000
679200.000
628800.000
620400.000
606800.000
602400.000
582000.000
570800.000
587600.000
572000.000
570000.000
574400.000
571200.000
537600.000
537600.000
511200.000
496800.000
493600.000
490400.000
463600.000
440000.000
426000.000
421200.000
432000.000
444400.000
423200.000
436800.000
386000.000
418400.000
389600.000
414400.000
400400.000
386400.000
375600.000
406400.000
404400.000
407200.000
395200.000
387200.000
386800.000
403200.000
392000.000
385600.000
388400.000
395200.000
385200.000
390000.000
392800.000
392000.000
369600.000
401600.000
397600.000
394400.000
396000.000
414000.000
376000.000
395200.000
388000.000
376800.000
377600.000
388000.000
374800.000
378800.000
385600.000
384000.000
378400.000
372800.000
391600.000
379200.000
385600.000
396800.000
396000.000
416800.000
433600.000
476000.000
493600.000
503200.000
522400.000
461200.000
460800.000
448400.000
457200.000
445600.000
424800.000
430800.000
427200.000
430000.000
443200.000
408400.000
408000.000
393200.000
396400.000
370000.000
361200.000
359200.000
354400.000
342400.000
361600.000
375600.000
366400.000
454400.000
456000.000
492800.000
543600.000
528800.000
517600.000
553600.000
547600.000
558400.000
576400.000
576000.000
554800.000
502400.000
487600.000
510400.000
515200.000
555600.000
670000.000
854400.000
922000.000
941600.000
873200.000
789600.000
898400.000
1028000.000
1030800.000
989200.000
1091600.000
1077600.000
1121200.000
1064800.000
1081200.000
1104800.000
1051600.000
1088800.000
1059200.000
1103200.000
1114400.000
1132000.000
1103200.000
1141200.000
1158800.000
1150400.000
1163200.000
1163200.000
1119200.000
1115600.000
1116000.000
1135200.000
1059600.000
1062800.000
1053600.000
1064400.000
1053200.000
1054400.000
1090400.000
1106000.000
1127600.000
1104800.000
1094400.000
1128400.000
1050000.000
1013200.000
930000.000
832400.000
753200.000
653200.000
554800.000
509600.000
399600.000
346400.000
297600.000
297600.000
287600.000
386400.000
627200.000
995600.000
1324400.000
1580400.000
1797600.000
2215200.000
2902000.000
2886400.000
2934400.000
3086800.000
3217600.000
3248400.000
3372000.000
3372800.000
3542000.000
3643200.000
3809200.000
3832000.000
3913200.000
608000.000
602400.000
608000.000
603600.000
636000.000
669200.000
674800.000
690400.000
642400.000
662400.000
649200.000
592000.000
616000.000
634000.000
627200.000
582000.000
572000.000
562800.000
578400.000
582800.000
544800.000
530800.000
545200.000
508400.000
501200.000
464800.000
434800.000
454400.000
451200.000
427600.000
431600.000
408000.000
422000.000
408800.000
399200.000
408000.000
408400.000
399200.000
403200.000
413200.000
378400.000
388000.000
403200.000
398800.000
383600.000
382000.000
383200.000
375600.000
372800.000
394000.000
364000.000
391600.000
404000.000
394400.000
406800.000
390800.000
409600.000
397600.000
426400.000
386800.000
377600.000
370400.000
352800.000
374000.000
399200.000
384000.000
375200.000
394800.000
369200.000
382000.000
368400.000
368000.000
360800.000
378000.000
386800.000
356000.000
374800.000
382400.000
369200.000
435200.000
461200.000
524000.000
511600.000
530000.000
517200.000
469600.000
458000.000
468800.000
451600.000
434800.000
471200.000
435200.000
456400.000
417200.000
448400.000
418000.000
395600.000
406000.000
412000.000
394400.000
404800.000
368000.000
354400.000
347200.000
364000.000
379600.000
432400.000
473200.000
519200.000
549200.000
559200.000
559600.000
593600.000
603200.000
614000.000
597200.000
572400.000
549600.000
547200.000
516400.000
546000.000
559200.000
548800.000
604000.000
693600.000
730400.000
882800.000
854400.000
898800.000
1003200.000
1141200.000
1144800.000
1021200.000
1122400.000
1144400.000
1095200.000
1112800.000
1126800.000
1098000.000
1094800.000
1104000.000
1111200.000
1074000.000
1098000.000
1121600.000
1125200.000
1111200.000
1161600.000
1141600.000
1137200.000
1146000.000
1106400.000
1069200.000
1130800.000
1112400.000
1083200.000
1044400.000
1046400.000
1063200.000
1061200.000
1072000.000
1125600.000
1072000.000
1092000.000
1115600.000
1070000.000
1106800.000
1127200.000
1102800.000
999600.000
955200.000
849600.000
759200.000
682000.000
607600.000
558800.000
467200.000
380800.000
316400.000
298800.000
306800.000
385200.000
575200.000
969200.000
1296800.000
1562400.000
1750400.000
2063600.000
2572000.000
2766000.000
2732800.000
2910000.000
3048400.000
3067600.000
3323600.000
3284000.000
3467200.000
3590800.000
3764400.000
3860400.000
3908800.000
622400.000
625600.000
634000.000
636000.000
632800.000
610800.000
674400.000
680000.000
671200.000
666800.000
672000.000
658000.000
698400.000
667200.000
612400.000
596400.000
598400.000
581200.000
566400.000
573600.000
526400.000
563200.000
556400.000
541600.000
516000.000
487200.000
493200.000
496800.000
453600.000
454000.000
473200.000
442400.000
423600.000
414000.000
414000.000
401600.000
420400.000
419200.000
385200.000
379200.000
402000.000
384400.000
386800.000
390000.000
394800.000
398400.000
390000.000
420800.000
416400.000
401200.000
400000.000
391600.000
408000.000
410000.000
405200.000
370800.000
393600.000
390400.000
389600.000
390000.000
389200.000
382800.000
356000.000
371600.000
394000.000
349600.000
381600.000
369200.000
413200.000
399600.000
376400.000
397200.000
388000.000
408400.000
369200.000
376800.000
386800.000
372000.000
412400.000
453600.000
484400.000
529200.000
535600.000
514800.000
506000.000
517200.000
489200.000
462400.000
463600.000
457600.000
469200.000
426800.000
405600.000
414800.000
407200.000
398000.000
383200.000
389600.000
409200.000
388000.000
389200.000
353600.000
376000.000
357200.000
369200.000
384000.000
449600.000
492400.000
559600.000
590800.000
621200.000
660800.000
676000.000
644800.000
644000.000
585600.000
589200.000
561200.000
588000.000
612400.000
567200.000
619200.000
633600.000
597200.000
676400.000
714400.000
800000.000
920000.000
1018800.000
990400.000
1051200.000
1107600.000
1126400.000
1148000.000
1114000.000
1132000.000
1119600.000
1086800.000
1108000.000
1104000.000
1138800.000
1097200.000
1107200.000
1094800.000
1092400.000
1120400.000
1151600.000
1114800.000
1126800.000
1104000.000
1094800.000
1097200.000
1058800.000
1101600.000
1111600.000
1040800.000
1072800.000
1054800.000
1071200.000
1070000.000
1082800.000
1046400.000
1090400.000
1064800.000
1052000.000
1096000.000
1119200.000
1075200.000
1058800.000
999600.000
927600.000
902400.000
815200.000
728000.000
640800.000
602800.000
521200.000
413600.000
344000.000
293200.000
301600.000
345600.000
473200.000
700000.000
1108000.000
1384800.000
1742800.000
1902800.000
2347600.000
2782800.000
2644000.000
2537600.000
2696800.000
2789600.000
2979600.000
3191200.000
3260000.000
3478400.000
3546800.000
3670800.000
3831600.000
599200.000
577200.000
605200.000
608800.000
612000.000
627600.000
650000.000
664400.000
632000.000
648800.000
660400.000
668400.000
642000.000
591200.000
558000.000
572800.000
583200.000
561200.000
602400.000
576000.000
584400.000
543200.000
549200.000
503200.000
482800.000
484800.000
481600.000
490400.000
452000.000
468800.000
445200.000
431200.000
414800.000
380400.000
410800.000
408800.000
400800.000
396800.000
404800.000
406800.000
397600.000
371200.000
389600.000
383600.000
385200.000
385600.000
411200.000
406400.000
382000.000
370000.000
383200.000
391200.000
373600.000
382800.000
388800.000
371200.000
385600.000
375600.000
392400.000
384800.000
412400.000
412000.000
385200.000
384000.000
389200.000
402000.000
397200.000
360000.000
369200.000
372800.000
370000.000
350000.000
376000.000
374000.000
366800.000
372000.000
376000.000
359600.000
420400.000
445200.000
487600.000
517600.000
519200.000
516000.000
495600.000
475200.000
459200.000
466000.000
477600.000
434000.000
436800.000
421600.000
429600.000
417600.000
397200.000
408400.000
379600.000
383600.000
355600.000
348000.000
347600.000
343200.000
329600.000
348000.000
381600.000
404000.000
494800.000
573600.000
625600.000
664000.000
712400.000
691200.000
674000.000
673600.000
603200.000
578800.000
626000.000
652400.000
691200.000
711200.000
747200.000
679600.000
684800.000
685600.000
702000.000
774800.000
840000.000
876800.000
888000.000
949600.000
1056000.000
1111600.000
1072400.000
1071200.000
1122800.000
1098800.000
1124800.000
1136000.000
1084800.000
1106800.000
1079600.000
1099600.000
1100400.000
1092400.000
1057200.000
1080800.000
1091200.000
1043600.000
1094000.000
1076800.000
1073600.000
1058000.000
1078400.000
1060800.000
1055600.000
1038800.000
1010800.000
1034400.000
1046400.000
1076000.000
1080800.000
1057200.000
1068800.000
1048800.000
1089200.000
1128400.000
1052800.000
1059200.000
1061200.000
1030400.000
965200.000
890800.000
862800.000
742800.000
661600.000
630800.000
569600.000
440400.000
360400.000
325600.000
276800.000
280400.000
418400.000
587600.000
985600.000
1314400.000
1627200.000
1751200.000
1929600.000
2468800.000
2796800.000
2344400.000
2479600.000
2532400.000
2643600.000
2922400.000
3099600.000
3319600.000
3468400.000
3604400.000
3720800.000
608800.000
626800.000
588800.000
603600.000
631200.000
593600.000
605600.000
650000.000
627600.000
607200.000
632400.000
592000.000
589600.000
599200.000
594000.000
595600.000
575600.000
601200.000
591600.000
576800.000
560400.000
552000.000
521600.000
526000.000
524400.000
505200.000
489600.000
482000.000
442400.000
430400.000
455600.000
411200.000
442000.000
414000.000
423600.000
390400.000
405600.000
420400.000
384800.000
400000.000
407200.000
409200.000
394000.000
386400.000
392400.000
401200.000
387200.000
385600.000
400000.000
380000.000
375600.000
397200.000
391600.000
392000.000
403600.000
399200.000
360400.000
410800.000
385600.000
380000.000
378000.000
368400.000
363600.000
358800.000
384400.000
370400.000
354000.000
403600.000
362000.000
379600.000
354800.000
388400.000
375600.000
366400.000
376000.000
384400.000
382000.000
382000.000
412400.000
445600.000
502000.000
523200.000
522800.000
497200.000
503600.000
597200.000
540800.000
511600.000
467200.000
439600.000
411200.000
428400.000
436800.000
423600.000
410000.000
382800.000
360800.000
361200.000
366400.000
361200.000
345200.000
331600.000
349600.000
386000.000
395600.000
490400.000
533600.000
630800.000
738400.000
755600.000
752800.000
719600.000
715600.000
632000.000
671200.000
694000.000
772800.000
787200.000
822000.000
785600.000
755200.000
777200.000
744000.000
782800.000
831200.000
804000.000
845600.000
927200.000
964000.000
961200.000
1010000.000
1048800.000
1100000.000
1098800.000
1066400.000
1116400.000
1127600.000
1109600.000
1128400.000
1130800.000
1131200.000
1132000.000
1053200.000
1099600.000
1058000.000
1074800.000
1073600.000
1067200.000
1083600.000
1072400.000
1059600.000
1068000.000
1068800.000
1068800.000
1061200.000
1059600.000
1018000.000
1054400.000
1021600.000
1055200.000
1026400.000
1052800.000
1026800.000
1012400.000
1023600.000
1061200.000
1076800.000
1070800.000
1045200.000
1038400.000
926000.000
916800.000
868400.000
841200.000
756400.000
638400.000
614400.000
537200.000
409200.000
359200.000
326400.000
309200.000
346400.000
495200.000
807600.000
1116800.000
1436800.000
1633600.000
1692000.000
1939200.000
2557200.000
2482000.000
2338400.000
2398800.000
2511600.000
2724000.000
3227200.000
3310800.000
3424000.000
3510800.000
3715200.000
637600.000
598800.000
607200.000
570400.000
628000.000
618000.000
649600.000
626800.000
628800.000
622000.000
602000.000
605200.000
605200.000
609200.000
567200.000
590400.000
614000.000
598400.000
616400.000
572800.000
571600.000
548000.000
530000.000
540400.000
527200.000
493200.000
468800.000
461600.000
433200.000
434800.000
432400.000
423600.000
424000.000
418800.000
386000.000
414400.000
386400.000
408400.000
372400.000
388400.000
410000.000
372800.000
404800.000
382400.000
398000.000
389600.000
416800.000
385600.000
371200.000
377600.000
381200.000
396000.000
385600.000
412000.000
388000.000
394800.000
391200.000
389200.000
391200.000
370000.000
384000.000
376400.000
380000.000
395200.000
358000.000
376400.000
371600.000
383600.000
361200.000
374400.000
357200.000
391200.000
354800.000
366800.000
375200.000
353600.000
379600.000
387600.000
414400.000
423600.000
489600.000
508000.000
494800.000
465200.000
454000.000
550400.000
580000.000
464800.000
451200.000
428000.000
414000.000
452000.000
420000.000
434800.000
399600.000
398000.000
372800.000
379200.000
344800.000
368400.000
358000.000
336800.000
350800.000
387600.000
426000.000
516800.000
659600.000
776000.000
794400.000
767200.000
728000.000
746400.000
712800.000
726400.000
804400.000
894400.000
931200.000
890000.000
892000.000
877600.000
898000.000
921200.000
920400.000
858800.000
864800.000
917200.000
926400.000
932000.000
952800.000
955200.000
998000.000
1044800.000
1042000.000
1057200.000
1061200.000
1069200.000
1077600.000
1120400.000
1147600.000
1135600.000
1102000.000
1108000.000
1028800.000
1068400.000
1043600.000
1066400.000
1045600.000
1013200.000
1054800.000
1057200.000
1067200.000
1016800.000
1055600.000
1046000.000
1024000.000
1044400.000
1016800.000
1010800.000
982800.000
1002400.000
990000.000
1038400.000
1028000.000
1047200.000
1039600.000
1030400.000
1027600.000
1031600.000
1035600.000
1019200.000
1003600.000
932800.000
957200.000
876800.000
834400.000
691200.000
642000.000
618000.000
430000.000
355600.000
342800.000
311200.000
334400.000
406400.000
646000.000
961200.000
1311200.000
1617600.000
1590400.000
1569600.000
1900400.000
2459600.000
2315600.000
2436000.000
2572800.000
2859200.000
3160800.000
3413200.000
3450000.000
3545200.000
3606000.000
637600.000
593600.000
611600.000
591200.000
621600.000
595200.000
598800.000
602400.000
661600.000
633200.000
600000.000
631600.000
671200.000
621600.000
647200.000
634000.000
633600.000
603600.000
585600.000
574800.000
531200.000
528400.000
522800.000
530000.000
483600.000
481600.000
456800.000
443200.000
455200.000
455200.000
420400.000
440000.000
418400.000
410400.000
412800.000
404800.000
416400.000
376800.000
402400.000
371600.000
379600.000
387600.000
408000.000
405200.000
383200.000
382800.000
390400.000
378400.000
412800.000
384800.000
399200.000
378800.000
377200.000
390400.000
387200.000
396000.000
382000.000
392000.000
414000.000
374800.000
388000.000
386000.000
372400.000
377600.000
373600.000
378000.000
385600.000
362000.000
358800.000
383600.000
387600.000
376000.000
375600.000
372800.000
380400.000
372000.000
370400.000
394000.000
379200.000
410400.000
447200.000
488800.000
497200.000
481200.000
457200.000
410400.000
465600.000
478400.000
449200.000
437600.000
400800.000
420400.000
393600.000
377200.000
379600.000
380000.000
392800.000
374400.000
394800.000
380400.000
379200.000
398400.000
389200.000
422400.000
480400.000
576800.000
744800.000
820000.000
829200.000
776800.000
779600.000
844800.000
852800.000
960000.000
989600.000
942800.000
923600.000
962800.000
935200.000
1000000.000
1008000.000
1011200.000
998800.000
1022800.000
1019600.000
955600.000
1046400.000
1052000.000
986000.000
1083200.000
1051200.000
1060000.000
1067200.000
1092000.000
1097600.000
1094400.000
1128800.000
1132400.000
1146800.000
1101200.000
1126400.000
1081600.000
1100400.000
1062800.000
1043600.000
1033600.000
1077600.000
1020000.000
1044800.000
1062000.000
1022400.000
999200.000
995600.000
1027200.000
1003600.000
1028400.000
1001200.000
992800.000
955600.000
950800.000
987200.000
954800.000
946400.000
968800.000
1020400.000
1031600.000
1030800.000
1010400.000
992400.000
943200.000
946000.000
962400.000
998000.000
952000.000
805600.000
665600.000
644000.000
693200.000
503200.000
358400.000
342000.000
318800.000
324800.000
380400.000
522400.000
789200.000
1170800.000
1438800.000
1496000.000
1433600.000
1644400.000
2364800.000
2484800.000
2485200.000
2655600.000
2919200.000
3098800.000
3413600.000
3386400.000
3502000.000
3691600.000
602800.000
555600.000
583200.000
591200.000
616800.000
608800.000
586400.000
580400.000
606800.000
619200.000
634400.000
686800.000
677200.000
655600.000
665600.000
646400.000
634800.000
593600.000
583600.000
546400.000
536800.000
536400.000
498800.000
519600.000
489600.000
454400.000
465600.000
442000.000
420400.000
418400.000
418000.000
417200.000
416800.000
417600.000
419600.000
397200.000
427600.000
397600.000
411200.000
380400.000
369600.000
383200.000
386800.000
376400.000
380400.000
383600.000
390800.000
390000.000
390400.000
392000.000
388000.000
378000.000
398000.000
396800.000
394400.000
354800.000
366800.000
383600.000
397600.000
366000.000
359600.000
376000.000
374000.000
381600.000
372400.000
390400.000
367600.000
380000.000
386800.000
360000.000
347600.000
363600.000
370800.000
369600.000
365200.000
369200.000
361200.000
390400.000
388800.000
381200.000
420800.000
445200.000
477600.000
479600.000
441600.000
407200.000
390800.000
430800.000
451600.000
442000.000
410800.000
370400.000
374800.000
374400.000
377600.000
377200.000
369600.000
362800.000
400000.000
392800.000
385600.000
384800.000
409200.000
433600.000
533600.000
624800.000
732000.000
813600.000
800400.000
811200.000
863600.000
961200.000
1012800.000
982400.000
965200.000
1024800.000
1056000.000
1054800.000
1103600.000
1125200.000
1104400.000
1050400.000
1090400.000
1106000.000
1050400.000
1045200.000
1051200.000
1060000.000
1045600.000
1069600.000
1070800.000
1084400.000
1087600.000
1098400.000
1097600.000
1116000.000
1142000.000
1095600.000
1122000.000
1096000.000
1082800.000
1114000.000
1079600.000
1117200.000
1031600.000
1075600.000
1008000.000
1032000.000
975200.000
1031600.000
1010800.000
978400.000
999600.000
988400.000
1000400.000
968000.000
969600.000
968400.000
914400.000
900000.000
987200.000
960800.000
974000.000
988400.000
984000.000
1010000.000
988800.000
966400.000
973200.000
956800.000
961200.000
978400.000
1016800.000
955200.000
838000.000
724400.000
648400.000
635200.000
527200.000
406800.000
335200.000
333600.000
306000.000
337200.000
428000.000
639600.000
1070400.000
1286800.000
1492400.000
1450400.000
1538400.000
2149200.000
2715200.000
2580800.000
2708400.000
2893200.000
3086800.000
3301200.000
3454000.000
3594800.000
3782800.000
594800.000
584800.000
570000.000
578800.000
584800.000
629600.000
615200.000
617200.000
617200.000
646800.000
644800.000
642000.000
667200.000
663600.000
642800.000
630000.000
620400.000
604400.000
582000.000
547600.000
542400.000
506800.000
496800.000
500000.000
478800.000
468400.000
436000.000
440800.000
420000.000
426800.000
412800.000
405200.000
414800.000
392400.000
412000.000
416000.000
400000.000
378800.000
426000.000
386000.000
388800.000
397600.000
386000.000
368800.000
394800.000
394400.000
380800.000
378400.000
383200.000
398400.000
376000.000
370800.000
360000.000
382000.000
370800.000
404800.000
376000.000
408000.000
380400.000
374000.000
391600.000
379600.000
382800.000
384400.000
394800.000
367600.000
383200.000
357200.000
371600.000
377200.000
354800.000
354000.000
392800.000
370800.000
352000.000
348400.000
362000.000
342400.000
362000.000
362800.000
374400.000
396400.000
424000.000
410800.000
401600.000
424400.000
422800.000
412400.000
380800.000
376400.000
381600.000
364400.000
370800.000
366800.000
388800.000
410000.000
410800.000
413600.000
382000.000
383200.000
402800.000
393600.000
366400.000
431200.000
605200.000
696400.000
806800.000
824800.000
874800.000
1013600.000
1131600.000
1070800.000
962000.000
1036400.000
1074000.000
1089600.000
1187200.000
1183200.000
1245200.000
1190400.000
1198800.000
1184000.000
1139600.000
1216000.000
1192400.000
1170000.000
1111600.000
1159200.000
1112000.000
1120800.000
1129200.000
1092000.000
1106000.000
1100000.000
1154800.000
1142000.000
1116000.000
1119600.000
1114400.000
1075600.000
1074400.000
1064800.000
1015200.000
1058000.000
1003600.000
1032800.000
972400.000
1022800.000
977200.000
976000.000
965200.000
986400.000
951200.000
968000.000
947200.000
949600.000
904000.000
916800.000
930400.000
889200.000
949600.000
878800.000
930000.000
946800.000
962800.000
937600.000
979600.000
975200.000
993200.000
967200.000
993600.000
1022400.000
1050800.000
1036000.000
901600.000
841600.000
710400.000
704400.000
655200.000
470800.000
360400.000
353200.000
318000.000
303600.000
342400.000
534000.000
785600.000
1139200.000
1372400.000
1515200.000
1541200.000
1950400.000
2674400.000
2880000.000
2723200.000
2947200.000
3151200.000
3368800.000
3542400.000
3654000.000
3807600.000
583600.000
575600.000
584000.000
578800.000
583200.000
597200.000
597600.000
646000.000
604800.000
614800.000
646800.000
665600.000
660000.000
657200.000
651600.000
648000.000
574400.000
568000.000
546000.000
542400.000
499600.000
495600.000
450400.000
459600.000
485200.000
453200.000
439200.000
431200.000
423600.000
435200.000
425200.000
400400.000
408400.000
411200.000
400000.000
395200.000
417200.000
383200.000
386000.000
396400.000
400000.000
370800.000
375200.000
380400.000
375200.000
403600.000
379600.000
379600.000
369200.000
398800.000
376400.000
380800.000
405600.000
390400.000
379200.000
380000.000
364000.000
392800.000
384800.000
365200.000
370000.000
384800.000
362400.000
365600.000
361600.000
387200.000
373600.000
354000.000
352400.000
352400.000
359600.000
366400.000
358000.000
353600.000
366800.000
387200.000
350400.000
356000.000
355600.000
351200.000
369200.000
344400.000
404800.000
411200.000
394800.000
389200.000
414000.000
392000.000
369600.000
359600.000
389200.000
367600.000
384000.000
392800.000
401600.000
413200.000
457600.000
456000.000
428400.000
394800.000
373600.000
357200.000
382800.000
463600.000
574000.000
797600.000
878400.000
893600.000
904400.000
1108400.000
1229200.000
1014800.000
1078800.000
1150000.000
1168400.000
1244000.000
1290400.000
1249600.000
1262400.000
1317200.000
1320000.000
1302400.000
1224000.000
1207600.000
1241200.000
1240800.000
1179600.000
1232000.000
1194800.000
1238000.000
1130000.000
1119200.000
1090800.000
1148000.000
1121200.000
1114400.000
1154400.000
1084400.000
1076000.000
1048400.000
1046400.000
1083600.000
1014000.000
1019200.000
961200.000
961200.000
986800.000
992000.000
932800.000
958400.000
960000.000
992800.000
927600.000
937600.000
920800.000
916800.000
870400.000
938000.000
911600.000
930400.000
898400.000
970000.000
926000.000
924000.000
904800.000
914400.000
949200.000
982800.000
967200.000
1012400.000
1015600.000
1036400.000
1038000.000
1053600.000
916000.000
878800.000
745600.000
722400.000
719600.000
524400.000
406400.000
359200.000
313200.000
303600.000
277200.000
396000.000
608000.000
964800.000
1284000.000
1459200.000
1568400.000
1818400.000
2333600.000
2890800.000
2822400.000
3007600.000
3197600.000
3493200.000
3688800.000
3849600.000
3784800.000
544800.000
559600.000
560800.000
554400.000
594800.000
558000.000
593200.000
616400.000
600800.000
627600.000
620000.000
648800.000
666800.000
667200.000
627200.000
582400.000
587600.000
579200.000
545600.000
526000.000
528800.000
484400.000
475200.000
453200.000
432800.000
441600.000
424000.000
424800.000
447200.000
398000.000
399200.000
408400.000
399200.000
417200.000
387600.000
393200.000
387200.000
398800.000
386400.000
388000.000
386000.000
379200.000
374800.000
370000.000
382400.000
380800.000
383600.000
384400.000
362000.000
375600.000
363200.000
378800.000
370000.000
361600.000
361200.000
382400.000
381200.000
387600.000
364800.000
355200.000
370400.000
359200.000
387200.000
374000.000
360000.000
373200.000
367200.000
372000.000
335600.000
341600.000
361200.000
335200.000
359600.000
365200.000
358000.000
348800.000
324800.000
349600.000
339200.000
338800.000
346400.000
360400.000
354800.000
372000.000
377200.000
380400.000
381200.000
372400.000
382000.000
398000.000
373600.000
362800.000
379200.000
401600.000
420800.000
481200.000
425600.000
419600.000
408000.000
366000.000
366400.000
364800.000
404800.000
546400.000
743600.000
789600.000
920400.000
873200.000
885200.000
1054000.000
1179200.000
1127200.000
1122800.000
1232400.000
1254800.000
1354800.000
1372800.000
1408000.000
1388800.000
1409600.000
1366000.000
1346800.000
1304400.000
1345200.000
1246400.000
1231600.000
1242000.000
1225600.000
1180800.000
1210400.000
1154400.000
1188800.000
1136800.000
1154800.000
1108400.000
1139200.000
1119200.000
1113200.000
1068400.000
1053600.000
1025200.000
980000.000
999600.000
958400.000
968000.000
947200.000
945200.000
958400.000
948800.000
964800.000
904000.000
928800.000
926800.000
963600.000
918800.000
904800.000
894800.000
924400.000
876400.000
887200.000
899200.000
890000.000
856400.000
888800.000
851600.000
935600.000
930400.000
956000.000
959200.000
950400.000
968400.000
1023600.000
1071600.000
1052400.000
1014800.000
979200.000
814400.000
765600.000
714800.000
632000.000
452400.000
415200.000
332000.000
316800.000
288400.000
272400.000
489200.000
662000.000
1062400.000
1326800.000
1597200.000
1761200.000
2114800.000
2728800.000
3200000.000
3093200.000
3251200.000
3496000.000
3688800.000
3780400.000
3858400.000
540000.000
524800.000
531600.000
530400.000
562400.000
567600.000
542400.000
598400.000
596000.000
597200.000
609200.000
642400.000
673200.000
627600.000
616000.000
612800.000
612400.000
585200.000
542000.000
515200.000
494400.000
493600.000
461600.000
448400.000
439600.000
426000.000
423600.000
415600.000
416800.000
396000.000
406800.000
386000.000
388800.000
390400.000
394000.000
398800.000
404000.000
396000.000
391600.000
410000.000
363600.000
396400.000
375200.000
380400.000
378800.000
375200.000
387600.000
396800.000
380400.000
376000.000
383600.000
370000.000
366400.000
382800.000
378000.000
389600.000
383600.000
370400.000
391600.000
376800.000
369600.000
360800.000
338000.000
357200.000
365600.000
352400.000
345200.000
361600.000
345600.000
354400.000
334800.000
338800.000
345600.000
350400.000
355200.000
332800.000
323600.000
330000.000
353200.000
350400.000
355200.000
354800.000
356000.000
342000.000
356800.000
350000.000
353200.000
366000.000
369600.000
383200.000
387600.000
410400.000
396800.000
414000.000
440800.000
423600.000
380800.000
354400.000
354800.000
331200.000
337600.000
370400.000
434000.000
590800.000
760800.000
825200.000
856000.000
848000.000
873200.000
1134800.000
1186000.000
1218000.000
1240400.000
1276800.000
1365200.000
1426400.000
1483200.000
1428400.000
1391600.000
1442800.000
1408000.000
1364400.000
1384400.000
1376800.000
1351200.000
1318800.000
1272400.000
1262000.000
1214800.000
1192400.000
1201200.000
1164800.000
1168800.000
1198400.000
1144000.000
1118400.000
1101600.000
1065200.000
1037600.000
1018400.000
968400.000
940000.000
960800.000
911200.000
933600.000
918000.000
941200.000
937200.000
937200.000
934800.000
931200.000
901200.000
898400.000
921600.000
909600.000
904400.000
902800.000
859600.000
895600.000
829200.000
862000.000
872400.000
872400.000
867600.000
872400.000
885200.000
913600.000
949200.000
950800.000
967600.000
978800.000
1024800.000
1056400.000
1061600.000
1051200.000
1004000.000
871600.000
842000.000
741200.000
635600.000
464800.000
382800.000
356800.000
318000.000
289200.000
246000.000
365600.000
530000.000
892000.000
1245600.000
1532800.000
1772400.000
2049200.000
2541600.000
3124800.000
3222000.000
3297200.000
3500000.000
3743200.000
3800400.000
3915200.000
502000.000
513200.000
511600.000
536400.000
532800.000
554400.000
556000.000
574800.000
582400.000
602400.000
608800.000
642400.000
648800.000
619600.000
574800.000
569600.000
594000.000
582800.000
535200.000
498800.000
492800.000
471200.000
473200.000
476800.000
452000.000
452000.000
418000.000
414400.000
426000.000
430400.000
415200.000
401600.000
384000.000
378400.000
411200.000
395200.000
393600.000
406000.000
385600.000
397200.000
376000.000
396000.000
378000.000
382400.000
379200.000
367200.000
369200.000
382000.000
369600.000
361600.000
385600.000
380800.000
379600.000
372400.000
355600.000
390000.000
388400.000
362400.000
364400.000
359200.000
374400.000
391600.000
346400.000
374800.000
362800.000
358800.000
363200.000
345600.000
354800.000
345600.000
348800.000
360000.000
348800.000
319600.000
315600.000
337600.000
340400.000
346400.000
350000.000
327600.000
322800.000
328400.000
362400.000
320000.000
336400.000
350800.000
378000.000
402800.000
415600.000
422800.000
394400.000
396400.000
405600.000
418000.000
394400.000
390000.000
360000.000
344400.000
351600.000
317200.000
372000.000
386000.000
406000.000
552400.000
648400.000
773600.000
812000.000
854400.000
896800.000
1010800.000
1138400.000
1270400.000
1291600.000
1386400.000
1471600.000
1495200.000
1472400.000
1453200.000
1514000.000
1489600.000
1473200.000
1427600.000
1355600.000
1337200.000
1348400.000
1357200.000
1347600.000
1318400.000
1324000.000
1226800.000
1196800.000
1199200.000
1173600.000
1166400.000
1129200.000
1114800.000
1074800.000
1062800.000
1050000.000
1016000.000
980000.000
976400.000
964800.000
939600.000
909200.000
905600.000
887200.000
904400.000
901200.000
916000.000
914800.000
902400.000
894000.000
961200.000
894800.000
886800.000
876800.000
868000.000
850400.000
820000.000
810400.000
844800.000
907600.000
855200.000
914400.000
910000.000
929200.000
931600.000
931200.000
973600.000
997200.000
1032800.000
1095600.000
1104800.000
1054800.000
972800.000
886400.000
838400.000
757200.000
714400.000
525200.000
410400.000
370400.000
338000.000
310800.000
278000.000
268000.000
457600.000
718000.000
1130000.000
1387200.000
1781600.000
1961200.000
2290400.000
2873600.000
3246000.000
3298000.000
3526400.000
3758000.000
3829200.000
3946400.000
495600.000
518400.000
489200.000
523200.000
500400.000
539600.000
518000.000
554400.000
567200.000
577200.000
580000.000
643600.000
582400.000
620400.000
567200.000
550400.000
584400.000
562800.000
487200.000
475200.000
482000.000
452400.000
452000.000
439200.000
450400.000
409600.000
395200.000
426800.000
417200.000
428800.000
402000.000
418000.000
398400.000
403200.000
399600.000
398800.000
384000.000
391600.000
395600.000
380000.000
382400.000
404400.000
382000.000
370000.000
370800.000
366000.000
402000.000
373200.000
367600.000
377200.000
383600.000
374800.000
368800.000
380400.000
352800.000
359600.000
385600.000
369600.000
375200.000
390000.000
363200.000
367600.000
367200.000
378800.000
364400.000
354800.000
346800.000
340400.000
372000.000
329200.000
346000.000
328000.000
349200.000
301600.000
298800.000
322400.000
341600.000
329200.000
304400.000
312800.000
308400.000
342800.000
312800.000
306800.000
340000.000
355200.000
386400.000
394400.000
415200.000
381600.000
347600.000
372400.000
359600.000
380000.000
368800.000
354400.000
345200.000
338000.000
379200.000
390400.000
326400.000
333600.000
431600.000
531200.000
625200.000
680000.000
746000.000
864400.000
968800.000
1065200.000
1218400.000
1297600.000
1427200.000
1422400.000
1499600.000
1552400.000
1550400.000
1546000.000
1529600.000
1511200.000
1462800.000
1373600.000
1374000.000
1349200.000
1429600.000
1424400.000
1354800.000
1348800.000
1302400.000
1279600.000
1194400.000
1179600.000
1184000.000
1108400.000
1114800.000
1096800.000
1098000.000
1047600.000
1031200.000
1019600.000
926000.000
936000.000
908400.000
906800.000
887200.000
900800.000
874000.000
906000.000
866000.000
879600.000
867600.000
890400.000
913200.000
888000.000
909600.000
885600.000
867200.000
868800.000
892000.000
898400.000
822000.000
885600.000
908400.000
904400.000
916000.000
895200.000
956000.000
942000.000
970400.000
1011200.000
1048400.000
1087600.000
1114400.000
1096800.000
1074000.000
1022400.000
916400.000
895600.000
812800.000
749200.000
533600.000
461200.000
382400.000
338800.000
301200.000
264400.000
234400.000
358400.000
585200.000
898800.000
1320000.000
1665600.000
1959200.000
2260400.000
2677200.000
3196400.000
3336800.000
3495600.000
3688000.000
3794000.000
3922800.000
499600.000
506000.000
505600.000
503200.000
514400.000
512800.000
542000.000
552400.000
564800.000
574400.000
592400.000
597200.000
585200.000
584400.000
542000.000
537600.000
514400.000
510800.000
478000.000
482800.000
474400.000
437200.000
445600.000
436400.000
434000.000
428000.000
419200.000
432400.000
383200.000
395600.000
402400.000
384800.000
371600.000
398800.000
398800.000
395200.000
387600.000
400000.000
380800.000
378000.000
378400.000
362000.000
384000.000
407200.000
380800.000
369200.000
388800.000
378400.000
386800.000
418400.000
374800.000
363200.000
379200.000
392000.000
384000.000
394000.000
362400.000
370800.000
369200.000
345600.000
350800.000
361200.000
359600.000
342800.000
361600.000
355200.000
368400.000
344400.000
317600.000
327600.000
354400.000
332000.000
324000.000
334400.000
352400.000
326800.000
320400.000
292000.000
312000.000
302400.000
315600.000
330400.000
302800.000
314000.000
362400.000
346400.000
426800.000
410800.000
404000.000
386800.000
341600.000
335200.000
344400.000
339200.000
364000.000
352800.000
320400.000
369200.000
354800.000
318000.000
286800.000
323600.000
411200.000
470400.000
581600.000
662800.000
724400.000
871600.000
1027200.000
1115200.000
1231600.000
1434000.000
1512000.000
1562000.000
1628400.000
1642400.000
1632800.000
1618400.000
1523200.000
1488400.000
1519200.000
1463600.000
1392000.000
1375600.000
1374400.000
1385600.000
1329200.000
1310400.000
1278400.000
1271200.000
1270000.000
1211600.000
1108800.000
1101200.000
1152400.000
1055600.000
1056400.000
1033600.000
971200.000
982000.000
960000.000
912400.000
982000.000
917600.000
928000.000
860400.000
910000.000
900400.000
907200.000
879600.000
881200.000
876400.000
886000.000
869200.000
904000.000
854000.000
894000.000
876800.000
911600.000
933600.000
898400.000
901600.000
878400.000
926400.000
917600.000
968400.000
942000.000
973200.000
981200.000
1018400.000
1033200.000
1107200.000
1122400.000
1111200.000
1085200.000
1084800.000
966400.000
863200.000
815600.000
754400.000
649200.000
462400.000
390400.000
358800.000
273200.000
256800.000
226800.000
254800.000
440400.000
680400.000
1141600.000
1534800.000
1866000.000
2143600.000
2466400.000
2974000.000
3279600.000
3461200.000
3580400.000
3743200.000
3863200.000
491600.000
477200.000
477200.000
468000.000
514800.000
507200.000
505600.000
529200.000
539200.000
557600.000
540000.000
558000.000
573200.000
562800.000
536000.000
476000.000
491200.000
472800.000
478400.000
463600.000
448000.000
431600.000
437200.000
438400.000
432400.000
413200.000
418000.000
398400.000
397600.000
387200.000
398800.000
380000.000
376000.000
381200.000
396800.000
364800.000
368800.000
375200.000
388800.000
390400.000
383200.000
384400.000
403600.000
366000.000
372400.000
368000.000
372800.000
377600.000
384800.000
354400.000
398400.000
384400.000
347600.000
345600.000
358000.000
369600.000
366000.000
365200.000
371200.000
359200.000
341200.000
346800.000
343600.000
326400.000
334800.000
350000.000
341600.000
325200.000
322800.000
341200.000
338000.000
334000.000
331600.000
322000.000
327200.000
324800.000
306400.000
309600.000
273200.000
298800.000
302800.000
298800.000
282000.000
318000.000
327200.000
384000.000
372800.000
395200.000
345600.000
327600.000
310800.000
331600.000
315600.000
360800.000
340400.000
334400.000
274800.000
291600.000
260400.000
278400.000
271600.000
310400.000
412800.000
455200.000
562800.000
621200.000
780000.000
1010800.000
1181600.000
1329600.000
1431600.000
1606400.000
1716400.000
1777600.000
1840400.000
1722400.000
1696400.000
1639200.000
1665600.000
1596400.000
1526000.000
1534000.000
1463600.000
1405600.000
1393600.000
1400400.000
1392400.000
1333600.000
1306000.000
1252000.000
1192000.000
1211600.000
1184800.000
1243200.000
1126400.000
1125600.000
1067600.000
1056000.000
996800.000
988800.000
969600.000
926000.000
936000.000
933600.000
950000.000
944400.000
923600.000
906000.000
895200.000
920000.000
908000.000
894400.000
891600.000
904400.000
918800.000
920000.000
908000.000
897200.000
918800.000
902000.000
928800.000
926400.000
923600.000
915600.000
942400.000
952000.000
958000.000
983600.000
974400.000
1014000.000
1059200.000
1067600.000
1138800.000
1105600.000
1090800.000
1125600.000
1057200.000
913200.000
795600.000
774800.000
691600.000
519600.000
426000.000
367600.000
314400.000
279600.000
222000.000
236000.000
303600.000
504000.000
878400.000
1379200.000
1769200.000
2100000.000
2396400.000
2733200.000
3194000.000
3280000.000
3436800.000
3755200.000
3823600.000
475600.000
454800.000
482800.000
476400.000
479600.000
494800.000
508000.000
506800.000
532400.000
531600.000
531200.000
534000.000
520000.000
576400.000
510800.000
473200.000
487600.000
480000.000
470800.000
440000.000
452000.000
426800.000
430800.000
434000.000
414000.000
410800.000
408800.000
416800.000
404800.000
391200.000
398800.000
383200.000
388000.000
390000.000
395600.000
384800.000
390000.000
387600.000
378400.000
368400.000
373600.000
381600.000
375200.000
368000.000
374800.000
358800.000
358400.000
365600.000
386400.000
367200.000
360400.000
393200.000
361600.000
379200.000
365600.000
394800.000
340400.000
385600.000
351200.000
363200.000
355200.000
330000.000
377200.000
348000.000
340800.000
362000.000
338800.000
345600.000
347200.000
317600.000
302400.000
322000.000
308000.000
318400.000
290400.000
309600.000
295200.000
295600.000
283200.000
295200.000
318400.000
310800.000
315200.000
310000.000
322400.000
349600.000
353200.000
348400.000
323600.000
319200.000
355200.000
407600.000
404400.000
311600.000
286800.000
252400.000
256000.000
262400.000
256000.000
255600.000
271600.000
317200.000
380800.000
506000.000
601200.000
732800.000
830400.000
1120000.000
1201600.000
1353200.000
1512800.000
1626800.000
1655600.000
1667600.000
1835200.000
1877200.000
1794400.000
1607200.000
1565600.000
1468400.000
1430400.000
1412400.000
1439600.000
1409600.000
1400800.000
1367600.000
1304400.000
1264800.000
1218000.000
1218400.000
1236000.000
1197600.000
1121200.000
1162400.000
1095600.000
1086800.000
1061200.000
1036400.000
1000400.000
994000.000
992400.000
951200.000
916400.000
939200.000
971600.000
919600.000
900800.000
944800.000
953200.000
971200.000
948800.000
945600.000
911600.000
965600.000
909200.000
913200.000
882000.000
928800.000
910400.000
932800.000
862400.000
945200.000
925200.000
927600.000
953200.000
927200.000
991200.000
991200.000
1028800.000
1049200.000
1053600.000
1111600.000
1102400.000
1107600.000
1106400.000
1114400.000
1058000.000
929200.000
787200.000
790800.000
726400.000
609200.000
445200.000
396800.000
335600.000
264400.000
230800.000
210000.000
259200.000
439200.000
673200.000
1204800.000
1628000.000
1960000.000
2256400.000
2557600.000
3034400.000
3243600.000
3388400.000
3615200.000
3936800.000
434400.000
431200.000
450400.000
448800.000
442400.000
486000.000
483200.000
480800.000
494800.000
494000.000
525600.000
515200.000
513200.000
483600.000
500800.000
499200.000
458800.000
470400.000
442000.000
472800.000
449200.000
432800.000
425200.000
425600.000
405200.000
400400.000
400400.000
372800.000
403600.000
407600.000
398000.000
392000.000
379600.000
366000.000
388800.000
401600.000
385600.000
405200.000
381200.000
362400.000
373600.000
388800.000
377600.000
383600.000
367200.000
388400.000
368400.000
352400.000
344400.000
393200.000
372400.000
355600.000
347200.000
346800.000
358000.000
361600.000
394000.000
386400.000
343600.000
349200.000
361600.000
346400.000
366400.000
326800.000
359200.000
334400.000
329200.000
306000.000
319200.000
312800.000
308800.000
326000.000
293600.000
286400.000
309200.000
318000.000
299600.000
284800.000
282400.000
299200.000
298000.000
318000.000
321600.000
297200.000
303200.000
327200.000
337200.000
315600.000
312800.000
302400.000
339200.000
307200.000
250000.000
238800.000
259200.000
261200.000
244400.000
255200.000
256400.000
288400.000
290800.000
341600.000
462800.000
581600.000
768800.000
961200.000
1050000.000
1192800.000
1386000.000
1430400.000
1568400.000
1653200.000
1804400.000
1802000.000
1858000.000
1955200.000
1837600.000
1688000.000
1514800.000
1384000.000
1311200.000
1327200.000
1329600.000
1212000.000
1218000.000
1263200.000
1204400.000
1206400.000
1149600.000
1170000.000
1195600.000
1114800.000
1106400.000
1096000.000
1052800.000
1029200.000
1074000.000
1040000.000
997600.000
1035600.000
1015600.000
1032800.000
975600.000
964800.000
931200.000
925200.000
948400.000
971600.000
968800.000
996800.000
950800.000
921200.000
959200.000
930000.000
955200.000
940800.000
940000.000
935600.000
924000.000
943600.000
921200.000
953200.000
916400.000
958800.000
954800.000
1002000.000
992400.000
1011600.000
1020800.000
1055600.000
1072800.000
1089200.000
1096400.000
1115200.000
1132000.000
1141600.000
1065200.000
988400.000
884800.000
812400.000
733600.000
679600.000
466000.000
410400.000
386000.000
293200.000
251200.000
216000.000
252400.000
301200.000
466400.000
934400.000
1305600.000
1782000.000
2027600.000
2316800.000
2658000.000
3146800.000
3327600.000
3599200.000
3865200.000
433200.000
457200.000
449200.000
457600.000
457600.000
455600.000
444400.000
496000.000
476400.000
468400.000
475200.000
458400.000
464800.000
465200.000
448400.000
474000.000
462800.000
422000.000
422000.000
447600.000
416000.000
413200.000
412800.000
401600.000
403600.000
408000.000
418000.000
419200.000
417600.000
400800.000
395600.000
404000.000
391200.000
403600.000
403600.000
360000.000
382800.000
372400.000
396400.000
398000.000
370400.000
390400.000
388000.000
372800.000
395600.000
347200.000
384800.000
374000.000
369200.000
376800.000
349600.000
391200.000
377600.000
353600.000
360800.000
363200.000
354400.000
357200.000
359600.000
340800.000
351600.000
342400.000
322400.000
341200.000
310800.000
321200.000
313200.000
315200.000
303200.000
311600.000
287600.000
290400.000
266400.000
286800.000
292800.000
289200.000
286400.000
299600.000
303600.000
302800.000
288400.000
291200.000
284800.000
269200.000
276000.000
281600.000
297200.000
300400.000
302000.000
286400.000
229200.000
202000.000
233600.000
257600.000
235200.000
252800.000
238000.000
279200.000
265200.000
290400.000
357600.000
450400.000
558400.000
808000.000
956000.000
1142800.000
1243600.000
1338000.000
1420800.000
1559200.000
1659600.000
1805200.000
1937200.000
2026000.000
1954000.000
1751600.000
1704000.000
1672400.000
1525200.000
1405600.000
1310400.000
1340400.000
1201600.000
1166000.000
1172000.000
1128000.000
1086400.000
1097600.000
1090400.000
1116800.000
1082000.000
1058000.000
1105600.000
1054000.000
1083200.000
1004400.000
1050400.000
1025600.000
986000.000
971200.000
984400.000
1021600.000
985600.000
950000.000
953600.000
939600.000
960800.000
953600.000
936400.000
933200.000
933200.000
987600.000
952000.000
930000.000
936000.000
924400.000
936800.000
903600.000
933200.000
945600.000
921200.000
943200.000
919200.000
920000.000
960800.000
987200.000
990000.000
1043200.000
1049200.000
1050400.000
1049600.000
1098800.000
1175200.000
1172000.000
1150800.000
1114400.000
1135200.000
1012000.000
933200.000
836000.000
709600.000
714800.000
505600.000
438800.000
366800.000
320800.000
270000.000
211200.000
218400.000
269200.000
376000.000
662400.000
1101600.000
1542400.000
1866000.000
2022400.000
2227600.000
2822800.000
3289200.000
3559200.000
3654800.000
440000.000
438800.000
455600.000
440000.000
440800.000
484000.000
466000.000
448000.000
439600.000
459600.000
451200.000
466800.000
434800.000
423200.000
445200.000
425600.000
459200.000
455200.000
396000.000
436400.000
422000.000
400800.000
413200.000
406800.000
418000.000
402000.000
401200.000
405600.000
412800.000
401200.000
416800.000
405200.000
398000.000
374800.000
383200.000
387200.000
371600.000
377600.000
398400.000
405600.000
380800.000
375600.000
377200.000
383200.000
378800.000
363600.000
398800.000
378800.000
378000.000
352400.000
356800.000
378800.000
365200.000
362400.000
343200.000
356000.000
366000.000
352800.000
362800.000
340800.000
321600.000
333600.000
320800.000
311200.000
313600.000
327200.000
283200.000
310400.000
298000.000
289600.000
301200.000
297200.000
269600.000
286400.000
300000.000
287600.000
300400.000
292400.000
276000.000
293600.000
310000.000
273600.000
282800.000
269200.000
297600.000
308800.000
302000.000
282800.000
249200.000
212400.000
216400.000
200800.000
219600.000
244000.000
241600.000
265600.000
259600.000
283600.000
330000.000
382800.000
466800.000
634400.000
821200.000
1068800.000
1249200.000
1360000.000
1422800.000
1537600.000
1606800.000
1716000.000
1792400.000
1940000.000
2113200.000
2065200.000
1912800.000
1754800.000
1600400.000
1520800.000
1600400.000
1474000.000
1387200.000
1209600.000
1153600.000
1142400.000
1087200.000
1022800.000
993200.000
1062000.000
1081600.000
1007200.000
1010000.000
1017600.000
1010400.000
990800.000
1018400.000
1030400.000
1010400.000
1049200.000
982400.000
998400.000
1018800.000
1027600.000
978400.000
987200.000
1008800.000
974000.000
979200.000
988400.000
959200.000
956400.000
962400.000
975200.000
922400.000
938000.000
948800.000
959600.000
937600.000
948400.000
957200.000
934000.000
944800.000
957600.000
930000.000
936800.000
951600.000
948400.000
1013200.000
1042800.000
1057600.000
1078400.000
1120400.000
1083600.000
1126400.000
1157600.000
1182000.000
1151200.000
1165600.000
1126400.000
997200.000
916000.000
836000.000
733600.000
600000.000
467600.000
395200.000
322000.000
283600.000
233200.000
208400.000
209200.000
292000.000
465200.000
799600.000
1307600.000
1589200.000
1852400.000
2118000.000
2609600.000
3162400.000
3588400.000
3693600.000
436800.000
426400.000
408400.000
458800.000
420400.000
427200.000
435600.000
447200.000
455600.000
434800.000
446800.000
460000.000
439600.000
434400.000
430000.000
423600.000
461200.000
449200.000
436000.000
402800.000
405600.000
417200.000
399600.000
407600.000
386400.000
423600.000
396800.000
379200.000
399200.000
398400.000
390400.000
400000.000
390400.000
399200.000
382400.000
396400.000
368400.000
392400.000
400800.000
403200.000
379200.000
374000.000
365600.000
380400.000
363200.000
370000.000
378000.000
360800.000
388800.000
362000.000
372000.000
348800.000
361600.000
357600.000
371600.000
359200.000
357600.000
347600.000
333600.000
339200.000
330800.000
312400.000
314800.000
305600.000
318000.000
307600.000
295200.000
314400.000
293200.000
289600.000
285200.000
289600.000
264000.000
267200.000
304800.000
298000.000
292800.000
308400.000
327200.000
342800.000
305600.000
317600.000
296400.000
258000.000
294400.000
279600.000
247600.000
256800.000
229200.000
226400.000
222800.000
224400.000
242400.000
251600.000
276000.000
302800.000
331200.000
361600.000
404400.000
512400.000
670000.000
845600.000
1068000.000
1283200.000
1382000.000
1443200.000
1508000.000
1562000.000
1807200.000
2032000.000
2086400.000
2103200.000
2079600.000
1901200.000
1773200.000
1714400.000
1550800.000
1395200.000
1321600.000
1310000.000
1160400.000
1078800.000
1074000.000
1022000.000
948800.000
920000.000
935200.000
977200.000
1034800.000
969600.000
904000.000
976000.000
959600.000
1013200.000
994400.000
1014000.000
988400.000
1023600.000
1000400.000
959200.000
1024000.000
986800.000
1003600.000
958400.000
1030800.000
1012800.000
1005600.000
970400.000
963200.000
946400.000
974000.000
982800.000
986000.000
984400.000
942400.000
960400.000
927200.000
925600.000
934000.000
900800.000
936400.000
951600.000
976400.000
962000.000
954400.000
976000.000
1010800.000
1036400.000
1056800.000
1055600.000
1118400.000
1136000.000
1125200.000
1162400.000
1140800.000
1161600.000
1146800.000
1141600.000
1042400.000
954800.000
801200.000
740800.000
582800.000
469600.000
396400.000
342400.000
290400.000
258400.000
197600.000
206000.000
248400.000
406000.000
632400.000
1043200.000
1409200.000
1775200.000
2008000.000
2380000.000
2827200.000
3343600.000
3634800.000
451600.000
432400.000
422400.000
436000.000
430800.000
412400.000
422000.000
421200.000
418400.000
424800.000
438000.000
435600.000
435200.000
440000.000
444800.000
422400.000
437600.000
407600.000
428000.000
397200.000
416000.000
401600.000
408800.000
409200.000
392400.000
416000.000
399200.000
412000.000
388400.000
384400.000
412400.000
388000.000
395200.000
391600.000
376000.000
390400.000
378400.000
362800.000
389600.000
375600.000
362400.000
385200.000
365600.000
378800.000
374000.000
384000.000
376800.000
380800.000
373600.000
379600.000
383200.000
354000.000
343600.000
351200.000
353200.000
332000.000
330000.000
342000.000
339200.000
332000.000
314000.000
313200.000
292400.000
294000.000
297600.000
286800.000
281200.000
308800.000
285600.000
278000.000
275200.000
296400.000
274800.000
288400.000
297200.000
296400.000
323200.000
340800.000
344000.000
386800.000
383200.000
366400.000
306400.000
266800.000
274400.000
238800.000
250400.000
242000.000
220400.000
216400.000
199200.000
214000.000
233200.000
289600.000
330000.000
372800.000
469200.000
519600.000
601600.000
747200.000
927200.000
1106800.000
1322400.000
1530800.000
1602000.000
1681600.000
1776800.000
1842400.000
2061200.000
2178800.000
2001600.000
1988000.000
1902400.000
1841600.000
1682800.000
1508400.000
1573600.000
1364800.000
1058000.000
914800.000
876400.000
806800.000
776000.000
747200.000
732000.000
706000.000
729600.000
730800.000
772000.000
788000.000
813200.000
832000.000
856400.000
950800.000
932800.000
959600.000
975200.000
955200.000
971200.000
966400.000
952000.000
986800.000
995600.000
1004400.000
1006400.000
1010800.000
972400.000
990800.000
1013600.000
980800.000
992000.000
964000.000
1000400.000
999200.000
963200.000
968000.000
975600.000
980800.000
934800.000
963200.000
924400.000
958400.000
939600.000
981600.000
964400.000
972000.000
1033600.000
1053200.000
1072400.000
1099200.000
1123200.000
1130000.000
1141200.000
1168800.000
1162800.000
1165200.000
1194400.000
1097600.000
1038000.000
923200.000
844800.000
772800.000
609600.000
479200.000
397200.000
380000.000
291200.000
294400.000
194400.000
188000.000
187600.000
293200.000
470400.000
796000.000
1202400.000
1534400.000
1861200.000
2215200.000
2582400.000
3162000.000
3449200.000
431600.000
446800.000
437200.000
423600.000
424400.000
420800.000
395200.000
409200.000
426000.000
399600.000
424000.000
438000.000
412400.000
402800.000
415200.000
425200.000
434800.000
421200.000
414800.000
409200.000
414800.000
410400.000
454800.000
400000.000
396400.000
420000.000
414000.000
380000.000
393600.000
384800.000
388400.000
385600.000
396000.000
358000.000
374000.000
376800.000
379200.000
386800.000
385600.000
396800.000
367200.000
346400.000
361600.000
366800.000
387200.000
366000.000
373600.000
375200.000
366800.000
358800.000
357200.000
344800.000
348800.000
364800.000
334800.000
349600.000
348000.000
320400.000
323200.000
326000.000
314000.000
306800.000
310400.000
297600.000
286400.000
266000.000
282800.000
269600.000
292400.000
292400.000
275200.000
284000.000
266800.000
292000.000
298800.000
300400.000
339600.000
359600.000
394400.000
423200.000
458000.000
425200.000
384400.000
326800.000
300000.000
256400.000
260000.000
232000.000
216400.000
212000.000
213600.000
228400.000
262400.000
316800.000
364800.000
456400.000
602000.000
737600.000
824000.000
984000.000
1181600.000
1394400.000
1449200.000
1599200.000
1725600.000
1937200.000
2031200.000
1946000.000
1985200.000
2019600.000
2008800.000
1901200.000
1772800.000
1682400.000
1514000.000
1400400.000
1407200.000
1301600.000
1062400.000
875600.000
791200.000
720400.000
667600.000
649600.000
588800.000
573600.000
633600.000
640400.000
604000.000
671200.000
698400.000
784400.000
831600.000
846000.000
868400.000
905600.000
938000.000
919600.000
972800.000
958400.000
969200.000
1011600.000
993600.000
949200.000
978000.000
1002400.000
990800.000
968800.000
1014800.000
994000.000
944400.000
1002800.000
974800.000
974400.000
962800.000
961200.000
946800.000
947600.000
952800.000
947600.000
948000.000
974000.000
915600.000
960000.000
969600.000
1005600.000
1048400.000
1051200.000
1063600.000
1130800.000
1159200.000
1149600.000
1150800.000
1194400.000
1175200.000
1186400.000
1152000.000
1188000.000
1042000.000
920800.000
785200.000
722000.000
649600.000
456400.000
354400.000
332000.000
310400.000
254400.000
206000.000
176000.000
152800.000
197200.000
326800.000
561600.000
898000.000
1313200.000
1659600.000
2072400.000
2277200.000
2635600.000
3196000.000
430400.000
421200.000
434400.000
406800.000
426000.000
418800.000
405600.000
434800.000
446800.000
427200.000
426000.000
420800.000
446800.000
411200.000
401200.000
418800.000
436400.000
395600.000
430400.000
402800.000
419200.000
410400.000
399600.000
412400.000
409600.000
374800.000
410000.000
408400.000
386800.000
369600.000
411600.000
379200.000
378400.000
381200.000
383200.000
365200.000
374000.000
370400.000
383600.000
366000.000
374400.000
367600.000
376400.000
349600.000
396800.000
370000.000
390000.000
387600.000
384800.000
380800.000
372800.000
350000.000
351600.000
356800.000
344000.000
323600.000
336400.000
338000.000
325200.000
316400.000
311600.000
291600.000
296400.000
287200.000
303200.000
278800.000
305200.000
265600.000
274800.000
276400.000
298800.000
283600.000
296000.000
314000.000
331200.000
326400.000
434800.000
522000.000
607200.000
653200.000
621200.000
545200.000
510000.000
472400.000
418000.000
379200.000
300000.000
249200.000
262800.000
229200.000
224400.000
265600.000
299200.000
395600.000
530000.000
690400.000
861200.000
1032800.000
1160400.000
1342400.000
1438800.000
1600400.000
1775600.000
1874000.000
1952000.000
2116400.000
2122800.000
1980000.000
1844400.000
1799200.000
1788400.000
1707600.000
1617600.000
1532800.000
1462800.000
1323200.000
1186400.000
1184400.000
1049200.000
864800.000
690400.000
670000.000
574400.000
552800.000
518000.000
485200.000
498400.000
501600.000
502800.000
544000.000
528400.000
615200.000
723600.000
749600.000
856400.000
812400.000
870000.000
913600.000
944800.000
922000.000
976000.000
997200.000
954000.000
995200.000
1006800.000
944000.000
995600.000
999200.000
982400.000
1032400.000
994400.000
1051600.000
998400.000
1005200.000
1006400.000
982000.000
944800.000
941600.000
972000.000
990400.000
950800.000
998400.000
956800.000
972800.000
996400.000
1004400.000
1046800.000
1110000.000
1088800.000
1122000.000
1130400.000
1156800.000
1221200.000
1140400.000
1223200.000
1179200.000
1108400.000
1176400.000
974400.000
884000.000
741600.000
689200.000
683200.000
487600.000
363200.000
324000.000
279200.000
238800.000
195200.000
178800.000
151600.000
176400.000
220800.000
408400.000
609600.000
1015600.000
1392000.000
1801600.000
2071200.000
2393200.000
2667600.000
395600.000
424400.000
413200.000
405200.000
430000.000
428000.000
421200.000
416000.000
408000.000
420800.000
426800.000
428800.000
410000.000
408000.000
416000.000
430800.000
426000.000
422400.000
404000.000
424800.000
428000.000
406400.000
398800.000
412800.000
393600.000
412000.000
396400.000
387600.000
379600.000
358400.000
384000.000
402400.000
380000.000
372400.000
381200.000
360000.000
368400.000
373200.000
368800.000
357200.000
382800.000
365200.000
368400.000
353600.000
371200.000
361600.000
377600.000
369200.000
378800.000
338000.000
338800.000
372800.000
333200.000
339600.000
334000.000
336400.000
328800.000
320400.000
326000.000
315600.000
299600.000
283600.000
298400.000
280000.000
252000.000
281600.000
280800.000
287600.000
283600.000
306800.000
314800.000
310400.000
324000.000
354400.000
413600.000
479200.000
592400.000
733200.000
790400.000
831600.000
796000.000
704000.000
593200.000
565600.000
510800.000
475600.000
410000.000
367200.000
294400.000
300800.000
275600.000
290000.000
405600.000
553600.000
744000.000
952800.000
1117200.000
1272000.000
1390400.000
1527600.000
1705200.000
1969600.000
1991200.000
1995600.000
2028400.000
2076800.000
2044800.000
1945600.000
1851200.000
1586000.000
1621200.000
1648800.000
1519600.000
1379200.000
1243600.000
1090400.000
958800.000
966800.000
834400.000
686400.000
583600.000
510000.000
460400.000
414800.000
398800.000
380800.000
370000.000
377200.000
418400.000
415200.000
471200.000
481600.000
572800.000
606000.000
687600.000
706400.000
822000.000
818400.000
902800.000
868400.000
950400.000
935600.000
946400.000
966400.000
987200.000
954800.000
1009600.000
1024800.000
1004800.000
1021600.000
1014000.000
1030800.000
1018000.000
970000.000
1000400.000
977600.000
990800.000
972800.000
996000.000
956000.000
961200.000
1021600.000
1010800.000
997200.000
1046000.000
1032800.000
1053200.000
1102400.000
1067200.000
1117600.000
1117600.000
1148800.000
1204400.000
1209600.000
1161200.000
1228400.000
1155200.000
1109200.000
1024000.000
844000.000
669600.000
673200.000
660000.000
508800.000
352400.000
306400.000
276400.000
228800.000
204800.000
174400.000
144800.000
175600.000
184400.000
301200.000
504400.000
791200.000
1224800.000
1537600.000
1946400.000
2120800.000
2281600.000
428400.000
423200.000
423200.000
407200.000
414800.000
399600.000
416000.000
409600.000
429200.000
406400.000
396800.000
398000.000
418800.000
423200.000
428800.000
405200.000
407200.000
417200.000
398400.000
383200.000
412400.000
415600.000
385600.000
402400.000
386000.000
365600.000
384000.000
397200.000
382800.000
373600.000
385200.000
385200.000
383600.000
359200.000
382800.000
368400.000
369200.000
362400.000
366800.000
368800.000
358800.000
358800.000
353600.000
349600.000
342800.000
375600.000
393200.000
366000.000
342800.000
356800.000
366400.000
362800.000
362000.000
350400.000
325200.000
324000.000
297600.000
288400.000
314400.000
303200.000
276000.000
275200.000
268400.000
268000.000
292800.000
280000.000
309600.000
313200.000
324000.000
368800.000
377200.000
401600.000
395600.000
467600.000
580400.000
695200.000
913600.000
1080000.000
1092400.000
1083600.000
1049600.000
927600.000
832400.000
726800.000
698800.000
696400.000
580800.000
530000.000
422400.000
352400.000
334800.000
387600.000
555600.000
721600.000
954800.000
1256400.000
1421200.000
1620400.000
1716000.000
1842400.000
2000400.000
2121200.000
2219200.000
2105600.000
2033200.000
1985600.000
1908400.000
1734800.000
1696400.000
1558800.000
1446000.000
1456800.000
1338400.000
1189200.000
950400.000
812800.000
740000.000
673200.000
586400.000
513200.000
465200.000
376800.000
339200.000
325200.000
304400.000
271200.000
289200.000
313600.000
332400.000
364000.000
382000.000
407600.000
462800.000
504400.000
548000.000
659200.000
736400.000
778400.000
808000.000
870400.000
914000.000
935600.000
950800.000
943200.000
981200.000
972800.000
1036400.000
1008800.000
1032800.000
983600.000
1016400.000
1013200.000
996800.000
1045200.000
993600.000
996800.000
994800.000
977600.000
954000.000
986000.000
979200.000
993600.000
1021200.000
1007200.000
1017200.000
1053200.000
1073200.000
1110800.000
1119200.000
1155200.000
1190000.000
1173600.000
1169600.000
1203600.000
1171200.000
1139600.000
1112000.000
1047600.000
947600.000
831600.000
721200.000
605600.000
610800.000
537200.000
328800.000
278400.000
252000.000
224800.000
192400.000
154400.000
154000.000
130000.000
159200.000
190800.000
310000.000
552400.000
850800.000
1354000.000
1680800.000
1853200.000
1935200.000
413600.000
421600.000
387200.000
416800.000
408800.000
406400.000
408400.000
424800.000
397200.000
404400.000
416000.000
440400.000
423600.000
411200.000
417600.000
409600.000
412400.000
417200.000
392400.000
392400.000
394400.000
413200.000
394000.000
393600.000
388800.000
390800.000
400800.000
384400.000
377200.000
387600.000
376800.000
369200.000
388800.000
389200.000
372400.000
377200.000
362400.000
360400.000
365600.000
343600.000
355600.000
354000.000
346800.000
358800.000
373200.000
362400.000
370000.000
353600.000
352000.000
370400.000
346400.000
363600.000
326400.000
322800.000
314800.000
333600.000
312800.000
302000.000
285600.000
285200.000
287600.000
266000.000
280000.000
265600.000
253600.000
272400.000
284000.000
299200.000
404000.000
438000.000
443600.000
550800.000
601600.000
700000.000
812000.000
1020800.000
1203600.000
1322800.000
1305600.000
1224000.000
1194400.000
1200000.000
1161200.000
1041200.000
892800.000
822000.000
752800.000
673600.000
592400.000
532400.000
433200.000
480400.000
661200.000
968400.000
1267600.000
1427600.000
1568800.000
1815200.000
2012800.000
2047200.000
2154800.000
2231200.000
2191200.000
2141200.000
2013600.000
1881600.000
1772000.000
1644800.000
1536800.000
1528400.000
1308800.000
1260000.000
1059600.000
929200.000
865200.000
793200.000
675600.000
587600.000
488400.000
424000.000
376400.000
316800.000
289600.000
255600.000
212000.000
204000.000
212000.000
228000.000
238000.000
260400.000
305600.000
358800.000
382400.000
460800.000
522400.000
560400.000
700800.000
760000.000
838800.000
884400.000
922400.000
942800.000
954800.000
974400.000
1016400.000
1006000.000
989600.000
983200.000
1007600.000
999200.000
944800.000
976000.000
1007600.000
1015600.000
1008400.000
1015600.000
1023600.000
1002400.000
1000400.000
1004400.000
1049200.000
1015600.000
1045600.000
1058000.000
1037600.000
1073600.000
1122400.000
1122400.000
1150800.000
1161600.000
1158400.000
1179600.000
1173200.000
1146800.000
1150400.000
1128800.000
1099600.000
1012400.000
891600.000
740800.000
670800.000
590000.000
530800.000
484400.000
342000.000
294000.000
242800.000
222800.000
182400.000
170800.000
137600.000
134400.000
134800.000
165200.000
245600.000
407200.000
610800.000
1015200.000
1373200.000
1634000.000
1686000.000
421200.000
429200.000
405200.000
437600.000
414800.000
416800.000
422400.000
412800.000
411600.000
423600.000
415200.000
423200.000
411200.000
390400.000
418800.000
415200.000
396000.000
418800.000
439200.000
382000.000
402000.000
413200.000
406800.000
390400.000
378800.000
380000.000
402400.000
393600.000
409200.000
387200.000
381600.000
382400.000
380400.000
378800.000
369200.000
382800.000
377600.000
363600.000
375200.000
391200.000
341200.000
353200.000
381600.000
368000.000
345600.000
364400.000
342400.000
350000.000
362000.000
347600.000
354400.000
358400.000
316800.000
322800.000
300400.000
304000.000
308400.000
284400.000
281600.000
288800.000
267200.000
286000.000
274000.000
276400.000
269200.000
285200.000
326800.000
414400.000
498400.000
601200.000
698800.000
754000.000
870000.000
1063600.000
1242000.000
1359200.000
1462800.000
1606000.000
1542400.000
1465200.000
1500800.000
1641600.000
1638800.000
1403200.000
1158000.000
1064800.000
922400.000
923200.000
819600.000
718400.000
655600.000
691200.000
867200.000
1177600.000
1437600.000
1622400.000
1633200.000
1896000.000
2282400.000
2444800.000
2269200.000
2120400.000
2094400.000
2071600.000
1961200.000
1762000.000
1633200.000
1502800.000
1456800.000
1320000.000
1142400.000
992000.000
843200.000
794000.000
714800.000
615200.000
543600.000
496800.000
424800.000
349600.000
293200.000
260000.000
224400.000
184400.000
163200.000
152800.000
146800.000
156400.000
167600.000
184000.000
225600.000
252400.000
321200.000
372400.000
464800.000
504800.000
584000.000
667200.000
788000.000
832800.000
882400.000
896000.000
918400.000
952400.000
970800.000
1017200.000
997600.000
1011200.000
977600.000
986800.000
984400.000
1032000.000
1013200.000
1024800.000
1021200.000
1048400.000
1040000.000
1071200.000
1032800.000
1043600.000
1067200.000
1042800.000
1033600.000
1082800.000
1062800.000
1178800.000
1121600.000
1144000.000
1171600.000
1170400.000
1198800.000
1197200.000
1164800.000
1196000.000
1111600.000
1067600.000
1010400.000
910400.000
810400.000
702400.000
640800.000
586400.000
490400.000
385600.000
320400.000
273600.000
222800.000
209600.000
186800.000
146000.000
142800.000
121200.000
128800.000
146000.000
188800.000
271600.000
458000.000
781600.000
1079600.000
1317600.000
1355600.000
419600.000
423200.000
434800.000
400000.000
406000.000
399200.000
423600.000
417200.000
430400.000
458400.000
442800.000
445600.000
438400.000
445600.000
432400.000
438800.000
434000.000
446800.000
415200.000
418400.000
405200.000
430000.000
406400.000
414800.000
408000.000
407200.000
392400.000
404400.000
398400.000
407600.000
372400.000
382800.000
369200.000
363600.000
388400.000
369600.000
354000.000
345200.000
375600.000
371600.000
366800.000
350800.000
354000.000
374800.000
370800.000
368800.000
356800.000
346000.000
368400.000
341200.000
338400.000
338400.000
328000.000
330400.000
328800.000
333600.000
326400.000
295200.000
300400.000
270000.000
272400.000
258000.000
256800.000
269200.000
264800.000
302800.000
364000.000
526400.000
656000.000
766800.000
890000.000
1021600.000
1121200.000
1261600.000
1431600.000
1542000.000
1666400.000
1759200.000
1934800.000
1914000.000
1927600.000
1864800.000
1896800.000
1828400.000
1513200.000
1310800.000
1243600.000
1088400.000
983600.000
906800.000
869600.000
834000.000
1061600.000
1233600.000
1486000.000
1632000.000
1663600.000
1917600.000
2133600.000
2175200.000
2130800.000
1938800.000
1897600.000
2022800.000
1983200.000
1687200.000
1481600.000
1420400.000
1256800.000
1147200.000
934800.000
820800.000
751200.000
646000.000
605200.000
544000.000
456400.000
402400.000
357600.000
306400.000
259200.000
196000.000
168800.000
152000.000
163600.000
136400.000
126800.000
130000.000
123600.000
158400.000
181600.000
187600.000
267600.000
330000.000
382000.000
458800.000
534000.000
614000.000
746800.000
817600.000
850400.000
874400.000
922800.000
942800.000
1000400.000
1038800.000
1018000.000
1007200.000
1026000.000
1084800.000
1043600.000
998000.000
1031200.000
1051200.000
1039200.000
1026800.000
1064000.000
1029600.000
1055200.000
1061200.000
1037200.000
1092800.000
1052000.000
1079600.000
1117200.000
1136000.000
1135600.000
1124800.000
1161200.000
1195200.000
1198800.000
1182000.000
1220400.000
1181600.000
1089600.000
1046400.000
944000.000
834800.000
714800.000
654400.000
558800.000
556000.000
457600.000
368800.000
296400.000
261200.000
221200.000
181200.000
150400.000
157600.000
132400.000
122000.000
127200.000
133600.000
156400.000
198400.000
312800.000
525200.000
803200.000
1038000.000
1031200.000
413200.000
409600.000
420400.000
396800.000
394800.000
416800.000
413600.000
408000.000
422800.000
408400.000
455600.000
424000.000
426000.000
462000.000
451200.000
442400.000
447600.000
473600.000
418400.000
447600.000
427600.000
444400.000
416400.000
416800.000
393600.000
403200.000
407600.000
402400.000
375600.000
391200.000
364800.000
370400.000
371600.000
374000.000
366800.000
369600.000
364800.000
386000.000
358000.000
355600.000
340400.000
358400.000
350000.000
335600.000
335200.000
361600.000
348000.000
351200.000
393600.000
366800.000
356800.000
367200.000
363600.000
342400.000
352000.000
338800.000
334800.000
310000.000
280400.000
286400.000
278400.000
276000.000
262000.000
272000.000
306800.000
375200.000
498800.000
772400.000
916400.000
1053200.000
1121600.000
1277600.000
1337200.000
1410000.000
1529600.000
1694000.000
1851200.000
2077600.000
2136800.000
2161600.000
2124800.000
2140000.000
2096000.000
2051200.000
1924000.000
1779200.000
1536000.000
1396400.000
1285600.000
1145600.000
1041200.000
1017200.000
1170800.000
1415200.000
1605600.000
1626800.000
1726800.000
2003600.000
2080800.000
2038000.000
1966800.000
1957200.000
1710400.000
1852000.000
1740400.000
1499200.000
1396000.000
1256400.000
1140000.000
932800.000
803200.000
730000.000
614400.000
571600.000
470000.000
451200.000
389200.000
339200.000
304000.000
244800.000
202800.000
170800.000
147600.000
154800.000
114800.000
119200.000
104800.000
105600.000
114000.000
113600.000
120400.000
150800.000
192000.000
275200.000
328800.000
420000.000
466800.000
557600.000
624800.000
747200.000
834400.000
835600.000
886000.000
944400.000
1028000.000
1038800.000
1037600.000
1039600.000
1050000.000
1084000.000
1101200.000
1041600.000
1115200.000
1088000.000
1078400.000
1110000.000
1075200.000
1105200.000
1094000.000
1080800.000
1079600.000
1078400.000
1102400.000
1132800.000
1116800.000
1133200.000
1192400.000
1167600.000
1198800.000
1192000.000
1238000.000
1277600.000
1203200.000
1104800.000
1084800.000
976800.000
911200.000
804800.000
718800.000
648400.000
571200.000
498000.000
373600.000
343600.000
282800.000
216400.000
199200.000
172800.000
142800.000
160000.000
128800.000
123200.000
123600.000
123600.000
134800.000
171600.000
225200.000
382000.000
542800.000
819200.000
920800.000
395600.000
397600.000
390400.000
396400.000
395600.000
404400.000
377200.000
422800.000
401200.000
419200.000
438000.000
498000.000
457200.000
457200.000
456400.000
471600.000
436800.000
469200.000
445200.000
431600.000
431200.000
449200.000
432000.000
402400.000
374400.000
381200.000
356800.000
397200.000
394800.000
379600.000
377200.000
378800.000
368800.000
368400.000
372000.000
354000.000
357600.000
349600.000
347600.000
347600.000
320000.000
346000.000
349600.000
344400.000
370000.000
363200.000
356000.000
386000.000
383200.000
377200.000
401600.000
382000.000
396800.000
374400.000
377200.000
340000.000
304400.000
296800.000
278000.000
284000.000
305600.000
316000.000
314000.000
316800.000
331600.000
481200.000
692800.000
945200.000
1150400.000
1312000.000
1375600.000
1518800.000
1682800.000
1629600.000
1726000.000
1885200.000
2207600.000
2346400.000
2470800.000
2381600.000
2325600.000
2392400.000
2254400.000
2287200.000
2186000.000
2131200.000
1932000.000
1814000.000
1458400.000
1348000.000
1289200.000
1146800.000
1237200.000
1478000.000
1584000.000
1609200.000
1566000.000
1874000.000
2061600.000
1981200.000
1788000.000
1732400.000
1659200.000
1575600.000
1530800.000
1286000.000
1192000.000
1137600.000
889200.000
816000.000
697600.000
594800.000
517600.000
455200.000
373200.000
325200.000
282400.000
243600.000
206800.000
165200.000
147200.000
149600.000
120400.000
122800.000
107200.000
108800.000
104000.000
96000.000
113600.000
87200.000
109600.000
112800.000
144400.000
186800.000
254000.000
367600.000
439600.000
497200.000
555600.000
676400.000
757200.000
794400.000
913600.000
946000.000
942000.000
1006000.000
993600.000
1006800.000
1032000.000
1054400.000
1106000.000
1109200.000
1062400.000
1092400.000
1090800.000
1096400.000
1112400.000
1129200.000
1106400.000
1094000.000
1123600.000
1158000.000
1106800.000
1160000.000
1145200.000
1158400.000
1200000.000
1210000.000
1166800.000
1226400.000
1187600.000
1244000.000
1159600.000
1083600.000
956400.000
878800.000
830800.000
715600.000
657200.000
601200.000
509600.000
429200.000
357600.000
291200.000
242000.000
205200.000
192800.000
146400.000
146800.000
118000.000
131200.000
129600.000
122000.000
113600.000
140400.000
146800.000
196800.000
267600.000
411200.000
600400.000
716400.000
398800.000
424400.000
399200.000
404400.000
411600.000
416400.000
417600.000
422800.000
446000.000
447600.000
452000.000
470000.000
480800.000
523200.000
519200.000
511600.000
474000.000
437200.000
468800.000
436400.000
459200.000
406800.000
392400.000
397600.000
414400.000
369600.000
386400.000
374800.000
382800.000
392400.000
372800.000
351200.000
376800.000
354000.000
383600.000
351600.000
344000.000
332400.000
327600.000
371600.000
325200.000
350800.000
357600.000
342400.000
340800.000
368000.000
370800.000
365600.000
419600.000
463200.000
419200.000
459600.000
442800.000
412800.000
362000.000
346400.000
321200.000
306800.000
312000.000
280400.000
294800.000
314400.000
316800.000
359600.000
465600.000
650000.000
921200.000
1234000.000
1443600.000
1481200.000
1543600.000
1706800.000
2040000.000
2169200.000
2169200.000
2234400.000
2364000.000
2535200.000
2668000.000
2693200.000
2632000.000
2569600.000
2533200.000
2453200.000
2391600.000
2392800.000
2342000.000
2253200.000
2016400.000
1717600.000
1421600.000
1352800.000
1288000.000
1474800.000
1573200.000
1626800.000
1553200.000
1491600.000
1763200.000
1820000.000
1584000.000
1549600.000
1412400.000
1322400.000
1264800.000
1034000.000
955600.000
851600.000
762000.000
664000.000
564400.000
484800.000
428000.000
370000.000
305600.000
251600.000
204400.000
193200.000
187600.000
160000.000
139600.000
128400.000
117600.000
118000.000
96000.000
88000.000
100400.000
94400.000
98400.000
90400.000
91200.000
102400.000
111600.000
150000.000
215200.000
278800.000
352400.000
427600.000
546000.000
622800.000
722400.000
799200.000
885600.000
916400.000
960800.000
993200.000
1038800.000
1063600.000
1062800.000
1046800.000
1073600.000
1094000.000
1098000.000
1120400.000
1123600.000
1142400.000
1167600.000
1132000.000
1120400.000
1174000.000
1120800.000
1165600.000
1114400.000
1154400.000
1140400.000
1206400.000
1146400.000
1204000.000
1178400.000
1225200.000
1214400.000
1195600.000
1104000.000
1085600.000
911200.000
852000.000
781600.000
676000.000
634000.000
552800.000
447200.000
388800.000
326000.000
282800.000
244800.000
232400.000
170800.000
150800.000
140400.000
131600.000
126400.000
128400.000
138000.000
130400.000
154800.000
186000.000
232800.000
274400.000
350400.000
454800.000
532400.000
408000.000
394400.000
398400.000
440800.000
395600.000
400800.000
419600.000
449200.000
426800.000
454800.000
502400.000
511600.000
488400.000
499200.000
520000.000
527600.000
506000.000
515600.000
510400.000
487600.000
446800.000
468800.000
439600.000
424400.000
439200.000
391200.000
382000.000
386000.000
374000.000
360000.000
396800.000
378400.000
347600.000
371200.000
353200.000
380000.000
344000.000
362000.000
361600.000
347200.000
342400.000
401200.000
428800.000
385200.000
374000.000
398800.000
400000.000
510400.000
526800.000
570400.000
595600.000
571200.000
502800.000
477600.000
432400.000
362400.000
302800.000
353600.000
379600.000
356000.000
393600.000
416800.000
400800.000
467600.000
628000.000
881200.000
1231200.000
1500000.000
1665600.000
1663600.000
1849200.000
2148400.000
2246400.000
2330000.000
2433200.000
2553600.000
2511600.000
2584400.000
2637200.000
2742400.000
2750400.000
2662000.000
2696000.000
2726000.000
2681200.000
2592400.000
2494800.000
2400800.000
2316000.000
2128000.000
2001600.000
1812800.000
1591200.000
1552400.000
1710800.000
1642800.000
1549200.000
1402800.000
1408400.000
1488800.000
1421600.000
1176800.000
1076000.000
1007200.000
980000.000
919200.000
827600.000
739600.000
644800.000
550800.000
448400.000
392400.000
329200.000
287200.000
232800.000
198000.000
169200.000
149200.000
151200.000
131600.000
121200.000
110000.000
102800.000
96800.000
90000.000
78400.000
93200.000
82400.000
91200.000
79200.000
81600.000
100400.000
93600.000
116400.000
149200.000
221600.000
281200.000
388400.000
446000.000
539200.000
640400.000
749600.000
822400.000
926800.000
938800.000
973200.000
1054800.000
1057600.000
1133200.000
1065600.000
1136800.000
1141200.000
1166800.000
1150000.000
1232800.000
1189200.000
1200800.000
1241200.000
1136800.000
1176000.000
1182000.000
1162400.000
1157200.000
1202400.000
1163600.000
1180000.000
1224400.000
1234400.000
1220400.000
1213200.000
1224000.000
1164000.000
1151200.000
1044400.000
891200.000
801200.000
762400.000
703200.000
620400.000
478000.000
409600.000
347200.000
286000.000
264000.000
213200.000
187600.000
172000.000
143600.000
130800.000
132000.000
134000.000
159600.000
155200.000
178000.000
192400.000
212000.000
256400.000
288400.000
336400.000
400000.000
466000.000
393200.000
395200.000
423600.000
392400.000
396400.000
394400.000
414400.000
420000.000
448400.000
474400.000
460400.000
507600.000
523200.000
523200.000
500000.000
538400.000
555600.000
518000.000
517200.000
510400.000
514800.000
461200.000
449600.000
409200.000
415200.000
425200.000
403200.000
382000.000
394400.000
414000.000
395600.000
382400.000
368400.000
362800.000
364800.000
372400.000
372800.000
363600.000
373600.000
367600.000
406000.000
421600.000
459600.000
513200.000
524000.000
508800.000
558000.000
556400.000
689200.000
752800.000
612400.000
473200.000
435600.000
412400.000
352400.000
382000.000
403200.000
328400.000
432800.000
396800.000
473600.000
567600.000
629200.000
784800.000
982400.000
1308400.000
1524000.000
1718000.000
1736800.000
1941600.000
2076400.000
2371200.000
2361600.000
2497600.000
2510800.000
2543600.000
2668400.000
2671200.000
2726400.000
2717200.000
2762800.000
2882800.000
2923200.000
2836800.000
2774800.000
2791200.000
2637600.000
2578400.000
2400800.000
2322000.000
2227200.000
2127600.000
1921200.000
1808400.000
1767200.000
1619600.000
1686000.000
1487200.000
1396800.000
1326400.000
1300800.000
1146000.000
1028800.000
971200.000
862000.000
754400.000
695200.000
593200.000
535600.000
455600.000
358000.000
319600.000
268800.000
240800.000
194000.000
177600.000
146800.000
136400.000
131600.000
115600.000
111200.000
99600.000
77600.000
93600.000
92000.000
82000.000
84000.000
73600.000
75600.000
74000.000
92400.000
83600.000
94400.000
102800.000
126000.000
165200.000
222000.000
322000.000
412000.000
454800.000
578000.000
640000.000
782800.000
891600.000
964000.000
974400.000
1046000.000
1048800.000
1090000.000
1114800.000
1166400.000
1144800.000
1170800.000
1204000.000
1223200.000
1227600.000
1209200.000
1249200.000
1212800.000
1194800.000
1186400.000
1200000.000
1194400.000
1210000.000
1188000.000
1208800.000
1206800.000
1172800.000
1219600.000
1210400.000
1246000.000
1179200.000
1051200.000
977200.000
858000.000
787200.000
749200.000
674800.000
519200.000
416400.000
375600.000
338800.000
272800.000
217200.000
201200.000
181200.000
150000.000
145600.000
135200.000
146000.000
138000.000
150400.000
158000.000
199600.000
214800.000
248400.000
265600.000
302000.000
345600.000
383200.000
405200.000
401200.000
410000.000
391200.000
386800.000
402400.000
406800.000
411200.000
424400.000
455600.000
473200.000
493600.000
507600.000
530400.000
540800.000
573600.000
558800.000
550000.000
570000.000
542000.000
517600.000
491200.000
490800.000
468800.000
456800.000
431200.000
431200.000
426800.000
412000.000
408400.000
393600.000
375200.000
392400.000
392000.000
377200.000
388000.000
378400.000
386000.000
360400.000
363600.000
374000.000
414800.000
457200.000
650400.000
602000.000
587600.000
635200.000
698000.000
747600.000
794000.000
709600.000
610400.000
484800.000
378800.000
425200.000
424000.000
331200.000
411600.000
410800.000
437600.000
517200.000
629200.000
744400.000
876400.000
1044400.000
1248800.000
1459600.000
1677200.000
1846800.000
2108400.000
2226000.000
2408000.000
2559600.000
2514800.000
2542400.000
2626800.000
2684000.000
2734400.000
2833600.000
2832000.000
2834800.000
2929600.000
2915200.000
2949600.000
3044000.000
2934800.000
2813200.000
2848800.000
2708800.000
2609600.000
2520800.000
2393200.000
2338000.000
2325600.000
2002000.000
1938800.000
1758400.000
1691600.000
1578800.000
1447600.000
1376400.000
1241200.000
1147600.000
1020400.000
869200.000
783200.000
682400.000
610800.000
508400.000
435200.000
374000.000
330800.000
269200.000
226000.000
196400.000
156400.000
158400.000
139600.000
122400.000
104400.000
113200.000
90400.000
90400.000
93200.000
100800.000
74800.000
88400.000
71200.000
72400.000
64000.000
74400.000
70400.000
72800.000
87600.000
98000.000
94000.000
139200.000
189200.000
264000.000
339200.000
451600.000
531200.000
612000.000
739200.000
859200.000
912400.000
962800.000
1041200.000
1058800.000
1110000.000
1101200.000
1163600.000
1204000.000
1234400.000
1264000.000
1257600.000
1240400.000
1242800.000
1195600.000
1183600.000
1201200.000
1187600.000
1183200.000
1188000.000
1142800.000
1138400.000
1208000.000
1137200.000
1186800.000
1233200.000
1218000.000
1222400.000
1090800.000
1050000.000
884800.000
838400.000
733600.000
685200.000
560000.000
478800.000
393200.000
348800.000
296800.000
251200.000
206800.000
182000.000
166800.000
148400.000
168400.000
174000.000
149200.000
174400.000
184400.000
224800.000
238400.000
288000.000
301600.000
321200.000
335200.000
357200.000
407600.000
422000.000
374400.000
392800.000
389200.000
408000.000
408800.000
398000.000
415600.000
438400.000
469200.000
491600.000
492000.000
507600.000
536400.000
549200.000
570000.000
586400.000
569200.000
552800.000
554000.000
514000.000
524800.000
524000.000
481600.000
454400.000
448400.000
462800.000
443200.000
417600.000
402000.000
441200.000
404400.000
394400.000
386400.000
398000.000
414800.000
426800.000
425200.000
439600.000
438800.000
442800.000
469200.000
640400.000
719200.000
896000.000
859600.000
734400.000
750800.000
847600.000
798400.000
708400.000
486800.000
400000.000
378400.000
338000.000
418400.000
410000.000
351600.000
451200.000
510000.000
731600.000
836400.000
932400.000
1086000.000
1249600.000
1413200.000
1668400.000
1901200.000
2034000.000
2179600.000
2484000.000
2544800.000
2538800.000
2590400.000
2634400.000
2725600.000
2759600.000
2754000.000
2793600.000
2871200.000
2852000.000
2933600.000
2957200.000
2938400.000
3018000.000
2983600.000
2960800.000
2846000.000
2813600.000
2730400.000
2695200.000
2574800.000
2507200.000
2436400.000
2342000.000
2232800.000
1988000.000
1799200.000
1595600.000
1500800.000
1342000.000
1329200.000
1160000.000
1063600.000
884400.000
761600.000
664400.000
573200.000
479200.000
368800.000
350400.000
282800.000
249600.000
216400.000
170800.000
189600.000
152400.000
123600.000
117200.000
100400.000
108000.000
94800.000
86000.000
90400.000
83600.000
78400.000
80000.000
77200.000
80800.000
76400.000
76000.000
81200.000
75600.000
71200.000
84000.000
90000.000
111200.000
153600.000
222000.000
299600.000
406000.000
467200.000
551200.000
652400.000
756000.000
884800.000
932800.000
995600.000
1039200.000
1090400.000
1094000.000
1186800.000
1200400.000
1250800.000
1290400.000
1262800.000
1199600.000
1174400.000
1150400.000
1142800.000
1155600.000
1109600.000
1177200.000
1158400.000
1134800.000
1098400.000
1144800.000
1150800.000
1188400.000
1256000.000
1256000.000
1211200.000
1024400.000
964800.000
895200.000
774800.000
780400.000
637200.000
506000.000
466800.000
396400.000
310000.000
270800.000
246800.000
188800.000
184800.000
185200.000
169600.000
174000.000
180000.000
196000.000
227200.000
227600.000
233200.000
298000.000
330800.000
382400.000
379600.000
410000.000
419600.000
474400.000
481200.000
404400.000
390400.000
411200.000
395600.000
402800.000
438800.000
406400.000
433200.000
455200.000
471600.000
470800.000
505200.000
532800.000
551200.000
580400.000
568800.000
540800.000
568000.000
574400.000
555600.000
519200.000
516000.000
474800.000
471200.000
503200.000
462000.000
456000.000
431200.000
435600.000
447600.000
443600.000
409200.000
432800.000
444400.000
474400.000
538400.000
482800.000
518800.000
488400.000
526000.000
622400.000
756800.000
946800.000
964400.000
859600.000
777200.000
686800.000
857600.000
745600.000
587600.000
587600.000
580000.000
534400.000
462800.000
381200.000
384000.000
354800.000
516400.000
647200.000
888800.000
1018400.000
1178000.000
1301200.000
1513200.000
1648400.000
1862800.000
2033200.000
2167200.000
2432400.000
2614400.000
2625600.000
2682800.000
2764000.000
2744000.000
2798800.000
2879600.000
2826400.000
2878800.000
2866000.000
2878800.000
2959200.000
2936400.000
2882800.000
2886800.000
2962800.000
3039600.000
2990800.000
2984000.000
2941200.000
2804800.000
2867600.000
2745600.000
2635600.000
2571200.000
2436000.000
2310400.000
2108800.000
1872400.000
1629600.000
1437200.000
1340000.000
1215200.000
1111600.000
949200.000
838800.000
684400.000
522400.000
432800.000
364800.000
313200.000
262400.000
226000.000
179600.000
180800.000
159200.000
133200.000
123600.000
120800.000
110800.000
105200.000
88800.000
83200.000
82000.000
84800.000
81200.000
77200.000
91600.000
73200.000
77200.000
69600.000
74400.000
74000.000
80800.000
75600.000
88800.000
109200.000
130400.000
174400.000
221600.000
285600.000
426400.000
510400.000
590000.000
698400.000
843600.000
947200.000
990000.000
1036800.000
1048000.000
1084000.000
1125600.000
1201200.000
1200400.000
1171600.000
1137200.000
1135600.000
1158400.000
1115600.000
1054000.000
1042800.000
1060800.000
1017600.000
1064400.000
1039600.000
1103600.000
1083600.000
1095600.000
1170800.000
1182400.000
1240000.000
1169600.000
1016400.000
898800.000
883600.000
814400.000
741600.000
574400.000
492000.000
444000.000
344400.000
326000.000
263600.000
241600.000
237600.000
200400.000
179600.000
188400.000
211600.000
227200.000
239200.000
246800.000
277200.000
300400.000
343600.000
379600.000
380400.000
430000.000
440400.000
445200.000
486400.000
511600.000
390800.000
380000.000
392800.000
388000.000
392400.000
413600.000
405200.000
418800.000
435600.000
454000.000
498800.000
520800.000
558400.000
588800.000
594000.000
555600.000
581600.000
562400.000
541600.000
549200.000
534000.000
518000.000
532000.000
488400.000
472800.000
497600.000
474400.000
445200.000
470400.000
444400.000
466400.000
483200.000
475200.000
475200.000
532000.000
530000.000
560400.000
609200.000
584400.000
659200.000
732000.000
950400.000
978400.000
882400.000
695600.000
589200.000
589600.000
712400.000
768800.000
608400.000
555200.000
806400.000
1153200.000
500400.000
326800.000
380800.000
399200.000
614000.000
746800.000
975200.000
1079200.000
1294400.000
1453600.000
1734000.000
1918800.000
2104400.000
2249600.000
2438400.000
2639600.000
2609600.000
2716800.000
2802400.000
2836800.000
2828800.000
2876400.000
2896400.000
2857200.000
2868800.000
2889200.000
2920800.000
2943200.000
2952800.000
2862400.000
2793200.000
2934800.000
3017600.000
3023200.000
3081600.000
3154000.000
3047200.000
3072000.000
2938400.000
2849200.000
2787200.000
2529600.000
2534800.000
2517200.000
2384000.000
2056400.000
1672800.000
1478400.000
1369600.000
1162400.000
1123600.000
884800.000
737600.000
634400.000
487200.000
404400.000
352400.000
264000.000
205200.000
200000.000
162000.000
157600.000
140000.000
116400.000
98400.000
96000.000
108000.000
88000.000
91600.000
84800.000
91200.000
80400.000
66800.000
78000.000
75200.000
68400.000
82800.000
80000.000
89600.000
82400.000
78400.000
83200.000
94400.000
106800.000
153600.000
194000.000
291600.000
380000.000
446400.000
537600.000
593600.000
754400.000
912400.000
946000.000
967200.000
1044000.000
1034000.000
1088000.000
1106400.000
1148400.000
1120400.000
1074400.000
1032000.000
1144000.000
1240800.000
1079600.000
1017200.000
961600.000
920800.000
954400.000
957600.000
972800.000
1028800.000
1148800.000
1193600.000
1220400.000
1184800.000
1112000.000
979200.000
953600.000
898800.000
858800.000
679600.000
585600.000
517600.000
428800.000
356800.000
330000.000
255200.000
221600.000
201600.000
212000.000
215600.000
234000.000
241200.000
267600.000
282400.000
300400.000
327200.000
342800.000
358400.000
398400.000
448800.000
462000.000
430000.000
466000.000
503600.000
524400.000
377600.000
386000.000
396400.000
386400.000
374800.000
400800.000
406800.000
426800.000
454000.000
454800.000
472400.000
504000.000
545200.000
581200.000
594000.000
579600.000
586800.000
603600.000
584800.000
589600.000
570400.000
536000.000
540000.000
545600.000
540400.000
522000.000
532800.000
495600.000
482800.000
496000.000
523200.000
545600.000
569600.000
611200.000
672400.000
712400.000
686800.000
741600.000
751200.000
824000.000
916000.000
1061600.000
943200.000
800400.000
568400.000
730000.000
693200.000
675600.000
636400.000
624000.000
413600.000
402800.000
418000.000
344800.000
333600.000
408800.000
438800.000
650000.000
791600.000
1070000.000
1232400.000
1471200.000
1794000.000
1972400.000
2132000.000
2349600.000
2468400.000
2612000.000
2714800.000
2693600.000
2796400.000
2867600.000
2912000.000
2905200.000
2901200.000
2884800.000
2839200.000
2942000.000
2962800.000
2925600.000
2853200.000
2880000.000
2830400.000
2880800.000
2866400.000
2970000.000
3087200.000
3141200.000
3145200.000
3070000.000
3128400.000
3030800.000
2891200.000
2844800.000
2780400.000
2674000.000
2670800.000
2519200.000
2504000.000
2235600.000
1977200.000
1585600.000
1353200.000
1175200.000
1088400.000
898400.000
731200.000
644400.000
498000.000
357600.000
313200.000
252800.000
221600.000
200400.000
157200.000
130000.000
118000.000
122400.000
108000.000
90800.000
95200.000
69600.000
75200.000
90800.000
84000.000
82000.000
62800.000
80800.000
86800.000
80400.000
69200.000
74400.000
81200.000
83600.000
76800.000
84400.000
103600.000
104000.000
160000.000
224800.000
323200.000
376800.000
469200.000
546800.000
662400.000
784400.000
912800.000
903200.000
910000.000
922400.000
978400.000
1016800.000
1063200.000
1057200.000
1044000.000
960800.000
1069600.000
1185600.000
1008800.000
918800.000
894400.000
823600.000
857600.000
885200.000
922400.000
1004000.000
1062000.000
1144400.000
1250000.000
1263600.000
1146000.000
951200.000
927600.000
870800.000
795200.000
632800.000
575200.000
486800.000
416000.000
406400.000
314800.000
288800.000
254800.000
239200.000
245200.000
276400.000
267600.000
296400.000
290000.000
313600.000
338400.000
348800.000
406800.000
396400.000
446400.000
484800.000
505600.000
526000.000
543200.000
500800.000
561200.000
403600.000
392000.000
397600.000
386000.000
382800.000
398800.000
399600.000
429200.000
417200.000
470000.000
463200.000
531200.000
519200.000
558800.000
593200.000
576000.000
583200.000
609600.000
591200.000
598400.000
578400.000
572800.000
553200.000
560400.000
570800.000
566000.000
534800.000
520000.000
559600.000
593200.000
610800.000
633600.000
693600.000
747200.000
814800.000
872000.000
924800.000
965600.000
855600.000
935600.000
970000.000
1058000.000
980000.000
744800.000
743600.000
1079200.000
1327600.000
926400.000
566800.000
580800.000
370000.000
378800.000
342800.000
363600.000
318800.000
337200.000
429600.000
684000.000
822400.000
1065600.000
1275600.000
1553200.000
1882400.000
2102400.000
2298400.000
2362400.000
2510800.000
2637200.000
2690400.000
2799200.000
2802800.000
2913200.000
2951200.000
2958000.000
2952800.000
2944400.000
2922400.000
2898800.000
2978000.000
2902800.000
2785600.000
2856000.000
2894400.000
2861600.000
2880400.000
2899600.000
3024000.000
3024400.000
3135200.000
3178000.000
3137600.000
3219600.000
3063600.000
3027200.000
2998000.000
2962800.000
2848400.000
2627200.000
2497200.000
2480800.000
2346000.000
1889600.000
1606400.000
1381600.000
1259200.000
1016400.000
927600.000
781600.000
612400.000
498400.000
380400.000
296400.000
253200.000
192800.000
168800.000
152400.000
126000.000
115200.000
118400.000
88400.000
90800.000
93600.000
91200.000
72800.000
74400.000
79600.000
81600.000
77200.000
79200.000
81600.000
87200.000
89600.000
67600.000
76000.000
84400.000
87600.000
93200.000
103600.000
114000.000
166000.000
243200.000
326400.000
424400.000
515600.000
599200.000
712000.000
814800.000
843200.000
836800.000
819600.000
852400.000
873600.000
949200.000
945600.000
997200.000
922800.000
896400.000
885200.000
866000.000
831600.000
820000.000
795600.000
802000.000
805600.000
870400.000
968800.000
970400.000
986800.000
1048800.000
1177600.000
1194000.000
940800.000
910000.000
846400.000
730800.000
633200.000
560000.000
477200.000
405200.000
404400.000
273600.000
308400.000
282000.000
265600.000
283200.000
286800.000
292800.000
304800.000
334000.000
334400.000
360000.000
394000.000
428400.000
469600.000
488800.000
514400.000
544000.000
542400.000
555600.000
596000.000
565200.000
371200.000
380800.000
382800.000
382000.000
380400.000
389200.000
384400.000
383200.000
450000.000
454400.000
476400.000
495200.000
520400.000
528400.000
552000.000
575200.000
581200.000
602800.000
604000.000
600000.000
600000.000
597600.000
594400.000
607600.000
605600.000
637200.000
611600.000
675200.000
662000.000
708400.000
752400.000
828000.000
884400.000
961600.000
1076800.000
1192800.000
1244000.000
1153200.000
1040000.000
1012400.000
1031200.000
1010000.000
1013600.000
713600.000
546800.000
859200.000
1216800.000
596000.000
508000.000
544400.000
427600.000
424000.000
321200.000
332400.000
290400.000
263600.000
427600.000
556000.000
792400.000
1086400.000
1251200.000
1482000.000
1834400.000
2104000.000
2262800.000
2482800.000
2514400.000
2636400.000
2760800.000
2849600.000
2917200.000
2950400.000
3000000.000
2915600.000
2834400.000
2870000.000
2978800.000
2959600.000
2962400.000
2818800.000
2758800.000
2867200.000
2955600.000
2955200.000
2893200.000
2950000.000
2942800.000
2996000.000
3120400.000
3187200.000
3243600.000
3215600.000
3230400.000
3134400.000
3111200.000
3034400.000
2995200.000
2924000.000
2720000.000
2528000.000
2435200.000
2274400.000
1966800.000
1662000.000
1436800.000
1286000.000
1042400.000
927200.000
743200.000
584400.000
502000.000
368400.000
298800.000
238800.000
189200.000
160800.000
141600.000
125600.000
114800.000
94800.000
81600.000
88400.000
84800.000
87600.000
88400.000
82000.000
80000.000
81600.000
70000.000
89200.000
84000.000
80800.000
81600.000
87600.000
90000.000
88800.000
81600.000
100000.000
102800.000
134400.000
194400.000
260800.000
357200.000
440800.000
476400.000
547200.000
645600.000
733200.000
748400.000
716000.000
726400.000
752800.000
792000.000
763200.000
759200.000
762400.000
753200.000
776800.000
764400.000
701600.000
656000.000
665600.000
650400.000
663200.000
705200.000
778800.000
880000.000
910800.000
955200.000
1062000.000
1087200.000
922000.000
818400.000
867600.000
770000.000
608400.000
512000.000
482400.000
424800.000
391200.000
349600.000
340400.000
320800.000
338800.000
311200.000
314000.000
340400.000
342800.000
357200.000
381200.000
410400.000
422000.000
482000.000
504000.000
499200.000
521600.000
549200.000
536000.000
548000.000
588800.000
546400.000
390000.000
400400.000
396000.000
373200.000
377200.000
358400.000
391600.000
412800.000
400000.000
467200.000
494000.000
514400.000
512400.000
571600.000
586800.000
614800.000
609200.000
606800.000
624000.000
624400.000
592800.000
623200.000
667600.000
611600.000
627600.000
662000.000
668400.000
737200.000
736000.000
846400.000
882000.000
898400.000
1038400.000
1228000.000
1407600.000
1454000.000
1450000.000
1316000.000
1086400.000
1008400.000
963600.000
980000.000
953600.000
786400.000
559200.000
477200.000
452800.000
536800.000
506800.000
489600.000
344400.000
418400.000
342000.000
341200.000
232800.000
288000.000
352000.000
462400.000
719200.000
1036800.000
1252400.000
1478400.000
1688000.000
2100800.000
2231200.000
2420400.000
2562800.000
2620400.000
2774800.000
2822400.000
2924000.000
2970000.000
3019200.000
2990800.000
2976400.000
2954000.000
3000800.000
3050800.000
3047600.000
2891600.000
2809600.000
2892800.000
2942400.000
2942400.000
2924800.000
2954000.000
2993200.000
3081200.000
3000400.000
3220000.000
3173200.000
3235200.000
3251600.000
3206400.000
3304000.000
3177600.000
3153600.000
3054800.000
2912800.000
2664000.000
2551200.000
2449600.000
2370000.000
2061200.000
1654800.000
1437600.000
1160400.000
998800.000
893200.000
744400.000
581200.000
501200.000
350800.000
285200.000
235600.000
178800.000
156800.000
137200.000
119200.000
116400.000
91200.000
84400.000
98400.000
85600.000
86800.000
79600.000
84800.000
84000.000
84000.000
90000.000
94800.000
99600.000
80400.000
92800.000
90800.000
83200.000
84000.000
84800.000
95200.000
116400.000
148000.000
201600.000
281200.000
367600.000
456800.000
506400.000
528000.000
568000.000
608400.000
620000.000
635600.000
681200.000
634400.000
634000.000
603600.000
544400.000
581200.000
552800.000
531200.000
511600.000
498000.000
474400.000
466000.000
524000.000
610800.000
719600.000
810000.000
857600.000
844800.000
935200.000
1039200.000
896000.000
783600.000
781200.000
747600.000
574000.000
504800.000
474000.000
453200.000
423600.000
380800.000
358000.000
366800.000
368400.000
343600.000
335200.000
373600.000
359600.000
420000.000
386400.000
429600.000
459200.000
510800.000
538000.000
500800.000
527600.000
593200.000
530800.000
576400.000
567600.000
586400.000
384400.000
391600.000
384800.000
394800.000
385200.000
379200.000
373600.000
405600.000
422800.000
447600.000
490800.000
516800.000
547600.000
574000.000
621200.000
596800.000
613200.000
615200.000
628400.000
644800.000
639200.000
625200.000
646400.000
662800.000
729600.000
740800.000
804400.000
901200.000
959200.000
1009600.000
1169200.000
1337600.000
1462400.000
1636800.000
1745200.000
1703200.000
1555200.000
1368400.000
1120800.000
1093200.000
1007200.000
1014800.000
898000.000
860800.000
735600.000
508400.000
462000.000
426000.000
423600.000
352400.000
410400.000
389600.000
291600.000
304000.000
286800.000
204400.000
276000.000
433600.000
572000.000
942000.000
1194800.000
1475200.000
1699600.000
2114000.000
2336400.000
2454400.000
2507600.000
2660400.000
2766000.000
2916400.000
2942400.000
3048000.000
3019600.000
3075200.000
3025600.000
3005600.000
3089200.000
3080400.000
3019600.000
2948000.000
2936800.000
2975600.000
3024000.000
3006400.000
3085600.000
3058400.000
3113600.000
3023200.000
3031200.000
3091200.000
3241200.000
3241200.000
3256800.000
3294000.000
3276400.000
3225600.000
3187200.000
3122000.000
3041200.000
3031200.000
2802800.000
2716400.000
2555200.000
2343200.000
2224000.000
1793600.000
1405200.000
1214000.000
1020400.000
861600.000
743600.000
617200.000
479200.000
378400.000
268800.000
226400.000
192400.000
154000.000
127600.000
118800.000
120400.000
97600.000
89600.000
98400.000
81200.000
89600.000
91200.000
96800.000
101600.000
104000.000
126400.000
91600.000
83600.000
94800.000
80000.000
86800.000
93200.000
84800.000
88400.000
111200.000
120400.000
163600.000
208800.000
278000.000
367600.000
387200.000
422400.000
426000.000
479600.000
526000.000
548800.000
557200.000
506000.000
490800.000
506000.000
499200.000
445200.000
472000.000
461200.000
428800.000
424000.000
383600.000
407600.000
425200.000
455600.000
622000.000
704000.000
780400.000
789600.000
818400.000
853600.000
838800.000
722400.000
678000.000
756000.000
604800.000
509200.000
468400.000
446000.000
456400.000
430400.000
384400.000
393600.000
380400.000
395200.000
388800.000
387600.000
407600.000
410000.000
420000.000
437600.000
490800.000
506400.000
515200.000
511200.000
530000.000
584400.000
551600.000
575200.000
579200.000
552400.000
375200.000
367200.000
366000.000
388400.000
374800.000
391200.000
406400.000
424000.000
446400.000
480000.000
515600.000
550000.000
553200.000
577600.000
614000.000
622000.000
613600.000
632400.000
674000.000
690400.000
723200.000
716400.000
718400.000
751600.000
806800.000
866400.000
908400.000
1010400.000
1177200.000
1329200.000
1461200.000
1628400.000
1769200.000
1842400.000
1985600.000
1890800.000
1694000.000
1508000.000
1331600.000
1392000.000
1299600.000
1072800.000
910000.000
815200.000
736000.000
668000.000
635600.000
595600.000
373200.000
344400.000
334000.000
257600.000
265600.000
231200.000
194400.000
192400.000
236800.000
345600.000
528000.000
853600.000
1163200.000
1516400.000
1692800.000
2046000.000
2286800.000
2512400.000
2523600.000
2772400.000
2768800.000
2951200.000
2999200.000
3042000.000
2994800.000
3037200.000
3035200.000
3046800.000
3102800.000
3043200.000
3036400.000
3002000.000
2908000.000
3000400.000
3099200.000
3022000.000
3046400.000
3065200.000
3117200.000
3154000.000
3162800.000
3151200.000
3219600.000
3316000.000
3264800.000
3310800.000
3292800.000
3261600.000
3282400.000
3244000.000
3248000.000
3085200.000
3005200.000
2856800.000
2682000.000
2444400.000
2434000.000
2268000.000
1887200.000
1465600.000
1162400.000
1016000.000
864400.000
756000.000
566000.000
450000.000
336400.000
258400.000
217600.000
164400.000
144800.000
129200.000
110000.000
94000.000
106000.000
99600.000
100000.000
97600.000
98400.000
97200.000
109600.000
100800.000
100800.000
100800.000
69200.000
99600.000
88800.000
91200.000
89600.000
92000.000
91200.000
99200.000
106000.000
128800.000
198800.000
256000.000
329200.000
351200.000
382800.000
354800.000
348000.000
416000.000
471600.000
448800.000
406000.000
407200.000
398000.000
426800.000
412400.000
420000.000
392000.000
344000.000
329600.000
324400.000
338800.000
361600.000
401600.000
458400.000
590000.000
678000.000
716000.000
725600.000
758400.000
776800.000
665600.000
629600.000
650000.000
620800.000
540800.000
508800.000
469200.000
468800.000
431200.000
394000.000
404800.000
395600.000
408800.000
409600.000
396400.000
409200.000
449200.000
467600.000
471200.000
494400.000
483600.000
532800.000
517200.000
528000.000
565600.000
563600.000
579600.000
590400.000
570800.000
403600.000
372800.000
376000.000
382000.000
387600.000
381200.000
394400.000
446800.000
456000.000
498400.000
538800.000
563600.000
596800.000
613200.000
630000.000
688000.000
710400.000
696400.000
714400.000
738800.000
749200.000
750800.000
830000.000
892000.000
918800.000
1038800.000
1158400.000
1250400.000
1424800.000
1613600.000
1748800.000
1913200.000
2017200.000
2068000.000
2109200.000
1965200.000
1905600.000
1644800.000
1442400.000
1465200.000
1266800.000
1064800.000
976400.000
954400.000
758400.000
626000.000
509600.000
425200.000
451200.000
390000.000
302000.000
274400.000
238000.000
215200.000
212000.000
172000.000
197600.000
280000.000
437200.000
784000.000
1100000.000
1458000.000
1699600.000
1987200.000
2320800.000
2546000.000
2572000.000
2698400.000
2846400.000
2959600.000
2988000.000
2950000.000
3040000.000
3088400.000
3029200.000
3126000.000
3066400.000
3104000.000
3075200.000
2975200.000
3038000.000
3056800.000
3100400.000
3044400.000
3041600.000
3066400.000
3123600.000
3142400.000
3209200.000
3276400.000
3275200.000
3298800.000
3231600.000
3241600.000
3317200.000
3328000.000
3310800.000
3314000.000
3278800.000
3177600.000
3102400.000
2972400.000
2889200.000
2656400.000
2504000.000
2377600.000
2223600.000
1936400.000
1502800.000
1191600.000
982800.000
811600.000
635200.000
518800.000
425200.000
333200.000
253600.000
191200.000
162800.000
148400.000
120800.000
106400.000
108800.000
96000.000
90400.000
98800.000
109600.000
95600.000
108000.000
96000.000
86000.000
104400.000
82400.000
103200.000
87200.000
93200.000
102800.000
82800.000
96000.000
92000.000
99600.000
108000.000
139600.000
168400.000
227200.000
271600.000
283200.000
299600.000
264800.000
277200.000
344000.000
300800.000
318000.000
345200.000
334000.000
332000.000
310400.000
313200.000
320800.000
314000.000
280800.000
260400.000
280800.000
270000.000
305600.000
376400.000
464800.000
578000.000
640400.000
616800.000
591200.000
626400.000
686400.000
640800.000
637200.000
617600.000
518000.000
498000.000
478000.000
467200.000
443600.000
437200.000
421200.000
451600.000
415600.000
434000.000
426400.000
433200.000
456400.000
462400.000
470400.000
527600.000
502800.000
493600.000
557600.000
548400.000
582000.000
608000.000
569600.000
564000.000
547200.000
396000.000
410000.000
392800.000
370400.000
410400.000
424800.000
437200.000
485200.000
520400.000
558400.000
607200.000
600000.000
655200.000
663200.000
688800.000
697200.000
700800.000
728000.000
765200.000
797200.000
869200.000
897200.000
951600.000
1110000.000
1276000.000
1340000.000
1530000.000
1678400.000
1804000.000
1994400.000
2090400.000
2178000.000
2187600.000
2381200.000
2334800.000
2215600.000
2038800.000
1762000.000
1589600.000
1464000.000
1422400.000
1123600.000
1001600.000
869600.000
772000.000
646000.000
586800.000
465600.000
336000.000
301600.000
289200.000
234800.000
190000.000
172000.000
171200.000
152800.000
162400.000
244800.000
382000.000
734800.000
989600.000
1429600.000
1674800.000
1956800.000
2236800.000
2504800.000
2591200.000
2823200.000
2891600.000
2864000.000
2995600.000
3057200.000
3055200.000
3073600.000
2968400.000
3094800.000
3132000.000
3145200.000
3160800.000
3113200.000
3090800.000
3118400.000
3087600.000
3082800.000
3072000.000
3018800.000
3095200.000
3143200.000
3155600.000
3240000.000
3208800.000
3256400.000
3292800.000
3335200.000
3306800.000
3326000.000
3422400.000
3356400.000
3371600.000
3352000.000
3354800.000
3112800.000
3164800.000
3014000.000
2791200.000
2502000.000
2355600.000
2152000.000
1879600.000
1540000.000
1148800.000
942000.000
789600.000
592800.000
484800.000
415200.000
302000.000
230000.000
188000.000
164400.000
130400.000
116400.000
104800.000
102800.000
93200.000
90400.000
109200.000
117200.000
104000.000
98400.000
82400.000
96400.000
92400.000
91600.000
88800.000
93600.000
88400.000
90000.000
103600.000
98400.000
106000.000
104000.000
126400.000
145200.000
175600.000
208000.000
204800.000
232400.000
228000.000
234400.000
253200.000
234400.000
239200.000
224800.000
256800.000
244000.000
242000.000
220800.000
246000.000
217600.000
226800.000
237200.000
228400.000
228800.000
239200.000
282000.000
371200.000
459200.000
532800.000
564000.000
544400.000
534800.000
547600.000
594000.000
617600.000
630800.000
520400.000
501200.000
466000.000
489200.000
478800.000
452400.000
448400.000
472800.000
460800.000
432000.000
467600.000
440400.000
478400.000
488400.000
490000.000
505600.000
497200.000
506400.000
529600.000
559600.000
538800.000
552400.000
550000.000
578800.000
578800.000
388400.000
385600.000
404000.000
410400.000
430400.000
483200.000
492000.000
511200.000
530800.000
599600.000
624400.000
643600.000
664000.000
704800.000
741200.000
739200.000
788800.000
836000.000
902400.000
936400.000
977600.000
1106400.000
1222800.000
1306000.000
1436800.000
1575600.000
1767600.000
1881200.000
2052000.000
2116000.000
2179200.000
2306400.000
2532800.000
2536000.000
2492000.000
2333600.000
2075200.000
1887600.000
1606400.000
1540000.000
1432000.000
1148000.000
1033600.000
902800.000
685600.000
567600.000
483600.000
394800.000
357200.000
373600.000
259600.000
212000.000
206800.000
166400.000
150800.000
149200.000
148400.000
216800.000
322400.000
580800.000
936400.000
1256400.000
1638400.000
1910800.000
2114800.000
2542800.000
2602000.000
2789600.000
2836000.000
2876000.000
2922800.000
3013200.000
3062800.000
3161600.000
3056800.000
3052000.000
3096400.000
3193200.000
3145200.000
3213200.000
3112000.000
3110000.000
3106400.000
3110800.000
3059600.000
3130000.000
3113200.000
3147600.000
3116800.000
3148400.000
3224400.000
3251200.000
3243600.000
3274400.000
3265200.000
3302000.000
3315200.000
3408000.000
3336000.000
3387600.000
3298000.000
3334800.000
3260800.000
3065600.000
3032000.000
2773200.000
2506000.000
2296000.000
2113600.000
1846000.000
1404400.000
1070400.000
873600.000
746000.000
588000.000
487200.000
349200.000
253600.000
205600.000
166800.000
150800.000
128000.000
109600.000
99200.000
104000.000
95200.000
98800.000
116000.000
112000.000
79600.000
101200.000
106800.000
111600.000
91600.000
99600.000
96800.000
86800.000
89200.000
88800.000
81200.000
100000.000
98000.000
109200.000
118800.000
138800.000
174400.000
169200.000
187600.000
199200.000
180000.000
228400.000
216400.000
198400.000
193600.000
193200.000
179600.000
171200.000
174000.000
165200.000
182800.000
190000.000
172400.000
183600.000
192000.000
212800.000
261200.000
288000.000
383600.000
454800.000
505600.000
544000.000
510000.000
545200.000
474400.000
468400.000
542800.000
492000.000
481200.000
508000.000
492000.000
515600.000
480400.000
446800.000
467200.000
446000.000
461200.000
472000.000
475200.000
462800.000
511600.000
519600.000
484800.000
522800.000
522800.000
535200.000
536800.000
551200.000
536000.000
524400.000
557600.000
579200.000
411200.000
410400.000
406800.000
449600.000
437600.000
503600.000
540400.000
545200.000
619200.000
641200.000
656800.000
691600.000
739600.000
805200.000
757600.000
859200.000
899600.000
995200.000
1042400.000
1126800.000
1265200.000
1413200.000
1570800.000
1719600.000
1827200.000
1962000.000
2056800.000
2101600.000
2186400.000
2390800.000
2571200.000
2722800.000
2793600.000
2806000.000
2681200.000
2338400.000
2094400.000
1954000.000
1750000.000
1614000.000
1399200.000
1188000.000
1019200.000
860800.000
661200.000
569200.000
452000.000
395200.000
330800.000
312800.000
270400.000
217200.000
168400.000
168000.000
119200.000
129200.000
150800.000
159600.000
247200.000
493600.000
840400.000
1364400.000
1675200.000
1864000.000
2062400.000
2382800.000
2544000.000
2676000.000
2722400.000
2817600.000
2879600.000
3017600.000
3003200.000
3108000.000
3087200.000
3046400.000
3132400.000
3127600.000
3160400.000
3166400.000
3087600.000
3104400.000
3189200.000
3174000.000
3127200.000
3155200.000
3117200.000
3100800.000
3130800.000
3161600.000
3214400.000
3208800.000
3194400.000
3201200.000
3280400.000
3255600.000
3260400.000
3354000.000
3365200.000
3342400.000
3385600.000
3419600.000
3372000.000
3219600.000
3072400.000
2907600.000
2738000.000
2486000.000
2213200.000
2012400.000
1665200.000
1199200.000
979200.000
893600.000
708800.000
558000.000
430800.000
308800.000
244400.000
183600.000
166800.000
144000.000
108000.000
104400.000
101200.000
96400.000
99200.000
107200.000
102000.000
94800.000
92400.000
120400.000
143600.000
86400.000
86000.000
106000.000
89200.000
104800.000
82800.000
92000.000
86800.000
84400.000
90800.000
118400.000
117600.000
124000.000
153200.000
168800.000
162400.000
169200.000
171600.000
174400.000
175600.000
160000.000
158800.000
147600.000
162400.000
147600.000
164000.000
148800.000
153600.000
167600.000
179600.000
184000.000
177200.000
228000.000
291600.000
360400.000
411600.000
457600.000
470400.000
466800.000
497600.000
486400.000
474000.000
499200.000
464800.000
465600.000
487200.000
475200.000
508400.000
517200.000
470400.000
493200.000
463200.000
508800.000
482400.000
481600.000
496400.000
504400.000
501200.000
521200.000
521600.000
538800.000
538800.000
523600.000
542800.000
542800.000
532400.000
554000.000
560400.000
438000.000
462000.000
444400.000
482000.000
514400.000
548800.000
585200.000
606400.000
602800.000
630000.000
684400.000
806000.000
800800.000
837200.000
906800.000
994800.000
1108400.000
1181200.000
1352000.000
1440800.000
1677200.000
1736800.000
1838800.000
2032400.000
2149200.000
2091600.000
2250400.000
2350800.000
2507200.000
2601200.000
2784800.000
2891200.000
2854000.000
2766400.000
2744000.000
2415200.000
2188800.000
1986400.000
1786800.000
1608400.000
1365600.000
1233200.000
1080000.000
826800.000
664400.000
671200.000
570000.000
392800.000
309200.000
315200.000
214400.000
201200.000
168400.000
132400.000
126400.000
124400.000
136400.000
165600.000
232400.000
461600.000
807200.000
1289600.000
1671200.000
1902800.000
1988800.000
2258800.000
2552400.000
2714800.000
2771600.000
2848000.000
2883200.000
2907200.000
3050000.000
3095600.000
3043200.000
3037600.000
3020400.000
3138800.000
3111600.000
3141600.000
3136000.000
3076000.000
3146400.000
3197600.000
3138800.000
3100400.000
3040000.000
3106000.000
3147600.000
3206400.000
3205600.000
3214400.000
3214400.000
3210000.000
3211600.000
3359200.000
3247600.000
3411200.000
3376000.000
3375200.000
3430800.000
3469600.000
3376400.000
3371600.000
3244800.000
3117600.000
2905600.000
2645600.000
2388000.000
2127200.000
1868400.000
1459200.000
1171600.000
946400.000
786400.000
640000.000
470000.000
330800.000
282400.000
214400.000
189600.000
137200.000
130800.000
115600.000
111200.000
98800.000
102000.000
120400.000
92800.000
94000.000
86400.000
93200.000
94800.000
97600.000
97200.000
108000.000
89200.000
106800.000
84800.000
86000.000
90800.000
97200.000
91200.000
97200.000
98000.000
123600.000
113200.000
128800.000
137200.000
139200.000
155200.000
142800.000
148000.000
140400.000
156800.000
148000.000
148400.000
142800.000
138800.000
143200.000
154400.000
159600.000
155200.000
196000.000
219600.000
250000.000
272800.000
332000.000
352800.000
391600.000
448000.000
449600.000
476800.000
449600.000
465200.000
484800.000
489600.000
473200.000
494400.000
498400.000
486400.000
483600.000
488400.000
500400.000
499600.000
476800.000
503600.000
514800.000
500400.000
503200.000
468800.000
528800.000
524000.000
528000.000
528800.000
554000.000
555600.000
550000.000
547200.000
563600.000
568000.000
470800.000
478400.000
533600.000
530400.000
565200.000
582800.000
606800.000
646400.000
700000.000
740000.000
780400.000
841200.000
1006400.000
1105600.000
1151200.000
1320800.000
1453600.000
1628400.000
1698800.000
1874800.000
1986400.000
2071200.000
2236000.000
2293200.000
2441200.000
2483600.000
2571600.000
2716000.000
2818000.000
2884800.000
2943600.000
3023200.000
2994800.000
2864800.000
2727600.000
2496800.000
2253600.000
2108800.000
1813200.000
1561200.000
1376400.000
1211200.000
1043200.000
848800.000
774400.000
776000.000
670000.000
484800.000
316400.000
264000.000
204800.000
186800.000
162800.000
139600.000
129600.000
112400.000
132800.000
161200.000
253200.000
487600.000
858400.000
1330400.000
1659600.000
1870000.000
2012400.000
2357200.000
2529600.000
2665600.000
2778800.000
2798000.000
2914800.000
2948800.000
2959200.000
3045200.000
3100400.000
3051600.000
3175200.000
3135200.000
3223200.000
3115600.000
3073200.000
3212400.000
3199600.000
3158000.000
3096800.000
3089200.000
3122400.000
3144800.000
3141600.000
3136400.000
3151200.000
3267600.000
3231200.000
3183600.000
3198400.000
3281200.000
3298000.000
3359600.000
3410000.000
3440000.000
3362400.000
3503600.000
3480800.000
3396400.000
3386800.000
3336400.000
3120400.000
2849200.000
2503600.000
2284000.000
2072800.000
1772400.000
1311600.000
1054800.000
924800.000
745600.000
580800.000
455200.000
282800.000
255200.000
190400.000
176400.000
134400.000
117200.000
106800.000
102800.000
100400.000
104400.000
91200.000
93200.000
86400.000
85200.000
92400.000
83200.000
100400.000
94000.000
101600.000
92400.000
95600.000
88400.000
93200.000
90800.000
90400.000
97600.000
108800.000
104000.000
102000.000
104400.000
110800.000
115200.000
129600.000
119600.000
124800.000
123600.000
116800.000
125200.000
128000.000
128000.000
155600.000
162400.000
172800.000
184400.000
208000.000
221200.000
234000.000
253600.000
278400.000
330400.000
336400.000
350800.000
388800.000
433600.000
448000.000
446800.000
472000.000
494800.000
478400.000
483600.000
479600.000
477600.000
475600.000
475200.000
508400.000
508000.000
474000.000
512400.000
542000.000
521200.000
539200.000
523200.000
526000.000
496800.000
516800.000
515200.000
520800.000
534800.000
537200.000
561200.000
532000.000
540400.000
536400.000
502000.000
513600.000
526400.000
562000.000
608400.000
620400.000
677600.000
705600.000
773600.000
832400.000
942000.000
1104800.000
1254400.000
1396800.000
1602800.000
1644800.000
1788000.000
1912000.000
2068000.000
2222000.000
2342400.000
2326400.000
2397200.000
2569600.000
2686800.000
2795600.000
2882800.000
2912800.000
2987200.000
3040000.000
3031600.000
3098400.000
3070800.000
2957200.000
2789600.000
2461200.000
2336800.000
2128800.000
1856800.000
1475200.000
1389200.000
1192000.000
975200.000
856800.000
705600.000
672000.000
612800.000
390800.000
307600.000
272800.000
210400.000
212800.000
156800.000
138400.000
130800.000
128400.000
136000.000
169600.000
269200.000
550000.000
926400.000
1339200.000
1706400.000
1891600.000
2045200.000
2456400.000
2563200.000
2648400.000
2759600.000
2782000.000
2844400.000
2915600.000
2978000.000
3034000.000
3038400.000
3059200.000
3074400.000
3114800.000
3065600.000
3130000.000
3074400.000
3116800.000
3116800.000
3143200.000
3106800.000
3067200.000
2976400.000
3088000.000
3130400.000
3062000.000
3084000.000
3200000.000
3176800.000
3143200.000
3161200.000
3210800.000
3270000.000
3324400.000
3433200.000
3387600.000
3380800.000
3434000.000
3328800.000
3404400.000
3396000.000
3412400.000
3356800.000
3040800.000
2791200.000
2447600.000
2195600.000
1867600.000
1432000.000
1152800.000
968800.000
810400.000
628400.000
503200.000
325200.000
263200.000
190000.000
163200.000
138400.000
126000.000
104000.000
102800.000
103200.000
112800.000
92000.000
91200.000
76800.000
86800.000
95600.000
97600.000
100000.000
102800.000
110800.000
102400.000
96800.000
92000.000
94000.000
93200.000
91600.000
103200.000
96800.000
96000.000
108400.000
105600.000
112800.000
111600.000
120800.000
116400.000
129600.000
118000.000
143200.000
142000.000
130000.000
144800.000
146400.000
205200.000
209600.000
219200.000
225200.000
247200.000
272800.000
270400.000
286000.000
302800.000
328000.000
360400.000
398000.000
370400.000
436800.000
475200.000
471600.000
484400.000
482400.000
474000.000
500000.000
490400.000
502000.000
501200.000
501200.000
479200.000
525600.000
536000.000
548800.000
552800.000
540000.000
520400.000
537200.000
538400.000
544800.000
544000.000
546000.000
536800.000
556000.000
526000.000
573600.000
564800.000
528800.000
576800.000
541600.000
562800.000
639200.000
630000.000
669200.000
711600.000
788000.000
856000.000
1051200.000
1158000.000
1325600.000
1643600.000
1784400.000
1834800.000
1999200.000
2080000.000
2276400.000
2383200.000
2514000.000
2620400.000
2744400.000
2781600.000
2962800.000
3104800.000
3137600.000
3151200.000
3167600.000
3072800.000
3191200.000
3164000.000
3197200.000
3167200.000
3134400.000
2801600.000
2596000.000
2422800.000
2164000.000
1978000.000
1505200.000
1309600.000
1156000.000
921200.000
840400.000
580000.000
520400.000
402400.000
363200.000
286800.000
250800.000
212800.000
195200.000
160800.000
142000.000
128800.000
121600.000
139600.000
176000.000
319200.000
634400.000
1068400.000
1442800.000
1727200.000
1919200.000
2086800.000
2470400.000
2602000.000
2634400.000
2771600.000
2822800.000
2874800.000
2931600.000
2993600.000
3095200.000
3026400.000
3102000.000
3052800.000
3022000.000
3131200.000
3144400.000
3122000.000
3112800.000
3160800.000
3028400.000
3143600.000
3106000.000
3042400.000
3067200.000
3109200.000
3038800.000
3045200.000
3152800.000
3073600.000
3204800.000
3172800.000
3240800.000
3250000.000
3282000.000
3378800.000
3342400.000
3296000.000
3421600.000
3414400.000
3452400.000
3491200.000
3413600.000
3214000.000
3298800.000
2916800.000
2664000.000
2320800.000
1975200.000
1653200.000
1309600.000
1067200.000
876000.000
692800.000
558800.000
394000.000
306000.000
233600.000
182400.000
155200.000
132800.000
110000.000
114400.000
96800.000
106800.000
86000.000
88000.000
96000.000
82000.000
96000.000
93600.000
97200.000
102400.000
92400.000
93200.000
81200.000
96800.000
109600.000
101600.000
91200.000
97600.000
89600.000
97600.000
102800.000
100800.000
100800.000
108000.000
116000.000
115600.000
134000.000
140000.000
128000.000
163200.000
163200.000
198000.000
210400.000
220400.000
236400.000
245200.000
262800.000
273200.000
274800.000
300400.000
323200.000
322800.000
329200.000
380800.000
392800.000
391600.000
416800.000
453200.000
467600.000
432400.000
446000.000
485600.000
492000.000
483600.000
476800.000
483600.000
520400.000
534400.000
547200.000
538800.000
536000.000
530400.000
530000.000
556000.000
557200.000
529200.000
526800.000
517600.000
518000.000
540800.000
535600.000
557600.000
584800.000
540800.000
570000.000
592800.000
629600.000
618400.000
683200.000
710800.000
759200.000
829200.000
896800.000
1134400.000
1315600.000
1534000.000
1754000.000
1926800.000
2082800.000
2166000.000
2237600.000
2355200.000
2515200.000
2627600.000
2793600.000
2924400.000
3035600.000
3221600.000
3215200.000
3260000.000
3344800.000
3169200.000
3240800.000
3278000.000
3253200.000
3347200.000
3337200.000
3269200.000
3178400.000
2965200.000
2697200.000
2488400.000
2264400.000
2035200.000
1554000.000
1298800.000
1162400.000
952000.000
809200.000
624000.000
503600.000
404400.000
330400.000
276000.000
253600.000
199600.000
196800.000
162400.000
133600.000
119600.000
114800.000
148800.000
210800.000
422800.000
720000.000
1125200.000
1566800.000
1733600.000
1940400.000
2202800.000
2516000.000
2598000.000
2681600.000
2725600.000
2831200.000
2916800.000
2956800.000
3014000.000
3047200.000
3096800.000
3130000.000
3046800.000
3054800.000
3139600.000
3193200.000
3090400.000
3053200.000
3050000.000
3000400.000
3031200.000
3192000.000
3081200.000
3019200.000
3045200.000
3001200.000
3012000.000
3038000.000
3068400.000
3060000.000
3068800.000
3248400.000
3191200.000
3289200.000
3353600.000
3247200.000
3308800.000
3375600.000
3449600.000
3489200.000
3551200.000
3417200.000
3344800.000
3310800.000
3044400.000
2770400.000
2294400.000
2122800.000
1770800.000
1410000.000
1086000.000
925600.000
746400.000
584800.000
469600.000
290000.000
259200.000
199600.000
170000.000
145200.000
124800.000
111200.000
87600.000
82400.000
93200.000
96000.000
90000.000
88000.000
84400.000
98000.000
92400.000
106800.000
104000.000
99200.000
85200.000
88400.000
116800.000
107200.000
94400.000
107200.000
97200.000
94000.000
108000.000
118400.000
117600.000
121600.000
125200.000
130400.000
149600.000
140000.000
161200.000
171600.000
190400.000
220400.000
240800.000
244800.000
251200.000
272400.000
277200.000
296000.000
288400.000
309600.000
315600.000
358400.000
361600.000
364000.000
390000.000
424800.000
430400.000
441200.000
445200.000
456400.000
470000.000
453600.000
474400.000
473200.000
509600.000
500000.000
536400.000
521600.000
529200.000
589200.000
548400.000
583200.000
554000.000
550000.000
580800.000
566000.000
592000.000
570400.000
526800.000
563200.000
537600.000
552400.000
548400.000
540800.000
564000.000
686000.000
678400.000
728800.000
758000.000
860800.000
958400.000
1048800.000
1212400.000
1332800.000
1658000.000
1908400.000
2145600.000
2064400.000
2276000.000
2393600.000
2500000.000
2712800.000
2762000.000
2938000.000
3118800.000
3331200.000
3525200.000
3444400.000
3408400.000
3393200.000
3469200.000
3477600.000
3439200.000
3554800.000
3462800.000
3403600.000
3412400.000
3338000.000
3226800.000
3146000.000
2866800.000
2603600.000
2341600.000
2080400.000
1753600.000
1368400.000
1154400.000
974800.000
799600.000
687200.000
525200.000
436800.000
331600.000
268400.000
211200.000
199200.000
160400.000
154000.000
134800.000
118000.000
130400.000
154400.000
257200.000
490400.000
885200.000
1239600.000
1559200.000
1767200.000
1944400.000
2220000.000
2564400.000
2564800.000
2689600.000
2778400.000
2822400.000
2924800.000
2942800.000
3068400.000
3066400.000
3077200.000
3066400.000
3117600.000
3035200.000
3093200.000
3150000.000
3118400.000
3100400.000
3009200.000
3031600.000
3018800.000
3022000.000
3017200.000
2989200.000
2956000.000
3006400.000
3026000.000
2957600.000
3036400.000
3020000.000
3089200.000
3138000.000
3180800.000
3215200.000
3263600.000
3170400.000
3237200.000
3343600.000
3389200.000
3399600.000
3415600.000
3487600.000
3417600.000
3354800.000
3176800.000
2898000.000
2454800.000
2139600.000
1782400.000
1471200.000
1160800.000
955200.000
804800.000
600400.000
474400.000
360800.000
258000.000
209200.000
157200.000
139200.000
137600.000
113200.000
98400.000
97600.000
90000.000
97600.000
83200.000
74000.000
102000.000
90800.000
92000.000
84800.000
106400.000
86800.000
82000.000
81600.000
90000.000
100800.000
92800.000
105200.000
111600.000
129600.000
140000.000
134400.000
152800.000
186800.000
163600.000
181600.000
182800.000
184800.000
211200.000
233200.000
239600.000
259600.000
259200.000
278000.000
295200.000
299600.000
317200.000
318800.000
330400.000
340800.000
338800.000
393200.000
399200.000
407600.000
422800.000
410000.000
453600.000
472800.000
479600.000
451600.000
466400.000
473200.000
505600.000
507200.000
498800.000
484000.000
532800.000
554400.000
540800.000
581600.000
560400.000
581600.000
591600.000
581200.000
558000.000
571600.000
588800.000
588000.000
581600.000
572400.000
562400.000
594800.000
551200.000
578800.000
580800.000
796800.000
720400.000
842000.000
976400.000
1062000.000
1210000.000
1318000.000
1551200.000
1641200.000
1847200.000
2075200.000
2286800.000
2397600.000
2410800.000
2584800.000
2708800.000
3114800.000
3298400.000
3297600.000
3355200.000
3508400.000
3723600.000
3708000.000
3602800.000
3686000.000
3500800.000
3592000.000
3582800.000
3554800.000
3522800.000
3513200.000
3453200.000
3397200.000
3352000.000
3275200.000
2933600.000
2659600.000
2321600.000
2100000.000
1667200.000
1281200.000
1167200.000
982400.000
851600.000
699600.000
546800.000
452400.000
346000.000
273600.000
233600.000
185600.000
150000.000
137200.000
118400.000
115600.000
123600.000
186400.000
315600.000
594000.000
995200.000
1326800.000
1658400.000
1818800.000
1980000.000
2296800.000
2462800.000
2624000.000
2665600.000
2776800.000
2864400.000
2884000.000
2947600.000
3000800.000
3017600.000
3095200.000
3104400.000
3093200.000
3064000.000
3107200.000
3078400.000
3083200.000
3053600.000
3017200.000
3059200.000
3056000.000
3018800.000
3080800.000
2981600.000
3019200.000
2978000.000
3036000.000
2996000.000
3022400.000
3052800.000
3091200.000
3155200.000
3146400.000
3197600.000
3340000.000
3319600.000
3299600.000
3308000.000
3486000.000
3388800.000
3496400.000
3444400.000
3430000.000
3332000.000
3294400.000
3030400.000
2624800.000
2262000.000
1937200.000
1723600.000
1262400.000
973600.000
810800.000
654800.000
514400.000
410800.000
290000.000
235600.000
183200.000
153600.000
124000.000
117600.000
102800.000
95200.000
95600.000
104400.000
90000.000
86800.000
77600.000
82800.000
88800.000
97200.000
92000.000
99600.000
93600.000
91600.000
100000.000
102000.000
92400.000
114800.000
122400.000
134000.000
149600.000
200800.000
213600.000
195600.000
210400.000
213600.000
242800.000
247200.000
257200.000
304400.000
296000.000
277600.000
290000.000
303600.000
303200.000
344800.000
358000.000
347600.000
351600.000
398800.000
394800.000
413600.000
384400.000
430800.000
462800.000
462800.000
450400.000
475600.000
450400.000
472800.000
519600.000
524400.000
488800.000
531600.000
520800.000
546400.000
549600.000
574400.000
583200.000
580400.000
607200.000
588400.000
638000.000
620400.000
630000.000
616800.000
596400.000
576400.000
581200.000
573600.000
637200.000
581600.000
580800.000
619600.000
625600.000
904400.000
894800.000
978400.000
1201600.000
1348000.000
1544400.000
1664800.000
1800400.000
1904800.000
2110000.000
2267600.000
2452400.000
2607200.000
2664800.000
2878000.000
3102000.000
3369200.000
3392000.000
3507600.000
3537200.000
3468400.000
3591200.000
3782800.000
3915200.000
3872000.000
3763600.000
3618400.000
3648400.000
3727600.000
3564000.000
3666400.000
3572400.000
3521200.000
3409600.000
3354000.000
3088400.000
2815200.000
2434800.000
2211600.000
1802800.000
1495200.000
1144000.000
1002800.000
847200.000
684800.000
566400.000
439200.000
378000.000
274800.000
201600.000
178800.000
170800.000
138400.000
122000.000
103600.000
140000.000
217200.000
384000.000
694400.000
1091600.000
1404800.000
1699200.000
1834000.000
2077200.000
2402000.000
2515200.000
2613600.000
2721200.000
2787200.000
2897200.000
2973600.000
2998800.000
3044800.000
3032000.000
3038800.000
3068000.000
3045200.000
3082400.000
3097200.000
2996400.000
3018800.000
3007600.000
2977200.000
3011200.000
3078400.000
3061200.000
3039200.000
3058400.000
2985200.000
3074000.000
3074400.000
3052400.000
3079600.000
3004400.000
3060800.000
3219600.000
3155200.000
3219600.000
3265200.000
3299200.000
3323200.000
3414000.000
3393600.000
3433200.000
3493200.000
3513200.000
3521200.000
3447200.000
3138800.000
3036800.000
2538000.000
2221600.000
1945200.000
1729200.000
1357200.000
1078000.000
828000.000
656000.000
514400.000
425200.000
292400.000
229600.000
192000.000
151600.000
129200.000
110400.000
112800.000
104400.000
94400.000
83600.000
84400.000
86800.000
80000.000
86400.000
82400.000
80000.000
86800.000
82000.000
86000.000
91200.000
94800.000
108000.000
116000.000
119200.000
152400.000
210000.000
238800.000
230400.000
281600.000
267200.000
286800.000
277200.000
263600.000
320400.000
318800.000
290800.000
312800.000
318800.000
307600.000
329200.000
347200.000
356800.000
358400.000
379200.000
391200.000
385200.000
395600.000
432000.000
462400.000
442800.000
476000.000
514800.000
526800.000
512800.000
511600.000
484400.000
522800.000
528400.000
550400.000
538800.000
522400.000
530400.000
569200.000
583600.000
568400.000
577200.000
599600.000
574400.000
612000.000
576800.000
665200.000
597600.000
614400.000
644000.000
616800.000
571600.000
603600.000
591600.000
592000.000
634000.000
603200.000
1160000.000
1186400.000
1330400.000
1452800.000
1546400.000
1707200.000
1818000.000
2104800.000
2197200.000
2314400.000
2486000.000
2776800.000
2863200.000
2998000.000
3144000.000
3199200.000
3233200.000
3338400.000
3444800.000
3611200.000
3683600.000
3754000.000
3743600.000
4006400.000
3962400.000
3923200.000
3824000.000
3678400.000
3686000.000
3663600.000
3686000.000
3712000.000
3546000.000
3431200.000
3387200.000
3066000.000
2900800.000
2458400.000
2216400.000
2022800.000
1672000.000
1183600.000
1030400.000
843200.000
694400.000
587600.000
445600.000
340400.000
264400.000
222000.000
183600.000
155200.000
149200.000
116000.000
113200.000
142000.000
257600.000
414800.000
698400.000
1080400.000
1360000.000
1695600.000
1897200.000
2251200.000
2494400.000
2653600.000
2692800.000
2744000.000
2753600.000
2921600.000
2931600.000
3062400.000
2958400.000
3021600.000
2997200.000
3013600.000
3128000.000
3153200.000
3106400.000
3004000.000
2960400.000
3013200.000
3100400.000
3059200.000
3010800.000
3018000.000
3086800.000
3090800.000
3052400.000
2962000.000
2962800.000
3059600.000
3030400.000
3040800.000
3138800.000
3102400.000
3082400.000
3091600.000
3236400.000
3317200.000
3285600.000
3300400.000
3359600.000
3412000.000
3574400.000
3491600.000
3481200.000
3409200.000
3172000.000
2896800.000
2608000.000
2182000.000
1861600.000
1670800.000
1360000.000
1030400.000
813600.000
718400.000
535200.000
410000.000
286400.000
245200.000
182400.000
160800.000
124800.000
110800.000
96800.000
99200.000
88400.000
84000.000
85600.000
74400.000
86000.000
84400.000
84800.000
85600.000
89600.000
98000.000
96400.000
111600.000
97200.000
123200.000
130800.000
162800.000
218400.000
244400.000
316800.000
351200.000
334800.000
307600.000
327200.000
318400.000
330000.000
331200.000
352400.000
323200.000
322800.000
333600.000
361600.000
359600.000
346800.000
354800.000
401600.000
392000.000
402800.000
415200.000
424000.000
445600.000
474800.000
494800.000
540000.000
577200.000
593200.000
538400.000
546400.000
525200.000
518000.000
535600.000
506800.000
538800.000
527200.000
546000.000
562000.000
564400.000
568800.000
572000.000
584000.000
604400.000
636000.000
638000.000
612000.000
628000.000
598400.000
634400.000
617200.000
607200.000
617600.000
596800.000
595600.000
618000.000
612400.000
1446000.000
1483200.000
1536800.000
1735600.000
1831200.000
1990400.000
2073600.000
2293600.000
2447200.000
2692400.000
2834800.000
2927600.000
3281600.000
3205600.000
3126800.000
3202800.000
3247200.000
3412800.000
3490800.000
3551600.000
3776000.000
3899600.000
3812000.000
3774400.000
3943600.000
4144400.000
3808800.000
3716800.000
3685600.000
3661200.000
3720800.000
3544800.000
3618000.000
3539200.000
3380400.000
3156000.000
2927600.000
2562400.000
2171600.000
1909200.000
1616800.000
1220400.000
973600.000
848800.000
726000.000
594400.000
445600.000
336400.000
259200.000
219200.000
183600.000
161600.000
110000.000
107200.000
116000.000
153600.000
291200.000
516400.000
781200.000
1109200.000
1456800.000
1725600.000
1930000.000
2240800.000
2378800.000
2563200.000
2710000.000
2735200.000
2810400.000
2908800.000
2935200.000
3021200.000
3034000.000
3040800.000
3046800.000
2998800.000
3123200.000
3084800.000
3050800.000
2958800.000
2952400.000
3061200.000
3065600.000
3050800.000
2968000.000
3073200.000
3059600.000
3020800.000
2999200.000
3018000.000
3014400.000
2999200.000
2998800.000
3006800.000
3060400.000
3070000.000
3107600.000
3141200.000
3204400.000
3154000.000
3134000.000
3263600.000
3342000.000
3458800.000
3427200.000
3434400.000
3394000.000
3315600.000
3152800.000
2890800.000
2449600.000
2187600.000
1924400.000
1666400.000
1305200.000
991200.000
818000.000
694000.000
524400.000
424000.000
288800.000
236800.000
192400.000
148400.000
135200.000
115200.000
95600.000
92400.000
85600.000
94000.000
83200.000
86400.000
91600.000
82400.000
80800.000
93600.000
78400.000
90000.000
96000.000
100000.000
111200.000
125600.000
148000.000
207600.000
285200.000
360000.000
383600.000
352000.000
343200.000
332400.000
308000.000
329200.000
335200.000
364400.000
349200.000
386800.000
370000.000
368400.000
350000.000
380800.000
416000.000
404800.000
409200.000
410400.000
418400.000
472800.000
454800.000
471200.000
499600.000
587200.000
596000.000
619200.000
631200.000
595200.000
593200.000
574400.000
555600.000
528400.000
552400.000
525600.000
547600.000
547600.000
574800.000
589600.000
570400.000
553600.000
595600.000
584000.000
618000.000
610000.000
629200.000
638000.000
616800.000
632000.000
607600.000
617600.000
637200.000
633600.000
640400.000
637200.000
628800.000
1626000.000
1596800.000
1701200.000
1834400.000
1982800.000
2118000.000
2234800.000
2420400.000
2662000.000
2852800.000
3103200.000
3029600.000
3057600.000
3151600.000
3184400.000
3216000.000
3236800.000
3391600.000
3408000.000
3557200.000
3674400.000
3734000.000
3758000.000
3756400.000
3842000.000
4067200.000
4092000.000
3852400.000
3678400.000
3677600.000
3686800.000
3584800.000
3481600.000
3538000.000
3362000.000
3252000.000
2846800.000
2532800.000
2181600.000
1876800.000
1676400.000
1298400.000
985200.000
848800.000
683200.000
570000.000
436400.000
337200.000
258000.000
211200.000
168800.000
150000.000
129200.000
107200.000
118800.000
156800.000
305600.000
506400.000
809200.000
1145200.000
1434000.000
1704400.000
2060800.000
2322000.000
2476000.000
2605600.000
2712400.000
2840400.000
2898800.000
2934000.000
2925200.000
3025600.000
3053200.000
3070000.000
3034000.000
3100000.000
3000800.000
3021600.000
3052000.000
2973200.000
2972400.000
2982800.000
3039200.000
3060800.000
3040000.000
3027200.000
3059600.000
3001200.000
2966800.000
3003600.000
2983600.000
2979600.000
3023200.000
3036000.000
3060400.000
3078400.000
3024400.000
3132400.000
3143200.000
3200400.000
3158400.000
3329200.000
3273200.000
3348800.000
3375600.000
3388400.000
3375200.000
3326000.000
2981600.000
2795600.000
2403200.000
2152400.000
1827600.000
1596000.000
1210000.000
996400.000
797600.000
679600.000
513200.000
399600.000
299600.000
252800.000
198000.000
162400.000
128800.000
106400.000
106800.000
96800.000
96800.000
91200.000
90800.000
89600.000
98800.000
93600.000
80400.000
87200.000
96000.000
102800.000
98000.000
123600.000
123600.000
144000.000
193600.000
260800.000
361200.000
406800.000
365200.000
351200.000
321600.000
336000.000
305600.000
338000.000
352000.000
386800.000
385200.000
408800.000
416000.000
396800.000
381600.000
410400.000
416400.000
406000.000
443200.000
424800.000
434400.000
422000.000
476000.000
550000.000
569600.000
631200.000
647200.000
622800.000
603600.000
619200.000
557200.000
582400.000
566400.000
543600.000
551600.000
537200.000
512400.000
534000.000
549200.000
602000.000
571200.000
587600.000
564800.000
575200.000
570800.000
603600.000
598000.000
593200.000
609200.000
608800.000
620000.000
638800.000
619600.000
643600.000
637600.000
650000.000
625600.000
1668400.000
1669600.000
1838000.000
1992400.000
2139600.000
2372400.000
2690000.000
2806800.000
2884800.000
3056000.000
2983200.000
2996000.000
3059600.000
3111600.000
3203200.000
3180400.000
3365200.000
3376800.000
3393200.000
3537600.000
3567200.000
3667600.000
3814000.000
3764000.000
3824000.000
3776000.000
4106400.000
4098000.000
3844400.000
3738800.000
3742800.000
3650400.000
3585200.000
3513200.000
3446400.000
3131200.000
2996800.000
2412800.000
2150000.000
1839200.000
1622800.000
1364000.000
993200.000
878800.000
686000.000
556400.000
420800.000
340000.000
248400.000
236400.000
170800.000
146800.000
122400.000
114400.000
131600.000
159600.000
283600.000
530000.000
781600.000
1136400.000
1397200.000
1714400.000
2117200.000
2364400.000
2439600.000
2621600.000
2745200.000
2842800.000
2893200.000
2983200.000
3044400.000
3015200.000
3148800.000
3118800.000
3084000.000
3008000.000
3077200.000
2990000.000
3048400.000
3012000.000
2986400.000
3065200.000
3120800.000
3040000.000
3117200.000
3133200.000
3112800.000
3093600.000
3065200.000
3075600.000
3044800.000
3005200.000
3004000.000
3017600.000
3028800.000
3059200.000
3108400.000
3214400.000
3167200.000
3184000.000
3252000.000
3209200.000
3306800.000
3417600.000
3372800.000
3300800.000
3379600.000
3192400.000
2987600.000
2757600.000
2334000.000
2072400.000
1876000.000
1590800.000
1160800.000
1020400.000
778000.000
617200.000
526800.000
373200.000
282400.000
232400.000
184400.000
150000.000
124400.000
107600.000
112000.000
105600.000
93600.000
86400.000
101600.000
93200.000
92000.000
85600.000
95600.000
82800.000
102400.000
103600.000
117600.000
115200.000
138000.000
156800.000
232400.000
312800.000
386400.000
445200.000
405600.000
384000.000
413600.000
456800.000
477200.000
422800.000
420000.000
421600.000
406800.000
422000.000
414400.000
439600.000
422400.000
401200.000
429600.000
452800.000
447600.000
476400.000
454000.000
498400.000
495200.000
576000.000
612400.000
673200.000
666400.000
676400.000
598800.000
549600.000
552400.000
561200.000
562400.000
589200.000
550800.000
545600.000
584000.000
570400.000
570800.000
555200.000
556800.000
556800.000
584000.000
596000.000
570400.000
596800.000
594000.000
613200.000
624000.000
610400.000
634800.000
601200.000
610400.000
643600.000
607600.000
621600.000
608000.000
1693200.000
1707600.000
1922400.000
2225600.000
2358000.000
2571200.000
2868800.000
2940000.000
2760800.000
2871200.000
2928800.000
2994400.000
3096000.000
3067600.000
3086800.000
3204800.000
3305600.000
3290000.000
3345200.000
3355200.000
3479200.000
3649200.000
3642000.000
3823200.000
3654800.000
3626800.000
3736400.000
3902400.000
4005600.000
3876800.000
3778400.000
3640000.000
3602000.000
3744000.000
3464400.000
3095200.000
2937600.000
2394800.000
2082000.000
1817600.000
1601200.000
1298800.000
977600.000
833600.000
672400.000
540400.000
412800.000
359600.000
269200.000
205200.000
165200.000
152000.000
123200.000
119200.000
132800.000
155200.000
276800.000
502800.000
738400.000
1074400.000
1334400.000
1655200.000
1998400.000
2286800.000
2395200.000
2504800.000
2794000.000
2875200.000
2935200.000
3011600.000
3140400.000
3137600.000
3145600.000
3144400.000
3115200.000
3106000.000
3061200.000
2993200.000
3077200.000
3019200.000
2983200.000
2989600.000
2974000.000
3043200.000
2970000.000
2991600.000
3094800.000
3059600.000
3096400.000
3066800.000
3094800.000
3069600.000
3082000.000
3171200.000
3036000.000
3072400.000
3114800.000
3193200.000
3252800.000
3294000.000
3266000.000
3239600.000
3290000.000
3309200.000
3318800.000
3365200.000
3245600.000
3144800.000
2838000.000
2632400.000
2219600.000
2006400.000
1716000.000
1542800.000
1153600.000
919200.000
732400.000
644800.000
495200.000
381200.000
272400.000
215200.000
186800.000
139600.000
140000.000
114800.000
110800.000
113600.000
90400.000
82000.000
91600.000
93600.000
85200.000
91200.000
93200.000
95600.000
104400.000
117600.000
131200.000
152800.000
182400.000
210400.000
296000.000
370000.000
463600.000
427200.000
430400.000
416400.000
522400.000
705600.000
612800.000
453600.000
451200.000
436800.000
454400.000
466400.000
414000.000
429200.000
437200.000
421600.000
432000.000
452400.000
449200.000
423600.000
476400.000
488000.000
542400.000
582800.000
660800.000
640800.000
622400.000
556400.000
520800.000
579600.000
590000.000
610800.000
560800.000
570800.000
561200.000
538400.000
562400.000
542800.000
572000.000
562000.000
554400.000
588400.000
599600.000
606800.000
580000.000
586800.000
586400.000
618800.000
610800.000
603200.000
596000.000
602800.000
606400.000
605200.000
594800.000
633200.000
594000.000
1700400.000
1703600.000
1808800.000
2494400.000
2710800.000
2600000.000
2559200.000
2749600.000
2760800.000
2829200.000
2818000.000
2935200.000
2952800.000
2896800.000
2892400.000
2998000.000
3011600.000
3082800.000
3140400.000
3311600.000
3287200.000
3410800.000
3532000.000
3690000.000
3738000.000
3666000.000
3670800.000
3760000.000
3830400.000
3850400.000
3801600.000
3704400.000
3596400.000
3581200.000
3324000.000
3135600.000
2824800.000
2297200.000
2036000.000
1866000.000
1651600.000
1219600.000
927600.000
789200.000
632800.000
502400.000
404800.000
320800.000
246000.000
215600.000
167200.000
136400.000
132400.000
124800.000
116800.000
148000.000
249200.000
471600.000
728400.000
1044800.000
1274000.000
1549600.000
1888800.000
2260800.000
2345200.000
2543200.000
2804800.000
2810400.000
2930000.000
3055600.000
3105600.000
3148400.000
3155600.000
3098800.000
3062000.000
3068000.000
3010800.000
3020800.000
2998000.000
3024400.000
3106000.000
3000800.000
3082400.000
2983600.000
3046000.000
3067200.000
3059200.000
3054800.000
3029200.000
3071600.000
3020000.000
3104000.000
3134800.000
3136800.000
3170800.000
3070800.000
3136000.000
3283200.000
3245200.000
3329200.000
3261600.000
3235200.000
3196400.000
3383200.000
3379200.000
3208000.000
3290400.000
3009200.000
2780000.000
2542000.000
2155600.000
1970800.000
1734400.000
1432000.000
1102400.000
922800.000
670400.000
591200.000
469600.000
356000.000
298400.000
212400.000
188400.000
161200.000
135600.000
105200.000
102000.000
101600.000
100400.000
86000.000
113600.000
90400.000
101600.000
95200.000
110000.000
108400.000
132000.000
128000.000
165200.000
190800.000
221600.000
262800.000
299200.000
355600.000
417600.000
440400.000
436800.000
421600.000
472400.000
557600.000
526000.000
491600.000
449200.000
439600.000
432800.000
441600.000
446800.000
456800.000
453600.000
435600.000
454000.000
467200.000
472800.000
467600.000
478800.000
469600.000
551600.000
603600.000
657200.000
626800.000
584000.000
568000.000
586800.000
601200.000
590400.000
587200.000
524000.000
566800.000
542800.000
528800.000
550000.000
549600.000
550800.000
557600.000
565200.000
570000.000
547200.000
555600.000
584800.000
566400.000
557200.000
588800.000
620000.000
588400.000
583600.000
591200.000
582800.000
576800.000
574800.000
590400.000
571200.000
1552400.000
1555200.000
1614000.000
2091200.000
2498800.000
2432800.000
2505600.000
2502000.000
2551600.000
2679200.000
2662400.000
2622000.000
2594800.000
2684400.000
2781600.000
2770400.000
2764800.000
2828000.000
2793600.000
2872400.000
2969200.000
3115600.000
3308800.000
3413200.000
3463600.000
3560800.000
3598000.000
3776000.000
3730400.000
3772000.000
3807200.000
3735200.000
3567600.000
3454400.000
3204400.000
2918000.000
2568800.000
2280000.000
2007600.000
1737200.000
1518800.000
1117600.000
953600.000
713200.000
594400.000
482400.000
376800.000
309600.000
248800.000
213600.000
150800.000
130800.000
100000.000
111200.000
110400.000
126400.000
214000.000
381600.000
646000.000
962400.000
1212000.000
1429200.000
1789600.000
2243200.000
2427200.000
2563600.000
2718800.000
2896800.000
2935200.000
2996800.000
3076000.000
3125200.000
3103200.000
3106400.000
3085600.000
3009200.000
3091600.000
3104400.000
3029600.000
3061200.000
3024000.000
2899600.000
2985200.000
3014000.000
2981600.000
3025600.000
2969200.000
2955200.000
2964800.000
3047200.000
3041200.000
2988000.000
2991200.000
3098000.000
3071600.000
3055600.000
3093600.000
3108000.000
3127200.000
3148000.000
3212000.000
3274800.000
3156000.000
3215600.000
3285200.000
3246800.000
3138800.000
2996800.000
2687200.000
2345600.000
2150000.000
1910400.000
1654400.000
1332000.000
1054800.000
860000.000
676400.000
544400.000
441600.000
327600.000
261600.000
212800.000
179200.000
140800.000
130000.000
125200.000
103200.000
97200.000
106400.000
94800.000
98000.000
104400.000
107600.000
105600.000
121600.000
135200.000
160400.000
190800.000
207200.000
228800.000
245600.000
264000.000
320800.000
373200.000
410400.000
466800.000
424800.000
405200.000
449600.000
436000.000
485600.000
452000.000
427200.000
459200.000
492000.000
474400.000
482000.000
474400.000
467600.000
466000.000
460800.000
494800.000
470000.000
490000.000
492400.000
485600.000
514400.000
592800.000
660800.000
641200.000
570000.000
632000.000
723600.000
769600.000
642800.000
594800.000
536400.000
524800.000
546800.000
516000.000
558000.000
544800.000
520800.000
544000.000
535600.000
520800.000
540000.000
547200.000
541600.000
589200.000
560000.000
537200.000
579600.000
586000.000
581600.000
561600.000
579200.000
582000.000
573200.000
612400.000
608000.000
1446000.000
1389200.000
1479200.000
1664800.000
2096400.000
2401200.000
2344400.000
2407200.000
2420800.000
2405200.000
2343600.000
2378400.000
2329200.000
2447200.000
2431600.000
2536800.000
2538800.000
2469600.000
2622000.000
2744000.000
2874000.000
2992800.000
3030400.000
3271600.000
3288400.000
3434800.000
3594000.000
3608800.000
3662000.000
3670000.000
3734400.000
3860000.000
3601600.000
3288000.000
3040800.000
2700400.000
2467200.000
2134800.000
1892400.000
1617600.000
1296400.000
1065600.000
844800.000
698400.000
560400.000
478000.000
388400.000
306800.000
233200.000
204800.000
156400.000
136400.000
117600.000
102800.000
113600.000
126000.000
198400.000
305600.000
523200.000
812400.000
1187200.000
1508800.000
1712800.000
2156800.000
2497200.000
2614400.000
2698000.000
2834000.000
2957200.000
3049200.000
3143200.000
3117600.000
3139200.000
3190000.000
3207600.000
3208000.000
3144400.000
3118400.000
3126800.000
3037200.000
3099200.000
3010000.000
2978000.000
3017200.000
3010000.000
3057600.000
3151600.000
3043200.000
2988400.000
3053200.000
3040400.000
3105200.000
3067600.000
3092800.000
3104800.000
3190800.000
3182000.000
3205200.000
3159600.000
3218800.000
3222400.000
3237200.000
3184400.000
3275600.000
3292400.000
3274800.000
3074400.000
2999200.000
2688000.000
2406400.000
2048400.000
1793200.000
1593200.000
1241200.000
1015200.000
828800.000
652400.000
538000.000
384400.000
334800.000
265200.000
216800.000
188000.000
152000.000
136800.000
120400.000
129200.000
111600.000
119600.000
107600.000
126400.000
116800.000
126000.000
151200.000
152000.000
181200.000
188800.000
204400.000
224800.000
236000.000
280400.000
264800.000
312400.000
347200.000
439600.000
473200.000
458000.000
470800.000
456000.000
469200.000
477600.000
470000.000
439200.000
472400.000
470000.000
487200.000
463200.000
486000.000
459600.000
484400.000
445600.000
475600.000
479200.000
489600.000
489600.000
518000.000
564000.000
602400.000
621600.000
604000.000
587200.000
603200.000
700400.000
750800.000
612000.000
588400.000
562400.000
545200.000
536400.000
561200.000
545600.000
564000.000
520000.000
527600.000
554400.000
526400.000
550800.000
550400.000
549200.000
544000.000
589200.000
556000.000
577600.000
572400.000
579600.000
560400.000
539600.000
584000.000
587200.000
566800.000
590000.000
1284800.000
1352800.000
1342400.000
1408400.000
1626800.000
1917600.000
2202000.000
2113600.000
2060800.000
2134800.000
2198400.000
2128400.000
2123200.000
2055200.000
2073200.000
2122800.000
2178000.000
2182400.000
2392000.000
2466000.000
2716800.000
2787200.000
2861200.000
2983200.000
3191600.000
3295200.000
3438800.000
3505200.000
3658800.000
3740400.000
3722400.000
3924000.000
3782800.000
3404400.000
2951600.000
2632000.000
2362800.000
2197200.000
1877200.000
1508400.000
1286400.000
1017600.000
812800.000
671600.000
550000.000
417600.000
330400.000
285600.000
212400.000
181600.000
134800.000
130000.000
116000.000
116000.000
105600.000
119600.000
173600.000
258800.000
440800.000
748800.000
1127600.000
1424400.000
1636000.000
1962800.000
2364800.000
2571600.000
2639200.000
2734000.000
2892800.000
3088000.000
3132000.000
3153200.000
3154400.000
3173600.000
3169600.000
3222400.000
3088400.000
3083600.000
3024000.000
3125600.000
3078000.000
3072800.000
2955200.000
3013600.000
2944800.000
2993200.000
3097200.000
3036400.000
3045600.000
3006400.000
3121200.000
3212400.000
3066800.000
3135600.000
3068000.000
3179600.000
3188800.000
3211200.000
3158400.000
3225200.000
3242400.000
3202400.000
3272400.000
3292000.000
3457200.000
3142400.000
3040000.000
2852800.000
2603200.000
2332400.000
2091600.000
1782000.000
1419200.000
1174400.000
996400.000
826800.000
641200.000
534800.000
392800.000
319200.000
246800.000
210000.000
182800.000
160800.000
156800.000
135600.000
144000.000
126000.000
126800.000
113200.000
135600.000
156000.000
142000.000
173200.000
202400.000
196400.000
228400.000
225600.000
240400.000
272000.000
263200.000
310400.000
362000.000
383600.000
415600.000
462000.000
469600.000
465600.000
463200.000
484800.000
495600.000
480000.000
501600.000
503200.000
449200.000
498400.000
508400.000
482400.000
487200.000
500800.000
480400.000
482800.000
470400.000
482800.000
496800.000
516800.000
592400.000
618800.000
636800.000
621200.000
589600.000
548000.000
553600.000
569200.000
602000.000
602800.000
566000.000
552400.000
577200.000
586000.000
557200.000
548400.000
518800.000
540400.000
558800.000
542000.000
541200.000
550800.000
541200.000
564800.000
541200.000
528400.000
532400.000
562000.000
556000.000
571600.000
547200.000
549200.000
590000.000
570800.000
594400.000
1043600.000
1049200.000
1167200.000
1237200.000
1304000.000
1384400.000
1613200.000
1737600.000
1771200.000
1756000.000
1834400.000
1793200.000
1698800.000
1578800.000
1599200.000
1582400.000
1638800.000
1691600.000
1892400.000
2067200.000
2233200.000
2357600.000
2636800.000
2827200.000
3081600.000
3186800.000
3202000.000
3375600.000
3479600.000
3576800.000
3664800.000
3522000.000
3509200.000
3301600.000
2874000.000
2528400.000
2296800.000
2067200.000
1752000.000
1325200.000
1173600.000
935600.000
752400.000
661600.000
490800.000
398800.000
329600.000
273600.000
232000.000
191600.000
132400.000
130000.000
104800.000
114000.000
112800.000
118000.000
144400.000
237600.000
390000.000
720400.000
1027600.000
1359200.000
1598800.000
1855200.000
2249600.000
2488000.000
2616000.000
2737200.000
2905200.000
2944800.000
3032000.000
3050000.000
3108800.000
3096800.000
3147200.000
3123200.000
3098400.000
3051600.000
3072000.000
3001600.000
3061200.000
3052400.000
2993600.000
2950800.000
2993600.000
2904400.000
3012000.000
2940400.000
3025600.000
3027200.000
3022000.000
3126000.000
3083200.000
3089600.000
3074400.000
3111600.000
3132400.000
3199600.000
3220800.000
3204800.000
3196800.000
3176400.000
3193600.000
3286400.000
3333600.000
3186800.000
2946400.000
2702000.000
2516400.000
2322800.000
2076800.000
1746400.000
1304800.000
1148000.000
994800.000
773200.000
645200.000
470400.000
368400.000
310800.000
248000.000
203600.000
178400.000
188800.000
181200.000
172000.000
148400.000
144000.000
150400.000
146800.000
158400.000
179200.000
187200.000
199200.000
233200.000
238800.000
241200.000
261200.000
257600.000
280800.000
303200.000
339200.000
374800.000
396000.000
435200.000
439600.000
442000.000
474000.000
472800.000
515600.000
516400.000
555600.000
509200.000
463200.000
483600.000
474000.000
488400.000
465600.000
473200.000
464000.000
474000.000
475200.000
476800.000
511200.000
496000.000
503600.000
562000.000
561600.000
591200.000
585200.000
584800.000
553600.000
541600.000
560000.000
544800.000
555200.000
540800.000
574800.000
592800.000
550800.000
525200.000
523200.000
522000.000
515200.000
527200.000
527200.000
521200.000
506000.000
529600.000
512000.000
535600.000
540800.000
513200.000
541200.000
544400.000
525200.000
556800.000
566000.000
560800.000
550400.000
560000.000
760400.000
770800.000
856000.000
1038000.000
1043600.000
1162000.000
1146400.000
1121600.000
1111200.000
1155200.000
1174000.000
1160400.000
1191600.000
1212000.000
1139600.000
1148800.000
1228000.000
1352800.000
1470800.000
1659600.000
1807200.000
2004000.000
2221600.000
2553200.000
2756400.000
2940800.000
3020400.000
3198000.000
3318800.000
3549200.000
3536400.000
3289200.000
3039600.000
2939200.000
2640000.000
2406000.000
2182400.000
1960400.000
1590800.000
1268400.000
1065600.000
864800.000
714400.000
570000.000
459600.000
381600.000
322800.000
245600.000
204400.000
173600.000
141200.000
122800.000
116000.000
96800.000
106400.000
110400.000
146800.000
207600.000
343200.000
660000.000
1035200.000
1444000.000
1615600.000
1984400.000
2062000.000
2432000.000
2502000.000
2692000.000
2778000.000
2933600.000
2954400.000
3085600.000
3042400.000
3083200.000
3107600.000
3126400.000
3048800.000
3060400.000
3041200.000
3044400.000
2997200.000
3046800.000
2961600.000
2917200.000
2957200.000
2918400.000
2958400.000
2976800.000
3028400.000
2989600.000
3015600.000
3109200.000
3096400.000
3155600.000
3174400.000
3134400.000
3130400.000
3144400.000
3284000.000
3275600.000
3230400.000
3161200.000
3135600.000
3217600.000
3286000.000
3120800.000
2995600.000
2812800.000
2514400.000
2260400.000
1988000.000
1706000.000
1383600.000
1091600.000
966000.000
758000.000
618000.000
453200.000
380400.000
280800.000
250800.000
227200.000
215600.000
185600.000
226000.000
182400.000
159600.000
161200.000
181200.000
175200.000
188000.000
225600.000
236400.000
240800.000
247600.000
272000.000
271600.000
297200.000
298400.000
324800.000
327200.000
356400.000
392000.000
400400.000
415200.000
393200.000
445600.000
431200.000
468400.000
478800.000
495600.000
489200.000
501600.000
503200.000
510400.000
478400.000
478800.000
487600.000
498400.000
474800.000
486800.000
536000.000
493600.000
515200.000
492800.000
496800.000
500400.000
556800.000
558800.000
594400.000
578800.000
560800.000
524400.000
544800.000
538400.000
512000.000
547200.000
556000.000
521200.000
541600.000
518400.000
499200.000
511600.000
498400.000
508400.000
521200.000
496400.000
494800.000
518000.000
535200.000
523600.000
522000.000
521600.000
554400.000
548400.000
545200.000
535200.000
534400.000
576800.000
521600.000
542000.000
586800.000
613600.000
715600.000
773200.000
912800.000
956800.000
914000.000
890000.000
859200.000
926400.000
944400.000
985600.000
959600.000
997200.000
969200.000
1025600.000
1047200.000
1127600.000
1258400.000
1453600.000
1636000.000
1778000.000
1951200.000
2223200.000
2422000.000
2649600.000
2851600.000
2948800.000
3228000.000
3416400.000
3439600.000
3241600.000
2966400.000
2962800.000
2586400.000
2256800.000
2172000.000
1810000.000
1467200.000
1209200.000
985200.000
812000.000
700000.000
510000.000
424000.000
355200.000
275600.000
236800.000
165600.000
160400.000
139200.000
118000.000
112800.000
88800.000
118800.000
119600.000
155200.000
220400.000
436400.000
740000.000
1128800.000
1555600.000
1721200.000
1891200.000
2178800.000
2502000.000
2624400.000
2756800.000
2765600.000
3013200.000
3049200.000
3059200.000
3145200.000
3134400.000
3120400.000
3215200.000
3172400.000
3170000.000
3181200.000
3126400.000
3055200.000
3129600.000
3028400.000
3002000.000
3042400.000
3032800.000
3087600.000
3111600.000
3090800.000
3036800.000
3108400.000
3062400.000
3150400.000
3190400.000
3244400.000
3230000.000
3255600.000
3276000.000
3309200.000
3289600.000
3221600.000
3315200.000
3214400.000
3261600.000
3307600.000
3262000.000
3018400.000
2708400.000
2525600.000
2257600.000
1951200.000
1715200.000
1297600.000
1077200.000
876800.000
739600.000
603600.000
468400.000
357200.000
272400.000
250800.000
242000.000
226400.000
230000.000
195200.000
172000.000
185600.000
194400.000
178400.000
211600.000
230400.000
246400.000
240800.000
250400.000
260800.000
292400.000
286000.000
301600.000
321600.000
338800.000
359200.000
394000.000
386000.000
376800.000
411200.000
428000.000
445600.000
478800.000
481600.000
486400.000
458800.000
486400.000
487600.000
483200.000
506400.000
515600.000
471600.000
476800.000
451600.000
487200.000
466400.000
467200.000
488000.000
510800.000
513200.000
492800.000
497600.000
513200.000
518400.000
572400.000
573600.000
553600.000
586400.000
597600.000
586000.000
567200.000
528400.000
574400.000
532400.000
520000.000
538000.000
522000.000
515600.000
493600.000
550400.000
500800.000
530800.000
522000.000
509200.000
507600.000
534000.000
505200.000
528400.000
503200.000
552800.000
520400.000
538800.000
532400.000
522400.000
522400.000
529200.000
374000.000
396400.000
408400.000
542400.000
649200.000
705600.000
731600.000
719200.000
728400.000
821600.000
842800.000
686800.000
726000.000
688000.000
709600.000
741200.000
798400.000
865200.000
1030800.000
1164800.000
1370000.000
1484800.000
1625200.000
1703600.000
1979200.000
2271600.000
2656800.000
2822800.000
3020400.000
3100800.000
3156000.000
3097200.000
2963600.000
2937600.000
2657600.000
2241200.000
1874400.000
1560800.000
1348000.000
1118400.000
974000.000
757200.000
625200.000
477600.000
395200.000
314000.000
244800.000
216800.000
171600.000
155200.000
126000.000
108800.000
116000.000
110800.000
113200.000
124800.000
185200.000
288800.000
504800.000
832000.000
1256800.000
1516000.000
1794400.000
1952800.000
2137200.000
2506400.000
2639200.000
2782800.000
2931600.000
2946800.000
3006800.000
3096000.000
3132800.000
3134800.000
3155200.000
3118000.000
3130000.000
3149200.000
3142800.000
3170400.000
3117600.000
3048800.000
3053200.000
3030400.000
2987200.000
2946000.000
2995600.000
3006800.000
3052400.000
3105200.000
3061200.000
3090000.000
3161600.000
3168400.000
3164800.000
3183200.000
3176800.000
3276400.000
3326800.000
3385200.000
3288800.000
3243200.000
3251600.000
3323200.000
3253200.000
3254000.000
3108800.000
2854400.000
2565200.000
2182800.000
1918000.000
1645600.000
1265200.000
1043600.000
878000.000
736400.000
591200.000
489600.000
362400.000
273600.000
252800.000
232800.000
263600.000
264400.000
226800.000
217600.000
230000.000
248400.000
220400.000
231600.000
264400.000
270800.000
282800.000
273200.000
271200.000
301200.000
309200.000
331200.000
362800.000
360000.000
362800.000
363600.000
378000.000
399200.000
414800.000
417600.000
445200.000
437200.000
460800.000
473600.000
475200.000
490000.000
485600.000
493600.000
458000.000
479600.000
506800.000
495600.000
458000.000
476000.000
501200.000
492000.000
497600.000
484000.000
500000.000
501600.000
496400.000
509200.000
516000.000
522800.000
532400.000
544400.000
529200.000
530400.000
565200.000
528800.000
533200.000
538800.000
497600.000
521200.000
522400.000
515600.000
490400.000
502400.000
508800.000
498800.000
499600.000
515600.000
510800.000
538000.000
529600.000
514000.000
511200.000
515200.000
541600.000
538400.000
526000.000
513200.000
532800.000
505200.000
543600.000
331600.000
298800.000
334800.000
418800.000
466800.000
553200.000
595600.000
580800.000
555200.000
551600.000
540000.000
577200.000
575200.000
550800.000
556400.000
602000.000
622800.000
702400.000
833200.000
948000.000
1108400.000
1267600.000
1376000.000
1464400.000
1711200.000
1971200.000
2303200.000
2545200.000
2752000.000
2874400.000
2920800.000
2936400.000
2915600.000
2645200.000
2405200.000
2042000.000
1648400.000
1478800.000
1283200.000
1024400.000
894000.000
698000.000
578800.000
444800.000
373200.000
281600.000
252800.000
191200.000
161200.000
154000.000
131200.000
114400.000
108400.000
113600.000
127200.000
141200.000
213200.000
429600.000
642800.000
1023600.000
1359200.000
1630400.000
1824800.000
2068000.000
2297200.000
2534000.000
2728800.000
2802400.000
2888000.000
2999200.000
3006400.000
3065600.000
3142800.000
3142800.000
3133600.000
3201200.000
3152800.000
3120400.000
3216800.000
3139200.000
3048800.000
3121600.000
3107200.000
3120800.000
3095200.000
3021200.000
3026800.000
3024000.000
3041200.000
3069200.000
3165200.000
3246400.000
3128400.000
3216400.000
3204400.000
3280800.000
3312000.000
3393200.000
3355200.000
3264000.000
3299600.000
3356400.000
3381600.000
3397600.000
3297600.000
3295600.000
3044400.000
2857200.000
2489600.000
2141600.000
1844800.000
1663600.000
1318400.000
1099200.000
833200.000
755600.000
590000.000
438800.000
359200.000
277600.000
260800.000
278400.000
283600.000
285600.000
231200.000
240800.000
273600.000
309200.000
273600.000
269200.000
265600.000
282400.000
318400.000
320000.000
309600.000
327600.000
347200.000
350400.000
363600.000
396800.000
401600.000
396800.000
401200.000
426000.000
434400.000
460400.000
437200.000
478400.000
476000.000
484400.000
481600.000
502000.000
469600.000
495200.000
472000.000
463600.000
501600.000
498000.000
498800.000
488000.000
506400.000
471200.000
488400.000
490400.000
506400.000
496800.000
524800.000
512000.000
506800.000
499200.000
528800.000
537200.000
551600.000
530800.000
518000.000
563600.000
540800.000
510800.000
513600.000
538800.000
525600.000
529200.000
510000.000
530800.000
486400.000
502000.000
524400.000
537200.000
517600.000
508800.000
517600.000
516000.000
517600.000
532400.000
547200.000
513600.000
508000.000
532400.000
515600.000
522400.000
521200.000
233200.000
233200.000
219200.000
234800.000
284400.000
347600.000
364000.000
410400.000
416000.000
386800.000
405600.000
409200.000
417200.000
388400.000
364400.000
388800.000
440000.000
515600.000
579600.000
653200.000
694400.000
856800.000
1146800.000
1272800.000
1472000.000
1457200.000
1675200.000
2058400.000
2458000.000
2520800.000
2722800.000
2703200.000
2586400.000
2312000.000
2123600.000
2010400.000
1600000.000
1322800.000
1167600.000
989200.000
789200.000
663200.000
500000.000
454000.000
315200.000
271200.000
219600.000
176400.000
143200.000
143600.000
142400.000
119200.000
109600.000
121200.000
148400.000
214800.000
382400.000
590000.000
836000.000
1151600.000
1507600.000
1750400.000
1865600.000
2108000.000
2423600.000
2647200.000
2723200.000
2848400.000
2907600.000
2987200.000
3042800.000
3095600.000
3137600.000
3086000.000
3134800.000
3118400.000
3089600.000
3100000.000
3128400.000
3151600.000
3106400.000
3058000.000
3082400.000
3134000.000
3122000.000
3044800.000
3009600.000
3054800.000
3102800.000
3100000.000
3191600.000
3166000.000
3173200.000
3260800.000
3200000.000
3240000.000
3354400.000
3372400.000
3189200.000
3217200.000
3322800.000
3314000.000
3251600.000
3338800.000
3359600.000
3245200.000
3042800.000
2770800.000
2413200.000
2224800.000
1945600.000
1758400.000
1290800.000
1073600.000
877600.000
732800.000
604800.000
492800.000
404800.000
324800.000
303200.000
284800.000
295200.000
290800.000
271600.000
275200.000
292400.000
337600.000
302000.000
280800.000
285600.000
288800.000
292400.000
322400.000
330800.000
354400.000
382400.000
373600.000
379200.000
372000.000
379200.000
434000.000
412800.000
435200.000
446400.000
485600.000
495200.000
475200.000
492000.000
495200.000
505600.000
490400.000
488000.000
497600.000
498800.000
510800.000
497200.000
483200.000
500800.000
500000.000
483200.000
504800.000
502800.000
504000.000
475200.000
488400.000
486000.000
524800.000
502000.000
467200.000
525200.000
513600.000
523200.000
525600.000
527200.000
527600.000
541200.000
518800.000
503200.000
518800.000
504000.000
515200.000
510000.000
515200.000
502800.000
513600.000
524000.000
518400.000
528400.000
467600.000
526800.000
521600.000
498800.000
494400.000
497600.000
534000.000
522000.000
506400.000
544400.000
523200.000
550400.000
198400.000
172400.000
184000.000
212400.000
261600.000
252000.000
247200.000
280400.000
299200.000
294400.000
306800.000
298800.000
275200.000
274400.000
309600.000
309200.000
365600.000
424800.000
467600.000
483600.000
494400.000
717600.000
1049600.000
1179200.000
1197200.000
1234400.000
1433200.000
1658400.000
1915600.000
2229600.000
2452800.000
2524400.000
2455600.000
2217600.000
2033600.000
1773200.000
1615200.000
1210800.000
1108400.000
943200.000
776400.000
612400.000
500800.000
391200.000
310000.000
269600.000
207600.000
177200.000
146400.000
145200.000
118400.000
100800.000
119600.000
132800.000
185600.000
305200.000
524800.000
768400.000
1047200.000
1324000.000
1563200.000
1826800.000
1934400.000
2238400.000
2510800.000
2694800.000
2801200.000
2915200.000
2880400.000
3046400.000
3075200.000
3131600.000
3078000.000
3170000.000
3126800.000
3154800.000
3072000.000
3165200.000
3138400.000
3114400.000
3106000.000
3073600.000
3056400.000
3042400.000
3095200.000
3125200.000
3091200.000
3072400.000
3060800.000
3113200.000
3179600.000
3234800.000
3306400.000
3241200.000
3236400.000
3234400.000
3353200.000
3248000.000
3284800.000
3313600.000
3348000.000
3307200.000
3319600.000
3356800.000
3388000.000
3281200.000
3090400.000
2840800.000
2529200.000
2235200.000
1923200.000
1680400.000
1322800.000
1048400.000
860000.000
710000.000
601600.000
473200.000
383600.000
359200.000
324800.000
312000.000
336400.000
276400.000
289600.000
294800.000
298000.000
349200.000
305600.000
320000.000
320000.000
333600.000
339200.000
343200.000
329600.000
332800.000
372800.000
397200.000
378000.000
413600.000
389600.000
440400.000
445200.000
430400.000
447200.000
472800.000
474400.000
482000.000
484800.000
517200.000
500000.000
485600.000
495200.000
487600.000
510000.000
491600.000
503200.000
504000.000
534000.000
508800.000
473200.000
496400.000
499600.000
488400.000
500800.000
506400.000
486800.000
507200.000
497200.000
497600.000
481600.000
498000.000
517200.000
517600.000
514000.000
508400.000
506400.000
492400.000
495200.000
508000.000
494400.000
515200.000
493600.000
508000.000
492400.000
522800.000
489200.000
495600.000
512000.000
504400.000
493200.000
496400.000
520800.000
524000.000
512800.000
516400.000
537200.000
528400.000
533200.000
546400.000
511600.000
153600.000
179600.000
151600.000
179600.000
220400.000
238800.000
224400.000
204000.000
228400.000
211200.000
249600.000
215200.000
225200.000
218400.000
198400.000
207200.000
278400.000
300800.000
348000.000
370000.000
348400.000
392800.000
646000.000
902400.000
869200.000
1027200.000
1153600.000
1318000.000
1525600.000
1929600.000
2126800.000
2282400.000
2179200.000
1978800.000
1726000.000
1627600.000
1533200.000
1196400.000
1049600.000
788000.000
716800.000
568000.000
473600.000
349600.000
292800.000
234000.000
205200.000
168800.000
133200.000
120000.000
123200.000
113600.000
125200.000
166400.000
270000.000
421200.000
698000.000
1020800.000
1242000.000
1482800.000
1684800.000
1900400.000
2149200.000
2418800.000
2584800.000
2736800.000
2860000.000
2938000.000
3003600.000
3072000.000
3158000.000
3106000.000
3138000.000
3190400.000
3224000.000
3276800.000
3188000.000
3062400.000
3146400.000
3160800.000
3135200.000
3108000.000
3159600.000
3107200.000
3091600.000
3092800.000
3172800.000
3043600.000
3118000.000
3077600.000
3178400.000
3313600.000
3268800.000
3239200.000
3245600.000
3315200.000
3368400.000
3331200.000
3292000.000
3327600.000
3342400.000
3459200.000
3442000.000
3512800.000
3434800.000
3311200.000
3046000.000
2899600.000
2547200.000
2291600.000
2022400.000
1786000.000
1343600.000
1107200.000
928800.000
764000.000
656800.000
508000.000
434000.000
384000.000
356000.000
336400.000
329600.000
312800.000
327200.000
312400.000
305600.000
338000.000
326800.000
338000.000
336800.000
380800.000
383200.000
359600.000
360000.000
361600.000
393600.000
408000.000
399600.000
390000.000
436800.000
448000.000
438400.000
429600.000
441200.000
475600.000
500800.000
507200.000
515600.000
515600.000
545600.000
549600.000
525600.000
559600.000
548400.000
534000.000
521200.000
528000.000
519600.000
514800.000
508800.000
518000.000
516400.000
484800.000
503200.000
485200.000
503600.000
496400.000
506400.000
510000.000
482400.000
482800.000
525200.000
528400.000
497200.000
507600.000
516800.000
496000.000
496400.000
476400.000
535600.000
501200.000
486800.000
500400.000
523200.000
514000.000
518800.000
507200.000
491600.000
509200.000
521200.000
515200.000
506800.000
513200.000
512000.000
526000.000
528400.000
496800.000
508800.000
536400.000
526000.000
147200.000
148400.000
140800.000
148000.000
157200.000
186400.000
155600.000
152800.000
177200.000
171200.000
191600.000
171600.000
164800.000
149600.000
158800.000
190000.000
207200.000
234400.000
253600.000
255600.000
264000.000
295600.000
372400.000
488800.000
606400.000
685200.000
864000.000
1149200.000
1344000.000
1648800.000
1796400.000
1780000.000
1664000.000
1711600.000
1556400.000
1421600.000
1432000.000
1178000.000
828000.000
755600.000
645200.000
536400.000
423600.000
336800.000
274000.000
233200.000
192000.000
161600.000
150000.000
119200.000
119600.000
111200.000
117600.000
183200.000
320000.000
544400.000
844400.000
1104000.000
1256400.000
1519600.000
1743600.000
1931200.000
2318000.000
2435600.000
2666800.000
2790800.000
2838800.000
2918400.000
3071600.000
3060400.000
3186000.000
3143200.000
3104000.000
3128400.000
3174800.000
3192800.000
3147600.000
3132800.000
3082800.000
3137200.000
3061600.000
3140400.000
3112800.000
3050800.000
3052800.000
3090400.000
3107200.000
3176000.000
3132000.000
3122000.000
3134000.000
3210400.000
3215600.000
3237200.000
3233600.000
3256800.000
3338800.000
3330400.000
3333200.000
3293600.000
3387600.000
3327200.000
3351200.000
3390000.000
3331200.000
3292000.000
3021200.000
2840400.000
2456800.000
2187200.000
1905200.000
1678800.000
1324400.000
1100000.000
961600.000
788800.000
670800.000
539600.000
431600.000
384800.000
357200.000
355600.000
328800.000
336800.000
330400.000
338000.000
355200.000
354000.000
371200.000
355600.000
353600.000
408800.000
393600.000
380400.000
379600.000
401200.000
394800.000
409200.000
398400.000
413200.000
422000.000
431600.000
447600.000
453600.000
472800.000
484400.000
493200.000
528800.000
560800.000
569600.000
599600.000
622400.000
624800.000
588800.000
604800.000
552800.000
547200.000
538800.000
539600.000
525600.000
503200.000
504000.000
508400.000
502800.000
503200.000
501600.000
480800.000
500400.000
473600.000
507600.000
479600.000
482400.000
494000.000
494000.000
505600.000
504000.000
494400.000
496000.000
500400.000
473200.000
518800.000
518000.000
514400.000
470800.000
490400.000
498400.000
489200.000
474000.000
523600.000
528000.000
502000.000
510400.000
517200.000
493600.000
493200.000
492000.000
511600.000
525600.000
514400.000
514800.000
533600.000
133600.000
132000.000
131600.000
116000.000
119600.000
133200.000
141200.000
126800.000
136400.000
136400.000
131600.000
114000.000
125200.000
148800.000
130400.000
138000.000
165600.000
174400.000
212400.000
214800.000
216400.000
230400.000
255600.000
343200.000
418400.000
469200.000
612800.000
836800.000
1136400.000
1361600.000
1462800.000
1517600.000
1352800.000
1430000.000
1367200.000
1250400.000
1148000.000
1029200.000
746400.000
651600.000
548000.000
438800.000
415600.000
322800.000
256000.000
207200.000
187600.000
146800.000
129200.000
106000.000
104800.000
122400.000
150400.000
243600.000
404400.000
640400.000
939200.000
1218400.000
1416400.000
1676400.000
1780000.000
2113200.000
2392800.000
2498000.000
2718800.000
2790400.000
2841600.000
2902800.000
3034400.000
3057600.000
3103200.000
3208400.000
3105200.000
3148000.000
3086000.000
3132400.000
3178800.000
3212400.000
3086000.000
3122400.000
3079600.000
3147200.000
3072400.000
3120000.000
3116000.000
3146400.000
3142800.000
3179200.000
3173200.000
3232400.000
3173600.000
3248000.000
3226000.000
3284800.000
3339600.000
3282800.000
3403200.000
3374000.000
3380400.000
3378800.000
3376400.000
3431200.000
3503600.000
3382800.000
3364400.000
3294000.000
3041600.000
2775200.000
2510400.000
2127600.000
1879200.000
1630400.000
1295200.000
1122400.000
968800.000
831200.000
689200.000
561600.000
470800.000
380400.000
368400.000
372000.000
350800.000
380400.000
380000.000
371200.000
371600.000
384000.000
372400.000
352800.000
377600.000
389600.000
401200.000
396000.000
403200.000
380400.000
414000.000
420800.000
433200.000
433200.000
441200.000
475200.000
488800.000
468400.000
495200.000
477200.000
587200.000
614800.000
678400.000
725600.000
728000.000
741200.000
724000.000
733600.000
684000.000
662800.000
650400.000
626000.000
605600.000
582800.000
552800.000
517200.000
531200.000
478400.000
488400.000
530400.000
501600.000
500000.000
484800.000
514000.000
523200.000
480000.000
516000.000
494800.000
487200.000
524400.000
510400.000
515200.000
497600.000
510800.000
456400.000
496000.000
496800.000
511600.000
496800.000
486800.000
530400.000
524800.000
497600.000
529200.000
525200.000
494800.000
474800.000
509600.000
530000.000
522400.000
530000.000
524000.000
515200.000
522400.000
518400.000
130400.000
113600.000
135600.000
132400.000
132000.000
118800.000
136400.000
133200.000
128000.000
124400.000
102400.000
120800.000
121600.000
122000.000
124800.000
124400.000
140800.000
142800.000
196000.000
193200.000
182000.000
190800.000
236800.000
254000.000
319200.000
371200.000
516800.000
681200.000
882800.000
1132800.000
1346800.000
1262400.000
1169200.000
1252000.000
1336400.000
1169200.000
980000.000
752800.000
647600.000
569600.000
506400.000
434000.000
346000.000
283200.000
241600.000
184800.000
158000.000
141600.000
116800.000
99600.000
117600.000
114000.000
175200.000
274400.000
436000.000
680400.000
988800.000
1238800.000
1443200.000
1726000.000
1936400.000
2110800.000
2345200.000
2434000.000
2700000.000
2811600.000
2896800.000
3053600.000
3046400.000
3107200.000
3086000.000
3126800.000
3172800.000
3121200.000
3164000.000
3081600.000
3100400.000
3110800.000
3053600.000
3095600.000
3030400.000
3030000.000
3098800.000
3132400.000
3149200.000
3148400.000
3125200.000
3122000.000
3162800.000
3156000.000
3134000.000
3250800.000
3239200.000
3292800.000
3310000.000
3355600.000
3349600.000
3275200.000
3265600.000
3280800.000
3277200.000
3371200.000
3314800.000
3374000.000
3293600.000
3254800.000
3011600.000
2723200.000
2386400.000
2100800.000
1808400.000
1612800.000
1260000.000
1095600.000
919200.000
789200.000
664000.000
570400.000
475600.000
430800.000
417200.000
380800.000
358000.000
367200.000
388800.000
389200.000
392800.000
396000.000
368000.000
385600.000
387600.000
422800.000
419200.000
389600.000
430400.000
406000.000
405600.000
420400.000
437200.000
420400.000
454400.000
467600.000
485600.000
496800.000
532800.000
587200.000
657600.000
733200.000
811200.000
864400.000
881200.000
856400.000
824000.000
786000.000
810800.000
735600.000
730000.000
662800.000
651600.000
628400.000
611600.000
569200.000
546000.000
527600.000
490800.000
496400.000
494400.000
462000.000
479600.000
524800.000
509600.000
475600.000
500000.000
466000.000
493600.000
502400.000
496400.000
499600.000
486800.000
505200.000
508800.000
506400.000
520000.000
512000.000
524800.000
510400.000
479200.000
500400.000
536800.000
517600.000
511200.000
511600.000
496800.000
519200.000
516000.000
516400.000
510000.000
520800.000
510800.000
505200.000
509200.000
112800.000
112400.000
120800.000
133600.000
131600.000
126000.000
135200.000
118800.000
108800.000
123600.000
109200.000
118400.000
105200.000
116800.000
106800.000
104000.000
121600.000
119600.000
144000.000
163600.000
186000.000
186400.000
182000.000
189200.000
248000.000
279200.000
328800.000
447200.000
641200.000
849200.000
1022000.000
1002400.000
911600.000
894000.000
1090400.000
1080400.000
830800.000
634400.000
575200.000
506400.000
402000.000
381600.000
298400.000
268000.000
204800.000
181200.000
148400.000
121200.000
122000.000
107200.000
117600.000
109200.000
153200.000
268800.000
497200.000
701200.000
998400.000
1214800.000
1470400.000
1891600.000
2102000.000
2145600.000
2398400.000
2524800.000
2683600.000
2805600.000
2916800.000
3022800.000
3055200.000
3140400.000
3136800.000
3110400.000
3147200.000
3233600.000
3151600.000
3194400.000
3152800.000
3136800.000
3098800.000
3142000.000
3117600.000
3056400.000
3109200.000
3143200.000
3141200.000
3206400.000
3117200.000
3155600.000
3130400.000
3172800.000
3226400.000
3262800.000
3214000.000
3282400.000
3292800.000
3353200.000
3360000.000
3332800.000
3416000.000
3358400.000
3320800.000
3324000.000
3348400.000
3290800.000
3212400.000
3093600.000
2886000.000
2663600.000
2337600.000
2073600.000
1834400.000
1615200.000
1268000.000
1085600.000
911600.000
809600.000
700800.000
593600.000
526000.000
456800.000
443200.000
413200.000
405600.000
388400.000
379200.000
402000.000
381600.000
403600.000
387600.000
418400.000
398400.000
396000.000
384400.000
398800.000
418400.000
414400.000
427600.000
440800.000
452000.000
451200.000
473600.000
467600.000
480400.000
531600.000
563600.000
634000.000
734000.000
891600.000
973200.000
1013200.000
986000.000
910400.000
896000.000
839200.000
860000.000
852000.000
825200.000
804000.000
764000.000
701200.000
659200.000
636800.000
596800.000
543600.000
510800.000
524400.000
515200.000
494800.000
495200.000
502400.000
489600.000
513600.000
449600.000
480800.000
504000.000
509200.000
510000.000
496400.000
510000.000
504400.000
512800.000
489600.000
489200.000
515200.000
521200.000
503200.000
496000.000
508800.000
520000.000
523600.000
514800.000
498400.000
488800.000
522000.000
513600.000
498400.000
559200.000
528000.000
527200.000
533600.000
530800.000
108400.000
107200.000
123200.000
125600.000
124000.000
101600.000
116400.000
114400.000
106000.000
112800.000
102000.000
110400.000
94400.000
102400.000
101200.000
98000.000
104000.000
115600.000
128800.000
120000.000
124000.000
141600.000
167200.000
165600.000
166000.000
167200.000
235200.000
319200.000
418800.000
594000.000
708800.000
783600.000
724000.000
636800.000
611600.000
682000.000
558000.000
494400.000
458800.000
384800.000
372400.000
311600.000
252800.000
227200.000
184800.000
163200.000
132400.000
127600.000
124400.000
104400.000
105200.000
112000.000
151600.000
255200.000
466400.000
694400.000
959600.000
1189600.000
1371200.000
1684800.000
2034400.000
2162400.000
2401600.000
2613600.000
2709600.000
2782000.000
2853600.000
3023600.000
3018000.000
3062400.000
3143200.000
3125600.000
3108400.000
3028400.000
3160000.000
3166000.000
3166800.000
3076000.000
3126000.000
3134000.000
3156800.000
3109600.000
3152000.000
3135200.000
3222000.000
3064400.000
3157600.000
3160000.000
3114800.000
3137600.000
3140800.000
3276000.000
3282000.000
3203600.000
3226800.000
3241600.000
3378800.000
3377200.000
3302400.000
3358400.000
3288400.000
3292800.000
3218400.000
3097600.000
3054400.000
2855200.000
2686800.000
2396800.000
2151600.000
1931200.000
1821600.000
1611600.000
1272800.000
1067200.000
898800.000
780800.000
692400.000
618000.000
552800.000
493200.000
475600.000
424800.000
418000.000
381200.000
404400.000
378000.000
391600.000
407200.000
425600.000
400400.000
446000.000
407200.000
405600.000
426400.000
424000.000
429200.000
445200.000
452000.000
469600.000
440800.000
461600.000
478000.000
524000.000
598400.000
682400.000
838000.000
978000.000
1110400.000
1111600.000
1061600.000
1049600.000
1029600.000
1025200.000
1028400.000
970400.000
960800.000
929200.000
924400.000
845600.000
768000.000
736800.000
681600.000
646400.000
592000.000
572800.000
549200.000
553600.000
526800.000
498400.000
503200.000
496000.000
513600.000
484800.000
469200.000
491600.000
514800.000
486400.000
518400.000
526000.000
509600.000
511200.000
522000.000
507600.000
528800.000
506400.000
519200.000
540000.000
510000.000
512800.000
511600.000
512400.000
518800.000
515200.000
505200.000
520400.000
528000.000
510400.000
516000.000
519600.000
522000.000
542400.000
110800.000
110400.000
126000.000
120800.000
120400.000
124400.000
104000.000
105600.000
100800.000
110800.000
103600.000
95200.000
94400.000
98400.000
88800.000
94000.000
95600.000
99600.000
111600.000
120800.000
133600.000
126000.000
129600.000
137200.000
142800.000
171200.000
180800.000
216000.000
287200.000
399200.000
496400.000
568800.000
547600.000
542000.000
528000.000
484800.000
459600.000
417600.000
368000.000
332000.000
312000.000
267600.000
218400.000
190400.000
173200.000
162800.000
124400.000
129600.000
104400.000
112400.000
99200.000
110000.000
141200.000
220800.000
406000.000
577600.000
872400.000
1137200.000
1283600.000
1501200.000
1963600.000
2120400.000
2358800.000
2614000.000
2657600.000
2719600.000
2870800.000
2993200.000
2983200.000
3014800.000
3024400.000
3107200.000
3113600.000
3121200.000
3172000.000
3110400.000
3118800.000
3096000.000
3037600.000
3148400.000
3050400.000
3061200.000
3080400.000
3058800.000
3116800.000
3149200.000
3107600.000
3130800.000
3120800.000
3165200.000
3210400.000
3183200.000
3174800.000
3212800.000
3277600.000
3278000.000
3270800.000
3244000.000
3232800.000
3222000.000
3150000.000
3151200.000
3009600.000
2890400.000
2752800.000
2636000.000
2442800.000
2294400.000
2016000.000
1891600.000
1724800.000
1588000.000
1200800.000
976000.000
866400.000
778400.000
667200.000
554400.000
515600.000
509200.000
444000.000
414400.000
384800.000
409200.000
389200.000
396000.000
418800.000
390400.000
434000.000
420800.000
406000.000
453200.000
414800.000
438800.000
419200.000
446000.000
440400.000
440400.000
431600.000
493600.000
474400.000
498000.000
560000.000
705600.000
834000.000
938000.000
1255600.000
1269600.000
1231200.000
1181200.000
1204000.000
1174000.000
1192400.000
1268400.000
1170800.000
1195600.000
1037600.000
976000.000
896800.000
818000.000
787200.000
763600.000
664000.000
652400.000
608400.000
568800.000
557600.000
538400.000
520000.000
502800.000
505200.000
524000.000
525200.000
518400.000
506000.000
502800.000
506000.000
506400.000
534800.000
524800.000
550400.000
518800.000
521200.000
497200.000
492000.000
507200.000
528400.000
537600.000
521200.000
501600.000
508000.000
493600.000
534400.000
543600.000
510000.000
507200.000
537600.000
496800.000
520400.000
554000.000
519200.000
110800.000
111600.000
115600.000
110400.000
106400.000
98000.000
103600.000
96400.000
92000.000
87600.000
100400.000
91200.000
92400.000
90400.000
96000.000
94800.000
90800.000
99600.000
103600.000
94800.000
114400.000
112000.000
124000.000
128800.000
121600.000
160400.000
136800.000
149200.000
199200.000
260800.000
343600.000
366800.000
414400.000
428400.000
407600.000
392000.000
389600.000
336000.000
307600.000
272800.000
243200.000
211600.000
201600.000
161600.000
164000.000
135600.000
140400.000
122800.000
109600.000
107200.000
109600.000
104400.000
132000.000
171200.000
326400.000
553600.000
850000.000
1118400.000
1270800.000
1424800.000
1798400.000
2143600.000
2280400.000
2511200.000
2668400.000
2675200.000
2830800.000
2937600.000
2990400.000
2983200.000
3057600.000
3068800.000
3112400.000
3152800.000
3095600.000
3050800.000
3110400.000
3101200.000
3078400.000
3064400.000
2986800.000
3107600.000
3088400.000
3050000.000
3091600.000
3050800.000
3184800.000
3167600.000
3106400.000
3075200.000
3075200.000
3202400.000
3232800.000
3220800.000
3232000.000
3234800.000
3208400.000
3194400.000
3130400.000
3072800.000
2999200.000
2898800.000
2752800.000
2700000.000
2600400.000
2474800.000
2319200.000
2202800.000
1901600.000
1692000.000
1557200.000
1340800.000
1086800.000
943200.000
816400.000
748000.000
690800.000
623200.000
534800.000
470800.000
466800.000
442800.000
431200.000
426400.000
423600.000
418400.000
419200.000
434000.000
406000.000
439600.000
440400.000
421200.000
471600.000
457200.000
472400.000
442000.000
453200.000
493200.000
450400.000
490800.000
486000.000
514800.000
639600.000
834000.000
1012400.000
1260800.000
1303200.000
1365200.000
1333600.000
1359200.000
1474000.000
1534000.000
1544800.000
1477200.000
1387200.000
1350400.000
1274800.000
1166800.000
1096000.000
970800.000
924800.000
826400.000
766000.000
690000.000
634400.000
610000.000
604800.000
532400.000
536800.000
524000.000
517200.000
522800.000
506000.000
488800.000
507200.000
506400.000
509600.000
552000.000
536400.000
553600.000
542800.000
516000.000
510800.000
513200.000
543200.000
514800.000
546400.000
526800.000
534800.000
530000.000
528800.000
488400.000
524400.000
511600.000
533600.000
532800.000
514800.000
534400.000
522400.000
525200.000
524000.000
114000.000
124400.000
115600.000
94800.000
87200.000
117200.000
128400.000
119600.000
90000.000
89200.000
101200.000
100000.000
101600.000
93600.000
100000.000
91200.000
105600.000
84000.000
97200.000
104400.000
101200.000
114800.000
122000.000
107200.000
113600.000
114000.000
131600.000
141600.000
156400.000
188400.000
251200.000
318800.000
306400.000
384400.000
338400.000
346800.000
339200.000
296000.000
264800.000
221600.000
216000.000
182800.000
166400.000
149600.000
135200.000
133600.000
106800.000
106000.000
110800.000
108000.000
108000.000
106400.000
108800.000
150800.000
263200.000
512800.000
760000.000
1019200.000
1180800.000
1378800.000
1694000.000
2088800.000
2322000.000
2500800.000
2604800.000
2688400.000
2758400.000
2855600.000
2948400.000
3045600.000
3035200.000
3042000.000
3042400.000
3071600.000
3070400.000
3147600.000
3092800.000
3098000.000
3074800.000
3014800.000
3063600.000
3004400.000
3068800.000
3072000.000
3075200.000
3083200.000
3086800.000
3170800.000
3138400.000
3133200.000
3173600.000
3086800.000
3141600.000
3225200.000
3126000.000
3244400.000
3105600.000
3028000.000
2992400.000
2834800.000
2688400.000
2666000.000
2569200.000
2521600.000
2502400.000
2303600.000
2132000.000
1984800.000
1758400.000
1524800.000
1319600.000
1184000.000
1007200.000
866000.000
798800.000
696800.000
648800.000
583600.000
532800.000
495200.000
483200.000
422800.000
419600.000
402800.000
429600.000
425200.000
431200.000
432800.000
429200.000
434400.000
430400.000
442800.000
449600.000
462000.000
480400.000
437600.000
441200.000
444400.000
467200.000
487600.000
512400.000
588000.000
738000.000
959200.000
1320400.000
1354400.000
1482800.000
1405200.000
1417600.000
1541200.000
1711200.000
1772000.000
1583200.000
1556000.000
1536800.000
1420400.000
1379600.000
1266800.000
1241200.000
1070400.000
942000.000
910400.000
812800.000
740000.000
715600.000
687200.000
642800.000
586800.000
606800.000
557600.000
557200.000
530400.000
529600.000
519600.000
550400.000
532400.000
522400.000
543200.000
536400.000
547600.000
536800.000
531200.000
532800.000
514800.000
509200.000
514800.000
545600.000
493200.000
535600.000
538000.000
537200.000
532800.000
506800.000
526800.000
529200.000
514800.000
517600.000
511200.000
544800.000
551600.000
536000.000
108800.000
114000.000
108400.000
108400.000
104800.000
95200.000
134400.000
117600.000
94800.000
88400.000
100400.000
85200.000
92800.000
81600.000
85200.000
82800.000
93600.000
108000.000
92800.000
90800.000
86800.000
101200.000
102800.000
106800.000
105200.000
104800.000
94800.000
112000.000
130000.000
163600.000
158400.000
195600.000
222000.000
253200.000
274400.000
276400.000
251200.000
200800.000
202000.000
187600.000
158400.000
137200.000
134800.000
128800.000
121600.000
115200.000
131200.000
104000.000
110000.000
108000.000
88000.000
91200.000
113200.000
141200.000
212000.000
383600.000
598800.000
909200.000
1070800.000
1312400.000
1568000.000
2118000.000
2341200.000
2429600.000
2541200.000
2661200.000
2684000.000
2820800.000
2867600.000
2922400.000
2976000.000
3098800.000
3060400.000
3032800.000
3156800.000
3080000.000
3160000.000
3155600.000
3135600.000
3060400.000
3134800.000
3056000.000
3092800.000
3086800.000
3051600.000
2999600.000
3056800.000
3141200.000
3158800.000
3121200.000
3093200.000
3082400.000
3042800.000
3087200.000
3094000.000
3034800.000
2971600.000
2838400.000
2660000.000
2572400.000
2573600.000
2428800.000
2371600.000
2250800.000
2230800.000
2066800.000
1924000.000
1850400.000
1517600.000
1301200.000
1233600.000
1075200.000
951600.000
841600.000
760000.000
661200.000
566400.000
543600.000
503200.000
484000.000
466000.000
433600.000
442800.000
430800.000
425200.000
409200.000
446400.000
462000.000
438800.000
464000.000
434800.000
481200.000
464400.000
461600.000
461600.000
456000.000
450800.000
478800.000
461200.000
490000.000
552000.000
690400.000
862400.000
1142400.000
1459200.000
1459200.000
1507600.000
1584800.000
1682800.000
1819200.000
1736800.000
1819200.000
1753600.000
1748400.000
1654800.000
1618800.000
1561600.000
1469600.000
1370000.000
1265600.000
1150400.000
972000.000
898800.000
857600.000
791600.000
734800.000
703600.000
661200.000
640400.000
565600.000
572000.000
544800.000
522800.000
531600.000
543600.000
551200.000
539600.000
545200.000
549600.000
558400.000
528400.000
529200.000
544400.000
527200.000
516800.000
518000.000
527200.000
542400.000
558800.000
542000.000
524800.000
519200.000
526400.000
536000.000
518400.000
498400.000
523600.000
515200.000
519600.000
542800.000
552400.000
107600.000
101600.000
100800.000
108400.000
96800.000
91600.000
97200.000
96400.000
95200.000
89200.000
94000.000
84400.000
83600.000
88400.000
84800.000
90800.000
81200.000
94000.000
100400.000
106000.000
99200.000
102400.000
113600.000
108000.000
100800.000
114400.000
119200.000
114000.000
111600.000
131200.000
134800.000
152800.000
155600.000
171600.000
177200.000
175600.000
194400.000
190400.000
173600.000
147600.000
136400.000
128800.000
139600.000
125200.000
115200.000
116400.000
106800.000
102000.000
110400.000
110400.000
87600.000
83200.000
106000.000
130000.000
187200.000
300400.000
520000.000
764000.000
1029600.000
1293200.000
1485600.000
1883600.000
2281600.000
2388400.000
2500400.000
2636000.000
2720000.000
2812000.000
2824800.000
2938800.000
2971600.000
3036000.000
3101600.000
3146000.000
3033200.000
3151600.000
3147200.000
3095200.000
3104800.000
3125200.000
3078400.000
2983600.000
3080400.000
3081200.000
3074400.000
3058000.000
3102400.000
3050000.000
3071600.000
3150000.000
3111600.000
3007600.000
2982800.000
2957600.000
2815600.000
2855600.000
2751200.000
2604800.000
2520400.000
2375200.000
2341600.000
2258000.000
2178800.000
2024400.000
1975600.000
1731600.000
1637600.000
1481600.000
1377600.000
1241600.000
1112800.000
1026000.000
878000.000
745200.000
688000.000
640400.000
574000.000
541200.000
509600.000
464400.000
452000.000
442400.000
458000.000
431200.000
447600.000
447200.000
463600.000
462000.000
460800.000
424000.000
444000.000
449600.000
470400.000
447600.000
450000.000
440400.000
448800.000
474800.000
462800.000
521200.000
593600.000
742800.000
990800.000
1260400.000
1500800.000
1616000.000
1590400.000
1677600.000
1888800.000
1957200.000
1873600.000
1890000.000
1840400.000
1850400.000
1780400.000
1708000.000
1671600.000
1590000.000
1483600.000
1399200.000
1282800.000
1184400.000
1034000.000
953200.000
870400.000
798400.000
743600.000
682800.000
690800.000
659200.000
632400.000
599600.000
597200.000
550800.000
538800.000
558400.000
587600.000
554800.000
550400.000
568400.000
526000.000
590000.000
541600.000
544800.000
535600.000
537600.000
528800.000
516000.000
526800.000
512000.000
534000.000
533200.000
530800.000
511600.000
519200.000
572000.000
555200.000
557200.000
532000.000
532400.000
536400.000
100800.000
98000.000
98800.000
102000.000
108800.000
90400.000
95200.000
103600.000
98000.000
88000.000
88800.000
90000.000
86800.000
84800.000
81200.000
86400.000
100800.000
84000.000
94400.000
86400.000
94400.000
107600.000
102400.000
92800.000
103200.000
106800.000
133200.000
98400.000
104400.000
103600.000
106000.000
127600.000
163200.000
151600.000
144000.000
152800.000
153200.000
121200.000
126400.000
125200.000
118800.000
124400.000
114000.000
113200.000
101200.000
100400.000
100000.000
104400.000
100800.000
103200.000
98000.000
92800.000
100800.000
106800.000
128000.000
233600.000
368800.000
631200.000
903200.000
1190800.000
1425200.000
1681600.000
1964000.000
2230800.000
2408400.000
2476000.000
2652400.000
2778800.000
2842800.000
2905600.000
2957200.000
3020400.000
3072400.000
2996000.000
3130400.000
3086400.000
3089200.000
3055200.000
2991600.000
2981200.000
3008000.000
3097600.000
2988000.000
3032400.000
3034400.000
3060400.000
3096800.000
3094800.000
3006800.000
3004000.000
2872800.000
2811600.000
2805200.000
2742400.000
2614000.000
2584400.000
2491600.000
2390800.000
2268400.000
2210400.000
2076000.000
1962000.000
1882000.000
1716000.000
1590000.000
1461600.000
1414800.000
1267600.000
1170800.000
1076400.000
974400.000
893600.000
799600.000
722800.000
678400.000
609600.000
587600.000
530400.000
462800.000
466400.000
504000.000
451600.000
439200.000
445200.000
448400.000
444400.000
471600.000
470400.000
470400.000
486400.000
464400.000
460400.000
451200.000
463200.000
437200.000
474800.000
462000.000
488400.000
479600.000
525200.000
675600.000
851200.000
1227200.000
1448800.000
1713200.000
1678400.000
1716000.000
1884400.000
2018400.000
1990800.000
2008800.000
2036400.000
2000400.000
1912000.000
1986000.000
1892400.000
1774000.000
1706000.000
1553600.000
1503600.000
1412000.000
1364400.000
1226800.000
1008000.000
947600.000
900400.000
884800.000
816800.000
784400.000
732400.000
692400.000
656000.000
636800.000
619200.000
596000.000
594000.000
579200.000
574800.000
552000.000
558400.000
560000.000
566800.000
561600.000
562400.000
537600.000
502400.000
508400.000
509200.000
551600.000
553200.000
521600.000
521200.000
501200.000
540400.000
531200.000
545600.000
528800.000
524800.000
557200.000
564400.000
546800.000
96000.000
85200.000
101600.000
99600.000
87600.000
88000.000
103200.000
86400.000
100000.000
90800.000
106000.000
108000.000
94800.000
95200.000
90400.000
88000.000
99200.000
96000.000
100400.000
88800.000
83200.000
96000.000
101600.000
102400.000
108800.000
104800.000
98000.000
102800.000
105600.000
112000.000
112800.000
112000.000
127200.000
126400.000
120400.000
127200.000
115200.000
119200.000
114400.000
105200.000
109600.000
104000.000
112000.000
85200.000
100400.000
103600.000
96800.000
97600.000
98800.000
104400.000
88400.000
99600.000
100800.000
97600.000
127600.000
184000.000
298000.000
538000.000
788000.000
1141200.000
1384000.000
1586800.000
1771200.000
2182800.000
2336800.000
2462400.000
2554400.000
2662000.000
2799200.000
2900800.000
2950000.000
3066800.000
3010800.000
3045600.000
3067200.000
3066800.000
3062000.000
3050000.000
2991600.000
3004800.000
3022800.000
3046400.000
2946400.000
2967200.000
2982400.000
2970400.000
2843600.000
2820800.000
2808000.000
2757200.000
2696000.000
2631600.000
2550400.000
2471600.000
2438800.000
2325200.000
2228400.000
2177200.000
2061600.000
2015200.000
1917600.000
1789600.000
1622000.000
1507600.000
1448800.000
1388400.000
1233600.000
1172000.000
1083600.000
1001600.000
901200.000
834400.000
696800.000
652800.000
620800.000
562000.000
515600.000
502400.000
499600.000
471200.000
473200.000
474000.000
441600.000
472800.000
471600.000
431200.000
447200.000
453200.000
452400.000
457600.000
471200.000
448800.000
468000.000
471600.000
470000.000
465200.000
474400.000
481600.000
492000.000
550800.000
773600.000
962800.000
1348000.000
1489200.000
1711200.000
1700000.000
1891600.000
2004000.000
2078800.000
2000400.000
2210000.000
2160800.000
2096000.000
2145200.000
2072000.000
2006400.000
1891600.000
1842400.000
1728800.000
1640000.000
1544400.000
1440000.000
1330000.000
1189600.000
1082800.000
1057200.000
955600.000
900400.000
838400.000
814800.000
759200.000
709600.000
710400.000
703600.000
658800.000
643600.000
622000.000
607600.000
600000.000
579200.000
572800.000
571600.000
546800.000
553200.000
531200.000
543200.000
525600.000
556800.000
534800.000
536000.000
522000.000
547600.000
528800.000
539600.000
566000.000
552400.000
534400.000
548800.000
544400.000
549200.000
548800.000
102800.000
110800.000
94800.000
101600.000
94000.000
93200.000
100800.000
98000.000
93200.000
107600.000
90800.000
92400.000
90400.000
98800.000
86800.000
92000.000
88400.000
94800.000
96400.000
92400.000
91200.000
88800.000
102800.000
105600.000
103600.000
103200.000
96400.000
102400.000
97200.000
102400.000
102800.000
108000.000
99200.000
101200.000
100400.000
104400.000
110000.000
103600.000
104800.000
110000.000
102800.000
90400.000
97600.000
100000.000
92000.000
82800.000
101600.000
93600.000
100800.000
88800.000
88400.000
89200.000
98000.000
100400.000
122000.000
146400.000
228800.000
370800.000
666000.000
972400.000
1319600.000
1476800.000
1680400.000
2031200.000
2369600.000
2474400.000
2591600.000
2679200.000
2780000.000
2856000.000
2922000.000
2964800.000
2966000.000
2948800.000
3073600.000
2987200.000
3090400.000
3038400.000
3023200.000
2977200.000
2919600.000
2974800.000
2844000.000
2776800.000
2808000.000
2785600.000
2687600.000
2689600.000
2591200.000
2498400.000
2362800.000
2301600.000
2254800.000
2198800.000
2194000.000
2116800.000
1930400.000
1736000.000
1725200.000
1714000.000
1603200.000
1452800.000
1387200.000
1339200.000
1348400.000
1212000.000
1144400.000
1013600.000
945200.000
887200.000
751600.000
714800.000
644000.000
615600.000
592800.000
532400.000
516400.000
486800.000
489600.000
494400.000
454400.000
437200.000
469600.000
447200.000
472000.000
454000.000
462000.000
438000.000
462400.000
475200.000
458000.000
472400.000
464400.000
476000.000
473200.000
476400.000
492800.000
484400.000
527600.000
685600.000
889600.000
1162400.000
1440000.000
1648800.000
1729600.000
1871600.000
2047200.000
2152000.000
2140400.000
2234400.000
2238400.000
2226400.000
2314400.000
2277200.000
2200400.000
2099600.000
2052000.000
1969200.000
1914800.000
1733200.000
1688800.000
1564000.000
1574400.000
1491200.000
1320000.000
1181200.000
1095200.000
1007600.000
987600.000
962800.000
892800.000
814800.000
756400.000
748400.000
665600.000
700000.000
664400.000
608000.000
621200.000
603200.000
586800.000
597600.000
557200.000
584400.000
541600.000
542400.000
536400.000
532000.000
526400.000
524000.000
549200.000
566400.000
532000.000
532400.000
525200.000
544400.000
512000.000
520800.000
568400.000
528400.000
547600.000
115200.000
113200.000
102000.000
95600.000
105200.000
94000.000
82400.000
95200.000
102800.000
94400.000
85600.000
97200.000
98800.000
92800.000
96400.000
97200.000
86400.000
93200.000
91200.000
96400.000
90400.000
93200.000
107200.000
106000.000
91200.000
95200.000
98000.000
88400.000
101200.000
91200.000
89200.000
91600.000
94800.000
101600.000
102400.000
99200.000
99600.000
90000.000
95200.000
95200.000
94000.000
100400.000
93200.000
92000.000
89200.000
86800.000
99600.000
110800.000
99200.000
94400.000
93600.000
87200.000
100000.000
111200.000
125200.000
133600.000
186000.000
297600.000
491200.000
775600.000
1080000.000
1387600.000
1582400.000
1911600.000
2272000.000
2500800.000
2577600.000
2658400.000
2657600.000
2800400.000
2858800.000
2918800.000
2943200.000
3015600.000
2942400.000
2992000.000
2992800.000
2972800.000
3003200.000
2861600.000
2818800.000
2797600.000
2610000.000
2572400.000
2563200.000
2473600.000
2408400.000
2402000.000
2335200.000
2248800.000
2204800.000
2133600.000
2043600.000
1990000.000
1957600.000
1870000.000
1683200.000
1566800.000
1392400.000
1359600.000
1320400.000
1253200.000
1210400.000
1200800.000
1144400.000
1014000.000
973200.000
925200.000
885600.000
786000.000
686800.000
634000.000
627200.000
581200.000
529600.000
532800.000
520000.000
497200.000
507200.000
494000.000
464800.000
486000.000
492400.000
450400.000
448000.000
455200.000
443200.000
459200.000
456800.000
468400.000
463200.000
456400.000
460800.000
464400.000
468400.000
471200.000
502400.000
483200.000
544400.000
670800.000
896800.000
1138000.000
1476400.000
1631600.000
1729200.000
1922000.000
2175600.000
2358800.000
2424400.000
2456400.000
2426800.000
2554400.000
2509200.000
2362400.000
2308000.000
2292400.000
2169200.000
2100400.000
1958800.000
1872400.000
1815200.000
1685600.000
1598800.000
1527600.000
1509200.000
1340000.000
1314800.000
1168400.000
1098000.000
1019200.000
985200.000
910000.000
846800.000
791600.000
767200.000
730800.000
706800.000
667200.000
612000.000
599600.000
590800.000
574000.000
568400.000
561600.000
554400.000
556000.000
522000.000
538400.000
536000.000
552400.000
551200.000
527600.000
508000.000
536800.000
496000.000
506800.000
541200.000
574800.000
535200.000
529600.000
560400.000
96400.000
100000.000
98800.000
95200.000
88000.000
92000.000
106800.000
100000.000
90400.000
92800.000
94800.000
107600.000
109200.000
106400.000
91200.000
107200.000
121200.000
102800.000
87200.000
104000.000
100000.000
97200.000
92800.000
100800.000
98400.000
98000.000
89200.000
102000.000
108400.000
78000.000
90800.000
80800.000
81200.000
82400.000
86400.000
100000.000
100800.000
93200.000
103200.000
92800.000
89600.000
93600.000
82400.000
89600.000
91600.000
96000.000
99200.000
96000.000
84000.000
86000.000
98800.000
83200.000
89600.000
100400.000
101200.000
125200.000
158000.000
239600.000
366800.000
695200.000
915200.000
1263200.000
1490000.000
1711600.000
2131200.000
2338800.000
2471200.000
2596400.000
2611600.000
2737600.000
2824800.000
2838000.000
2959600.000
2946800.000
2896800.000
2941600.000
2916400.000
2866800.000
2662400.000
2679200.000
2604000.000
2500400.000
2434800.000
2386000.000
2304000.000
2232800.000
2248400.000
2108000.000
2017200.000
1997600.000
1898800.000
1874000.000
1832400.000
1718400.000
1636000.000
1436000.000
1288000.000
1237200.000
1164400.000
1130000.000
1102400.000
1006800.000
1048800.000
954800.000
936800.000
822400.000
762000.000
760000.000
779600.000
705200.000
629200.000
563600.000
541600.000
539600.000
534400.000
504000.000
507200.000
495200.000
458800.000
500800.000
451600.000
479600.000
446000.000
478000.000
482800.000
471600.000
462800.000
448000.000
442000.000
464000.000
460400.000
452000.000
472400.000
468000.000
444000.000
468000.000
465600.000
492000.000
580400.000
759200.000
1046400.000
1317200.000
1573200.000
1756800.000
1737200.000
1864000.000
2058800.000
2229200.000
2448400.000
2433200.000
2523600.000
2618800.000
2576000.000
2554400.000
2589600.000
2415600.000
2361200.000
2199200.000
2112400.000
2069200.000
1919200.000
1802000.000
1701600.000
1605600.000
1536800.000
1511600.000
1430000.000
1326800.000
1224000.000
1176000.000
1081200.000
994000.000
900000.000
825600.000
800000.000
756800.000
726400.000
712800.000
664800.000
636400.000
582000.000
573200.000
575600.000
567600.000
552400.000
549600.000
569600.000
548800.000
556400.000
511600.000
533200.000
559200.000
528400.000
511600.000
531600.000
531600.000
554000.000
553600.000
568400.000
559600.000
533200.000
92000.000
90800.000
93600.000
88400.000
75200.000
93200.000
106000.000
87200.000
92800.000
100000.000
102800.000
114800.000
121600.000
118800.000
106400.000
94800.000
93600.000
93200.000
101600.000
87200.000
95200.000
94800.000
102400.000
85600.000
96800.000
82800.000
108800.000
87600.000
82800.000
98800.000
82800.000
97200.000
94000.000
94800.000
96000.000
92400.000
102800.000
102400.000
92000.000
92000.000
94400.000
92800.000
80400.000
90800.000
95200.000
97600.000
95200.000
95200.000
94800.000
90000.000
101200.000
82400.000
94800.000
94800.000
105200.000
119200.000
143600.000
199200.000
284400.000
537200.000
777600.000
1120000.000
1378400.000
1595600.000
1900000.000
2272800.000
2394800.000
2505600.000
2606400.000
2648800.000
2835200.000
2918000.000
2876400.000
2824400.000
2883200.000
2866800.000
2676000.000
2624400.000
2541600.000
2404000.000
2321200.000
2257600.000
2171200.000
2173600.000
2177200.000
2088000.000
1983200.000
1910800.000
1850800.000
1796000.000
1643600.000
1596800.000
1464000.000
1328800.000
1266000.000
1165600.000
1117600.000
1061600.000
991600.000
983600.000
928400.000
860400.000
855600.000
831600.000
839600.000
744000.000
669200.000
642400.000
634800.000
606400.000
583200.000
560000.000
508000.000
536400.000
493600.000
484000.000
483600.000
484000.000
465600.000
481600.000
473600.000
475200.000
476000.000
489600.000
471200.000
473200.000
472400.000
488000.000
474800.000
457600.000
458400.000
458800.000
456000.000
474000.000
466400.000
459600.000
495200.000
508000.000
591600.000
810400.000
1134400.000
1479200.000
1789200.000
1761600.000
1980000.000
2205200.000
2343600.000
2316400.000
2446400.000
2347200.000
2457200.000
2557600.000
2712400.000
2683600.000
2518400.000
2449600.000
2410400.000
2410400.000
2293200.000
2117600.000
1985600.000
1942800.000
1849200.000
1720400.000
1724800.000
1626400.000
1534000.000
1437600.000
1461600.000
1326800.000
1228000.000
1118000.000
1014800.000
896800.000
848400.000
814000.000
749600.000
729200.000
690400.000
645600.000
612800.000
550800.000
576000.000
561600.000
548000.000
534800.000
572000.000
548000.000
503600.000
537200.000
535200.000
527200.000
548400.000
561600.000
542400.000
541200.000
536800.000
544400.000
543600.000
536400.000
540800.000
94400.000
92800.000
88800.000
81600.000
97200.000
85600.000
88400.000
94400.000
88400.000
101200.000
100000.000
131200.000
112000.000
105600.000
103200.000
90000.000
94800.000
86800.000
86800.000
97200.000
82800.000
96000.000
82800.000
94800.000
95200.000
94400.000
83600.000
83600.000
90000.000
84000.000
82800.000
85200.000
91200.000
80000.000
92800.000
100400.000
98800.000
90400.000
96000.000
89600.000
78800.000
85600.000
102000.000
76000.000
92800.000
94800.000
92000.000
86000.000
84400.000
89600.000
102000.000
104000.000
103600.000
104400.000
126000.000
120800.000
135200.000
165200.000
230800.000
377200.000
673600.000
1003200.000
1292800.000
1486400.000
1721600.000
2088400.000
2280800.000
2376800.000
2519200.000
2586400.000
2600800.000
2765200.000
2759200.000
2757600.000
2706400.000
2583600.000
2545200.000
2493600.000
2347200.000
2218800.000
2092400.000
2118000.000
2066400.000
1976000.000
1894000.000
1846800.000
1744000.000
1562800.000
1505600.000
1456000.000
1272000.000
1238400.000
1129600.000
1063600.000
1004400.000
997200.000
946000.000
934400.000
870800.000
817200.000
808000.000
786800.000
749600.000
704000.000
716400.000
693600.000
631600.000
605200.000
558400.000
566400.000
536400.000
494400.000
516000.000
491200.000
454000.000
475600.000
472400.000
480000.000
478000.000
467200.000
476800.000
478400.000
445200.000
459200.000
465200.000
440800.000
446800.000
477600.000
460800.000
470400.000
461200.000
460800.000
456000.000
471200.000
454800.000
450800.000
486800.000
538000.000
664000.000
863600.000
1164000.000
1430000.000
1682000.000
1807200.000
2008800.000
2389200.000
2609600.000
2498800.000
2548800.000
2448800.000
2522800.000
2546400.000
2483200.000
2576000.000
2608800.000
2586400.000
2505600.000
2449200.000
2342400.000
2253600.000
2149600.000
2051600.000
2044400.000
1978800.000
1842800.000
1698400.000
1647200.000
1629200.000
1558000.000
1478800.000
1349200.000
1241200.000
1161200.000
1018000.000
904800.000
866000.000
827200.000
743200.000
707600.000
688000.000
644000.000
600400.000
549600.000
548400.000
557600.000
548400.000
540000.000
504400.000
551200.000
520000.000
557600.000
542400.000
518000.000
538800.000
528800.000
564000.000
546000.000
530400.000
526400.000
523200.000
556000.000
89200.000
82000.000
88400.000
82000.000
90400.000
82000.000
90400.000
94000.000
92400.000
86400.000
115200.000
124000.000
125600.000
124800.000
85200.000
89600.000
83200.000
95600.000
102400.000
92400.000
97200.000
90400.000
95600.000
91200.000
85600.000
92000.000
78400.000
94800.000
85200.000
90800.000
73200.000
98000.000
89200.000
91200.000
77200.000
99600.000
104000.000
79600.000
83200.000
94400.000
83200.000
76800.000
90000.000
81600.000
80000.000
96400.000
90400.000
78800.000
85200.000
88400.000
81200.000
98000.000
100000.000
116400.000
125600.000
144000.000
145200.000
160000.000
193200.000
330800.000
562400.000
901200.000
1248400.000
1421200.000
1646000.000
1932800.000
2172800.000
2334000.000
2426400.000
2530000.000
2630800.000
2694000.000
2529600.000
2577600.000
2555200.000
2420000.000
2284800.000
2153200.000
2094400.000
1945600.000
1951200.000
1832800.000
1730400.000
1647600.000
1531200.000
1512800.000
1310800.000
1283600.000
1212800.000
1183600.000
1068400.000
1041200.000
998800.000
914400.000
871200.000
856400.000
872400.000
840800.000
730000.000
698800.000
654400.000
652000.000
622800.000
594400.000
624800.000
600800.000
570400.000
575600.000
547200.000
508400.000
512800.000
494800.000
466400.000
482400.000
476800.000
470400.000
447600.000
465600.000
475600.000
471600.000
457600.000
463600.000
461600.000
442000.000
458800.000
467600.000
469200.000
448800.000
446800.000
458000.000
450400.000
439600.000
452400.000
468800.000
477600.000
485200.000
492800.000
557200.000
711200.000
930000.000
1203200.000
1414400.000
1681600.000
1780000.000
1974400.000
2192400.000
2241600.000
2411200.000
2600800.000
2640400.000
2681200.000
2589600.000
2577200.000
2462800.000
2516800.000
2522400.000
2467200.000
2444400.000
2376000.000
2250800.000
2231600.000
2098400.000
2004800.000
1962000.000
1893200.000
1793200.000
1782400.000
1658800.000
1618800.000
1578800.000
1483600.000
1377200.000
1265200.000
1147600.000
1033600.000
951600.000
867600.000
834400.000
744400.000
716400.000
662000.000
627600.000
594000.000
565200.000
582000.000
558000.000
528800.000
540400.000
528400.000
540000.000
515200.000
539200.000
533600.000
522400.000
552000.000
547200.000
536800.000
519600.000
532800.000
550800.000
560000.000
91600.000
71200.000
78000.000
94000.000
80800.000
85200.000
92000.000
87600.000
103600.000
92800.000
106400.000
108800.000
103600.000
103600.000
113600.000
116800.000
87600.000
93200.000
102800.000
106000.000
90800.000
89600.000
109200.000
90400.000
97600.000
88800.000
86000.000
97600.000
90800.000
85600.000
87200.000
94800.000
83200.000
87600.000
88000.000
92400.000
91600.000
80400.000
86400.000
90800.000
88800.000
86400.000
89200.000
86400.000
76000.000
93200.000
93600.000
82800.000
95600.000
84400.000
101600.000
101200.000
117600.000
117200.000
154400.000
133200.000
124000.000
141200.000
149600.000
238000.000
410400.000
715200.000
1027200.000
1394400.000
1515200.000
1692400.000
1905200.000
2181600.000
2250800.000
2337200.000
2459600.000
2436000.000
2504800.000
2292800.000
2181200.000
2146800.000
2062400.000
1999200.000
1894400.000
1745200.000
1600800.000
1543200.000
1348800.000
1257200.000
1196400.000
1126800.000
1060800.000
981200.000
948800.000
927600.000
901600.000
898400.000
840800.000
821600.000
758000.000
754800.000
683600.000
671600.000
656000.000
592800.000
600000.000
581600.000
538800.000
533200.000
534400.000
555600.000
500400.000
510000.000
505200.000
530800.000
485200.000
498000.000
498800.000
474400.000
467200.000
490000.000
501200.000
458800.000
485200.000
489600.000
501600.000
456000.000
469600.000
487200.000
490800.000
477200.000
499600.000
477600.000
472800.000
476400.000
452800.000
470000.000
475600.000
484800.000
498000.000
518800.000
529600.000
601200.000
714800.000
951200.000
1193600.000
1443200.000
1651600.000
1788000.000
2009600.000
2139200.000
2342400.000
2434400.000
2351600.000
2484400.000
2599600.000
2877600.000
2968400.000
2715200.000
2631200.000
2509200.000
2460400.000
2402400.000
2394400.000
2466000.000
2290000.000
2248400.000
2237600.000
2099600.000
2017200.000
1932000.000
1897600.000
1827600.000
1739200.000
1742000.000
1594400.000
1462800.000
1364800.000
1326000.000
1254400.000
1137600.000
956400.000
917600.000
848400.000
803600.000
713200.000
683200.000
634800.000
602400.000
572400.000
575200.000
571200.000
582800.000
561600.000
549600.000
543200.000
534800.000
532400.000
536800.000
529600.000
582800.000
530400.000
526800.000
528400.000
537600.000
546400.000
81200.000
78800.000
90400.000
92400.000
80400.000
85600.000
101200.000
91600.000
108400.000
88400.000
110800.000
109600.000
96800.000
96400.000
128800.000
176000.000
128400.000
110000.000
92400.000
90000.000
84800.000
88000.000
88800.000
97600.000
81600.000
86400.000
78400.000
86000.000
86400.000
88800.000
86400.000
82400.000
83600.000
73200.000
79200.000
90800.000
84800.000
86400.000
85600.000
88800.000
80400.000
83600.000
97200.000
76400.000
84800.000
86800.000
76400.000
91600.000
94400.000
92000.000
85600.000
100400.000
108800.000
128800.000
138400.000
152800.000
127600.000
138000.000
138800.000
195200.000
336000.000
614400.000
862800.000
1241200.000
1324000.000
1540800.000
1708800.000
2050400.000
2117200.000
2186800.000
2196000.000
2104000.000
2161600.000
2090400.000
1980000.000
1921200.000
1814400.000
1815200.000
1694400.000
1619600.000
1422800.000
1258400.000
1148400.000
1064400.000
1036800.000
985600.000
933200.000
898000.000
826000.000
806400.000
773600.000
748800.000
722000.000
714400.000
654800.000
654800.000
636800.000
582000.000
579600.000
531200.000
521600.000
508800.000
488000.000
519200.000
490400.000
491200.000
504800.000
525600.000
503200.000
494400.000
499600.000
457600.000
480800.000
499600.000
452400.000
462000.000
484800.000
460000.000
448400.000
484800.000
481600.000
472800.000
469600.000
464800.000
444800.000
475200.000
451200.000
440400.000
490000.000
464000.000
468000.000
470000.000
472000.000
465600.000
466400.000
489600.000
498400.000
621200.000
767600.000
990400.000
1176000.000
1417600.000
1630800.000
1787600.000
2038400.000
2208400.000
2276400.000
2356800.000
2327600.000
2435600.000
2498000.000
2508400.000
2556800.000
2675600.000
2634400.000
2591200.000
2426800.000
2381200.000
2360400.000
2418000.000
2272000.000
2190800.000
2145600.000
2103200.000
2086800.000
2005600.000
1960000.000
1933200.000
1826800.000
1747200.000
1646000.000
1524800.000
1512400.000
1434800.000
1312800.000
1250400.000
1095200.000
970000.000
884800.000
847200.000
736400.000
729200.000
649200.000
611200.000
583600.000
528800.000
562000.000
530400.000
562400.000
514800.000
550800.000
530000.000
532000.000
532000.000
544400.000
525200.000
558800.000
538800.000
535200.000
548000.000
552000.000
85200.000
78000.000
83600.000
84400.000
88000.000
78000.000
91600.000
85200.000
92000.000
94400.000
100000.000
92800.000
91200.000
84400.000
92400.000
129600.000
101200.000
96000.000
103600.000
92800.000
97600.000
87200.000
97200.000
94400.000
90000.000
103200.000
75600.000
98000.000
84400.000
98800.000
93200.000
77200.000
82400.000
90000.000
83200.000
75200.000
90800.000
80400.000
96800.000
87200.000
75600.000
80800.000
85200.000
88400.000
79600.000
83600.000
89600.000
74000.000
87600.000
78800.000
89600.000
106400.000
118800.000
138000.000
150400.000
141600.000
126400.000
136400.000
164400.000
198400.000
251600.000
508400.000
777200.000
1094800.000
1216400.000
1241200.000
1452400.000
1837600.000
1896800.000
1939600.000
1969600.000
1955600.000
1828400.000
1819200.000
1756400.000
1697600.000
1595200.000
1560400.000
1417200.000
1324000.000
1133200.000
1032400.000
988800.000
942400.000
868000.000
822400.000
790000.000
773200.000
739200.000
693600.000
639200.000
601600.000
601200.000
596800.000
535600.000
556000.000
533200.000
494000.000
513200.000
502800.000
476800.000
471200.000
478800.000
452000.000
492800.000
494000.000
476000.000
506800.000
476400.000
463200.000
460000.000
475600.000
468800.000
454000.000
471600.000
460000.000
468400.000
466800.000
455200.000
473600.000
446400.000
461600.000
458000.000
470400.000
474800.000
486400.000
445600.000
468400.000
468800.000
490800.000
480800.000
462800.000
437200.000
486800.000
485600.000
504800.000
552400.000
664400.000
800400.000
1038800.000
1295600.000
1464400.000
1614400.000
1748800.000
1971600.000
2028800.000
2195600.000
2230400.000
2244400.000
2372800.000
2385600.000
2378000.000
2360000.000
2426800.000
2458400.000
2522800.000
2501200.000
2396400.000
2440000.000
2416400.000
2326800.000
2238400.000
2172800.000
2112400.000
2084800.000
2076400.000
2068400.000
1965200.000
1871200.000
1890400.000
1828800.000
1691200.000
1588800.000
1483200.000
1382400.000
1268400.000
1117600.000
1021200.000
927600.000
877200.000
797200.000
723600.000
665600.000
613200.000
620800.000
610400.000
547600.000
556000.000
523200.000
553600.000
574000.000
553200.000
553200.000
526800.000
538400.000
543600.000
523600.000
540000.000
566800.000
553600.000
548800.000
83200.000
82000.000
86400.000
75600.000
82800.000
84800.000
91600.000
88800.000
91600.000
86400.000
97600.000
99200.000
106000.000
93600.000
98400.000
105600.000
114400.000
105200.000
104400.000
96800.000
95200.000
98000.000
99200.000
99200.000
81200.000
93200.000
89200.000
82000.000
94800.000
84400.000
78000.000
89600.000
83200.000
82800.000
81200.000
82000.000
80000.000
82000.000
75200.000
80000.000
78400.000
84400.000
75200.000
75600.000
84400.000
78000.000
88000.000
87600.000
94400.000
86000.000
80400.000
106800.000
126000.000
158000.000
164800.000
157200.000
148000.000
155600.000
204400.000
208400.000
242800.000
381200.000
636000.000
853600.000
996000.000
1085600.000
1195200.000
1636800.000
1768400.000
1746400.000
1788400.000
1714400.000
1656400.000
1616800.000
1564800.000
1455600.000
1383600.000
1202800.000
1088000.000
1007200.000
929600.000
894400.000
855600.000
845600.000
771200.000
712800.000
653600.000
639600.000
588000.000
585200.000
567600.000
482800.000
515600.000
491200.000
526800.000
508000.000
466000.000
471200.000
473200.000
463200.000
456400.000
449600.000
451600.000
477600.000
470000.000
466400.000
463600.000
494000.000
468000.000
507200.000
478800.000
472400.000
466000.000
492800.000
455200.000
464000.000
460000.000
479600.000
473600.000
479600.000
452000.000
495200.000
464800.000
455600.000
474800.000
461600.000
443600.000
496000.000
462800.000
455200.000
464400.000
464800.000
470800.000
474400.000
480400.000
534000.000
588400.000
727200.000
929200.000
1164800.000
1330000.000
1548000.000
1689200.000
1808800.000
1924800.000
2041600.000
2110800.000
2170800.000
2232800.000
2340800.000
2388400.000
2345600.000
2406000.000
2351600.000
2360800.000
2319200.000
2426000.000
2310800.000
2353600.000
2284000.000
2356800.000
2307200.000
2280400.000
2274000.000
2218400.000
2127200.000
2012000.000
1978800.000
1946000.000
1902000.000
1810800.000
1803600.000
1694400.000
1578400.000
1480400.000
1428400.000
1243200.000
1156400.000
1033600.000
927200.000
825200.000
799200.000
718400.000
676400.000
612000.000
604000.000
585200.000
571600.000
551600.000
565200.000
539200.000
554000.000
563200.000
532800.000
538800.000
557200.000
524000.000
568400.000
546400.000
573600.000
577600.000
76000.000
80800.000
70400.000
80000.000
87600.000
95600.000
96800.000
82000.000
94000.000
84800.000
105200.000
92000.000
100000.000
108000.000
97600.000
80000.000
104400.000
97600.000
106400.000
90000.000
104000.000
99600.000
113600.000
99200.000
94000.000
100000.000
87200.000
100800.000
87600.000
86800.000
97600.000
81600.000
89200.000
93600.000
87600.000
78800.000
82000.000
79200.000
80000.000
80800.000
91200.000
84400.000
94000.000
88400.000
89200.000
90000.000
79200.000
82800.000
95600.000
90000.000
82400.000
102400.000
128800.000
149200.000
171600.000
162000.000
156400.000
186800.000
204000.000
205200.000
228400.000
327200.000
510000.000
701600.000
778400.000
889600.000
999200.000
1260000.000
1549200.000
1534400.000
1423600.000
1480400.000
1424000.000
1455600.000
1500000.000
1334800.000
1093600.000
968400.000
932400.000
865600.000
884400.000
812800.000
722400.000
631200.000
618800.000
572400.000
508400.000
503200.000
499200.000
491600.000
486800.000
464800.000
480400.000
480800.000
447600.000
488400.000
443600.000
440800.000
463200.000
442800.000
473600.000
462400.000
477600.000
452400.000
474800.000
474400.000
483600.000
482400.000
487200.000
487200.000
465200.000
477200.000
503600.000
466400.000
448000.000
445200.000
458000.000
464400.000
467600.000
472000.000
448800.000
483600.000
451200.000
457200.000
480400.000
476800.000
474400.000
478400.000
472400.000
443200.000
464800.000
451200.000
451600.000
481600.000
476800.000
510000.000
648400.000
743600.000
950000.000
1156400.000
1364400.000
1442400.000
1629600.000
1713200.000
1720000.000
1868400.000
1954400.000
2009200.000
2103200.000
2187600.000
2162000.000
2284000.000
2301200.000
2270800.000
2192000.000
2275600.000
2304400.000
2219200.000
2180400.000
2197600.000
2164800.000
2171200.000
2200400.000
2179600.000
2181200.000
2182800.000
2104800.000
2044800.000
1950000.000
1904000.000
1901600.000
1797600.000
1755200.000
1686400.000
1544400.000
1426800.000
1350400.000
1217200.000
1061600.000
1006800.000
896800.000
786400.000
764400.000
703600.000
658800.000
645600.000
610800.000
578400.000
542800.000
546400.000
525200.000
542400.000
562000.000
558400.000
531600.000
562000.000
534800.000
542800.000
546800.000
548000.000
545200.000
80800.000
82000.000
86000.000
81200.000
88000.000
88000.000
77600.000
80800.000
104000.000
98400.000
93600.000
104000.000
89200.000
86400.000
91200.000
96800.000
93200.000
94400.000
94400.000
100400.000
92800.000
114800.000
102400.000
102000.000
88000.000
86000.000
86400.000
93200.000
91600.000
92800.000
92400.000
77600.000
82800.000
82800.000
81200.000
90800.000
82400.000
83200.000
70400.000
82400.000
82000.000
87200.000
100000.000
100000.000
76800.000
70000.000
78000.000
80800.000
84400.000
94400.000
89600.000
104000.000
134000.000
155600.000
174400.000
180000.000
175200.000
168000.000
192400.000
190800.000
192800.000
260800.000
341200.000
526000.000
588800.000
719600.000
764000.000
848000.000
951200.000
996800.000
1079600.000
1126800.000
1081200.000
1028800.000
924800.000
930800.000
930000.000
862400.000
857600.000
775600.000
709200.000
633600.000
574400.000
550800.000
480800.000
437200.000
413600.000
421200.000
416000.000
418800.000
425600.000
409200.000
423200.000
438400.000
403200.000
400800.000
436800.000
440800.000
478400.000
429200.000
454800.000
448000.000
485200.000
484800.000
468000.000
495600.000
472800.000
480800.000
499600.000
483200.000
488000.000
472400.000
475600.000
498400.000
466400.000
460000.000
462400.000
481600.000
470800.000
460800.000
454400.000
435600.000
463600.000
476000.000
462800.000
477600.000
466800.000
465600.000
458400.000
472800.000
446400.000
445600.000
432800.000
494400.000
492800.000
571200.000
630000.000
812400.000
1006400.000
1220800.000
1394000.000
1499600.000
1526800.000
1580400.000
1644000.000
1734800.000
1806800.000
1858000.000
2030800.000
2098000.000
2097200.000
2135200.000
2095200.000
2059200.000
2096000.000
2111600.000
2166000.000
2106400.000
2096400.000
2115200.000
2059600.000
2026000.000
2038800.000
2096800.000
2136000.000
2062000.000
2138000.000
2156800.000
2036000.000
1999600.000
1956000.000
1825200.000
1825600.000
1733600.000
1647200.000
1586400.000
1430800.000
1369200.000
1230000.000
1147200.000
1012400.000
898400.000
800800.000
758400.000
704000.000
679200.000
611600.000
596800.000
578800.000
560400.000
538400.000
530000.000
517200.000
519200.000
533200.000
536000.000
543200.000
556000.000
549200.000
554000.000
537200.000
77200.000
72000.000
81200.000
79200.000
83200.000
80000.000
85600.000
83600.000
80800.000
90800.000
92400.000
84000.000
103200.000
91600.000
90800.000
91200.000
103200.000
103200.000
106800.000
106400.000
120000.000
113600.000
96800.000
113600.000
94000.000
94800.000
100400.000
100400.000
107600.000
88800.000
83600.000
88000.000
96400.000
83200.000
92800.000
82800.000
77600.000
71600.000
80000.000
80400.000
86000.000
95600.000
100400.000
88000.000
83600.000
78000.000
95200.000
90800.000
91600.000
93600.000
86800.000
96000.000
119200.000
159200.000
181200.000
188000.000
161600.000
162400.000
162000.000
160400.000
156400.000
230000.000
290800.000
425200.000
477600.000
574000.000
639600.000
737600.000
724400.000
840400.000
836000.000
862000.000
812800.000
781600.000
814000.000
854000.000
788800.000
784400.000
718800.000
667200.000
596000.000
586400.000
501600.000
437600.000
406400.000
419600.000
374000.000
384800.000
370800.000
382400.000
398000.000
402400.000
408800.000
396400.000
397600.000
404800.000
421200.000
426800.000
423200.000
441600.000
442400.000
451600.000
474000.000
472400.000
487600.000
536800.000
484000.000
491200.000
503200.000
508400.000
497600.000
486000.000
486000.000
466400.000
451200.000
464800.000
460000.000
492800.000
485200.000
470800.000
449600.000
468000.000
462800.000
516400.000
445200.000
490800.000
457200.000
475200.000
454400.000
475600.000
442400.000
481200.000
477200.000
486800.000
489200.000
579600.000
665200.000
842800.000
1046000.000
1279200.000
1416400.000
1479200.000
1471200.000
1528400.000
1642400.000
1681200.000
1738800.000
1821200.000
1915200.000
1924000.000
1954000.000
2019600.000
2067200.000
2060800.000
2030400.000
1971200.000
2009200.000
2017600.000
1994800.000
1979200.000
1950400.000
2038000.000
1954800.000
1971600.000
2015600.000
1995600.000
2019200.000
2093200.000
2072400.000
2023600.000
1966400.000
1936800.000
1836400.000
1721600.000
1715200.000
1591600.000
1514400.000
1412400.000
1314000.000
1196000.000
1128400.000
985200.000
860800.000
796400.000
755600.000
675600.000
677200.000
593600.000
576000.000
542400.000
528800.000
568000.000
542400.000
537200.000
536000.000
540000.000
538000.000
542800.000
554000.000
524000.000
572000.000
81600.000
74000.000
80800.000
81600.000
70800.000
90800.000
94000.000
84800.000
72400.000
97200.000
87200.000
86400.000
93600.000
88400.000
95600.000
91200.000
94400.000
84000.000
104800.000
108400.000
108000.000
100800.000
102400.000
106800.000
97200.000
97600.000
96400.000
96000.000
94400.000
80000.000
98800.000
76800.000
76800.000
87600.000
91200.000
87200.000
86000.000
87200.000
80000.000
84800.000
88800.000
91200.000
72400.000
90000.000
85600.000
88000.000
94000.000
91600.000
80400.000
90800.000
94000.000
120400.000
149200.000
189200.000
216000.000
186400.000
184800.000
193200.000
196000.000
180400.000
196400.000
214400.000
253200.000
316000.000
400400.000
472800.000
540000.000
594000.000
666800.000
723600.000
747600.000
738000.000
714000.000
680000.000
710400.000
702400.000
630800.000
587200.000
546800.000
550800.000
491200.000
452400.000
424000.000
397200.000
390000.000
366400.000
374400.000
405600.000
384000.000
363200.000
392800.000
381600.000
413200.000
400000.000
402400.000
436400.000
416000.000
434800.000
425600.000
416800.000
444800.000
469600.000
476400.000
504000.000
484800.000
516800.000
467200.000
507600.000
492400.000
519600.000
501200.000
510800.000
501200.000
523600.000
494800.000
506800.000
474400.000
478000.000
484800.000
494800.000
494400.000
469200.000
500000.000
478400.000
491200.000
497200.000
477600.000
484000.000
478000.000
500800.000
472400.000
468800.000
490400.000
482800.000
512400.000
540000.000
697200.000
882000.000
1070400.000
1234400.000
1384800.000
1399200.000
1424800.000
1464400.000
1792000.000
1945200.000
1744400.000
1747600.000
1850400.000
1805200.000
1881600.000
1870800.000
1911200.000
1900000.000
1884400.000
1885600.000
1884000.000
1976000.000
1992800.000
2030400.000
2022000.000
2052000.000
1991600.000
2026800.000
1945600.000
1981600.000
2002400.000
1952000.000
2034000.000
2015600.000
1968400.000
1905200.000
1870400.000
1818000.000
1770800.000
1679600.000
1514000.000
1482800.000
1380400.000
1283600.000
1205200.000
1054000.000
959200.000
880800.000
795600.000
742800.000
673600.000
640000.000
639200.000
609200.000
541600.000
553600.000
578800.000
548800.000
548000.000
584400.000
574000.000
572800.000
544400.000
572000.000
550400.000
83200.000
78400.000
84400.000
76800.000
79200.000
81600.000
88400.000
87600.000
93600.000
78800.000
90000.000
90000.000
82400.000
92000.000
89200.000
92800.000
109600.000
105600.000
118000.000
111200.000
120000.000
104400.000
92400.000
102000.000
90400.000
94800.000
94000.000
100800.000
84400.000
84400.000
82800.000
88400.000
93200.000
76800.000
88800.000
84800.000
84800.000
86800.000
76400.000
85200.000
86400.000
91200.000
82000.000
98800.000
77200.000
86400.000
83600.000
104800.000
105200.000
106400.000
111600.000
113200.000
161600.000
172800.000
191600.000
190000.000
187200.000
200800.000
259600.000
221200.000
222000.000
228400.000
275600.000
300000.000
348800.000
398000.000
455200.000
482000.000
524000.000
564800.000
570000.000
648000.000
618800.000
599200.000
566000.000
538000.000
538800.000
548800.000
476400.000
439600.000
438800.000
418000.000
404400.000
391200.000
396800.000
372800.000
349600.000
341600.000
340000.000
371600.000
377200.000
388000.000
405600.000
399600.000
415600.000
428800.000
419600.000
439200.000
431600.000
464000.000
456400.000
477200.000
510800.000
498000.000
517600.000
518000.000
508000.000
487600.000
500000.000
526800.000
496800.000
519200.000
508800.000
527200.000
499200.000
508000.000
503200.000
486000.000
503600.000
516800.000
469600.000
480400.000
509200.000
470400.000
498800.000
485200.000
490800.000
474800.000
483200.000
498800.000
468800.000
453200.000
458800.000
463200.000
511200.000
567200.000
668400.000
873200.000
1001600.000
1152000.000
1284400.000
1349200.000
1378400.000
1398400.000
1650400.000
1765600.000
1627200.000
1675600.000
1684800.000
1770000.000
1851200.000
1840400.000
1839200.000
1797200.000
1850000.000
1888400.000
1881600.000
1889200.000
1932400.000
1885200.000
1924800.000
2019600.000
1984400.000
1982400.000
1928800.000
1942400.000
1883200.000
1935600.000
1925600.000
2004800.000
1960000.000
1956800.000
1860800.000
1744400.000
1753200.000
1667200.000
1590000.000
1550400.000
1406000.000
1306800.000
1236000.000
1162800.000
993200.000
881600.000
799600.000
724800.000
679200.000
658000.000
607600.000
598400.000
581600.000
570400.000
549600.000
539600.000
540800.000
564400.000
563200.000
560400.000
538000.000
571200.000
574400.000
70400.000
84800.000
74400.000
84000.000
87200.000
81600.000
94400.000
82400.000
89600.000
86400.000
88400.000
82400.000
90400.000
92800.000
87600.000
90000.000
97600.000
107600.000
110400.000
122000.000
107200.000
112000.000
102000.000
104000.000
98400.000
89600.000
96800.000
88000.000
90400.000
86000.000
94000.000
82400.000
80800.000
90000.000
78400.000
88000.000
81600.000
81600.000
69200.000
77200.000
90400.000
82400.000
95600.000
87600.000
88000.000
99200.000
97200.000
84400.000
106800.000
102800.000
112000.000
126800.000
150800.000
170000.000
182400.000
207600.000
194400.000
228400.000
276000.000
284800.000
251600.000
278800.000
268000.000
280800.000
294000.000
300000.000
356000.000
418000.000
436400.000
471600.000
491600.000
539200.000
537200.000
518400.000
520000.000
518000.000
479200.000
442000.000
418400.000
419200.000
390400.000
366800.000
359600.000
362800.000
333600.000
355600.000
344000.000
348400.000
350000.000
362800.000
377200.000
384400.000
377600.000
378000.000
408800.000
421600.000
419200.000
397600.000
456000.000
459200.000
450400.000
445200.000
498400.000
490000.000
491200.000
529200.000
574000.000
492800.000
494400.000
492000.000
497200.000
489200.000
540400.000
518800.000
510400.000
512000.000
500000.000
484800.000
534400.000
482400.000
509600.000
490800.000
508800.000
472400.000
490000.000
501200.000
513200.000
480800.000
466000.000
467200.000
490800.000
473200.000
468800.000
495600.000
526000.000
566000.000
666400.000
859200.000
961200.000
1083600.000
1204400.000
1250800.000
1300800.000
1301200.000
1368800.000
1467600.000
1555600.000
1569600.000
1578800.000
1669600.000
1689600.000
1728000.000
1757600.000
1778000.000
1810000.000
1799600.000
1808400.000
1821200.000
1781600.000
1801200.000
1798400.000
1814000.000
1808800.000
1883600.000
1861600.000
1842800.000
1810400.000
1874400.000
1819200.000
1824000.000
1828400.000
1888400.000
1905200.000
1845600.000
1729600.000
1702400.000
1627200.000
1576800.000
1459600.000
1437200.000
1203600.000
1168400.000
1057200.000
968800.000
833200.000
798800.000
726800.000
687600.000
608800.000
625600.000
576400.000
569600.000
586000.000
539200.000
561200.000
551600.000
550000.000
562400.000
546800.000
550000.000
575600.000
74000.000
74400.000
76400.000
88400.000
77200.000
91600.000
82800.000
94400.000
89200.000
88800.000
90000.000
85200.000
78000.000
103200.000
98800.000
90800.000
102400.000
118000.000
103600.000
116000.000
102400.000
101600.000
114000.000
134400.000
111600.000
96800.000
112400.000
106400.000
94400.000
90800.000
88000.000
90400.000
79600.000
87200.000
93200.000
80800.000
78000.000
78000.000
83600.000
77200.000
82000.000
99200.000
85200.000
89600.000
89200.000
81600.000
106400.000
98000.000
114400.000
155200.000
140800.000
163600.000
175600.000
187200.000
241600.000
259200.000
240800.000
261200.000
276000.000
310000.000
308400.000
283600.000
283600.000
302400.000
282800.000
308000.000
325600.000
344800.000
394800.000
418000.000
424800.000
460000.000
428800.000
430000.000
446800.000
409200.000
403600.000
422000.000
399200.000
380400.000
364400.000
361600.000
326400.000
358400.000
359200.000
350800.000
370800.000
376800.000
360400.000
370000.000
390800.000
376800.000
385200.000
391200.000
402000.000
428000.000
423200.000
441200.000
426000.000
458800.000
465200.000
494400.000
522400.000
502400.000
486000.000
510000.000
524000.000
524400.000
518000.000
512800.000
511600.000
533600.000
540000.000
549200.000
515200.000
521600.000
522400.000
545200.000
508000.000
520800.000
508400.000
502000.000
505200.000
499200.000
508000.000
508000.000
505600.000
498800.000
510000.000
516400.000
486800.000
478800.000
476000.000
510400.000
516000.000
612000.000
696400.000
866400.000
970000.000
1032800.000
1148000.000
1241200.000
1278800.000
1273200.000
1373600.000
1445600.000
1512400.000
1560800.000
1536400.000
1635600.000
1661600.000
1664400.000
1685600.000
1702800.000
1739200.000
1768800.000
1754800.000
1725600.000
1767600.000
1731600.000
1748800.000
1712800.000
1733200.000
1805600.000
1802000.000
1781600.000
1806800.000
1848800.000
1834000.000
1834400.000
1879200.000
1802000.000
1858800.000
1805600.000
1900800.000
1731200.000
1673600.000
1633600.000
1472400.000
1450400.000
1318000.000
1240800.000
1114400.000
1028800.000
940800.000
824000.000
794800.000
703200.000
620400.000
601600.000
591200.000
586000.000
550400.000
569600.000
535200.000
538400.000
548400.000
585200.000
553200.000
547600.000
578000.000
81600.000
80000.000
82000.000
74000.000
80000.000
92800.000
97200.000
85600.000
102800.000
93200.000
82800.000
97600.000
84400.000
92800.000
87200.000
76400.000
94000.000
106000.000
107200.000
105600.000
106000.000
104000.000
114000.000
118000.000
116000.000
100800.000
96400.000
99200.000
96800.000
92000.000
105200.000
78800.000
91600.000
76800.000
87600.000
77600.000
74400.000
82800.000
82800.000
86400.000
100800.000
100400.000
87600.000
72400.000
90400.000
94800.000
122400.000
125600.000
138800.000
158400.000
180400.000
175600.000
206800.000
223600.000
249200.000
261600.000
286400.000
293200.000
301200.000
297200.000
294800.000
282400.000
302000.000
312400.000
296400.000
325600.000
329200.000
326000.000
367200.000
360000.000
382800.000
381600.000
387200.000
383600.000
381200.000
393200.000
372000.000
375200.000
372000.000
342000.000
368400.000
344800.000
385200.000
372800.000
378400.000
387600.000
378000.000
396000.000
380800.000
370000.000
372400.000
393200.000
394800.000
408000.000
411600.000
414000.000
398400.000
434400.000
450400.000
430800.000
460800.000
469200.000
495200.000
519200.000
507600.000
515600.000
551200.000
558400.000
581600.000
531600.000
546000.000
578800.000
554000.000
556800.000
541600.000
559200.000
567600.000
547200.000
540800.000
542000.000
549200.000
500400.000
500000.000
506000.000
540800.000
498000.000
546400.000
524800.000
472000.000
483200.000
472800.000
494000.000
456800.000
505200.000
541200.000
614800.000
704000.000
832400.000
900000.000
960000.000
1070800.000
1147600.000
1309200.000
1327200.000
1361600.000
1353200.000
1441600.000
1511200.000
1518000.000
1555600.000
1604400.000
1668000.000
1672000.000
1662800.000
1658400.000
1682400.000
1701200.000
1653200.000
1646000.000
1736400.000
1669600.000
1644400.000
1674800.000
1669200.000
1702000.000
1728800.000
1667200.000
1681200.000
1721600.000
1758000.000
1776400.000
1816400.000
1861600.000
1800800.000
1770400.000
1717200.000
1678400.000
1729200.000
1548000.000
1501600.000
1402400.000
1270400.000
1103200.000
995600.000
952400.000
843200.000
799200.000
746400.000
657600.000
623600.000
594400.000
607600.000
562800.000
548000.000
556800.000
518000.000
558000.000
536400.000
566400.000
564000.000
528800.000
92000.000
82000.000
85600.000
82800.000
102000.000
99200.000
98800.000
102400.000
106400.000
112400.000
99600.000
105200.000
100800.000
100400.000
97200.000
97200.000
91600.000
100400.000
108800.000
100800.000
104400.000
93200.000
93200.000
101200.000
104000.000
99600.000
100400.000
104800.000
89600.000
99600.000
98000.000
98000.000
104400.000
82400.000
86800.000
85600.000
86000.000
79600.000
83600.000
89200.000
91600.000
87200.000
93600.000
98800.000
108400.000
100000.000
124400.000
142800.000
170000.000
190400.000
197200.000
199600.000
208000.000
244800.000
281200.000
313200.000
315200.000
331600.000
308400.000
315600.000
326000.000
339200.000
334000.000
340000.000
325200.000
318800.000
327600.000
348400.000
358800.000
364000.000
363200.000
352400.000
360000.000
339600.000
371600.000
353200.000
371600.000
346000.000
363600.000
352000.000
354000.000
364800.000
373600.000
376800.000
428800.000
387600.000
395200.000
369200.000
390000.000
386800.000
414800.000
400400.000
428000.000
388400.000
426800.000
413600.000
428800.000
434800.000
437200.000
447600.000
448400.000
452800.000
475600.000
476000.000
495600.000
513200.000
535600.000
522000.000
530400.000
544000.000
550400.000
538000.000
545600.000
565200.000
551200.000
540000.000
542800.000
556400.000
530800.000
545200.000
512000.000
540400.000
510000.000
535200.000
532000.000
522400.000
505600.000
482400.000
511600.000
481200.000
472000.000
462800.000
475600.000
495600.000
510800.000
584000.000
688800.000
797600.000
875600.000
958000.000
1088400.000
1189600.000
1228000.000
1276800.000
1340400.000
1372800.000
1430400.000
1466400.000
1530400.000
1518000.000
1528800.000
1578000.000
1503600.000
1591600.000
1601200.000
1622000.000
1608800.000
1635200.000
1626000.000
1587200.000
1554400.000
1538800.000
1582800.000
1640800.000
1632800.000
1608400.000
1596800.000
1650800.000
1655600.000
1644000.000
1681600.000
1683200.000
1721600.000
1764400.000
1699600.000
1694800.000
1661600.000
1623200.000
1574800.000
1542000.000
1419200.000
1266000.000
1178400.000
1016000.000
906800.000
872800.000
816800.000
718000.000
696400.000
640400.000
591200.000
597600.000
561600.000
542000.000
563600.000
537200.000
564800.000
554800.000
532400.000
531600.000
555600.000
78400.000
81600.000
85600.000
86800.000
97600.000
119600.000
116800.000
116800.000
126800.000
107600.000
111600.000
109200.000
105600.000
96400.000
90400.000
98400.000
86000.000
98000.000
108800.000
101600.000
112000.000
110000.000
92400.000
106800.000
98800.000
98800.000
98400.000
102800.000
100400.000
97200.000
92800.000
81600.000
80800.000
95600.000
92800.000
85600.000
83200.000
82000.000
89600.000
90800.000
86000.000
105200.000
102400.000
93200.000
116800.000
125200.000
163200.000
158000.000
205200.000
220800.000
255600.000
227200.000
269600.000
287200.000
298000.000
311200.000
318400.000
351200.000
335600.000
348800.000
362400.000
362400.000
361600.000
362800.000
328400.000
316800.000
345200.000
342000.000
344000.000
347200.000
350000.000
378000.000
372400.000
357600.000
340800.000
346400.000
361600.000
356400.000
384800.000
365600.000
359600.000
378000.000
380000.000
419600.000
405200.000
415600.000
438800.000
421200.000
400400.000
419200.000
432400.000
438000.000
419600.000
453600.000
438800.000
460400.000
439600.000
466000.000
440800.000
458400.000
474000.000
476400.000
492000.000
509200.000
522800.000
489600.000
520800.000
515600.000
514800.000
552400.000
550000.000
542400.000
542400.000
581200.000
534800.000
564000.000
535600.000
538800.000
571200.000
566000.000
560800.000
569200.000
543200.000
555600.000
516800.000
530800.000
507600.000
509200.000
499200.000
508800.000
478000.000
493600.000
454400.000
504400.000
532800.000
584400.000
678400.000
734000.000
833600.000
932800.000
1010800.000
1104800.000
1178800.000
1270800.000
1318400.000
1324400.000
1456800.000
1437200.000
1499600.000
1514400.000
1524000.000
1526400.000
1605600.000
1573200.000
1595200.000
1576400.000
1627200.000
1612000.000
1583200.000
1569200.000
1540000.000
1565200.000
1547200.000
1516000.000
1566400.000
1540400.000
1549600.000
1560400.000
1574400.000
1662800.000
1696400.000
1677200.000
1704000.000
1680000.000
1756800.000
1745200.000
1706400.000
1647200.000
1544000.000
1486400.000
1425200.000
1286000.000
1195200.000
1063200.000
981600.000
892000.000
818000.000
747200.000
668800.000
611600.000
616400.000
565600.000
590000.000
537200.000
546400.000
556800.000
534400.000
548800.000
538800.000
568800.000
557600.000
93600.000
81200.000
93200.000
99200.000
105200.000
114000.000
122800.000
123200.000
116800.000
94000.000
100800.000
100800.000
101200.000
112800.000
96400.000
100800.000
100400.000
104000.000
91600.000
94000.000
119200.000
113600.000
103200.000
93200.000
90400.000
108800.000
92000.000
95600.000
90400.000
101200.000
87200.000
85200.000
94400.000
89600.000
94800.000
91200.000
88800.000
88000.000
90000.000
86800.000
90800.000
98800.000
108000.000
112800.000
139200.000
163200.000
208400.000
226400.000
243200.000
262000.000
277200.000
306400.000
309600.000
279600.000
284800.000
317600.000
342400.000
338000.000
370400.000
356400.000
382000.000
386800.000
383200.000
341200.000
342400.000
365600.000
336800.000
365200.000
357600.000
357200.000
361200.000
338800.000
352800.000
342800.000
386800.000
362000.000
369600.000
368000.000
378400.000
403200.000
379600.000
418000.000
448800.000
395600.000
428000.000
413600.000
422400.000
427600.000
432400.000
420400.000
447600.000
434400.000
475600.000
437200.000
432000.000
452000.000
459600.000
449200.000
446800.000
466000.000
469200.000
492400.000
470000.000
516400.000
488800.000
504800.000
518000.000
495600.000
491200.000
518000.000
546800.000
531200.000
558800.000
562400.000
566800.000
549200.000
568000.000
557600.000
544400.000
566400.000
566400.000
555200.000
548000.000
548400.000
547200.000
527600.000
517200.000
518800.000
535200.000
503200.000
513200.000
470800.000
506000.000
476800.000
516800.000
585600.000
667600.000
748800.000
823600.000
898000.000
992800.000
1092000.000
1089200.000
1217200.000
1285600.000
1282400.000
1375200.000
1404400.000
1432400.000
1509600.000
1502400.000
1500400.000
1517200.000
1557600.000
1588400.000
1536800.000
1565200.000
1563200.000
1529600.000
1515600.000
1486800.000
1472400.000
1448400.000
1488000.000
1463200.000
1458000.000
1507200.000
1526000.000
1507200.000
1599600.000
1613200.000
1580400.000
1661600.000
1670400.000
1724400.000
1744000.000
1694800.000
1651600.000
1530400.000
1506000.000
1403200.000
1336800.000
1227200.000
1083200.000
1025600.000
922400.000
834000.000
748000.000
670800.000
655200.000
618800.000
592800.000
572400.000
547200.000
544800.000
546000.000
554800.000
553200.000
530400.000
537600.000
536000.000
72800.000
79600.000
93600.000
111600.000
117200.000
128000.000
131200.000
112000.000
104400.000
94400.000
84000.000
104000.000
110000.000
105200.000
116800.000
97600.000
111200.000
88000.000
99600.000
106000.000
120800.000
116400.000
104000.000
94800.000
107600.000
96800.000
102400.000
99600.000
99600.000
89200.000
94800.000
89600.000
85200.000
95200.000
85200.000
92800.000
102000.000
114000.000
105600.000
95200.000
101200.000
117600.000
137200.000
142000.000
179600.000
186800.000
223200.000
288000.000
280800.000
302400.000
308800.000
331600.000
401600.000
340400.000
337200.000
348400.000
343200.000
395600.000
390000.000
365200.000
381200.000
354400.000
404800.000
377600.000
360800.000
380400.000
353600.000
370000.000
379200.000
383200.000
416800.000
360800.000
394800.000
354000.000
374800.000
377600.000
370400.000
389200.000
388400.000
382400.000
405600.000
435600.000
453200.000
466000.000
453600.000
444000.000
465200.000
433600.000
446000.000
458400.000
474800.000
486000.000
489600.000
477200.000
474000.000
456000.000
449600.000
453200.000
467600.000
470800.000
461600.000
453200.000
475600.000
482400.000
490400.000
476400.000
525200.000
504000.000
538400.000
512400.000
540000.000
554000.000
555600.000
562000.000
557200.000
580400.000
575200.000
571600.000
550400.000
591600.000
567200.000
571200.000
565200.000
560800.000
558000.000
536400.000
526400.000
548800.000
533600.000
535600.000
500000.000
494400.000
502000.000
507600.000
519200.000
556800.000
647200.000
758800.000
820800.000
847600.000
930000.000
1053200.000
1096800.000
1163200.000
1208000.000
1270000.000
1323200.000
1317200.000
1359200.000
1411600.000
1464400.000
1489600.000
1482800.000
1537200.000
1512000.000
1506000.000
1518800.000
1532800.000
1482000.000
1529200.000
1441600.000
1423200.000
1392400.000
1402000.000
1430800.000
1475200.000
1473200.000
1511200.000
1522800.000
1542000.000
1577600.000
1595600.000
1627200.000
1650000.000
1684800.000
1638800.000
1701600.000
1621200.000
1606000.000
1486400.000
1401200.000
1344400.000
1246000.000
1108000.000
1013600.000
902400.000
821600.000
752000.000
682400.000
648800.000
650000.000
585600.000
570800.000
572000.000
549600.000
480800.000
557200.000
550400.000
522800.000
544400.000
534800.000
87200.000
89600.000
90000.000
105600.000
129200.000
124400.000
118800.000
103200.000
108400.000
124000.000
86400.000
100400.000
127600.000
106000.000
108800.000
102400.000
114000.000
97200.000
102400.000
104800.000
101600.000
104400.000
107600.000
99200.000
103600.000
92400.000
86400.000
90000.000
81600.000
101600.000
100800.000
84400.000
97600.000
93200.000
111200.000
107200.000
116400.000
115200.000
115200.000
120000.000
140800.000
140400.000
151200.000
173200.000
201600.000
228000.000
244000.000
271600.000
319200.000
320400.000
299200.000
301200.000
370800.000
367600.000
383600.000
391200.000
404000.000
413600.000
393200.000
395200.000
378000.000
392000.000
370800.000
394400.000
378800.000
398800.000
354000.000
401600.000
392000.000
407600.000
396400.000
376000.000
362000.000
386000.000
378800.000
388800.000
379200.000
397200.000
409200.000
398400.000
439200.000
456800.000
498000.000
486000.000
476000.000
476000.000
489200.000
526800.000
471600.000
497200.000
495600.000
492400.000
496400.000
478400.000
475600.000
477600.000
477600.000
451600.000
482400.000
453200.000
455200.000
454000.000
473600.000
488800.000
446000.000
497600.000
523200.000
507200.000
527200.000
527200.000
540800.000
564400.000
544400.000
584400.000
564000.000
564000.000
575200.000
577600.000
607600.000
594000.000
587200.000
595200.000
604000.000
544800.000
580000.000
551600.000
524000.000
541200.000
544400.000
502400.000
507600.000
480400.000
478000.000
512000.000
522800.000
581600.000
668000.000
727200.000
790800.000
831200.000
976800.000
1020800.000
1082800.000
1106800.000
1190400.000
1213200.000
1284400.000
1263600.000
1357600.000
1318800.000
1425600.000
1428400.000
1474000.000
1494800.000
1454400.000
1445600.000
1457600.000
1440000.000
1389600.000
1480400.000
1427600.000
1394000.000
1408400.000
1407600.000
1444800.000
1432400.000
1439200.000
1526800.000
1531200.000
1476800.000
1601200.000
1624400.000
1600400.000
1622000.000
1653600.000
1652800.000
1723200.000
1679200.000
1582000.000
1516400.000
1408400.000
1358400.000
1213600.000
1134400.000
1031600.000
916000.000
816000.000
781600.000
671600.000
676800.000
628000.000
617600.000
599200.000
556800.000
562400.000
548000.000
544400.000
547200.000
549600.000
556000.000
546000.000
90400.000
81600.000
94000.000
106400.000
125600.000
117200.000
104400.000
101200.000
164000.000
168800.000
117600.000
108400.000
116400.000
111600.000
92800.000
96400.000
107200.000
97600.000
105600.000
100400.000
110000.000
98400.000
103600.000
96400.000
86400.000
94800.000
93600.000
89200.000
98800.000
94000.000
94400.000
98000.000
96400.000
114000.000
108800.000
106400.000
118400.000
131600.000
136400.000
148400.000
166400.000
188400.000
208000.000
235200.000
262800.000
270000.000
283600.000
280400.000
307600.000
336400.000
319600.000
362000.000
352400.000
392400.000
394800.000
419200.000
392400.000
412400.000
418800.000
427200.000
421600.000
404000.000
418000.000
402400.000
400800.000
381600.000
377200.000
415600.000
411600.000
402000.000
380800.000
390800.000
370800.000
404400.000
390800.000
415200.000
396400.000
421200.000
421600.000
447600.000
473600.000
465600.000
468000.000
508000.000
507600.000
494400.000
508800.000
517200.000
500000.000
516400.000
516000.000
508400.000
498000.000
498800.000
494000.000
491600.000
488800.000
491200.000
479600.000
469600.000
475200.000
478400.000
474800.000
461200.000
483600.000
479200.000
511600.000
496000.000
524400.000
517200.000
549600.000
556800.000
535200.000
552800.000
554800.000
552000.000
556800.000
580000.000
588000.000
603600.000
604800.000
583600.000
587200.000
581200.000
571600.000
576800.000
546800.000
554400.000
554800.000
514800.000
503600.000
507600.000
514000.000
474000.000
500400.000
528800.000
660800.000
735200.000
791200.000
855200.000
922400.000
1010400.000
1093600.000
1121200.000
1118000.000
1206000.000
1252400.000
1308000.000
1312400.000
1327600.000
1352800.000
1404400.000
1424000.000
1427200.000
1446000.000
1472400.000
1407200.000
1445600.000
1363200.000
1419200.000
1410000.000
1402400.000
1429600.000
1387600.000
1430800.000
1460400.000
1500000.000
1474400.000
1476400.000
1476800.000
1525200.000
1551600.000
1602000.000
1606800.000
1652400.000
1652400.000
1663600.000
1628000.000
1604400.000
1514800.000
1466400.000
1357600.000
1237200.000
1160800.000
1022400.000
916000.000
832800.000
757600.000
680800.000
679200.000
628000.000
610400.000
566800.000
574400.000
524000.000
558000.000
540000.000
546800.000
555600.000
538400.000
522800.000
76400.000
74000.000
96800.000
104800.000
124400.000
130000.000
109200.000
97600.000
118400.000
196800.000
133600.000
96000.000
109200.000
101600.000
99200.000
110400.000
107600.000
107200.000
102400.000
106000.000
106000.000
106400.000
105200.000
96000.000
97200.000
101600.000
93200.000
89200.000
94800.000
100800.000
98400.000
110400.000
102000.000
113200.000
125600.000
124000.000
150400.000
156800.000
188000.000
204400.000
223600.000
233600.000
247200.000
291200.000
293200.000
287600.000
290400.000
302800.000
314000.000
378000.000
372400.000
372000.000
380800.000
404000.000
398800.000
375200.000
432800.000
428400.000
453600.000
430400.000
402000.000
399600.000
415200.000
392800.000
399200.000
396400.000
442400.000
422800.000
427600.000
412800.000
412000.000
405200.000
421200.000
411200.000
420800.000
401200.000
433200.000
444000.000
450400.000
490800.000
526400.000
522000.000
548000.000
512800.000
492000.000
554800.000
530400.000
526400.000
562400.000
548800.000
542800.000
507600.000
526000.000
529200.000
522400.000
505600.000
487600.000
519200.000
452400.000
484400.000
466400.000
462400.000
468000.000
485200.000
484400.000
454000.000
490000.000
507600.000
536400.000
524800.000
552800.000
544400.000
574400.000
531200.000
568000.000
541600.000
581600.000
614400.000
606400.000
617200.000
618800.000
598000.000
576800.000
548000.000
585200.000
548800.000
570000.000
538800.000
542800.000
533200.000
507600.000
513200.000
504400.000
491600.000
508000.000
548800.000
649600.000
754800.000
778000.000
850400.000
908400.000
1022000.000
1064800.000
1078400.000
1139600.000
1148000.000
1234400.000
1303200.000
1299600.000
1344400.000
1368400.000
1350800.000
1384800.000
1420400.000
1412000.000
1407600.000
1404400.000
1379600.000
1394800.000
1368800.000
1428400.000
1435200.000
1446000.000
1400800.000
1386400.000
1420400.000
1494400.000
1479600.000
1496800.000
1533200.000
1589200.000
1604400.000
1556800.000
1582800.000
1636400.000
1685600.000
1726800.000
1595600.000
1607600.000
1520400.000
1454800.000
1334400.000
1234000.000
1149600.000
1057600.000
934000.000
853200.000
802000.000
711200.000
695600.000
649600.000
598000.000
562800.000
573600.000
577600.000
533600.000
546000.000
565600.000
544000.000
533600.000
558400.000
83200.000
78400.000
76400.000
90800.000
100400.000
109600.000
122400.000
87600.000
96400.000
97200.000
89200.000
102800.000
95600.000
90400.000
107200.000
102400.000
94800.000
105200.000
122400.000
108400.000
110000.000
109600.000
99200.000
99200.000
89600.000
99600.000
95200.000
106400.000
100400.000
101200.000
106000.000
116000.000
122800.000
141600.000
146000.000
199600.000
205600.000
239200.000
244400.000
257200.000
293200.000
306800.000
312400.000
312000.000
313600.000
291600.000
333600.000
339600.000
383200.000
398000.000
413200.000
394800.000
398000.000
380800.000
420000.000
437200.000
448800.000
425200.000
443600.000
401600.000
435600.000
426400.000
411600.000
429200.000
417200.000
440000.000
415200.000
421200.000
426800.000
440000.000
426400.000
424800.000
435600.000
442800.000
430400.000
422000.000
422800.000
444800.000
484000.000
485600.000
515600.000
545600.000
509200.000
542000.000
534000.000
515600.000
551200.000
542000.000
536800.000
562800.000
558400.000
542400.000
532000.000
528400.000
511200.000
500000.000
493600.000
488800.000
473200.000
466000.000
458400.000
477200.000
467600.000
485200.000
458800.000
484800.000
471600.000
494000.000
481200.000
513600.000
507200.000
507600.000
542400.000
547200.000
536000.000
581600.000
589600.000
610400.000
628400.000
616000.000
609600.000
620000.000
602000.000
543200.000
562800.000
551200.000
552400.000
539600.000
556000.000
520000.000
518800.000
499200.000
493600.000
513200.000
498400.000
564400.000
628000.000
723200.000
798800.000
799200.000
893200.000
943600.000
1093200.000
1111600.000
1154800.000
1160800.000
1214400.000
1309200.000
1334400.000
1384800.000
1341600.000
1366400.000
1378000.000
1372800.000
1370000.000
1384400.000
1396000.000
1376000.000
1417600.000
1420000.000
1444800.000
1414800.000
1436000.000
1441600.000
1395600.000
1464800.000
1470800.000
1458000.000
1526400.000
1532000.000
1536400.000
1562400.000
1603600.000
1585600.000
1639200.000
1617200.000
1640800.000
1577600.000
1638800.000
1514800.000
1442000.000
1373200.000
1290000.000
1153600.000
1082800.000
930000.000
843200.000
775200.000
734400.000
703600.000
637200.000
588800.000
580400.000
575200.000
558000.000
558000.000
570800.000
543200.000
564800.000
535600.000
534400.000
73200.000
78400.000
96000.000
82400.000
99200.000
102400.000
110800.000
90400.000
75200.000
95600.000
108800.000
90800.000
92800.000
80800.000
108000.000
102000.000
111200.000
97600.000
111200.000
115600.000
98800.000
97600.000
109600.000
100400.000
101200.000
97600.000
113200.000
114800.000
108000.000
109600.000
129200.000
137200.000
150400.000
180800.000
222000.000
263200.000
308000.000
336000.000
372800.000
322800.000
350000.000
352800.000
330400.000
358800.000
358800.000
358400.000
374800.000
373600.000
406800.000
418000.000
405200.000
406800.000
412400.000
416400.000
440800.000
433200.000
413200.000
428800.000
423200.000
432400.000
447600.000
465600.000
423200.000
435200.000
426400.000
416000.000
424000.000
445600.000
447200.000
438800.000
434400.000
432800.000
458000.000
454400.000
442800.000
448800.000
476000.000
484800.000
514000.000
521600.000
544400.000
542400.000
534800.000
510400.000
513200.000
528400.000
552800.000
559200.000
572000.000
590000.000
573200.000
521600.000
534000.000
558800.000
556400.000
515600.000
492800.000
496800.000
462800.000
481200.000
468800.000
468800.000
472400.000
488400.000
470800.000
467600.000
485200.000
516800.000
472800.000
486800.000
501200.000
503200.000
503600.000
543200.000
557200.000
562400.000
566800.000
582000.000
632400.000
624400.000
590400.000
602000.000
577600.000
553200.000
520800.000
541200.000
568800.000
557600.000
518400.000
528000.000
491600.000
494800.000
488800.000
503200.000
522000.000
517200.000
593600.000
708400.000
768800.000
865600.000
883200.000
958800.000
1038800.000
1069200.000
1164000.000
1170400.000
1212000.000
1300800.000
1299600.000
1330800.000
1294000.000
1316400.000
1324000.000
1339200.000
1337200.000
1351600.000
1358000.000
1339600.000
1435200.000
1461200.000
1431200.000
1414800.000
1426800.000
1416800.000
1414000.000
1498800.000
1453600.000
1527200.000
1509600.000
1574800.000
1548800.000
1604400.000
1568800.000
1608000.000
1589600.000
1584000.000
1638800.000
1571600.000
1570000.000
1556000.000
1451600.000
1353200.000
1217200.000
1180000.000
1087600.000
937200.000
836400.000
760400.000
740800.000
672000.000
613600.000
610800.000
552800.000
538000.000
570800.000
530400.000
520800.000
557200.000
513600.000
542800.000
564800.000
64400.000
84000.000
85200.000
93200.000
90000.000
108800.000
97600.000
89600.000
105600.000
100800.000
100400.000
84800.000
93600.000
94800.000
84400.000
84000.000
86000.000
108800.000
101600.000
104800.000
94800.000
83600.000
106800.000
114400.000
106400.000
118400.000
124800.000
118400.000
132800.000
125200.000
140800.000
166400.000
195200.000
249600.000
270800.000
352000.000
391200.000
421200.000
390800.000
370000.000
382400.000
376000.000
352800.000
379200.000
392800.000
399200.000
409200.000
408800.000
392800.000
402000.000
442000.000
428400.000
436800.000
417600.000
459200.000
426800.000
445600.000
439200.000
452000.000
449200.000
445600.000
460400.000
441600.000
410000.000
455200.000
436000.000
463200.000
431600.000
446000.000
447600.000
452400.000
432400.000
462400.000
447200.000
442800.000
447200.000
472000.000
503600.000
538000.000
526800.000
560800.000
532800.000
537600.000
535200.000
524800.000
566400.000
548000.000
564800.000
570400.000
570800.000
568000.000
558400.000
550800.000
558000.000
532800.000
502800.000
538400.000
472400.000
486400.000
503600.000
516400.000
494400.000
462000.000
475200.000
443600.000
456000.000
469600.000
488800.000
506800.000
497200.000
499600.000
506000.000
515200.000
521600.000
544000.000
564800.000
576000.000
614000.000
592000.000
580400.000
553600.000
582800.000
564400.000
565200.000
576800.000
540000.000
504400.000
539200.000
508000.000
513600.000
494000.000
490400.000
502400.000
499200.000
486800.000
504000.000
595600.000
676400.000
732000.000
845200.000
865600.000
910800.000
1044800.000
1087200.000
1155600.000
1137200.000
1190800.000
1253200.000
1260800.000
1301600.000
1307200.000
1282400.000
1315200.000
1327200.000
1329600.000
1358000.000
1354000.000
1374400.000
1392400.000
1423200.000
1474800.000
1487200.000
1488000.000
1512000.000
1416400.000
1517200.000
1510400.000
1545200.000
1538000.000
1566800.000
1582800.000
1634000.000
1555200.000
1609600.000
1634000.000
1592400.000
1627600.000
1579600.000
1625200.000
1586800.000
1479600.000
1365600.000
1239200.000
1139200.000
1102400.000
957200.000
816400.000
784000.000
750800.000
669600.000
661200.000
628800.000
553200.000
560400.000
532000.000
539200.000
553200.000
540000.000
560000.000
562000.000
556800.000
76000.000
91600.000
78400.000
80800.000
85200.000
101600.000
100800.000
88800.000
97600.000
91200.000
91600.000
93600.000
94000.000
102800.000
101200.000
102800.000
106000.000
106000.000
110000.000
112000.000
90800.000
114400.000
103200.000
108000.000
124800.000
129200.000
142400.000
143200.000
152800.000
174800.000
186000.000
218800.000
255200.000
318000.000
381600.000
437600.000
469600.000
484800.000
448000.000
432800.000
414800.000
445600.000
445200.000
430800.000
434400.000
436400.000
412800.000
419600.000
419200.000
439600.000
426000.000
451600.000
449200.000
431200.000
442000.000
448000.000
455200.000
461600.000
449600.000
456800.000
465200.000
443200.000
458800.000
434400.000
436000.000
440800.000
446000.000
481200.000
468400.000
459600.000
455600.000
464000.000
464400.000
463200.000
480400.000
474000.000
508400.000
520400.000
541200.000
540000.000
525600.000
534800.000
548800.000
565600.000
551600.000
548800.000
577600.000
556800.000
559200.000
579200.000
562000.000
567200.000
563600.000
532000.000
514400.000
517600.000
516400.000
511200.000
496800.000
466000.000
496800.000
470400.000
460400.000
474400.000
462400.000
461200.000
469600.000
474400.000
470800.000
470000.000
472000.000
505200.000
521600.000
530800.000
524400.000
542000.000
594800.000
573600.000
559200.000
596000.000
556000.000
563600.000
580800.000
548800.000
535600.000
544000.000
495200.000
496400.000
498000.000
497200.000
485600.000
478800.000
494800.000
486800.000
467600.000
515600.000
543200.000
658000.000
739600.000
822400.000
870000.000
906400.000
1060400.000
1090800.000
1166800.000
1203600.000
1226000.000
1272000.000
1256800.000
1300800.000
1290800.000
1294800.000
1242800.000
1296800.000
1278400.000
1315200.000
1339200.000
1424400.000
1423200.000
1471600.000
1598400.000
1639600.000
1627200.000
1675200.000
1674000.000
1617600.000
1590800.000
1610800.000
1598800.000
1581600.000
1629600.000
1618000.000
1622000.000
1618400.000
1593200.000
1651200.000
1639200.000
1655200.000
1582000.000
1542400.000
1459200.000
1339600.000
1158400.000
1097200.000
1028400.000
960800.000
862800.000
802800.000
719200.000
716000.000
657200.000
616000.000
590000.000
564000.000
562400.000
539200.000
553200.000
548000.000
557600.000
532800.000
554400.000
77200.000
72400.000
79600.000
73200.000
79600.000
93600.000
83200.000
92800.000
100800.000
95600.000
89200.000
92000.000
87200.000
93200.000
91600.000
101600.000
105200.000
100400.000
106000.000
113600.000
120000.000
106400.000
117200.000
117600.000
120400.000
156400.000
150000.000
162000.000
177600.000
226800.000
232400.000
297200.000
336400.000
383200.000
450800.000
503200.000
521600.000
529200.000
490400.000
509200.000
479200.000
446000.000
455200.000
500000.000
449200.000
448800.000
453600.000
451200.000
457200.000
411200.000
422000.000
441200.000
474800.000
475200.000
474800.000
449600.000
476400.000
470800.000
477600.000
467600.000
439200.000
470800.000
460800.000
452000.000
419600.000
434800.000
465200.000
457200.000
450800.000
463200.000
472000.000
443600.000
450000.000
459200.000
451600.000
486400.000
504400.000
492800.000
511200.000
541200.000
537600.000
515600.000
542400.000
587200.000
572000.000
541200.000
530000.000
538000.000
578800.000
521200.000
562800.000
580800.000
574800.000
501200.000
526400.000
508800.000
475600.000
525600.000
456800.000
464800.000
489200.000
474800.000
490400.000
480800.000
468800.000
464400.000
468400.000
459600.000
466800.000
463600.000
490000.000
504400.000
518800.000
535200.000
489200.000
521200.000
537200.000
542000.000
564000.000
572400.000
573600.000
563200.000
589200.000
565200.000
533600.000
535600.000
516000.000
519200.000
513200.000
502400.000
484400.000
480400.000
466800.000
468800.000
473600.000
489600.000
550800.000
691600.000
751600.000
836800.000
848000.000
929200.000
1054400.000
1071600.000
1135600.000
1215200.000
1207600.000
1246400.000
1265600.000
1274800.000
1282400.000
1285200.000
1270000.000
1320400.000
1321600.000
1332000.000
1328800.000
1410000.000
1530000.000
1545600.000
1685600.000
1728000.000
1695200.000
1767200.000
1691200.000
1662400.000
1660400.000
1644800.000
1592800.000
1620400.000
1620400.000
1648800.000
1602400.000
1603600.000
1643600.000
1638400.000
1608400.000
1604000.000
1572800.000
1539200.000
1482400.000
1251200.000
1146400.000
1109200.000
1040800.000
978400.000
871600.000
802000.000
726800.000
669200.000
655600.000
607200.000
580800.000
568400.000
530400.000
572000.000
549600.000
566800.000
587600.000
538800.000
591200.000
82000.000
72800.000
72000.000
80400.000
81200.000
94400.000
95200.000
96000.000
94800.000
96000.000
82800.000
89600.000
85600.000
92800.000
99200.000
100800.000
99200.000
111600.000
111600.000
107200.000
134800.000
145200.000
126800.000
143200.000
171600.000
175200.000
186000.000
226800.000
259200.000
296800.000
318800.000
350400.000
368000.000
419600.000
508800.000
516400.000
548400.000
533200.000
588000.000
584400.000
562800.000
517600.000
461600.000
494800.000
466400.000
473600.000
504000.000
484800.000
445600.000
458000.000
463600.000
461600.000
463200.000
463600.000
489600.000
458000.000
499200.000
456000.000
486800.000
451200.000
458400.000
442400.000
489200.000
464000.000
454400.000
473200.000
451200.000
460000.000
458400.000
469200.000
456800.000
469200.000
444400.000
490400.000
476400.000
518000.000
505200.000
517600.000
529600.000
542400.000
552800.000
557200.000
568800.000
554800.000
557600.000
546800.000
564800.000
528800.000
527600.000
533200.000
542000.000
529200.000
540800.000
524800.000
524400.000
534000.000
508000.000
526000.000
503600.000
488400.000
489200.000
466800.000
454000.000
481200.000
465200.000
471200.000
467200.000
467200.000
466800.000
480000.000
470800.000
531200.000
484000.000
484800.000
541600.000
526800.000
525200.000
554400.000
546400.000
544000.000
561600.000
550000.000
523600.000
529200.000
539200.000
519200.000
526800.000
506800.000
499200.000
500800.000
466400.000
500800.000
482400.000
485600.000
479200.000
517600.000
555600.000
668000.000
743200.000
806800.000
845600.000
923600.000
1049600.000
1093200.000
1142800.000
1167200.000
1225200.000
1241600.000
1261600.000
1289200.000
1330800.000
1337600.000
1298000.000
1298000.000
1320000.000
1328400.000
1393200.000
1479200.000
1549600.000
1765200.000
1856800.000
1950400.000
1808800.000
1763600.000
1737600.000
1746000.000
1744000.000
1737600.000
1660400.000
1613200.000
1657600.000
1628800.000
1616400.000
1664000.000
1638000.000
1635600.000
1584400.000
1633600.000
1594400.000
1502800.000
1426400.000
1318000.000
1144400.000
1096000.000
1032400.000
950800.000
848000.000
792400.000
732000.000
661200.000
647200.000
599600.000
599600.000
588400.000
562800.000
548400.000
542800.000
537600.000
562000.000
530000.000
551200.000
82800.000
79200.000
78400.000
92000.000
78800.000
76400.000
76400.000
90000.000
94000.000
85600.000
91600.000
93600.000
93200.000
91200.000
98800.000
102000.000
114400.000
115600.000
148000.000
128800.000
132400.000
152800.000
164400.000
184400.000
204800.000
226800.000
254000.000
263200.000
296000.000
350800.000
354800.000
354000.000
392800.000
459200.000
530800.000
608800.000
614800.000
582000.000
612000.000
628400.000
587600.000
544800.000
504800.000
510000.000
519600.000
488400.000
479200.000
466800.000
454800.000
456800.000
480800.000
482800.000
484800.000
480800.000
464400.000
478400.000
504800.000
462800.000
464400.000
474800.000
481600.000
486400.000
490800.000
457600.000
461600.000
467200.000
471600.000
456800.000
479600.000
464400.000
472000.000
486400.000
484000.000
488000.000
478400.000
507200.000
522400.000
519600.000
516800.000
540800.000
536800.000
560000.000
575200.000
581600.000
554800.000
578000.000
574400.000
580400.000
552400.000
555200.000
543600.000
530800.000
528400.000
546800.000
540000.000
534000.000
502800.000
484000.000
513600.000
490400.000
484800.000
488400.000
469600.000
461200.000
498400.000
452800.000
478800.000
479200.000
466000.000
486800.000
481600.000
489600.000
511600.000
487600.000
510800.000
524400.000
512000.000
531200.000
520400.000
528000.000
492400.000
513600.000
520000.000
538000.000
528800.000
524800.000
490000.000
511200.000
495600.000
467200.000
470800.000
466800.000
462000.000
466400.000
494800.000
499200.000
556800.000
667200.000
770800.000
829200.000
896000.000
933600.000
1064000.000
1099200.000
1140400.000
1188000.000
1208400.000
1204000.000
1279600.000
1292000.000
1282000.000
1317600.000
1304000.000
1274400.000
1297200.000
1383600.000
1495200.000
1541200.000
1680800.000
1865200.000
1934800.000
1878800.000
1909600.000
1759200.000
1759200.000
1714400.000
1729200.000
1712000.000
1735600.000
1712400.000
1679600.000
1644800.000
1592000.000
1599600.000
1592800.000
1640800.000
1569600.000
1568800.000
1531200.000
1445200.000
1375600.000
1218800.000
1144800.000
1075600.000
966000.000
927200.000
832400.000
805200.000
766000.000
672800.000
647600.000
624400.000
574000.000
568800.000
548400.000
552800.000
543600.000
562400.000
552000.000
565200.000
564400.000
74000.000
83600.000
71600.000
84400.000
71600.000
82800.000
92400.000
89600.000
92400.000
86800.000
90800.000
98000.000
98400.000
97600.000
101200.000
106000.000
115200.000
133600.000
153200.000
178000.000
219200.000
237600.000
253600.000
268000.000
272800.000
301200.000
340400.000
363200.000
364800.000
402400.000
393600.000
416400.000
457600.000
544400.000
594000.000
636800.000
665600.000
626000.000
614000.000
664800.000
646000.000
588400.000
548000.000
508000.000
514400.000
490800.000
505600.000
486000.000
471200.000
489600.000
471600.000
501600.000
474800.000
454800.000
497200.000
464000.000
480400.000
470400.000
481200.000
496000.000
489600.000
475600.000
483200.000
492000.000
468400.000
481200.000
485600.000
470400.000
468800.000
453600.000
485200.000
483200.000
503600.000
478000.000
501200.000
503600.000
504800.000
537600.000
520400.000
538800.000
546800.000
592400.000
569600.000
560400.000
538400.000
556000.000
539200.000
582000.000
553200.000
557200.000
544000.000
522800.000
518800.000
513200.000
514400.000
480800.000
499600.000
478800.000
484000.000
457600.000
472800.000
497600.000
468800.000
507200.000
497200.000
480800.000
485600.000
478000.000
476800.000
495200.000
492000.000
459600.000
484800.000
485600.000
488400.000
520800.000
548800.000
531600.000
528800.000
504800.000
490800.000
504800.000
509600.000
502000.000
498400.000
514800.000
506400.000
486800.000
516400.000
494400.000
504800.000
509600.000
510400.000
478800.000
468800.000
512000.000
523600.000
653200.000
765600.000
889600.000
898000.000
962000.000
1076400.000
1116000.000
1138400.000
1196000.000
1220800.000
1247600.000
1288000.000
1289200.000
1321600.000
1299200.000
1338400.000
1336000.000
1328400.000
1436000.000
1542800.000
1684000.000
1877600.000
1929600.000
1955600.000
1896000.000
1771200.000
1690800.000
1626000.000
1690400.000
1722000.000
1745200.000
1763600.000
1744800.000
1705200.000
1675200.000
1596800.000
1622800.000
1627200.000
1610000.000
1577600.000
1607200.000
1511600.000
1430400.000
1259600.000
1227200.000
1131600.000
1072400.000
966800.000
889200.000
796800.000
758800.000
700400.000
694400.000
641600.000
602800.000
564400.000
557200.000
581200.000
514000.000
531200.000
574000.000
554800.000
577200.000
561600.000
77600.000
72400.000
92000.000
82400.000
85200.000
84800.000
90400.000
89600.000
81600.000
81600.000
91600.000
96000.000
112800.000
94800.000
116000.000
134000.000
152800.000
189200.000
239200.000
292000.000
323200.000
339200.000
368000.000
373600.000
370800.000
394000.000
367200.000
389600.000
388800.000
413200.000
463600.000
476400.000
502000.000
531600.000
597200.000
654800.000
633200.000
568400.000
588800.000
639200.000
626000.000
606000.000
561600.000
560000.000
513600.000
533200.000
533600.000
496400.000
499200.000
512800.000
500400.000
489200.000
501200.000
453200.000
462000.000
482000.000
510400.000
488400.000
470400.000
503600.000
472800.000
481200.000
497600.000
504400.000
503600.000
487600.000
495200.000
508800.000
485600.000
490000.000
483600.000
516000.000
492000.000
485600.000
481600.000
514000.000
511200.000
516000.000
531200.000
569200.000
574800.000
578000.000
558000.000
542800.000
576400.000
543600.000
544400.000
584800.000
530800.000
542000.000
532000.000
516800.000
490000.000
511200.000
522000.000
514000.000
498800.000
496400.000
501600.000
454000.000
472400.000
502800.000
480000.000
477600.000
474000.000
484800.000
492800.000
465600.000
445200.000
491200.000
502800.000
507200.000
508000.000
499600.000
482000.000
480000.000
509200.000
519200.000
517600.000
511600.000
507200.000
494800.000
505600.000
522000.000
486800.000
496400.000
531200.000
486800.000
495600.000
484800.000
512400.000
512400.000
474000.000
470800.000
495200.000
478400.000
543200.000
648400.000
754400.000
845600.000
882000.000
943200.000
1027200.000
1112800.000
1148800.000
1163200.000
1266800.000
1272000.000
1292400.000
1301200.000
1369200.000
1388000.000
1340000.000
1297600.000
1312400.000
1406800.000
1539200.000
1789600.000
2000000.000
2028000.000
1941200.000
1716000.000
1770000.000
1902400.000
1742800.000
1713600.000
1716000.000
1769600.000
1761200.000
1729200.000
1762000.000
1658400.000
1648000.000
1652000.000
1644400.000
1612800.000
1585600.000
1569200.000
1455200.000
1416800.000
1276000.000
1140800.000
1139200.000
1071200.000
946400.000
915200.000
819200.000
736400.000
702400.000
700000.000
591200.000
615600.000
566400.000
534400.000
532800.000
572000.000
562800.000
540000.000
563200.000
573600.000
575200.000
72400.000
88000.000
85200.000
78000.000
82800.000
96800.000
86000.000
88400.000
100000.000
82800.000
90000.000
98400.000
105200.000
119200.000
126400.000
159600.000
195200.000
266000.000
339200.000
391200.000
440000.000
457200.000
399200.000
417200.000
401200.000
392000.000
414800.000
450400.000
470400.000
445600.000
485200.000
518000.000
551200.000
542000.000
550800.000
591200.000
642800.000
594800.000
619200.000
641600.000
607200.000
604000.000
572400.000
582000.000
521600.000
542800.000
534400.000
520800.000
519200.000
507200.000
484800.000
505200.000
482400.000
541200.000
518800.000
507200.000
493200.000
510400.000
485200.000
475200.000
489200.000
495200.000
499600.000
496000.000
493600.000
497600.000
496400.000
494400.000
509200.000
499200.000
513200.000
500800.000
490800.000
522000.000
487600.000
520800.000
496000.000
510400.000
547600.000
570400.000
588400.000
551600.000
555600.000
540800.000
546400.000
564800.000
574000.000
541200.000
531200.000
524400.000
513600.000
526800.000
501200.000
486400.000
481600.000
490000.000
514000.000
493600.000
494800.000
453600.000
465600.000
514800.000
461200.000
492000.000
468400.000
467600.000
473200.000
452800.000
468800.000
466800.000
504800.000
496800.000
479600.000
478800.000
474400.000
477600.000
487200.000
520400.000
498000.000
506800.000
502000.000
477200.000
538000.000
494800.000
502400.000
503200.000
494000.000
505200.000
504800.000
506800.000
502000.000
517600.000
488400.000
495200.000
454000.000
492400.000
585600.000
680800.000
770000.000
864400.000
916800.000
967600.000
1033200.000
1178000.000
1218400.000
1214400.000
1248800.000
1323200.000
1283600.000
1337200.000
1326400.000
1387600.000
1361600.000
1371200.000
1376400.000
1482000.000
1653200.000
1829200.000
1988400.000
1989600.000
1830800.000
1800800.000
2078800.000
2174400.000
2064800.000
1799200.000
1767200.000
1749200.000
1750400.000
1804000.000
1743200.000
1708400.000
1650800.000
1617600.000
1610800.000
1599200.000
1562400.000
1545200.000
1458800.000
1344000.000
1275200.000
1132800.000
1070800.000
1029200.000
950000.000
818000.000
803200.000
757600.000
701600.000
706000.000
648000.000
596000.000
582000.000
568400.000
586400.000
553600.000
569200.000
568000.000
561600.000
565200.000
573200.000
85600.000
85200.000
88400.000
87600.000
82000.000
88400.000
87600.000
95600.000
86400.000
100800.000
105200.000
113600.000
124000.000
127200.000
148000.000
190800.000
285200.000
365600.000
469200.000
487200.000
487200.000
458800.000
421600.000
418800.000
398800.000
459200.000
490400.000
487200.000
483600.000
476000.000
497600.000
512400.000
503600.000
534400.000
579600.000
656400.000
634000.000
609600.000
578000.000
560800.000
605600.000
612800.000
593600.000
555600.000
560000.000
559200.000
523200.000
516400.000
526400.000
501200.000
523200.000
500800.000
484400.000
524400.000
538800.000
506800.000
498000.000
494800.000
505600.000
501200.000
518800.000
530800.000
496000.000
510800.000
473600.000
508800.000
496000.000
497600.000
506400.000
509200.000
503600.000
515600.000
487200.000
507600.000
492400.000
512000.000
489600.000
543200.000
572000.000
564800.000
576400.000
602800.000
604000.000
599600.000
559600.000
570400.000
565600.000
560400.000
560000.000
501600.000
536000.000
544800.000
519600.000
523600.000
493600.000
497600.000
502400.000
480400.000
497600.000
463200.000
487200.000
469200.000
469200.000
468400.000
480000.000
476800.000
472000.000
485600.000
488400.000
470000.000
479200.000
467600.000
507200.000
486400.000
464800.000
460800.000
501200.000
489200.000
468000.000
509200.000
479600.000
495200.000
518800.000
498800.000
480400.000
513200.000
506000.000
515200.000
506800.000
538000.000
506800.000
480000.000
481600.000
477200.000
505600.000
545200.000
527200.000
608400.000
736800.000
846400.000
923200.000
944400.000
1082400.000
1159600.000
1162000.000
1212000.000
1282000.000
1281200.000
1320800.000
1312000.000
1376800.000
1367200.000
1378800.000
1396000.000
1397200.000
1470400.000
1614800.000
1770400.000
1919600.000
2006000.000
1868000.000
1848400.000
1963200.000
2172800.000
2202400.000
1891200.000
1779600.000
1774400.000
1745200.000
1772000.000
1740800.000
1664400.000
1631600.000
1599600.000
1562400.000
1537600.000
1518000.000
1446400.000
1405600.000
1308000.000
1219600.000
1156400.000
1069200.000
962800.000
903200.000
817200.000
744000.000
717600.000
713200.000
684400.000
622000.000
610000.000
563200.000
556400.000
543200.000
542000.000
561600.000
579600.000
567600.000
567600.000
574000.000
82400.000
80400.000
89200.000
82400.000
94400.000
89200.000
98400.000
93200.000
121600.000
107200.000
129200.000
134800.000
155200.000
172800.000
214800.000
300800.000
401200.000
508000.000
568800.000
564000.000
497200.000
464000.000
445200.000
483600.000
497600.000
516400.000
512400.000
570000.000
538000.000
542400.000
528000.000
535600.000
535200.000
546400.000
577200.000
600400.000
598000.000
616800.000
590400.000
584800.000
592400.000
569600.000
566000.000
586400.000
557600.000
552400.000
532800.000
528400.000
538400.000
518000.000
512800.000
514400.000
505600.000
498000.000
502800.000
507600.000
494400.000
500800.000
520800.000
496800.000
489200.000
514800.000
503600.000
492400.000
503200.000
483600.000
507600.000
503600.000
511200.000
499200.000
520000.000
485600.000
473600.000
512400.000
511600.000
488000.000
508400.000
506000.000
582000.000
579600.000
577200.000
622800.000
628400.000
646000.000
602800.000
557600.000
588000.000
529200.000
514000.000
530800.000
535600.000
533200.000
510400.000
496400.000
498800.000
499600.000
488800.000
491200.000
493600.000
476000.000
468800.000
496800.000
474000.000
478400.000
485200.000
493200.000
473200.000
464400.000
475600.000
457200.000
456400.000
455600.000
482400.000
453200.000
500000.000
465200.000
468000.000
493200.000
516000.000
495600.000
469200.000
482000.000
472800.000
508000.000
490400.000
511600.000
493200.000
524400.000
543200.000
563600.000
522800.000
542000.000
523200.000
494800.000
484800.000
504000.000
565600.000
615200.000
711600.000
853600.000
917600.000
970400.000
1043200.000
1172400.000
1218000.000
1250000.000
1304000.000
1260800.000
1329200.000
1334800.000
1285600.000
1284800.000
1284400.000
1323200.000
1356800.000
1451200.000
1559600.000
1669600.000
1841200.000
1883200.000
1809600.000
1776000.000
1757200.000
1926800.000
1945200.000
1903600.000
1773200.000
1737600.000
1778800.000
1765200.000
1781200.000
1668400.000
1656400.000
1609600.000
1663200.000
1578400.000
1490000.000
1455200.000
1378000.000
1242400.000
1160400.000
1115600.000
1010400.000
968800.000
866800.000
794000.000
783600.000
704400.000
652400.000
656400.000
616400.000
564000.000
564000.000
537600.000
555200.000
555200.000
542400.000
576400.000
570800.000
556800.000
545200.000
92400.000
87200.000
80800.000
84800.000
96800.000
96000.000
102800.000
111600.000
111200.000
137600.000
130800.000
153600.000
208800.000
247200.000
289600.000
394800.000
488000.000
582800.000
552800.000
529200.000
501600.000
551200.000
621600.000
610400.000
564000.000
570800.000
560800.000
582800.000
551200.000
562400.000
532800.000
556400.000
549600.000
575600.000
559600.000
573600.000
604000.000
633200.000
611600.000
600400.000
594400.000
592400.000
553200.000
567200.000
538800.000
557600.000
514800.000
519600.000
529600.000
497200.000
488800.000
494400.000
489200.000
477600.000
523600.000
506800.000
517200.000
508400.000
518800.000
511200.000
522000.000
531600.000
534800.000
510400.000
491200.000
524000.000
510000.000
484800.000
531600.000
513600.000
501200.000
516000.000
503200.000
499600.000
506000.000
482800.000
510400.000
526000.000
577200.000
571600.000
588400.000
571600.000
582000.000
630800.000
584800.000
559200.000
544400.000
533200.000
528800.000
547200.000
510400.000
520400.000
512000.000
514400.000
518000.000
493600.000
502000.000
494000.000
490000.000
460000.000
480000.000
473200.000
476800.000
491200.000
504400.000
484800.000
478400.000
498400.000
482800.000
488800.000
468400.000
494000.000
487600.000
476000.000
472400.000
475200.000
470800.000
497600.000
482400.000
522400.000
454000.000
459600.000
477600.000
486800.000
505200.000
526000.000
540800.000
564800.000
595200.000
672400.000
645600.000
622800.000
586400.000
554000.000
546000.000
560000.000
542400.000
600400.000
728800.000
872400.000
935200.000
996800.000
1059600.000
1172000.000
1210400.000
1229600.000
1260400.000
1203600.000
1211600.000
1258800.000
1245200.000
1208400.000
1198000.000
1262800.000
1335600.000
1404800.000
1508400.000
1574800.000
1709600.000
1774000.000
1782800.000
1761200.000
1724800.000
1738000.000
1902800.000
1878400.000
1765200.000
1697600.000
1780400.000
1770000.000
1696800.000
1684800.000
1636400.000
1623200.000
1615600.000
1549200.000
1505600.000
1422000.000
1310800.000
1224400.000
1185200.000
1080400.000
1022400.000
916800.000
856800.000
781600.000
750000.000
722400.000
687600.000
627600.000
610000.000
594400.000
546000.000
549600.000
556400.000
554400.000
535600.000
563600.000
566400.000
560400.000
591200.000
90800.000
82400.000
96000.000
92000.000
92400.000
115200.000
122800.000
109600.000
144000.000
178000.000
204000.000
243200.000
275600.000
307600.000
405600.000
437600.000
520800.000
599600.000
626400.000
577600.000
633200.000
712400.000
838800.000
747200.000
674800.000
598000.000
565600.000
549600.000
567200.000
603600.000
574400.000
560400.000
538000.000
594400.000
584400.000
600400.000
598400.000
598400.000
607600.000
644800.000
566800.000
573200.000
597600.000
576400.000
538800.000
531200.000
547600.000
532400.000
484800.000
489200.000
491200.000
509600.000
506000.000
525600.000
506400.000
534400.000
522400.000
507200.000
523600.000
479200.000
508000.000
515600.000
528400.000
505600.000
510800.000
490800.000
538000.000
520000.000
516400.000
518800.000
488000.000
500000.000
526000.000
531200.000
490000.000
502400.000
508800.000
532000.000
555200.000
608800.000
610400.000
584800.000
585600.000
612400.000
612400.000
554000.000
543600.000
520800.000
526800.000
541600.000
514000.000
523200.000
503600.000
502400.000
505200.000
492400.000
496400.000
486400.000
496400.000
510000.000
477600.000
502800.000
479600.000
480400.000
500000.000
457600.000
490400.000
478800.000
489600.000
503600.000
492400.000
469600.000
515600.000
496400.000
473600.000
490800.000
502800.000
503600.000
498000.000
484800.000
503600.000
493600.000
488400.000
484400.000
490000.000
554800.000
560400.000
661600.000
750400.000
748800.000
695200.000
627600.000
610400.000
586800.000
548000.000
576800.000
578000.000
643600.000
724800.000
864000.000
923600.000
1026400.000
1052800.000
1139600.000
1157600.000
1150800.000
1216000.000
1146800.000
1192000.000
1171200.000
1197200.000
1192800.000
1218000.000
1226800.000
1292400.000
1253200.000
1370400.000
1478400.000
1586400.000
1606800.000
1701200.000
1693600.000
1633200.000
1669600.000
1728000.000
1741600.000
1766800.000
1690400.000
1698000.000
1722800.000
1702800.000
1690000.000
1622800.000
1602800.000
1574800.000
1536800.000
1530400.000
1365200.000
1297200.000
1197200.000
1075600.000
1061200.000
982000.000
919200.000
810400.000
778400.000
719200.000
679600.000
650400.000
650000.000
609600.000
553600.000
545200.000
555600.000
539200.000
558800.000
599200.000
572400.000
591200.000
534400.000
599600.000
80400.000
110800.000
100000.000
102800.000
106000.000
130000.000
156000.000
181600.000
206000.000
244400.000
277600.000
308400.000
362400.000
391200.000
469200.000
467200.000
554000.000
584800.000
626400.000
625200.000
654000.000
722800.000
684800.000
663200.000
605600.000
582000.000
594000.000
641200.000
583600.000
610000.000
562000.000
584800.000
540000.000
599600.000
572800.000
588400.000
570800.000
622000.000
598800.000
584000.000
590400.000
563200.000
565600.000
548800.000
540400.000
500000.000
550400.000
536800.000
499600.000
534000.000
531200.000
517200.000
525600.000
511200.000
503200.000
526400.000
551600.000
528000.000
500800.000
509200.000
532800.000
526800.000
500000.000
522000.000
505600.000
522800.000
516400.000
503600.000
513600.000
492400.000
491600.000
493200.000
523600.000
496400.000
492000.000
488000.000
506400.000
522400.000
562800.000
605600.000
588000.000
607600.000
564800.000
588400.000
645600.000
557200.000
552800.000
544400.000
548400.000
538800.000
501600.000
526400.000
500800.000
480800.000
507200.000
518800.000
499600.000
490000.000
509600.000
488400.000
486400.000
474400.000
479600.000
481200.000
466400.000
469600.000
468800.000
483200.000
467600.000
491200.000
497600.000
495600.000
491200.000
466800.000
471200.000
478000.000
497200.000
504800.000
478000.000
496000.000
474800.000
497600.000
494400.000
501200.000
553600.000
597200.000
678000.000
821600.000
833200.000
825200.000
771200.000
692000.000
657200.000
628800.000
590400.000
582400.000
572800.000
663200.000
748000.000
884400.000
924800.000
1009200.000
1047200.000
1066000.000
1099600.000
1054000.000
1034800.000
1038400.000
1074800.000
1122000.000
1161600.000
1210400.000
1232800.000
1241600.000
1247200.000
1236000.000
1306800.000
1359200.000
1478400.000
1500400.000
1590800.000
1652400.000
1633200.000
1638000.000
1680400.000
1680000.000
1749200.000
1747200.000
1681200.000
1710800.000
1650400.000
1646400.000
1558000.000
1554800.000
1526000.000
1499200.000
1427600.000
1394000.000
1256800.000
1190800.000
1076800.000
1036400.000
979600.000
871200.000
830400.000
752400.000
690800.000
696000.000
664000.000
614000.000
612000.000
588800.000
582400.000
557200.000
588000.000
574000.000
562800.000
581200.000
582000.000
588400.000
573600.000
117200.000
99200.000
126400.000
119200.000
128800.000
172400.000
186800.000
216000.000
233600.000
281200.000
353600.000
380000.000
384400.000
398000.000
472000.000
497600.000
541600.000
626000.000
628000.000
642400.000
650400.000
686800.000
612000.000
601600.000
615600.000
598800.000
623200.000
603200.000
600800.000
577600.000
563600.000
570000.000
567200.000
591200.000
599200.000
600800.000
605200.000
567600.000
605200.000
598800.000
578400.000
551600.000
560000.000
521600.000
542400.000
532800.000
526000.000
504400.000
509200.000
486800.000
512000.000
529600.000
517200.000
501600.000
546000.000
518800.000
519200.000
506400.000
513600.000
506400.000
529600.000
499600.000
514400.000
505600.000
508400.000
501600.000
512800.000
514400.000
514400.000
503200.000
500400.000
525600.000
508800.000
520000.000
494400.000
501600.000
507600.000
546000.000
522000.000
585200.000
602400.000
604000.000
553600.000
596000.000
661200.000
647600.000
540800.000
552000.000
552800.000
520800.000
539200.000
504000.000
519200.000
501200.000
491200.000
500000.000
485600.000
505600.000
502800.000
487600.000
490400.000
493200.000
449600.000
498800.000
477600.000
479600.000
460800.000
480800.000
474800.000
501600.000
487200.000
515600.000
501200.000
509200.000
501200.000
486000.000
493600.000
505200.000
492800.000
485600.000
457600.000
502000.000
457200.000
482400.000
537600.000
629600.000
777600.000
829200.000
857600.000
861200.000
710000.000
608800.000
555600.000
591200.000
586400.000
621600.000
598000.000
649600.000
747200.000
842000.000
912800.000
930800.000
937600.000
982800.000
1066800.000
966400.000
961600.000
956000.000
1053600.000
1104800.000
1115600.000
1174400.000
1188000.000
1252000.000
1188800.000
1204400.000
1276000.000
1332000.000
1350400.000
1414800.000
1563600.000
1553600.000
1539600.000
1552800.000
1599600.000
1583600.000
1622400.000
1554400.000
1646000.000
1637200.000
1630800.000
1558000.000
1572800.000
1529200.000
1529600.000
1482800.000
1399600.000
1331200.000
1218400.000
1139600.000
1074400.000
999200.000
916400.000
828400.000
778000.000
768000.000
692400.000
660800.000
633600.000
612400.000
595200.000
570400.000
592000.000
551600.000
568800.000
588000.000
568400.000
579200.000
568400.000
601600.000
596000.000
120400.000
119600.000
137200.000
168400.000
195200.000
210400.000
281200.000
307200.000
340400.000
380800.000
406000.000
432000.000
471200.000
458400.000
512000.000
551200.000
594000.000
668000.000
685200.000
674800.000
614800.000
632800.000
634000.000
644000.000
662000.000
612000.000
621600.000
578000.000
590400.000
581600.000
625600.000
589200.000
621200.000
616000.000
589600.000
589200.000
584800.000
608000.000
593600.000
539600.000
542400.000
540400.000
537600.000
545600.000
545200.000
513200.000
503200.000
499600.000
515200.000
516000.000
492000.000
487600.000
505200.000
534400.000
510400.000
549600.000
510000.000
538400.000
529600.000
518800.000
501200.000
472400.000
500400.000
503600.000
512800.000
520400.000
478400.000
512000.000
508400.000
549600.000
517200.000
508400.000
512000.000
512400.000
537600.000
503600.000
522800.000
540800.000
572400.000
607600.000
602000.000
592400.000
583200.000
582000.000
622800.000
658000.000
576800.000
564400.000
507200.000
538800.000
542800.000
538400.000
512400.000
531200.000
511200.000
500400.000
498400.000
499600.000
480400.000
451600.000
481600.000
502000.000
460000.000
480800.000
504400.000
498000.000
478000.000
456000.000
485200.000
492000.000
505200.000
529200.000
505600.000
515200.000
500000.000
486400.000
485600.000
501600.000
496400.000
508400.000
504000.000
500800.000
482400.000
525600.000
613600.000
741600.000
843600.000
856400.000
785200.000
664000.000
613200.000
558000.000
541600.000
568000.000
567600.000
617200.000
656000.000
633600.000
727600.000
812800.000
867200.000
894000.000
852000.000
906400.000
947600.000
925200.000
995200.000
986800.000
921600.000
991600.000
907200.000
927200.000
888400.000
964800.000
1042400.000
1099600.000
1183200.000
1212400.000
1344400.000
1376400.000
1380000.000
1441600.000
1503600.000
1544800.000
1494000.000
1483600.000
1517200.000
1519600.000
1538800.000
1552400.000
1580400.000
1563600.000
1505600.000
1488400.000
1513600.000
1469600.000
1363200.000
1293600.000
1188400.000
1106800.000
980800.000
997600.000
870000.000
791200.000
740800.000
698400.000
666800.000
672800.000
656800.000
598000.000
586800.000
598400.000
572800.000
588800.000
571600.000
563600.000
608000.000
580800.000
609200.000
615600.000
582000.000
144800.000
156000.000
183600.000
217600.000
239600.000
288000.000
340800.000
354400.000
409200.000
450400.000
452800.000
491600.000
522400.000
553600.000
589200.000
605200.000
654000.000
661600.000
669200.000
691600.000
701200.000
686400.000
666800.000
668000.000
622400.000
587200.000
656800.000
668000.000
627600.000
665200.000
610800.000
608800.000
604400.000
626800.000
605600.000
576400.000
600800.000
606400.000
586400.000
576800.000
570000.000
560400.000
558400.000
526400.000
533600.000
521600.000
516800.000
526400.000
522000.000
493600.000
493600.000
499600.000
493600.000
514800.000
507600.000
514800.000
517600.000
517600.000
506800.000
540000.000
521200.000
506800.000
520800.000
518000.000
502000.000
512800.000
520400.000
495200.000
514800.000
510000.000
526800.000
498400.000
531600.000
538000.000
523600.000
512400.000
504400.000
518000.000
546000.000
553200.000
572800.000
592000.000
565600.000
574400.000
572800.000
606800.000
574800.000
554400.000
545600.000
549200.000
544400.000
516400.000
529200.000
515600.000
513600.000
481200.000
477600.000
480400.000
500000.000
509600.000
482800.000
482800.000
485200.000
485200.000
490000.000
486400.000
492400.000
472000.000
485600.000
485200.000
495600.000
505600.000
524400.000
518000.000
509200.000
506000.000
505200.000
512400.000
515600.000
490000.000
498000.000
508000.000
490400.000
614000.000
651600.000
807200.000
881200.000
864400.000
745600.000
638000.000
758400.000
715200.000
571200.000
599200.000
594400.000
565200.000
590000.000
640800.000
704000.000
770400.000
865600.000
822400.000
779200.000
833200.000
935600.000
902400.000
914800.000
916400.000
909600.000
862000.000
868800.000
852800.000
870000.000
899200.000
972400.000
940400.000
973600.000
1046800.000
1111600.000
1254000.000
1383200.000
1424400.000
1411200.000
1411200.000
1454400.000
1425600.000
1421600.000
1478400.000
1448400.000
1466000.000
1419200.000
1469200.000
1468000.000
1428800.000
1423200.000
1438800.000
1282000.000
1231200.000
1059600.000
1064000.000
1053200.000
930000.000
851200.000
778000.000
736000.000
678800.000
689600.000
652400.000
628400.000
599600.000
591600.000
586800.000
597200.000
616800.000
618800.000
642800.000
610400.000
615200.000
588400.000
613200.000
622000.000
205600.000
219200.000
234400.000
274000.000
311600.000
400800.000
404000.000
431600.000
452800.000
487200.000
564800.000
586800.000
597600.000
586800.000
640000.000
651600.000
682800.000
678400.000
700800.000
671600.000
716800.000
691200.000
680800.000
695600.000
675600.000
643200.000
611600.000
629600.000
638400.000
630800.000
622800.000
615200.000
645600.000
616800.000
567200.000
595600.000
588400.000
587600.000
571200.000
582000.000
563200.000
544400.000
568800.000
542800.000
524000.000
540000.000
530000.000
529600.000
508400.000
500800.000
500800.000
522800.000
489600.000
505200.000
532000.000
500400.000
499600.000
531200.000
515200.000
506800.000
526000.000
525200.000
519600.000
519200.000
512000.000
524400.000
510800.000
526000.000
521600.000
499200.000
543600.000
513600.000
532400.000
522400.000
549600.000
530800.000
508000.000
503200.000
494400.000
545200.000
564800.000
602800.000
591200.000
611200.000
590000.000
561600.000
626800.000
588800.000
534800.000
525200.000
534400.000
532000.000
557200.000
508400.000
493200.000
512800.000
496000.000
500800.000
501600.000
506800.000
472400.000
484000.000
458000.000
484400.000
478400.000
480400.000
492400.000
478800.000
467600.000
516800.000
494400.000
519600.000
502400.000
512000.000
503200.000
520400.000
500400.000
523200.000
513200.000
494000.000
528000.000
534000.000
555200.000
599200.000
666000.000
804000.000
859600.000
820000.000
703600.000
713200.000
1008800.000
1097200.000
781600.000
639600.000
627600.000
569600.000
616400.000
622000.000
673200.000
706000.000
814400.000
805600.000
732000.000
794400.000
868400.000
793200.000
802400.000
770000.000
767200.000
822400.000
796800.000
768400.000
786800.000
790000.000
825200.000
859200.000
858400.000
932400.000
980400.000
1015200.000
1070000.000
1144400.000
1205600.000
1269200.000
1319200.000
1318000.000
1365200.000
1364400.000
1389600.000
1374800.000
1400000.000
1366000.000
1409600.000
1398800.000
1347600.000
1277600.000
1175200.000
1123600.000
1053200.000
993600.000
964800.000
904800.000
813600.000
737600.000
687600.000
676800.000
650000.000
636800.000
630800.000
591600.000
594000.000
578800.000
570400.000
605600.000
625600.000
613200.000
606400.000
617600.000
630800.000
608400.000
593600.000
283600.000
293200.000
307200.000
360800.000
372800.000
409200.000
436400.000
471200.000
527600.000
538800.000
568400.000
584400.000
654000.000
632000.000
599600.000
645600.000
635600.000
679600.000
728800.000
665200.000
642400.000
664000.000
672400.000
680000.000
668800.000
651600.000
645200.000
632400.000
632800.000
635600.000
618800.000
590800.000
602000.000
602400.000
588400.000
599600.000
604800.000
560400.000
589600.000
567200.000
583600.000
554800.000
540400.000
550800.000
562400.000
542400.000
518000.000
548800.000
506800.000
524000.000
504000.000
524400.000
521600.000
505600.000
474800.000
522400.000
518800.000
507600.000
500000.000
519600.000
519200.000
517200.000
529600.000
483200.000
482800.000
513600.000
522800.000
523600.000
504000.000
507200.000
503600.000
522800.000
520800.000
538000.000
534400.000
523200.000
520400.000
521600.000
536800.000
505200.000
528000.000
608800.000
628800.000
584800.000
583600.000
572000.000
578400.000
568800.000
527200.000
538800.000
520000.000
516800.000
516800.000
530800.000
522800.000
519600.000
506800.000
531600.000
498400.000
479600.000
478800.000
489600.000
475200.000
471200.000
479200.000
468800.000
471600.000
468400.000
498800.000
502000.000
501200.000
498800.000
527200.000
518400.000
500800.000
530800.000
520400.000
484400.000
513200.000
532800.000
541600.000
526800.000
554000.000
582800.000
634000.000
737200.000
791200.000
735600.000
686000.000
636800.000
764800.000
963200.000
740000.000
600400.000
611200.000
596800.000
617600.000
599600.000
634800.000
668000.000
725200.000
721600.000
698000.000
682800.000
767200.000
764400.000
716400.000
744800.000
742000.000
731200.000
742000.000
758000.000
784400.000
783200.000
756800.000
789600.000
840000.000
816000.000
852400.000
876800.000
966800.000
964400.000
1024800.000
1050000.000
1105200.000
1137600.000
1213600.000
1327200.000
1251200.000
1316400.000
1304800.000
1290400.000
1311600.000
1349600.000
1232000.000
1174800.000
1079200.000
1011600.000
1006800.000
963200.000
940000.000
816000.000
822000.000
778400.000
685600.000
658000.000
638000.000
629600.000
608800.000
570800.000
600800.000
622800.000
601600.000
623600.000
600400.000
606400.000
661600.000
625600.000
618400.000
594800.000
567200.000
350400.000
374000.000
379600.000
390800.000
423200.000
451600.000
503600.000
528400.000
556400.000
580800.000
668400.000
682800.000
629200.000
665600.000
688800.000
713600.000
695600.000
706400.000
694800.000
683200.000
722400.000
702000.000
680000.000
666000.000
711600.000
661200.000
643200.000
625200.000
633600.000
612000.000
614400.000
589600.000
604400.000
606400.000
603600.000
608800.000
631200.000
608800.000
592000.000
588400.000
580400.000
571600.000
592000.000
564800.000
543600.000
541200.000
540400.000
523200.000
522800.000
514000.000
531200.000
485200.000
520400.000
506800.000
492400.000
513200.000
520800.000
522000.000
504800.000
533600.000
488000.000
492400.000
510000.000
500000.000
518000.000
502400.000
524000.000
534400.000
507600.000
512000.000
527200.000
503600.000
518400.000
536400.000
546800.000
513600.000
516400.000
536800.000
552800.000
534800.000
542400.000
569600.000
590800.000
593600.000
585600.000
549200.000
544000.000
578400.000
551600.000
495600.000
512400.000
536800.000
497600.000
524000.000
518400.000
539200.000
528800.000
529200.000
494800.000
485600.000
507200.000
519200.000
464800.000
466000.000
486000.000
468800.000
495600.000
486400.000
508000.000
505600.000
521200.000
518000.000
519200.000
488800.000
505600.000
517600.000
544800.000
552000.000
562000.000
566000.000
588800.000
601200.000
598000.000
584400.000
636000.000
714400.000
692800.000
725600.000
675200.000
625600.000
614800.000
637200.000
662400.000
670000.000
554400.000
560400.000
634800.000
604800.000
626000.000
646000.000
690800.000
684400.000
671200.000
687600.000
660000.000
651600.000
680800.000
682000.000
670400.000
674400.000
644800.000
731600.000
737200.000
748000.000
763600.000
728800.000
780800.000
776400.000
785600.000
823200.000
832000.000
842000.000
850800.000
858400.000
958000.000
981600.000
989200.000
1071200.000
1148000.000
1173200.000
1293200.000
1246400.000
1245600.000
1205600.000
1100000.000
1087200.000
1058000.000
968800.000
956000.000
962400.000
852400.000
828000.000
791600.000
760400.000
669200.000
634800.000
630800.000
618800.000
586000.000
585200.000
602400.000
600000.000
596000.000
631200.000
651600.000
667200.000
668000.000
668000.000
635200.000
616800.000
623600.000
421600.000
410400.000
395600.000
448000.000
478400.000
518800.000
536800.000
581200.000
629600.000
638800.000
667200.000
665200.000
687200.000
677600.000
700800.000
722000.000
694400.000
686800.000
710400.000
699200.000
708800.000
690400.000
680800.000
682800.000
672800.000
650000.000
614000.000
608800.000
623200.000
619200.000
631600.000
601600.000
595200.000
589200.000
596000.000
604000.000
614800.000
573600.000
605600.000
594000.000
574000.000
578800.000
568400.000
568000.000
537600.000
533200.000
515600.000
524400.000
513200.000
540400.000
516400.000
503600.000
518400.000
516000.000
518800.000
508000.000
524800.000
520800.000
518400.000
528800.000
528000.000
554400.000
507200.000
522800.000
509200.000
492000.000
520400.000
496800.000
526800.000
503600.000
522400.000
525600.000
507600.000
543200.000
517600.000
513600.000
525200.000
521600.000
530400.000
513600.000
524400.000
567200.000
570000.000
600800.000
608400.000
554000.000
534800.000
572800.000
576400.000
564400.000
547600.000
494800.000
494800.000
520400.000
510000.000
530400.000
500800.000
508000.000
509600.000
446800.000
466400.000
479200.000
478800.000
476400.000
472400.000
483200.000
482000.000
486000.000
503600.000
468800.000
500000.000
484400.000
529200.000
488800.000
531200.000
540400.000
536400.000
597200.000
574800.000
559600.000
608800.000
604800.000
619200.000
639200.000
612000.000
676400.000
755600.000
772000.000
686000.000
658800.000
655600.000
654800.000
677200.000
594800.000
578800.000
595200.000
618800.000
607600.000
606000.000
605200.000
621200.000
628000.000
647600.000
607600.000
636800.000
673200.000
649200.000
633200.000
647600.000
642800.000
629200.000
657600.000
676800.000
646000.000
643600.000
716000.000
697200.000
726800.000
718400.000
768000.000
784800.000
842400.000
843200.000
847600.000
872400.000
847600.000
899600.000
951200.000
1010800.000
1068000.000
1158800.000
1162800.000
1114000.000
1132400.000
1100400.000
1058400.000
1066800.000
997600.000
936400.000
872000.000
808800.000
776000.000
711600.000
697200.000
656000.000
657600.000
644400.000
599600.000
551600.000
610000.000
584800.000
633600.000
620000.000
584800.000
666800.000
666000.000
661600.000
650800.000
653600.000
614400.000
631600.000
466000.000
455200.000
512000.000
511600.000
533200.000
576000.000
624800.000
593200.000
616400.000
678400.000
724400.000
703200.000
680000.000
670000.000
716000.000
708000.000
721200.000
691600.000
693600.000
711200.000
714800.000
717200.000
699200.000
648400.000
684400.000
660000.000
650400.000
620400.000
632000.000
614000.000
626800.000
640800.000
602800.000
624800.000
602400.000
604800.000
590400.000
577600.000
611600.000
590800.000
606000.000
602400.000
562000.000
588000.000
567600.000
542400.000
527200.000
526000.000
497600.000
493200.000
489600.000
517600.000
507200.000
508800.000
522800.000
522000.000
488400.000
506400.000
546400.000
514400.000
534000.000
520400.000
515200.000
530400.000
508000.000
507600.000
518000.000
501600.000
516800.000
500000.000
533600.000
532800.000
519600.000
527200.000
501600.000
518000.000
492400.000
526400.000
511600.000
497200.000
489200.000
517600.000
568800.000
573600.000
564800.000
518400.000
503200.000
514800.000
531600.000
535600.000
534000.000
526400.000
510800.000
504000.000
521600.000
494800.000
480400.000
499200.000
490800.000
502800.000
489600.000
486800.000
478800.000
500000.000
486400.000
500000.000
504400.000
485600.000
511600.000
504400.000
502400.000
513600.000
499600.000
496400.000
506400.000
523600.000
597200.000
600400.000
634400.000
640800.000
626800.000
623600.000
594400.000
636800.000
648800.000
706800.000
714000.000
741600.000
737200.000
664000.000
631600.000
635200.000
630000.000
575200.000
576400.000
645200.000
575600.000
605200.000
579600.000
576400.000
559200.000
618000.000
596800.000
593600.000
584400.000
598400.000
618400.000
586400.000
598000.000
598400.000
610400.000
593600.000
589200.000
606000.000
628400.000
636400.000
635600.000
642800.000
684800.000
674800.000
696000.000
714800.000
738800.000
756800.000
793200.000
756400.000
792400.000
836000.000
866400.000
868800.000
942400.000
983600.000
957200.000
950000.000
949200.000
1022000.000
963600.000
960400.000
873200.000
792000.000
748400.000
780800.000
683200.000
678000.000
668400.000
634400.000
587200.000
605200.000
569200.000
556800.000
580800.000
614400.000
634400.000
660800.000
657600.000
670800.000
654000.000
684400.000
694800.000
693200.000
650400.000
511200.000
501600.000
522000.000
560400.000
559200.000
610800.000
589600.000
649600.000
685600.000
692000.000
658000.000
696400.000
675600.000
673600.000
691200.000
692800.000
717200.000
737600.000
727200.000
709200.000
686800.000
676400.000
650800.000
694800.000
690000.000
663600.000
642400.000
650800.000
675200.000
610800.000
630800.000
629600.000
631600.000
628000.000
629200.000
600000.000
608800.000
625200.000
606400.000
624000.000
615200.000
593600.000
584000.000
548000.000
568000.000
564000.000
580000.000
546800.000
535200.000
503200.000
480000.000
502400.000
530000.000
497200.000
532800.000
501200.000
511600.000
542000.000
522000.000
533200.000
534000.000
512400.000
532000.000
514400.000
529600.000
507600.000
526800.000
534400.000
486800.000
515600.000
526000.000
520800.000
514800.000
543200.000
532800.000
537600.000
516800.000
500800.000
491200.000
504400.000
511200.000
504000.000
532800.000
526800.000
547200.000
556800.000
512400.000
519200.000
504400.000
512000.000
497600.000
517600.000
502000.000
508800.000
506000.000
510800.000
492000.000
490800.000
493200.000
497600.000
470400.000
484800.000
482800.000
500000.000
492400.000
498800.000
475600.000
476400.000
490400.000
509200.000
512400.000
490400.000
532800.000
489200.000
536400.000
559600.000
616000.000
636800.000
642800.000
648000.000
620800.000
614000.000
600400.000
624400.000
647600.000
688400.000
672800.000
696400.000
703200.000
714400.000
699200.000
666800.000
649600.000
660800.000
650000.000
601600.000
600800.000
596400.000
568400.000
586800.000
582800.000
573200.000
608000.000
590800.000
587600.000
614400.000
610000.000
593200.000
550800.000
585600.000
586400.000
588400.000
558800.000
578000.000
593600.000
589200.000
595600.000
594800.000
602800.000
590000.000
641200.000
650800.000
671600.000
706000.000
701600.000
720400.000
739200.000
804800.000
800400.000
848800.000
840800.000
878000.000
855200.000
834800.000
830000.000
855600.000
864400.000
863200.000
836000.000
769200.000
732000.000
725600.000
693600.000
646800.000
643600.000
646000.000
601200.000
581600.000
557600.000
579600.000
613200.000
614800.000
621600.000
647200.000
654400.000
688000.000
652800.000
680000.000
713600.000
646400.000
674000.000
546400.000
546400.000
572400.000
601200.000
595200.000
640400.000
627200.000
670400.000
666800.000
653200.000
670000.000
712000.000
726800.000
708800.000
691200.000
678000.000
756800.000
765200.000
708400.000
724400.000
697200.000
702800.000
656400.000
686400.000
698000.000
644400.000
639600.000
615600.000
643600.000
664800.000
644800.000
645600.000
627600.000
649200.000
622800.000
615200.000
643600.000
630400.000
636400.000
634400.000
609200.000
602400.000
585600.000
627600.000
569600.000
555600.000
567200.000
535600.000
540000.000
538000.000
508400.000
494400.000
505200.000
559200.000
518800.000
508400.000
501600.000
524800.000
496400.000
493600.000
536800.000
528800.000
528400.000
513600.000
515200.000
526000.000
516400.000
517600.000
526400.000
534000.000
517200.000
544000.000
557600.000
554000.000
550000.000
513600.000
544800.000
529600.000
548800.000
491200.000
521200.000
508400.000
505200.000
556800.000
528000.000
544400.000
531200.000
495600.000
531200.000
495600.000
532400.000
491200.000
518800.000
505200.000
504800.000
518000.000
516400.000
481600.000
501200.000
494800.000
467200.000
530800.000
512000.000
504800.000
497600.000
508800.000
496000.000
500400.000
488400.000
528400.000
496000.000
516000.000
532800.000
525600.000
526400.000
554400.000
652800.000
654400.000
634000.000
649200.000
622800.000
652800.000
666400.000
635200.000
640000.000
626400.000
651600.000
674800.000
708000.000
693200.000
699200.000
690000.000
634800.000
615600.000
614400.000
641200.000
615600.000
593600.000
611600.000
541600.000
564000.000
534800.000
564400.000
539600.000
553600.000
551600.000
575200.000
574400.000
570000.000
530800.000
579200.000
563600.000
580800.000
558000.000
584000.000
562000.000
613600.000
604400.000
591200.000
601200.000
609600.000
622800.000
628400.000
600800.000
641600.000
649200.000
721600.000
693200.000
760800.000
810800.000
827600.000
818400.000
815600.000
778000.000
777200.000
776000.000
758000.000
774800.000
740000.000
738400.000
686800.000
705600.000
677200.000
690000.000
634400.000
590800.000
586800.000
564400.000
558400.000
604400.000
604800.000
613200.000
631600.000
662800.000
651600.000
691200.000
692000.000
686400.000
702400.000
698400.000
654400.000
627200.000
586400.000
649600.000
627600.000
652800.000
654400.000
627600.000
641600.000
680400.000
705600.000
672000.000
698800.000
743200.000
686000.000
738800.000
750800.000
742400.000
719200.000
734400.000
703600.000
719200.000
694800.000
690000.000
706400.000
677200.000
666400.000
656400.000
663200.000
674800.000
615600.000
650800.000
623600.000
659200.000
658000.000
646800.000
628400.000
625200.000
619200.000
650000.000
646400.000
596000.000
601600.000
603200.000
584000.000
565600.000
562800.000
544800.000
569600.000
555600.000
549600.000
548000.000
516800.000
537200.000
523200.000
514400.000
529600.000
526400.000
542800.000
542400.000
532800.000
540000.000
542400.000
554000.000
530000.000
544400.000
542000.000
499200.000
531200.000
542000.000
550400.000
522400.000
536400.000
527600.000
544800.000
533600.000
520000.000
503200.000
524000.000
514400.000
492400.000
505200.000
526400.000
517600.000
509600.000
544800.000
532800.000
532000.000
527600.000
523200.000
517200.000
502400.000
497200.000
503200.000
510800.000
492400.000
514000.000
497200.000
503600.000
479600.000
509200.000
493200.000
497600.000
515200.000
512400.000
482800.000
508000.000
493600.000
508800.000
498400.000
498400.000
504400.000
518400.000
523600.000
502000.000
530400.000
591600.000
616800.000
664400.000
644400.000
639600.000
665200.000
667600.000
673600.000
627600.000
630000.000
669200.000
658000.000
667200.000
683600.000
682400.000
661600.000
678400.000
678000.000
674000.000
666000.000
592800.000
580400.000
583200.000
556800.000
553200.000
579200.000
545600.000
546800.000
553600.000
541600.000
550000.000
544800.000
574800.000
547200.000
550000.000
549600.000
546400.000
549200.000
546400.000
550800.000
552400.000
596400.000
602000.000
622400.000
617200.000
607200.000
592800.000
576800.000
599200.000
621200.000
634000.000
637200.000
669200.000
684000.000
732000.000
723600.000
746000.000
779600.000
733600.000
737200.000
751200.000
698800.000
716800.000
668400.000
700400.000
682000.000
658800.000
655600.000
660400.000
634400.000
613600.000
586000.000
592000.000
606800.000
583200.000
605200.000
593600.000
621600.000
681200.000
670800.000
717600.000
662000.000
696000.000
722800.000
706000.000
680000.000
631600.000
605200.000
591600.000
665200.000
657200.000
618800.000
644400.000
651200.000
634000.000
691600.000
672000.000
693600.000
736000.000
696400.000
693200.000
753200.000
757200.000
722000.000
711200.000
736800.000
717600.000
726000.000
712800.000
708800.000
674000.000
678800.000
666800.000
636800.000
659200.000
672400.000
660000.000
650000.000
640800.000
660400.000
630000.000
653200.000
657600.000
604800.000
626400.000
602800.000
638800.000
602000.000
589200.000
602800.000
573200.000
557200.000
532400.000
530800.000
525200.000
552400.000
507600.000
524800.000
508800.000
534000.000
536000.000
538000.000
536400.000
525200.000
545600.000
508400.000
538800.000
535200.000
534000.000
522400.000
540800.000
547200.000
532800.000
516400.000
545200.000
571200.000
544000.000
585200.000
543600.000
550000.000
545600.000
533200.000
512800.000
508800.000
502000.000
509200.000
503200.000
518400.000
495600.000
498000.000
507200.000
512800.000
507200.000
513200.000
532400.000
536400.000
506400.000
480000.000
509600.000
494800.000
510400.000
488000.000
480000.000
478000.000
510400.000
492000.000
490400.000
505600.000
494400.000
461600.000
502000.000
521600.000
504400.000
489200.000
512000.000
504000.000
490800.000
509200.000
497600.000
496000.000
552000.000
578000.000
609600.000
641600.000
660400.000
621600.000
635600.000
735600.000
686000.000
633200.000
623600.000
619600.000
631200.000
666000.000
646400.000
681600.000
640800.000
658800.000
678400.000
614800.000
596400.000
606000.000
584400.000
592000.000
571200.000
539200.000
542400.000
547200.000
527200.000
521200.000
526800.000
528000.000
559200.000
528800.000
538000.000
534000.000
530000.000
547600.000
542800.000
550800.000
568800.000
544000.000
574000.000
560000.000
558400.000
536800.000
567600.000
550800.000
578000.000
556000.000
569600.000
576000.000
610000.000
600000.000
597200.000
644000.000
657200.000
738800.000
713200.000
702800.000
678800.000
678800.000
681600.000
653200.000
668400.000
649200.000
629600.000
650400.000
625200.000
617200.000
603600.000
607200.000
585600.000
587200.000
579200.000
586400.000
574000.000
615600.000
633200.000
624800.000
682400.000
645200.000
662800.000
680400.000
689600.000
634000.000
704800.000
651200.000
678400.000
658400.000
652400.000
663600.000
645200.000
658800.000
658400.000
649600.000
621600.000
704400.000
718000.000
682400.000
705600.000
708800.000
712000.000
747200.000
732400.000
679600.000
698000.000
686000.000
731200.000
721600.000
656800.000
672800.000
656800.000
686000.000
672800.000
692000.000
672000.000
640400.000
638800.000
643600.000
664400.000
664800.000
657600.000
623200.000
610400.000
633200.000
626800.000
642800.000
614400.000
583600.000
570400.000
574800.000
580000.000
587200.000
538400.000
505200.000
537200.000
546800.000
562000.000
534000.000
542800.000
521600.000
542000.000
544000.000
533200.000
549600.000
517200.000
541200.000
538800.000
556800.000
549600.000
547600.000
550800.000
531200.000
560800.000
554800.000
562000.000
560000.000
566400.000
524400.000
548000.000
519600.000
529600.000
530400.000
524000.000
528400.000
521200.000
484000.000
493200.000
524800.000
519600.000
489600.000
501200.000
500400.000
533200.000
521600.000
520000.000
512000.000
499200.000
471600.000
510400.000
509200.000
510400.000
490000.000
495200.000
510000.000
532800.000
509600.000
510400.000
518400.000
531200.000
517600.000
482400.000
500400.000
539200.000
501600.000
491600.000
503600.000
508800.000
515600.000
544400.000
552400.000
588800.000
625200.000
630400.000
623200.000
620000.000
606400.000
730800.000
673200.000
654000.000
613600.000
618000.000
635200.000
630400.000
659600.000
694400.000
688800.000
652800.000
676000.000
670400.000
660000.000
614000.000
620800.000
609600.000
584000.000
613200.000
586000.000
567600.000
558800.000
533200.000
545600.000
543600.000
527200.000
565200.000
529600.000
520000.000
544000.000
546800.000
548000.000
552000.000
549200.000
539200.000
566000.000
558800.000
569200.000
564000.000
557200.000
553600.000
553600.000
568400.000
579200.000
573600.000
573600.000
584400.000
604400.000
615600.000
621600.000
594800.000
656400.000
660400.000
631200.000
630400.000
658000.000
690000.000
652800.000
614000.000
666800.000
632800.000
638000.000
618800.000
651600.000
608800.000
610000.000
620800.000
599600.000
612400.000
650000.000
629600.000
623200.000
653200.000
666000.000
645600.000
704000.000
721200.000
716000.000
701200.000
724000.000
693600.000
692800.000
683200.000
696400.000
663200.000
724000.000
670000.000
637600.000
657200.000
704000.000
713200.000
676400.000
708800.000
736000.000
715200.000
719600.000
710400.000
730000.000
690800.000
700800.000
692000.000
677200.000
698800.000
699600.000
674000.000
690400.000
666400.000
676800.000
629600.000
663600.000
638400.000
622800.000
651600.000
660000.000
666400.000
637200.000
657600.000
626400.000
646400.000
634800.000
594800.000
610000.000
613600.000
594400.000
550000.000
564000.000
557200.000
565600.000
550000.000
527600.000
543200.000
549600.000
547200.000
531200.000
542800.000
525200.000
548800.000
576000.000
540800.000
519200.000
520400.000
538400.000
553200.000
545200.000
558400.000
573200.000
573200.000
578400.000
609600.000
588000.000
562800.000
518400.000
541200.000
556800.000
504000.000
515600.000
533600.000
544800.000
577600.000
530000.000
532800.000
542400.000
488800.000
521200.000
537200.000
490400.000
521200.000
516400.000
506800.000
517600.000
532800.000
500000.000
481200.000
484000.000
512000.000
526000.000
493200.000
498800.000
500400.000
507600.000
541600.000
527600.000
516000.000
519600.000
515200.000
520400.000
531600.000
547200.000
558800.000
516400.000
521600.000
506400.000
538000.000
566800.000
539600.000
589200.000
610400.000
629200.000
638000.000
606400.000
613200.000
663600.000
684400.000
676400.000
627200.000
614400.000
633600.000
640800.000
628800.000
684000.000
678000.000
620000.000
639600.000
632000.000
632000.000
639600.000
640000.000
602000.000
626000.000
571200.000
576000.000
565200.000
577200.000
593600.000
556400.000
554000.000
525600.000
547200.000
559600.000
533600.000
544400.000
561200.000
557600.000
544000.000
559600.000
570800.000
550000.000
566400.000
559600.000
568000.000
566000.000
579600.000
562800.000
560000.000
563600.000
563600.000
557200.000
572800.000
590000.000
550000.000
584400.000
591600.000
597600.000
626000.000
607200.000
635600.000
621600.000
623600.000
637200.000
627200.000
620400.000
618000.000
634400.000
642000.000
667600.000
658400.000
684400.000
662800.000
674400.000
657200.000
631600.000
633200.000
674400.000
658000.000
684000.000
690800.000
680000.000
681600.000
667200.000
682400.000
709200.000
779600.000
740400.000
748000.000
757200.000
727200.000
714000.000
689200.000
685200.000
705200.000
681200.000
702400.000
727600.000
732000.000
718400.000
706800.000
699600.000
691600.000
694800.000
707200.000
703200.000
712000.000
672400.000
660000.000
686400.000
654000.000
648400.000
662400.000
661200.000
678000.000
638400.000
679200.000
671200.000
640800.000
634400.000
643600.000
675600.000
672000.000
653600.000
660400.000
628800.000
641600.000
646400.000
607200.000
627600.000
592800.000
609200.000
591200.000
544000.000
552000.000
576400.000
525200.000
572000.000
572000.000
551200.000
545600.000
540800.000
565200.000
541600.000
539200.000
524400.000
576400.000
573200.000
560000.000
558400.000
552400.000
554800.000
566000.000
576000.000
565200.000
572800.000
555200.000
539200.000
568800.000
554800.000
522400.000
535200.000
505600.000
531200.000
514800.000
529200.000
524000.000
512000.000
525200.000
490800.000
512800.000
494800.000
454800.000
521200.000
520800.000
489200.000
509200.000
513600.000
536800.000
518000.000
516400.000
514800.000
486800.000
490400.000
471600.000
482800.000
546800.000
526800.000
522000.000
537200.000
519200.000
519600.000
551200.000
527200.000
534000.000
556800.000
525200.000
529200.000
551600.000
543600.000
560800.000
577600.000
592800.000
646800.000
641200.000
642000.000
618000.000
594800.000
615200.000
626800.000
597200.000
639600.000
618000.000
608800.000
644400.000
638400.000
658800.000
645200.000
654000.000
649200.000
614800.000
638000.000
635200.000
615600.000
594000.000
602400.000
604000.000
583200.000
600000.000
568000.000
567200.000
570800.000
502400.000
558000.000
556400.000
539600.000
549200.000
527200.000
556400.000
565200.000
577200.000
552800.000
532000.000
574400.000
552800.000
565600.000
549600.000
560400.000
558000.000
565600.000
551600.000
548400.000
554000.000
552800.000
602800.000
537600.000
591200.000
576800.000
538000.000
584800.000
575200.000
588000.000
580400.000
572000.000
590000.000
634400.000
590000.000
610400.000
618800.000
675600.000
686000.000
690800.000
710800.000
704400.000
668000.000
675200.000
661200.000
664400.000
662000.000
675600.000
699600.000
690000.000
724800.000
698400.000
698800.000
703200.000
734000.000
859600.000
860800.000
871200.000
811600.000
790800.000
745200.000
750800.000
739200.000
740800.000
740800.000
732800.000
711200.000
719600.000
726800.000
686400.000
702000.000
670000.000
699200.000
672400.000
707600.000
642800.000
661200.000
636000.000
667600.000
654400.000
648400.000
649200.000
646000.000
630400.000
636000.000
622400.000
672000.000
662000.000
646400.000
657600.000
683600.000
664800.000
662000.000
665600.000
643200.000
648800.000
644400.000
622400.000
586000.000
556800.000
572000.000
590000.000
573200.000
557600.000
536000.000
537600.000
556400.000
534800.000
536800.000
564400.000
538800.000
528400.000
524800.000
554800.000
558400.000
521200.000
528000.000
542000.000
585600.000
560400.000
544400.000
553200.000
547200.000
565200.000
568000.000
581200.000
566800.000
558400.000
581600.000
556800.000
524400.000
558400.000
534400.000
511600.000
532400.000
536000.000
500800.000
478000.000
501200.000
480000.000
497600.000
494000.000
486400.000
513200.000
489600.000
492800.000
499200.000
504800.000
476800.000
486000.000
519600.000
483200.000
485200.000
507600.000
538400.000
511600.000
504400.000
529600.000
540800.000
538400.000
516400.000
517200.000
528400.000
497600.000
551600.000
506800.000
542400.000
555200.000
517600.000
539600.000
575200.000
595200.000
612800.000
628000.000
604000.000
587200.000
546000.000
555200.000
596800.000
599200.000
613600.000
620400.000
585600.000
622000.000
626800.000
607200.000
619200.000
606000.000
619200.000
597200.000
627600.000
635200.000
615200.000
616000.000
598000.000
614400.000
582000.000
572000.000
589600.000
578000.000
578800.000
570800.000
538000.000
544000.000
539600.000
563600.000
552800.000
545200.000
516000.000
542400.000
518400.000
521600.000
554400.000
529200.000
536000.000
532000.000
568400.000
545600.000
554800.000
537200.000
529200.000
515200.000
550400.000
550400.000
547600.000
539600.000
537600.000
552000.000
567600.000
558400.000
549600.000
563600.000
575600.000
566400.000
561200.000
595200.000
619200.000
658400.000
700400.000
757200.000
764800.000
745600.000
736800.000
701600.000
718400.000
730000.000
716800.000
686400.000
688000.000
698400.000
700000.000
687200.000
670400.000
716000.000
656000.000
666000.000
1004800.000
1028400.000
1006000.000
984000.000
882000.000
834400.000
823200.000
809600.000
770000.000
718800.000
733600.000
714800.000
731600.000
695600.000
748800.000
693200.000
715600.000
677600.000
665200.000
708400.000
694800.000
690400.000
626400.000
642000.000
654000.000
641600.000
612400.000
660400.000
657200.000
639200.000
644800.000
674000.000
637600.000
669600.000
662400.000
678800.000
666800.000
647200.000
659600.000
638000.000
610800.000
660800.000
622400.000
610800.000
574400.000
574000.000
583200.000
588400.000
557600.000
583200.000
543200.000
526800.000
528400.000
559600.000
554800.000
533200.000
560800.000
554800.000
566400.000
555200.000
560800.000
592000.000
617200.000
593600.000
562800.000
576400.000
574400.000
590400.000
592400.000
575600.000
562000.000
537600.000
543600.000
580800.000
558000.000
546000.000
533600.000
523600.000
526400.000
549200.000
542800.000
512000.000
523600.000
509600.000
535200.000
483200.000
516400.000
504400.000
513200.000
494000.000
514000.000
498800.000
497600.000
513600.000
481600.000
478400.000
521200.000
510800.000
529600.000
527600.000
509600.000
511200.000
537200.000
585200.000
560000.000
559200.000
555600.000
527200.000
532000.000
557200.000
567200.000
574000.000
561200.000
542800.000
542400.000
598000.000
579600.000
605200.000
582800.000
607200.000
575200.000
606400.000
570800.000
584400.000
586400.000
566400.000
600400.000
588400.000
598000.000
613600.000
611200.000
602000.000
587200.000
589200.000
601200.000
615200.000
636000.000
654400.000
662400.000
647600.000
640800.000
662000.000
635600.000
590000.000
578400.000
554800.000
571200.000
550400.000
560400.000
563600.000
567200.000
570000.000
535600.000
562800.000
562000.000
556800.000
546800.000
539600.000
557200.000
550800.000
560000.000
536000.000
558800.000
532800.000
554400.000
538000.000
529600.000
556800.000
585200.000
568000.000
558400.000
544400.000
561600.000
528000.000
565600.000
569600.000
543200.000
588400.000
581200.000
593600.000
626000.000
675200.000
729200.000
778400.000
787200.000
805600.000
764400.000
756400.000
727200.000
742800.000
723200.000
739600.000
702800.000
700400.000
705600.000
719200.000
701200.000
683200.000
696800.000
702400.000
654400.000
1187200.000
1193200.000
1231200.000
1142400.000
1061200.000
982000.000
937200.000
900800.000
823600.000
777600.000
746000.000
733600.000
748400.000
710400.000
688800.000
707200.000
692400.000
672000.000
692400.000
698800.000
677600.000
644400.000
641200.000
645200.000
639200.000
653600.000
632400.000
650800.000
662400.000
644800.000
655200.000
627600.000
662000.000
654400.000
678400.000
714800.000
691200.000
648800.000
673600.000
663600.000
684000.000
656800.000
628400.000
631200.000
600800.000
608800.000
594000.000
576400.000
614000.000
560400.000
595200.000
568000.000
554800.000
540400.000
546800.000
535600.000
576000.000
567200.000
580000.000
552400.000
605200.000
643600.000
602800.000
616000.000
613600.000
590000.000
582000.000
546000.000
554800.000
579200.000
553600.000
541600.000
552000.000
566000.000
548400.000
528000.000
552800.000
522800.000
542400.000
525200.000
510400.000
524400.000
510400.000
503200.000
536400.000
482800.000
534800.000
514400.000
499200.000
531200.000
498400.000
514800.000
488000.000
513600.000
521600.000
505600.000
491600.000
476800.000
505200.000
504400.000
552000.000
542000.000
568000.000
585200.000
600800.000
568800.000
567200.000
560400.000
558400.000
583600.000
606800.000
549600.000
574400.000
544800.000
544400.000
574800.000
589200.000
588400.000
617600.000
656800.000
607600.000
636400.000
569600.000
590800.000
558400.000
594400.000
606400.000
579600.000
608400.000
599600.000
605600.000
579600.000
590400.000
618800.000
640800.000
681600.000
652000.000
645600.000
676800.000
692400.000
691600.000
664400.000
612000.000
618800.000
598800.000
587600.000
580000.000
580800.000
566000.000
548800.000
581200.000
526000.000
529600.000
524000.000
553600.000
569600.000
546800.000
536000.000
553200.000
550400.000
534000.000
530000.000
552800.000
578000.000
542800.000
564000.000
568800.000
542400.000
550800.000
532000.000
541600.000
549600.000
535200.000
559200.000
530400.000
560000.000
552400.000
553200.000
601600.000
635200.000
684000.000
698800.000
780800.000
818800.000
812400.000
808400.000
797600.000
818800.000
812800.000
794000.000
756000.000
721600.000
745600.000
735600.000
695600.000
729600.000
710400.000
704800.000
676000.000
648800.000
699200.000
1272800.000
1286800.000
1270400.000
1230400.000
1174800.000
1072800.000
983600.000
929600.000
888800.000
849600.000
754400.000
780800.000
769200.000
694000.000
691200.000
736400.000
717200.000
668400.000
638400.000
640000.000
660800.000
627200.000
619200.000
630000.000
662400.000
614400.000
628800.000
615200.000
643600.000
610400.000
635200.000
660400.000
656400.000
693600.000
696400.000
728800.000
690000.000
689200.000
672400.000
632000.000
652800.000
633200.000
626000.000
611600.000
613200.000
585600.000
615200.000
608400.000
584000.000
602400.000
584400.000
550000.000
543600.000
556400.000
546400.000
566000.000
552800.000
556800.000
580000.000
621200.000
630000.000
654400.000
618800.000
607200.000
559200.000
607200.000
572800.000
576800.000
573600.000
559200.000
548000.000
565200.000
564800.000
522000.000
588400.000
534400.000
542800.000
506400.000
533200.000
528400.000
553600.000
519200.000
528800.000
503600.000
490400.000
491600.000
506400.000
512400.000
508000.000
530000.000
512800.000
513200.000
520800.000
516400.000
536800.000
508000.000
509600.000
492400.000
524000.000
524400.000
530000.000
509600.000
572000.000
584800.000
546800.000
584800.000
574000.000
564800.000
578800.000
554400.000
568800.000
564000.000
533600.000
529200.000
513600.000
560000.000
582000.000
586800.000
561200.000
584800.000
610800.000
600400.000
560800.000
564000.000
584400.000
576000.000
565600.000
562000.000
596800.000
567200.000
584800.000
567200.000
592000.000
615200.000
627600.000
630800.000
677200.000
679200.000
697200.000
728000.000
669600.000
690000.000
613200.000
653600.000
617600.000
581600.000
574800.000
584000.000
557200.000
571200.000
528400.000
572000.000
559200.000
534000.000
552400.000
554800.000
550800.000
550800.000
532800.000
555200.000
541600.000
556400.000
544400.000
563200.000
541200.000
531600.000
542000.000
554400.000
544800.000
520400.000
541600.000
523600.000
520800.000
575200.000
530000.000
565600.000
571600.000
597600.000
642400.000
705200.000
722800.000
814400.000
848000.000
865600.000
857200.000
850400.000
895600.000
900000.000
914400.000
879200.000
825600.000
785600.000
737200.000
744400.000
707200.000
726800.000
718400.000
708800.000
698400.000
665200.000
657200.000
1323200.000
1277600.000
1338000.000
1160800.000
1188400.000
1136000.000
960800.000
933200.000
922400.000
918400.000
835200.000
784400.000
764000.000
742800.000
706400.000
719600.000
682400.000
693600.000
678000.000
647200.000
666400.000
642800.000
645200.000
626800.000
614800.000
660000.000
607600.000
654000.000
631600.000
662400.000
645600.000
650400.000
687600.000
691600.000
702800.000
734400.000
713600.000
703600.000
657600.000
661600.000
644800.000
614800.000
633600.000
628400.000
621200.000
611200.000
648000.000
606800.000
574000.000
571600.000
564400.000
585600.000
575600.000
542000.000
573600.000
562000.000
570400.000
578800.000
567600.000
625600.000
630000.000
670000.000
614800.000
596000.000
583200.000
585600.000
626400.000
606400.000
599600.000
555200.000
587600.000
576800.000
546000.000
565200.000
564800.000
557600.000
566400.000
563600.000
550000.000
542000.000
554400.000
536800.000
542400.000
512400.000
503600.000
506800.000
490000.000
520800.000
524400.000
552000.000
533600.000
528000.000
521200.000
529600.000
520800.000
512400.000
522000.000
517600.000
524800.000
534400.000
541600.000
572000.000
551600.000
558000.000
544000.000
582400.000
586800.000
633200.000
578800.000
574800.000
592000.000
559200.000
582000.000
555600.000
527200.000
594000.000
608800.000
584800.000
566400.000
542400.000
561200.000
589200.000
596400.000
583600.000
565200.000
576800.000
570400.000
557600.000
585600.000
601600.000
582000.000
581600.000
572800.000
582800.000
624400.000
646400.000
682800.000
709600.000
715200.000
720000.000
696400.000
678800.000
642400.000
614400.000
620400.000
628400.000
604800.000
577600.000
575600.000
546800.000
557600.000
558000.000
556800.000
562800.000
529200.000
546000.000
555600.000
550400.000
537200.000
556800.000
568400.000
564800.000
536000.000
534800.000
534400.000
575600.000
565200.000
538400.000
533600.000
560000.000
516400.000
559200.000
540400.000
543600.000
565200.000
572000.000
598400.000
622000.000
680800.000
748800.000
782800.000
801200.000
833200.000
836000.000
905200.000
909600.000
939200.000
956000.000
976000.000
946400.000
913600.000
826400.000
808800.000
728000.000
726400.000
735600.000
711600.000
701600.000
677600.000
682000.000
630800.000
1403600.000
1400000.000
1321600.000
1265600.000
1120000.000
1044000.000
942800.000
893200.000
873200.000
814000.000
823600.000
782000.000
700000.000
708400.000
688800.000
682800.000
652400.000
650000.000
612400.000
635200.000
597200.000
590800.000
618800.000
628400.000
580800.000
586000.000
595200.000
607200.000
628400.000
634400.000
624400.000
627600.000
682400.000
684400.000
723600.000
704400.000
706000.000
695600.000
646000.000
685600.000
636400.000
662800.000
620800.000
622400.000
606400.000
619200.000
607200.000
612400.000
568400.000
594400.000
562000.000
562800.000
576800.000
570400.000
553600.000
570400.000
567600.000
602000.000
618800.000
633200.000
626800.000
632800.000
643600.000
606800.000
607600.000
657600.000
604000.000
609200.000
579600.000
579200.000
553600.000
576400.000
598400.000
574800.000
609200.000
564800.000
542400.000
561600.000
568000.000
569600.000
528800.000
552400.000
543600.000
552400.000
550000.000
522400.000
533200.000
519200.000
532400.000
548000.000
524000.000
496000.000
540000.000
518800.000
506000.000
509600.000
520000.000
490000.000
518400.000
518000.000
529200.000
539600.000
572800.000
562800.000
574000.000
549600.000
580000.000
620000.000
606800.000
572400.000
544800.000
564000.000
592000.000
537600.000
544800.000
586000.000
573600.000
549200.000
552000.000
529600.000
563200.000
572000.000
584400.000
541200.000
553600.000
532400.000
560800.000
548400.000
562000.000
556000.000
543200.000
559600.000
560800.000
583200.000
583200.000
618000.000
672800.000
694000.000
709200.000
692800.000
671200.000
695200.000
713200.000
626000.000
602400.000
593600.000
595200.000
590000.000
620400.000
581200.000
575600.000
557600.000
528000.000
538800.000
528800.000
527600.000
535200.000
535600.000
544400.000
548800.000
587200.000
534800.000
563200.000
575600.000
575200.000
534400.000
569200.000
575200.000
540000.000
549600.000
549200.000
545200.000
539200.000
540000.000
581600.000
595200.000
648800.000
670000.000
740400.000
771200.000
770000.000
835600.000
836400.000
882000.000
929200.000
949600.000
1006400.000
998000.000
985200.000
956800.000
1002800.000
905600.000
809600.000
757600.000
735200.000
751200.000
718400.000
700400.000
662800.000
676000.000
648800.000

Notes: 
Time: 2025-04-11_14-46-24