VxRange in distance [um]: [-13.986014 13.986014] NVx:201 bFixVx:0 FixVx:-0.000000
VyRange in distance [um]: [-13.986014 13.986014] NVy:201 bFixVy:0 FixVy:0.000000
VzRange: [40.000000 60.000000] NVz:41 bFixVz:1 FixVz:51.500000
DTRange: [0.001000 0.003000] NDT:10 bFixVDT:1 FixVDT:0.005000
Size: [201 201]
6959000.000
7053200.000
7058800.000
7044000.000
7012000.000
7098600.000
7057400.000
7106200.000
7191600.000
7123200.000
7178800.000
7197200.000
7150400.000
7118800.000
7108400.000
7080400.000
7112400.000
7122600.000
7174400.000
7164400.000
7094600.000
7107200.000
7120800.000
7064600.000
7046200.000
7075400.000
7078200.000
7143000.000
7049600.000
7100200.000
7102800.000
7061400.000
7150400.000
7155800.000
7087200.000
7130400.000
7165000.000
7168400.000
7152000.000
7102000.000
7073000.000
7108400.000
7075800.000
6999000.000
6965800.000
7051000.000
7001800.000
7017200.000
7069000.000
7120000.000
7117800.000
7125800.000
7115000.000
7135200.000
7134400.000
7116800.000
7188800.000
7098000.000
7135400.000
7079400.000
7135000.000
7132600.000
7056200.000
7097000.000
7093600.000
7030600.000
7099400.000
7124400.000
7102400.000
7119200.000
7164800.000
7177600.000
7162000.000
7287800.000
7271200.000
7238400.000
7252200.000
7213400.000
7177400.000
7173200.000
7155600.000
7114600.000
7114800.000
7217400.000
7259600.000
7307800.000
7260800.000
7303600.000
7329800.000
7296200.000
7312400.000
7305200.000
7292200.000
7349800.000
7373200.000
7407000.000
7432000.000
7407200.000
7437800.000
7378400.000
7331400.000
7407000.000
7324000.000
7351400.000
7353400.000
7411200.000
7381000.000
7389000.000
7446400.000
7353600.000
7448000.000
7409200.000
7459800.000
7398000.000
7481600.000
7429000.000
7380200.000
7474000.000
7454400.000
7471400.000
7473200.000
7462000.000
7481800.000
7470600.000
7520600.000
7530200.000
7481400.000
7507800.000
7506000.000
7530800.000
7549800.000
7553800.000
7528800.000
7536200.000
7454200.000
7492600.000
7508200.000
7548400.000
7577000.000
7503000.000
7568600.000
7598600.000
7642800.000
7523400.000
7518400.000
7613000.000
7525400.000
7572400.000
7585600.000
7609800.000
7626400.000
7607800.000
7606400.000
7614400.000
7615600.000
7617600.000
7534000.000
7565600.000
7509400.000
7531800.000
7536800.000
7542400.000
7546800.000
7483400.000
7517400.000
7535400.000
7455400.000
7448000.000
7423200.000
7470600.000
7413000.000
7456000.000
7511000.000
7476800.000
7484600.000
7498800.000
7513800.000
7520000.000
7535600.000
7468600.000
7516400.000
7504400.000
7508400.000
7503400.000
7484000.000
7475600.000
7501600.000
7425200.000
7452800.000
7452600.000
7467400.000
7416200.000
7448600.000
7398200.000
7426800.000
7393000.000
7327400.000
7342200.000
7311000.000
7316800.000
7294400.000
7029800.000
7056000.000
7008800.000
7070400.000
7005800.000
7038800.000
7072400.000
7165600.000
7139800.000
7128800.000
7149800.000
7165000.000
7160800.000
7114200.000
7066600.000
7153800.000
7066400.000
7068200.000
7079600.000
7072200.000
7073600.000
7143200.000
7057800.000
7073400.000
7067800.000
7015400.000
7082600.000
7004400.000
7051200.000
7058200.000
7022600.000
7109200.000
7108000.000
7076200.000
7112200.000
7088800.000
7108800.000
7162200.000
7112600.000
7058000.000
7032200.000
6987000.000
6979400.000
6980400.000
6990800.000
6935200.000
7020600.000
6991200.000
7052000.000
7049400.000
7067800.000
7028800.000
7114600.000
7079400.000
7031000.000
7079200.000
7035600.000
7032800.000
7051400.000
7094600.000
7118800.000
7083200.000
7023200.000
7079000.000
7065800.000
7070200.000
7123000.000
7116200.000
7143000.000
7081000.000
7122800.000
7202800.000
7205000.000
7183400.000
7204200.000
7151600.000
7178600.000
7133600.000
7086400.000
7119800.000
7088000.000
7126200.000
7236400.000
7252000.000
7228400.000
7250000.000
7281000.000
7297400.000
7292000.000
7290800.000
7320400.000
7295800.000
7294600.000
7339800.000
7309800.000
7396600.000
7360400.000
7308200.000
7289400.000
7269200.000
7332200.000
7344400.000
7327400.000
7329800.000
7324800.000
7292800.000
7322600.000
7339000.000
7388400.000
7372000.000
7404400.000
7405000.000
7387600.000
7389800.000
7397200.000
7405000.000
7396800.000
7421800.000
7430800.000
7414800.000
7417600.000
7433200.000
7469400.000
7457400.000
7429600.000
7466400.000
7436600.000
7442200.000
7486800.000
7513800.000
7526600.000
7461200.000
7520400.000
7445400.000
7487000.000
7471000.000
7464400.000
7520000.000
7470000.000
7475200.000
7544200.000
7497600.000
7553000.000
7584800.000
7545000.000
7534800.000
7528800.000
7472200.000
7517200.000
7579000.000
7601000.000
7599600.000
7538400.000
7609800.000
7558800.000
7573200.000
7521000.000
7527600.000
7525600.000
7568400.000
7512800.000
7493000.000
7509000.000
7494800.000
7447400.000
7399800.000
7405800.000
7424600.000
7483000.000
7403600.000
7463200.000
7446600.000
7467000.000
7477600.000
7473000.000
7473200.000
7468600.000
7472400.000
7438400.000
7487200.000
7415800.000
7407000.000
7416800.000
7452800.000
7396000.000
7414000.000
7383400.000
7431200.000
7466000.000
7477000.000
7433800.000
7413600.000
7384600.000
7406600.000
7388600.000
7357800.000
7346400.000
7383400.000
7269000.000
7307600.000
7319600.000
7026200.000
6977800.000
7023200.000
7082200.000
6975200.000
7077800.000
7043800.000
7134800.000
7127400.000
7118800.000
7137000.000
7118600.000
7132800.000
7159600.000
7044000.000
7097800.000
7082600.000
7094000.000
7104200.000
7087800.000
7072400.000
7126800.000
7102400.000
7020400.000
7082600.000
7113400.000
7121200.000
7067000.000
7080400.000
7061600.000
7064400.000
7083800.000
7109000.000
7135800.000
7074400.000
7122600.000
7191600.000
7153800.000
7121000.000
7127800.000
7108000.000
7030800.000
7023200.000
6984400.000
7062800.000
6999800.000
7098800.000
7030200.000
7089800.000
7126400.000
7164400.000
7099400.000
7224000.000
7109000.000
7117400.000
7110200.000
7163000.000
7197600.000
7162000.000
7122600.000
7140600.000
7075600.000
7130600.000
7053400.000
7065800.000
7145000.000
7183600.000
7132400.000
7160000.000
7205400.000
7230200.000
7213400.000
7252600.000
7251000.000
7209000.000
7236800.000
7222400.000
7228800.000
7171400.000
7133200.000
7139400.000
7254800.000
7228400.000
7296600.000
7309400.000
7275200.000
7347600.000
7315000.000
7387400.000
7335400.000
7364400.000
7353200.000
7380400.000
7349000.000
7409600.000
7431800.000
7406000.000
7378400.000
7290200.000
7358800.000
7409600.000
7399800.000
7392000.000
7388200.000
7412600.000
7379400.000
7453400.000
7518800.000
7413800.000
7485800.000
7498600.000
7432800.000
7468400.000
7429200.000
7418200.000
7438800.000
7442000.000
7411000.000
7479000.000
7482200.000
7459800.000
7510400.000
7472400.000
7523600.000
7510800.000
7498600.000
7497000.000
7508600.000
7550800.000
7525400.000
7583800.000
7571800.000
7516600.000
7524400.000
7559400.000
7589000.000
7495400.000
7530400.000
7510400.000
7569400.000
7572000.000
7503600.000
7539800.000
7542800.000
7544000.000
7486000.000
7478800.000
7485000.000
7577600.000
7544400.000
7596400.000
7530000.000
7561200.000
7588400.000
7603000.000
7598600.000
7572000.000
7491400.000
7540000.000
7440000.000
7438000.000
7477400.000
7478000.000
7499400.000
7387400.000
7429000.000
7406400.000
7421200.000
7429800.000
7453200.000
7464400.000
7469000.000
7429400.000
7455600.000
7474000.000
7476600.000
7382600.000
7446400.000
7454000.000
7450400.000
7420800.000
7428000.000
7441800.000
7463000.000
7447800.000
7426800.000
7377000.000
7443000.000
7458200.000
7509400.000
7359200.000
7435800.000
7467000.000
7445000.000
7358800.000
7345800.000
7356200.000
7326800.000
7314200.000
7323200.000
7293000.000
6940200.000
7026400.000
6980400.000
7097600.000
7099200.000
7047600.000
7052600.000
7160800.000
7155000.000
7175600.000
7170200.000
7135600.000
7146600.000
7102200.000
7040600.000
7099200.000
7132600.000
7082600.000
7077800.000
7063400.000
7119000.000
7172800.000
7118800.000
7081000.000
7141800.000
7099200.000
7122200.000
7145000.000
7164000.000
7073000.000
7161400.000
7116600.000
7077000.000
7180400.000
7173400.000
7218600.000
7225000.000
7178000.000
7209000.000
7154600.000
7123400.000
7108200.000
7040800.000
7028600.000
7064000.000
7079200.000
7092200.000
7157000.000
7153000.000
7217600.000
7205200.000
7197200.000
7165400.000
7126000.000
7136400.000
7066400.000
7180600.000
7130400.000
7227600.000
7245200.000
7174200.000
7122200.000
7152400.000
7133000.000
7162600.000
7150800.000
7202200.000
7212800.000
7172600.000
7182200.000
7254400.000
7244400.000
7296000.000
7246400.000
7237600.000
7226800.000
7196600.000
7195000.000
7149400.000
7174600.000
7233000.000
7225200.000
7266600.000
7327800.000
7275000.000
7391800.000
7334800.000
7370400.000
7345800.000
7366000.000
7326200.000
7352400.000
7334000.000
7379200.000
7392000.000
7346200.000
7322600.000
7329400.000
7325600.000
7338800.000
7390600.000
7361000.000
7395200.000
7383200.000
7445000.000
7431600.000
7485600.000
7469800.000
7468600.000
7497800.000
7442600.000
7407600.000
7420000.000
7433600.000
7383800.000
7459800.000
7460200.000
7550800.000
7497400.000
7462600.000
7518800.000
7501000.000
7549400.000
7518000.000
7519200.000
7511800.000
7534800.000
7535400.000
7531000.000
7544600.000
7560600.000
7553200.000
7500000.000
7586200.000
7504600.000
7558800.000
7498600.000
7503400.000
7560400.000
7621800.000
7565200.000
7581800.000
7601600.000
7538600.000
7526600.000
7557000.000
7593600.000
7554400.000
7586000.000
7644800.000
7648600.000
7606400.000
7618400.000
7619200.000
7591600.000
7606600.000
7617400.000
7556400.000
7592200.000
7570000.000
7473000.000
7542800.000
7557800.000
7516200.000
7468800.000
7458200.000
7470400.000
7442400.000
7510400.000
7470800.000
7444800.000
7472000.000
7514400.000
7448000.000
7430600.000
7483600.000
7426600.000
7440800.000
7466400.000
7438200.000
7429200.000
7450800.000
7464200.000
7501200.000
7496400.000
7470800.000
7422200.000
7443400.000
7518000.000
7450200.000
7446200.000
7448800.000
7413400.000
7394600.000
7396200.000
7382800.000
7272800.000
7254600.000
7300200.000
7341800.000
7229400.000
6950600.000
6976800.000
6923800.000
7044600.000
6960400.000
7094800.000
7071600.000
7099800.000
7108000.000
7101400.000
7093800.000
7070200.000
7115200.000
7088600.000
6972200.000
6994200.000
6986600.000
6981200.000
7016000.000
7011800.000
7036800.000
7020600.000
7064000.000
7085400.000
7055800.000
7066600.000
7081800.000
7059800.000
7072200.000
7086800.000
7048400.000
7131400.000
7112600.000
7146800.000
7074800.000
7164800.000
7070800.000
7113600.000
7113800.000
7132800.000
7020600.000
7074800.000
7005400.000
7029400.000
7000400.000
6944000.000
6941200.000
7051200.000
7087400.000
7069200.000
7098800.000
7115400.000
7027000.000
7093800.000
7061000.000
7048800.000
7059000.000
7113400.000
7160800.000
7097400.000
7104600.000
7119200.000
7090600.000
7146800.000
7118600.000
7166000.000
7204800.000
7154400.000
7098200.000
7152600.000
7247800.000
7194800.000
7158600.000
7144400.000
7174000.000
7175800.000
7136400.000
7095400.000
7110000.000
7138000.000
7145200.000
7214800.000
7223200.000
7262400.000
7309200.000
7378200.000
7306800.000
7385600.000
7329400.000
7351000.000
7359400.000
7324000.000
7268600.000
7323400.000
7365600.000
7315800.000
7313200.000
7266000.000
7251600.000
7350200.000
7317800.000
7306000.000
7439200.000
7349200.000
7394200.000
7390600.000
7451600.000
7451000.000
7443400.000
7415800.000
7383600.000
7439800.000
7417800.000
7356000.000
7442800.000
7467000.000
7489200.000
7492400.000
7468800.000
7496800.000
7503400.000
7437600.000
7463600.000
7493200.000
7506000.000
7489000.000
7471600.000
7510200.000
7526000.000
7577800.000
7576000.000
7548800.000
7585400.000
7557800.000
7554800.000
7531400.000
7521200.000
7511000.000
7542000.000
7545400.000
7571600.000
7495800.000
7495400.000
7525600.000
7506800.000
7513600.000
7537800.000
7537200.000
7520800.000
7625000.000
7607400.000
7591400.000
7639000.000
7579400.000
7533800.000
7571400.000
7604000.000
7535200.000
7499200.000
7529400.000
7535200.000
7508400.000
7556600.000
7511800.000
7508000.000
7430200.000
7473600.000
7510600.000
7496600.000
7465800.000
7526600.000
7516400.000
7451000.000
7481200.000
7491400.000
7466800.000
7470200.000
7422800.000
7451200.000
7417200.000
7473600.000
7439000.000
7444600.000
7463600.000
7505400.000
7457600.000
7511600.000
7439600.000
7461000.000
7518800.000
7420400.000
7482400.000
7441600.000
7426400.000
7451600.000
7360000.000
7337600.000
7344400.000
7333600.000
7305800.000
7351200.000
6994000.000
6948600.000
7023600.000
7002800.000
7069400.000
7109800.000
7124000.000
7073600.000
7066000.000
7062400.000
7053800.000
6994400.000
7090000.000
7013200.000
6941400.000
6902400.000
6930400.000
6976200.000
6990400.000
7009800.000
7013200.000
7114600.000
7143400.000
7117800.000
7112000.000
7073600.000
7074600.000
7096800.000
7047400.000
7160600.000
7025800.000
7067600.000
7066800.000
7111000.000
7117200.000
7079400.000
7108600.000
7135800.000
7105000.000
7078800.000
7067600.000
7050600.000
7064800.000
7005200.000
6963000.000
7025000.000
7077400.000
7093000.000
7088800.000
7128000.000
7085000.000
7045200.000
7144000.000
7087600.000
7000200.000
7045200.000
7111400.000
7161400.000
7178400.000
7097800.000
7099000.000
7129400.000
7099600.000
7166400.000
7150400.000
7139200.000
7142200.000
7180000.000
7226400.000
7216000.000
7209400.000
7209600.000
7199200.000
7164800.000
7192400.000
7149400.000
7163000.000
7150200.000
7123400.000
7103000.000
7211800.000
7239000.000
7220200.000
7273600.000
7260800.000
7306200.000
7341200.000
7300800.000
7258600.000
7303200.000
7259000.000
7310600.000
7274200.000
7235800.000
7219000.000
7183400.000
7142800.000
7234400.000
7205400.000
7303400.000
7311200.000
7296400.000
7300600.000
7319800.000
7314400.000
7352200.000
7378600.000
7360000.000
7423000.000
7373000.000
7392600.000
7370800.000
7358600.000
7412400.000
7440000.000
7399800.000
7441600.000
7411200.000
7414200.000
7455200.000
7419600.000
7366800.000
7395600.000
7452400.000
7453200.000
7474600.000
7517000.000
7492800.000
7472400.000
7485400.000
7467600.000
7502200.000
7499200.000
7453600.000
7435600.000
7500200.000
7539600.000
7444200.000
7479200.000
7478400.000
7492800.000
7487800.000
7437600.000
7439200.000
7494000.000
7471400.000
7529000.000
7539600.000
7498400.000
7580800.000
7632200.000
7586400.000
7554600.000
7540800.000
7523600.000
7541000.000
7491800.000
7475000.000
7478400.000
7501200.000
7508200.000
7486200.000
7471600.000
7456600.000
7445000.000
7369400.000
7432600.000
7384200.000
7428600.000
7459400.000
7412600.000
7398200.000
7472800.000
7456000.000
7492600.000
7425400.000
7374600.000
7430200.000
7415000.000
7444000.000
7390800.000
7448200.000
7463200.000
7458400.000
7456800.000
7461600.000
7453800.000
7505400.000
7495400.000
7462000.000
7513800.000
7432800.000
7368400.000
7380000.000
7392800.000
7304000.000
7262800.000
7335000.000
7277800.000
7326200.000
7341000.000
7020000.000
7057400.000
7042000.000
7037400.000
7067200.000
7109200.000
7134200.000
7105000.000
7162600.000
7107600.000
7061200.000
7074400.000
7017400.000
7039600.000
6962400.000
6944600.000
6979600.000
6936000.000
7051000.000
7070400.000
7091000.000
7119800.000
7160800.000
7107400.000
7141400.000
7131400.000
7112400.000
7074200.000
7150200.000
7058200.000
7090000.000
7096600.000
7088400.000
7175800.000
7177000.000
7222000.000
7236800.000
7169400.000
7207000.000
7182600.000
7195600.000
7149800.000
7151000.000
7071800.000
7133800.000
7119600.000
7123800.000
7166200.000
7164200.000
7252000.000
7147200.000
7123200.000
7152800.000
7077600.000
7116800.000
7194000.000
7169400.000
7239600.000
7231000.000
7188400.000
7165800.000
7164000.000
7185200.000
7237800.000
7256400.000
7163200.000
7212400.000
7210800.000
7262800.000
7254200.000
7221800.000
7276000.000
7236200.000
7203400.000
7247600.000
7206200.000
7205400.000
7198200.000
7164800.000
7214400.000
7227600.000
7259200.000
7333000.000
7333800.000
7328200.000
7301600.000
7357800.000
7294400.000
7362600.000
7332600.000
7321600.000
7217400.000
7247400.000
7302400.000
7273600.000
7287800.000
7267200.000
7231800.000
7235600.000
7302000.000
7320000.000
7334400.000
7342400.000
7380000.000
7413600.000
7396200.000
7424000.000
7399800.000
7452000.000
7433600.000
7425000.000
7385400.000
7430200.000
7463000.000
7467000.000
7422200.000
7474600.000
7455400.000
7474200.000
7456400.000
7488600.000
7515000.000
7542000.000
7495200.000
7512600.000
7532800.000
7549400.000
7478000.000
7505400.000
7552200.000
7534200.000
7464000.000
7566000.000
7510200.000
7573200.000
7530800.000
7514800.000
7544200.000
7530200.000
7554200.000
7490000.000
7476600.000
7496400.000
7448400.000
7481800.000
7460600.000
7435600.000
7512400.000
7521000.000
7569200.000
7589200.000
7560600.000
7628600.000
7561200.000
7612200.000
7593600.000
7538400.000
7497600.000
7487200.000
7512600.000
7557600.000
7554000.000
7498200.000
7502600.000
7508800.000
7458600.000
7464200.000
7479400.000
7414400.000
7448200.000
7479400.000
7498200.000
7506000.000
7464800.000
7485800.000
7437000.000
7487800.000
7417800.000
7465600.000
7468400.000
7468800.000
7496600.000
7513600.000
7532800.000
7524800.000
7453400.000
7520400.000
7514800.000
7479800.000
7518800.000
7520600.000
7494600.000
7419600.000
7492200.000
7400800.000
7343200.000
7409000.000
7345600.000
7382200.000
7333200.000
7304800.000
6977800.000
6999600.000
7057600.000
7065200.000
7076000.000
7079200.000
7163000.000
7057000.000
7118200.000
7113000.000
7081600.000
7052800.000
7041600.000
6973400.000
6887800.000
6936400.000
6901000.000
7001200.000
7048200.000
7093800.000
7171200.000
7131000.000
7157400.000
7165400.000
7150000.000
7073200.000
7064400.000
7096800.000
7128400.000
7069200.000
7156000.000
7115200.000
7192800.000
7133000.000
7189600.000
7178000.000
7170800.000
7226000.000
7195800.000
7152000.000
7200400.000
7226600.000
7128800.000
7086800.000
7097400.000
7103800.000
7170400.000
7139200.000
7140600.000
7119000.000
7083000.000
7201800.000
7128200.000
7085400.000
7164000.000
7217000.000
7143200.000
7166400.000
7187200.000
7231800.000
7179000.000
7185200.000
7157800.000
7177000.000
7164400.000
7167200.000
7199400.000
7267400.000
7196600.000
7229000.000
7248000.000
7229200.000
7217800.000
7220800.000
7170200.000
7205000.000
7204400.000
7195000.000
7228800.000
7217800.000
7249400.000
7274600.000
7336800.000
7276000.000
7288000.000
7280600.000
7291800.000
7260600.000
7360600.000
7304000.000
7292200.000
7270600.000
7228200.000
7313400.000
7283400.000
7236800.000
7289000.000
7297000.000
7354200.000
7291000.000
7333200.000
7392200.000
7351600.000
7468200.000
7438000.000
7450600.000
7404600.000
7449800.000
7433400.000
7479800.000
7484400.000
7486400.000
7504000.000
7481800.000
7454600.000
7468200.000
7492400.000
7400200.000
7443400.000
7497400.000
7529400.000
7469800.000
7544200.000
7465800.000
7531400.000
7515800.000
7553400.000
7606800.000
7552800.000
7557200.000
7541200.000
7571400.000
7591800.000
7522200.000
7547600.000
7542200.000
7531000.000
7525800.000
7564800.000
7526800.000
7540800.000
7523400.000
7478000.000
7486800.000
7503600.000
7518800.000
7559200.000
7544200.000
7563000.000
7587800.000
7673000.000
7589000.000
7704600.000
7581600.000
7646600.000
7564000.000
7612800.000
7596000.000
7540200.000
7577800.000
7572400.000
7550200.000
7501800.000
7477400.000
7545000.000
7581600.000
7460000.000
7512200.000
7487200.000
7420800.000
7467800.000
7503400.000
7475400.000
7488000.000
7548200.000
7509600.000
7488000.000
7444800.000
7415600.000
7442600.000
7413400.000
7447200.000
7452800.000
7508400.000
7496600.000
7507000.000
7464800.000
7399800.000
7392800.000
7429600.000
7409200.000
7455200.000
7451200.000
7439200.000
7367800.000
7344600.000
7287600.000
7338200.000
7341200.000
7332600.000
7320000.000
7067200.000
7023800.000
7091800.000
7052800.000
7024600.000
7097400.000
7096800.000
7106400.000
7058200.000
7133000.000
7074000.000
6991200.000
6896200.000
6840600.000
6857600.000
6862600.000
6873400.000
6992000.000
6982400.000
7102000.000
7119200.000
7130200.000
7115200.000
7176200.000
7140800.000
7142200.000
7135800.000
7088400.000
7053600.000
7099800.000
7077000.000
7095400.000
7155600.000
7132000.000
7194000.000
7144400.000
7191000.000
7202800.000
7148400.000
7218400.000
7273800.000
7128800.000
7148000.000
7158400.000
7054000.000
7180800.000
7188800.000
7216000.000
7180600.000
7104200.000
7181600.000
7150600.000
7149600.000
7127400.000
7157400.000
7146400.000
7198400.000
7220800.000
7166800.000
7233000.000
7197400.000
7158600.000
7200000.000
7178800.000
7163600.000
7135200.000
7200800.000
7155800.000
7215200.000
7210200.000
7271600.000
7197200.000
7251800.000
7198600.000
7177600.000
7194800.000
7215800.000
7192800.000
7221600.000
7260200.000
7297200.000
7357400.000
7354400.000
7369800.000
7278800.000
7212600.000
7237600.000
7301000.000
7243400.000
7276400.000
7237000.000
7222800.000
7217200.000
7256600.000
7233600.000
7307400.000
7237200.000
7236800.000
7272000.000
7240800.000
7332000.000
7251200.000
7384200.000
7409200.000
7378600.000
7363600.000
7387200.000
7424600.000
7435000.000
7458600.000
7422000.000
7417400.000
7475600.000
7487200.000
7481400.000
7438800.000
7472200.000
7489600.000
7391000.000
7463000.000
7458200.000
7472200.000
7420600.000
7476800.000
7513200.000
7477600.000
7469400.000
7505400.000
7498400.000
7542600.000
7483600.000
7549600.000
7522400.000
7536800.000
7597600.000
7578600.000
7530400.000
7547800.000
7543200.000
7495800.000
7505600.000
7475000.000
7488400.000
7463200.000
7486200.000
7523400.000
7466200.000
7519400.000
7540800.000
7546800.000
7587400.000
7577200.000
7571000.000
7551600.000
7533800.000
7489600.000
7513800.000
7527400.000
7487400.000
7427800.000
7523600.000
7473800.000
7517400.000
7512400.000
7532400.000
7444200.000
7450200.000
7400600.000
7424600.000
7478000.000
7450800.000
7414800.000
7446400.000
7470200.000
7513600.000
7419000.000
7453400.000
7371000.000
7425400.000
7452200.000
7414400.000
7458800.000
7483400.000
7457800.000
7437400.000
7440400.000
7379600.000
7432200.000
7445200.000
7370600.000
7351000.000
7357800.000
7389000.000
7381600.000
7348400.000
7291400.000
7267400.000
7279800.000
7250400.000
7343400.000
7318200.000
6968800.000
7022800.000
7012000.000
7001600.000
7038200.000
6998200.000
7036600.000
6995600.000
7027400.000
6938000.000
6831400.000
6842000.000
6742400.000
6770400.000
6757000.000
6760400.000
6906600.000
6921800.000
7027600.000
7073600.000
7067600.000
7099800.000
7131400.000
7136800.000
7120200.000
7073800.000
7067400.000
7006200.000
6994800.000
7064600.000
7048000.000
7021000.000
7093000.000
7088400.000
7082200.000
7127800.000
7148600.000
7079200.000
7128000.000
7085800.000
7077200.000
7085200.000
7180800.000
7106000.000
7041000.000
7130000.000
7166200.000
7115600.000
7026000.000
7034200.000
7079600.000
7027800.000
7115000.000
7063000.000
7128600.000
7139600.000
7104400.000
7122000.000
7103600.000
7125400.000
7114600.000
7082600.000
7129800.000
7150200.000
7126200.000
7084800.000
7121400.000
7138000.000
7233600.000
7187800.000
7168200.000
7173000.000
7129200.000
7144400.000
7221000.000
7183200.000
7168600.000
7245000.000
7183600.000
7192200.000
7273400.000
7234400.000
7217400.000
7206200.000
7223800.000
7235600.000
7185000.000
7195400.000
7182600.000
7217200.000
7161000.000
7202200.000
7193800.000
7227400.000
7211800.000
7225600.000
7235200.000
7274200.000
7261800.000
7227800.000
7274600.000
7248200.000
7371000.000
7314600.000
7340000.000
7363800.000
7440400.000
7424400.000
7404400.000
7434200.000
7410400.000
7471200.000
7425000.000
7453800.000
7434600.000
7428400.000
7396600.000
7407600.000
7340200.000
7366800.000
7327200.000
7419600.000
7462800.000
7440400.000
7436000.000
7420800.000
7455800.000
7456400.000
7464200.000
7425000.000
7519400.000
7495400.000
7482800.000
7489800.000
7450200.000
7526400.000
7536800.000
7508600.000
7499600.000
7505400.000
7487400.000
7426600.000
7484400.000
7479800.000
7445800.000
7483800.000
7439200.000
7528800.000
7536200.000
7510600.000
7552800.000
7498400.000
7465400.000
7486600.000
7526000.000
7462600.000
7483200.000
7477600.000
7498600.000
7480000.000
7505000.000
7492800.000
7479000.000
7526600.000
7427800.000
7459600.000
7459400.000
7453400.000
7443200.000
7349200.000
7424400.000
7462000.000
7444200.000
7420600.000
7440800.000
7446400.000
7444800.000
7402400.000
7411000.000
7417400.000
7461200.000
7463200.000
7487000.000
7410200.000
7476600.000
7398600.000
7450800.000
7372600.000
7355000.000
7417400.000
7354800.000
7397000.000
7400200.000
7345600.000
7295800.000
7241400.000
7268400.000
7259200.000
7285600.000
7316400.000
7257200.000
6888000.000
6996400.000
7035400.000
7010800.000
7023600.000
6979000.000
7029200.000
6954600.000
6977400.000
6856600.000
6791600.000
6792000.000
6723800.000
6742800.000
6744600.000
6791600.000
6892600.000
6895000.000
7003000.000
7023400.000
7042600.000
7126200.000
7078400.000
7100600.000
7063400.000
7090600.000
7098600.000
7057400.000
7052200.000
7015600.000
6995600.000
7098400.000
7058800.000
7060000.000
7045600.000
7067600.000
7082600.000
7097400.000
7159200.000
7122000.000
7147600.000
7115000.000
7148000.000
7069800.000
7094000.000
7120600.000
7124200.000
7045400.000
7053200.000
7100000.000
7093400.000
7098200.000
7162200.000
7103600.000
7196000.000
7139400.000
7100400.000
7176800.000
7104600.000
7117600.000
7162800.000
7156400.000
7114800.000
7146000.000
7134400.000
7098800.000
7171600.000
7147400.000
7146000.000
7185200.000
7142600.000
7166400.000
7128200.000
7188400.000
7179800.000
7163200.000
7172600.000
7183400.000
7159600.000
7182000.000
7228200.000
7217800.000
7184400.000
7251600.000
7193600.000
7237600.000
7197200.000
7229200.000
7235200.000
7223600.000
7179200.000
7187600.000
7177600.000
7195600.000
7208200.000
7294600.000
7192800.000
7287600.000
7280200.000
7274800.000
7307200.000
7346800.000
7339200.000
7365800.000
7369200.000
7356000.000
7406200.000
7420800.000
7454200.000
7421200.000
7461600.000
7441000.000
7458000.000
7424800.000
7462800.000
7418400.000
7458600.000
7428800.000
7365000.000
7429800.000
7401600.000
7410000.000
7380800.000
7431400.000
7424600.000
7478200.000
7456600.000
7430800.000
7466400.000
7483400.000
7428600.000
7516400.000
7555600.000
7497800.000
7488600.000
7541800.000
7528200.000
7497600.000
7568400.000
7566600.000
7471800.000
7486200.000
7455600.000
7494600.000
7528800.000
7492200.000
7454200.000
7472600.000
7520600.000
7504600.000
7538000.000
7508200.000
7532400.000
7472400.000
7477200.000
7468000.000
7443000.000
7445600.000
7413600.000
7430200.000
7541200.000
7474000.000
7481600.000
7491200.000
7424000.000
7419000.000
7434400.000
7391600.000
7344400.000
7388000.000
7385400.000
7460800.000
7405000.000
7430600.000
7412200.000
7411600.000
7387200.000
7383400.000
7389800.000
7439200.000
7426200.000
7424200.000
7482200.000
7445000.000
7429200.000
7434400.000
7402600.000
7383200.000
7400200.000
7396000.000
7394600.000
7328800.000
7387600.000
7324000.000
7320200.000
7313800.000
7286000.000
7313000.000
7280200.000
7242400.000
7265400.000
7088800.000
7063400.000
7043600.000
7067800.000
7034600.000
6994600.000
6935200.000
6958600.000
6986000.000
6894600.000
6780000.000
6750600.000
6758400.000
6772800.000
6795800.000
6880400.000
6899600.000
6980800.000
7068200.000
7157400.000
7138600.000
7139600.000
7194400.000
7149000.000
7164600.000
7143000.000
7098000.000
7087000.000
7105800.000
7059400.000
7074800.000
7098600.000
7056800.000
7103000.000
7143600.000
7158800.000
7111600.000
7154800.000
7144200.000
7170400.000
7121400.000
7129400.000
7117000.000
7136000.000
7141800.000
7105200.000
7122200.000
7118600.000
7066000.000
7041400.000
7071600.000
7105000.000
7132400.000
7136200.000
7141200.000
7153600.000
7160800.000
7161600.000
7183600.000
7151200.000
7155600.000
7197000.000
7159400.000
7161600.000
7185800.000
7144200.000
7218000.000
7166400.000
7149600.000
7162200.000
7142800.000
7160200.000
7259200.000
7168800.000
7175400.000
7215600.000
7223800.000
7234600.000
7289200.000
7163200.000
7204000.000
7190200.000
7212000.000
7257000.000
7212400.000
7232200.000
7193200.000
7230000.000
7237400.000
7119000.000
7206200.000
7167200.000
7194600.000
7242400.000
7267200.000
7256800.000
7221200.000
7280600.000
7241200.000
7282000.000
7298000.000
7249000.000
7354400.000
7324000.000
7349800.000
7428200.000
7397600.000
7439000.000
7403000.000
7418400.000
7434400.000
7435400.000
7492600.000
7448800.000
7400000.000
7442000.000
7426800.000
7420400.000
7363800.000
7442800.000
7418600.000
7460000.000
7387400.000
7406000.000
7421600.000
7455800.000
7403400.000
7442000.000
7513400.000
7451000.000
7491800.000
7505800.000
7500800.000
7518600.000
7470000.000
7462600.000
7488000.000
7538600.000
7494600.000
7509800.000
7458000.000
7445800.000
7521400.000
7488200.000
7517200.000
7455400.000
7498000.000
7526600.000
7548800.000
7568200.000
7569400.000
7483000.000
7497200.000
7474000.000
7484800.000
7486000.000
7400800.000
7470000.000
7487200.000
7462400.000
7485400.000
7463400.000
7488000.000
7410400.000
7397000.000
7418400.000
7417400.000
7405000.000
7388600.000
7419400.000
7449000.000
7472200.000
7443200.000
7501800.000
7425600.000
7448000.000
7430800.000
7443600.000
7429800.000
7408400.000
7402000.000
7403200.000
7429400.000
7379800.000
7385600.000
7396400.000
7383800.000
7361400.000
7372600.000
7331800.000
7347000.000
7357200.000
7349000.000
7327200.000
7285400.000
7350200.000
7348600.000
7295400.000
7328600.000
7268800.000
7222200.000
7064000.000
7037200.000
7061000.000
7081000.000
7065800.000
7002200.000
6966200.000
6932000.000
6870800.000
6856000.000
6840600.000
6788200.000
6801200.000
6886600.000
6876400.000
6914400.000
6954800.000
7021400.000
7136200.000
7089800.000
7131200.000
7133400.000
7204000.000
7136000.000
7177400.000
7168000.000
7170000.000
7174800.000
7123800.000
7150800.000
7100600.000
7106400.000
7123000.000
7128000.000
7160800.000
7129400.000
7150200.000
7208600.000
7189600.000
7135600.000
7102200.000
7152600.000
7129800.000
7107000.000
7099400.000
7219800.000
7093600.000
7069800.000
7108800.000
7165600.000
7153200.000
7126800.000
7166800.000
7179000.000
7147200.000
7176200.000
7110000.000
7163600.000
7205800.000
7185600.000
7160200.000
7206600.000
7172600.000
7214000.000
7263800.000
7203400.000
7233800.000
7202000.000
7236200.000
7194200.000
7227600.000
7250800.000
7226600.000
7230800.000
7267200.000
7267200.000
7230400.000
7277000.000
7331400.000
7311600.000
7238400.000
7242200.000
7229800.000
7299400.000
7257600.000
7266000.000
7305800.000
7265000.000
7262200.000
7223800.000
7268400.000
7235200.000
7274600.000
7267800.000
7342800.000
7295800.000
7294200.000
7315600.000
7311600.000
7339000.000
7315600.000
7392200.000
7372800.000
7373200.000
7403000.000
7480800.000
7439000.000
7456400.000
7426800.000
7464200.000
7525400.000
7497400.000
7499400.000
7485200.000
7439200.000
7447600.000
7410400.000
7404000.000
7389600.000
7449600.000
7422000.000
7395400.000
7465800.000
7506400.000
7529000.000
7515600.000
7464200.000
7480400.000
7540000.000
7481600.000
7552600.000
7565600.000
7536000.000
7534200.000
7572400.000
7528800.000
7516200.000
7519800.000
7511200.000
7501400.000
7453000.000
7478400.000
7517200.000
7519800.000
7508000.000
7604200.000
7556600.000
7525600.000
7545400.000
7496400.000
7561600.000
7561800.000
7541000.000
7573400.000
7553400.000
7512200.000
7449000.000
7462400.000
7466200.000
7561400.000
7507400.000
7556800.000
7519600.000
7518200.000
7495400.000
7438000.000
7433000.000
7467000.000
7502800.000
7443400.000
7433600.000
7492600.000
7489000.000
7467400.000
7488400.000
7512000.000
7488400.000
7454400.000
7435800.000
7416400.000
7449000.000
7526200.000
7517600.000
7502800.000
7423400.000
7482200.000
7490800.000
7425600.000
7428400.000
7426600.000
7442800.000
7433400.000
7383200.000
7360200.000
7385000.000
7357600.000
7413200.000
7353000.000
7375200.000
7310200.000
7278000.000
7008200.000
7027800.000
7057400.000
7008200.000
6987800.000
7007600.000
6864000.000
6871400.000
6849800.000
6845200.000
6841800.000
6845600.000
6778200.000
6828200.000
6870600.000
6898600.000
6977800.000
7033600.000
7064600.000
7157000.000
7100400.000
7105600.000
7127600.000
7179000.000
7140000.000
7135400.000
7080200.000
7074200.000
7098400.000
7092200.000
7089400.000
7094800.000
7129200.000
7142000.000
7167200.000
7173600.000
7102800.000
7139400.000
7192400.000
7173400.000
7140800.000
7048400.000
7094600.000
7070400.000
7123800.000
7113400.000
7090400.000
7112600.000
7108400.000
7121200.000
7145200.000
7192200.000
7106800.000
7104800.000
7210200.000
7156200.000
7114600.000
7129600.000
7150000.000
7150800.000
7174000.000
7167000.000
7181200.000
7170400.000
7154000.000
7118600.000
7129400.000
7199200.000
7153200.000
7197000.000
7249800.000
7190000.000
7181000.000
7267800.000
7244000.000
7179800.000
7215400.000
7196600.000
7256400.000
7248000.000
7237600.000
7253400.000
7191000.000
7191400.000
7155200.000
7228600.000
7200200.000
7220800.000
7184800.000
7193600.000
7132600.000
7197200.000
7223400.000
7263200.000
7257400.000
7255000.000
7221200.000
7265000.000
7215000.000
7308000.000
7330000.000
7349800.000
7358000.000
7428400.000
7404400.000
7351200.000
7367400.000
7412000.000
7463400.000
7431400.000
7428000.000
7516600.000
7484800.000
7476200.000
7484800.000
7448000.000
7425800.000
7434400.000
7459200.000
7445400.000
7409200.000
7421200.000
7418800.000
7478600.000
7403000.000
7520200.000
7484000.000
7421600.000
7484400.000
7492400.000
7508400.000
7506600.000
7520400.000
7467000.000
7502800.000
7494800.000
7572000.000
7471600.000
7510800.000
7474600.000
7454400.000
7468800.000
7473800.000
7455400.000
7445400.000
7441000.000
7493200.000
7466800.000
7441800.000
7473800.000
7506800.000
7447400.000
7485400.000
7506800.000
7497600.000
7442400.000
7366400.000
7330800.000
7388800.000
7439400.000
7489800.000
7426200.000
7467400.000
7491200.000
7433000.000
7388600.000
7408800.000
7358200.000
7418800.000
7399000.000
7446200.000
7491800.000
7500400.000
7513600.000
7410600.000
7466200.000
7465800.000
7458000.000
7469200.000
7410400.000
7450000.000
7420000.000
7431800.000
7438800.000
7438400.000
7391000.000
7425400.000
7442800.000
7412400.000
7423800.000
7411200.000
7397000.000
7357400.000
7308000.000
7373000.000
7297200.000
7354600.000
7327000.000
7359200.000
7315600.000
7329800.000
7074200.000
7008200.000
7025000.000
7012800.000
6953800.000
6949000.000
6916200.000
6900800.000
6889800.000
6840600.000
6850000.000
6848800.000
6832800.000
6876000.000
6811800.000
6849800.000
6891800.000
6891800.000
7001600.000
7079600.000
7081000.000
7125200.000
7085800.000
7164000.000
7108000.000
7114600.000
7089600.000
7138800.000
7147800.000
7141400.000
7139200.000
7130400.000
7094400.000
7136600.000
7142400.000
7145000.000
7149400.000
7145400.000
7121200.000
7181400.000
7123200.000
7107400.000
7117000.000
7174400.000
7135000.000
7168200.000
7195400.000
7143400.000
7174200.000
7131200.000
7177200.000
7151600.000
7100800.000
7175000.000
7164800.000
7132000.000
7137600.000
7225800.000
7153400.000
7180000.000
7104800.000
7195400.000
7143200.000
7201600.000
7171800.000
7136600.000
7133000.000
7158200.000
7191800.000
7241400.000
7115800.000
7187600.000
7213600.000
7177400.000
7159800.000
7228200.000
7234400.000
7225400.000
7263000.000
7229000.000
7220600.000
7174800.000
7139200.000
7185800.000
7174000.000
7175800.000
7195400.000
7182800.000
7124400.000
7208800.000
7077000.000
7136600.000
7223800.000
7124200.000
7167000.000
7218200.000
7230600.000
7229000.000
7224600.000
7250200.000
7231000.000
7323800.000
7336200.000
7381000.000
7329400.000
7294400.000
7362000.000
7334000.000
7301400.000
7406200.000
7447400.000
7432000.000
7532200.000
7461200.000
7409600.000
7353400.000
7421400.000
7352000.000
7406400.000
7459600.000
7361000.000
7390800.000
7388200.000
7360400.000
7438200.000
7431400.000
7412200.000
7458800.000
7477400.000
7434600.000
7430800.000
7413200.000
7415600.000
7392800.000
7427400.000
7435200.000
7514400.000
7418600.000
7414200.000
7452400.000
7476400.000
7521600.000
7479800.000
7520400.000
7453400.000
7515800.000
7527000.000
7458800.000
7475200.000
7511200.000
7487800.000
7459600.000
7490400.000
7435200.000
7409400.000
7411400.000
7305200.000
7436400.000
7428600.000
7457600.000
7498800.000
7488000.000
7466200.000
7384400.000
7392600.000
7382200.000
7390400.000
7358400.000
7401800.000
7413800.000
7403200.000
7459600.000
7472800.000
7453400.000
7404600.000
7396000.000
7435400.000
7422800.000
7336200.000
7424400.000
7378800.000
7382600.000
7388200.000
7409200.000
7354400.000
7356800.000
7328200.000
7351400.000
7386200.000
7439000.000
7326200.000
7327600.000
7338000.000
7324800.000
7309600.000
7395800.000
7329600.000
7312400.000
7300200.000
7302800.000
7249800.000
7049000.000
7090800.000
7101800.000
7110000.000
7013600.000
6999400.000
6983400.000
6970800.000
6956800.000
6986800.000
6867800.000
6914400.000
6897600.000
6908000.000
6939600.000
6940200.000
6963800.000
7010000.000
7049400.000
7071600.000
7078400.000
7122000.000
7144400.000
7143600.000
7210800.000
7171400.000
7177200.000
7193600.000
7048000.000
7160600.000
7113400.000
7098600.000
7136600.000
7202400.000
7186600.000
7129800.000
7161400.000
7147400.000
7139800.000
7142000.000
7129600.000
7190400.000
7188200.000
7138200.000
7168800.000
7200200.000
7159000.000
7207400.000
7197200.000
7140400.000
7248800.000
7181400.000
7197600.000
7177200.000
7129000.000
7161000.000
7121000.000
7143600.000
7136000.000
7205200.000
7211000.000
7228800.000
7190600.000
7185200.000
7168000.000
7209800.000
7195200.000
7223000.000
7224200.000
7244800.000
7261000.000
7243600.000
7230000.000
7277400.000
7214200.000
7281600.000
7265800.000
7321000.000
7293000.000
7236200.000
7211800.000
7201000.000
7218600.000
7179600.000
7219000.000
7233000.000
7262800.000
7214400.000
7241000.000
7208200.000
7199600.000
7223000.000
7196400.000
7249800.000
7233400.000
7265400.000
7277800.000
7294000.000
7261800.000
7333000.000
7323800.000
7405600.000
7397400.000
7345800.000
7373400.000
7411800.000
7485000.000
7389800.000
7452000.000
7484600.000
7569200.000
7542400.000
7496200.000
7515400.000
7456200.000
7454000.000
7434200.000
7550000.000
7509000.000
7523800.000
7489000.000
7477600.000
7451400.000
7518400.000
7510600.000
7469400.000
7451800.000
7545000.000
7539000.000
7483600.000
7541800.000
7494200.000
7519200.000
7484800.000
7573000.000
7529000.000
7494000.000
7504800.000
7508800.000
7532400.000
7517800.000
7533600.000
7494200.000
7592800.000
7597400.000
7565600.000
7564800.000
7549800.000
7556600.000
7572200.000
7497600.000
7517600.000
7548800.000
7524800.000
7540600.000
7439800.000
7438600.000
7487400.000
7427800.000
7529800.000
7482400.000
7469800.000
7510600.000
7479600.000
7493600.000
7469800.000
7476600.000
7446600.000
7479200.000
7501400.000
7512800.000
7515800.000
7471200.000
7504800.000
7487600.000
7497000.000
7442200.000
7500600.000
7461800.000
7392200.000
7478600.000
7454200.000
7456600.000
7419200.000
7430600.000
7378000.000
7415400.000
7388800.000
7406200.000
7360400.000
7415200.000
7376000.000
7339600.000
7344000.000
7354400.000
7292200.000
7347800.000
7351600.000
7255600.000
7341600.000
7286200.000
7111400.000
7081000.000
7083400.000
7010200.000
7025800.000
7098400.000
7024000.000
7002600.000
7027400.000
6954200.000
6852000.000
6871000.000
6904800.000
6877200.000
6838200.000
6844200.000
6856000.000
6929600.000
6977400.000
6954600.000
7014600.000
7028800.000
7065400.000
7120000.000
7089600.000
7166000.000
7140600.000
7121200.000
7094400.000
7166000.000
7105600.000
7124600.000
7067600.000
7119200.000
7164800.000
7103600.000
7157800.000
7127800.000
7120000.000
7129000.000
7141000.000
7126000.000
7071000.000
7162400.000
7123400.000
7132200.000
7172400.000
7188800.000
7201800.000
7208000.000
7176200.000
7173200.000
7083200.000
7178800.000
7162400.000
7140000.000
7131600.000
7121400.000
7154800.000
7188800.000
7270800.000
7152800.000
7198800.000
7191200.000
7172400.000
7153200.000
7222200.000
7270600.000
7289600.000
7183000.000
7223600.000
7268000.000
7212600.000
7259600.000
7222600.000
7241200.000
7241000.000
7206800.000
7224800.000
7219600.000
7159200.000
7143200.000
7126600.000
7123800.000
7245400.000
7177800.000
7201800.000
7203800.000
7107400.000
7149000.000
7167000.000
7201200.000
7174600.000
7239600.000
7226800.000
7211400.000
7197200.000
7279800.000
7272000.000
7289000.000
7283200.000
7353200.000
7303400.000
7315400.000
7319000.000
7349000.000
7308200.000
7334000.000
7410800.000
7447000.000
7480400.000
7462200.000
7512400.000
7501400.000
7494800.000
7449400.000
7454000.000
7452200.000
7457000.000
7445400.000
7452800.000
7433800.000
7476000.000
7432400.000
7464600.000
7494400.000
7444600.000
7456600.000
7435000.000
7474200.000
7469200.000
7463200.000
7464600.000
7516000.000
7512000.000
7441400.000
7506200.000
7468400.000
7491200.000
7477600.000
7542600.000
7556400.000
7495600.000
7544200.000
7562000.000
7563600.000
7531000.000
7516200.000
7498400.000
7517200.000
7493800.000
7499800.000
7503200.000
7497800.000
7454200.000
7413000.000
7454600.000
7414200.000
7464200.000
7448600.000
7464800.000
7518000.000
7423400.000
7472000.000
7441600.000
7396600.000
7446600.000
7411800.000
7356200.000
7450400.000
7438000.000
7468600.000
7518400.000
7488400.000
7494800.000
7384000.000
7322200.000
7409200.000
7407600.000
7423600.000
7392600.000
7384600.000
7416800.000
7384600.000
7366800.000
7429400.000
7352000.000
7341600.000
7369400.000
7368800.000
7351800.000
7374600.000
7387200.000
7357600.000
7365600.000
7377400.000
7352600.000
7390000.000
7346600.000
7319200.000
7316400.000
7105800.000
7027000.000
6982600.000
7068200.000
7081600.000
7060200.000
7027200.000
7052600.000
6970400.000
6968000.000
6913400.000
6874800.000
6935200.000
6842800.000
6848200.000
6839200.000
6888800.000
6915400.000
6901400.000
6992600.000
6996000.000
7056000.000
7120200.000
7123800.000
7153400.000
7171000.000
7135800.000
7073000.000
7135600.000
7135000.000
7147600.000
7134000.000
7119800.000
7126600.000
7117200.000
7173800.000
7119200.000
7004000.000
7140400.000
7109200.000
7102000.000
7107000.000
7103600.000
7119400.000
7123400.000
7145400.000
7191800.000
7181600.000
7138800.000
7134800.000
7142800.000
7186600.000
7054200.000
7059600.000
7132000.000
7075400.000
7100600.000
7061400.000
7063400.000
7119400.000
7146400.000
7144600.000
7139800.000
7180600.000
7140600.000
7164000.000
7245000.000
7229600.000
7212800.000
7248400.000
7236600.000
7238200.000
7152000.000
7249400.000
7189800.000
7220800.000
7197400.000
7182800.000
7292000.000
7190000.000
7196800.000
7124200.000
7087600.000
7241600.000
7225200.000
7243800.000
7133800.000
7146800.000
7194800.000
7105800.000
7133400.000
7188000.000
7195600.000
7193000.000
7203800.000
7240000.000
7200000.000
7211400.000
7225400.000
7227000.000
7238800.000
7292400.000
7364600.000
7333600.000
7341000.000
7318200.000
7341600.000
7426400.000
7416200.000
7487800.000
7525200.000
7501000.000
7521800.000
7516800.000
7511000.000
7500000.000
7478000.000
7523200.000
7559200.000
7489000.000
7511400.000
7517000.000
7527400.000
7509600.000
7538600.000
7525400.000
7539600.000
7484200.000
7507000.000
7550400.000
7535800.000
7516200.000
7526600.000
7498800.000
7527200.000
7515000.000
7493600.000
7491200.000
7520600.000
7551400.000
7547400.000
7551600.000
7568000.000
7612000.000
7583000.000
7592600.000
7578000.000
7593000.000
7535400.000
7558600.000
7505800.000
7491400.000
7539000.000
7571600.000
7515200.000
7494800.000
7434000.000
7542800.000
7507200.000
7528000.000
7547600.000
7537000.000
7482400.000
7549200.000
7513400.000
7531800.000
7518400.000
7470000.000
7504000.000
7512000.000
7542400.000
7515000.000
7505200.000
7529800.000
7482600.000
7445000.000
7458200.000
7485200.000
7437600.000
7430600.000
7436800.000
7425200.000
7436200.000
7421200.000
7405200.000
7430200.000
7473800.000
7370200.000
7417200.000
7363200.000
7371400.000
7397400.000
7341000.000
7385200.000
7389000.000
7399200.000
7331600.000
7399000.000
7378800.000
7292000.000
7314400.000
7022600.000
7092600.000
7030200.000
7053400.000
7086400.000
7034800.000
6971200.000
7010000.000
6961000.000
6992800.000
6993400.000
6882400.000
6897600.000
6848600.000
6795800.000
6802000.000
6904000.000
6986000.000
7015600.000
6994600.000
7078200.000
7094600.000
7094400.000
7169400.000
7258200.000
7197400.000
7194600.000
7173400.000
7150000.000
7220800.000
7116600.000
7117400.000
7123800.000
7119600.000
7113800.000
7112600.000
7083800.000
7106200.000
7105400.000
7093600.000
7150600.000
7092200.000
7096000.000
7143600.000
7154600.000
7132200.000
7143200.000
7176400.000
7173400.000
7144800.000
7187400.000
7195000.000
7092400.000
7166800.000
7154400.000
7031600.000
7058000.000
7066400.000
7054800.000
7095200.000
7131400.000
7149600.000
7105000.000
7123200.000
7087400.000
7211200.000
7191000.000
7209000.000
7181400.000
7191800.000
7173200.000
7178400.000
7171000.000
7202200.000
7180200.000
7141000.000
7153200.000
7132200.000
7143200.000
7085600.000
7104200.000
7067000.000
7028800.000
7116800.000
7170000.000
7104800.000
7131600.000
7150600.000
7225400.000
7184600.000
7148600.000
7185000.000
7188400.000
7242800.000
7232600.000
7267000.000
7261200.000
7222000.000
7308200.000
7255000.000
7285800.000
7295000.000
7250200.000
7227400.000
7219600.000
7248800.000
7300200.000
7287400.000
7377400.000
7420000.000
7413800.000
7471400.000
7462200.000
7448800.000
7418000.000
7419200.000
7422200.000
7421800.000
7474200.000
7476000.000
7414800.000
7465400.000
7422400.000
7441200.000
7433600.000
7392400.000
7448800.000
7456600.000
7410000.000
7428000.000
7416600.000
7446400.000
7449600.000
7503400.000
7451200.000
7447400.000
7362600.000
7359200.000
7436200.000
7483800.000
7449600.000
7475400.000
7463400.000
7457400.000
7464800.000
7437800.000
7451200.000
7398800.000
7410600.000
7370000.000
7394200.000
7480600.000
7452400.000
7374600.000
7382200.000
7406400.000
7351600.000
7424400.000
7466000.000
7425800.000
7479800.000
7383600.000
7393600.000
7381800.000
7394600.000
7411600.000
7390800.000
7359200.000
7417200.000
7366600.000
7441400.000
7381000.000
7380800.000
7438600.000
7339400.000
7360800.000
7400000.000
7418800.000
7371800.000
7340800.000
7338200.000
7331600.000
7294400.000
7362600.000
7317000.000
7341200.000
7328200.000
7353400.000
7351400.000
7340400.000
7366800.000
7343000.000
7337400.000
7347000.000
7361800.000
7366600.000
7364600.000
7297400.000
7291800.000
7273000.000
7284800.000
7056600.000
7073800.000
7095800.000
7152000.000
7153600.000
7129400.000
7078200.000
7021600.000
7074000.000
7062000.000
7011200.000
7007200.000
6954600.000
6908600.000
6910800.000
6907600.000
6924200.000
6990200.000
7038800.000
7045000.000
7048400.000
7151000.000
7127200.000
7171600.000
7219800.000
7253400.000
7202600.000
7141400.000
7163800.000
7213800.000
7161000.000
7107600.000
7097200.000
7183200.000
7128600.000
7182000.000
7160200.000
7111400.000
7151400.000
7118800.000
7100200.000
7093600.000
7151600.000
7215200.000
7187600.000
7182800.000
7263600.000
7269000.000
7270400.000
7243600.000
7218600.000
7209200.000
7237600.000
7187600.000
7178400.000
7136600.000
7145400.000
7135400.000
7104200.000
7149000.000
7136400.000
7183000.000
7203600.000
7217200.000
7262400.000
7289800.000
7251400.000
7258200.000
7325800.000
7305800.000
7279800.000
7298600.000
7237000.000
7279400.000
7174800.000
7194000.000
7214400.000
7104800.000
7194800.000
7165600.000
7125800.000
7198600.000
7172000.000
7166800.000
7175200.000
7237200.000
7195000.000
7249000.000
7158200.000
7157000.000
7210800.000
7269800.000
7305800.000
7263400.000
7283800.000
7276600.000
7263000.000
7195400.000
7223600.000
7192800.000
7230400.000
7249400.000
7266200.000
7227200.000
7307200.000
7281400.000
7328800.000
7429000.000
7469600.000
7473600.000
7476400.000
7521000.000
7548200.000
7522600.000
7529200.000
7485200.000
7523200.000
7487400.000
7489600.000
7513200.000
7397000.000
7447000.000
7444600.000
7542800.000
7502800.000
7510800.000
7480800.000
7473600.000
7506600.000
7485200.000
7550000.000
7565600.000
7562800.000
7535800.000
7488600.000
7469200.000
7485000.000
7479000.000
7551600.000
7552400.000
7569800.000
7576600.000
7569200.000
7556200.000
7565600.000
7501400.000
7507800.000
7544200.000
7502400.000
7478200.000
7510200.000
7491000.000
7553400.000
7504800.000
7449800.000
7471800.000
7521000.000
7527400.000
7541400.000
7512400.000
7532800.000
7515200.000
7490000.000
7464000.000
7483200.000
7472400.000
7484800.000
7458600.000
7495600.000
7556600.000
7484600.000
7504600.000
7459000.000
7479400.000
7450000.000
7450600.000
7479200.000
7473400.000
7470200.000
7413400.000
7394000.000
7355200.000
7434200.000
7370600.000
7424400.000
7354000.000
7418600.000
7403000.000
7445000.000
7401400.000
7390800.000
7371600.000
7344000.000
7398400.000
7351600.000
7412000.000
7322600.000
7327800.000
7357800.000
7328400.000
7239400.000
7064000.000
7035000.000
7171000.000
7102200.000
7060000.000
7085800.000
7040600.000
7088000.000
7050200.000
7040000.000
6958000.000
7008200.000
6950600.000
6939000.000
6923000.000
6893600.000
6913800.000
6966200.000
7037000.000
7048200.000
7062400.000
7094400.000
7212800.000
7193600.000
7164400.000
7217400.000
7186200.000
7209600.000
7047400.000
7129400.000
7044800.000
7071800.000
7136800.000
7167400.000
7121400.000
7112800.000
7125400.000
7133200.000
7134200.000
7096800.000
7103000.000
7180600.000
7057000.000
7162600.000
7208600.000
7207600.000
7168800.000
7191000.000
7241200.000
7154400.000
7134600.000
7116400.000
7151600.000
7124000.000
7092400.000
6989000.000
7054600.000
7005400.000
7091000.000
7092400.000
7088200.000
7082400.000
7099600.000
7119000.000
7180200.000
7195600.000
7187800.000
7239600.000
7217400.000
7199200.000
7309000.000
7278600.000
7195200.000
7181800.000
7139400.000
7159400.000
7088600.000
7166200.000
7126600.000
7117400.000
7155200.000
7177400.000
7097400.000
7099000.000
7197400.000
7185800.000
7186600.000
7170600.000
7159200.000
7212400.000
7191200.000
7329000.000
7254000.000
7296000.000
7287400.000
7270600.000
7297200.000
7269800.000
7266000.000
7229600.000
7213600.000
7201400.000
7272400.000
7197800.000
7277200.000
7269400.000
7307800.000
7368000.000
7404400.000
7475200.000
7451800.000
7549200.000
7566200.000
7575400.000
7574400.000
7497800.000
7533600.000
7498600.000
7460800.000
7521400.000
7497600.000
7526800.000
7513200.000
7496600.000
7490800.000
7542400.000
7540200.000
7495200.000
7507600.000
7479200.000
7484400.000
7520600.000
7504000.000
7522800.000
7496800.000
7496600.000
7507200.000
7474200.000
7487800.000
7582000.000
7610400.000
7578400.000
7578000.000
7641200.000
7500200.000
7562000.000
7540400.000
7522000.000
7483000.000
7436200.000
7448000.000
7464200.000
7450400.000
7498400.000
7578200.000
7576400.000
7515600.000
7489000.000
7535200.000
7521800.000
7474400.000
7522200.000
7552800.000
7457000.000
7550600.000
7493400.000
7500200.000
7512800.000
7476600.000
7528200.000
7539600.000
7489800.000
7538400.000
7561200.000
7480400.000
7537200.000
7464200.000
7488000.000
7493600.000
7429800.000
7400400.000
7414600.000
7406200.000
7458400.000
7485200.000
7471200.000
7472800.000
7430400.000
7492800.000
7447800.000
7409600.000
7424800.000
7443800.000
7442600.000
7396200.000
7388800.000
7368600.000
7355600.000
7390000.000
7401000.000
7313000.000
7023200.000
7058000.000
7072000.000
7129400.000
7130200.000
7042000.000
7057200.000
7084600.000
7034400.000
7017600.000
7107200.000
7034200.000
6966400.000
7042600.000
6913600.000
6981600.000
6960800.000
7015600.000
7054400.000
7055600.000
7140200.000
7112000.000
7163400.000
7208600.000
7211200.000
7167000.000
7140000.000
7036400.000
7047400.000
7022800.000
7075600.000
7016800.000
7048400.000
7103000.000
7097600.000
7094800.000
7064600.000
7101000.000
7055800.000
6995000.000
7104000.000
7090800.000
7139600.000
7111200.000
7105200.000
7179600.000
7233600.000
7183400.000
7206200.000
7165000.000
7165600.000
7186200.000
7102800.000
7112600.000
7048600.000
7000200.000
7029800.000
7084800.000
7057000.000
7080400.000
7115600.000
7044600.000
7078800.000
7076200.000
7193000.000
7143400.000
7156400.000
7207400.000
7181000.000
7215000.000
7192200.000
7131000.000
7157000.000
7107000.000
7121600.000
7069400.000
7058400.000
7024400.000
7043000.000
7072200.000
7086000.000
7079600.000
7090800.000
7085200.000
7141600.000
7088000.000
7170600.000
7194000.000
7130200.000
7123200.000
7173600.000
7195000.000
7164000.000
7241400.000
7167200.000
7234800.000
7197000.000
7194200.000
7209000.000
7182000.000
7167400.000
7171600.000
7177400.000
7132600.000
7205400.000
7171200.000
7265800.000
7358800.000
7334600.000
7386800.000
7362800.000
7537400.000
7485000.000
7460600.000
7481000.000
7453000.000
7424600.000
7404400.000
7484600.000
7392200.000
7446200.000
7407600.000
7479600.000
7437200.000
7469200.000
7463400.000
7397200.000
7428200.000
7470800.000
7460200.000
7404600.000
7425200.000
7438800.000
7470200.000
7452000.000
7421200.000
7412000.000
7405800.000
7457600.000
7426000.000
7467600.000
7458400.000
7498600.000
7447600.000
7462400.000
7456200.000
7433800.000
7373800.000
7356200.000
7375800.000
7361400.000
7373400.000
7483400.000
7473000.000
7464800.000
7428200.000
7452800.000
7460600.000
7450600.000
7478000.000
7496000.000
7473600.000
7473600.000
7461000.000
7443000.000
7491400.000
7393800.000
7466200.000
7452600.000
7407600.000
7476400.000
7449800.000
7468800.000
7437000.000
7435000.000
7471200.000
7500200.000
7444400.000
7412200.000
7361200.000
7287000.000
7258800.000
7353800.000
7371600.000
7430600.000
7373800.000
7406000.000
7422400.000
7419600.000
7399200.000
7436400.000
7348000.000
7394200.000
7325000.000
7347400.000
7386800.000
7347600.000
7323400.000
7335000.000
7385400.000
7306800.000
7069200.000
7076800.000
7139000.000
7112000.000
7079600.000
7068000.000
7082000.000
7091200.000
7056800.000
7094200.000
7110000.000
7022600.000
7015400.000
7056200.000
6984800.000
7042600.000
7045600.000
7061000.000
7054200.000
7042000.000
7078800.000
7141200.000
7222000.000
7160400.000
7185600.000
7180600.000
7059600.000
7023600.000
6974000.000
6989400.000
6982200.000
7006000.000
7020800.000
7068200.000
7079000.000
7045200.000
7091400.000
7126800.000
7079400.000
6966200.000
7020800.000
6962000.000
7023200.000
7091000.000
7145600.000
7190200.000
7229000.000
7130600.000
7139600.000
7094400.000
7076200.000
7134400.000
7084400.000
7097400.000
6971800.000
7030600.000
7038200.000
7038400.000
7028200.000
7047400.000
7032200.000
7018600.000
7034600.000
7043400.000
7123400.000
7098400.000
7167000.000
7069400.000
7166000.000
7182400.000
7119800.000
7155600.000
7168800.000
7101400.000
7085400.000
7038200.000
7038000.000
7067000.000
7089200.000
7056200.000
7068000.000
7086000.000
7060000.000
7112000.000
7129000.000
7162600.000
7184200.000
7167800.000
7174400.000
7119200.000
7171200.000
7213200.000
7206800.000
7149800.000
7183200.000
7238600.000
7170000.000
7180000.000
7190600.000
7114800.000
7114800.000
7107800.000
7171200.000
7178000.000
7127000.000
7180000.000
7213000.000
7241600.000
7304000.000
7358400.000
7425000.000
7476800.000
7507400.000
7531000.000
7465800.000
7460600.000
7444600.000
7473400.000
7434000.000
7417000.000
7432400.000
7418400.000
7462400.000
7517800.000
7476600.000
7424400.000
7381600.000
7457600.000
7437200.000
7448200.000
7472000.000
7492400.000
7436600.000
7481600.000
7397800.000
7463800.000
7387400.000
7439200.000
7426400.000
7429800.000
7493400.000
7459400.000
7476400.000
7448000.000
7440600.000
7462200.000
7462800.000
7375200.000
7314400.000
7350200.000
7281000.000
7297600.000
7375800.000
7424200.000
7439000.000
7457000.000
7436600.000
7498000.000
7460800.000
7436600.000
7445600.000
7445600.000
7497600.000
7443200.000
7401000.000
7472800.000
7451600.000
7429600.000
7382400.000
7463600.000
7432800.000
7482200.000
7432200.000
7437400.000
7507600.000
7526200.000
7483000.000
7435400.000
7358600.000
7380400.000
7302600.000
7309000.000
7282000.000
7362600.000
7440200.000
7399000.000
7427800.000
7405200.000
7378000.000
7368400.000
7382200.000
7380200.000
7375600.000
7351800.000
7409200.000
7391200.000
7378000.000
7323600.000
7266800.000
7268200.000
7284800.000
7070200.000
7079200.000
7153600.000
7059400.000
7147000.000
7148400.000
7133600.000
7124600.000
7195000.000
7185600.000
7177800.000
7134200.000
7112600.000
7095400.000
7115400.000
7133000.000
7117000.000
7120800.000
7147800.000
7221600.000
7204000.000
7220800.000
7227200.000
7205800.000
7187800.000
7070800.000
7092400.000
7034400.000
6971600.000
6969000.000
6972400.000
7037600.000
7116400.000
7077400.000
7129200.000
7097600.000
7062000.000
7075800.000
7030200.000
7054000.000
7024400.000
7085800.000
7110800.000
7119000.000
7178200.000
7184400.000
7194200.000
7115800.000
7089200.000
7127400.000
7126000.000
7101400.000
7093000.000
7084200.000
7042000.000
6988200.000
7101400.000
7060800.000
7128600.000
7096800.000
7012200.000
7043800.000
7025600.000
7087600.000
7112400.000
7148600.000
7155200.000
7170400.000
7157400.000
7138200.000
7173800.000
7168000.000
7168200.000
7080800.000
7104000.000
7068600.000
7075600.000
7060200.000
7036600.000
7095000.000
7078000.000
7104000.000
7086800.000
7105000.000
7069000.000
7160000.000
7208800.000
7219600.000
7143400.000
7190200.000
7172800.000
7184200.000
7161000.000
7123200.000
7254800.000
7187400.000
7191200.000
7164200.000
7181600.000
7147600.000
7182800.000
7112400.000
7150200.000
7163800.000
7232600.000
7201600.000
7194000.000
7194200.000
7258600.000
7346200.000
7330800.000
7466000.000
7458400.000
7475200.000
7482400.000
7514600.000
7504800.000
7478200.000
7474200.000
7463800.000
7408800.000
7466800.000
7451200.000
7486000.000
7465400.000
7434600.000
7529200.000
7496000.000
7431000.000
7492200.000
7504600.000
7471800.000
7439200.000
7484400.000
7402600.000
7393400.000
7434200.000
7435000.000
7438400.000
7469200.000
7509800.000
7493200.000
7499000.000
7471000.000
7519800.000
7446200.000
7458600.000
7424800.000
7297200.000
7265200.000
7348800.000
7436600.000
7402400.000
7468600.000
7477600.000
7490000.000
7480600.000
7521200.000
7524000.000
7470000.000
7423200.000
7517000.000
7490000.000
7453400.000
7470000.000
7452400.000
7526600.000
7387600.000
7455200.000
7457600.000
7456600.000
7483600.000
7502800.000
7454200.000
7473400.000
7438800.000
7510600.000
7360200.000
7281800.000
7314000.000
7200800.000
7308200.000
7357400.000
7355600.000
7405200.000
7459400.000
7353400.000
7380600.000
7371200.000
7332200.000
7374600.000
7355200.000
7397400.000
7404200.000
7351600.000
7342600.000
7282600.000
7305200.000
7273000.000
7292600.000
7277800.000
7070000.000
7117200.000
7107400.000
7126600.000
7132600.000
7151000.000
7145600.000
7197000.000
7195000.000
7193000.000
7204600.000
7238000.000
7118400.000
7164400.000
7207000.000
7188600.000
7146000.000
7200800.000
7192400.000
7261200.000
7263800.000
7257000.000
7243800.000
7136800.000
7145800.000
7113800.000
7074800.000
7019000.000
6997400.000
6922800.000
7012200.000
7017800.000
7059600.000
7087200.000
7152400.000
7120600.000
7130200.000
7131400.000
7057400.000
6995000.000
7027800.000
7069800.000
7090200.000
7139600.000
7178200.000
7195400.000
7218600.000
7138400.000
7106800.000
7085200.000
7146600.000
7113800.000
7130000.000
7112200.000
7038400.000
7090400.000
7092000.000
7047000.000
7008800.000
7037600.000
7045200.000
7023800.000
7041400.000
7071400.000
7116600.000
7141600.000
7101000.000
7153800.000
7146000.000
7246800.000
7188600.000
7165600.000
7150000.000
7145600.000
7125600.000
7113000.000
7155600.000
7078200.000
7074000.000
7038800.000
7102800.000
7078400.000
7099800.000
7131200.000
7109600.000
7212200.000
7169600.000
7195600.000
7241200.000
7202000.000
7224200.000
7250200.000
7273200.000
7262000.000
7232400.000
7235800.000
7207200.000
7225400.000
7236800.000
7172000.000
7190000.000
7193200.000
7133400.000
7188000.000
7198000.000
7214600.000
7297800.000
7258800.000
7301400.000
7293600.000
7346400.000
7464000.000
7478600.000
7521400.000
7576400.000
7548200.000
7583600.000
7562800.000
7532800.000
7492800.000
7556400.000
7512800.000
7495400.000
7544800.000
7485200.000
7559000.000
7489000.000
7515200.000
7547200.000
7526600.000
7607600.000
7524000.000
7488600.000
7554000.000
7536000.000
7441200.000
7517600.000
7493800.000
7472200.000
7523400.000
7460800.000
7574600.000
7550600.000
7553600.000
7534600.000
7471400.000
7484600.000
7386800.000
7309600.000
7369200.000
7348000.000
7409600.000
7455200.000
7482000.000
7576400.000
7525200.000
7509600.000
7506600.000
7565800.000
7511200.000
7509000.000
7544600.000
7505400.000
7496000.000
7467400.000
7474800.000
7464000.000
7501400.000
7514600.000
7496800.000
7487200.000
7479000.000
7517600.000
7556600.000
7528800.000
7531400.000
7482000.000
7450600.000
7288400.000
7206000.000
7253400.000
7372400.000
7301400.000
7395200.000
7380600.000
7418000.000
7436600.000
7439800.000
7385400.000
7355800.000
7384200.000
7388200.000
7404000.000
7363600.000
7357000.000
7289400.000
7305400.000
7292800.000
7293600.000
7316000.000
7354000.000
7109000.000
7029000.000
7146800.000
7081600.000
7165800.000
7123000.000
7185800.000
7146600.000
7159000.000
7148200.000
7168000.000
7154600.000
7209800.000
7151400.000
7255600.000
7171800.000
7225200.000
7221200.000
7264400.000
7252000.000
7247200.000
7183400.000
7195200.000
7122400.000
7130200.000
7095600.000
7007800.000
7002200.000
6976800.000
6896400.000
7003400.000
7019800.000
7109200.000
7109600.000
7128000.000
7093000.000
7053800.000
7057000.000
7028200.000
6991800.000
6991400.000
7100200.000
7138000.000
7131200.000
7145600.000
7219400.000
7209800.000
7115600.000
7091600.000
7164200.000
7105400.000
7095600.000
7080600.000
7179200.000
7174400.000
7083000.000
7065800.000
7108200.000
7043000.000
6963400.000
7015800.000
7044800.000
7053800.000
7056400.000
7138600.000
7125600.000
7119200.000
7102200.000
7173200.000
7133800.000
7178600.000
7159600.000
7076600.000
7154800.000
7090400.000
7135400.000
7079400.000
7117800.000
7092000.000
7009800.000
7049000.000
7108400.000
7122600.000
7101200.000
7190600.000
7167800.000
7176600.000
7264400.000
7217400.000
7244400.000
7201000.000
7188400.000
7191400.000
7251200.000
7172000.000
7255400.000
7265400.000
7223200.000
7226400.000
7172600.000
7156000.000
7179200.000
7167200.000
7142600.000
7147000.000
7135600.000
7217400.000
7235000.000
7228400.000
7312800.000
7366800.000
7419800.000
7521600.000
7539600.000
7547400.000
7602000.000
7591400.000
7550400.000
7460600.000
7451600.000
7508400.000
7495800.000
7476000.000
7525400.000
7491000.000
7535000.000
7456200.000
7505200.000
7516400.000
7521800.000
7523800.000
7515600.000
7479800.000
7443600.000
7504200.000
7465600.000
7452200.000
7548000.000
7532800.000
7513600.000
7523000.000
7508600.000
7524000.000
7499600.000
7536200.000
7514600.000
7427400.000
7341800.000
7352000.000
7302000.000
7384200.000
7421600.000
7465200.000
7556200.000
7509800.000
7487800.000
7490200.000
7548000.000
7535800.000
7482200.000
7523800.000
7497000.000
7527000.000
7474200.000
7477000.000
7451000.000
7331200.000
7465600.000
7399600.000
7415400.000
7449400.000
7481600.000
7482800.000
7439800.000
7475000.000
7448800.000
7366000.000
7353400.000
7188000.000
7241000.000
7284600.000
7302800.000
7354000.000
7441600.000
7418000.000
7443600.000
7387200.000
7423600.000
7347600.000
7379000.000
7368600.000
7331800.000
7316600.000
7316600.000
7337400.000
7310000.000
7271200.000
7306200.000
7292400.000
7274800.000
7297200.000
7112400.000
7089200.000
7107400.000
7092400.000
7168200.000
7184000.000
7238600.000
7148800.000
7147400.000
7159800.000
7235200.000
7152200.000
7203400.000
7233600.000
7228000.000
7171200.000
7191200.000
7241600.000
7208800.000
7218000.000
7184600.000
7251600.000
7121600.000
7112600.000
7083000.000
7025800.000
6973800.000
6926800.000
6918400.000
6920000.000
7017600.000
7034600.000
7078200.000
7074200.000
7069800.000
7075600.000
7037400.000
7055200.000
6993000.000
6951800.000
6965600.000
7005000.000
7147000.000
7141000.000
7153400.000
7132400.000
7171400.000
7078800.000
7028800.000
7075600.000
7086200.000
7093600.000
7099800.000
6992400.000
7080800.000
7067800.000
7012400.000
6930800.000
6936200.000
6981400.000
6951400.000
6969800.000
7016000.000
6982200.000
7086000.000
7008200.000
7055400.000
7124400.000
7095200.000
7119800.000
7104800.000
7173800.000
7139000.000
7185600.000
7150400.000
7115600.000
7116800.000
7065800.000
7028200.000
7052000.000
7026200.000
7090200.000
7139800.000
7064600.000
7173800.000
7166000.000
7255000.000
7270400.000
7199400.000
7202200.000
7194000.000
7236600.000
7260600.000
7278200.000
7196600.000
7235400.000
7242600.000
7144400.000
7171400.000
7156600.000
7151400.000
7133400.000
7068200.000
7134800.000
7193600.000
7111400.000
7146400.000
7175200.000
7163800.000
7173400.000
7258200.000
7370000.000
7421400.000
7441400.000
7541800.000
7565800.000
7530200.000
7552600.000
7509200.000
7437600.000
7469400.000
7520600.000
7495800.000
7504800.000
7438400.000
7481600.000
7491200.000
7502800.000
7468600.000
7510600.000
7466200.000
7434200.000
7448000.000
7415800.000
7455400.000
7476000.000
7399600.000
7469400.000
7472000.000
7516400.000
7474800.000
7442200.000
7483800.000
7425400.000
7446000.000
7394000.000
7383600.000
7325000.000
7312600.000
7320000.000
7436000.000
7410000.000
7459200.000
7546200.000
7484600.000
7503800.000
7497400.000
7515800.000
7516800.000
7467000.000
7448400.000
7510400.000
7504000.000
7453600.000
7515000.000
7462600.000
7411200.000
7434800.000
7394000.000
7429600.000
7469200.000
7386200.000
7394200.000
7521600.000
7451600.000
7433200.000
7316800.000
7203000.000
7213600.000
7245200.000
7244200.000
7310600.000
7412800.000
7377000.000
7415200.000
7380200.000
7415000.000
7417800.000
7381400.000
7380200.000
7367600.000
7383200.000
7303000.000
7313600.000
7311600.000
7233000.000
7301400.000
7229800.000
7260000.000
7269600.000
7279000.000
7091000.000
7102000.000
7144600.000
7119000.000
7107400.000
7153200.000
7134800.000
7175800.000
7190800.000
7204000.000
7179000.000
7203800.000
7195600.000
7086600.000
7186800.000
7128800.000
7206200.000
7190400.000
7195200.000
7177400.000
7164200.000
7183200.000
7143800.000
7075800.000
7041800.000
6997000.000
6977800.000
6955400.000
6969400.000
6987200.000
7010800.000
7053800.000
7120600.000
7053000.000
7043600.000
7020000.000
7044000.000
6978400.000
6999400.000
6993600.000
6975800.000
7020200.000
7099600.000
7143200.000
7141200.000
7163600.000
7155000.000
7102400.000
7111000.000
7137400.000
7113400.000
7098000.000
7065200.000
7095400.000
7071200.000
6999200.000
7049600.000
7019400.000
7017000.000
6929200.000
7034800.000
6945800.000
6987600.000
6979600.000
6975400.000
7010800.000
7055200.000
6999000.000
7142600.000
7152400.000
7119400.000
7181600.000
7171200.000
7164400.000
7154000.000
7154400.000
7184800.000
7097200.000
7031600.000
7005800.000
7031800.000
7050000.000
7054400.000
7116000.000
7166000.000
7207400.000
7266600.000
7269400.000
7249800.000
7276200.000
7232600.000
7249000.000
7274000.000
7250800.000
7264200.000
7240000.000
7216200.000
7211600.000
7224400.000
7171400.000
7084400.000
7209000.000
7155600.000
7179800.000
7136000.000
7114400.000
7088000.000
7139400.000
7184000.000
7158600.000
7262800.000
7365800.000
7477600.000
7519600.000
7554400.000
7629000.000
7571800.000
7579200.000
7531000.000
7511200.000
7460400.000
7413400.000
7491400.000
7422800.000
7527600.000
7530600.000
7515400.000
7559000.000
7574600.000
7526600.000
7537600.000
7515400.000
7468000.000
7514000.000
7522800.000
7467200.000
7474400.000
7514400.000
7485400.000
7528400.000
7498000.000
7483200.000
7464400.000
7482400.000
7437400.000
7416800.000
7368600.000
7367800.000
7332600.000
7383800.000
7437600.000
7458400.000
7497600.000
7504800.000
7577200.000
7506400.000
7512200.000
7508200.000
7476800.000
7490400.000
7511600.000
7480400.000
7479000.000
7474200.000
7438400.000
7493400.000
7428000.000
7438800.000
7451800.000
7382200.000
7465400.000
7455000.000
7474200.000
7472800.000
7429600.000
7377600.000
7317800.000
7281200.000
7206000.000
7244200.000
7300400.000
7356200.000
7332800.000
7425800.000
7402400.000
7441600.000
7434200.000
7422400.000
7411600.000
7342000.000
7362400.000
7320200.000
7290600.000
7233400.000
7241200.000
7316000.000
7238600.000
7175400.000
7225200.000
7286000.000
7289400.000
7092800.000
7100000.000
7056200.000
7111400.000
7173400.000
7188000.000
7206600.000
7147400.000
7182000.000
7218200.000
7202000.000
7165400.000
7186600.000
7135400.000
7232000.000
7168400.000
7150800.000
7183600.000
7172200.000
7153200.000
7135200.000
7110800.000
7050400.000
7001000.000
7013200.000
7038000.000
6952400.000
6968800.000
6983400.000
6995000.000
7043000.000
7085400.000
7078800.000
7059600.000
7029000.000
7094000.000
7011000.000
7015600.000
7022400.000
6977800.000
6975800.000
7079000.000
7120600.000
7151400.000
7086400.000
7123600.000
7107400.000
7062200.000
7119800.000
7064400.000
7141200.000
7072800.000
7064200.000
7090000.000
7083000.000
7084200.000
7059800.000
7057400.000
7001800.000
6954200.000
7004200.000
6914800.000
7018400.000
7012000.000
6917600.000
7009000.000
7031200.000
7037800.000
7014800.000
7148600.000
7204600.000
7194200.000
7163600.000
7201200.000
7180200.000
7123800.000
7047600.000
6977400.000
6958400.000
6998200.000
7035800.000
7106600.000
7098400.000
7131000.000
7208400.000
7231200.000
7268400.000
7310600.000
7359600.000
7301000.000
7287400.000
7320600.000
7324600.000
7285400.000
7303800.000
7261400.000
7288600.000
7253800.000
7242000.000
7225600.000
7221400.000
7191400.000
7138800.000
7198800.000
7156400.000
7182400.000
7153600.000
7062800.000
7070800.000
7212800.000
7225800.000
7406400.000
7437000.000
7563600.000
7571800.000
7651800.000
7616600.000
7574000.000
7580000.000
7511600.000
7458600.000
7449800.000
7537000.000
7477800.000
7499000.000
7503800.000
7504400.000
7526400.000
7542400.000
7584400.000
7532600.000
7530200.000
7565200.000
7481800.000
7513600.000
7574800.000
7505600.000
7533600.000
7516000.000
7550600.000
7542000.000
7534800.000
7502400.000
7483800.000
7511800.000
7436800.000
7359200.000
7392000.000
7362600.000
7427400.000
7477600.000
7491400.000
7544400.000
7539800.000
7559600.000
7519800.000
7522400.000
7538600.000
7501200.000
7554800.000
7483200.000
7511000.000
7533400.000
7508800.000
7500400.000
7476600.000
7458000.000
7458800.000
7462000.000
7521200.000
7419200.000
7468400.000
7459400.000
7429600.000
7468200.000
7351400.000
7304200.000
7217200.000
7156000.000
7216200.000
7309600.000
7366800.000
7388600.000
7398800.000
7428600.000
7367000.000
7397600.000
7432200.000
7356400.000
7304800.000
7341200.000
7299600.000
7286000.000
7221600.000
7222200.000
7194600.000
7272400.000
7273000.000
7287200.000
7323800.000
7251800.000
7006400.000
7055000.000
7012200.000
7042800.000
7060200.000
7136600.000
7068600.000
7071200.000
7066400.000
7070000.000
7086400.000
7029000.000
7096000.000
7070000.000
7050400.000
7031000.000
7052600.000
7011800.000
7025600.000
7027000.000
6955600.000
6952200.000
6943800.000
6978800.000
6981600.000
6949800.000
6956600.000
6943800.000
6913200.000
6973600.000
6993000.000
6965600.000
7009200.000
6996800.000
6984200.000
6945400.000
6905200.000
6896000.000
6970400.000
6951400.000
7013600.000
7001600.000
7046400.000
7012000.000
6987000.000
6966200.000
7013600.000
7021000.000
7024400.000
7026600.000
7007200.000
6973400.000
7048200.000
7080800.000
7020400.000
7041600.000
6999200.000
6956200.000
6909800.000
6972400.000
6807200.000
6831800.000
6875000.000
6812400.000
6929800.000
6863800.000
6936600.000
6992200.000
7039400.000
7146200.000
7117600.000
7139000.000
7131000.000
7074800.000
7102800.000
6981200.000
6927400.000
6898800.000
6945800.000
6927200.000
6994200.000
7114800.000
7091200.000
7104400.000
7178400.000
7215400.000
7216800.000
7290800.000
7263200.000
7293200.000
7266400.000
7212400.000
7252400.000
7268400.000
7207000.000
7265200.000
7171600.000
7157800.000
7165000.000
7075400.000
7144800.000
7143600.000
7119600.000
7095600.000
7036400.000
7064400.000
6976800.000
6956000.000
7049400.000
7088200.000
7235000.000
7304800.000
7422000.000
7464400.000
7562400.000
7533200.000
7512400.000
7517600.000
7484600.000
7458000.000
7400000.000
7363600.000
7361400.000
7419600.000
7407600.000
7437800.000
7515400.000
7413200.000
7462600.000
7464400.000
7459600.000
7465600.000
7418400.000
7498000.000
7460800.000
7474400.000
7489200.000
7445600.000
7473200.000
7461400.000
7446600.000
7445800.000
7409400.000
7416800.000
7418800.000
7378000.000
7371000.000
7392000.000
7422600.000
7426800.000
7365200.000
7409400.000
7470600.000
7493000.000
7501000.000
7480800.000
7506600.000
7488800.000
7518400.000
7433000.000
7503600.000
7480800.000
7526000.000
7459200.000
7522600.000
7534800.000
7474200.000
7423600.000
7402000.000
7418400.000
7406000.000
7420600.000
7426800.000
7399600.000
7329200.000
7273200.000
7246200.000
7178200.000
7259200.000
7305000.000
7298200.000
7382000.000
7418400.000
7401800.000
7387800.000
7417200.000
7380200.000
7393800.000
7352400.000
7319800.000
7303600.000
7350000.000
7294600.000
7266400.000
7247000.000
7274800.000
7234000.000
7252400.000
7285600.000
7267600.000
7269000.000
7024600.000
7009800.000
7054200.000
7077200.000
7053600.000
7051400.000
7024000.000
7055800.000
7071000.000
7036000.000
7105200.000
7039800.000
7027600.000
7036400.000
7027800.000
7029400.000
7038400.000
7005200.000
7039600.000
6988600.000
6976800.000
6995400.000
6990800.000
6938800.000
6942400.000
6992200.000
6967400.000
6983600.000
7066800.000
7032600.000
7050600.000
7031400.000
7023200.000
6997800.000
7000400.000
6962400.000
6967000.000
6960800.000
6991400.000
7036800.000
7028600.000
7047400.000
7072800.000
7028200.000
7076400.000
7011600.000
7024600.000
6985400.000
7122600.000
7052600.000
7046000.000
7064000.000
7122000.000
7076400.000
7098800.000
7060000.000
7066400.000
7031400.000
7023600.000
6922200.000
6883800.000
6824400.000
6809200.000
6847400.000
6827400.000
6824400.000
6916600.000
6897800.000
6965800.000
7104200.000
7175600.000
7089600.000
7123200.000
7134000.000
7128600.000
7035000.000
6965200.000
6923400.000
6917000.000
6869800.000
7036200.000
7072000.000
7097600.000
7103200.000
7097600.000
7146400.000
7261600.000
7204400.000
7223000.000
7228600.000
7217000.000
7171000.000
7218000.000
7187800.000
7199800.000
7148400.000
7102800.000
7134600.000
7090400.000
7133200.000
7144800.000
7119000.000
7142000.000
7081200.000
7088400.000
6956400.000
6866600.000
6869600.000
6925600.000
7005800.000
7175400.000
7233600.000
7422000.000
7432000.000
7478000.000
7503400.000
7507000.000
7450200.000
7437600.000
7356800.000
7354400.000
7301000.000
7342600.000
7388000.000
7395600.000
7451600.000
7418800.000
7471600.000
7450000.000
7397000.000
7336800.000
7420200.000
7482800.000
7411400.000
7426200.000
7426600.000
7459800.000
7454000.000
7423200.000
7424400.000
7415800.000
7389800.000
7370200.000
7388400.000
7381800.000
7429200.000
7402200.000
7334600.000
7352200.000
7309200.000
7347400.000
7394000.000
7433600.000
7456800.000
7433800.000
7426600.000
7439000.000
7487200.000
7460800.000
7464400.000
7449800.000
7444400.000
7450200.000
7444200.000
7479600.000
7439400.000
7430400.000
7338400.000
7375200.000
7348400.000
7353200.000
7317000.000
7316600.000
7279800.000
7277200.000
7267400.000
7204200.000
7197200.000
7240600.000
7209200.000
7267800.000
7245000.000
7370200.000
7327600.000
7276200.000
7327000.000
7331400.000
7288600.000
7273000.000
7257200.000
7264200.000
7307600.000
7177600.000
7184000.000
7183600.000
7208200.000
7227000.000
7185800.000
7172800.000
7253200.000
7201400.000
7030000.000
7099000.000
7015800.000
7093400.000
7017400.000
7017400.000
7052800.000
7075200.000
7053600.000
7083800.000
6981800.000
7033800.000
6961600.000
6979200.000
7029000.000
6971800.000
7025600.000
6993200.000
6963400.000
7046800.000
7005400.000
6966200.000
7029000.000
7059600.000
7038400.000
6999600.000
7037200.000
6986200.000
7032200.000
7102000.000
7068600.000
7040200.000
6950400.000
6973200.000
6941000.000
6966200.000
6940000.000
6977200.000
6980400.000
7030200.000
7049200.000
7020000.000
7029000.000
7024200.000
7034000.000
6986600.000
7037800.000
7062600.000
7058200.000
7045000.000
7069800.000
7063800.000
7033800.000
7031400.000
7018800.000
7030600.000
6996400.000
7021000.000
6968800.000
6940400.000
6817600.000
6893600.000
6822800.000
6851600.000
6864600.000
6886000.000
6937400.000
6924400.000
7075200.000
7112000.000
7148000.000
7154600.000
7146800.000
7102600.000
7066000.000
6929800.000
6961400.000
6939200.000
6983000.000
7020800.000
7123000.000
7102200.000
7133800.000
7160800.000
7184400.000
7144000.000
7241000.000
7261400.000
7312200.000
7274200.000
7279400.000
7250200.000
7257200.000
7241600.000
7254600.000
7194000.000
7190000.000
7179000.000
7127400.000
7175600.000
7158000.000
7146800.000
7116000.000
7114600.000
7022200.000
6899800.000
6829000.000
6861200.000
6924600.000
7089400.000
7188000.000
7371200.000
7401800.000
7388800.000
7417000.000
7468400.000
7452800.000
7459400.000
7410000.000
7299800.000
7354400.000
7332400.000
7377400.000
7379600.000
7398800.000
7395000.000
7409800.000
7395800.000
7467600.000
7492800.000
7432400.000
7389200.000
7447600.000
7401600.000
7441200.000
7429600.000
7404000.000
7451000.000
7408000.000
7396600.000
7384600.000
7378000.000
7372400.000
7390200.000
7379000.000
7362800.000
7356600.000
7327400.000
7327600.000
7365400.000
7357600.000
7419800.000
7421200.000
7421200.000
7362400.000
7453800.000
7436200.000
7431600.000
7455800.000
7432600.000
7450400.000
7454200.000
7426200.000
7445000.000
7465200.000
7422200.000
7391600.000
7418000.000
7398800.000
7372600.000
7332800.000
7343600.000
7351000.000
7324200.000
7300600.000
7256600.000
7223200.000
7224400.000
7189000.000
7260400.000
7276200.000
7310000.000
7384200.000
7310200.000
7324000.000
7337800.000
7315200.000
7248600.000
7287000.000
7238200.000
7247200.000
7232800.000
7242600.000
7189400.000
7193800.000
7184200.000
7200600.000
7177400.000
7194400.000
7218000.000
7200400.000
6984400.000
6961000.000
7005800.000
7034800.000
7019800.000
6996800.000
7019400.000
7034800.000
6976600.000
7054600.000
6999200.000
6955400.000
6973000.000
6961800.000
7012800.000
7025000.000
6946600.000
6990400.000
6960000.000
6977800.000
6974000.000
7028600.000
6989000.000
6972000.000
7045000.000
6979800.000
7010600.000
6970400.000
7000400.000
7010600.000
7012800.000
7059400.000
6979800.000
6948800.000
6952000.000
6956800.000
6929200.000
6964600.000
7001800.000
7002200.000
6981800.000
7020200.000
7023200.000
7021200.000
7011400.000
7003800.000
7050800.000
7030600.000
7015200.000
7049400.000
7035000.000
7007400.000
7043000.000
7051000.000
7063800.000
7045800.000
6975000.000
7014200.000
6971200.000
6905800.000
6856800.000
6829600.000
6787000.000
6801200.000
6850000.000
6909800.000
6920200.000
6993200.000
7060200.000
7163200.000
7180000.000
7171000.000
7175200.000
7034800.000
7072800.000
7039600.000
6997600.000
6993000.000
7024800.000
7008800.000
7048600.000
7144600.000
7132200.000
7108200.000
7149200.000
7225000.000
7248200.000
7276800.000
7308600.000
7315200.000
7275600.000
7283200.000
7244600.000
7235600.000
7246400.000
7239600.000
7198000.000
7190000.000
7212800.000
7257000.000
7220400.000
7186000.000
7226800.000
7068200.000
7075800.000
6973200.000
6818400.000
6827600.000
6941800.000
7043600.000
7226000.000
7315200.000
7383600.000
7411000.000
7475600.000
7397000.000
7458400.000
7463000.000
7387000.000
7383800.000
7299000.000
7380000.000
7393600.000
7403600.000
7376400.000
7409000.000
7440200.000
7450400.000
7454400.000
7421800.000
7475800.000
7400400.000
7442800.000
7463800.000
7501600.000
7496800.000
7442800.000
7449200.000
7408600.000
7452600.000
7438800.000
7403200.000
7407400.000
7414400.000
7395000.000
7430800.000
7437600.000
7368200.000
7341200.000
7400800.000
7433800.000
7354400.000
7448800.000
7482200.000
7384800.000
7432200.000
7417800.000
7466600.000
7500000.000
7458400.000
7479600.000
7492200.000
7457400.000
7478600.000
7451400.000
7365200.000
7352200.000
7364400.000
7351400.000
7295200.000
7362200.000
7278600.000
7338800.000
7319400.000
7267000.000
7274800.000
7239200.000
7193400.000
7272600.000
7338800.000
7316200.000
7248800.000
7321200.000
7309600.000
7356400.000
7355600.000
7313400.000
7295000.000
7289600.000
7234400.000
7252400.000
7284800.000
7229800.000
7189600.000
7220600.000
7183600.000
7122600.000
7254400.000
7217600.000
7235800.000
7172800.000
7089200.000
7128000.000
7077800.000
7049600.000
7062000.000
7039400.000
7033800.000
7068400.000
7064200.000
7048000.000
7061600.000
7061600.000
7026400.000
7054600.000
7058800.000
7038000.000
7073000.000
6976200.000
6973600.000
6992000.000
7018800.000
7015800.000
7012000.000
7052200.000
7065800.000
6987600.000
7012200.000
7069600.000
7055800.000
7008600.000
6987400.000
7031600.000
7042600.000
7043400.000
7048000.000
6978000.000
7029200.000
7048800.000
7053800.000
7072000.000
7104400.000
7063200.000
7060200.000
7015400.000
7075000.000
7023000.000
7131600.000
7063000.000
7077000.000
7093400.000
7098000.000
7060000.000
7104600.000
7105400.000
7069600.000
7090200.000
7100600.000
6987200.000
6917400.000
6959400.000
6939400.000
6878600.000
6854600.000
6871600.000
6887200.000
6970000.000
7009600.000
7080800.000
7162000.000
7188600.000
7196200.000
7117000.000
7168400.000
7127400.000
7103800.000
7043000.000
7026600.000
7063600.000
7083200.000
7114000.000
7144400.000
7172200.000
7102400.000
7114400.000
7211600.000
7223400.000
7275200.000
7265200.000
7217000.000
7292000.000
7270000.000
7206200.000
7235400.000
7215600.000
7247800.000
7255600.000
7173600.000
7196400.000
7233200.000
7220600.000
7182000.000
7246800.000
7157800.000
7157200.000
6975000.000
6813800.000
6755800.000
6774400.000
6883800.000
7102000.000
7220200.000
7349200.000
7416200.000
7386600.000
7356400.000
7405800.000
7353400.000
7378000.000
7347600.000
7281400.000
7254800.000
7328400.000
7363000.000
7393000.000
7403800.000
7420800.000
7403600.000
7410400.000
7398600.000
7433400.000
7401800.000
7359400.000
7405600.000
7384200.000
7407800.000
7427600.000
7437800.000
7428800.000
7380600.000
7421400.000
7332200.000
7401200.000
7354200.000
7379000.000
7373800.000
7377600.000
7421400.000
7370400.000
7393000.000
7350000.000
7402400.000
7329200.000
7409600.000
7411600.000
7387000.000
7444600.000
7422200.000
7434800.000
7434800.000
7422000.000
7456400.000
7395000.000
7384000.000
7430800.000
7407800.000
7400200.000
7367000.000
7353000.000
7330800.000
7312800.000
7288600.000
7316200.000
7345800.000
7305000.000
7317200.000
7287000.000
7290600.000
7253800.000
7262400.000
7327200.000
7278000.000
7351000.000
7299800.000
7247000.000
7297800.000
7277800.000
7293200.000
7259400.000
7250800.000
7249000.000
7185000.000
7250200.000
7245800.000
7195200.000
7195400.000
7163000.000
7224600.000
7218800.000
7236800.000
7255000.000
7136000.000
6976800.000
7037800.000
7055000.000
7082600.000
7020400.000
7041600.000
7040400.000
7117200.000
7068600.000
7074400.000
7074600.000
7058400.000
7057200.000
7048200.000
7032600.000
7049200.000
7064800.000
7090600.000
7050200.000
7085600.000
7031800.000
7059800.000
7086800.000
7010400.000
7068200.000
7071600.000
7041000.000
7067400.000
7050400.000
7016000.000
7054000.000
7043400.000
7094200.000
6989400.000
6984200.000
6982400.000
7081200.000
7084600.000
7105000.000
7088600.000
7130400.000
7051800.000
7072600.000
7092600.000
7112200.000
7108200.000
7123800.000
7127400.000
7143400.000
7106600.000
7082200.000
7127000.000
7112800.000
7106600.000
7132600.000
7091800.000
7117000.000
7024800.000
7004800.000
6979600.000
6945400.000
6882800.000
6884000.000
6928800.000
6928200.000
6968200.000
7063000.000
7122800.000
7141600.000
7196800.000
7185600.000
7237000.000
7158800.000
7145600.000
7098600.000
7085600.000
7056200.000
7106800.000
7144400.000
7128600.000
7231800.000
7210200.000
7186600.000
7192800.000
7141200.000
7228800.000
7279800.000
7289600.000
7270600.000
7325400.000
7296800.000
7342000.000
7305200.000
7234200.000
7215200.000
7184400.000
7261800.000
7235800.000
7232800.000
7241000.000
7231400.000
7252200.000
7176400.000
7201600.000
7017200.000
6865400.000
6785000.000
6758200.000
6872400.000
7058800.000
7186200.000
7363800.000
7353400.000
7345600.000
7335800.000
7364600.000
7342600.000
7368000.000
7334400.000
7295600.000
7303000.000
7319000.000
7389200.000
7337400.000
7456000.000
7388600.000
7366600.000
7446800.000
7447200.000
7456000.000
7418200.000
7436800.000
7423200.000
7371200.000
7418800.000
7424600.000
7471600.000
7431200.000
7415200.000
7447600.000
7443600.000
7487200.000
7446000.000
7444200.000
7486200.000
7438200.000
7484800.000
7439200.000
7425400.000
7383600.000
7392800.000
7342200.000
7406200.000
7433400.000
7449400.000
7463600.000
7452200.000
7463400.000
7409200.000
7422200.000
7449600.000
7471600.000
7485000.000
7482800.000
7465400.000
7458800.000
7453400.000
7410400.000
7395200.000
7294200.000
7363200.000
7367600.000
7361200.000
7371000.000
7347800.000
7375800.000
7331600.000
7336600.000
7352800.000
7357600.000
7387400.000
7393200.000
7333800.000
7320000.000
7356000.000
7290400.000
7281200.000
7289400.000
7254600.000
7344600.000
7332200.000
7239400.000
7273000.000
7259400.000
7192800.000
7252000.000
7284400.000
7235800.000
7219800.000
7234400.000
7240800.000
6999800.000
7039800.000
7064000.000
7028000.000
7029600.000
7081400.000
7017800.000
7059200.000
7024400.000
7079800.000
7029400.000
7039400.000
7064200.000
7067400.000
7112600.000
7060200.000
7011000.000
7048600.000
7040800.000
7066600.000
7076200.000
7028800.000
6972000.000
7046000.000
7059200.000
7038400.000
7038200.000
7043600.000
7050800.000
7063000.000
7072800.000
7068400.000
7018600.000
7061800.000
7005800.000
7053200.000
7039000.000
7053200.000
7096200.000
7104200.000
7099600.000
7151600.000
7112800.000
7122400.000
7106200.000
7080800.000
7108200.000
7122400.000
7094400.000
7128200.000
7085600.000
7074200.000
7168600.000
7139200.000
7157600.000
7134600.000
7118200.000
7033200.000
7005600.000
6995000.000
7036200.000
6951000.000
6931800.000
6991600.000
7054000.000
7068000.000
7093000.000
7135800.000
7216200.000
7230000.000
7224600.000
7201800.000
7164800.000
7109200.000
7109800.000
7104800.000
7077200.000
7101800.000
7114800.000
7127800.000
7146600.000
7165600.000
7164800.000
7201400.000
7222000.000
7231600.000
7266800.000
7277800.000
7342000.000
7274800.000
7300600.000
7283000.000
7269600.000
7273200.000
7209600.000
7308600.000
7289200.000
7233400.000
7285400.000
7254600.000
7233000.000
7235400.000
7186400.000
7086200.000
6967600.000
6882000.000
6764200.000
6832200.000
6974200.000
7096400.000
7292000.000
7393000.000
7317400.000
7313400.000
7375600.000
7322600.000
7352400.000
7347200.000
7307200.000
7360400.000
7375800.000
7329200.000
7321400.000
7351800.000
7373600.000
7397400.000
7424200.000
7413000.000
7397400.000
7397200.000
7422800.000
7414600.000
7378200.000
7463800.000
7463200.000
7418400.000
7451000.000
7460000.000
7457400.000
7437600.000
7415200.000
7391200.000
7407400.000
7379400.000
7413800.000
7433600.000
7448400.000
7414200.000
7366600.000
7390600.000
7396600.000
7408400.000
7403600.000
7400200.000
7487800.000
7462000.000
7452200.000
7389800.000
7399000.000
7418800.000
7479800.000
7406400.000
7479400.000
7405600.000
7416600.000
7380200.000
7352000.000
7428800.000
7328200.000
7383800.000
7321800.000
7343600.000
7311200.000
7365200.000
7331600.000
7355000.000
7327400.000
7371000.000
7375400.000
7346200.000
7334200.000
7334800.000
7323600.000
7346400.000
7246800.000
7323000.000
7280200.000
7354200.000
7298200.000
7300800.000
7280400.000
7317400.000
7193400.000
7255000.000
7242200.000
7255000.000
7211600.000
7221400.000
7220800.000
7211800.000
7203800.000
7021600.000
6965200.000
6972200.000
7038800.000
6963000.000
7007800.000
7056000.000
7036800.000
7056400.000
7106600.000
7067800.000
6999800.000
7045000.000
7039600.000
7046400.000
6990800.000
7007400.000
6977400.000
7004800.000
7001000.000
6997200.000
7009600.000
7028400.000
6980600.000
7012800.000
7022400.000
7000400.000
7037400.000
7072400.000
7051800.000
6986800.000
7002000.000
7039800.000
6997800.000
7054600.000
7004600.000
7025800.000
7058400.000
7013200.000
7052200.000
7042000.000
7030400.000
7077400.000
7071600.000
7054000.000
7050400.000
7123800.000
7046400.000
7121200.000
7049200.000
7145600.000
7093200.000
7058400.000
7149200.000
7077800.000
7100600.000
7072000.000
7047400.000
7033200.000
7032200.000
6981600.000
7019800.000
6963200.000
7003000.000
7018800.000
7080400.000
7122800.000
7164600.000
7151000.000
7207600.000
7227600.000
7182400.000
7161000.000
7125200.000
7086000.000
7129400.000
7164400.000
7157000.000
7172000.000
7238000.000
7205800.000
7186000.000
7180400.000
7226000.000
7215600.000
7283400.000
7279800.000
7295600.000
7309600.000
7294000.000
7314400.000
7204800.000
7220600.000
7233200.000
7262000.000
7277200.000
7249200.000
7320000.000
7312400.000
7267400.000
7295800.000
7227200.000
7263600.000
7119200.000
7008600.000
6907400.000
6791000.000
6888000.000
6944000.000
7115600.000
7309200.000
7381200.000
7309800.000
7384200.000
7362200.000
7327400.000
7350200.000
7372800.000
7323200.000
7261200.000
7286800.000
7332400.000
7384600.000
7404000.000
7415000.000
7421600.000
7421000.000
7463200.000
7419400.000
7425600.000
7484800.000
7442800.000
7499200.000
7498800.000
7436600.000
7447400.000
7434200.000
7450800.000
7476400.000
7481800.000
7438000.000
7401200.000
7488800.000
7473800.000
7467000.000
7481600.000
7454000.000
7448400.000
7475000.000
7439000.000
7435800.000
7483200.000
7477400.000
7495800.000
7504800.000
7505400.000
7431200.000
7433000.000
7420600.000
7458800.000
7448600.000
7499000.000
7468400.000
7469600.000
7424400.000
7441400.000
7389600.000
7403600.000
7388200.000
7362400.000
7357000.000
7363600.000
7335000.000
7333000.000
7384000.000
7332000.000
7348400.000
7344200.000
7388800.000
7379800.000
7310400.000
7370600.000
7333400.000
7299600.000
7311400.000
7312600.000
7340600.000
7344400.000
7322200.000
7318400.000
7318800.000
7299400.000
7294200.000
7286200.000
7286200.000
7288600.000
7240400.000
7264400.000
7223800.000
7225600.000
7215400.000
6988200.000
7016200.000
6985200.000
7009600.000
7016000.000
7006600.000
6977400.000
7019400.000
7046400.000
7008200.000
7018400.000
7010400.000
7076400.000
7042400.000
7051800.000
7051200.000
6997200.000
7015000.000
6986400.000
7032200.000
7023200.000
7012600.000
6999400.000
7053400.000
7041400.000
7070000.000
7012000.000
7016600.000
7047600.000
7061800.000
6944400.000
7008000.000
7040800.000
7016800.000
7002000.000
6925400.000
6973200.000
7016000.000
7071200.000
7053200.000
7088000.000
7028000.000
7101400.000
7079200.000
7075400.000
7072400.000
7108200.000
7082600.000
7050600.000
7121800.000
7105200.000
7061400.000
7106600.000
7128200.000
7138200.000
7068800.000
7101600.000
7073000.000
7084000.000
7017200.000
6956400.000
6968800.000
7018000.000
7002400.000
6994000.000
7081400.000
7070800.000
7131400.000
7180000.000
7176600.000
7172400.000
7125200.000
7185600.000
7091600.000
7079000.000
7083600.000
7092800.000
7106000.000
7156200.000
7143800.000
7114400.000
7082800.000
7106200.000
7175000.000
7168200.000
7271400.000
7252000.000
7226000.000
7206600.000
7267000.000
7201800.000
7191800.000
7203400.000
7213200.000
7228400.000
7205600.000
7276200.000
7187600.000
7227000.000
7257200.000
7225000.000
7173200.000
7211400.000
7101200.000
6990400.000
6944000.000
6914400.000
7053400.000
7100600.000
7196600.000
7347000.000
7336600.000
7321800.000
7357000.000
7273400.000
7361600.000
7334600.000
7273400.000
7295400.000
7303200.000
7299400.000
7322200.000
7334200.000
7325400.000
7351200.000
7335800.000
7352600.000
7341800.000
7329800.000
7426800.000
7390800.000
7398000.000
7424600.000
7397000.000
7417800.000
7423000.000
7359200.000
7372000.000
7464600.000
7395400.000
7457400.000
7413200.000
7439400.000
7413400.000
7398600.000
7382400.000
7400000.000
7432000.000
7386600.000
7348600.000
7417800.000
7397000.000
7397800.000
7424000.000
7446400.000
7410200.000
7396000.000
7364200.000
7385600.000
7415600.000
7422400.000
7383000.000
7410000.000
7391800.000
7358200.000
7314200.000
7397400.000
7346200.000
7395400.000
7337800.000
7342200.000
7342600.000
7387400.000
7360600.000
7371400.000
7338000.000
7354000.000
7332800.000
7316800.000
7306400.000
7251200.000
7283800.000
7294400.000
7285200.000
7309800.000
7316800.000
7257200.000
7265800.000
7331200.000
7353600.000
7357600.000
7254000.000
7291200.000
7232000.000
7291800.000
7220000.000
7245600.000
7199000.000
7185000.000
7275200.000
7257000.000
7008800.000
7057600.000
6967600.000
7004800.000
6998800.000
6959000.000
6985200.000
7000000.000
7033200.000
7023400.000
7042400.000
6987000.000
7119600.000
7070600.000
7035600.000
7034600.000
6956800.000
7006000.000
6984400.000
6985200.000
6991400.000
6980600.000
6992600.000
6945400.000
6974600.000
7014600.000
6994800.000
6980600.000
7014000.000
6951400.000
6959200.000
6975400.000
6940200.000
6986000.000
6969400.000
6975200.000
7038000.000
7008600.000
7079000.000
7058400.000
7048400.000
7012200.000
7046600.000
7034200.000
7055000.000
7053600.000
7074000.000
7080600.000
7113400.000
7067400.000
7038400.000
7084800.000
7154200.000
7140800.000
7140600.000
7089800.000
7007000.000
7036200.000
7036000.000
7076600.000
6983400.000
7039200.000
7070000.000
7020800.000
7059600.000
7081000.000
7087400.000
7169600.000
7133600.000
7098400.000
7130400.000
7121400.000
7029600.000
7101400.000
7093800.000
7042000.000
7127800.000
7123600.000
7090600.000
7095600.000
7088600.000
7118200.000
7124200.000
7117200.000
7137000.000
7239000.000
7211400.000
7288200.000
7241200.000
7227000.000
7164800.000
7256200.000
7240000.000
7200800.000
7226200.000
7190800.000
7270600.000
7192200.000
7216800.000
7219400.000
7146400.000
7252400.000
7150000.000
7109600.000
7069200.000
7019600.000
7109000.000
7126400.000
7167600.000
7318000.000
7378000.000
7353800.000
7364200.000
7328800.000
7232800.000
7333800.000
7345400.000
7260600.000
7261200.000
7268400.000
7255800.000
7357400.000
7367400.000
7390000.000
7364600.000
7389800.000
7392000.000
7424200.000
7399400.000
7406000.000
7420200.000
7396400.000
7378600.000
7450000.000
7450000.000
7416400.000
7392600.000
7455800.000
7459400.000
7428000.000
7393600.000
7421800.000
7349200.000
7498000.000
7399400.000
7427800.000
7447400.000
7420200.000
7420600.000
7399000.000
7401200.000
7373000.000
7413800.000
7405400.000
7398800.000
7398200.000
7406200.000
7352600.000
7380200.000
7392400.000
7385000.000
7379600.000
7360600.000
7369200.000
7317800.000
7342800.000
7353400.000
7389400.000
7364000.000
7387600.000
7366200.000
7326600.000
7366000.000
7290400.000
7382800.000
7403200.000
7366000.000
7334600.000
7315400.000
7328000.000
7334800.000
7329000.000
7282000.000
7260200.000
7315400.000
7308000.000
7321600.000
7404200.000
7331000.000
7329000.000
7313800.000
7287000.000
7362000.000
7299000.000
7270400.000
7271600.000
7202400.000
7265000.000
7245200.000
7255400.000
7259400.000
7029400.000
6970200.000
7005400.000
6973000.000
6981000.000
7040800.000
7079800.000
7012600.000
7031600.000
7090000.000
7053000.000
7028000.000
7066000.000
7009800.000
7027000.000
7086000.000
7036400.000
6998800.000
6978000.000
7041000.000
7001400.000
7039600.000
7008000.000
7022200.000
6993200.000
7006200.000
6985000.000
7051600.000
6988200.000
7015400.000
7023400.000
6990800.000
7007200.000
7032800.000
7022800.000
7028600.000
7048400.000
7040600.000
7056000.000
7004800.000
7029000.000
7075600.000
7026800.000
7050200.000
7039200.000
7074400.000
7121000.000
7095800.000
7110600.000
7109600.000
7144800.000
7097400.000
7113400.000
7084000.000
7123800.000
7039200.000
7062000.000
7083000.000
7118400.000
7095600.000
7026000.000
6999400.000
7053000.000
7046400.000
7087800.000
7091800.000
7077400.000
7125400.000
7142000.000
7137600.000
7045800.000
7094600.000
7095200.000
7124200.000
7090400.000
7089200.000
7181200.000
7150800.000
7110400.000
7119400.000
7124400.000
7147000.000
7208400.000
7210200.000
7246800.000
7219600.000
7224000.000
7193400.000
7243600.000
7139800.000
7254600.000
7235800.000
7198800.000
7219800.000
7216000.000
7219000.000
7265800.000
7238400.000
7212000.000
7215200.000
7228800.000
7186600.000
7207400.000
7239800.000
7154200.000
7206800.000
7226200.000
7252000.000
7345800.000
7352800.000
7414000.000
7363600.000
7308200.000
7316600.000
7352800.000
7352000.000
7313800.000
7340000.000
7345800.000
7302800.000
7389600.000
7360800.000
7331400.000
7378600.000
7418400.000
7392200.000
7379000.000
7398400.000
7402400.000
7419800.000
7373000.000
7402400.000
7423000.000
7409600.000
7430800.000
7448400.000
7494000.000
7447200.000
7408200.000
7440600.000
7449200.000
7377400.000
7436400.000
7451000.000
7405400.000
7390400.000
7412200.000
7324400.000
7400400.000
7403400.000
7401200.000
7406400.000
7390800.000
7346200.000
7361400.000
7361600.000
7341000.000
7309800.000
7327000.000
7381000.000
7328000.000
7348600.000
7397200.000
7369600.000
7417400.000
7370000.000
7346400.000
7404800.000
7338200.000
7421800.000
7387400.000
7386800.000
7431800.000
7402600.000
7398400.000
7347600.000
7378600.000
7328400.000
7311000.000
7309600.000
7289800.000
7292200.000
7320800.000
7274200.000
7293000.000
7362800.000
7388000.000
7298800.000
7294800.000
7348200.000
7333000.000
7265200.000
7283400.000
7279200.000
7246200.000
7229400.000
7245400.000
7261000.000
7228200.000
7264000.000
7258600.000
7052600.000
7011000.000
6964600.000
6980800.000
7012800.000
7025400.000
7069400.000
7049000.000
7075400.000
7071400.000
7095200.000
7025000.000
7056200.000
7043600.000
6986000.000
6991800.000
6965200.000
7057000.000
7051600.000
7035800.000
6985600.000
7042400.000
6980000.000
7030000.000
6994800.000
7048600.000
7003800.000
7089600.000
7068400.000
7045800.000
7057400.000
7087600.000
7069200.000
7040000.000
7027000.000
7013400.000
7023400.000
7065400.000
7090200.000
7008200.000
6999600.000
7087200.000
7076200.000
7043800.000
7084800.000
7090000.000
7097800.000
7113800.000
7085400.000
7095200.000
7138000.000
7103400.000
7140800.000
7100600.000
7062000.000
7123800.000
7086400.000
7067200.000
7060600.000
7030800.000
6970200.000
7036800.000
7050200.000
7054600.000
7094200.000
7089800.000
7061000.000
7116600.000
7130400.000
7050000.000
7113200.000
7026600.000
7055200.000
7087800.000
7080600.000
7073800.000
7129400.000
7113000.000
7086000.000
7057000.000
7074200.000
7091600.000
7106200.000
7145000.000
7133600.000
7154400.000
7238600.000
7208000.000
7152400.000
7128200.000
7190200.000
7149000.000
7225200.000
7247800.000
7243800.000
7245000.000
7222600.000
7260000.000
7295000.000
7203400.000
7225000.000
7136600.000
7158600.000
7192800.000
7187600.000
7189400.000
7232800.000
7270000.000
7422400.000
7365200.000
7356400.000
7324200.000
7253200.000
7261200.000
7284200.000
7324200.000
7303400.000
7310600.000
7311000.000
7294600.000
7341200.000
7313800.000
7343200.000
7354000.000
7336600.000
7372200.000
7396400.000
7344800.000
7373400.000
7315600.000
7332200.000
7343000.000
7392000.000
7390800.000
7372000.000
7381600.000
7395200.000
7389200.000
7422400.000
7442600.000
7352400.000
7431400.000
7383200.000
7406600.000
7388600.000
7381000.000
7432400.000
7395800.000
7400800.000
7386000.000
7359000.000
7374400.000
7387800.000
7374400.000
7388000.000
7358600.000
7310200.000
7286200.000
7280800.000
7314400.000
7307600.000
7299600.000
7287600.000
7321600.000
7352400.000
7372000.000
7384000.000
7391400.000
7381600.000
7354200.000
7442600.000
7379600.000
7365200.000
7332000.000
7347800.000
7326400.000
7341000.000
7297800.000
7288600.000
7303600.000
7257000.000
7238200.000
7283200.000
7265200.000
7290800.000
7271800.000
7252400.000
7310000.000
7301000.000
7303800.000
7288200.000
7219800.000
7231000.000
7251000.000
7260400.000
7224400.000
7225600.000
7223600.000
7243800.000
7210800.000
7224200.000
7091400.000
6996400.000
7036800.000
7043400.000
7019800.000
7071200.000
7015000.000
6994800.000
7033200.000
7019000.000
7042800.000
7076400.000
7059600.000
7039800.000
7042000.000
7023400.000
7051600.000
7056600.000
7022200.000
7009200.000
7048600.000
7015400.000
6943800.000
6988000.000
6983400.000
6970800.000
6989800.000
6988400.000
7014200.000
7022600.000
7041600.000
7057000.000
7020600.000
7043000.000
7065000.000
7038400.000
7018000.000
7074400.000
7014800.000
7095400.000
7060800.000
7013400.000
7091800.000
7014200.000
7104200.000
7108000.000
7034400.000
7110000.000
7089800.000
7126800.000
7108400.000
7095000.000
7146400.000
7137800.000
7098600.000
7095600.000
7079400.000
7142000.000
7052200.000
7091400.000
7061000.000
7041000.000
7132200.000
7078200.000
7185800.000
7069200.000
7125600.000
7156600.000
7122000.000
7164600.000
7130400.000
7169400.000
7085200.000
7136600.000
7146000.000
7096200.000
7086200.000
7087400.000
7082600.000
7072200.000
7109000.000
7147200.000
7125400.000
7195800.000
7212800.000
7210200.000
7216600.000
7242800.000
7174800.000
7140200.000
7211800.000
7233800.000
7231200.000
7285400.000
7280000.000
7285800.000
7275000.000
7263200.000
7248400.000
7200800.000
7286600.000
7236800.000
7293800.000
7232400.000
7236800.000
7241000.000
7252000.000
7324000.000
7448400.000
7366400.000
7344600.000
7379600.000
7341400.000
7321800.000
7373800.000
7397200.000
7360400.000
7337800.000
7348200.000
7327400.000
7324600.000
7332600.000
7305600.000
7353600.000
7391600.000
7372600.000
7366400.000
7397000.000
7331200.000
7422600.000
7353800.000
7375800.000
7389800.000
7389600.000
7376400.000
7465800.000
7486000.000
7468400.000
7444400.000
7457400.000
7438000.000
7408600.000
7414200.000
7425200.000
7334200.000
7373600.000
7407000.000
7387000.000
7444400.000
7357800.000
7375600.000
7337800.000
7319200.000
7422800.000
7353600.000
7396600.000
7347200.000
7269000.000
7262800.000
7312400.000
7310800.000
7305200.000
7330600.000
7320000.000
7364600.000
7461200.000
7388800.000
7377400.000
7368600.000
7345400.000
7410000.000
7407000.000
7379800.000
7331800.000
7285200.000
7311200.000
7308600.000
7338400.000
7374800.000
7259400.000
7348800.000
7306000.000
7277000.000
7227000.000
7313800.000
7282000.000
7262800.000
7284600.000
7261200.000
7234000.000
7255200.000
7245400.000
7253200.000
7221400.000
7246000.000
7224800.000
7257200.000
7219000.000
7206000.000
7208800.000
7204000.000
7025600.000
6984600.000
7022600.000
6983600.000
7010600.000
7007400.000
7039800.000
7078400.000
7027000.000
7110200.000
7057400.000
7084000.000
7025200.000
7023600.000
7062400.000
7036000.000
7039800.000
7019800.000
7028800.000
6962200.000
7025800.000
7034200.000
6989200.000
7063800.000
6970400.000
6995000.000
7018600.000
7007000.000
7098600.000
7045600.000
7064600.000
7038000.000
7069000.000
7132400.000
7104200.000
7022400.000
7075000.000
7041400.000
7065800.000
7065400.000
6963000.000
6974200.000
6948800.000
7014000.000
7052600.000
7029200.000
7107000.000
7091000.000
7097400.000
7081800.000
7101800.000
7120600.000
7116000.000
7057200.000
7156800.000
7138600.000
7124600.000
7148600.000
7085200.000
7096000.000
7112400.000
7089600.000
7092800.000
7126400.000
7142600.000
7160800.000
7158200.000
7128400.000
7151000.000
7190800.000
7115400.000
7088800.000
7099600.000
7113400.000
7142800.000
7179600.000
7137800.000
7158000.000
7136000.000
7144200.000
7143600.000
7193000.000
7164800.000
7205000.000
7195800.000
7183200.000
7227000.000
7141800.000
7177800.000
7210800.000
7212200.000
7254200.000
7217600.000
7298400.000
7273400.000
7257600.000
7275000.000
7288600.000
7309600.000
7324000.000
7310600.000
7291200.000
7290000.000
7341800.000
7322400.000
7334000.000
7402600.000
7329600.000
7389600.000
7431400.000
7382000.000
7405000.000
7372200.000
7336400.000
7432400.000
7427600.000
7417200.000
7396400.000
7423000.000
7369000.000
7392200.000
7361000.000
7385000.000
7364800.000
7369000.000
7390200.000
7400200.000
7390000.000
7412600.000
7460000.000
7355000.000
7412200.000
7486400.000
7429200.000
7457200.000
7486000.000
7437600.000
7403000.000
7420400.000
7488800.000
7458400.000
7486800.000
7463800.000
7431800.000
7437600.000
7477800.000
7448800.000
7443800.000
7428600.000
7469400.000
7369400.000
7382400.000
7396200.000
7402400.000
7448400.000
7410000.000
7395200.000
7307600.000
7340200.000
7321400.000
7334200.000
7400800.000
7349000.000
7364600.000
7384200.000
7413800.000
7474400.000
7409400.000
7491800.000
7464800.000
7471800.000
7482800.000
7411600.000
7365200.000
7380000.000
7414000.000
7360600.000
7389200.000
7401400.000
7376800.000
7334400.000
7385200.000
7348600.000
7288200.000
7365400.000
7318400.000
7314600.000
7322200.000
7358800.000
7245400.000
7303600.000
7288400.000
7292000.000
7251000.000
7213800.000
7323400.000
7253200.000
7281800.000
7294200.000
7244000.000
7258000.000
7032600.000
7072400.000
7049600.000
7014400.000
7061000.000
7041600.000
7030000.000
7021400.000
7069800.000
7093800.000
7083800.000
7073200.000
7064600.000
7058400.000
7020000.000
7048000.000
6995800.000
7014400.000
7041800.000
7034000.000
7052600.000
6949000.000
6985200.000
6989400.000
7016800.000
6991800.000
6980400.000
6999600.000
7034800.000
7010600.000
7045200.000
7018800.000
7076800.000
7043600.000
7030200.000
7036200.000
7018200.000
7015200.000
7086400.000
6947800.000
7018800.000
6895800.000
7015000.000
6980800.000
7040600.000
7084000.000
7074800.000
7076200.000
7088800.000
7171000.000
7110600.000
7096800.000
7083200.000
7112400.000
7100400.000
7145400.000
7151600.000
7079600.000
7113000.000
7110800.000
7088800.000
7172200.000
7152000.000
7187600.000
7150800.000
7111600.000
7182000.000
7148000.000
7114400.000
7159800.000
7085000.000
7116600.000
7155600.000
7170400.000
7141200.000
7182600.000
7153000.000
7126600.000
7164400.000
7209200.000
7208600.000
7187800.000
7217800.000
7208400.000
7177400.000
7192600.000
7209000.000
7232200.000
7223000.000
7185000.000
7209600.000
7237400.000
7296400.000
7276000.000
7275400.000
7244000.000
7222400.000
7279600.000
7330600.000
7315600.000
7286200.000
7318600.000
7296200.000
7376800.000
7365800.000
7371800.000
7387400.000
7426200.000
7375800.000
7390400.000
7339800.000
7392600.000
7398800.000
7412400.000
7329000.000
7434800.000
7457200.000
7426800.000
7408400.000
7368200.000
7376600.000
7373600.000
7365600.000
7411400.000
7339000.000
7438400.000
7381800.000
7422400.000
7416400.000
7382000.000
7426000.000
7424800.000
7472200.000
7396000.000
7509800.000
7366600.000
7498000.000
7493400.000
7415200.000
7475800.000
7456600.000
7438800.000
7489600.000
7449600.000
7356200.000
7413800.000
7361400.000
7396200.000
7414400.000
7380400.000
7438600.000
7434600.000
7369600.000
7428800.000
7327800.000
7333000.000
7353400.000
7292400.000
7284000.000
7364600.000
7243200.000
7253200.000
7335000.000
7328800.000
7385200.000
7458800.000
7366000.000
7455200.000
7358200.000
7391400.000
7430400.000
7419600.000
7476800.000
7464000.000
7410600.000
7363400.000
7381200.000
7301800.000
7355400.000
7319600.000
7303200.000
7299800.000
7293800.000
7299200.000
7333000.000
7317200.000
7332000.000
7322800.000
7286600.000
7191600.000
7296200.000
7272400.000
7291400.000
7275200.000
7275000.000
7214400.000
7250200.000
7251600.000
7254600.000
7245000.000
7262800.000
7021000.000
7028000.000
7005600.000
7026000.000
6960400.000
7036000.000
7045000.000
7021400.000
7021200.000
7103400.000
7072000.000
7021600.000
7079400.000
7066600.000
7061600.000
6996400.000
6960200.000
7000600.000
6993000.000
7016800.000
6991200.000
6991200.000
7018800.000
7011000.000
6956000.000
6969800.000
7004800.000
6965200.000
7018600.000
7046400.000
7040200.000
7083800.000
7020000.000
6978200.000
7007000.000
7050000.000
7024200.000
7004400.000
6997800.000
6936200.000
6884400.000
6904600.000
7009000.000
6977000.000
6985800.000
7021200.000
6986400.000
7014600.000
7082000.000
6979200.000
6982000.000
6997800.000
6984200.000
7011800.000
7000400.000
7025000.000
7056000.000
7068800.000
7057800.000
7043400.000
7020200.000
7036400.000
7073000.000
7048000.000
7107400.000
7096600.000
7100800.000
7092000.000
7034800.000
7080000.000
7030000.000
7044600.000
6999600.000
7062800.000
7085600.000
7046000.000
7120200.000
7083800.000
7076400.000
7143800.000
7105800.000
7132800.000
7112800.000
7147200.000
7108200.000
7186200.000
7205200.000
7137600.000
7108800.000
7147200.000
7137600.000
7228400.000
7194200.000
7187800.000
7236200.000
7214000.000
7278000.000
7286000.000
7240200.000
7299600.000
7290200.000
7303000.000
7326000.000
7321000.000
7384800.000
7355000.000
7353200.000
7387200.000
7351200.000
7385200.000
7354000.000
7386200.000
7386000.000
7310800.000
7421600.000
7394800.000
7428800.000
7466000.000
7415400.000
7407600.000
7376400.000
7405000.000
7372200.000
7372800.000
7430000.000
7405800.000
7412600.000
7423200.000
7366400.000
7384000.000
7359000.000
7430000.000
7405400.000
7373800.000
7450000.000
7355400.000
7451400.000
7462000.000
7459000.000
7429200.000
7465600.000
7427000.000
7457400.000
7457000.000
7403200.000
7394000.000
7437400.000
7456600.000
7435400.000
7470600.000
7426200.000
7388400.000
7406400.000
7407000.000
7438800.000
7432000.000
7362200.000
7383400.000
7298400.000
7348400.000
7325200.000
7356000.000
7337800.000
7334200.000
7401200.000
7433000.000
7456600.000
7425000.000
7396800.000
7485600.000
7463200.000
7476600.000
7493200.000
7515600.000
7444400.000
7383000.000
7434400.000
7386400.000
7452200.000
7367000.000
7361600.000
7353000.000
7353800.000
7352200.000
7341000.000
7307400.000
7274000.000
7314600.000
7262200.000
7242200.000
7280800.000
7304400.000
7274800.000
7294600.000
7283800.000
7325000.000
7324800.000
7294400.000
7285800.000
7278200.000
7314800.000
7048400.000
7055600.000
7078400.000
7068600.000
7070000.000
7102800.000
7071800.000
7108000.000
7086400.000
7075400.000
7083000.000
7103600.000
7073000.000
7051200.000
7039600.000
7062200.000
7015600.000
7052200.000
7058600.000
7036200.000
7037000.000
7017000.000
6984000.000
6985200.000
6983200.000
6979800.000
7020600.000
7089000.000
7044800.000
7076200.000
7096600.000
7084800.000
7038200.000
7084400.000
7059400.000
7015400.000
7030400.000
7042400.000
7051200.000
6948400.000
6901000.000
6897800.000
6940000.000
6991200.000
6971000.000
7059800.000
7049600.000
7044600.000
7086000.000
7109800.000
7037600.000
7008400.000
7027600.000
7021400.000
7060600.000
7084800.000
7127400.000
7154800.000
7093200.000
7034600.000
7108400.000
7134400.000
7152200.000
7134400.000
7123800.000
7109600.000
7185200.000
7215000.000
7121000.000
7149400.000
7087600.000
7086800.000
7103800.000
7088000.000
7139800.000
7139000.000
7120200.000
7173800.000
7210600.000
7193800.000
7184800.000
7192200.000
7137800.000
7165800.000
7151600.000
7206400.000
7209000.000
7166200.000
7157600.000
7207400.000
7184800.000
7263400.000
7228800.000
7288800.000
7297600.000
7253200.000
7249000.000
7298600.000
7291800.000
7352800.000
7269200.000
7325800.000
7342200.000
7330400.000
7373600.000
7369800.000
7344600.000
7369800.000
7340800.000
7398800.000
7397800.000
7430600.000
7424400.000
7430400.000
7408800.000
7396600.000
7412400.000
7388600.000
7480800.000
7391000.000
7387400.000
7414000.000
7418000.000
7384400.000
7380000.000
7420400.000
7397400.000
7314600.000
7469200.000
7423200.000
7403400.000
7433400.000
7383000.000
7383200.000
7467200.000
7481600.000
7490200.000
7512800.000
7466600.000
7436200.000
7500400.000
7511400.000
7437800.000
7406600.000
7416800.000
7407200.000
7409600.000
7464800.000
7445200.000
7428000.000
7418600.000
7420600.000
7462000.000
7422600.000
7443400.000
7400600.000
7437800.000
7381000.000
7382800.000
7338800.000
7370000.000
7257200.000
7355800.000
7340400.000
7400400.000
7448200.000
7476800.000
7440600.000
7485400.000
7486800.000
7525400.000
7501800.000
7467600.000
7502200.000
7446000.000
7401000.000
7410200.000
7445200.000
7362400.000
7352800.000
7345000.000
7374800.000
7380000.000
7373200.000
7330600.000
7353200.000
7380000.000
7326600.000
7274000.000
7258200.000
7291200.000
7286200.000
7261400.000
7296200.000
7331200.000
7302600.000
7321400.000
7299000.000
7338600.000
7314600.000
7281600.000
6997800.000
7095800.000
7013800.000
7048400.000
7058000.000
7021800.000
7037200.000
7050000.000
7035600.000
7079400.000
7007200.000
7068200.000
7027600.000
7035000.000
7006000.000
7001000.000
7007000.000
7012400.000
7038000.000
6987200.000
6981400.000
6978800.000
6958400.000
6925200.000
6963200.000
6955400.000
7034400.000
6942600.000
7052800.000
7052000.000
7054400.000
7035400.000
7025200.000
6997600.000
6932400.000
6954800.000
6969400.000
7008600.000
6944200.000
6920200.000
6876200.000
6851400.000
6905000.000
6919800.000
6904800.000
6955600.000
6917800.000
7069000.000
7008400.000
6987400.000
6927400.000
6945600.000
6943400.000
6989400.000
7008400.000
7067400.000
7064600.000
7025000.000
7061000.000
7045000.000
6991600.000
7107600.000
7048800.000
7012200.000
7022600.000
6994000.000
7030200.000
7052000.000
7044800.000
7053000.000
6983200.000
7027000.000
7028000.000
7047600.000
7090000.000
7042000.000
7073400.000
7081400.000
7076000.000
7085000.000
7095400.000
7091200.000
7062800.000
7107600.000
7102200.000
7078800.000
7142000.000
7091800.000
7119000.000
7141600.000
7117800.000
7131800.000
7132200.000
7188400.000
7188200.000
7223200.000
7140400.000
7251200.000
7257400.000
7197400.000
7268000.000
7254200.000
7288400.000
7298200.000
7308600.000
7328400.000
7300400.000
7295400.000
7296800.000
7342000.000
7322200.000
7294400.000
7366400.000
7318000.000
7312000.000
7370000.000
7325200.000
7384600.000
7379400.000
7373200.000
7330800.000
7368000.000
7315400.000
7307800.000
7294600.000
7361600.000
7265600.000
7327600.000
7354400.000
7298000.000
7308400.000
7399200.000
7338000.000
7359800.000
7353000.000
7408800.000
7461600.000
7409400.000
7386400.000
7462400.000
7510200.000
7407000.000
7469400.000
7436600.000
7398000.000
7374000.000
7421800.000
7368800.000
7431800.000
7394000.000
7384400.000
7353000.000
7297200.000
7388400.000
7373200.000
7387600.000
7397400.000
7333800.000
7321200.000
7303000.000
7270400.000
7226800.000
7267600.000
7280800.000
7363200.000
7367000.000
7367400.000
7355000.000
7421800.000
7415200.000
7447800.000
7404400.000
7446400.000
7455400.000
7427600.000
7357200.000
7361400.000
7310200.000
7328600.000
7348400.000
7305800.000
7297200.000
7242400.000
7245200.000
7238800.000
7248400.000
7249400.000
7289000.000
7185200.000
7233000.000
7229200.000
7192000.000
7218200.000
7240600.000
7261000.000
7288200.000
7267600.000
7215200.000
7276800.000
7238400.000
7230400.000
7061600.000
6981800.000
7009200.000
7058400.000
7031800.000
7026000.000
7055400.000
7038400.000
7061200.000
6978400.000
7037800.000
7076600.000
7039800.000
7032400.000
7056200.000
6976200.000
7001400.000
7002000.000
6980600.000
7002200.000
6992000.000
7009000.000
6959000.000
7021400.000
6992600.000
6970200.000
7014000.000
7018600.000
7065600.000
7074800.000
7041600.000
7058200.000
7025400.000
6991000.000
7040200.000
7063000.000
6971800.000
6981400.000
6954600.000
6952200.000
6939600.000
6966800.000
6942600.000
6945000.000
7032400.000
7027800.000
7016000.000
7037000.000
7038400.000
6987200.000
7083600.000
7075400.000
7104800.000
7036400.000
7062800.000
7118600.000
7084400.000
7092800.000
7120000.000
7045800.000
7137800.000
7129600.000
7119000.000
7119000.000
7094600.000
7049800.000
7059400.000
7044200.000
7107000.000
7066400.000
7067600.000
7013800.000
7083000.000
7124600.000
7122400.000
7110800.000
7119200.000
7159600.000
7090600.000
7133800.000
7167800.000
7143600.000
7095800.000
7096000.000
7107400.000
7182800.000
7193000.000
7109800.000
7195800.000
7147600.000
7188600.000
7236000.000
7249200.000
7224600.000
7208400.000
7180200.000
7276600.000
7229200.000
7224200.000
7270200.000
7306600.000
7346800.000
7276600.000
7297400.000
7286000.000
7326600.000
7343200.000
7253400.000
7400600.000
7340800.000
7369800.000
7355400.000
7371600.000
7334600.000
7298800.000
7365400.000
7361200.000
7363000.000
7361200.000
7387400.000
7385600.000
7363800.000
7331800.000
7353400.000
7384800.000
7316000.000
7406400.000
7391000.000
7360800.000
7378600.000
7360200.000
7378200.000
7396000.000
7347800.000
7407200.000
7399400.000
7411800.000
7427200.000
7433200.000
7477200.000
7476800.000
7431000.000
7417800.000
7414400.000
7391000.000
7377000.000
7400400.000
7405400.000
7348400.000
7388600.000
7324000.000
7290000.000
7357200.000
7363400.000
7388200.000
7321600.000
7291800.000
7265000.000
7242400.000
7270600.000
7196000.000
7257600.000
7277200.000
7273200.000
7279400.000
7349000.000
7387400.000
7399800.000
7406400.000
7398600.000
7389000.000
7428200.000
7407600.000
7473000.000
7389800.000
7377600.000
7342600.000
7351800.000
7274000.000
7307400.000
7284200.000
7294200.000
7221600.000
7269600.000
7276800.000
7227400.000
7219600.000
7192000.000
7177400.000
7161000.000
7187000.000
7266200.000
7258400.000
7240800.000
7276200.000
7263000.000
7239800.000
7185000.000
7249200.000
7220000.000
7288200.000
7057600.000
7024000.000
7015800.000
7055400.000
7051600.000
7028000.000
6993400.000
6998600.000
7061400.000
7054200.000
7033200.000
7047800.000
7015600.000
7017200.000
6975400.000
6922800.000
6962800.000
6957400.000
7017600.000
7018600.000
6952600.000
7034600.000
6973000.000
6970800.000
6955600.000
6950800.000
6912200.000
7014800.000
7003800.000
6971600.000
7053000.000
6977800.000
7008600.000
7019400.000
6997800.000
7005400.000
7027600.000
6956800.000
6987600.000
6927400.000
6940200.000
6928200.000
6939200.000
6986400.000
6981000.000
6987400.000
6990000.000
7000200.000
7016400.000
7035200.000
7026600.000
7019000.000
7003600.000
7095200.000
7055800.000
7106000.000
7140000.000
7059000.000
7092200.000
7083000.000
7134600.000
7131400.000
7093000.000
7040400.000
7043800.000
7033800.000
7083000.000
7119000.000
6969000.000
7026600.000
7121200.000
7040000.000
7095600.000
7037600.000
7039800.000
7133200.000
7089200.000
7102200.000
7097000.000
7109800.000
7171200.000
7106600.000
7073200.000
7147800.000
7112200.000
7175600.000
7137800.000
7195000.000
7148200.000
7139800.000
7210200.000
7235000.000
7217000.000
7272400.000
7220600.000
7195800.000
7223400.000
7255200.000
7270600.000
7271600.000
7285600.000
7260000.000
7298000.000
7252800.000
7351000.000
7401800.000
7305800.000
7269000.000
7319400.000
7365000.000
7346200.000
7324000.000
7363600.000
7335800.000
7346800.000
7379000.000
7348000.000
7384200.000
7396200.000
7356800.000
7359800.000
7352200.000
7358600.000
7368200.000
7332800.000
7394400.000
7361200.000
7342600.000
7381200.000
7349400.000
7374600.000
7348600.000
7355400.000
7403200.000
7467000.000
7438000.000
7370200.000
7472800.000
7444800.000
7420200.000
7439200.000
7428200.000
7423400.000
7427200.000
7389600.000
7393600.000
7451000.000
7423200.000
7325400.000
7394000.000
7379200.000
7352600.000
7476800.000
7462800.000
7397200.000
7372800.000
7386600.000
7332000.000
7303800.000
7218800.000
7273800.000
7269600.000
7307800.000
7321800.000
7310800.000
7291400.000
7347600.000
7405000.000
7441800.000
7447800.000
7518200.000
7495400.000
7439600.000
7508400.000
7403400.000
7370600.000
7341400.000
7340600.000
7360200.000
7331400.000
7365000.000
7306200.000
7341000.000
7296600.000
7272400.000
7267800.000
7236000.000
7238000.000
7209000.000
7187600.000
7226200.000
7299600.000
7300800.000
7300000.000
7282200.000
7328400.000
7261800.000
7265600.000
7242200.000
7274600.000
7337600.000
6927600.000
7000400.000
7014600.000
7001400.000
6924800.000
6952600.000
6913000.000
6961200.000
6916200.000
6974400.000
6979200.000
6951000.000
6958200.000
6986400.000
6973400.000
6939600.000
6920000.000
6970000.000
6928000.000
6919200.000
6984200.000
6946200.000
6852800.000
6827400.000
6833000.000
6846600.000
6870600.000
6885600.000
6978200.000
6916800.000
6933800.000
6973400.000
6876400.000
6932600.000
6936400.000
6913000.000
6863800.000
6952200.000
6848000.000
6881600.000
6862600.000
6840400.000
6901000.000
6901600.000
6902400.000
6944800.000
6928600.000
6911200.000
6961800.000
6938400.000
6946000.000
6994600.000
7078600.000
7047600.000
6977400.000
7103400.000
7067400.000
7010400.000
7038800.000
7066200.000
7056800.000
7028400.000
6978600.000
6969200.000
6978200.000
7003000.000
6959400.000
6997000.000
6985400.000
7009800.000
6985400.000
7046600.000
7007000.000
7020000.000
7012200.000
7005000.000
7006200.000
7061600.000
7059600.000
7027600.000
7017200.000
7030400.000
7056600.000
6997400.000
7072400.000
7061600.000
7112200.000
7079600.000
7099800.000
7136000.000
7089000.000
7165600.000
7190600.000
7140000.000
7159400.000
7120400.000
7156000.000
7199800.000
7188600.000
7208200.000
7268800.000
7233200.000
7187800.000
7213400.000
7162600.000
7231400.000
7200000.000
7245400.000
7243200.000
7253800.000
7254200.000
7187400.000
7247600.000
7207800.000
7259600.000
7309800.000
7297800.000
7275400.000
7264800.000
7303200.000
7271800.000
7242400.000
7272800.000
7256000.000
7289600.000
7286400.000
7300800.000
7301000.000
7216600.000
7214800.000
7269000.000
7275200.000
7280600.000
7304600.000
7274600.000
7341800.000
7297400.000
7324000.000
7355400.000
7338800.000
7346600.000
7282600.000
7356600.000
7293600.000
7321000.000
7310000.000
7291200.000
7278000.000
7291200.000
7295800.000
7328200.000
7301400.000
7335600.000
7293800.000
7313000.000
7343600.000
7224000.000
7195600.000
7129600.000
7174400.000
7140000.000
7214000.000
7199000.000
7230400.000
7252000.000
7290200.000
7273400.000
7390400.000
7372800.000
7441400.000
7419600.000
7465600.000
7475400.000
7436000.000
7362600.000
7350800.000
7362000.000
7338200.000
7327200.000
7279800.000
7324000.000
7256600.000
7285600.000
7275200.000
7261800.000
7234400.000
7196400.000
7134800.000
7233400.000
7248600.000
7237400.000
7280800.000
7294200.000
7277400.000
7276600.000
7300000.000
7329800.000
7302200.000
7286200.000
7302200.000
7269400.000
6985800.000
6973000.000
6998600.000
6982000.000
6927400.000
6918800.000
6956600.000
6914800.000
7009000.000
6970800.000
6944000.000
6938400.000
6953600.000
6928000.000
6926800.000
6950000.000
6960600.000
6942800.000
6929800.000
6958800.000
6941600.000
6925600.000
6853400.000
6790000.000
6769200.000
6769000.000
6852600.000
6928600.000
6910800.000
6911000.000
6904200.000
6915600.000
6979200.000
6881200.000
6971800.000
6944600.000
6865800.000
6832400.000
6936000.000
6893600.000
6899600.000
6887000.000
6934000.000
6885400.000
6896800.000
6932200.000
6879200.000
6953400.000
6997200.000
6982200.000
6955200.000
6959800.000
6992400.000
7085800.000
7052800.000
7090600.000
7088200.000
7114600.000
7088800.000
7024200.000
6997400.000
7046200.000
6965000.000
6945200.000
6980200.000
6970400.000
6908800.000
6991200.000
6910400.000
6963600.000
6927400.000
6980800.000
6991800.000
7004800.000
7008400.000
7045000.000
7030200.000
7066400.000
7050600.000
6977000.000
7008000.000
6998800.000
6975200.000
7042200.000
7042400.000
7070800.000
7103600.000
7062600.000
7111200.000
7123400.000
7119000.000
7179600.000
7141000.000
7194000.000
7130400.000
7118600.000
7113800.000
7163400.000
7185000.000
7168400.000
7259600.000
7205400.000
7229200.000
7212000.000
7254400.000
7249200.000
7309400.000
7251200.000
7257600.000
7210000.000
7187200.000
7169200.000
7240200.000
7200200.000
7240000.000
7243400.000
7290800.000
7324800.000
7307400.000
7289000.000
7288600.000
7292400.000
7281000.000
7294600.000
7309800.000
7308400.000
7337400.000
7306000.000
7282000.000
7281400.000
7232000.000
7303400.000
7285800.000
7301200.000
7256400.000
7276600.000
7386000.000
7362600.000
7322400.000
7365400.000
7372800.000
7375200.000
7353400.000
7343600.000
7350600.000
7312000.000
7323600.000
7322800.000
7288800.000
7361400.000
7303800.000
7312200.000
7373000.000
7316200.000
7309600.000
7329200.000
7281600.000
7239000.000
7211200.000
7232600.000
7232400.000
7216600.000
7223200.000
7250400.000
7254000.000
7199800.000
7262200.000
7268400.000
7350600.000
7412600.000
7510600.000
7551800.000
7531400.000
7518400.000
7492600.000
7449800.000
7370400.000
7326000.000
7295800.000
7325200.000
7382000.000
7350000.000
7329600.000
7278800.000
7274600.000
7214400.000
7249400.000
7188200.000
7279800.000
7258200.000
7244200.000
7241800.000
7260600.000
7288000.000
7276200.000
7265200.000
7264800.000
7206600.000
7223800.000
7258000.000
7205400.000
6964400.000
7033200.000
6988000.000
7016200.000
6990800.000
6936800.000
7077600.000
6977600.000
6998400.000
6955800.000
6946600.000
6988800.000
6997200.000
6929800.000
6982600.000
6996000.000
6956800.000
6943400.000
6933400.000
6931200.000
6902000.000
6877000.000
6821000.000
6753000.000
6759400.000
6819600.000
6858800.000
6877000.000
6885400.000
6890600.000
6867600.000
6956000.000
6912000.000
6951000.000
6917200.000
6874800.000
6885800.000
6894200.000
6894800.000
6905800.000
6926400.000
6895000.000
6930600.000
6927800.000
6892000.000
6912600.000
6959000.000
6922000.000
6969600.000
7009400.000
6982800.000
6947600.000
7072400.000
7060800.000
7130400.000
7108200.000
7106200.000
7051600.000
7075400.000
7073600.000
7027400.000
7009200.000
6949600.000
6946400.000
6985200.000
6956600.000
6949800.000
6965400.000
6957200.000
6981200.000
7028000.000
6988400.000
6971800.000
7024600.000
7058000.000
7058000.000
7077600.000
7012600.000
7096600.000
7109200.000
7021000.000
7008200.000
7054200.000
7025800.000
7039800.000
7075800.000
7131600.000
7106000.000
7140800.000
7109800.000
7166400.000
7128400.000
7133000.000
7122200.000
7123000.000
7136200.000
7112800.000
7104400.000
7211400.000
7220200.000
7176600.000
7186200.000
7218200.000
7224600.000
7216200.000
7245600.000
7275400.000
7196800.000
7214800.000
7181200.000
7216600.000
7281400.000
7222000.000
7217800.000
7225200.000
7277200.000
7310600.000
7301200.000
7345000.000
7319600.000
7305200.000
7268800.000
7321000.000
7278200.000
7355200.000
7349400.000
7276800.000
7260000.000
7272400.000
7219000.000
7325400.000
7271200.000
7280800.000
7247200.000
7327000.000
7272000.000
7312000.000
7287000.000
7319400.000
7369000.000
7338000.000
7325600.000
7363600.000
7297800.000
7251600.000
7296200.000
7306600.000
7289800.000
7342600.000
7302200.000
7401200.000
7315200.000
7388600.000
7358600.000
7303000.000
7315000.000
7263200.000
7218000.000
7286600.000
7140000.000
7166400.000
7226600.000
7211600.000
7233000.000
7243000.000
7189400.000
7291000.000
7346800.000
7406400.000
7437400.000
7428800.000
7496400.000
7503400.000
7491600.000
7448400.000
7387400.000
7329600.000
7389400.000
7359800.000
7326400.000
7310200.000
7317400.000
7207200.000
7313800.000
7263400.000
7235200.000
7234600.000
7164800.000
7215800.000
7219600.000
7203600.000
7198200.000
7194200.000
7233200.000
7193200.000
7251800.000
7177800.000
7211400.000
7194800.000
7222800.000
7194800.000
6986200.000
6974600.000
6979200.000
6934600.000
7029600.000
6969400.000
7067400.000
7027800.000
6979000.000
6985800.000
6977600.000
6957200.000
6981200.000
6978000.000
6965400.000
7001200.000
6982600.000
6942600.000
6959200.000
6974800.000
6930000.000
6852400.000
6844600.000
6784600.000
6793200.000
6845400.000
6893400.000
6865000.000
6929600.000
6887800.000
6930000.000
6980600.000
6963000.000
6969000.000
6989000.000
6925800.000
6939400.000
6936600.000
6936600.000
6973200.000
6967000.000
6938800.000
6916600.000
6944400.000
6934400.000
6955800.000
7008200.000
6973800.000
6974600.000
6989000.000
6981800.000
6957800.000
7034200.000
7076000.000
7168200.000
7146000.000
7131000.000
7075200.000
7043400.000
7096000.000
7032400.000
7014800.000
7062400.000
7051200.000
7034800.000
7034800.000
7012200.000
7032000.000
7017400.000
7033800.000
7045400.000
7052600.000
7078600.000
7048600.000
7102400.000
7056000.000
7089400.000
7129400.000
7083600.000
7068800.000
7034600.000
7048800.000
7019400.000
7045400.000
7064800.000
7128000.000
7108000.000
7079600.000
7145000.000
7090200.000
7128200.000
7127800.000
7121800.000
7156800.000
7113200.000
7105600.000
7149200.000
7176800.000
7141800.000
7132400.000
7219600.000
7184400.000
7179000.000
7222000.000
7259400.000
7184400.000
7217000.000
7251200.000
7162800.000
7220000.000
7265200.000
7192400.000
7248200.000
7244800.000
7192400.000
7168000.000
7278800.000
7235600.000
7232800.000
7264800.000
7241200.000
7333800.000
7275600.000
7278000.000
7317000.000
7287800.000
7285600.000
7280600.000
7289200.000
7255800.000
7237600.000
7324200.000
7186400.000
7242800.000
7281800.000
7229800.000
7289000.000
7292600.000
7262200.000
7326000.000
7335600.000
7315600.000
7308200.000
7241200.000
7258000.000
7264600.000
7284800.000
7295400.000
7286200.000
7371000.000
7338600.000
7328200.000
7345800.000
7298200.000
7313200.000
7363600.000
7238800.000
7178800.000
7135000.000
7188800.000
7147600.000
7158600.000
7151000.000
7085600.000
7167600.000
7129600.000
7168400.000
7235200.000
7231200.000
7382400.000
7418600.000
7432600.000
7489000.000
7474200.000
7401000.000
7368800.000
7349600.000
7341000.000
7321800.000
7325400.000
7310400.000
7285200.000
7212200.000
7242600.000
7219600.000
7192000.000
7206400.000
7117800.000
7139200.000
7168400.000
7126400.000
7129400.000
7167000.000
7192200.000
7182600.000
7118800.000
7148200.000
7121000.000
7128000.000
7131600.000
7128200.000
6964200.000
6990600.000
7025600.000
7038400.000
7015400.000
7094200.000
7004600.000
7007800.000
7005400.000
6930400.000
7003600.000
7066400.000
7030800.000
7051200.000
7008600.000
7054400.000
6988600.000
7009000.000
7003000.000
6904600.000
6869600.000
6819000.000
6762200.000
6809000.000
6810800.000
6850600.000
6808200.000
6936000.000
6883000.000
6894600.000
6932800.000
6939600.000
6948200.000
6977600.000
6923400.000
6917800.000
6936600.000
6965200.000
6953400.000
6956400.000
6866000.000
6919400.000
6926600.000
6961200.000
6891600.000
6952400.000
6915000.000
6935400.000
6935800.000
6928200.000
6918400.000
7009400.000
7058000.000
7097200.000
7021200.000
7079800.000
7034000.000
7080200.000
7047200.000
7039200.000
7019400.000
7026400.000
6979200.000
7022200.000
7048000.000
7069200.000
7049200.000
7012800.000
6989800.000
7060800.000
7084800.000
7066400.000
7097000.000
6989600.000
7134400.000
7100400.000
7061200.000
7105400.000
7132600.000
7097800.000
7018400.000
7047400.000
7034800.000
7065000.000
7093400.000
7021600.000
7088800.000
7086800.000
7080600.000
7079600.000
7135200.000
7092600.000
7084000.000
7014400.000
7136000.000
7095600.000
7033600.000
7114800.000
7097000.000
7105200.000
7161600.000
7212200.000
7205600.000
7184200.000
7217800.000
7144000.000
7174600.000
7211800.000
7228000.000
7226800.000
7228200.000
7211200.000
7192200.000
7149800.000
7146200.000
7246600.000
7231400.000
7264800.000
7257200.000
7252000.000
7251200.000
7269400.000
7329200.000
7279000.000
7293800.000
7246800.000
7218400.000
7298200.000
7172800.000
7159400.000
7193600.000
7237600.000
7195400.000
7260800.000
7210400.000
7192200.000
7260200.000
7279800.000
7237400.000
7242000.000
7312400.000
7250600.000
7277400.000
7243600.000
7276800.000
7300600.000
7334000.000
7315000.000
7306400.000
7329600.000
7283600.000
7302400.000
7276800.000
7306800.000
7267200.000
7230400.000
7188000.000
7175800.000
7179200.000
7161400.000
7156400.000
7152200.000
7142200.000
7102600.000
7154000.000
7086400.000
7207400.000
7232400.000
7290000.000
7351000.000
7407000.000
7495600.000
7464400.000
7453000.000
7450400.000
7385200.000
7367800.000
7353800.000
7336400.000
7358000.000
7254600.000
7303400.000
7245000.000
7250800.000
7263000.000
7275200.000
7164600.000
7142600.000
7171000.000
7095400.000
7123400.000
7083200.000
7075000.000
7109800.000
7107800.000
7129000.000
7087600.000
7136400.000
7158800.000
7135000.000
7069000.000
6967600.000
6995200.000
7018200.000
7039600.000
7117000.000
7013400.000
7007000.000
7021000.000
6970200.000
7005600.000
7030000.000
7016200.000
6997800.000
7020400.000
7019400.000
6992000.000
7019800.000
6973600.000
6936000.000
6956800.000
6976000.000
6874600.000
6852200.000
6850600.000
6809000.000
6859000.000
6878000.000
6949400.000
6937200.000
6926400.000
6937200.000
7053600.000
7015800.000
6972600.000
6926600.000
6987000.000
6954000.000
6938000.000
6924800.000
6970000.000
6920400.000
6932200.000
6916200.000
6892400.000
6904000.000
6929600.000
6902000.000
6935200.000
6900200.000
6994400.000
6937800.000
6974400.000
7028400.000
7031400.000
7007200.000
7080400.000
7019200.000
6994600.000
7006200.000
7012400.000
7021800.000
6995200.000
6952200.000
7001600.000
7014200.000
6972600.000
7018800.000
7027800.000
7045200.000
7057600.000
7104800.000
7093000.000
7063600.000
7046600.000
7118200.000
7073800.000
7054600.000
7030200.000
7112600.000
7070800.000
7084600.000
7075000.000
7025600.000
7112000.000
7104000.000
7125200.000
7044000.000
7133600.000
7096000.000
7090600.000
7119600.000
7177400.000
7176400.000
7110800.000
7127000.000
7141200.000
7137200.000
7163400.000
7192800.000
7194800.000
7212000.000
7193200.000
7227600.000
7232000.000
7164200.000
7251400.000
7226000.000
7296600.000
7314000.000
7243600.000
7325000.000
7267600.000
7205200.000
7232000.000
7234800.000
7217800.000
7246400.000
7270800.000
7285000.000
7306400.000
7349800.000
7378400.000
7365400.000
7352800.000
7368200.000
7314800.000
7248600.000
7322400.000
7295400.000
7261200.000
7291800.000
7292800.000
7264400.000
7290200.000
7270400.000
7278400.000
7310400.000
7326200.000
7318600.000
7341400.000
7350600.000
7355800.000
7349000.000
7325200.000
7331800.000
7371200.000
7357000.000
7344600.000
7427600.000
7415000.000
7327600.000
7342800.000
7418400.000
7325800.000
7308600.000
7302800.000
7308600.000
7225600.000
7256600.000
7198800.000
7202400.000
7192800.000
7229800.000
7184200.000
7166800.000
7167800.000
7159800.000
7275600.000
7269800.000
7418200.000
7447600.000
7526600.000
7517400.000
7517600.000
7440800.000
7418200.000
7399800.000
7397400.000
7304200.000
7283400.000
7322600.000
7323400.000
7284200.000
7298800.000
7330000.000
7262200.000
7263200.000
7199800.000
7158800.000
7143200.000
7163000.000
7170800.000
7093600.000
7232000.000
7165000.000
7126200.000
7194000.000
7096200.000
7196000.000
7189000.000
7189800.000
7021800.000
7043000.000
7061800.000
7136400.000
7004400.000
7063000.000
7047800.000
6957600.000
6976200.000
7001600.000
6982800.000
6956600.000
6999600.000
6986200.000
6916800.000
6965600.000
6945600.000
6969400.000
6847800.000
6879000.000
6892800.000
6828800.000
6812600.000
6831000.000
6808000.000
6867200.000
6852200.000
6829400.000
6926200.000
6949200.000
7045200.000
7006800.000
6972000.000
7001800.000
6964600.000
7003400.000
6971400.000
7017200.000
6943200.000
6996800.000
6919000.000
6884400.000
6940000.000
6930200.000
6920000.000
6910000.000
6920000.000
6918600.000
6918400.000
6966000.000
6972800.000
6976600.000
6980200.000
6957000.000
7027800.000
6973800.000
6930000.000
7014200.000
7009600.000
7023600.000
6989200.000
7048000.000
7032000.000
7023600.000
7028000.000
7089600.000
7048400.000
7040200.000
7046200.000
7021200.000
7076400.000
7066800.000
7065200.000
7087600.000
6981800.000
7085800.000
7039600.000
7056600.000
7066800.000
7119800.000
7035400.000
7046000.000
7045200.000
7066600.000
7062600.000
7096600.000
7024400.000
7123000.000
7085400.000
7097400.000
7119800.000
7135200.000
7145600.000
7130400.000
7068800.000
7103000.000
7112000.000
7174600.000
7213200.000
7184800.000
7188400.000
7224000.000
7179400.000
7262400.000
7242400.000
7240800.000
7239600.000
7197000.000
7242200.000
7302800.000
7270600.000
7278400.000
7223200.000
7181200.000
7271600.000
7290600.000
7268800.000
7299200.000
7286200.000
7345800.000
7330400.000
7317200.000
7333400.000
7330400.000
7298000.000
7325000.000
7283000.000
7358000.000
7283400.000
7235200.000
7220400.000
7291600.000
7234600.000
7187000.000
7230000.000
7260600.000
7242400.000
7232400.000
7228600.000
7312000.000
7301800.000
7312800.000
7369800.000
7346800.000
7387200.000
7385200.000
7372600.000
7388600.000
7373600.000
7452400.000
7341400.000
7381400.000
7352600.000
7331000.000
7384400.000
7276000.000
7299200.000
7295400.000
7226200.000
7255800.000
7225600.000
7212000.000
7187200.000
7213600.000
7144600.000
7233800.000
7212600.000
7302800.000
7332200.000
7427600.000
7451800.000
7496800.000
7501200.000
7496800.000
7468200.000
7422000.000
7350000.000
7368400.000
7341400.000
7344200.000
7306200.000
7287200.000
7359800.000
7334000.000
7262800.000
7319200.000
7274000.000
7162400.000
7220600.000
7179800.000
7085400.000
7173200.000
7116200.000
7093600.000
7197800.000
7188600.000
7186600.000
7167400.000
7173400.000
7170000.000
7220000.000
7039800.000
7125400.000
7053400.000
7104400.000
7054400.000
7087600.000
7001200.000
6978000.000
6992800.000
6967800.000
7031400.000
7008200.000
6991800.000
6951600.000
6898400.000
6968800.000
6916600.000
6896600.000
6868400.000
6849200.000
6808200.000
6854400.000
6807000.000
6828200.000
6856400.000
6891600.000
6865400.000
6877800.000
6885400.000
6975600.000
6981000.000
7001400.000
6980200.000
7045600.000
7001600.000
6972800.000
7047600.000
6954600.000
6949400.000
6945000.000
6973600.000
6955400.000
6955800.000
6885600.000
6894400.000
6904400.000
6976000.000
6898600.000
6909600.000
6824800.000
6892000.000
6901800.000
6900000.000
6936600.000
6921600.000
6944200.000
6954600.000
6972400.000
6926800.000
6973600.000
6924400.000
6942800.000
7016600.000
7038000.000
7024600.000
7028000.000
7020800.000
7042800.000
7027600.000
7032200.000
7018400.000
7023600.000
7063800.000
7039000.000
7008000.000
7004600.000
7040800.000
7084600.000
7120400.000
7052600.000
7084200.000
7040000.000
7083800.000
7011400.000
7083000.000
7070600.000
7071400.000
7076800.000
7063200.000
7079000.000
7083800.000
7082400.000
7120800.000
7112600.000
7103000.000
7118200.000
7114200.000
7124000.000
7177800.000
7176600.000
7137000.000
7181800.000
7214800.000
7187200.000
7200800.000
7181600.000
7229200.000
7244400.000
7254800.000
7279400.000
7202600.000
7170200.000
7190800.000
7172200.000
7191000.000
7237600.000
7265200.000
7251000.000
7297200.000
7215800.000
7224600.000
7311400.000
7295400.000
7292600.000
7250800.000
7285000.000
7243800.000
7243600.000
7231200.000
7248200.000
7232200.000
7211000.000
7192800.000
7154200.000
7169000.000
7160000.000
7172000.000
7212200.000
7209000.000
7224200.000
7303200.000
7294000.000
7266400.000
7283800.000
7254200.000
7312600.000
7308000.000
7375600.000
7316200.000
7285600.000
7318600.000
7317600.000
7286600.000
7355200.000
7285600.000
7194200.000
7206400.000
7197200.000
7246000.000
7182400.000
7175600.000
7176200.000
7137800.000
7198800.000
7153000.000
7196600.000
7192800.000
7221000.000
7273600.000
7318800.000
7403800.000
7467200.000
7419200.000
7486200.000
7446600.000
7418400.000
7341600.000
7288400.000
7386800.000
7318800.000
7304600.000
7349000.000
7292600.000
7239400.000
7211000.000
7268200.000
7223200.000
7222800.000
7161600.000
7112000.000
7125200.000
7082200.000
7100000.000
7113000.000
7110600.000
7254200.000
7155000.000
7308800.000
7265800.000
7167400.000
7219000.000
7079800.000
7088000.000
7080400.000
7088200.000
7084600.000
7027400.000
7023000.000
7052600.000
7019200.000
7029600.000
6976600.000
7006200.000
7008800.000
6958600.000
6975000.000
6947800.000
6951200.000
6942800.000
6867800.000
6893000.000
6809600.000
6873800.000
6828800.000
6863600.000
6939000.000
6890200.000
6936800.000
6946200.000
6952400.000
6975400.000
7026200.000
7058600.000
7027400.000
7045800.000
7001200.000
6997000.000
7017400.000
7026000.000
6942000.000
6970800.000
6945400.000
6991200.000
6987600.000
6943400.000
6958200.000
6927200.000
6960000.000
6920000.000
6955400.000
6904200.000
6926000.000
6877600.000
6946000.000
6953400.000
6929200.000
6930000.000
6856800.000
6903600.000
6947600.000
6932400.000
7021800.000
6998800.000
7107200.000
7079200.000
7084800.000
7084400.000
7134200.000
7117600.000
7117400.000
7081600.000
7089000.000
7030200.000
7085600.000
7075400.000
7016200.000
7085400.000
7151600.000
7064200.000
7057800.000
7168600.000
7102800.000
7121000.000
7044200.000
7094800.000
7100200.000
7175600.000
7051200.000
7090000.000
7140200.000
7107400.000
7118200.000
7119000.000
7123800.000
7142800.000
7146400.000
7128400.000
7192200.000
7196800.000
7210000.000
7197200.000
7249600.000
7265400.000
7238600.000
7280800.000
7300400.000
7332200.000
7281200.000
7278400.000
7346400.000
7293800.000
7341000.000
7261800.000
7270600.000
7296600.000
7293000.000
7318200.000
7319200.000
7333600.000
7273800.000
7317200.000
7353000.000
7387600.000
7333200.000
7342200.000
7310600.000
7340600.000
7363200.000
7352800.000
7322800.000
7344600.000
7281600.000
7296800.000
7244400.000
7295600.000
7283800.000
7270400.000
7264400.000
7329400.000
7310600.000
7357200.000
7384000.000
7347600.000
7353800.000
7380600.000
7420600.000
7384000.000
7448600.000
7383000.000
7436000.000
7397400.000
7370200.000
7387800.000
7410200.000
7327800.000
7348400.000
7316000.000
7360200.000
7292200.000
7300600.000
7315200.000
7307200.000
7252000.000
7221000.000
7229000.000
7250000.000
7279400.000
7271000.000
7274400.000
7333400.000
7341800.000
7396800.000
7514800.000
7542000.000
7500800.000
7468800.000
7441000.000
7444400.000
7375400.000
7359600.000
7326200.000
7352800.000
7331400.000
7363400.000
7372600.000
7280200.000
7215400.000
7207600.000
7237600.000
7174800.000
7210600.000
7173800.000
7139600.000
7130000.000
7097200.000
7187000.000
7129000.000
7225800.000
7242400.000
7215600.000
7299000.000
7265000.000
7063000.000
7060400.000
7026800.000
7041200.000
7029200.000
6954600.000
7058600.000
7020800.000
6992000.000
6998800.000
7016600.000
7001200.000
6989400.000
6942600.000
6929600.000
6952600.000
6949600.000
6965200.000
6915200.000
6869600.000
6845800.000
6901000.000
6879400.000
6874400.000
6903200.000
6911400.000
6919800.000
6981400.000
6940000.000
7049400.000
7040800.000
7039800.000
7022600.000
7026400.000
7045600.000
7045400.000
7068800.000
7021600.000
7048800.000
7032200.000
7006000.000
6998000.000
6974200.000
6983600.000
6902600.000
6958000.000
6921400.000
6940000.000
6945200.000
6897200.000
6909400.000
6900200.000
6878400.000
6893800.000
6876200.000
6840400.000
6882200.000
6872000.000
6957000.000
6990800.000
6965000.000
7002400.000
7045400.000
7087400.000
7107200.000
7095200.000
7119800.000
7113800.000
7162400.000
7162000.000
7099600.000
7072800.000
7073600.000
7113000.000
7105600.000
7099000.000
7063400.000
7123400.000
7205600.000
7166600.000
7059200.000
7104800.000
7157800.000
7089400.000
7098200.000
7067200.000
7140000.000
7116600.000
7112800.000
7155400.000
7188800.000
7110200.000
7104400.000
7145600.000
7193600.000
7162200.000
7160000.000
7201000.000
7195400.000
7225800.000
7258600.000
7218600.000
7219800.000
7264600.000
7334800.000
7316000.000
7321200.000
7318400.000
7308800.000
7342200.000
7215600.000
7298400.000
7224200.000
7241400.000
7309200.000
7276200.000
7348600.000
7248000.000
7285800.000
7385400.000
7324400.000
7374800.000
7381000.000
7314200.000
7402200.000
7367000.000
7320800.000
7305200.000
7331600.000
7329800.000
7277400.000
7301400.000
7282800.000
7306200.000
7302200.000
7283400.000
7302800.000
7286400.000
7293600.000
7302400.000
7432000.000
7448800.000
7360000.000
7382400.000
7440400.000
7427800.000
7445400.000
7354600.000
7375600.000
7432800.000
7320600.000
7350600.000
7389800.000
7294400.000
7317400.000
7296000.000
7296800.000
7332400.000
7296800.000
7288600.000
7257800.000
7259400.000
7186000.000
7274600.000
7266400.000
7263600.000
7217800.000
7267000.000
7269400.000
7330800.000
7377200.000
7418800.000
7468400.000
7485200.000
7404800.000
7451200.000
7418000.000
7378800.000
7321200.000
7333000.000
7283400.000
7233200.000
7306800.000
7308400.000
7311400.000
7280000.000
7230400.000
7202400.000
7216400.000
7170000.000
7174600.000
7180200.000
7215600.000
7201600.000
7220600.000
7205800.000
7251000.000
7218400.000
7304000.000
7314400.000
7275800.000
7050200.000
7002000.000
7061600.000
7042800.000
7054200.000
7033400.000
7007400.000
7024400.000
7058600.000
6992800.000
7038000.000
6995600.000
6948600.000
6911000.000
6954800.000
6970400.000
7011800.000
6976600.000
6913200.000
6905200.000
6945800.000
6869800.000
6942400.000
6849600.000
6905600.000
6915600.000
6984400.000
7014400.000
6979200.000
6981200.000
7023600.000
6938800.000
7052600.000
7035000.000
7050200.000
7038800.000
7010800.000
6985400.000
7021800.000
7005800.000
7007800.000
7000200.000
6950800.000
6982600.000
6976400.000
6992000.000
6942800.000
6941800.000
6893800.000
6864200.000
6842000.000
6831800.000
6782400.000
6783800.000
6796800.000
6828800.000
6854600.000
6780000.000
6831600.000
6910000.000
6952800.000
6971800.000
7003400.000
6999800.000
7047600.000
7170800.000
7114000.000
7159200.000
7134200.000
7078600.000
7116200.000
7110600.000
7125600.000
7093400.000
7117000.000
7103200.000
7136400.000
7052200.000
7145800.000
7102000.000
7180600.000
7118400.000
7107600.000
7120400.000
7048600.000
7120400.000
7068200.000
7147000.000
7158200.000
7132800.000
7180400.000
7173000.000
7136000.000
7174800.000
7170400.000
7223200.000
7188400.000
7226000.000
7216400.000
7212600.000
7208000.000
7308600.000
7303600.000
7332400.000
7305200.000
7280200.000
7293000.000
7262400.000
7260800.000
7269600.000
7316600.000
7296200.000
7313000.000
7270400.000
7254400.000
7286800.000
7257200.000
7309000.000
7325800.000
7325000.000
7366800.000
7339200.000
7410400.000
7403800.000
7367200.000
7295800.000
7348000.000
7319600.000
7329800.000
7368400.000
7346600.000
7284200.000
7336400.000
7264200.000
7318400.000
7351800.000
7228000.000
7374600.000
7333800.000
7345000.000
7400800.000
7374000.000
7394200.000
7381400.000
7430200.000
7382000.000
7438200.000
7463400.000
7402200.000
7477000.000
7465600.000
7414400.000
7444200.000
7401800.000
7415600.000
7342600.000
7375200.000
7396000.000
7367600.000
7338800.000
7275600.000
7284200.000
7318400.000
7318000.000
7347600.000
7270800.000
7367800.000
7342800.000
7334800.000
7396800.000
7447800.000
7454000.000
7489400.000
7436400.000
7491200.000
7431600.000
7435000.000
7412000.000
7456600.000
7323400.000
7390800.000
7345800.000
7334200.000
7323800.000
7261200.000
7237200.000
7297400.000
7210200.000
7238200.000
7198000.000
7233000.000
7226200.000
7235800.000
7258600.000
7269400.000
7332600.000
7312600.000
7277400.000
7312200.000
7269200.000
7322200.000
7005400.000
7038800.000
7005600.000
7016600.000
7009600.000
7059400.000
6944400.000
7052800.000
7045000.000
6989800.000
6947600.000
6933600.000
6918800.000
6969000.000
6974000.000
6984400.000
6987000.000
6990800.000
6935800.000
6919600.000
6931600.000
6913200.000
6911600.000
6829800.000
6813000.000
6917600.000
6877000.000
7019200.000
6993400.000
6960600.000
6985200.000
6909800.000
7033800.000
7016200.000
6986200.000
6953000.000
6940000.000
6984600.000
6914600.000
6942000.000
6920800.000
6898000.000
6945000.000
6923000.000
6872600.000
6859600.000
6864600.000
6837800.000
6815800.000
6826600.000
6785200.000
6712000.000
6616600.000
6677200.000
6651000.000
6723000.000
6761400.000
6717800.000
6722600.000
6737200.000
6838800.000
6848200.000
6888600.000
6937000.000
6985400.000
7052600.000
7022800.000
7104000.000
7068400.000
7092400.000
7123200.000
7043000.000
7055200.000
7045000.000
7041200.000
6994600.000
7035200.000
7027200.000
7041400.000
7045400.000
7021400.000
7057800.000
7021400.000
7058200.000
7025600.000
7069800.000
7009200.000
7056400.000
7063000.000
7145200.000
7089600.000
7100400.000
7091000.000
7165600.000
7157200.000
7144200.000
7155400.000
7108200.000
7205200.000
7157200.000
7189400.000
7253000.000
7259400.000
7246800.000
7251600.000
7241400.000
7237200.000
7217000.000
7187200.000
7187600.000
7221600.000
7213800.000
7194800.000
7260000.000
7220000.000
7216600.000
7240000.000
7234200.000
7180200.000
7268800.000
7250200.000
7316200.000
7240600.000
7265200.000
7301400.000
7253800.000
7307000.000
7351800.000
7331600.000
7309400.000
7304800.000
7264800.000
7248400.000
7270000.000
7321000.000
7252800.000
7280600.000
7297600.000
7264600.000
7300400.000
7324400.000
7317000.000
7317000.000
7336800.000
7386600.000
7408200.000
7414800.000
7326600.000
7379400.000
7364600.000
7381200.000
7368000.000
7376000.000
7388800.000
7294800.000
7319400.000
7305800.000
7293400.000
7299000.000
7238600.000
7310600.000
7280000.000
7243600.000
7304200.000
7291800.000
7259000.000
7282800.000
7289400.000
7288000.000
7260200.000
7395800.000
7421600.000
7421400.000
7397200.000
7408000.000
7385200.000
7343200.000
7345600.000
7358600.000
7312400.000
7360600.000
7263600.000
7249200.000
7302600.000
7198400.000
7221800.000
7193600.000
7200600.000
7199000.000
7231600.000
7177200.000
7164800.000
7257600.000
7223000.000
7297000.000
7270400.000
7262400.000
7224800.000
7288200.000
7329800.000
7245600.000
6949200.000
6908800.000
6950400.000
6984400.000
6950200.000
6948600.000
6956800.000
6940000.000
6910800.000
6939600.000
6887400.000
6871600.000
6870800.000
6893600.000
6920000.000
6907200.000
6894800.000
6847400.000
6916400.000
6863000.000
6842800.000
6814800.000
6837600.000
6829800.000
6817400.000
6875200.000
6901000.000
6958400.000
6979400.000
6979600.000
6952600.000
7008200.000
6968000.000
7066800.000
7045400.000
6972400.000
7008600.000
6973400.000
6985200.000
6959400.000
7003600.000
6899800.000
6946600.000
6932800.000
6938600.000
6868600.000
6871400.000
6890600.000
6744400.000
6764000.000
6704000.000
6649200.000
6615000.000
6671000.000
6660400.000
6656800.000
6642600.000
6721200.000
6635600.000
6693600.000
6814600.000
6886400.000
6932400.000
6964000.000
7000000.000
7028800.000
7097800.000
7120200.000
7186000.000
7165200.000
7086600.000
7060400.000
7078000.000
7058600.000
7038000.000
7031200.000
7045800.000
7012200.000
7062400.000
7068400.000
7075000.000
6980800.000
7025800.000
7103000.000
7096800.000
7115200.000
7113400.000
7143200.000
7102200.000
7099200.000
7151400.000
7150800.000
7140600.000
7132600.000
7179000.000
7163200.000
7186200.000
7187800.000
7194600.000
7231400.000
7208000.000
7215400.000
7245800.000
7325200.000
7279400.000
7327200.000
7294800.000
7236800.000
7293800.000
7297400.000
7245200.000
7252400.000
7284200.000
7310800.000
7303400.000
7267400.000
7195200.000
7267600.000
7286600.000
7269600.000
7295800.000
7285400.000
7370400.000
7344600.000
7345400.000
7329600.000
7334800.000
7364800.000
7320600.000
7318200.000
7293000.000
7311400.000
7290600.000
7341000.000
7299000.000
7311400.000
7321600.000
7356000.000
7326400.000
7300000.000
7366000.000
7395200.000
7409600.000
7391400.000
7410800.000
7424000.000
7441400.000
7378200.000
7462600.000
7357800.000
7406800.000
7448400.000
7421600.000
7401000.000
7336400.000
7346600.000
7343000.000
7315000.000
7365200.000
7361600.000
7334400.000
7336200.000
7332600.000
7389800.000
7324800.000
7327000.000
7365200.000
7395800.000
7347000.000
7405200.000
7388000.000
7403200.000
7391000.000
7395000.000
7382800.000
7409400.000
7398400.000
7383800.000
7345800.000
7369800.000
7383400.000
7278800.000
7357600.000
7244200.000
7219200.000
7275400.000
7262400.000
7260000.000
7266800.000
7248600.000
7270800.000
7316400.000
7259200.000
7304200.000
7332800.000
7351600.000
7297800.000
7332000.000
7220400.000
7309200.000
7279000.000
6892000.000
6885200.000
6889600.000
6897600.000
6907600.000
6927800.000
6908600.000
6917400.000
6924800.000
6934400.000
6829600.000
6832600.000
6870200.000
6860800.000
6892200.000
6859200.000
6932600.000
6917800.000
6818600.000
6871600.000
6861400.000
6841600.000
6795800.000
6817200.000
6868400.000
6849600.000
6902000.000
6907400.000
6957200.000
6957200.000
6955400.000
6995200.000
6976000.000
7021000.000
6969600.000
6936600.000
6943200.000
6946000.000
6902400.000
6960800.000
6931200.000
6952600.000
6987800.000
6931800.000
6873800.000
6892800.000
6849400.000
6774600.000
6798800.000
6772600.000
6658200.000
6616000.000
6624600.000
6588200.000
6586400.000
6642400.000
6591800.000
6561000.000
6548400.000
6641600.000
6686400.000
6785000.000
6824400.000
6875400.000
6955000.000
7019200.000
7043000.000
7100000.000
7157600.000
7167600.000
7142400.000
7109400.000
7115200.000
7050600.000
7017600.000
6999400.000
7002400.000
7003000.000
7002000.000
6986000.000
7029600.000
7016600.000
7105200.000
7073000.000
7058000.000
7004400.000
7078000.000
7037200.000
7058200.000
7068200.000
7120800.000
7120400.000
7171200.000
7127800.000
7141400.000
7162800.000
7193800.000
7145200.000
7168800.000
7155000.000
7162600.000
7190000.000
7302000.000
7293000.000
7278000.000
7212400.000
7284600.000
7316000.000
7300400.000
7204600.000
7264000.000
7297200.000
7244400.000
7293200.000
7259000.000
7249400.000
7211000.000
7209000.000
7270600.000
7217400.000
7321000.000
7313200.000
7346000.000
7267200.000
7311400.000
7316000.000
7351000.000
7356200.000
7359800.000
7313800.000
7348400.000
7291800.000
7326400.000
7347200.000
7301600.000
7293000.000
7339200.000
7303600.000
7352200.000
7339400.000
7408200.000
7412000.000
7397400.000
7382600.000
7418000.000
7436000.000
7446600.000
7387000.000
7397400.000
7416800.000
7413200.000
7376200.000
7378600.000
7403800.000
7375200.000
7344800.000
7292200.000
7368400.000
7386600.000
7405000.000
7366800.000
7366000.000
7347600.000
7357000.000
7361800.000
7373800.000
7364400.000
7392400.000
7341600.000
7408000.000
7416200.000
7365600.000
7444600.000
7426400.000
7475400.000
7439400.000
7415200.000
7422200.000
7318600.000
7327000.000
7353000.000
7312400.000
7265600.000
7305400.000
7288600.000
7248200.000
7271400.000
7246400.000
7273000.000
7266800.000
7266000.000
7289800.000
7354800.000
7308400.000
7325400.000
7342800.000
7300200.000
7266800.000
7335800.000
7285200.000
7274800.000
6988800.000
6937600.000
6933800.000
6959000.000
6996800.000
7016600.000
6994200.000
6975200.000
6971600.000
6925000.000
6947600.000
6941200.000
6960200.000
6995000.000
6965600.000
6968200.000
6956000.000
6935400.000
6903800.000
6886600.000
6944200.000
6964800.000
6891200.000
6886000.000
6913400.000
6889400.000
6958400.000
6938600.000
6998200.000
6988400.000
7051000.000
6999400.000
7026800.000
7021400.000
7061200.000
7084400.000
6993400.000
7043400.000
6969600.000
7021200.000
6935600.000
6967600.000
7013600.000
6955600.000
6951400.000
6917600.000
6890400.000
6884800.000
6858200.000
6767600.000
6710000.000
6687600.000
6671000.000
6584000.000
6550200.000
6538600.000
6562600.000
6551200.000
6585000.000
6623600.000
6666600.000
6748000.000
6829800.000
6892600.000
6880800.000
7041600.000
7124200.000
7134400.000
7220400.000
7183800.000
7184800.000
7197400.000
7090000.000
7055200.000
7027600.000
7057000.000
7009600.000
7049600.000
7059800.000
7011200.000
7105200.000
7117600.000
7023200.000
7068800.000
7172000.000
7116800.000
7115000.000
7129200.000
7083800.000
7119400.000
7140400.000
7217800.000
7205200.000
7215200.000
7244800.000
7286000.000
7201000.000
7241800.000
7209200.000
7262200.000
7220400.000
7216600.000
7277200.000
7259800.000
7338400.000
7260000.000
7236000.000
7270400.000
7284200.000
7279600.000
7319400.000
7327200.000
7272600.000
7292800.000
7290400.000
7317000.000
7239800.000
7250600.000
7234000.000
7258800.000
7318800.000
7342400.000
7348400.000
7359800.000
7342200.000
7373400.000
7374000.000
7319000.000
7345600.000
7312800.000
7337200.000
7339200.000
7299600.000
7334200.000
7381000.000
7346800.000
7319400.000
7396200.000
7336600.000
7337600.000
7414400.000
7373200.000
7467800.000
7408400.000
7430600.000
7424400.000
7430600.000
7409600.000
7433400.000
7419000.000
7477400.000
7410800.000
7430800.000
7357200.000
7359200.000
7341600.000
7391600.000
7419600.000
7412600.000
7443200.000
7409400.000
7414000.000
7405800.000
7399200.000
7424200.000
7397600.000
7352600.000
7381200.000
7392000.000
7415800.000
7383200.000
7412400.000
7469400.000
7483800.000
7410600.000
7333400.000
7342000.000
7335200.000
7397800.000
7323800.000
7363600.000
7312200.000
7320600.000
7241200.000
7224600.000
7279200.000
7276600.000
7290800.000
7231200.000
7318600.000
7242200.000
7346000.000
7327000.000
7313600.000
7363200.000
7315400.000
7282600.000
7287400.000
7269200.000
7331400.000
7304000.000
6931200.000
6902600.000
6864200.000
6922000.000
6887800.000
6964800.000
6955800.000
6988200.000
6894000.000
6917200.000
6954400.000
6927200.000
6937600.000
6956200.000
7007000.000
6969000.000
6953600.000
6942000.000
6868600.000
6841600.000
6950200.000
6917000.000
6885000.000
6882800.000
6821000.000
6942000.000
6924000.000
6967000.000
6944600.000
6905200.000
6944600.000
7011200.000
6933400.000
6983800.000
7061600.000
6985400.000
6965000.000
6971000.000
6993200.000
6925200.000
6962400.000
6926400.000
6873200.000
6904400.000
6956400.000
6876000.000
6851400.000
6817200.000
6767000.000
6697000.000
6681800.000
6627800.000
6567000.000
6524600.000
6517200.000
6456400.000
6445600.000
6465800.000
6477800.000
6439600.000
6633400.000
6682600.000
6728800.000
6746600.000
6830000.000
6924200.000
7012000.000
7105200.000
7138400.000
7215200.000
7158600.000
7128000.000
7090800.000
7021800.000
7049400.000
7031000.000
7055800.000
7046000.000
7046400.000
7037600.000
7000600.000
7032200.000
7028800.000
7105400.000
7056400.000
7009800.000
7018800.000
7030400.000
7006800.000
6994200.000
7081800.000
7163200.000
7142600.000
7122000.000
7139600.000
7134400.000
7135000.000
7160400.000
7130200.000
7186400.000
7142600.000
7201800.000
7221600.000
7182800.000
7249000.000
7195200.000
7258400.000
7218200.000
7224400.000
7206000.000
7251000.000
7195000.000
7248800.000
7197400.000
7204400.000
7198600.000
7166800.000
7158200.000
7159400.000
7218000.000
7218200.000
7230000.000
7290600.000
7289400.000
7314000.000
7284400.000
7301000.000
7252400.000
7247200.000
7232600.000
7245000.000
7250400.000
7253600.000
7332800.000
7268200.000
7283400.000
7324200.000
7304600.000
7335200.000
7351800.000
7320400.000
7313400.000
7329200.000
7336600.000
7351600.000
7394000.000
7366200.000
7379400.000
7367000.000
7359600.000
7378200.000
7353200.000
7314400.000
7253600.000
7319800.000
7308200.000
7265000.000
7288600.000
7301600.000
7314200.000
7373600.000
7352400.000
7348200.000
7366800.000
7347000.000
7385000.000
7371200.000
7357400.000
7367000.000
7343600.000
7344200.000
7367200.000
7331000.000
7297200.000
7349200.000
7331800.000
7307000.000
7316600.000
7334800.000
7310400.000
7331600.000
7311200.000
7293000.000
7222400.000
7262200.000
7309000.000
7265800.000
7304600.000
7316000.000
7299800.000
7290000.000
7259400.000
7331400.000
7336200.000
7346400.000
7301800.000
7256400.000
7226800.000
7236800.000
7235800.000
7205000.000
6790800.000
6837800.000
6834800.000
6839600.000
6916200.000
6925600.000
6997800.000
6928200.000
6911600.000
6863600.000
6910400.000
6939200.000
6955800.000
6949600.000
6951200.000
6919800.000
6904800.000
6964800.000
6892400.000
6919600.000
6907600.000
6884600.000
6803000.000
6795800.000
6801200.000
6886000.000
6984000.000
6973400.000
6898000.000
6980200.000
6939000.000
6971000.000
7012200.000
6991600.000
7053000.000
7010800.000
7065000.000
7008800.000
6997000.000
6945400.000
6926600.000
6885600.000
6970000.000
6942800.000
6944000.000
6854800.000
6814000.000
6794800.000
6751200.000
6691400.000
6664400.000
6654800.000
6547000.000
6502800.000
6452600.000
6431400.000
6365800.000
6452000.000
6446800.000
6526600.000
6552400.000
6607600.000
6626000.000
6738600.000
6857400.000
6962800.000
7059200.000
7155000.000
7155400.000
7212400.000
7184200.000
7162400.000
7068600.000
7069600.000
6976600.000
6993000.000
7030200.000
7031200.000
7058000.000
7095200.000
7076400.000
7078200.000
7083400.000
7087800.000
7010600.000
7017800.000
7031800.000
7009000.000
7115800.000
7090400.000
7193600.000
7168600.000
7174600.000
7222000.000
7231000.000
7126400.000
7179400.000
7197000.000
7136000.000
7244400.000
7217600.000
7181400.000
7208000.000
7262600.000
7228800.000
7245200.000
7223600.000
7281600.000
7204200.000
7231400.000
7261800.000
7204200.000
7226600.000
7264600.000
7235200.000
7177800.000
7156600.000
7221400.000
7232800.000
7292400.000
7294600.000
7266000.000
7329000.000
7358600.000
7301600.000
7294200.000
7253800.000
7280800.000
7250200.000
7245000.000
7232200.000
7285400.000
7294200.000
7277600.000
7306600.000
7283400.000
7314000.000
7318800.000
7327600.000
7331600.000
7317400.000
7321000.000
7302600.000
7338800.000
7375000.000
7286600.000
7351000.000
7323000.000
7409000.000
7402000.000
7347800.000
7360600.000
7364200.000
7362600.000
7299800.000
7327400.000
7310600.000
7324400.000
7291000.000
7319200.000
7345400.000
7357000.000
7361200.000
7362600.000
7382200.000
7366200.000
7392800.000
7386400.000
7338400.000
7344200.000
7327000.000
7420000.000
7316000.000
7362800.000
7356200.000
7337600.000
7313800.000
7293800.000
7304800.000
7256800.000
7262000.000
7271000.000
7271200.000
7235000.000
7238400.000
7248600.000
7292200.000
7234800.000
7295200.000
7265600.000
7332800.000
7314600.000
7307200.000
7287400.000
7317000.000
7260400.000
7271800.000
7236000.000
7237800.000
7257600.000
7292000.000
6808000.000
6825800.000
6827600.000
6837400.000
6843200.000
6945200.000
6942400.000
6931800.000
6928600.000
6929200.000
6950800.000
7012400.000
6960200.000
6979600.000
6944200.000
6921000.000
6937200.000
6897200.000
6955400.000
6914200.000
6952200.000
6908400.000
6838400.000
6751400.000
6774000.000
6811200.000
6920200.000
6940200.000
6982000.000
6965000.000
6893200.000
6987400.000
7019800.000
7013400.000
7050600.000
7058800.000
6988000.000
6997200.000
6969600.000
6926600.000
6930800.000
6892800.000
6933400.000
6879200.000
6874000.000
6915400.000
6859600.000
6801400.000
6753200.000
6759600.000
6687200.000
6646000.000
6615200.000
6507600.000
6443200.000
6424600.000
6413200.000
6367800.000
6462800.000
6452200.000
6529600.000
6472400.000
6663800.000
6703000.000
6852400.000
6883000.000
7030800.000
7087800.000
7173400.000
7206200.000
7146800.000
7144600.000
7112600.000
7045200.000
7036600.000
7108200.000
6970200.000
6985400.000
7039200.000
7061600.000
7137600.000
7092800.000
7142000.000
7111400.000
7056800.000
7054000.000
7021600.000
7042400.000
7144600.000
7091000.000
7174200.000
7186400.000
7219000.000
7212000.000
7229200.000
7141800.000
7224200.000
7200600.000
7206200.000
7278200.000
7248800.000
7171600.000
7270000.000
7294800.000
7261200.000
7281200.000
7274200.000
7283400.000
7255400.000
7286600.000
7266000.000
7242000.000
7287400.000
7203600.000
7281200.000
7223800.000
7265000.000
7191800.000
7216400.000
7274600.000
7333400.000
7295600.000
7328800.000
7343000.000
7356000.000
7343600.000
7312600.000
7289200.000
7223400.000
7269200.000
7285800.000
7331000.000
7316800.000
7366200.000
7343400.000
7355600.000
7401200.000
7369000.000
7403600.000
7378400.000
7413200.000
7386400.000
7384600.000
7342000.000
7428000.000
7373600.000
7406800.000
7447800.000
7399800.000
7403200.000
7385200.000
7381800.000
7429800.000
7346000.000
7308200.000
7353400.000
7338600.000
7349200.000
7351000.000
7398200.000
7355600.000
7371000.000
7397600.000
7359800.000
7419800.000
7389400.000
7375400.000
7390600.000
7361200.000
7403200.000
7356600.000
7408600.000
7308000.000
7350800.000
7334400.000
7311200.000
7347000.000
7311000.000
7242000.000
7276600.000
7248000.000
7272400.000
7269000.000
7195600.000
7272800.000
7293000.000
7283000.000
7225200.000
7277000.000
7296400.000
7267200.000
7324600.000
7328000.000
7216000.000
7301800.000
7230400.000
7226200.000
7325000.000
7328000.000
7258400.000
7251200.000
6768600.000
6813000.000
6857400.000
6870800.000
6896800.000
6935800.000
6929200.000
6933800.000
6970400.000
6913400.000
6952200.000
6974800.000
6953600.000
6989400.000
6918000.000
6930600.000
6972400.000
6987600.000
6949400.000
6978800.000
6963000.000
6875200.000
6854400.000
6774400.000
6730200.000
6807600.000
6898200.000
6905800.000
6970800.000
6978000.000
7003600.000
6969800.000
7017200.000
7105400.000
7023200.000
6953800.000
7012200.000
7039600.000
6969200.000
6915400.000
6942600.000
6913800.000
6948400.000
6954200.000
6951600.000
6911200.000
6902800.000
6790000.000
6766200.000
6733000.000
6679800.000
6667800.000
6619000.000
6557400.000
6482600.000
6417200.000
6391600.000
6430000.000
6361000.000
6435600.000
6504800.000
6504000.000
6568800.000
6675200.000
6863600.000
6968000.000
7046600.000
7157200.000
7177200.000
7180400.000
7175600.000
7153000.000
7087000.000
7080800.000
7066600.000
7062200.000
7087000.000
7057600.000
7098000.000
7102000.000
7170200.000
7152800.000
7107200.000
7057000.000
7066400.000
7036800.000
7124000.000
7069600.000
7164800.000
7144800.000
7198200.000
7201000.000
7210200.000
7178600.000
7217200.000
7193000.000
7200400.000
7216000.000
7225000.000
7196200.000
7182800.000
7219400.000
7190400.000
7219200.000
7230800.000
7228200.000
7260200.000
7264400.000
7288400.000
7240800.000
7273600.000
7258800.000
7234000.000
7260600.000
7257400.000
7216400.000
7215000.000
7239400.000
7243600.000
7275600.000
7327200.000
7316600.000
7388400.000
7327000.000
7309000.000
7264200.000
7262600.000
7205000.000
7248600.000
7244800.000
7311000.000
7339400.000
7349800.000
7333000.000
7372600.000
7407200.000
7305400.000
7414600.000
7407800.000
7350800.000
7413400.000
7408200.000
7374200.000
7399400.000
7345600.000
7431200.000
7417400.000
7393600.000
7401400.000
7355000.000
7347000.000
7323800.000
7339000.000
7325600.000
7386600.000
7325000.000
7321600.000
7323600.000
7362200.000
7316400.000
7387800.000
7321800.000
7380800.000
7363200.000
7379000.000
7359600.000
7334000.000
7347000.000
7326400.000
7322200.000
7325600.000
7333000.000
7352000.000
7292200.000
7293800.000
7337800.000
7294000.000
7321600.000
7327400.000
7327200.000
7247400.000
7272400.000
7244600.000
7234600.000
7227400.000
7197400.000
7229400.000
7289200.000
7242000.000
7273800.000
7354200.000
7292000.000
7249600.000
7289200.000
7215400.000
7246200.000
7308400.000
7293600.000
7253600.000
7336000.000
7265600.000
6796200.000
6818600.000
6900200.000
6876600.000
6883000.000
6881200.000
6871000.000
6872400.000
6872000.000
6872600.000
6953000.000
6991400.000
6943000.000
6962600.000
6964000.000
6993000.000
6932800.000
6935600.000
6967600.000
6907600.000
6956000.000
6931400.000
6799400.000
6806600.000
6735600.000
6846800.000
6849800.000
6907400.000
6936600.000
6953400.000
6995400.000
7059200.000
7032600.000
7042600.000
7049000.000
7006600.000
7063200.000
7007800.000
7001200.000
6954000.000
6948400.000
6891800.000
6915400.000
6966200.000
6931200.000
6916400.000
6926800.000
6901800.000
6839200.000
6802600.000
6740800.000
6763600.000
6591600.000
6526200.000
6544400.000
6485400.000
6433200.000
6369400.000
6414400.000
6396000.000
6432600.000
6449600.000
6533400.000
6594000.000
6756000.000
6822800.000
6921400.000
7062000.000
7170800.000
7208000.000
7179000.000
7155800.000
7142200.000
7039200.000
7060400.000
7051600.000
7115200.000
7051800.000
7051600.000
7069400.000
7151000.000
7050800.000
7024800.000
7078600.000
7022400.000
7031400.000
7040000.000
7033200.000
7087000.000
7083200.000
7114000.000
7160200.000
7129000.000
7158800.000
7153200.000
7161600.000
7151600.000
7177000.000
7200400.000
7158200.000
7121200.000
7209600.000
7221800.000
7203200.000
7224800.000
7270600.000
7200600.000
7160800.000
7176600.000
7197400.000
7153600.000
7244000.000
7220400.000
7224600.000
7264600.000
7208200.000
7188800.000
7128200.000
7158800.000
7205000.000
7254800.000
7281600.000
7301800.000
7262800.000
7275200.000
7239400.000
7191400.000
7191400.000
7148600.000
7134800.000
7222800.000
7262200.000
7298200.000
7300000.000
7290000.000
7233600.000
7336600.000
7375200.000
7349600.000
7326200.000
7298000.000
7348600.000
7290200.000
7379200.000
7277200.000
7352800.000
7336600.000
7370200.000
7350600.000
7357400.000
7344600.000
7333000.000
7265800.000
7282800.000
7257200.000
7245200.000
7340400.000
7285400.000
7327200.000
7318200.000
7341400.000
7349200.000
7287400.000
7371200.000
7318800.000
7319400.000
7368600.000
7325400.000
7259000.000
7294800.000
7338000.000
7254400.000
7253400.000
7247000.000
7252200.000
7190200.000
7263600.000
7285800.000
7305200.000
7265400.000
7231200.000
7212600.000
7225600.000
7223600.000
7264000.000
7250000.000
7237800.000
7233000.000
7261600.000
7271200.000
7267200.000
7271400.000
7221200.000
7268600.000
7193400.000
7284600.000
7330800.000
7253200.000
7303200.000
7251200.000
7282400.000
6841400.000
6818600.000
6863800.000
6852400.000
6786200.000
6931600.000
6864800.000
6911000.000
6875000.000
6914200.000
6994200.000
6950400.000
7031200.000
6990200.000
6982200.000
7062200.000
7022800.000
7072400.000
6949400.000
6994800.000
6954800.000
6933400.000
6787000.000
6730200.000
6827800.000
6916000.000
6878600.000
6971600.000
6991600.000
7019400.000
6972200.000
7040200.000
7071000.000
7068600.000
7022400.000
7061000.000
6998000.000
7028000.000
7002000.000
6978800.000
6900400.000
6977200.000
6995200.000
6991800.000
6953000.000
6962600.000
6997200.000
6971800.000
6893200.000
6842800.000
6841600.000
6778400.000
6711400.000
6599000.000
6547200.000
6534800.000
6497400.000
6435400.000
6447600.000
6418000.000
6462800.000
6528200.000
6602000.000
6754800.000
6839600.000
7013200.000
7082600.000
7164200.000
7164800.000
7265200.000
7269200.000
7210200.000
7175200.000
7169000.000
7124200.000
7136400.000
7078800.000
7146200.000
7117400.000
7162200.000
7195000.000
7158800.000
7177600.000
7046600.000
7122400.000
7111600.000
7102200.000
7144400.000
7153600.000
7131000.000
7210400.000
7210000.000
7226600.000
7201200.000
7217000.000
7208600.000
7255800.000
7293000.000
7253000.000
7265000.000
7268600.000
7253400.000
7261000.000
7288800.000
7297800.000
7312600.000
7293600.000
7244200.000
7238200.000
7225600.000
7278600.000
7304200.000
7305600.000
7333800.000
7307000.000
7315200.000
7269000.000
7278000.000
7337000.000
7291400.000
7317800.000
7381600.000
7344800.000
7384600.000
7338800.000
7325000.000
7272000.000
7219200.000
7276200.000
7286600.000
7328200.000
7305800.000
7379600.000
7363400.000
7390600.000
7427600.000
7361400.000
7415200.000
7405800.000
7416000.000
7412800.000
7439800.000
7410800.000
7370400.000
7400800.000
7402400.000
7400600.000
7434200.000
7424200.000
7451000.000
7459000.000
7405000.000
7468200.000
7335800.000
7342200.000
7371800.000
7366000.000
7336600.000
7307600.000
7382800.000
7355600.000
7367800.000
7355200.000
7344000.000
7360600.000
7361000.000
7418400.000
7374000.000
7363600.000
7389400.000
7310200.000
7350200.000
7317000.000
7316400.000
7281800.000
7314200.000
7325000.000
7374600.000
7343200.000
7327400.000
7295400.000
7247800.000
7238800.000
7238000.000
7294800.000
7261400.000
7268000.000
7279200.000
7346600.000
7309800.000
7286600.000
7186000.000
7231800.000
7222600.000
7255400.000
7263000.000
7219600.000
7291600.000
7300600.000
7286200.000
7224200.000
6804400.000
6829600.000
6764000.000
6806200.000
6814600.000
6866600.000
6829800.000
6861800.000
6848600.000
6924600.000
6971800.000
6923400.000
6942000.000
6987400.000
6973400.000
7041800.000
7006200.000
7013600.000
6985400.000
6922200.000
6884800.000
6864400.000
6804800.000
6784000.000
6907000.000
6886600.000
6843600.000
6945000.000
6917800.000
6948600.000
7003800.000
7027400.000
7061800.000
7026600.000
7092200.000
7050000.000
7036800.000
6984200.000
6993400.000
6930200.000
6921800.000
6957000.000
6992200.000
6964000.000
6975800.000
6977000.000
6956400.000
6975200.000
6907000.000
6930000.000
6858400.000
6815200.000
6711400.000
6669400.000
6581400.000
6580600.000
6474800.000
6487600.000
6443000.000
6474400.000
6478000.000
6534600.000
6635600.000
6706400.000
6819400.000
6949400.000
6973600.000
7165000.000
7076800.000
7204400.000
7177200.000
7211800.000
7212000.000
7183200.000
7104600.000
7108400.000
7059600.000
7096200.000
7147000.000
7125600.000
7142000.000
7161600.000
7138800.000
7066400.000
7047000.000
7071400.000
7053800.000
7129800.000
7139400.000
7100800.000
7143000.000
7136400.000
7116000.000
7137200.000
7184400.000
7160400.000
7201000.000
7180000.000
7220400.000
7166600.000
7135600.000
7198800.000
7235600.000
7234200.000
7241200.000
7214400.000
7225400.000
7182800.000
7191600.000
7194000.000
7208200.000
7240000.000
7282800.000
7308400.000
7257000.000
7214200.000
7237800.000
7228000.000
7209600.000
7269800.000
7317000.000
7282800.000
7263200.000
7291400.000
7190800.000
7186600.000
7207000.000
7140600.000
7171000.000
7170000.000
7177000.000
7203400.000
7316600.000
7355400.000
7303800.000
7307000.000
7331600.000
7388200.000
7347800.000
7337000.000
7343400.000
7355800.000
7386000.000
7391200.000
7374600.000
7342400.000
7353800.000
7368600.000
7368400.000
7363800.000
7369000.000
7367000.000
7373800.000
7335800.000
7350600.000
7319200.000
7311600.000
7316200.000
7305000.000
7346000.000
7312600.000
7348200.000
7366400.000
7345800.000
7348400.000
7292800.000
7378800.000
7339000.000
7342200.000
7365000.000
7364600.000
7364000.000
7356400.000
7337800.000
7342800.000
7316400.000
7344400.000
7300000.000
7306000.000
7309000.000
7253400.000
7295400.000
7279000.000
7253400.000
7313600.000
7329400.000
7295800.000
7267400.000
7335400.000
7299000.000
7261000.000
7235400.000
7249800.000
7203600.000
7275600.000
7275800.000
7320400.000
7268000.000
7252000.000
7389400.000
7277200.000
6837600.000
6771200.000
6749600.000
6782800.000
6801800.000
6844800.000
6819800.000
6813000.000
6882200.000
6837200.000
6993200.000
6958200.000
6948800.000
6949600.000
7074400.000
6968800.000
7020800.000
6990600.000
6918600.000
6880400.000
6849000.000
6861000.000
6837600.000
6873400.000
6883200.000
6888400.000
6927600.000
6877400.000
6980000.000
6994600.000
6992400.000
7043600.000
7055600.000
7087400.000
7002800.000
7006800.000
7002600.000
6942400.000
6974600.000
6930600.000
6935800.000
6969400.000
7044200.000
7046200.000
6992800.000
7047200.000
7040600.000
7015200.000
6972400.000
6941000.000
6862200.000
6851600.000
6783400.000
6701200.000
6730600.000
6712600.000
6638800.000
6573800.000
6527200.000
6620800.000
6642000.000
6663400.000
6780200.000
6858400.000
6998000.000
7084000.000
7080000.000
7159600.000
7223200.000
7240800.000
7244400.000
7230800.000
7255400.000
7187000.000
7098800.000
7109000.000
7128600.000
7083000.000
7159800.000
7180600.000
7191000.000
7183600.000
7104400.000
7122000.000
7095600.000
7157800.000
7165800.000
7140200.000
7138600.000
7180800.000
7209000.000
7164400.000
7136400.000
7184200.000
7216200.000
7214200.000
7219600.000
7272400.000
7309000.000
7240800.000
7263400.000
7256600.000
7274800.000
7266600.000
7311000.000
7236400.000
7251200.000
7243200.000
7237000.000
7261800.000
7289800.000
7284400.000
7286800.000
7321800.000
7305400.000
7303600.000
7261000.000
7325800.000
7358400.000
7252000.000
7332400.000
7359200.000
7356600.000
7330000.000
7295000.000
7258000.000
7274000.000
7265600.000
7241400.000
7331600.000
7321800.000
7261400.000
7335200.000
7357400.000
7437800.000
7364600.000
7419800.000
7371200.000
7371600.000
7422000.000
7402200.000
7365600.000
7382800.000
7314000.000
7363000.000
7372600.000
7399000.000
7415400.000
7367800.000
7385400.000
7353000.000
7343400.000
7389600.000
7334000.000
7367000.000
7360200.000
7290000.000
7363400.000
7296400.000
7319800.000
7366400.000
7332000.000
7312000.000
7336600.000
7277800.000
7323800.000
7311600.000
7342400.000
7326600.000
7302600.000
7308200.000
7355000.000
7282800.000
7272000.000
7296400.000
7262800.000
7261600.000
7280400.000
7236200.000
7239800.000
7264400.000
7272800.000
7215000.000
7183800.000
7238600.000
7193000.000
7251400.000
7251600.000
7234000.000
7233600.000
7247600.000
7249800.000
7206200.000
7257400.000
7243600.000
7289000.000
7294000.000
7279600.000
7351200.000
7334000.000
7303000.000
6758400.000
6720000.000
6751600.000
6734200.000
6736000.000
6714600.000
6677000.000
6728000.000
6860000.000
6855200.000
6949400.000
6909200.000
6901600.000
6819400.000
6972400.000
6984800.000
7004000.000
6982400.000
6888800.000
6804800.000
6816000.000
6882800.000
6765800.000
6868800.000
6859400.000
6896200.000
6870200.000
6905000.000
6929400.000
6974200.000
6986400.000
7022000.000
7056400.000
7047600.000
6985400.000
6983400.000
6958600.000
6964600.000
6933400.000
6951600.000
6970400.000
6973000.000
6999000.000
7001400.000
7016200.000
6986800.000
6956800.000
6984400.000
6945200.000
6895200.000
6873600.000
6850600.000
6832600.000
6800400.000
6756400.000
6741400.000
6676000.000
6620000.000
6644600.000
6568000.000
6761800.000
6781800.000
6850200.000
6935600.000
7006800.000
7080800.000
7169600.000
7201200.000
7199600.000
7168800.000
7168000.000
7112000.000
7159800.000
7068800.000
7054800.000
7000200.000
7091000.000
7096800.000
7027800.000
7080600.000
7116200.000
7055800.000
7051800.000
7068400.000
7045000.000
7148600.000
7067400.000
7056400.000
7059200.000
7088000.000
7113000.000
7100800.000
7088000.000
7071800.000
7132000.000
7135200.000
7198600.000
7166800.000
7178400.000
7174000.000
7205000.000
7207600.000
7210200.000
7137200.000
7130600.000
7123000.000
7159200.000
7142800.000
7131000.000
7137400.000
7133200.000
7174200.000
7191200.000
7182400.000
7190400.000
7179600.000
7202400.000
7199600.000
7211000.000
7204400.000
7214600.000
7180600.000
7232000.000
7229000.000
7201000.000
7283200.000
7207000.000
7184600.000
7238400.000
7237800.000
7209000.000
7284800.000
7217000.000
7226000.000
7282200.000
7349200.000
7333400.000
7291600.000
7326200.000
7409000.000
7292000.000
7335000.000
7319400.000
7326600.000
7308200.000
7316800.000
7284600.000
7246000.000
7304600.000
7303600.000
7276000.000
7293400.000
7195000.000
7235600.000
7262800.000
7233800.000
7300400.000
7274400.000
7220600.000
7272200.000
7246400.000
7268800.000
7223800.000
7283400.000
7223600.000
7208200.000
7244200.000
7293200.000
7254200.000
7196200.000
7252200.000
7251800.000
7204600.000
7227600.000
7202400.000
7217000.000
7217000.000
7175000.000
7243600.000
7228600.000
7236400.000
7184000.000
7192000.000
7180000.000
7174600.000
7189200.000
7223600.000
7220800.000
7189400.000
7174800.000
7220200.000
7246800.000
7126800.000
7193600.000
7223200.000
7254600.000
7207600.000
7206200.000
7257600.000
7263200.000
7249800.000
6706000.000
6757800.000
6689600.000
6679000.000
6667800.000
6688600.000
6703400.000
6742800.000
6819800.000
6788600.000
6895200.000
6853000.000
6824400.000
6871000.000
6993200.000
6963600.000
7013600.000
6885600.000
6835200.000
6821200.000
6882000.000
6904800.000
6897600.000
6883400.000
6859400.000
6929400.000
6940400.000
6949000.000
6915000.000
6939600.000
6983600.000
6972200.000
7006400.000
6917000.000
6916000.000
6974200.000
6945000.000
6959200.000
6957200.000
6971000.000
6987400.000
6971800.000
7042600.000
6979400.000
6964800.000
7027600.000
6998400.000
6975400.000
6942400.000
6940400.000
6935600.000
6884600.000
6830600.000
6848200.000
6805200.000
6794400.000
6742400.000
6782200.000
6785200.000
6861000.000
6863200.000
6944200.000
6994600.000
7085200.000
7116800.000
7230800.000
7243400.000
7264600.000
7200000.000
7150200.000
7172000.000
7130400.000
7073800.000
7082400.000
7055200.000
7073200.000
7106400.000
7123000.000
7094000.000
7068400.000
7011400.000
7085400.000
7018000.000
7040600.000
7061200.000
7030400.000
7117200.000
7105000.000
7049200.000
7051200.000
7130600.000
7088800.000
7070400.000
7132800.000
7140400.000
7184400.000
7193600.000
7183400.000
7169200.000
7228400.000
7201400.000
7236600.000
7186400.000
7117000.000
7147800.000
7097000.000
7131400.000
7070600.000
7127200.000
7151200.000
7190800.000
7256000.000
7247000.000
7247800.000
7245200.000
7266000.000
7271400.000
7242600.000
7273800.000
7247600.000
7249200.000
7273000.000
7286400.000
7214000.000
7212800.000
7180400.000
7211600.000
7216800.000
7249800.000
7232200.000
7282200.000
7259400.000
7340800.000
7250000.000
7280000.000
7321600.000
7309800.000
7332000.000
7417000.000
7361800.000
7306600.000
7376400.000
7324000.000
7260400.000
7273800.000
7270000.000
7285400.000
7302000.000
7264200.000
7243000.000
7327400.000
7252600.000
7296200.000
7266200.000
7285800.000
7297200.000
7291600.000
7335200.000
7323200.000
7289600.000
7263200.000
7271000.000
7263200.000
7306800.000
7283000.000
7279000.000
7228200.000
7239600.000
7234400.000
7240400.000
7277800.000
7224600.000
7246800.000
7281000.000
7271000.000
7211600.000
7294800.000
7234400.000
7243000.000
7253400.000
7243200.000
7294400.000
7310600.000
7262400.000
7269000.000
7252800.000
7228000.000
7244200.000
7243000.000
7203600.000
7236000.000
7144200.000
7230800.000
7249600.000
7252400.000
7232000.000
7258800.000
7296200.000
7289000.000
7284400.000
7189400.000
6666400.000
6677400.000
6666200.000
6638000.000
6623400.000
6606800.000
6673200.000
6671200.000
6759200.000
6755800.000
6871000.000
6833600.000
6847000.000
6856200.000
6923800.000
6943400.000
7008000.000
6969800.000
6925400.000
6903000.000
6874400.000
6854200.000
6921200.000
6873400.000
6894000.000
6905400.000
6909800.000
6923000.000
6957000.000
6951800.000
7028800.000
6943400.000
7019200.000
6973000.000
6988000.000
6935000.000
6957600.000
6982800.000
6959200.000
7020200.000
7009400.000
6998400.000
7020400.000
7004600.000
6974400.000
6997000.000
7030800.000
7026600.000
6991600.000
6977400.000
6961200.000
6955800.000
6914800.000
6892000.000
6896200.000
6921400.000
6833200.000
6885400.000
6888600.000
6931800.000
6990800.000
7021200.000
7122600.000
7141000.000
7161400.000
7221000.000
7267400.000
7212800.000
7210200.000
7179400.000
7174200.000
7091800.000
7067600.000
7091400.000
7068400.000
7102600.000
7105600.000
7201400.000
7151400.000
7110400.000
7095000.000
7122000.000
7125200.000
7025400.000
7145400.000
7094400.000
7098000.000
7093400.000
7067200.000
7193400.000
7104200.000
7142600.000
7173200.000
7177800.000
7174400.000
7145600.000
7183400.000
7177800.000
7201200.000
7258000.000
7169000.000
7197600.000
7185400.000
7210800.000
7221000.000
7144000.000
7167200.000
7131000.000
7126000.000
7138000.000
7169000.000
7239200.000
7274400.000
7302000.000
7303400.000
7234000.000
7247600.000
7248000.000
7277000.000
7251400.000
7272000.000
7291000.000
7334400.000
7279000.000
7319600.000
7226200.000
7231000.000
7249400.000
7264000.000
7282000.000
7202400.000
7280400.000
7316000.000
7336200.000
7314400.000
7364200.000
7357200.000
7336200.000
7357200.000
7434600.000
7349800.000
7324200.000
7274800.000
7279800.000
7303000.000
7208200.000
7214400.000
7270400.000
7188800.000
7304200.000
7302400.000
7258400.000
7313800.000
7293800.000
7344200.000
7339800.000
7326200.000
7324200.000
7273600.000
7254000.000
7282600.000
7299200.000
7239400.000
7281800.000
7272000.000
7272600.000
7302000.000
7308000.000
7249400.000
7244000.000
7276600.000
7205000.000
7273400.000
7186000.000
7203400.000
7249800.000
7218200.000
7244400.000
7253400.000
7264400.000
7240000.000
7243800.000
7291800.000
7271200.000
7220600.000
7181600.000
7177400.000
7194000.000
7257000.000
7217400.000
7170200.000
7234600.000
7198400.000
7165600.000
7246800.000
7268600.000
7249400.000
7251000.000
7236600.000
7210200.000
7203400.000
6624200.000
6588400.000
6643600.000
6582200.000
6552800.000
6615600.000
6649200.000
6609200.000
6703200.000
6776200.000
6799600.000
6747000.000
6772200.000
6847200.000
6886200.000
6947600.000
6944400.000
6944000.000
6963200.000
6917200.000
6927000.000
6931200.000
6978400.000
6926600.000
6926400.000
6905200.000
6956400.000
6931600.000
6972400.000
6953600.000
6971800.000
7016000.000
6966800.000
6965400.000
6974600.000
7005000.000
7029800.000
7011800.000
7016800.000
7028800.000
7039200.000
7047000.000
7044600.000
7070200.000
7016200.000
7064800.000
7092600.000
7099800.000
7084600.000
7023800.000
7028400.000
7021200.000
7011800.000
6984200.000
7014800.000
7045200.000
7011800.000
7038600.000
7058400.000
7124400.000
7179800.000
7232600.000
7219000.000
7267800.000
7289000.000
7293400.000
7268600.000
7252800.000
7241400.000
7171800.000
7140800.000
7144800.000
7153800.000
7144200.000
7084600.000
7149400.000
7159600.000
7091200.000
7112400.000
7130000.000
7096200.000
7051000.000
7062600.000
7050200.000
7052000.000
7042200.000
7119800.000
7143600.000
7168400.000
7098200.000
7120600.000
7108800.000
7116400.000
7213800.000
7173000.000
7209200.000
7176400.000
7159400.000
7187800.000
7186200.000
7198400.000
7139000.000
7129000.000
7143400.000
7137600.000
7110600.000
7073400.000
7060200.000
7106000.000
7216000.000
7166400.000
7211600.000
7278000.000
7279800.000
7260200.000
7232200.000
7247400.000
7230600.000
7210000.000
7237000.000
7230600.000
7248600.000
7291600.000
7258800.000
7191200.000
7219800.000
7228200.000
7204600.000
7244800.000
7266800.000
7244000.000
7279600.000
7270800.000
7313600.000
7251400.000
7372600.000
7292400.000
7350800.000
7392400.000
7404400.000
7321400.000
7286000.000
7274800.000
7236600.000
7255000.000
7191600.000
7212800.000
7180200.000
7193000.000
7260600.000
7289600.000
7302600.000
7358400.000
7282400.000
7314000.000
7277600.000
7285000.000
7293400.000
7252400.000
7312600.000
7307400.000
7250400.000
7266600.000
7309200.000
7254400.000
7302400.000
7216800.000
7198400.000
7205600.000
7276200.000
7215800.000
7222800.000
7190600.000
7233400.000
7235800.000
7238200.000
7240000.000
7225600.000
7165400.000
7238200.000
7257200.000
7225600.000
7273400.000
7245000.000
7236800.000
7194400.000
7200400.000
7180800.000
7186800.000
7191000.000
7186400.000
7160200.000
7157600.000
7210000.000
7266200.000
7266800.000
7258800.000
7185200.000
7232800.000
7256800.000
7168600.000
6630400.000
6607400.000
6577000.000
6522800.000
6515400.000
6493200.000
6591400.000
6587400.000
6614200.000
6695600.000
6700600.000
6681000.000
6763800.000
6798000.000
6905600.000
6914400.000
6949200.000
6893400.000
6938400.000
6967800.000
6960200.000
6972200.000
7004600.000
6963800.000
6960400.000
6923800.000
6968400.000
6952000.000
6944000.000
6975400.000
6999200.000
6943000.000
6951400.000
6963000.000
6974600.000
7005600.000
7007400.000
7031600.000
7009600.000
7031800.000
7077000.000
7055600.000
7087400.000
7014600.000
7081000.000
7052000.000
7022600.000
7013200.000
7073400.000
7047800.000
7112200.000
7123600.000
7132200.000
7054400.000
7070000.000
7099400.000
7125800.000
7190800.000
7248600.000
7234800.000
7209200.000
7302400.000
7343200.000
7362000.000
7302800.000
7271200.000
7240600.000
7259000.000
7193800.000
7158000.000
7161600.000
7096800.000
7053800.000
7030200.000
7004000.000
7099000.000
7098800.000
7148400.000
7139000.000
7111400.000
7097400.000
7135400.000
7129400.000
7134600.000
7124800.000
7062200.000
7101600.000
7181800.000
7143400.000
7096200.000
7057200.000
7133000.000
7145200.000
7135600.000
7135000.000
7210200.000
7176400.000
7231200.000
7194200.000
7177800.000
7232200.000
7186600.000
7223400.000
7213800.000
7067600.000
7163800.000
7121400.000
7179200.000
7155800.000
7215600.000
7291400.000
7321000.000
7268800.000
7280200.000
7292600.000
7315000.000
7259800.000
7259200.000
7294800.000
7286400.000
7288600.000
7204800.000
7300800.000
7241000.000
7242000.000
7252600.000
7229000.000
7222000.000
7285800.000
7249600.000
7246800.000
7287800.000
7271600.000
7298400.000
7370400.000
7281800.000
7305800.000
7311800.000
7288200.000
7391600.000
7288600.000
7177200.000
7147000.000
7178800.000
7161800.000
7119800.000
7124000.000
7122000.000
7115400.000
7166800.000
7271600.000
7270400.000
7240800.000
7234600.000
7349400.000
7298000.000
7348600.000
7330400.000
7267600.000
7213800.000
7196600.000
7247600.000
7230200.000
7234400.000
7262000.000
7176600.000
7236000.000
7199000.000
7175200.000
7162800.000
7206600.000
7195800.000
7137000.000
7182800.000
7223000.000
7223400.000
7211600.000
7178800.000
7164200.000
7175400.000
7215200.000
7220800.000
7248000.000
7203600.000
7252000.000
7201600.000
7229400.000
7166200.000
7215800.000
7159200.000
7119200.000
7153000.000
7163800.000
7216600.000
7179800.000
7146800.000
7227800.000
7195600.000
7227200.000
7219200.000
7208600.000
6604400.000
6534600.000
6483600.000
6466400.000
6472200.000
6467800.000
6474200.000
6478400.000
6512600.000
6527200.000
6527800.000
6607600.000
6637600.000
6675200.000
6781200.000
6828400.000
6854600.000
6896000.000
6921200.000
6867800.000
6927200.000
6931400.000
6913800.000
6933000.000
6894200.000
6831400.000
6856000.000
6866600.000
6925200.000
6900000.000
6882200.000
6972400.000
6959400.000
6960400.000
6965000.000
7006400.000
6992000.000
6988400.000
7008600.000
7029800.000
6977400.000
7043400.000
7016000.000
7073200.000
7013800.000
6993600.000
7012600.000
7028400.000
7013400.000
7060000.000
7053000.000
7079200.000
7104200.000
7060000.000
7079200.000
7086200.000
7105600.000
7161000.000
7242600.000
7246400.000
7259000.000
7240200.000
7360800.000
7312400.000
7321200.000
7190400.000
7141800.000
7166200.000
7122000.000
7116400.000
7035600.000
7032000.000
6968600.000
7063400.000
7078400.000
7047200.000
7073600.000
7008200.000
7026800.000
7040600.000
7054400.000
7049000.000
7038800.000
7053200.000
7043200.000
7005600.000
7098000.000
7061400.000
7096400.000
7070400.000
7035600.000
7035800.000
7065600.000
7093400.000
7112400.000
7142800.000
7117400.000
7204000.000
7178000.000
7199400.000
7134000.000
7113400.000
7025200.000
6999000.000
7025000.000
6989200.000
7073000.000
7072600.000
7119400.000
7173600.000
7210200.000
7224600.000
7257800.000
7259200.000
7176800.000
7169800.000
7212200.000
7256000.000
7177400.000
7212600.000
7208600.000
7213600.000
7195400.000
7253400.000
7209800.000
7219000.000
7233400.000
7232400.000
7205600.000
7178400.000
7214400.000
7221200.000
7144200.000
7234800.000
7273800.000
7220400.000
7266200.000
7242400.000
7300000.000
7274400.000
7185200.000
7100200.000
7174400.000
7083200.000
7001200.000
7100200.000
7016800.000
7085200.000
7181600.000
7256400.000
7283600.000
7321800.000
7302600.000
7242200.000
7304600.000
7240600.000
7252000.000
7202400.000
7253800.000
7156400.000
7208600.000
7227000.000
7212200.000
7255600.000
7230000.000
7225200.000
7223600.000
7184600.000
7234000.000
7145600.000
7138200.000
7196600.000
7166400.000
7182000.000
7144200.000
7268000.000
7182800.000
7215600.000
7185000.000
7160400.000
7163000.000
7202400.000
7178200.000
7236800.000
7222000.000
7179400.000
7194400.000
7225400.000
7216400.000
7140800.000
7203600.000
7167800.000
7205000.000
7143800.000
7203000.000
7239400.000
7202400.000
7168000.000
7178600.000
7226200.000
7262000.000
6613400.000
6598400.000
6517600.000
6459800.000
6442800.000
6534800.000
6432000.000
6454800.000
6504600.000
6536200.000
6539600.000
6573400.000
6584400.000
6672400.000
6751600.000
6769200.000
6811200.000
6870400.000
6860600.000
6879800.000
6953200.000
6931000.000
6899400.000
6904800.000
6895800.000
6857600.000
6860200.000
6867000.000
6844800.000
6898600.000
6914800.000
6904600.000
6904600.000
6870600.000
6934400.000
6968400.000
6973200.000
6993800.000
6909400.000
6964600.000
6976800.000
6959400.000
6989400.000
6975200.000
6947600.000
6996400.000
6980600.000
7042000.000
7024400.000
7008200.000
7074200.000
7058600.000
7090000.000
7124400.000
7116600.000
7106800.000
7128000.000
7209800.000
7270600.000
7234600.000
7307400.000
7332600.000
7314800.000
7329000.000
7260400.000
7190200.000
7183400.000
7130600.000
7124400.000
7043400.000
7038200.000
7012600.000
7043400.000
7062200.000
7047200.000
7083200.000
7055200.000
7061200.000
7090000.000
7056800.000
7084800.000
7102200.000
7070400.000
7069200.000
7100400.000
7145600.000
7109800.000
7125800.000
7166200.000
7138800.000
7120000.000
7088600.000
7133400.000
7138800.000
7107200.000
7170600.000
7160800.000
7222400.000
7171400.000
7199600.000
7217400.000
7155800.000
7151400.000
7112600.000
7066200.000
7057800.000
7033600.000
7129200.000
7144400.000
7230200.000
7231200.000
7293400.000
7275000.000
7293400.000
7290000.000
7236400.000
7242000.000
7185400.000
7265800.000
7221600.000
7244800.000
7241600.000
7275000.000
7283600.000
7225400.000
7206800.000
7216800.000
7244800.000
7212800.000
7259600.000
7200400.000
7245600.000
7241800.000
7257200.000
7295000.000
7268200.000
7281600.000
7334200.000
7296800.000
7217400.000
7155800.000
7096600.000
7064800.000
7029400.000
6932400.000
7028200.000
6961200.000
7015000.000
7134400.000
7229000.000
7243600.000
7234400.000
7219800.000
7308600.000
7277600.000
7283400.000
7280800.000
7232800.000
7217800.000
7219000.000
7238000.000
7223800.000
7196000.000
7172600.000
7211800.000
7154400.000
7234600.000
7177600.000
7164400.000
7159800.000
7169800.000
7163000.000
7151000.000
7159000.000
7153800.000
7168200.000
7140000.000
7146000.000
7137000.000
7158600.000
7195400.000
7148600.000
7208200.000
7235600.000
7274000.000
7205600.000
7200200.000
7171600.000
7212600.000
7164000.000
7233600.000
7154600.000
7185400.000
7219200.000
7143600.000
7159800.000
7199400.000
7162200.000
7122600.000
7213800.000
7199600.000
6671400.000
6671400.000
6652400.000
6584000.000
6554000.000
6497800.000
6524400.000
6550000.000
6585200.000
6598400.000
6573600.000
6646600.000
6672200.000
6788200.000
6788600.000
6882000.000
6875800.000
6968600.000
6916600.000
6957000.000
7012800.000
6973000.000
6949400.000
6944400.000
6907000.000
6992400.000
6935200.000
6948600.000
6953200.000
7031800.000
6989200.000
6956000.000
7035800.000
6979400.000
7039200.000
7050800.000
7040400.000
6979200.000
6995800.000
7023800.000
7032000.000
7018800.000
7073600.000
6998400.000
6969000.000
7047600.000
6987400.000
7060000.000
7050000.000
7057000.000
7073800.000
7137200.000
7157400.000
7113600.000
7134800.000
7188400.000
7137000.000
7216800.000
7276600.000
7294600.000
7242800.000
7292400.000
7285600.000
7279200.000
7152800.000
7176600.000
7127400.000
7080400.000
7094200.000
7056600.000
7049800.000
7040200.000
7046400.000
7030400.000
7063000.000
7092400.000
7102000.000
7073400.000
7056400.000
7112600.000
7097800.000
7106800.000
7115200.000
7091600.000
7056600.000
7174600.000
7042800.000
7164400.000
7111200.000
7089600.000
7064000.000
7102000.000
7110400.000
7091400.000
7142200.000
7132000.000
7199800.000
7136800.000
7140200.000
7143000.000
7146600.000
7131200.000
7088600.000
7074800.000
7154800.000
7042200.000
7135400.000
7107200.000
7206000.000
7237200.000
7204000.000
7263800.000
7235200.000
7236800.000
7218200.000
7190800.000
7167200.000
7251800.000
7263800.000
7210800.000
7218400.000
7175600.000
7248400.000
7231000.000
7201800.000
7235400.000
7221000.000
7252400.000
7213400.000
7233600.000
7237600.000
7216600.000
7242200.000
7208800.000
7239800.000
7298200.000
7321600.000
7307800.000
7232000.000
7262800.000
7125400.000
7125000.000
7084400.000
6978800.000
7051800.000
6925000.000
7009200.000
7109800.000
7152400.000
7203600.000
7289000.000
7252800.000
7248000.000
7263000.000
7307600.000
7307600.000
7263600.000
7261000.000
7274200.000
7246400.000
7254800.000
7267800.000
7253200.000
7198000.000
7209400.000
7159400.000
7172400.000
7117200.000
7130400.000
7142000.000
7126800.000
7154400.000
7170200.000
7152400.000
7173800.000
7132600.000
7121400.000
7164800.000
7125400.000
7149000.000
7127800.000
7178600.000
7214000.000
7214400.000
7264600.000
7274400.000
7208800.000
7148600.000
7130600.000
7136800.000
7155600.000
7169600.000
7134600.000
7137200.000
7130000.000
7168800.000
7140800.000
7172800.000
7162400.000
7218800.000
7194600.000
6774400.000
6720200.000
6708400.000
6646400.000
6616400.000
6614000.000
6507200.000
6566600.000
6517000.000
6575200.000
6597200.000
6678000.000
6717200.000
6676800.000
6824200.000
6863800.000
6919200.000
6879400.000
6907800.000
6970600.000
6917600.000
6926600.000
6941000.000
6941800.000
6947200.000
6956000.000
6912800.000
6905400.000
6903400.000
6863600.000
6950400.000
6978800.000
6974200.000
6967000.000
6976000.000
6970000.000
7034200.000
6953600.000
6958000.000
7020400.000
6989600.000
6929000.000
6935600.000
6929200.000
6926200.000
6992200.000
6940800.000
6978000.000
6946800.000
6954600.000
7011000.000
7011000.000
7045200.000
7045600.000
7096400.000
7122800.000
7025800.000
7123800.000
7108200.000
7124600.000
7171600.000
7138400.000
7115000.000
7112400.000
7054800.000
7017200.000
6981800.000
6998400.000
6972600.000
6979200.000
6985600.000
7012800.000
7035200.000
7046200.000
7067400.000
7048400.000
7124200.000
7075400.000
7024000.000
7072200.000
7086000.000
7064200.000
7134000.000
7070400.000
7114400.000
7078200.000
7089800.000
7092400.000
7027000.000
7072400.000
7066800.000
7129200.000
7120600.000
7108400.000
7096600.000
7173600.000
7127200.000
7138800.000
7136400.000
7172400.000
7102400.000
7127600.000
7060000.000
7093400.000
7142600.000
7099400.000
7134200.000
7233600.000
7227000.000
7195800.000
7281800.000
7241800.000
7204200.000
7262600.000
7257200.000
7207800.000
7192800.000
7190600.000
7240000.000
7230000.000
7183400.000
7213400.000
7159200.000
7176200.000
7168000.000
7234800.000
7201400.000
7209600.000
7211800.000
7228400.000
7180200.000
7269200.000
7219600.000
7163400.000
7256800.000
7200600.000
7234000.000
7239800.000
7206200.000
7132400.000
7080400.000
7017600.000
6960800.000
6947400.000
6925200.000
6913600.000
6939400.000
6934600.000
7066200.000
7103200.000
7158400.000
7181200.000
7172600.000
7255000.000
7234200.000
7194200.000
7204400.000
7114400.000
7160000.000
7194000.000
7162800.000
7120400.000
7119800.000
7218600.000
7162600.000
7159000.000
7141800.000
7094600.000
7056600.000
7046600.000
7070400.000
7090000.000
7098400.000
7102400.000
7062800.000
7092600.000
7123600.000
7061000.000
7064800.000
7024800.000
7082400.000
7043000.000
7091000.000
7134600.000
7161000.000
7116200.000
7171600.000
7143000.000
7142800.000
7124400.000
7111200.000
7117000.000
7106200.000
7185200.000
7121800.000
7044400.000
7102000.000
7134800.000
7119200.000
7144600.000
7123000.000
6761200.000
6789200.000
6747400.000
6673400.000
6626400.000
6637800.000
6605000.000
6578600.000
6538400.000
6656600.000
6628000.000
6624800.000
6674200.000
6723000.000
6789800.000
6865600.000
6891800.000
6903200.000
6936800.000
6949800.000
6943000.000
6958000.000
6945400.000
6895800.000
6946200.000
6925000.000
6941600.000
6963000.000
6949800.000
6995600.000
7065400.000
7039200.000
6985000.000
6986200.000
6990000.000
7029600.000
6971200.000
6985200.000
6996800.000
7007000.000
7008600.000
7024000.000
6987600.000
7010400.000
7057600.000
7016600.000
6996200.000
7026600.000
7069800.000
7054600.000
7097000.000
7048600.000
7108600.000
7103600.000
7088600.000
7070600.000
7083400.000
7138800.000
7124000.000
7158200.000
7140200.000
7067800.000
7118200.000
7079200.000
7011400.000
7020200.000
7026000.000
6961800.000
7049200.000
6984800.000
7067800.000
7033200.000
7055200.000
7060000.000
7009800.000
7045200.000
7104400.000
7032400.000
7050200.000
7066800.000
7019800.000
7104200.000
7040800.000
7058600.000
7088600.000
7059000.000
7089200.000
7061200.000
7035000.000
7058200.000
7121200.000
7061400.000
7058000.000
7121200.000
7094000.000
7152000.000
7175000.000
7159600.000
7139200.000
7083400.000
7154400.000
7147000.000
7107200.000
7113600.000
7146200.000
7146200.000
7145400.000
7184200.000
7216000.000
7219000.000
7239800.000
7243400.000
7273200.000
7219400.000
7211200.000
7231000.000
7228600.000
7217600.000
7237400.000
7273400.000
7217600.000
7183600.000
7229200.000
7239600.000
7285200.000
7196800.000
7274000.000
7184200.000
7212400.000
7181800.000
7233600.000
7248600.000
7214400.000
7189800.000
7211400.000
7242200.000
7230600.000
7179800.000
7184000.000
7123400.000
7110600.000
7103200.000
7026800.000
6962200.000
6934200.000
6994200.000
7053400.000
7096600.000
7150400.000
7179000.000
7197600.000
7217000.000
7233000.000
7245000.000
7259000.000
7262800.000
7228400.000
7172000.000
7201400.000
7241400.000
7199400.000
7200600.000
7191200.000
7195600.000
7158800.000
7138000.000
7118800.000
7121800.000
7100600.000
7115600.000
7123400.000
7085400.000
7129200.000
7087400.000
7106600.000
7067000.000
7024400.000
7032200.000
7048200.000
7056200.000
7073800.000
7127600.000
7178600.000
7138800.000
7152800.000
7127600.000
7215000.000
7142000.000
7180000.000
7110200.000
7106800.000
7101200.000
7098000.000
7102200.000
7095200.000
7098400.000
7087800.000
7034400.000
7068800.000
7085200.000
7131200.000
6810600.000
6838000.000
6812400.000
6744800.000
6735000.000
6675800.000
6648200.000
6644800.000
6595600.000
6660800.000
6631800.000
6680800.000
6729800.000
6778200.000
6811000.000
6865400.000
6869600.000
6911200.000
6902200.000
6896000.000
7001000.000
6964200.000
6886800.000
6955800.000
6986000.000
6970600.000
6916600.000
6966800.000
6976000.000
7003400.000
6967000.000
6991000.000
6973800.000
6982000.000
7010800.000
6995600.000
7000000.000
6993800.000
6923800.000
6967000.000
7009000.000
6998800.000
6977200.000
6955600.000
7011600.000
6969600.000
6990400.000
7034800.000
7027400.000
7043200.000
7063400.000
7042000.000
7097600.000
7099400.000
7059400.000
7122000.000
7119800.000
7080800.000
7094600.000
7088200.000
7129400.000
7054600.000
7049200.000
7048200.000
7030600.000
7000800.000
7006800.000
7027000.000
7044600.000
7006200.000
7065600.000
7068000.000
7075000.000
7107400.000
7114400.000
7151000.000
7108000.000
7120000.000
7092600.000
7072800.000
7057200.000
7113200.000
7058000.000
7105800.000
7097800.000
7115000.000
7094200.000
7057200.000
7090800.000
7100800.000
7099600.000
7127200.000
7111000.000
7121600.000
7152400.000
7223200.000
7201400.000
7204400.000
7139000.000
7196200.000
7132400.000
7166000.000
7126600.000
7126800.000
7189400.000
7126400.000
7187200.000
7258400.000
7200000.000
7185200.000
7225800.000
7141600.000
7195800.000
7177800.000
7162200.000
7180200.000
7248200.000
7144800.000
7230800.000
7191800.000
7201800.000
7199800.000
7265200.000
7157200.000
7165200.000
7192800.000
7252000.000
7157200.000
7184000.000
7207600.000
7272200.000
7206400.000
7174600.000
7183800.000
7190800.000
7175400.000
7195600.000
7155600.000
7173600.000
7110000.000
7180600.000
7116400.000
7023200.000
6992400.000
7013400.000
6998800.000
7038200.000
7138400.000
7164200.000
7217200.000
7177800.000
7159600.000
7184400.000
7236200.000
7206800.000
7258000.000
7291800.000
7226000.000
7245600.000
7209800.000
7162600.000
7198800.000
7196800.000
7178600.000
7202600.000
7206600.000
7131600.000
7136600.000
7122000.000
7102800.000
7074200.000
7074400.000
7164400.000
7094600.000
7097400.000
7113600.000
7108200.000
7045600.000
7113400.000
7081600.000
7124800.000
7111200.000
7171600.000
7187600.000
7157600.000
7197000.000
7224200.000
7232000.000
7211800.000
7171600.000
7140000.000
7145000.000
7154800.000
7144800.000
7104200.000
7122200.000
7098000.000
7118400.000
7083000.000
7102800.000
7154600.000
6858000.000
6842200.000
6888800.000
6829200.000
6831200.000
6761800.000
6779400.000
6699000.000
6737600.000
6743000.000
6751800.000
6778600.000
6784400.000
6810600.000
6902200.000
6860800.000
6945800.000
6911400.000
6941600.000
6936000.000
6931000.000
6951000.000
6929800.000
6931600.000
6946800.000
6854400.000
6922000.000
6905200.000
6952200.000
6958800.000
6928200.000
6997600.000
6953000.000
6913800.000
6937800.000
6999000.000
6943200.000
6957000.000
6974200.000
6963200.000
6952800.000
6963000.000
7033200.000
6938600.000
7004800.000
7003600.000
7021200.000
7008000.000
7010000.000
7046200.000
6994400.000
7082200.000
7056200.000
7049600.000
7010400.000
7026600.000
7061000.000
7032600.000
7042000.000
7040400.000
6984600.000
6976800.000
6997600.000
6962200.000
6990000.000
6978800.000
7022800.000
7101000.000
7034600.000
7099800.000
7061800.000
7049200.000
7099000.000
7091600.000
7048800.000
7121000.000
7052400.000
6995400.000
7109600.000
7081600.000
7090800.000
7062600.000
7070600.000
7106200.000
7063000.000
7068600.000
7091600.000
7077200.000
7091000.000
7117200.000
7164400.000
7121000.000
7153600.000
7134000.000
7163000.000
7160200.000
7194800.000
7128400.000
7146400.000
7129000.000
7175200.000
7163000.000
7142200.000
7166400.000
7077400.000
7127600.000
7205800.000
7229400.000
7192400.000
7270600.000
7200600.000
7177800.000
7171800.000
7171600.000
7207600.000
7152200.000
7184400.000
7181000.000
7198800.000
7204200.000
7233800.000
7194200.000
7211600.000
7208200.000
7266200.000
7209400.000
7145000.000
7210400.000
7208400.000
7225000.000
7212600.000
7222400.000
7189800.000
7215600.000
7101600.000
7139000.000
7129800.000
7130200.000
7145800.000
7189000.000
7097800.000
7043400.000
7081400.000
7011800.000
7082200.000
7078000.000
7160600.000
7166000.000
7184600.000
7134400.000
7130600.000
7144000.000
7215000.000
7165200.000
7235600.000
7214400.000
7161600.000
7215400.000
7165200.000
7184800.000
7217200.000
7237000.000
7211800.000
7236600.000
7108000.000
7159200.000
7155200.000
7130000.000
7090200.000
7167400.000
7070400.000
7147600.000
7134000.000
7087600.000
7073600.000
7049600.000
7092800.000
7073200.000
7023200.000
7068200.000
7041600.000
7071800.000
7183000.000
7122400.000
7210800.000
7148400.000
7181200.000
7185400.000
7122600.000
7138800.000
7145800.000
7083000.000
7113000.000
7080400.000
7103200.000
7041600.000
7089600.000
7082600.000
7099800.000
7094400.000
7131000.000
6921200.000
6917800.000
6911000.000
6893800.000
6898400.000
6852800.000
6837200.000
6799600.000
6848200.000
6873200.000
6826800.000
6846600.000
6823600.000
6868000.000
6889000.000
6911800.000
6911200.000
6915800.000
6924200.000
6904000.000
6922600.000
6922000.000
6953800.000
6836000.000
6893200.000
6906000.000
6900000.000
6984200.000
6968200.000
7015800.000
6957800.000
7015200.000
6928200.000
6982600.000
6976400.000
7042400.000
6993400.000
6965000.000
6982600.000
6988000.000
6972800.000
6947400.000
6954800.000
7019600.000
6955600.000
6999400.000
6949600.000
6989400.000
6997000.000
7016400.000
7061000.000
7106000.000
7036000.000
7033200.000
7003200.000
6956800.000
6997200.000
7010200.000
6977600.000
6981400.000
7004000.000
6983000.000
7003600.000
6983200.000
7028000.000
6992000.000
7027800.000
7035400.000
7005600.000
7116400.000
7064200.000
7052400.000
7089000.000
7154400.000
7059200.000
7131800.000
7053400.000
7107000.000
7050600.000
7011200.000
7045000.000
6985800.000
7036600.000
7107200.000
7131000.000
7074800.000
7062800.000
7129800.000
7045600.000
7122600.000
7143400.000
7118400.000
7136200.000
7116000.000
7150600.000
7213800.000
7140800.000
7151000.000
7114600.000
7147200.000
7159000.000
7074200.000
7095600.000
7100400.000
7158600.000
7194000.000
7164000.000
7162800.000
7235400.000
7176600.000
7129400.000
7198000.000
7145200.000
7167200.000
7237200.000
7199600.000
7198200.000
7151600.000
7210400.000
7252800.000
7222600.000
7213400.000
7225000.000
7163400.000
7254000.000
7229600.000
7202000.000
7190200.000
7138800.000
7180400.000
7189000.000
7189600.000
7164600.000
7167200.000
7191200.000
7154200.000
7177400.000
7171000.000
7153600.000
7129600.000
7144800.000
7085600.000
7106200.000
7063600.000
7086000.000
7202800.000
7108000.000
7180000.000
7220200.000
7170600.000
7184600.000
7155800.000
7150800.000
7211600.000
7232600.000
7243000.000
7254400.000
7212200.000
7235000.000
7234600.000
7215800.000
7284200.000
7286400.000
7222000.000
7174200.000
7201400.000
7154000.000
7218400.000
7202000.000
7185600.000
7184200.000
7205800.000
7183800.000
7189400.000
7172000.000
7115600.000
7114000.000
7125200.000
7072000.000
7140400.000
7145200.000
7123400.000
7152200.000
7190600.000
7166600.000
7251200.000
7293600.000
7257400.000
7203800.000
7212000.000
7156400.000
7153600.000
7141000.000
7136800.000
7096200.000
7085400.000
7097000.000
7121000.000
7141400.000
7092800.000
7177000.000
6923600.000
6963200.000
6953600.000
6958200.000
6910600.000
6906800.000
6884000.000
6905800.000
6910800.000
6908400.000
6920000.000
6912400.000
6945600.000
6965800.000
6954800.000
6992800.000
6958600.000
6992000.000
6894000.000
6932800.000
6908600.000
6929200.000
6869200.000
6898000.000
6882400.000
6912600.000
6949200.000
6862200.000
6950600.000
7020800.000
6965400.000
6896600.000
6910200.000
7008400.000
6975200.000
6925400.000
6927400.000
6968800.000
6947200.000
6973800.000
6943200.000
6886600.000
6914000.000
6983600.000
6957400.000
6967600.000
6912600.000
6928600.000
7004400.000
7031000.000
7023400.000
7023800.000
7041200.000
7004800.000
6913000.000
6983800.000
6965800.000
7008800.000
6994800.000
6971400.000
6968400.000
7017800.000
6945000.000
7034600.000
7003400.000
7050400.000
7057400.000
7089400.000
7101200.000
7096800.000
7124800.000
7106600.000
7092400.000
7076600.000
7094400.000
7055600.000
6996800.000
7029800.000
7050000.000
7052000.000
7025600.000
7004200.000
7069200.000
7060200.000
7082600.000
7040200.000
7104200.000
7103200.000
7094200.000
7127400.000
7124600.000
7144600.000
7172400.000
7145400.000
7223800.000
7182400.000
7189800.000
7211000.000
7218600.000
7181800.000
7145400.000
7178200.000
7155000.000
7164600.000
7227000.000
7170600.000
7200600.000
7124600.000
7167800.000
7128400.000
7161800.000
7191000.000
7217000.000
7203600.000
7214200.000
7211200.000
7183200.000
7175400.000
7278400.000
7215800.000
7275000.000
7191600.000
7224600.000
7267800.000
7216800.000
7219000.000
7240400.000
7190400.000
7157400.000
7234800.000
7147200.000
7174600.000
7233600.000
7181200.000
7163400.000
7214400.000
7151200.000
7159200.000
7213400.000
7129000.000
7112000.000
7152200.000
7178600.000
7196600.000
7195600.000
7211600.000
7208000.000
7202800.000
7203600.000
7100800.000
7152600.000
7209800.000
7165000.000
7215800.000
7241800.000
7281200.000
7256200.000
7199000.000
7253400.000
7267800.000
7262200.000
7219200.000
7217400.000
7188000.000
7208800.000
7244200.000
7206400.000
7179800.000
7211400.000
7210200.000
7211000.000
7161800.000
7149600.000
7191400.000
7157400.000
7120400.000
7096600.000
7152800.000
7163400.000
7064800.000
7077400.000
7198600.000
7177600.000
7251000.000
7234600.000
7191000.000
7234400.000
7277000.000
7269400.000
7185400.000
7116400.000
7125400.000
7153200.000
7105600.000
7098600.000
7120400.000
7148200.000
7111800.000
7134000.000
7140400.000
7143200.000
6907600.000
6880600.000
6964000.000
6906400.000
6936200.000
6906400.000
6868600.000
6902800.000
6936400.000
7002200.000
6937800.000
6917600.000
7011200.000
6978200.000
6979400.000
6953800.000
6924600.000
6898800.000
6918800.000
6891000.000
6889000.000
6911200.000
6889600.000
6748200.000
6834800.000
6897200.000
6885600.000
6873400.000
6905000.000
6938400.000
6889800.000
6950000.000
6950200.000
6896600.000
6905600.000
6954400.000
6913200.000
6898400.000
6908200.000
6910000.000
6871400.000
6918000.000
6972400.000
6919800.000
6930400.000
6981200.000
6879800.000
6937000.000
6955200.000
7004800.000
7011200.000
7014800.000
7021200.000
6863800.000
6996200.000
6959000.000
6902200.000
6910200.000
6974400.000
6953000.000
6952200.000
6975600.000
6913000.000
6963200.000
7004000.000
6995800.000
7023800.000
7005000.000
7076200.000
7015600.000
7026200.000
7044000.000
7088000.000
7072600.000
7153400.000
7053800.000
7014800.000
7034400.000
6969600.000
7035200.000
7028600.000
7034000.000
7002600.000
7062400.000
7111200.000
7082000.000
7086800.000
7069600.000
7056200.000
7025000.000
7112400.000
7045400.000
7143800.000
7089800.000
7164800.000
7149400.000
7175000.000
7134600.000
7158200.000
7159800.000
7145000.000
7155000.000
7101400.000
7119800.000
7118400.000
7123000.000
7142600.000
7133800.000
7155000.000
7112600.000
7138000.000
7098400.000
7184600.000
7185200.000
7072200.000
7083800.000
7136400.000
7130000.000
7188800.000
7200400.000
7208000.000
7214800.000
7216200.000
7183400.000
7192400.000
7200600.000
7163200.000
7075000.000
7194400.000
7166200.000
7144400.000
7174600.000
7156000.000
7166400.000
7133600.000
7137600.000
7140600.000
7131000.000
7058400.000
7147600.000
7108800.000
7193600.000
7149600.000
7235400.000
7145000.000
7132400.000
7103800.000
7134200.000
7118800.000
7117400.000
7155200.000
7090400.000
7169800.000
7163000.000
7187400.000
7130200.000
7201000.000
7235400.000
7199200.000
7225200.000
7191000.000
7250200.000
7194600.000
7174200.000
7141800.000
7171400.000
7171000.000
7192600.000
7159000.000
7152200.000
7173600.000
7165000.000
7185000.000
7139000.000
7147800.000
7101200.000
7127600.000
7083600.000
7061800.000
7074600.000
7109400.000
7080400.000
7146400.000
7170600.000
7205200.000
7159400.000
7136200.000
7155200.000
7145000.000
7098600.000
7124000.000
7036200.000
7101800.000
7069000.000
7047000.000
7050000.000
7030600.000
7012800.000
7125200.000
7096400.000
7103000.000
6829200.000
6861000.000
6938200.000
6911000.000
6906200.000
6875200.000
6897800.000
6897200.000
6899200.000
6944400.000
6934600.000
6869200.000
6952800.000
6922600.000
6891000.000
6865200.000
6867000.000
6867800.000
6819600.000
6764200.000
6756000.000
6773200.000
6801000.000
6799800.000
6785800.000
6782600.000
6792000.000
6921200.000
6852600.000
6851800.000
6814800.000
6850000.000
6838200.000
6907200.000
6861200.000
6819800.000
6855600.000
6904800.000
6862600.000
6821000.000
6879400.000
6862800.000
6870200.000
6861800.000
6883600.000
6884600.000
6902200.000
6944200.000
6968600.000
6967200.000
6924400.000
6955600.000
6867800.000
6883800.000
6905800.000
6882800.000
6905600.000
6885000.000
6945400.000
6935400.000
6827400.000
6891000.000
6924200.000
6917400.000
6946000.000
6925400.000
6930600.000
6979400.000
6910000.000
7006600.000
7000800.000
6999000.000
6981800.000
7021000.000
6961200.000
6908600.000
6984000.000
6954600.000
6972400.000
6941200.000
6966000.000
6999000.000
7006400.000
6990400.000
7058600.000
7050600.000
6988600.000
7024000.000
7012600.000
7092200.000
7042400.000
7096200.000
7040000.000
7092200.000
7097400.000
7154600.000
7098000.000
7078200.000
7079600.000
7053000.000
7075000.000
7093400.000
7111800.000
7121600.000
7074400.000
7068400.000
7020400.000
7090000.000
7071600.000
7104200.000
7097200.000
7075600.000
7128600.000
7098400.000
7052600.000
7125400.000
7140800.000
7197600.000
7171800.000
7209800.000
7218000.000
7130000.000
7121600.000
7127600.000
7135800.000
7075000.000
7115800.000
7091800.000
7168800.000
7058000.000
7113600.000
7105000.000
7120800.000
7132000.000
7129000.000
7146000.000
7112400.000
7130400.000
7120000.000
7163200.000
7178600.000
7198400.000
7106200.000
7133600.000
7203000.000
7138000.000
7096600.000
7096200.000
7111800.000
7110600.000
7087600.000
7149200.000
7157200.000
7183000.000
7204800.000
7160400.000
7210600.000
7234400.000
7221200.000
7222000.000
7217200.000
7225200.000
7218600.000
7221600.000
7247800.000
7190400.000
7173000.000
7165800.000
7187800.000
7258800.000
7132200.000
7118000.000
7149600.000
7151200.000
7159200.000
7095000.000
7112200.000
7060000.000
7062600.000
7078200.000
7100000.000
7079200.000
7111200.000
7150800.000
7142400.000
7177800.000
7181000.000
7207200.000
7131000.000
7105200.000
7094800.000
7109800.000
7115800.000
7061400.000
7075000.000
7034200.000
7076600.000
7092000.000
7059800.000
7028800.000
7078400.000
6787600.000
6867600.000
6837400.000
6863200.000
6819800.000
6819600.000
6872000.000
6858600.000
6889400.000
6922400.000
6974800.000
6892600.000
6913800.000
6874600.000
6855000.000
6886000.000
6867400.000
6819800.000
6781200.000
6768200.000
6766800.000
6729600.000
6789000.000
6681400.000
6782800.000
6806400.000
6799200.000
6831200.000
6889000.000
6846800.000
6881600.000
6883200.000
6844600.000
6900200.000
6870400.000
6857600.000
6885000.000
6828400.000
6868800.000
6851200.000
6854400.000
6869800.000
6899000.000
6871800.000
6892600.000
6890600.000
6913800.000
6898600.000
6959200.000
6965800.000
6989400.000
6957600.000
6934200.000
6893600.000
6931400.000
6904600.000
6900800.000
6876800.000
6937400.000
6937000.000
7012600.000
6943800.000
6957400.000
6912800.000
6948800.000
6971000.000
6982800.000
7025000.000
7060000.000
7006000.000
7046600.000
7029000.000
7009800.000
6997200.000
6954400.000
6987400.000
6977000.000
7034400.000
6997400.000
6964400.000
6997400.000
7043200.000
7032800.000
7047400.000
7066000.000
7029400.000
7089600.000
7046000.000
7113200.000
7049200.000
7136200.000
7080000.000
7096400.000
7129200.000
7126000.000
7152600.000
7164000.000
7137600.000
7160600.000
7158000.000
7114800.000
7114800.000
7137200.000
7183400.000
7192800.000
7126400.000
7107600.000
7059600.000
7086000.000
7067600.000
7112400.000
7097200.000
7164000.000
7152200.000
7120800.000
7156600.000
7209400.000
7182600.000
7252800.000
7211400.000
7248200.000
7190000.000
7206200.000
7167000.000
7188600.000
7136000.000
7119000.000
7131600.000
7119800.000
7200000.000
7165000.000
7164000.000
7149400.000
7159200.000
7109400.000
7152000.000
7112000.000
7132400.000
7149400.000
7094200.000
7121400.000
7188200.000
7164200.000
7169200.000
7116800.000
7057400.000
7119000.000
7100200.000
7099600.000
7055200.000
7095200.000
7110200.000
7087200.000
7167400.000
7168200.000
7169000.000
7175400.000
7136600.000
7209400.000
7172800.000
7174600.000
7164000.000
7171600.000
7191000.000
7186400.000
7155400.000
7186600.000
7109800.000
7173200.000
7185400.000
7106600.000
7117800.000
7118800.000
7130000.000
7118000.000
7069800.000
7096600.000
7011400.000
7044000.000
7037400.000
7113600.000
7071800.000
7077000.000
7120400.000
7136800.000
7152000.000
7147600.000
7148600.000
7184400.000
7090600.000
7119200.000
7089200.000
7015600.000
7015800.000
6962200.000
7027800.000
7041000.000
7068600.000
6997200.000
7012400.000
7017200.000
6839200.000
6869000.000
6873600.000
6843200.000
6828600.000
6819600.000
6886800.000
6881600.000
6966800.000
6947800.000
6901600.000
6898600.000
6901000.000
6946800.000
6906400.000
6873200.000
6829000.000
6836600.000
6836600.000
6799000.000
6809600.000
6821800.000
6828800.000
6874400.000
6800000.000
6820400.000
6856000.000
6857600.000
6876200.000
6885400.000
6932400.000
6881000.000
6947000.000
6884800.000
6931000.000
6914400.000
6960200.000
6903400.000
6869600.000
6913200.000
6840800.000
6906400.000
6952000.000
6948200.000
6936200.000
6978800.000
6980600.000
6928000.000
6972800.000
6991400.000
6928400.000
6908600.000
6933600.000
6912800.000
6899600.000
6922400.000
6914800.000
6899800.000
6932000.000
6933000.000
6962200.000
6967600.000
6995000.000
6934400.000
6989200.000
6921200.000
6971800.000
7010600.000
7026600.000
6996200.000
7006600.000
7048800.000
6997600.000
6925000.000
6961600.000
6929400.000
7005200.000
6977600.000
6989200.000
7023800.000
7047000.000
7147400.000
7043600.000
7098800.000
7079000.000
7046400.000
7066400.000
7155800.000
7144600.000
7096000.000
7123600.000
7095600.000
7110600.000
7134800.000
7120200.000
7170000.000
7118600.000
7087200.000
7126400.000
7109200.000
7140000.000
7152000.000
7117000.000
7193000.000
7094200.000
7170000.000
7068400.000
7111400.000
7106600.000
7093000.000
7072000.000
7135400.000
7121200.000
7138600.000
7157000.000
7173800.000
7190600.000
7252800.000
7220600.000
7244600.000
7189200.000
7173000.000
7130000.000
7154600.000
7146400.000
7109200.000
7112200.000
7092400.000
7062200.000
7134600.000
7157600.000
7165800.000
7135000.000
7107200.000
7159200.000
7136000.000
7113000.000
7144400.000
7118400.000
7198000.000
7176400.000
7141000.000
7125600.000
7189200.000
7169400.000
7164600.000
7074000.000
7102400.000
7073800.000
7084400.000
7113400.000
7079600.000
7116600.000
7121400.000
7155800.000
7138000.000
7172600.000
7169400.000
7127600.000
7171800.000
7178600.000
7218600.000
7221600.000
7236000.000
7224400.000
7186400.000
7141000.000
7136400.000
7175600.000
7163200.000
7177600.000
7105600.000
7165400.000
7167000.000
7144200.000
7094200.000
7057800.000
7034400.000
7025000.000
7072200.000
7130800.000
7114600.000
7116600.000
7136800.000
7136400.000
7141400.000
7182400.000
7123200.000
7100600.000
7151400.000
7083200.000
7024000.000
7028000.000
7046200.000
6999200.000
7001600.000
7015400.000
7037000.000
7031600.000
6947200.000
6945800.000
6785200.000
6823600.000
6853200.000
6824200.000
6860200.000
6857200.000
6818600.000
6844800.000
6841200.000
6874400.000
6925200.000
6913200.000
6940200.000
6875800.000
6851000.000
6789800.000
6777600.000
6802400.000
6802800.000
6808800.000
6837200.000
6759800.000
6868400.000
6769800.000
6797200.000
6805800.000
6832400.000
6880000.000
6897200.000
6836000.000
6913000.000
6877600.000
6860800.000
6856200.000
6904400.000
6935600.000
6898000.000
6849600.000
6896800.000
6864400.000
6884800.000
6867200.000
6889600.000
6932600.000
6917600.000
6906200.000
6918800.000
6959800.000
7001400.000
6923200.000
6935000.000
6923800.000
6945800.000
6866800.000
6971000.000
6865000.000
6880400.000
6949200.000
6893000.000
6942600.000
6935200.000
6959200.000
6984200.000
6959000.000
6933000.000
6976000.000
6937800.000
6936000.000
6956200.000
7037000.000
7045000.000
7046800.000
6939800.000
6899200.000
6935000.000
6929200.000
7022000.000
6921600.000
6980200.000
6985600.000
6993200.000
6982200.000
7046600.000
7076000.000
7062400.000
7076400.000
7080800.000
7094200.000
7084600.000
7107000.000
7112000.000
7180600.000
7149600.000
7149400.000
7136200.000
7157000.000
7144600.000
7107800.000
7092400.000
7095600.000
7082000.000
7124400.000
7155200.000
7227200.000
7107000.000
7113000.000
7058600.000
7132600.000
7065600.000
7060400.000
7153200.000
7146800.000
7179200.000
7119800.000
7145600.000
7206600.000
7178800.000
7191600.000
7215600.000
7228800.000
7227800.000
7192200.000
7164600.000
7115600.000
7182600.000
7181000.000
7118600.000
7122800.000
7119200.000
7201800.000
7158600.000
7115400.000
7189000.000
7192200.000
7114400.000
7138400.000
7151400.000
7156000.000
7168000.000
7200600.000
7155600.000
7236000.000
7201000.000
7176000.000
7106800.000
7129200.000
7143200.000
7125600.000
7144200.000
7176600.000
7134600.000
7090200.000
7129400.000
7184800.000
7204400.000
7168600.000
7205400.000
7241200.000
7211800.000
7190200.000
7197000.000
7230400.000
7191400.000
7193800.000
7247000.000
7246200.000
7222200.000
7147200.000
7212000.000
7223200.000
7209800.000
7187600.000
7228600.000
7188200.000
7204800.000
7149600.000
7080400.000
7102200.000
7075000.000
7114400.000
7127000.000
7126400.000
7090800.000
7155600.000
7083400.000
7220400.000
7183600.000
7164600.000
7132000.000
7145800.000
7083000.000
7066600.000
7047200.000
7001800.000
6961200.000
7007800.000
6983200.000
6991400.000
7000600.000
7009000.000
7026000.000
6844800.000
6810200.000
6811400.000
6786000.000
6794400.000
6856600.000
6854600.000
6824600.000
6849200.000
6852400.000
6848400.000
6927400.000
6891400.000
6861600.000
6844200.000
6844400.000
6761200.000
6815600.000
6781400.000
6783400.000
6810200.000
6807000.000
6830400.000
6787400.000
6815000.000
6811600.000
6839400.000
6880400.000
6885200.000
6892200.000
6915000.000
6879000.000
6888000.000
6892800.000
6865600.000
6907200.000
6903800.000
6902200.000
6894600.000
6848400.000
6855200.000
6899400.000
6939800.000
6914000.000
6953200.000
6983600.000
6895200.000
6943800.000
6976200.000
6931600.000
6904200.000
6909400.000
6892600.000
6844200.000
6858600.000
6956800.000
6927400.000
6892400.000
6914600.000
6901000.000
6947400.000
6977800.000
6967200.000
7004800.000
6905000.000
6908800.000
6922200.000
7005800.000
6993600.000
6986600.000
7011800.000
6948400.000
6946600.000
6943000.000
6926400.000
6901800.000
6948200.000
6942600.000
6982800.000
7007200.000
7026000.000
7059800.000
7087200.000
7061600.000
7040200.000
7042000.000
7067200.000
7055400.000
7123800.000
7070000.000
7123000.000
7055600.000
7085000.000
7136000.000
7055800.000
7123400.000
7134400.000
7082000.000
7065600.000
7104400.000
7104800.000
7151400.000
7149800.000
7145200.000
7095400.000
7077400.000
7070000.000
7097600.000
7108600.000
7138600.000
7114600.000
7152800.000
7168000.000
7176000.000
7191600.000
7169400.000
7154400.000
7177400.000
7215600.000
7182400.000
7151000.000
7155600.000
7110600.000
7075200.000
7128600.000
7135000.000
7108400.000
7132400.000
7147600.000
7146000.000
7161400.000
7174400.000
7147200.000
7162000.000
7139800.000
7152800.000
7153600.000
7151000.000
7184600.000
7163000.000
7221200.000
7134600.000
7132800.000
7137200.000
7111200.000
7148000.000
7130000.000
7157600.000
7100600.000
7118800.000
7116600.000
7076200.000
7126200.000
7139200.000
7112000.000
7150200.000
7150000.000
7114400.000
7156600.000
7177200.000
7191200.000
7173000.000
7196600.000
7276000.000
7155000.000
7234800.000
7213200.000
7205800.000
7167200.000
7182400.000
7165800.000
7177600.000
7186600.000
7153600.000
7121200.000
7121000.000
7092200.000
7079000.000
7085000.000
7144000.000
7137600.000
7136400.000
7087800.000
7150000.000
7142000.000
7189400.000
7142000.000
7163200.000
7138800.000
7084600.000
7099800.000
7024600.000
6999400.000
7020200.000
7029200.000
7031800.000
7029800.000
7019400.000
6988800.000
7007400.000
6975400.000
6823600.000
6774800.000
6775800.000
6803400.000
6807000.000
6797800.000
6848800.000
6832400.000
6799400.000
6815800.000
6838800.000
6887000.000
6809200.000
6812000.000
6782400.000
6761800.000
6781000.000
6774000.000
6744200.000
6800800.000
6808200.000
6778200.000
6826400.000
6849200.000
6852000.000
6876800.000
6949000.000
6914600.000
6886000.000
6911800.000
6931200.000
6871400.000
6842000.000
6907200.000
6856000.000
6901600.000
6900600.000
6853600.000
6873400.000
6915200.000
6896000.000
6934400.000
6956400.000
6933200.000
6895800.000
6938800.000
6937400.000
6888200.000
6940600.000
6937000.000
6916400.000
6841200.000
6870200.000
6865400.000
6908400.000
6876600.000
6926200.000
6911800.000
6895200.000
6943400.000
6955800.000
6937200.000
6909200.000
6964600.000
6938600.000
6891200.000
6968800.000
6957800.000
6976600.000
6994400.000
6922000.000
6885800.000
6937000.000
6904600.000
6890000.000
6926600.000
6941000.000
6932800.000
6942000.000
7000800.000
7011800.000
7060400.000
7071400.000
7054000.000
7065800.000
7077800.000
7049600.000
7070400.000
7090000.000
7106400.000
7111000.000
7122400.000
7068600.000
7072200.000
7068000.000
7089600.000
7119400.000
7072200.000
7079800.000
7131800.000
7025200.000
7105200.000
7087600.000
7063000.000
7066600.000
7034600.000
7043200.000
6986600.000
7035800.000
7057000.000
7010200.000
7060400.000
7076800.000
7118800.000
7088800.000
7074400.000
7132400.000
7077600.000
7142000.000
7064200.000
7060600.000
7055400.000
7084000.000
7107800.000
7038600.000
7028400.000
7033800.000
7013600.000
7101800.000
7035400.000
7085600.000
7079600.000
7070000.000
7068600.000
7114600.000
7059200.000
7123200.000
7039800.000
7061800.000
7117000.000
7178800.000
7058200.000
7098600.000
7096600.000
7040800.000
7029200.000
7045800.000
7069400.000
7138800.000
7064000.000
7011000.000
7037400.000
6960800.000
7061000.000
7066600.000
7110200.000
7042600.000
7078600.000
7108200.000
7132200.000
7176600.000
7151600.000
7164800.000
7165800.000
7152400.000
7129400.000
7229200.000
7166800.000
7140800.000
7148600.000
7145800.000
7228400.000
7207600.000
7112000.000
7190200.000
7109000.000
7093400.000
7045800.000
7135000.000
7071600.000
7099400.000
7066800.000
7175200.000
7142000.000
7153400.000
7153800.000
7103400.000
7120000.000
7157400.000
7115200.000
7112800.000
7038400.000
7028200.000
7026400.000
6965000.000
7008400.000
6988000.000
6978600.000
6984800.000
7012800.000
7022400.000
6744600.000
6730200.000
6715200.000
6770800.000
6795000.000
6770200.000
6769000.000
6794200.000
6739600.000
6790600.000
6772800.000
6784400.000
6781200.000
6795600.000
6790600.000
6762800.000
6786200.000
6746000.000
6762200.000
6795600.000
6768600.000
6751200.000
6841600.000
6807400.000
6887600.000
6867800.000
6837000.000
6870200.000
6847400.000
6884000.000
6863400.000
6901000.000
6913400.000
6915200.000
6948400.000
6919800.000
6939400.000
6860200.000
6898600.000
6935200.000
6927400.000
6927000.000
6880000.000
6881000.000
6906600.000
6915800.000
6936800.000
6943000.000
6867400.000
6837600.000
6876600.000
6825800.000
6845000.000
6811800.000
6895600.000
6948400.000
6942800.000
6909000.000
6935000.000
6891400.000
6952800.000
6859200.000
6897800.000
6933600.000
6887800.000
6867600.000
6910200.000
6892000.000
6912800.000
6900600.000
6875000.000
6856400.000
6872000.000
6922600.000
6931600.000
6891400.000
6921800.000
6905000.000
6903600.000
7023800.000
7016400.000
7078600.000
7045400.000
7032600.000
7060400.000
7055200.000
6988000.000
7051600.000
7033000.000
7058200.000
7008600.000
7100600.000
7060000.000
7128200.000
7063400.000
7061600.000
7087600.000
7088000.000
7052200.000
7082600.000
7146000.000
7143000.000
7086000.000
7080400.000
7065600.000
7030400.000
7054400.000
7083400.000
7085600.000
7113200.000
7158200.000
7138200.000
7085000.000
7183000.000
7154800.000
7160000.000
7162800.000
7110800.000
7080200.000
7093400.000
7112800.000
7055400.000
7115600.000
7109000.000
7182200.000
7065800.000
7057200.000
7085400.000
7089000.000
7123600.000
7127600.000
7152200.000
7129400.000
7128000.000
7168400.000
7158000.000
7164400.000
7158600.000
7205400.000
7192200.000
7224000.000
7153000.000
7092200.000
7133200.000
7115600.000
7152600.000
7079600.000
7111200.000
7084800.000
7160600.000
7104000.000
7044200.000
7062200.000
7128600.000
7086400.000
7143400.000
7165000.000
7176800.000
7168000.000
7206400.000
7248000.000
7265800.000
7207800.000
7195400.000
7180400.000
7208600.000
7171400.000
7195800.000
7208800.000
7144800.000
7156200.000
7254000.000
7240000.000
7196200.000
7222400.000
7080800.000
7041600.000
7127400.000
7095600.000
7116400.000
7069000.000
7148200.000
7148800.000
7158000.000
7141200.000
7211200.000
7207000.000
7189400.000
7113800.000
7068000.000
7123800.000
7064200.000
7052600.000
7042200.000
7059600.000
6994400.000
7032800.000
7018400.000
7063800.000
6975000.000
7014000.000
6691800.000
6751800.000
6700400.000
6693800.000
6749000.000
6773000.000
6748200.000
6797000.000
6772800.000
6804600.000
6773400.000
6809000.000
6758200.000
6749400.000
6734200.000
6798800.000
6792000.000
6781400.000
6812600.000
6809000.000
6793800.000
6812800.000
6850600.000
6849000.000
6807600.000
6878800.000
6843800.000
6868000.000
6872800.000
6906800.000
6887200.000
6875200.000
6864400.000
6805400.000
6925200.000
6955000.000
6848400.000
6917200.000
6918800.000
6915600.000
6972800.000
6945400.000
6888400.000
6889600.000
6922000.000
6890400.000
6892000.000
6899600.000
6836200.000
6869200.000
6876200.000
6830200.000
6865000.000
6865600.000
6897400.000
6959200.000
6956200.000
6936800.000
6978800.000
6967200.000
6895000.000
6944600.000
6946400.000
6988400.000
6921200.000
6984600.000
6962200.000
6966200.000
6882000.000
6915600.000
6850000.000
6964200.000
6939200.000
6943400.000
6913600.000
6954200.000
6903400.000
6912000.000
6930600.000
6967000.000
7030800.000
7079000.000
7108400.000
7046800.000
7052200.000
7070600.000
7092600.000
7087800.000
7104800.000
7075600.000
7097200.000
7044600.000
7118400.000
7083600.000
7110000.000
7069000.000
7058600.000
7072400.000
7125800.000
7159200.000
7095400.000
7071000.000
7118000.000
7073800.000
7115400.000
7059800.000
7060200.000
7069000.000
7099600.000
7110400.000
7123800.000
7109800.000
7083400.000
7130800.000
7145600.000
7068200.000
7087000.000
7086000.000
7123400.000
7111800.000
7107200.000
7088600.000
7090800.000
7091800.000
7122000.000
7126400.000
7097600.000
7108600.000
7087600.000
7102800.000
7156200.000
7174400.000
7109400.000
7110400.000
7110400.000
7164600.000
7137400.000
7146400.000
7140600.000
7162000.000
7137400.000
7074400.000
7054600.000
7049800.000
7017200.000
7056200.000
7053000.000
7074600.000
7115200.000
7062200.000
7002600.000
6967600.000
7034200.000
7038200.000
7108800.000
7136000.000
7092000.000
7101600.000
7142800.000
7141000.000
7188000.000
7157400.000
7150000.000
7167000.000
7193800.000
7188200.000
7171600.000
7210800.000
7229400.000
7171000.000
7148800.000
7180600.000
7197200.000
7160200.000
7098400.000
7027000.000
7016600.000
7043600.000
7053000.000
7108400.000
7087400.000
7127800.000
7129400.000
7114000.000
7173600.000
7127600.000
7162000.000
7129600.000
7119000.000
7104000.000
7122000.000
7047400.000
7043000.000
7106200.000
6984400.000
7047400.000
6996400.000
6957000.000
7031400.000
6933800.000
6998400.000
6652000.000
6700400.000
6652400.000
6744800.000
6688200.000
6710800.000
6776600.000
6795000.000
6783600.000
6754400.000
6798800.000
6736800.000
6777600.000
6723200.000
6793400.000
6711200.000
6743800.000
6781800.000
6776600.000
6812000.000
6863600.000
6748800.000
6811200.000
6741600.000
6825800.000
6806000.000
6765200.000
6806400.000
6833800.000
6796000.000
6829200.000
6765400.000
6820200.000
6783200.000
6855800.000
6811000.000
6830600.000
6830800.000
6846200.000
6835600.000
6936000.000
6866200.000
6863800.000
6865600.000
6793800.000
6798400.000
6860400.000
6801400.000
6829200.000
6762400.000
6765800.000
6858000.000
6871800.000
6848600.000
6919400.000
6887400.000
6930200.000
6889200.000
6884600.000
6879600.000
6886000.000
6889600.000
6955200.000
6894400.000
6940600.000
6966600.000
6902200.000
6859800.000
6925000.000
6899200.000
6911400.000
6982000.000
6951800.000
6877000.000
6905400.000
6899200.000
6884400.000
6910200.000
6894000.000
7056400.000
7042200.000
7106400.000
7054400.000
7076000.000
7059200.000
7086200.000
7016000.000
7064800.000
7104600.000
7081600.000
7084000.000
7082400.000
7113600.000
7102600.000
7076200.000
7062200.000
7053200.000
7032600.000
7103200.000
7133000.000
7099400.000
7103200.000
7067600.000
7080800.000
7026600.000
7092800.000
7142400.000
7192600.000
7114200.000
7180400.000
7103000.000
7132600.000
7058600.000
7117400.000
7081600.000
7074000.000
7074600.000
7133200.000
7081200.000
7070200.000
7091400.000
7056800.000
7085600.000
7068200.000
7044800.000
7068000.000
7008400.000
7021200.000
7025200.000
7083800.000
7089600.000
7108400.000
7078200.000
7122200.000
7161800.000
7180400.000
7062400.000
7060200.000
7100000.000
7040200.000
7049800.000
7040000.000
6998200.000
7011800.000
7028600.000
7014200.000
7102600.000
7022400.000
7022400.000
6987600.000
6998600.000
6975600.000
7027800.000
7073600.000
6994600.000
7028800.000
7114600.000
7116800.000
7048800.000
7072200.000
7143400.000
7132600.000
7134400.000
7118600.000
7094600.000
7153600.000
7141600.000
7189200.000
7143600.000
7157200.000
7192600.000
7230600.000
7219600.000
7170400.000
7005200.000
6973200.000
7037800.000
6962800.000
7094600.000
7058400.000
7056200.000
7039400.000
7093400.000
7068000.000
7134200.000
7103600.000
7079000.000
7052000.000
7157000.000
7119600.000
7055600.000
7125400.000
7084600.000
7038600.000
7069200.000
7004600.000
7032000.000
7002400.000
6978000.000
7038000.000
7002200.000
6686600.000
6682000.000
6644400.000
6690000.000
6658200.000
6709600.000
6775400.000
6744600.000
6732200.000
6707600.000
6720800.000
6731200.000
6794000.000
6787600.000
6738400.000
6786200.000
6768600.000
6836800.000
6787000.000
6768600.000
6783600.000
6828200.000
6795800.000
6826800.000
6835600.000
6788200.000
6800200.000
6828400.000
6789400.000
6773200.000
6821600.000
6775600.000
6797800.000
6905600.000
6849200.000
6879400.000
6806400.000
6864400.000
6890200.000
6953400.000
6955800.000
6902000.000
6850600.000
6846600.000
6894000.000
6888800.000
6885800.000
6858200.000
6836800.000
6811600.000
6803200.000
6844600.000
6840200.000
6836400.000
6918400.000
6855200.000
6810200.000
6882200.000
6876800.000
6886200.000
6890600.000
6869400.000
6865600.000
6859600.000
6880000.000
6873000.000
6892200.000
6878200.000
6870000.000
6839000.000
6988000.000
6934400.000
6948800.000
6917400.000
6889600.000
6884200.000
6895400.000
6923800.000
6946800.000
6949200.000
7004600.000
7030200.000
7016200.000
7025400.000
7050800.000
7023600.000
7025200.000
7044800.000
7012800.000
7064200.000
7041800.000
7121800.000
7112200.000
7037600.000
7060400.000
7072600.000
7104000.000
7068200.000
7034000.000
7070800.000
7149800.000
7069000.000
7095800.000
7110200.000
7082800.000
7080400.000
7129000.000
7120800.000
7111400.000
7079400.000
7116200.000
7133600.000
7104600.000
7093400.000
7052200.000
7127400.000
7145600.000
7099800.000
7151800.000
7163800.000
7105800.000
7131400.000
7145000.000
7133200.000
7123800.000
7081800.000
7067400.000
7004200.000
7061600.000
7121800.000
7126000.000
7138000.000
7178800.000
7155400.000
7150400.000
7170600.000
7128800.000
7097400.000
7147400.000
7133200.000
7140800.000
7144000.000
7106000.000
7098800.000
7106600.000
7037200.000
7072800.000
7031400.000
7065200.000
7052000.000
7075400.000
7034800.000
7063400.000
7057200.000
7125600.000
7119000.000
7116600.000
7123600.000
7170600.000
7142800.000
7122600.000
7177000.000
7173800.000
7169200.000
7204000.000
7190000.000
7219000.000
7149200.000
7263200.000
7225200.000
7248800.000
7216200.000
7204600.000
7162600.000
6977000.000
7028400.000
6982200.000
6994600.000
7078600.000
7066800.000
7102400.000
7051800.000
7110400.000
7082000.000
7116600.000
7144400.000
7178200.000
7203600.000
7149400.000
7128800.000
7121800.000
7140000.000
7124400.000
7122600.000
7117200.000
7117200.000
7025200.000
7091800.000
7145800.000
7018000.000
7070200.000
6747600.000
6697200.000
6685800.000
6784800.000
6745400.000
6756600.000
6820400.000
6799200.000
6804200.000
6819600.000
6788800.000
6880200.000
6820600.000
6809200.000
6818800.000
6866400.000
6840600.000
6790800.000
6824400.000
6889800.000
6862400.000
6879000.000
6858400.000
6834200.000
6875800.000
6866000.000
6836200.000
6876600.000
6905200.000
6879400.000
6856000.000
6838000.000
6839400.000
6877800.000
6939200.000
6916600.000
6910800.000
6921400.000
6953600.000
6906800.000
6976600.000
6885800.000
6903200.000
6896400.000
6907000.000
6842600.000
6912200.000
6901000.000
6834600.000
6834400.000
6819200.000
6910400.000
6972400.000
6846000.000
6905000.000
6883800.000
6865000.000
6898400.000
6877600.000
6885800.000
6965000.000
6954800.000
6986600.000
6963600.000
6955400.000
6967600.000
7029800.000
6916000.000
6944400.000
6952400.000
6948000.000
6999600.000
7003000.000
6953800.000
6926400.000
6919200.000
6960800.000
6935000.000
7019800.000
6992600.000
7036000.000
7047000.000
7066400.000
7063400.000
7075800.000
7026400.000
7013200.000
7041000.000
7040000.000
7067800.000
7062800.000
7096000.000
7049600.000
7073600.000
7087400.000
7120400.000
7059400.000
7015600.000
7094600.000
7077800.000
7056600.000
7041600.000
7061600.000
7024800.000
7141600.000
7072000.000
7116200.000
7070800.000
7135200.000
7107000.000
7088800.000
7081600.000
7088000.000
7017200.000
7108200.000
7069800.000
7068800.000
7122800.000
7081200.000
7083400.000
7110800.000
7147400.000
7096200.000
7087800.000
7053800.000
7026600.000
7058800.000
7022600.000
7028200.000
7100600.000
7151000.000
7182400.000
7168600.000
7110400.000
7149200.000
7063000.000
7157000.000
7152600.000
7116000.000
7104200.000
7102200.000
7077000.000
7056800.000
7006400.000
7025800.000
7026200.000
7022800.000
6994400.000
6997800.000
7000400.000
6954200.000
7018400.000
7008200.000
7072200.000
7040000.000
7044400.000
6997400.000
7049000.000
7045000.000
7074800.000
7071800.000
7134200.000
7133800.000
7146200.000
7169000.000
7234000.000
7213400.000
7182800.000
7176200.000
7183000.000
7161200.000
7130400.000
7132800.000
6919800.000
6998400.000
6929600.000
6929200.000
7037000.000
6921400.000
7001400.000
7055000.000
7036600.000
7026200.000
7060800.000
7080800.000
7068400.000
7094600.000
7087200.000
7104400.000
7120200.000
7098600.000
7119600.000
7107800.000
7028800.000
7035800.000
7074400.000
7066400.000
7014600.000
7033000.000
7026800.000
7072600.000
6718600.000
6725800.000
6789200.000
6762800.000
6821400.000
6822200.000
6829200.000
6875400.000
6833400.000
6811000.000
6802400.000
6817400.000
6771600.000
6747600.000
6803200.000
6821000.000
6742600.000
6779800.000
6843000.000
6833400.000
6869400.000
6840000.000
6855600.000
6803200.000
6866800.000
6879800.000
6900000.000
6876000.000
6873600.000
6903800.000
6861400.000
6876200.000
6870600.000
6957400.000
6932400.000
6895200.000
6944800.000
6900800.000
6973600.000
6913800.000
6975000.000
6956200.000
6915600.000
6897200.000
6938600.000
6909400.000
6894600.000
6877800.000
6857800.000
6826200.000
6848200.000
6859000.000
6932800.000
6860400.000
6893600.000
6885800.000
6854600.000
6943600.000
6934800.000
6900200.000
7029400.000
6939200.000
6899800.000
6976800.000
6926400.000
6976600.000
6917600.000
6965200.000
6928000.000
6924800.000
6925400.000
6947600.000
6917200.000
6940200.000
6953600.000
6896800.000
6934000.000
6939600.000
7017400.000
6966800.000
7052800.000
7034400.000
7050200.000
6991400.000
6967400.000
7026800.000
7056800.000
7002600.000
6980800.000
6991800.000
6941800.000
7005800.000
7029800.000
7024600.000
7081600.000
6973200.000
7016800.000
7030000.000
7009600.000
7083200.000
6995200.000
7065400.000
7040400.000
6988800.000
7071600.000
7054000.000
7110600.000
7054800.000
7091600.000
7058600.000
7087200.000
7035200.000
7098000.000
7069800.000
6976800.000
7001000.000
7047400.000
7021000.000
7033200.000
7045600.000
7051600.000
7089400.000
7016000.000
7057800.000
7007400.000
6999200.000
7051200.000
6986800.000
6953600.000
6981600.000
7041400.000
7143400.000
7060600.000
7038400.000
7103200.000
7033800.000
7040600.000
7053600.000
7057000.000
7082800.000
7056800.000
6985400.000
7006200.000
6877000.000
6936400.000
6947000.000
6857400.000
6941400.000
6946000.000
6915200.000
6872000.000
6920600.000
6932800.000
6930400.000
6953600.000
6934800.000
6934400.000
6899000.000
6987800.000
6981000.000
7026800.000
7052200.000
7013600.000
7083200.000
7077800.000
7083600.000
7115200.000
7165800.000
7154400.000
7185400.000
7125800.000
7036400.000
7049800.000
6997600.000
6888000.000
6892800.000
6893800.000
6945400.000
6900000.000
7009800.000
6948800.000
6955000.000
6931800.000
6992000.000
6978200.000
6975600.000
7059000.000
7039800.000
7019600.000
7040200.000
7099800.000
7011600.000
7000200.000
6995200.000
7029600.000
6957800.000
6952000.000
6943000.000
6931400.000
6962400.000
6973200.000
6637400.000
6646800.000
6697000.000
6676200.000
6728800.000
6740200.000
6707000.000
6738200.000
6736800.000
6709800.000
6695800.000
6681800.000
6738800.000
6712400.000
6668800.000
6713200.000
6749800.000
6827600.000
6783600.000
6774600.000
6771000.000
6781600.000
6730800.000
6800600.000
6822200.000
6836200.000
6774600.000
6755000.000
6782200.000
6809000.000
6854200.000
6806000.000
6874400.000
6830800.000
6909800.000
6912800.000
6844600.000
6843400.000
6871200.000
6832600.000
6882800.000
6820400.000
6844400.000
6861000.000
6797600.000
6807400.000
6816000.000
6829800.000
6880800.000
6804200.000
6798200.000
6785200.000
6897800.000
6825800.000
6822600.000
6737800.000
6808000.000
6839600.000
6823000.000
6829800.000
6884000.000
6867400.000
6883000.000
6875200.000
6914400.000
6904400.000
6902400.000
6915200.000
6916600.000
6930400.000
6917400.000
6883400.000
6916200.000
6874200.000
6901200.000
6938600.000
6887400.000
6933400.000
6928400.000
6937200.000
6955200.000
6869600.000
7002600.000
6934400.000
6957400.000
7000600.000
6996600.000
6925600.000
6929800.000
6936800.000
6952200.000
6971800.000
7015800.000
7024600.000
7014800.000
7009800.000
6986400.000
6987800.000
6981200.000
6971400.000
6945400.000
6907200.000
6975000.000
7012600.000
6955400.000
7051800.000
7001000.000
7000600.000
6978200.000
7065000.000
7080800.000
7023800.000
6973000.000
7041800.000
6994200.000
7023400.000
7046200.000
6993000.000
7009600.000
7025800.000
7056600.000
7012000.000
7007600.000
7018200.000
6973800.000
6944400.000
6919200.000
6912000.000
6947800.000
6961200.000
7001600.000
7082800.000
7063400.000
7070000.000
7039600.000
7010400.000
7016800.000
7080600.000
7096000.000
7019000.000
6994000.000
6964600.000
6868600.000
6892200.000
6891000.000
6870600.000
6844800.000
6928000.000
6919200.000
6873600.000
6883200.000
6893200.000
6887800.000
6946200.000
6905400.000
6811200.000
6921600.000
6896200.000
6980000.000
6995200.000
6973400.000
7045000.000
6995600.000
7039400.000
7106600.000
7194400.000
7166400.000
7145000.000
7067600.000
7132200.000
7046600.000
7053600.000
7005600.000
7019200.000
6855400.000
6881000.000
6945600.000
6910800.000
6909800.000
6956800.000
6889600.000
6931200.000
6982400.000
7011200.000
7004200.000
7024000.000
7019400.000
7068400.000
7042800.000
7095000.000
7096000.000
7006600.000
6969800.000
7062000.000
7029800.000
6967600.000
7002000.000
6992800.000
6990600.000
6964000.000
6942400.000
6674200.000
6643800.000
6673000.000
6726200.000
6727800.000
6732800.000
6691400.000
6729400.000
6738400.000
6714600.000
6715400.000
6672200.000
6649000.000
6678000.000
6710000.000
6700000.000
6782800.000
6770200.000
6716800.000
6780600.000
6736600.000
6812800.000
6798400.000
6781000.000
6747600.000
6814000.000
6774600.000
6757800.000
6772600.000
6816200.000
6762600.000
6838200.000
6923000.000
6902400.000
6864400.000
6854800.000
6814000.000
6798000.000
6836000.000
6846800.000
6825600.000
6817800.000
6826400.000
6847200.000
6867200.000
6859000.000
6847400.000
6891000.000
6785600.000
6736000.000
6778000.000
6877400.000
6856200.000
6874800.000
6827400.000
6773200.000
6792600.000
6759200.000
6845200.000
6912600.000
6867000.000
6906800.000
6865000.000
6905200.000
6923200.000
6890800.000
6928400.000
6876400.000
6927600.000
6926400.000
6892800.000
6882800.000
6921200.000
6923800.000
6945200.000
6924600.000
6945200.000
6937800.000
6990400.000
6953200.000
6934400.000
6961600.000
6945800.000
6961600.000
7019000.000
6947600.000
6952200.000
6971800.000
6870400.000
6939800.000
6960400.000
6968600.000
7018200.000
7020200.000
6995000.000
6982800.000
7016400.000
6937200.000
6982200.000
6977800.000
6949800.000
6981400.000
6952000.000
6976200.000
7028000.000
7073600.000
7047800.000
6988600.000
6977800.000
7020600.000
7056400.000
7003600.000
6953600.000
6978000.000
6958800.000
7031600.000
6987600.000
6964400.000
7074600.000
7041600.000
7043200.000
7059200.000
7010200.000
7050000.000
6977200.000
6959800.000
6911800.000
6903800.000
7008600.000
6976000.000
7089600.000
7120200.000
7094200.000
7066200.000
7075400.000
7051000.000
7127400.000
7081600.000
7057000.000
7086200.000
6972200.000
6922400.000
6952800.000
6950800.000
6934400.000
6873600.000
6897000.000
6884800.000
6916600.000
6924400.000
6890200.000
6910200.000
6944600.000
6963600.000
6905800.000
6898600.000
6907800.000
6977200.000
6962200.000
6961600.000
7043000.000
6995600.000
7090600.000
7120200.000
7145400.000
7123600.000
7174000.000
7151000.000
7193800.000
7153800.000
7127200.000
7133400.000
7027000.000
6995400.000
6991400.000
7036800.000
6949800.000
6983200.000
7083600.000
7008200.000
6988600.000
7048600.000
7110400.000
7049600.000
7096200.000
7130600.000
7142200.000
7167600.000
7124200.000
7157000.000
7112400.000
7085200.000
7125200.000
7151000.000
7103000.000
7067800.000
7026800.000
7089400.000
7109800.000
7094600.000
7064400.000
6765800.000
6681400.000
6758400.000
6757400.000
6770400.000
6746000.000
6798400.000
6762000.000
6686400.000
6751800.000
6744600.000
6676800.000
6705000.000
6715400.000
6759800.000
6749400.000
6792200.000
6750600.000
6799800.000
6860000.000
6829200.000
6827200.000
6856400.000
6809400.000
6811000.000
6821200.000
6813600.000
6802600.000
6801800.000
6869000.000
6891600.000
6929400.000
6879400.000
6880200.000
6853000.000
6842800.000
6828800.000
6849200.000
6841800.000
6865400.000
6908600.000
6900400.000
6929400.000
6965200.000
6902000.000
6907400.000
6887200.000
6866600.000
6818600.000
6816400.000
6833400.000
6927600.000
6962600.000
6921600.000
6821600.000
6759800.000
6760600.000
6862200.000
6898600.000
6960400.000
6946600.000
6971600.000
6914800.000
7013200.000
6950600.000
7021600.000
6993200.000
7033200.000
6985000.000
6988400.000
6949600.000
6985200.000
7002400.000
7038000.000
6947000.000
6978400.000
7003400.000
7022800.000
6995800.000
7010200.000
7032200.000
6974800.000
6991800.000
7015400.000
6986200.000
7003000.000
6940600.000
6948200.000
6901200.000
6900600.000
6929400.000
7013000.000
7025200.000
7059200.000
7118600.000
7023200.000
6973200.000
7013600.000
6957200.000
6971400.000
6981200.000
7004600.000
6971400.000
7083600.000
7045800.000
7059000.000
7053400.000
7017200.000
7041400.000
7052400.000
7046600.000
7042000.000
6997800.000
7066400.000
7037600.000
7038400.000
7067800.000
7087000.000
7067600.000
7072000.000
7089400.000
7109000.000
7098000.000
7048800.000
7048800.000
7018800.000
6932000.000
6973800.000
7044200.000
7059600.000
7096400.000
7119800.000
7157400.000
7076000.000
7086200.000
7121200.000
7144800.000
7143400.000
7060200.000
7041800.000
7040800.000
6972400.000
6905000.000
6907000.000
6847600.000
6856400.000
6882400.000
6857400.000
6857800.000
6910600.000
6902800.000
6840600.000
6935200.000
6890800.000
6890600.000
6904600.000
6941200.000
6981400.000
6984000.000
6996200.000
7031000.000
7006800.000
7106400.000
7085800.000
7106200.000
7220200.000
7217000.000
7172800.000
7196600.000
7147800.000
7105000.000
7087200.000
7060600.000
7046400.000
7012400.000
6988000.000
7003400.000
7073600.000
7013600.000
7055600.000
7032000.000
7061400.000
7122000.000
7165200.000
7173000.000
7080800.000
7078200.000
7096200.000
7174000.000
7149600.000
7133600.000
7149600.000
7116800.000
7087600.000
7147800.000
7120600.000
7100200.000
7124400.000
7067000.000
7100000.000
7075000.000
6750400.000
6739400.000
6720200.000
6740600.000
6781000.000
6716400.000
6652800.000
6711600.000
6722000.000
6752600.000
6733000.000
6717000.000
6741200.000
6738000.000
6700800.000
6742600.000
6759800.000
6745800.000
6764400.000
6787000.000
6824800.000
6761600.000
6845000.000
6825800.000
6794200.000
6759800.000
6788600.000
6786200.000
6806600.000
6793200.000
6871400.000
6838800.000
6865400.000
6813000.000
6818200.000
6839600.000
6792400.000
6815400.000
6808600.000
6863800.000
6889200.000
6905800.000
6872200.000
6818400.000
6818200.000
6843200.000
6804200.000
6810200.000
6767200.000
6793200.000
6811200.000
6825000.000
6826800.000
6862600.000
6781600.000
6627200.000
6563400.000
6701400.000
6725400.000
6785200.000
6803200.000
6810000.000
6815200.000
6890200.000
6834200.000
6919400.000
6914000.000
6935800.000
6866400.000
6914000.000
6893600.000
6868600.000
6889200.000
6907000.000
6868800.000
6918200.000
6912800.000
6902400.000
6952400.000
6941800.000
6834400.000
6921600.000
6874200.000
6899200.000
6954200.000
6959400.000
6887400.000
6858600.000
6818600.000
6712600.000
6809800.000
6843600.000
6868000.000
6977200.000
6921400.000
6984400.000
6921800.000
6904400.000
6892800.000
6916800.000
6904000.000
6941200.000
6880200.000
6959600.000
6998400.000
6962600.000
6987600.000
6966600.000
6973200.000
6963800.000
7033000.000
7019200.000
6989000.000
6985800.000
7003200.000
6909200.000
6931200.000
7000400.000
6961000.000
7024200.000
6996800.000
7050400.000
7001600.000
6990800.000
7025000.000
6862600.000
6876000.000
6866000.000
6867800.000
6950600.000
7025200.000
7049600.000
7063200.000
7010000.000
7044400.000
7069800.000
7047200.000
7045000.000
7009000.000
6969200.000
6968800.000
6929400.000
6903000.000
6792400.000
6789600.000
6775600.000
6792200.000
6743600.000
6760400.000
6758200.000
6768800.000
6826800.000
6797600.000
6822000.000
6829400.000
6880600.000
6872400.000
6933200.000
6914200.000
6899400.000
6939400.000
7059800.000
7048000.000
7048000.000
7054800.000
7166000.000
7152600.000
7159200.000
7137600.000
7131000.000
7090200.000
7116000.000
7058200.000
7039600.000
7073600.000
7040800.000
7104200.000
7001400.000
7091200.000
7116000.000
7053400.000
7081800.000
7082400.000
7094200.000
7074200.000
7103200.000
7108400.000
7061400.000
7156800.000
7112200.000
7156000.000
7103800.000
7107600.000
7134600.000
7129800.000
7114200.000
7071400.000
7031800.000
7063200.000
7086600.000
7083600.000
6738600.000
6809200.000
6806400.000
6803800.000
6745600.000
6759800.000
6761800.000
6737400.000
6731400.000
6824200.000
6743800.000
6797400.000
6801600.000
6735400.000
6753000.000
6772600.000
6786800.000
6796600.000
6789600.000
6821200.000
6802000.000
6889200.000
6859000.000
6821000.000
6863000.000
6821000.000
6836200.000
6880800.000
6866200.000
6897600.000
6906800.000
6875600.000
6895000.000
6928600.000
6852800.000
6794200.000
6811200.000
6839000.000
6923600.000
6786000.000
6925600.000
6897200.000
6896600.000
6860000.000
6913400.000
6862600.000
6862200.000
6824600.000
6853600.000
6919000.000
6936200.000
6899400.000
6894400.000
6808200.000
6697000.000
6576200.000
6671600.000
6715200.000
6744800.000
6828200.000
6878200.000
6952800.000
6920200.000
6978000.000
6991400.000
6969600.000
7019400.000
7001600.000
7000200.000
6979000.000
7000400.000
6969800.000
6926000.000
7026600.000
7055000.000
7008600.000
7047400.000
7019400.000
7022000.000
6958800.000
6963200.000
6958400.000
6955200.000
6990000.000
6976800.000
7023000.000
6930400.000
6879400.000
6816400.000
6840400.000
6862800.000
6920800.000
6964800.000
6973600.000
6986000.000
7022200.000
6994200.000
6968600.000
7006200.000
6981000.000
6995000.000
7006400.000
6980800.000
6996400.000
6968600.000
7040800.000
7076600.000
7013000.000
7050400.000
7034000.000
7074400.000
7043000.000
7031000.000
7014200.000
7007200.000
6993800.000
7036200.000
7070600.000
7094000.000
7053200.000
7086800.000
7060600.000
7047400.000
7035400.000
7017000.000
6983800.000
6989400.000
6965800.000
6972800.000
7026800.000
7089200.000
7119800.000
7062200.000
7058600.000
7117800.000
7126600.000
7058600.000
7038800.000
7050800.000
6993800.000
7038200.000
6943000.000
6886600.000
6870200.000
6825800.000
6820400.000
6833800.000
6820800.000
6828800.000
6863800.000
6735200.000
6810000.000
6818800.000
6785600.000
6824200.000
6873800.000
6887600.000
6931800.000
6979600.000
6976200.000
7003200.000
7055200.000
7105000.000
7137200.000
7135600.000
7169000.000
7170600.000
7169400.000
7138000.000
7148000.000
7156400.000
7067800.000
7076400.000
7137400.000
7085000.000
7088600.000
7034200.000
7085400.000
7066400.000
7119200.000
7052000.000
7093200.000
7034200.000
7064400.000
7070200.000
7089200.000
7084000.000
7115800.000
7130400.000
7090600.000
7133400.000
7126000.000
7107000.000
7152800.000
7074200.000
7123600.000
7049400.000
7088200.000
7111200.000
7092000.000
7044600.000
6778800.000
6819800.000
6729800.000
6739400.000
6783800.000
6723800.000
6786800.000
6789600.000
6735600.000
6790800.000
6758200.000
6772600.000
6780800.000
6780400.000
6805800.000
6792600.000
6788200.000
6840200.000
6845600.000
6857000.000
6843000.000
6906600.000
6913400.000
6815600.000
6826000.000
6906000.000
6863800.000
6893400.000
6853200.000
6885000.000
6914200.000
6813000.000
6843400.000
6838600.000
6839800.000
6855400.000
6877200.000
6867200.000
6893800.000
6868000.000
6914400.000
6946600.000
6919400.000
6907200.000
6916800.000
6875200.000
6856400.000
6918800.000
6891400.000
6865800.000
6886800.000
6884800.000
6897800.000
6832400.000
6800000.000
6677800.000
6715800.000
6748000.000
6788000.000
6911200.000
6895200.000
6892000.000
6938400.000
7011400.000
7021200.000
7048200.000
7071200.000
6975400.000
6979800.000
7049600.000
6981600.000
6984400.000
7032400.000
7010000.000
6965000.000
7039200.000
6978600.000
7047600.000
7006000.000
7019400.000
6980600.000
6966600.000
6980400.000
7003400.000
6952400.000
6995800.000
6923800.000
6927200.000
6871000.000
6838200.000
6850200.000
7005600.000
6957400.000
7047000.000
7101400.000
7006200.000
7029600.000
6980400.000
7020600.000
6989400.000
6994400.000
7048400.000
7017000.000
7020800.000
6982800.000
6981200.000
7033600.000
7091800.000
7027400.000
6987400.000
7065200.000
7049800.000
7091600.000
7037000.000
7014200.000
7017600.000
7061400.000
7055000.000
7069400.000
7048400.000
7042000.000
7068400.000
7067400.000
7063600.000
6974600.000
6960600.000
7007000.000
6943200.000
6975800.000
7004000.000
7016800.000
7010000.000
7115000.000
7096800.000
7059000.000
7086000.000
7083800.000
7039600.000
7004800.000
7014000.000
7005800.000
6936600.000
6936400.000
6888000.000
6893200.000
6819800.000
6807600.000
6704200.000
6725200.000
6742400.000
6714600.000
6744600.000
6782000.000
6831000.000
6784600.000
6864000.000
6885600.000
6911200.000
6928800.000
6927000.000
6915600.000
7019600.000
6996600.000
7116000.000
7091400.000
7138600.000
7144000.000
7148600.000
7150200.000
7132800.000
7126000.000
7080600.000
7087200.000
7075600.000
7092200.000
7109600.000
7063600.000
7022600.000
7035600.000
7066000.000
7075600.000
7009000.000
7092400.000
7037600.000
7036200.000
7069800.000
7053000.000
7040000.000
7119000.000
7118800.000
7088400.000
7117200.000
7039600.000
7122400.000
7085200.000
7078400.000
7141800.000
7131200.000
7089000.000
7073800.000
7014600.000
6719800.000
6714200.000
6759400.000
6742400.000
6771400.000
6767400.000
6778800.000
6768400.000
6756000.000
6755400.000
6847600.000
6810200.000
6790400.000
6770800.000
6825200.000
6814000.000
6846000.000
6774000.000
6865000.000
6811800.000
6810600.000
6810800.000
6846400.000
6891600.000
6852800.000
6854200.000
6881200.000
6894600.000
6858400.000
6829600.000
6831000.000
6831200.000
6793000.000
6817800.000
6904200.000
6831800.000
6888800.000
6906600.000
6858400.000
6847600.000
6903600.000
6865200.000
6898600.000
6869200.000
6927200.000
6869800.000
6891200.000
6870200.000
6883000.000
6930000.000
6873600.000
6854400.000
6779800.000
6670400.000
6631400.000
6691400.000
6671400.000
6810200.000
6804200.000
6828200.000
6923800.000
6924400.000
6971600.000
6985800.000
7053000.000
7010000.000
7042600.000
6999000.000
7053200.000
7035800.000
7036400.000
7018600.000
7033000.000
7006600.000
7081800.000
7022400.000
6969800.000
7008200.000
7020400.000
6989200.000
7005200.000
7059600.000
7006200.000
7006600.000
7018000.000
6946800.000
6927800.000
6838400.000
6858200.000
6872800.000
6897200.000
6941400.000
7008000.000
7007600.000
6999800.000
6978200.000
7033000.000
7005200.000
6996200.000
6993200.000
7057800.000
7056800.000
7043600.000
6996000.000
7007000.000
6989200.000
7070000.000
7043200.000
7053800.000
7033600.000
7098000.000
7088400.000
7054800.000
7028600.000
7024000.000
7052400.000
7015600.000
7108200.000
7109200.000
7054200.000
7107800.000
7111800.000
7103200.000
7079800.000
7049400.000
7042400.000
7035400.000
7024600.000
7072600.000
7068800.000
7130600.000
7152000.000
7104200.000
7084800.000
7151200.000
7114800.000
7103800.000
7083400.000
7086800.000
7071400.000
6988600.000
7015200.000
7014400.000
6964600.000
6934800.000
6846400.000
6821400.000
6824200.000
6751000.000
6777200.000
6808600.000
6802600.000
6817000.000
6775600.000
6887000.000
6873200.000
6922000.000
6949000.000
6938600.000
7040600.000
7034400.000
7025200.000
7129600.000
7099800.000
7179000.000
7197400.000
7170200.000
7211600.000
7213000.000
7182200.000
7109400.000
7149000.000
7149000.000
7092800.000
7124400.000
7141200.000
7132800.000
7083000.000
7115600.000
7125000.000
7058400.000
7081800.000
7043000.000
7056400.000
7040400.000
7082200.000
7099400.000
7097800.000
7101200.000
7096600.000
7045400.000
7073400.000
7066000.000
7146400.000
7125800.000
7104800.000
7105000.000
7065600.000
7131800.000
7079600.000
7062200.000
6649200.000
6716400.000
6733400.000
6690800.000
6723000.000
6761000.000
6782600.000
6733600.000
6745000.000
6750200.000
6806000.000
6698800.000
6701000.000
6763800.000
6747000.000
6732600.000
6771600.000
6757200.000
6810400.000
6781600.000
6784800.000
6825400.000
6748800.000
6827200.000
6849400.000
6837800.000
6834400.000
6823600.000
6803200.000
6826200.000
6781600.000
6781200.000
6841400.000
6755600.000
6741000.000
6778200.000
6846000.000
6761200.000
6844600.000
6779600.000
6780600.000
6824200.000
6858600.000
6821800.000
6874800.000
6811400.000
6813000.000
6824200.000
6856400.000
6820400.000
6785800.000
6759200.000
6701200.000
6596600.000
6636400.000
6606600.000
6662400.000
6786200.000
6836800.000
6817200.000
6837600.000
6863800.000
6945000.000
6945800.000
6995200.000
6918000.000
6947000.000
6995600.000
6948400.000
6992400.000
6951000.000
6960200.000
6947800.000
7017000.000
6971400.000
6952600.000
6932400.000
6928400.000
6946200.000
6911400.000
6944600.000
6887600.000
6898400.000
6880600.000
6883400.000
6822600.000
6844000.000
6830400.000
6783200.000
6806000.000
6781200.000
6886200.000
6850800.000
6866800.000
6915800.000
6919400.000
6943200.000
6938800.000
6977200.000
6950000.000
6872800.000
6935400.000
6864600.000
6886200.000
6921400.000
6910000.000
6965800.000
6966600.000
6962600.000
6969400.000
6990000.000
6926200.000
6919000.000
6933800.000
6974400.000
6895600.000
6930000.000
6896600.000
6915200.000
6939800.000
6970800.000
6964600.000
6983400.000
6906400.000
6907000.000
6903600.000
6919000.000
6930800.000
6888600.000
6911000.000
6892800.000
6964200.000
6952600.000
7004400.000
7033800.000
6994200.000
7049000.000
7020600.000
6946000.000
6966800.000
6965800.000
6917600.000
6952400.000
6890400.000
6781200.000
6761800.000
6713600.000
6688800.000
6671600.000
6687400.000
6717000.000
6678400.000
6723600.000
6748800.000
6679600.000
6818600.000
6803200.000
6833200.000
6840400.000
6940200.000
7012800.000
7010800.000
7044600.000
7096400.000
7112800.000
7110400.000
7124400.000
7158600.000
7109400.000
7119200.000
7086800.000
7082000.000
7033000.000
7020400.000
7065200.000
7003800.000
6974600.000
6995200.000
6984800.000
6957400.000
6981600.000
7070800.000
7020200.000
7012800.000
7020600.000
7055000.000
6985000.000
7048000.000
7014800.000
7030400.000
7001200.000
7027200.000
6996400.000
7025600.000
7063600.000
7005600.000
7045600.000
7060200.000
7086200.000
7005000.000
7010200.000
6726600.000
6745600.000
6719800.000
6826400.000
6799000.000
6810000.000
6698200.000
6715600.000
6751400.000
6750600.000
6722200.000
6761800.000
6771000.000
6854600.000
6783400.000
6849000.000
6750800.000
6838400.000
6830200.000
6829600.000
6837000.000
6878400.000
6822400.000
6863800.000
6882800.000
6826800.000
6810200.000
6818600.000
6862800.000
6819400.000
6806200.000
6773400.000
6797600.000
6837000.000
6802600.000
6818600.000
6799200.000
6829000.000
6767400.000
6746000.000
6801000.000
6750200.000
6775400.000
6776600.000
6757400.000
6815600.000
6796000.000
6762200.000
6797000.000
6726200.000
6690400.000
6671400.000
6614600.000
6613400.000
6648200.000
6557800.000
6712200.000
6829200.000
6839400.000
6908400.000
6843400.000
6904200.000
6883400.000
6938800.000
6981600.000
6973000.000
7011000.000
6995600.000
6978600.000
6978000.000
6929800.000
6945000.000
7025200.000
6988800.000
6980400.000
6954000.000
7037200.000
6964000.000
6962400.000
6920200.000
6928200.000
6891400.000
6869800.000
6820000.000
6888400.000
6901800.000
6872400.000
6843400.000
6855400.000
6847200.000
6778000.000
6855200.000
6898600.000
6900000.000
6954000.000
6957200.000
6961000.000
6958400.000
6959600.000
6928400.000
6974000.000
6941400.000
6972000.000
6919600.000
6897400.000
6973200.000
6939000.000
7039000.000
7052800.000
7074600.000
7021400.000
7022400.000
6999200.000
6996200.000
7035200.000
7002600.000
6971000.000
7014400.000
7014400.000
7013000.000
7006200.000
7021000.000
7031000.000
6939200.000
6985800.000
7037400.000
7015200.000
7010600.000
7044400.000
6956600.000
7033600.000
7023000.000
6988800.000
6993600.000
7026800.000
7045600.000
7037000.000
7053200.000
7035000.000
7039600.000
7003600.000
6966400.000
6927800.000
6947800.000
6826000.000
6794200.000
6713400.000
6753200.000
6686000.000
6669200.000
6679600.000
6707600.000
6686800.000
6718000.000
6793000.000
6876800.000
6869800.000
6916800.000
6928600.000
7006200.000
7108000.000
7143400.000
7121000.000
7199000.000
7224600.000
7198800.000
7216400.000
7198200.000
7139800.000
7101200.000
7159400.000
7124600.000
7146200.000
7125600.000
7099200.000
7062400.000
7098200.000
7049200.000
7081000.000
6985600.000
6992200.000
7062600.000
7010000.000
7009800.000
7016400.000
7042400.000
6995400.000
7080200.000
7096800.000
7046800.000
7029800.000
7032200.000
7008600.000
7089200.000
6985000.000
7044400.000
7084200.000
7048000.000
7010000.000
7038000.000
7040800.000
6724400.000
6697200.000
6716200.000
6709400.000
6768000.000
6774600.000
6799000.000
6803200.000
6786600.000
6782600.000
6734600.000
6775200.000
6763400.000
6776800.000
6804600.000
6831200.000
6812000.000
6816800.000
6813400.000
6857200.000
6803200.000
6830400.000
6841800.000
6831400.000
6828800.000
6837200.000
6820400.000
6855400.000
6839400.000
6872400.000
6780400.000
6875400.000
6904400.000
6812000.000
6841000.000
6860800.000
6848000.000
6822000.000
6801600.000
6757000.000
6756400.000
6752400.000
6764000.000
6813200.000
6774400.000
6801000.000
6858800.000
6824000.000
6821200.000
6781400.000
6695200.000
6725200.000
6641600.000
6647000.000
6679800.000
6699600.000
6796800.000
6834600.000
6829400.000
6873800.000
6954400.000
6903400.000
6900200.000
6996200.000
6983600.000
6949600.000
6933400.000
6979400.000
7026200.000
6984800.000
7025800.000
6988200.000
7002400.000
7051400.000
6994000.000
6996200.000
6920800.000
6946600.000
6980400.000
6922200.000
6938000.000
6952600.000
6908800.000
6909000.000
6893000.000
6917200.000
6903600.000
6838400.000
6820200.000
6839200.000
6909400.000
6887600.000
6837800.000
6866800.000
6921800.000
6969800.000
6930400.000
6957400.000
6952800.000
6950400.000
6909600.000
6909400.000
6879400.000
6920800.000
6886800.000
6894400.000
7007800.000
7004800.000
7017600.000
7005400.000
6982400.000
7016800.000
6934400.000
6999200.000
7027800.000
6995600.000
7063000.000
7022200.000
6981000.000
6992400.000
6987200.000
7012800.000
6975800.000
6970800.000
6960400.000
7017400.000
7000000.000
7062000.000
7030400.000
7024400.000
7003800.000
7075400.000
7055800.000
7081400.000
7123400.000
7111000.000
7113600.000
7058000.000
7074000.000
7006000.000
6975000.000
7015200.000
6929600.000
6875600.000
6849000.000
6760800.000
6751400.000
6645400.000
6625200.000
6681200.000
6691200.000
6686200.000
6681000.000
6764600.000
6731200.000
6836400.000
6936600.000
6964000.000
7006000.000
7124800.000
7118200.000
7192000.000
7156200.000
7220400.000
7173000.000
7197400.000
7201200.000
7107200.000
7107000.000
7051600.000
7069400.000
7113600.000
7083400.000
7020200.000
7037800.000
7058000.000
6993000.000
6995600.000
7010600.000
7050400.000
7038800.000
7031400.000
6987600.000
6981800.000
7052800.000
7026800.000
7052800.000
7048000.000
7037000.000
6977800.000
6966400.000
6981200.000
7037800.000
7010800.000
7054200.000
7046400.000
7080200.000
7014800.000
7058600.000
7061600.000
7064600.000
6695800.000
6716200.000
6734000.000
6783800.000
6746000.000
6803000.000
6779000.000
6781000.000
6788000.000
6749400.000
6722800.000
6765000.000
6732400.000
6841600.000
6775800.000
6811600.000
6818000.000
6782400.000
6827800.000
6901600.000
6828800.000
6785800.000
6799400.000
6888400.000
6820600.000
6814800.000
6826800.000
6857200.000
6797400.000
6694600.000
6788400.000
6800000.000
6802800.000
6809000.000
6769800.000
6853600.000
6758400.000
6768600.000
6759000.000
6717000.000
6753600.000
6777400.000
6793600.000
6812400.000
6784000.000
6771000.000
6819400.000
6808000.000
6787600.000
6711400.000
6675200.000
6653800.000
6630800.000
6675200.000
6743000.000
6769200.000
6785600.000
6876400.000
6949800.000
6898200.000
6934000.000
6983600.000
6957600.000
6980600.000
6971200.000
6992400.000
6995800.000
7019200.000
7021200.000
7035600.000
7072800.000
7008800.000
7032400.000
7016600.000
7043400.000
6998000.000
6993800.000
7001000.000
6933000.000
6950600.000
6963800.000
6945000.000
6939400.000
6936000.000
6920400.000
6929600.000
6888200.000
6943000.000
6981800.000
6949600.000
6882600.000
6957200.000
6931200.000
6980800.000
6967800.000
7004000.000
7059600.000
6984200.000
7026800.000
6992000.000
6943600.000
6943000.000
6947400.000
6961600.000
6984600.000
6947400.000
7004600.000
7056000.000
7131400.000
7019000.000
7077600.000
7019200.000
7045000.000
7011800.000
7048600.000
7132800.000
7087400.000
7043600.000
7017600.000
6985000.000
7038600.000
7021000.000
7093800.000
7032200.000
7066400.000
7059800.000
7093000.000
7068600.000
7082200.000
7103600.000
7085600.000
7062800.000
7071800.000
7076800.000
7143800.000
7112600.000
7102400.000
7100400.000
7097200.000
7074000.000
7069600.000
7096800.000
7002400.000
6965200.000
6901200.000
6818600.000
6760000.000
6746800.000
6707000.000
6755000.000
6771400.000
6747000.000
6750000.000
6793400.000
6873200.000
6917000.000
7008600.000
7094000.000
7152600.000
7137200.000
7191400.000
7230800.000
7265800.000
7206000.000
7209400.000
7215200.000
7157800.000
7175400.000
7122400.000
7117800.000
7048400.000
7115200.000
7042800.000
7102800.000
7067000.000
7017200.000
7067800.000
7008000.000
7006000.000
7022200.000
7042200.000
7025400.000
7011600.000
7012000.000
7016200.000
7049000.000
7016800.000
7011600.000
7009000.000
6972200.000
6945600.000
6974000.000
6990600.000
6984200.000
7017400.000
7063000.000
7044600.000
7055600.000
7053200.000
7019000.000
7050000.000
6721800.000
6701400.000
6726200.000
6752600.000
6750000.000
6697400.000
6719400.000
6724200.000
6756800.000
6739800.000
6753000.000
6750400.000
6720600.000
6733800.000
6716200.000
6747800.000
6702600.000
6779400.000
6837800.000
6777400.000
6806200.000
6809600.000
6766800.000
6810800.000
6768600.000
6748400.000
6777200.000
6790200.000
6790800.000
6784000.000
6781200.000
6796000.000
6799200.000
6775200.000
6767400.000
6706800.000
6759600.000
6798800.000
6760600.000
6794600.000
6762600.000
6728200.000
6708000.000
6764800.000
6740000.000
6766800.000
6784000.000
6739600.000
6802400.000
6749400.000
6669200.000
6624800.000
6630200.000
6708000.000
6741000.000
6825800.000
6764600.000
6853600.000
6811400.000
6880000.000
6823400.000
6855000.000
6922800.000
6999200.000
6977600.000
6969400.000
7010600.000
6978000.000
6999200.000
6994400.000
7022000.000
7062600.000
7032400.000
6990600.000
7011400.000
6965000.000
6956600.000
6906200.000
6938400.000
6937400.000
6957600.000
6954600.000
6897000.000
6865600.000
6917800.000
6950200.000
6942400.000
6946800.000
6871000.000
6932600.000
6925000.000
6896400.000
6929600.000
6980000.000
6987400.000
7008400.000
7077800.000
7028800.000
7050400.000
6995400.000
6936000.000
6896800.000
6920600.000
6959200.000
6933800.000
7045000.000
7047800.000
7033200.000
7102200.000
7056000.000
7058800.000
7080800.000
7071800.000
7017800.000
7051000.000
7078400.000
7023800.000
7082800.000
7026200.000
7066200.000
7017400.000
7041200.000
7075200.000
7057600.000
7061000.000
7074800.000
7114200.000
7088000.000
7041600.000
7069400.000
7050800.000
7081200.000
7121200.000
7105400.000
7081400.000
7141000.000
7120400.000
7128400.000
7089400.000
7143000.000
7071800.000
7039000.000
6971600.000
6939800.000
6926200.000
6837400.000
6814000.000
6795800.000
6825200.000
6748600.000
6730400.000
6741800.000
6729000.000
6808200.000
6832800.000
6907600.000
7002200.000
7103200.000
7175600.000
7221200.000
7231000.000
7253200.000
7205000.000
7210200.000
7182200.000
7140200.000
7112200.000
7074800.000
6997400.000
7040800.000
7017600.000
6991600.000
6967600.000
7029000.000
6975000.000
6986600.000
7006800.000
6981000.000
7031000.000
6946000.000
6985400.000
6989600.000
6954200.000
7015200.000
6982400.000
6988600.000
6975400.000
6962200.000
6921000.000
6934200.000
6937000.000
6927400.000
6977000.000
6981400.000
6947400.000
7022400.000
6997800.000
7019200.000
6971800.000
7017600.000
6994400.000
6703600.000
6661800.000
6724800.000
6671800.000
6707600.000
6715800.000
6762800.000
6762000.000
6758200.000
6741000.000
6729400.000
6705400.000
6708200.000
6787800.000
6800800.000
6769200.000
6776800.000
6782400.000
6736200.000
6837200.000
6787000.000
6790200.000
6783200.000
6775400.000
6841200.000
6793600.000
6723200.000
6794000.000
6807800.000
6784400.000
6786600.000
6771800.000
6772400.000
6786800.000
6727600.000
6753400.000
6765400.000
6755200.000
6723800.000
6742200.000
6731800.000
6734800.000
6736800.000
6782600.000
6773600.000
6736800.000
6810600.000
6812200.000
6842400.000
6801400.000
6781800.000
6722400.000
6735200.000
6812400.000
6838800.000
6882800.000
6874400.000
6826000.000
6931400.000
6943800.000
6951200.000
6936400.000
6957600.000
6982000.000
7003600.000
7053600.000
7015800.000
6978200.000
7072200.000
7042600.000
7048600.000
6999200.000
6995800.000
7010600.000
7033200.000
6982000.000
6953600.000
6941000.000
6948200.000
6963200.000
6982600.000
6960200.000
6987800.000
6954000.000
6920400.000
6988200.000
6966000.000
6922000.000
6978800.000
6910800.000
6955600.000
6956400.000
6993000.000
6975600.000
7040000.000
7006200.000
7021600.000
6990800.000
7032800.000
6934200.000
6938800.000
6913400.000
6946200.000
6993800.000
6979200.000
6998200.000
7038600.000
7058800.000
7108200.000
7056000.000
7046800.000
7044000.000
7035000.000
6966200.000
7030400.000
7005000.000
6993800.000
7034400.000
7000400.000
7026400.000
7091800.000
7069000.000
7068400.000
7063800.000
7044800.000
7067400.000
7052800.000
7094000.000
7089800.000
7055200.000
7072800.000
7114000.000
7107800.000
7104600.000
7225600.000
7126800.000
7161600.000
7077800.000
7070200.000
7080000.000
7092800.000
7004000.000
7002400.000
6915000.000
6915200.000
6886600.000
6885000.000
6840600.000
6818600.000
6795400.000
6741000.000
6772000.000
6770800.000
6804800.000
6929000.000
6981000.000
7042000.000
7179800.000
7202800.000
7253400.000
7250200.000
7220800.000
7166600.000
7122000.000
7093400.000
7066000.000
7090200.000
7031600.000
6991600.000
7035400.000
6954800.000
7025000.000
6989200.000
6976800.000
6968400.000
7013400.000
7024800.000
6984200.000
6982600.000
6967000.000
6982800.000
6973000.000
6918600.000
6974600.000
6995800.000
7043000.000
6972000.000
6976000.000
6946600.000
6915800.000
6962000.000
6940600.000
6917800.000
6931200.000
6953200.000
6979000.000
6988200.000
6985400.000
6979800.000
6966400.000
6950800.000
6645800.000
6659800.000
6719800.000
6741400.000
6771200.000
6693600.000
6777600.000
6724200.000
6674400.000
6703800.000
6730800.000
6745000.000
6752200.000
6744600.000
6774000.000
6792000.000
6766000.000
6783400.000
6782800.000
6768200.000
6791400.000
6738200.000
6736000.000
6743200.000
6753800.000
6716800.000
6720400.000
6766400.000
6732000.000
6781800.000
6780200.000
6767600.000
6784800.000
6756200.000
6707400.000
6727000.000
6761200.000
6757800.000
6707800.000
6694600.000
6748400.000
6700200.000
6686600.000
6748600.000
6766800.000
6748600.000
6758400.000
6799400.000
6752600.000
6796600.000
6770800.000
6713200.000
6818200.000
6729000.000
6771600.000
6853200.000
6812200.000
6843400.000
6842400.000
6907200.000
6844400.000
6861600.000
6886800.000
6950800.000
6997400.000
6943800.000
6948000.000
6972800.000
6997000.000
6995200.000
7006000.000
7022400.000
6962600.000
6984000.000
6971200.000
6945200.000
6934200.000
6952400.000
6999000.000
6981800.000
6914600.000
6916000.000
6977200.000
6979400.000
6911000.000
6914400.000
6956000.000
6967800.000
6913000.000
6903800.000
6897000.000
6927400.000
6899600.000
6976800.000
6921600.000
6968000.000
6978600.000
6908600.000
6963400.000
6914200.000
6957400.000
6887800.000
6954400.000
6872000.000
6954000.000
7004200.000
7034000.000
7039600.000
7083000.000
7015800.000
6993400.000
7033000.000
7016600.000
6988200.000
7027600.000
7028200.000
6999200.000
6971800.000
7004000.000
7017600.000
7018000.000
7010400.000
7010800.000
6982400.000
7009800.000
7035800.000
6992600.000
7034800.000
7029800.000
7027200.000
7046600.000
7043000.000
7052800.000
7074400.000
7055800.000
7096600.000
7029400.000
7058600.000
7002200.000
6985600.000
7006400.000
6954600.000
6996400.000
6939800.000
6856400.000
6916800.000
6879000.000
6868800.000
6808800.000
6725800.000
6703600.000
6706400.000
6732400.000
6783600.000
6879200.000
6970000.000
7044400.000
7189600.000
7255600.000
7231800.000
7279800.000
7206800.000
7114000.000
7073800.000
7001800.000
7040000.000
7020600.000
6960600.000
6955400.000
6993600.000
6938000.000
6897400.000
6899400.000
6887000.000
6918800.000
6904000.000
6959800.000
6955400.000
6853600.000
6952000.000
6931400.000
6940000.000
6895800.000
6990800.000
6979800.000
6958200.000
6943400.000
6881200.000
6909400.000
6912800.000
6971000.000
6936400.000
6929200.000
6896800.000
6987000.000
6950200.000
6982800.000
6962200.000
6990000.000
6897600.000
6955600.000
6705600.000
6679000.000
6715800.000
6746400.000
6762200.000
6710200.000
6717000.000
6708400.000
6719200.000
6730600.000
6765000.000
6728800.000
6709400.000
6801200.000
6737400.000
6778200.000
6799600.000
6740600.000
6804200.000
6772000.000
6737200.000
6739800.000
6715200.000
6783000.000
6729200.000
6737800.000
6760400.000
6737600.000
6720800.000
6755000.000
6800400.000
6784400.000
6698200.000
6711000.000
6754000.000
6741600.000
6786800.000
6749600.000
6747400.000
6688800.000
6728200.000
6692000.000
6674800.000
6752800.000
6689800.000
6746000.000
6789600.000
6771000.000
6874600.000
6782400.000
6845200.000
6774600.000
6749800.000
6852400.000
6762800.000
6788200.000
6848800.000
6864400.000
6832400.000
6761600.000
6857000.000
6905600.000
6898600.000
6927200.000
7006400.000
7001400.000
6986400.000
7006000.000
6995600.000
6934000.000
6992200.000
6955200.000
6951400.000
6956000.000
6955400.000
6982200.000
6928800.000
6973800.000
6922600.000
6881000.000
6944600.000
6926000.000
6937000.000
6921800.000
6947000.000
6914200.000
6921400.000
6945200.000
6946600.000
6955200.000
6955800.000
7001600.000
7005800.000
6971800.000
7007600.000
6982400.000
6969400.000
6959200.000
6945200.000
6955800.000
6884800.000
6934000.000
6889200.000
6955200.000
7012400.000
7072200.000
7024000.000
7089600.000
7027600.000
7062800.000
7045000.000
6976200.000
6957200.000
6964600.000
6984400.000
6999200.000
6977400.000
7040400.000
7014000.000
7070800.000
7028800.000
7080600.000
6997400.000
7051600.000
7090400.000
7007800.000
7013600.000
7051800.000
7019400.000
7010400.000
6997600.000
7035800.000
7101000.000
7027200.000
7064800.000
7067600.000
7091200.000
7022000.000
7039400.000
7006000.000
7048800.000
7014400.000
6965000.000
6975800.000
6942200.000
6918200.000
6944800.000
6913800.000
6874600.000
6849800.000
6806200.000
6793400.000
6838200.000
6892200.000
6967200.000
7062800.000
7172200.000
7243400.000
7285200.000
7242400.000
7232000.000
7120000.000
7096800.000
6980000.000
7002000.000
7036000.000
7026800.000
7015600.000
6986000.000
6981000.000
6947600.000
6921000.000
6929400.000
7029600.000
6997600.000
6942000.000
6985200.000
6971400.000
6943200.000
6971400.000
6966600.000
6940800.000
6933800.000
6913600.000
6917200.000
6964400.000
7041200.000
6930400.000
6988400.000
6903200.000
6993600.000
6919200.000
6946000.000
6896400.000
6918400.000
6941600.000
6926000.000
6924000.000
6921000.000
6882600.000
6938400.000
6696400.000
6738800.000
6669200.000
6687400.000
6760200.000
6698000.000
6704400.000
6746400.000
6679200.000
6774800.000
6708200.000
6722800.000
6748400.000
6737800.000
6728600.000
6744600.000
6747200.000
6780200.000
6773400.000
6743400.000
6782600.000
6792800.000
6751200.000
6735800.000
6723600.000
6794600.000
6763000.000
6743600.000
6839600.000
6754800.000
6794600.000
6766600.000
6708000.000
6757800.000
6700800.000
6722800.000
6772200.000
6719400.000
6730200.000
6721600.000
6769400.000
6692800.000
6738200.000
6735400.000
6756800.000
6803600.000
6785200.000
6858600.000
6896600.000
6824600.000
6808400.000
6832600.000
6815400.000
6856000.000
6831600.000
6835000.000
6818600.000
6859600.000
6809800.000
6831800.000
6855800.000
6933000.000
6942000.000
6903200.000
6977800.000
6998400.000
6987800.000
6996200.000
7014400.000
7001200.000
6963400.000
6958200.000
6976200.000
6978200.000
6939600.000
6925400.000
6940800.000
6926400.000
6915000.000
6948000.000
6985600.000
6963400.000
6975000.000
6938800.000
6962000.000
6919800.000
6936600.000
6904000.000
6980200.000
6974800.000
6952400.000
6927200.000
7013600.000
7005000.000
6997600.000
6955600.000
6886800.000
6924200.000
6923200.000
6960000.000
6941600.000
6924600.000
6966800.000
6965200.000
6961800.000
6991600.000
7043400.000
7045600.000
6952800.000
7074400.000
6993800.000
6975400.000
6981600.000
6940000.000
6946800.000
6966200.000
6991800.000
6971200.000
6984200.000
6942800.000
7014200.000
6983600.000
6993400.000
7049400.000
7066800.000
7036400.000
7066000.000
7053600.000
7077600.000
7035800.000
7127200.000
7081800.000
7018000.000
7067400.000
7109400.000
7038200.000
7090800.000
7025800.000
7111600.000
7053200.000
7024400.000
7053200.000
7038000.000
7008400.000
7030400.000
7056400.000
7033800.000
6984800.000
6875400.000
6948600.000
6935600.000
6914600.000
6947000.000
6950600.000
7039200.000
7143000.000
7135000.000
7234600.000
7229200.000
7218800.000
7184000.000
7103600.000
7018400.000
6998400.000
6972200.000
6982600.000
6965600.000
7000200.000
6953200.000
6962400.000
6968600.000
6933400.000
6935000.000
6935800.000
6945400.000
6952200.000
6988400.000
6971200.000
6903200.000
6866000.000
6937200.000
6953400.000
6970800.000
6909000.000
6874400.000
6989200.000
7005000.000
6955400.000
6978200.000
6960600.000
6923400.000
6935200.000
6991600.000
6972200.000
6966400.000
6916600.000
6956400.000
6886000.000
6888600.000
6916000.000
6878800.000
6728600.000
6754600.000
6756200.000
6787600.000
6719600.000
6684600.000
6774400.000
6781600.000
6765800.000
6734800.000
6738800.000
6800400.000
6717000.000
6742200.000
6821000.000
6801600.000
6765600.000
6852600.000
6792400.000
6814200.000
6798200.000
6745800.000
6746000.000
6777200.000
6737200.000
6788200.000
6766800.000
6796800.000
6778000.000
6803200.000
6723800.000
6734800.000
6791400.000
6754600.000
6732800.000
6761200.000
6776400.000
6773800.000
6738000.000
6787200.000
6719000.000
6762000.000
6740400.000
6788200.000
6763600.000
6759800.000
6728800.000
6893400.000
6863400.000
6779000.000
6824200.000
6789800.000
6817600.000
6797400.000
6872200.000
6789000.000
6820200.000
6794800.000
6775600.000
6831400.000
6901600.000
6960800.000
6924400.000
6930000.000
6973200.000
7012000.000
6968600.000
6982400.000
6941000.000
6942000.000
6926400.000
6987400.000
6959800.000
6976000.000
6991600.000
6984400.000
6993400.000
6982400.000
6956400.000
6984000.000
7009000.000
7014800.000
7010000.000
7029400.000
6955200.000
6963600.000
7014800.000
6994400.000
6968600.000
6999200.000
6984600.000
7035200.000
6926600.000
7002200.000
6989000.000
7012000.000
6988600.000
6990000.000
6988800.000
6973200.000
6945200.000
7027400.000
6965000.000
6995800.000
7044000.000
7052600.000
7020400.000
7080400.000
7085600.000
7064200.000
7083600.000
7032000.000
7040600.000
7037000.000
6998800.000
7020200.000
6997800.000
7062000.000
7023200.000
7062400.000
7107200.000
7067800.000
7055600.000
7081200.000
7084800.000
7094600.000
7043200.000
7053000.000
7014200.000
7102800.000
7138200.000
7044800.000
7032400.000
7007800.000
7099400.000
7088800.000
7064600.000
7087200.000
7051000.000
7055400.000
7051400.000
7055000.000
7092400.000
7021800.000
6982800.000
7031800.000
7061600.000
6991000.000
6971800.000
6927800.000
6963200.000
6984600.000
7029200.000
7013200.000
7072000.000
7150800.000
7179800.000
7290000.000
7258200.000
7206600.000
7151400.000
7097400.000
6984400.000
7002800.000
6928400.000
6963600.000
6989000.000
7025400.000
6938200.000
7003000.000
6933400.000
6923800.000
6901400.000
6970800.000
6949800.000
6965200.000
6984800.000
6939000.000
6955200.000
6998400.000
6923200.000
6943200.000
6940400.000
6938000.000
6900400.000
6964400.000
6995800.000
6955600.000
6984400.000
6956800.000
6977000.000
7011200.000
6983200.000
6989400.000
7004600.000
6899000.000
6917200.000
6855600.000
6886400.000
6910200.000
6838800.000
6674800.000
6759600.000
6733000.000
6670800.000
6694000.000
6710400.000
6754200.000
6795400.000
6767400.000
6781400.000
6697600.000
6746600.000
6727000.000
6831200.000
6700800.000
6801200.000
6790800.000
6783400.000
6742400.000
6807600.000
6742600.000
6761400.000
6755000.000
6754000.000
6753400.000
6748200.000
6784600.000
6772400.000
6735400.000
6752600.000
6807400.000
6708400.000
6779800.000
6697800.000
6740600.000
6799200.000
6759000.000
6780400.000
6758400.000
6786000.000
6743600.000
6685800.000
6636800.000
6776000.000
6733000.000
6763000.000
6813200.000
6875600.000
6856000.000
6913200.000
6826600.000
6861600.000
6856200.000
6894400.000
6861200.000
6875600.000
6838600.000
6832800.000
6848000.000
6822600.000
6858800.000
6934800.000
6946800.000
7006600.000
6982200.000
6984800.000
6999800.000
6953400.000
7058600.000
6943200.000
6953200.000
6999200.000
6947600.000
7009000.000
6870600.000
6978000.000
6970400.000
6948200.000
6953400.000
6971400.000
7007200.000
6978600.000
7011800.000
6998800.000
6937600.000
7030200.000
6977000.000
6920000.000
6969400.000
6910200.000
6973600.000
7030400.000
6970800.000
6993200.000
6971600.000
7014000.000
6994400.000
6964600.000
6946200.000
6937600.000
6991200.000
6997800.000
7013600.000
7032400.000
7044200.000
7040000.000
7014400.000
7073200.000
7083000.000
7065600.000
7102200.000
7031800.000
6990600.000
7043800.000
6979800.000
7029800.000
7001800.000
7031000.000
7070800.000
7045800.000
7111600.000
7051800.000
7027200.000
7099200.000
7087800.000
7092600.000
7116400.000
7136000.000
7078000.000
7115400.000
7065200.000
7122200.000
7069600.000
7038600.000
7094800.000
7109200.000
7094200.000
7035200.000
7080800.000
6969200.000
6967200.000
7013400.000
7073400.000
7090200.000
7060200.000
7033800.000
6999800.000
6997800.000
6978400.000
6963800.000
7009800.000
7000800.000
6945400.000
7054000.000
6993600.000
7144800.000
7083600.000
7137600.000
7188600.000
7056600.000
7074600.000
6962600.000
6914600.000
6892400.000
6896200.000
6951000.000
6964400.000
6910600.000
6935200.000
6905600.000
6867400.000
6898400.000
6900000.000
6845000.000
6903800.000
6914400.000
6888600.000
6866200.000
6902600.000
6887200.000
6923400.000
6968200.000
6908000.000
6956000.000
6883000.000
6956800.000
6928800.000
6996000.000
6951400.000
6982000.000
6965200.000
6910600.000
6950000.000
6941200.000
6937200.000
6972400.000
6882000.000
6922400.000
6860000.000
6829800.000
6877000.000
6729400.000
6770200.000
6720400.000
6685800.000
6699000.000
6716800.000
6699800.000
6775800.000
6748600.000
6724600.000
6719600.000
6736400.000
6731600.000
6713200.000
6762200.000
6797800.000
6702200.000
6731000.000
6720000.000
6749600.000
6745600.000
6664200.000
6716800.000
6772200.000
6742200.000
6784800.000
6768200.000
6765800.000
6763000.000
6777000.000
6778400.000
6764000.000
6758800.000
6752400.000
6760000.000
6822600.000
6791600.000
6761000.000
6802200.000
6717000.000
6699400.000
6675400.000
6759200.000
6770800.000
6734800.000
6844200.000
6790800.000
6895200.000
6837600.000
6836800.000
6841600.000
6802400.000
6838000.000
6791000.000
6784600.000
6724200.000
6781200.000
6786000.000
6817800.000
6861600.000
6863600.000
6875400.000
6898600.000
6903200.000
6926000.000
6963800.000
6882200.000
6901400.000
6856200.000
6921200.000
6891800.000
6936600.000
6902600.000
6907200.000
6908400.000
6896000.000
6894200.000
6963200.000
6896400.000
6968400.000
6971000.000
6979600.000
6883600.000
6965000.000
6890600.000
6865000.000
6916800.000
6947000.000
6921800.000
6955800.000
6983600.000
6919000.000
6926600.000
6923400.000
6917800.000
6937200.000
6951200.000
6908200.000
6909600.000
6902200.000
6959800.000
6948600.000
6939600.000
6975200.000
6938000.000
6994000.000
6995000.000
6967000.000
6987400.000
7002000.000
6949200.000
6957800.000
6984800.000
6950000.000
6920400.000
6898600.000
6864600.000
6929200.000
6846600.000
6984800.000
6968000.000
6949200.000
6960400.000
6995000.000
7011600.000
6949200.000
7006000.000
7046600.000
6993800.000
6995400.000
6956600.000
6987800.000
6967200.000
6993800.000
7025200.000
7033000.000
7027800.000
6981000.000
7023000.000
7063200.000
7029800.000
7066000.000
7060200.000
7093000.000
7037400.000
7050400.000
7033800.000
7014800.000
6996800.000
7001600.000
6992400.000
7004400.000
7077800.000
7020600.000
7105400.000
7074400.000
7148200.000
7083400.000
7088200.000
7026800.000
6990400.000
6930200.000
6872200.000
6898200.000
6953400.000
6954200.000
6944200.000
6947600.000
6898400.000
6927800.000
6915400.000
6888400.000
6953400.000
6935400.000
6854600.000
6886800.000
6885800.000
6873200.000
6889800.000
6892400.000
6905000.000
6923600.000
6888000.000
6910600.000
6899200.000
6877600.000
6918400.000
6919200.000
6949400.000
6912400.000
6989200.000
7017600.000
6946800.000
6915200.000
6882000.000
6940400.000
6891800.000
6827800.000
6822600.000
6827200.000
6821600.000
6750400.000
6643200.000
6729000.000
6701200.000
6716600.000
6693000.000
6690800.000
6719600.000
6767600.000
6695000.000
6723200.000
6657800.000
6698400.000
6778400.000
6742200.000
6752800.000
6717800.000
6753800.000
6782000.000
6711200.000
6703400.000
6782800.000
6741200.000
6713400.000
6754400.000
6732200.000
6766800.000
6725000.000
6864000.000
6778200.000
6813000.000
6784600.000
6802400.000
6763200.000
6775600.000
6806200.000
6740400.000
6748000.000
6765800.000
6680400.000
6731200.000
6738200.000
6664400.000
6791000.000
6827800.000
6777800.000
6832600.000
6881200.000
6877200.000
6856600.000
6873800.000
6835600.000
6876800.000
6736000.000
6747600.000
6772000.000
6788600.000
6809200.000
6828400.000
6851800.000
6843800.000
6900600.000
6985400.000
6909800.000
6953800.000
6931000.000
6894600.000
6873600.000
6865400.000
6969400.000
6928600.000
6941200.000
6904400.000
6962000.000
6998200.000
6924800.000
6943000.000
6929600.000
6987000.000
6967600.000
6970600.000
6994400.000
6998200.000
6942400.000
7004000.000
6990400.000
6941000.000
6979800.000
6978400.000
6981600.000
6970200.000
7010600.000
7031200.000
7031000.000
6954800.000
6953600.000
6856400.000
6904400.000
6926800.000
6982600.000
6924200.000
7004000.000
7013400.000
7020000.000
6986400.000
7031400.000
7033400.000
6978800.000
6967200.000
6928600.000
6949000.000
6967200.000
6957800.000
6944800.000
6972000.000
6875600.000
6871600.000
6923000.000
6946800.000
6957400.000
6887600.000
6952000.000
6978600.000
7012200.000
7022000.000
6988600.000
6985400.000
7017000.000
6952600.000
7026600.000
7039000.000
6984200.000
7008000.000
7060800.000
6985600.000
7037400.000
7017400.000
6993000.000
6944000.000
6980800.000
7006400.000
7045000.000
7053200.000
7069200.000
7037000.000
7058000.000
7041600.000
7087000.000
7062600.000
7057000.000
7085400.000
7089200.000
7019400.000
7059800.000
7091800.000
7093000.000
7129800.000
7104200.000
7006000.000
7007800.000
7016200.000
6925600.000
6925000.000
6972400.000
6983800.000
6929000.000
6911600.000
7000800.000
6891600.000
6919400.000
6894000.000
6883400.000
6933800.000
6945400.000
6976800.000
6930000.000
6951000.000
6952200.000
6951000.000
6952200.000
6907400.000
6967000.000
6967200.000
6966800.000
6952000.000
6981000.000
7019600.000
6985200.000
6974400.000
6952200.000
6911000.000
6999800.000
6995800.000
6942600.000
6920000.000
6858200.000
6885400.000
6843800.000
6845600.000
6842800.000
6849400.000
6686800.000
6649600.000
6675600.000
6678600.000
6648200.000
6762200.000
6725200.000
6700400.000
6745000.000
6651200.000
6756800.000
6691200.000
6698000.000
6705600.000
6701200.000
6730000.000
6724400.000
6684600.000
6716200.000
6737600.000
6717400.000
6680600.000
6737600.000
6734400.000
6786400.000
6725600.000
6697400.000
6818800.000
6826400.000
6751200.000
6845400.000
6802600.000
6773400.000
6820000.000
6773600.000
6704400.000
6757400.000
6723200.000
6731600.000
6671400.000
6678200.000
6646800.000
6730200.000
6780800.000
6788200.000
6776000.000
6847200.000
6900800.000
6797200.000
6793400.000
6801000.000
6800000.000
6793800.000
6736200.000
6789800.000
6766200.000
6784800.000
6836800.000
6852000.000
6871800.000
6885800.000
6912200.000
6934400.000
6905200.000
6950400.000
6918600.000
6859200.000
6914200.000
6940200.000
6913800.000
6899800.000
6924200.000
6910000.000
6939200.000
6923200.000
6967800.000
6922200.000
6953800.000
6915400.000
6950800.000
6968200.000
6923000.000
6912000.000
6947200.000
6938200.000
7004200.000
6994400.000
6990200.000
6968200.000
6951600.000
7034800.000
6960000.000
6949000.000
6993200.000
7007400.000
6975200.000
6957400.000
6980400.000
7022400.000
6949400.000
6987800.000
6973600.000
6949200.000
6954600.000
6970600.000
7018000.000
7034000.000
7008600.000
7014800.000
6946000.000
6971800.000
6995800.000
6900000.000
6911000.000
6861200.000
6935600.000
6915000.000
6890400.000
6934600.000
6934400.000
6950400.000
7002600.000
7054600.000
7035600.000
7031800.000
7073800.000
7032000.000
7033800.000
7020000.000
7051800.000
7044600.000
7059200.000
7054400.000
7030800.000
7098800.000
7048000.000
7001600.000
6986400.000
7032200.000
6959600.000
7029200.000
7100800.000
7115200.000
7044800.000
7061000.000
7091000.000
7016200.000
7064400.000
7062400.000
7096200.000
7071200.000
7080400.000
7072800.000
7107800.000
7091200.000
7044200.000
7025400.000
7037200.000
7018400.000
7021600.000
6957400.000
6975400.000
6997600.000
6941400.000
6982800.000
6959200.000
6977000.000
6946800.000
6930000.000
6872800.000
6929000.000
6962000.000
6928400.000
6910000.000
6969200.000
6951600.000
6916000.000
6946000.000
6954400.000
6956200.000
6944400.000
6938200.000
6970200.000
6957200.000
6934400.000
7007000.000
6934200.000
6948400.000
6967200.000
7019000.000
7009800.000
6960600.000
6991000.000
6963200.000
6991200.000
6862000.000
6863600.000
6878200.000
6859400.000
6847400.000
6893600.000
6651200.000
6649200.000
6676600.000
6687600.000
6703000.000
6726600.000
6707400.000
6768200.000
6671600.000
6680600.000
6713600.000
6639200.000
6682800.000
6758400.000
6741200.000
6753000.000
6769200.000
6779200.000
6718600.000
6709000.000
6781400.000
6750400.000
6682800.000
6770200.000
6790800.000
6768800.000
6746400.000
6769200.000
6813200.000
6733800.000
6833200.000
6769200.000
6821400.000
6765200.000
6716000.000
6785200.000
6740400.000
6711000.000
6754600.000
6680800.000
6686600.000
6758400.000
6710000.000
6796800.000
6833800.000
6836400.000
6907600.000
6852600.000
6811800.000
6833400.000
6812000.000
6754000.000
6700600.000
6720200.000
6759000.000
6775600.000
6843400.000
6830000.000
6894000.000
6836200.000
6886200.000
6927000.000
6926800.000
6922600.000
6928800.000
6900000.000
6937000.000
6898000.000
6909400.000
6858800.000
6937200.000
6882600.000
6877600.000
6914400.000
6910800.000
6965800.000
6945000.000
6865200.000
6946600.000
6952400.000
6978000.000
7013600.000
6972800.000
6989800.000
6990600.000
6973200.000
6981200.000
6966200.000
6971000.000
6969200.000
6976400.000
7004400.000
7044200.000
6957600.000
6903600.000
6940400.000
6943200.000
6922200.000
6950200.000
7012600.000
6931000.000
6987200.000
6951800.000
6896600.000
6947000.000
6952400.000
6995600.000
6954200.000
6925200.000
6961200.000
6940000.000
6920200.000
6939400.000
6960400.000
6888600.000
6872200.000
6824000.000
6858200.000
6869200.000
6885200.000
6900400.000
6949000.000
6935800.000
6952000.000
6994400.000
7025000.000
7044800.000
6978400.000
6992400.000
7043400.000
7017000.000
6969200.000
7009800.000
7006400.000
6988000.000
7014000.000
6988000.000
6954800.000
6981200.000
6896200.000
6991800.000
6978000.000
7032800.000
6993600.000
7017800.000
6960600.000
7002400.000
6991400.000
7023000.000
6966600.000
6994600.000
7001200.000
7035400.000
7038400.000
6955000.000
7039400.000
7002400.000
6941200.000
6983800.000
6919600.000
6906600.000
6874600.000
6903400.000
6907800.000
6957600.000
6940800.000
6923400.000
6878400.000
6885600.000
6885400.000
6902400.000
6852800.000
6933800.000
6924000.000
6907000.000
6891200.000
6881200.000
6931600.000
6915400.000
6924800.000
6911800.000
6863000.000
6931600.000
6894400.000
6861200.000
6940600.000
6872400.000
6960200.000
6953200.000
6945000.000
6907000.000
6938600.000
6881800.000
6917000.000
6807600.000
6833400.000
6811600.000
6833800.000
6793600.000
6783600.000
6811600.000
6632800.000
6693400.000
6671800.000
6708000.000
6680200.000
6668800.000
6728600.000
6680200.000
6661200.000
6638200.000
6624000.000
6685800.000
6676200.000
6657800.000
6679800.000
6702800.000
6678200.000
6725800.000
6732800.000
6671000.000
6695800.000
6727600.000
6661000.000
6734200.000
6722800.000
6716200.000
6741600.000
6762400.000
6751800.000
6776800.000
6772600.000
6737600.000
6802200.000
6751400.000
6722800.000
6724200.000
6691000.000
6771600.000
6662800.000
6617600.000
6748000.000
6726400.000
6779600.000
6777600.000
6802400.000
6870600.000
6819000.000
6822400.000
6738600.000
6798600.000
6742000.000
6705200.000
6680600.000
6705800.000
6749800.000
6775800.000
6817200.000
6874600.000
6903000.000
6885600.000
6898600.000
6868000.000
6948800.000
6921400.000
6879800.000
6859200.000
6815600.000
6844000.000
6923000.000
6839400.000
6830000.000
6853200.000
6923400.000
6958800.000
6883600.000
6906200.000
6872400.000
6897800.000
6928200.000
6967200.000
6954800.000
6975800.000
7012400.000
7005400.000
6964000.000
6976200.000
6959600.000
7000200.000
6980600.000
7001800.000
6990200.000
6963600.000
6972000.000
6961400.000
6962000.000
6954000.000
6986600.000
6961400.000
6974800.000
6965400.000
6963200.000
6961000.000
6953400.000
6981000.000
6980400.000
6892600.000
6944200.000
6913200.000
6949200.000
6898400.000
6917800.000
6977800.000
6868600.000
6859000.000
6788400.000
6749000.000
6840200.000
6752400.000
6829000.000
6867600.000
6920400.000
6867200.000
6911600.000
6912000.000
6994600.000
6978600.000
6938000.000
6971400.000
6901800.000
6969800.000
6988600.000
6981600.000
6998800.000
6995800.000
6946200.000
6994400.000
6976800.000
6919400.000
6920200.000
6906000.000
6953400.000
6954600.000
7028200.000
7032800.000
6948200.000
6924800.000
6947000.000
6952600.000
6954200.000
7010200.000
6985200.000
6995400.000
7032000.000
6984200.000
7036200.000
7011200.000
6955400.000
6963200.000
7019800.000
6937000.000
6875000.000
6932800.000
6913200.000
6937800.000
6876400.000
6949600.000
6885600.000
6913600.000
6905200.000
6901000.000
6869600.000
6860600.000
6933000.000
6882400.000
6885200.000
6954000.000
6905800.000
6930400.000
6917800.000
6860800.000
6935600.000
6943200.000
6939200.000
6934600.000
6938400.000
6925200.000
6934400.000
6885400.000
6884400.000
6919400.000
6978200.000
6931400.000
6962200.000
6886200.000
6872600.000
6878400.000
6822400.000
6846200.000
6812000.000
6768400.000
6816600.000
6615400.000
6625800.000
6705200.000
6657000.000
6673600.000
6675400.000
6689400.000
6605600.000
6664800.000
6629400.000
6658000.000
6620800.000
6642000.000
6647800.000
6751000.000
6682000.000
6682200.000
6698600.000
6688400.000
6781400.000
6742200.000
6746200.000
6705200.000
6721600.000
6716000.000
6818200.000
6780200.000
6771600.000
6817600.000
6801400.000
6827400.000
6737000.000
6784600.000
6726400.000
6702200.000
6765000.000
6709200.000
6695600.000
6673000.000
6724000.000
6738200.000
6718800.000
6806800.000
6744400.000
6872800.000
6841800.000
6787400.000
6776000.000
6689600.000
6667000.000
6677000.000
6743400.000
6711200.000
6731000.000
6775800.000
6827000.000
6865600.000
6834800.000
6841600.000
6903400.000
6887400.000
6839200.000
6857400.000
6893400.000
6875400.000
6879800.000
6879400.000
6849000.000
6831800.000
6831800.000
6882400.000
6919200.000
6921000.000
6867000.000
6870800.000
6833200.000
6878200.000
6906200.000
6843000.000
6928000.000
6960400.000
6929600.000
6970000.000
7020200.000
6967400.000
6986800.000
7015600.000
6959800.000
6956800.000
7034200.000
6966800.000
7016200.000
6990800.000
6917600.000
6994200.000
7017000.000
6987600.000
6989000.000
7002400.000
6920800.000
6945400.000
6957000.000
6936000.000
6972400.000
6920000.000
6936800.000
6950200.000
6914800.000
6875200.000
6896200.000
6900000.000
6883200.000
6874800.000
6889600.000
6828200.000
6791600.000
6897800.000
6810000.000
6808000.000
6870200.000
6830600.000
6862600.000
6896200.000
6943400.000
6968200.000
6924200.000
6934800.000
6943400.000
7009000.000
6974200.000
7028800.000
7031800.000
6973800.000
7029800.000
7041000.000
6976000.000
6927000.000
6933600.000
6968400.000
6944000.000
6960600.000
6977200.000
7035200.000
6996400.000
6958400.000
6891000.000
6913800.000
6925400.000
6980400.000
6957600.000
6995600.000
6959000.000
7029000.000
6956400.000
6937400.000
6965800.000
6906000.000
6969600.000
6932200.000
6933200.000
6958800.000
6905000.000
6938400.000
6939600.000
6931600.000
6948600.000
6909400.000
6919600.000
6956000.000
6901800.000
6897000.000
6860000.000
6868800.000
6894200.000
6920200.000
6925600.000
6896400.000
6919800.000
6934200.000
6897000.000
6908400.000
6911600.000
6929200.000
6918800.000
6875400.000
6912000.000
6903000.000
6930800.000
6953200.000
6894200.000
6882000.000
6910600.000
6842200.000
6856600.000
6809400.000
6800800.000
6803600.000
6807000.000
6759800.000
6749800.000
6815200.000
6652600.000
6678400.000
6679600.000
6720000.000
6678800.000
6708600.000
6717800.000
6681800.000
6742200.000
6699000.000
6709200.000
6761800.000
6722600.000
6666600.000
6719400.000
6725000.000
6704400.000
6748400.000
6720200.000
6728200.000
6731000.000
6652400.000
6708600.000
6710400.000
6740400.000
6827400.000
6804600.000
6781400.000
6784800.000
6766200.000
6800400.000
6733200.000
6725600.000
6716800.000
6764800.000
6773200.000
6722600.000
6661200.000
6712600.000
6778400.000
6682600.000
6753600.000
6744400.000
6737000.000
6758400.000
6730200.000
6697000.000
6689800.000
6701800.000
6620400.000
6674000.000
6712400.000
6749600.000
6786800.000
6784600.000
6765200.000
6842800.000
6850400.000
6903200.000
6921400.000
6819600.000
6861800.000
6821200.000
6803200.000
6831200.000
6800000.000
6811000.000
6802400.000
6817600.000
6827600.000
6802600.000
6872000.000
6836400.000
6899000.000
6841800.000
6804800.000
6793800.000
6906800.000
6826200.000
6882000.000
6900200.000
6938200.000
6877600.000
6927800.000
6928000.000
6938600.000
6933600.000
6928400.000
6919000.000
6925800.000
6974600.000
6975200.000
6928600.000
6905000.000
6971000.000
6937800.000
6941000.000
6856800.000
6892000.000
6888000.000
6920000.000
6891600.000
6864200.000
6916400.000
6922200.000
6908800.000
6921800.000
6883600.000
6864200.000
6848400.000
6848200.000
6856600.000
6829400.000
6756800.000
6746000.000
6735600.000
6691000.000
6759000.000
6796400.000
6803600.000
6779800.000
6820200.000
6817000.000
6860200.000
6872000.000
6831600.000
6943000.000
6996200.000
6933800.000
6990600.000
7033200.000
7025400.000
6957600.000
6944400.000
6963000.000
6909000.000
6922400.000
6897600.000
6874400.000
6930600.000
6925600.000
6954600.000
6878800.000
6907200.000
6880400.000
6861200.000
6815800.000
6885600.000
6884600.000
6940800.000
6947200.000
6901400.000
6945000.000
6910000.000
6911000.000
6940800.000
6919400.000
6908000.000
6924400.000
6864600.000
6906000.000
6875200.000
6871400.000
6918600.000
6863600.000
6909200.000
6815800.000
6868800.000
6833000.000
6805200.000
6820600.000
6783000.000
6830200.000
6887400.000
6839000.000
6921200.000
6837800.000
6830400.000
6888400.000
6878400.000
6859000.000
6880000.000
6867000.000
6883600.000
6871400.000
6838600.000
6871600.000
6910200.000
6887400.000
6847400.000
6881000.000
6809800.000
6778000.000
6860200.000
6822200.000
6826600.000
6798000.000
6786800.000
6780000.000
6832400.000
6722000.000
6753800.000
6696200.000
6675200.000
6729000.000
6706200.000
6673400.000
6650400.000
6687600.000
6689800.000
6700600.000
6748600.000
6723000.000
6688200.000
6705200.000
6675400.000
6770000.000
6777200.000
6770200.000
6775400.000
6749800.000
6822000.000
6800200.000
6804200.000
6803600.000
6792200.000
6833000.000
6883400.000
6823200.000
6881800.000
6819800.000
6805400.000
6763600.000
6800200.000
6809600.000
6813400.000
6725200.000
6714800.000
6753600.000
6676200.000
6742000.000
6746400.000
6765400.000
6776800.000
6710000.000
6743800.000
6715200.000
6723600.000
6693000.000
6713200.000
6685000.000
6749000.000
6749600.000
6787000.000
6783600.000
6818800.000
6788000.000
6857800.000
6871600.000
6848200.000
6885000.000
6845200.000
6800200.000
6873800.000
6812800.000
6773000.000
6864800.000
6806600.000
6780800.000
6822400.000
6834400.000
6865600.000
6821600.000
6845000.000
6888200.000
6809400.000
6836400.000
6804000.000
6864400.000
6880200.000
6899800.000
6913400.000
6966800.000
6996400.000
6981400.000
7013600.000
6995800.000
6987600.000
7022600.000
7013400.000
7032200.000
6993600.000
6974400.000
6950200.000
7051400.000
7001600.000
6976600.000
6976800.000
6921200.000
6919000.000
6912200.000
6889800.000
6941000.000
6895600.000
6893200.000
6965600.000
6911400.000
6942400.000
6891200.000
6812200.000
6884000.000
6873200.000
6848000.000
6783600.000
6737400.000
6812000.000
6743600.000
6714600.000
6796400.000
6740000.000
6746000.000
6796000.000
6748800.000
6800800.000
6843800.000
6835000.000
6839600.000
6855200.000
6835200.000
6906000.000
6971800.000
6982800.000
6977000.000
6942800.000
6959400.000
6985200.000
6997200.000
6986800.000
6948600.000
6947000.000
6914200.000
6922600.000
6965000.000
6941200.000
6909400.000
6876000.000
6848600.000
6813800.000
6831600.000
6889400.000
6890200.000
6941600.000
6886400.000
6935600.000
6909200.000
6888000.000
6929600.000
6894600.000
6949600.000
6911200.000
6910000.000
6886200.000
6908800.000
6915200.000
6851600.000
6862800.000
6844200.000
6854800.000
6867200.000
6803600.000
6927600.000
6892200.000
6904400.000
6860200.000
6873800.000
6857000.000
6854000.000
6908400.000
6857400.000
6960800.000
6944600.000
6939800.000
6943600.000
6971400.000
6923400.000
6928800.000
6879600.000
6924600.000
6947200.000
6916600.000
6881800.000
6887200.000
6898800.000
6840200.000
6834400.000
6871800.000
6829800.000
6818800.000
6805600.000
6816200.000
6824800.000
6802800.000
6627800.000
6794400.000
6752200.000
6745200.000
6715600.000
6729200.000
6726000.000
6690600.000
6766600.000
6713200.000
6747800.000
6705600.000
6716600.000
6731800.000
6696000.000
6749800.000
6778400.000
6730800.000
6774400.000
6738000.000
6813400.000
6818000.000
6842400.000
6823000.000
6811800.000
6865800.000
6864600.000
6846600.000
6827200.000
6759600.000
6796600.000
6753600.000
6807200.000
6809000.000
6839200.000
6721600.000
6782800.000
6741600.000
6697600.000
6737000.000
6778000.000
6711400.000
6780400.000
6786400.000
6802800.000
6744800.000
6756800.000
6687600.000
6683400.000
6693600.000
6744600.000
6739600.000
6861400.000
6913200.000
6859800.000
6822200.000
6869200.000
6929000.000
6900800.000
6909600.000
6854600.000
6858200.000
6915200.000
6857400.000
6878000.000
6836000.000
6833400.000
6787400.000
6830600.000
6850800.000
6839000.000
6827000.000
6785000.000
6832000.000
6844200.000
6832000.000
6786600.000
6825000.000
6888800.000
6902800.000
6955200.000
6935200.000
6932200.000
6918600.000
6904800.000
6939800.000
7014600.000
6989400.000
6972200.000
6971200.000
6928800.000
6932800.000
6927800.000
6981200.000
6979200.000
6979400.000
6942800.000
6950200.000
6885800.000
6885400.000
6871400.000
6862600.000
6899200.000
6876000.000
6897000.000
6956400.000
6880800.000
6870400.000
6786000.000
6859600.000
6827600.000
6786000.000
6790200.000
6776400.000
6732600.000
6731800.000
6808000.000
6750400.000
6734600.000
6751600.000
6762400.000
6767800.000
6750600.000
6832200.000
6824600.000
6853800.000
6794600.000
6840600.000
6941000.000
6977400.000
6997400.000
6984600.000
6944200.000
7059600.000
6973200.000
7058000.000
7029200.000
6955400.000
6926000.000
6917600.000
6948400.000
6961600.000
6929600.000
6931800.000
6893400.000
6890200.000
6870200.000
6901400.000
6935600.000
6913400.000
6973600.000
6969600.000
6966800.000
6900000.000
6917600.000
6903400.000
6920000.000
6853600.000
6960400.000
6959600.000
6920400.000
6872400.000
6915800.000
6932600.000
6904200.000
6841800.000
6858800.000
6924000.000
6834600.000
6915200.000
6843400.000
6849200.000
6887400.000
6882000.000
6865600.000
6919600.000
6903000.000
6935600.000
6948200.000
6930400.000
6871400.000
6959200.000
6943600.000
6928600.000
6980200.000
6920400.000
6876600.000
6879000.000
6874000.000
6875200.000
6853600.000
6890400.000
6837600.000
6855800.000
6796600.000
6832200.000
6817600.000
6798600.000
6841600.000
6820800.000
6787600.000
6682400.000
6695800.000
6732400.000
6708600.000
6705000.000
6702000.000
6660200.000
6667600.000
6694600.000
6726400.000
6687600.000
6721200.000
6731400.000
6672000.000
6733200.000
6755400.000
6735000.000
6707600.000
6802200.000
6793800.000
6750200.000
6815800.000
6810800.000
6800000.000
6808000.000
6803800.000
6846600.000
6832800.000
6798200.000
6784600.000
6779600.000
6762000.000
6799800.000
6773400.000
6773400.000
6790400.000
6730600.000
6679000.000
6720200.000
6744000.000
6736200.000
6767200.000
6731600.000
6746600.000
6700000.000
6707000.000
6683600.000
6695800.000
6660400.000
6797000.000
6768600.000
6783800.000
6795400.000
6846800.000
6855200.000
6852000.000
6821000.000
6868000.000
6870600.000
6823800.000
6864200.000
6830800.000
6852400.000
6835200.000
6844800.000
6792000.000
6846200.000
6802600.000
6751800.000
6803400.000
6789200.000
6844600.000
6790600.000
6836600.000
6783200.000
6805600.000
6732800.000
6829200.000
6830200.000
6859600.000
6909600.000
6956600.000
6925600.000
6880200.000
6934600.000
6943600.000
6939000.000
6994200.000
6949400.000
6913600.000
6934200.000
6998800.000
6973600.000
7022000.000
6966000.000
6942000.000
6902200.000
6966600.000
6928000.000
6960400.000
6916400.000
6935200.000
6958200.000
6962600.000
6967800.000
6908400.000
6859600.000
6794000.000
6853200.000
6833600.000
6837400.000
6766800.000
6791400.000
6822000.000
6749400.000
6708000.000
6695600.000
6760600.000
6747400.000
6731400.000
6741000.000
6757600.000
6733800.000
6712000.000
6757400.000
6765600.000
6828800.000
6880400.000
6870600.000
6818200.000
6959000.000
6845800.000
6899600.000
6956400.000
6952400.000
6909600.000
6914800.000
6879800.000
6887800.000
6863000.000
6940400.000
6912400.000
6885200.000
6837600.000
6805000.000
6831800.000
6830400.000
6863400.000
6851800.000
6913000.000
6880000.000
6855800.000
6876200.000
6875600.000
6865000.000
6866800.000
6868800.000
6862800.000
6850000.000
6865600.000
6846400.000
6910000.000
6860000.000
6816000.000
6850200.000
6818600.000
6822400.000
6821800.000
6863600.000
6865800.000
6837000.000
6815200.000
6829800.000
6821800.000
6799200.000
6920600.000
6815800.000
6840000.000
6844800.000
6857000.000
6881000.000
6862800.000
6822800.000
6835200.000
6822400.000
6796600.000
6822200.000
6780400.000
6773000.000
6730600.000
6788000.000
6733200.000
6737400.000
6717600.000
6808000.000
6778000.000
6766800.000
6811200.000
6794000.000
6734400.000
6769800.000
6693400.000
6703600.000
6710000.000
6716800.000
6698000.000
6685400.000
6728800.000
6693400.000
6712800.000
6734200.000
6656000.000
6630800.000
6687400.000
6704400.000
6700600.000
6721600.000
6751600.000
6765200.000
6730200.000
6751000.000
6789400.000
6748200.000
6748600.000
6820400.000
6727400.000
6780800.000
6789400.000
6780200.000
6756200.000
6769600.000
6710400.000
6696000.000
6726600.000
6748600.000
6741800.000
6815000.000
6768400.000
6731000.000
6678200.000
6738000.000
6705000.000
6733400.000
6714400.000
6724800.000
6722200.000
6647800.000
6631800.000
6670600.000
6708600.000
6780200.000
6791000.000
6835800.000
6894000.000
6818800.000
6817400.000
6767000.000
6863000.000
6859400.000
6851600.000
6870600.000
6844600.000
6807000.000
6831400.000
6848800.000
6774800.000
6702000.000
6692600.000
6709000.000
6737400.000
6745200.000
6754600.000
6781000.000
6760000.000
6736000.000
6681600.000
6666400.000
6668600.000
6715000.000
6850400.000
6807800.000
6906000.000
6892800.000
6865200.000
6814600.000
6875600.000
6834200.000
6890000.000
6867600.000
6854200.000
6972200.000
6971600.000
6951000.000
6956800.000
6939200.000
6899800.000
6912200.000
6935000.000
6862200.000
6899800.000
6810400.000
6916600.000
6819200.000
6832200.000
6882800.000
6831400.000
6814600.000
6835400.000
6867000.000
6799600.000
6797600.000
6799600.000
6731400.000
6691200.000
6662200.000
6708600.000
6777200.000
6692000.000
6681200.000
6682000.000
6659000.000
6674600.000
6609400.000
6667400.000
6574600.000
6657400.000
6678000.000
6693600.000
6698000.000
6815600.000
6782800.000
6810800.000
6843600.000
6862000.000
6933600.000
6842000.000
6900400.000
6882000.000
6845000.000
6833200.000
6828200.000
6890400.000
6885000.000
6796400.000
6815000.000
6783800.000
6763000.000
6873400.000
6869000.000
6885000.000
6890600.000
6901000.000
6849800.000
6810800.000
6863000.000
6853200.000
6860000.000
6850600.000
6864600.000
6841800.000
6824600.000
6822800.000
6830200.000
6800200.000
6783800.000
6787600.000
6792000.000
6795000.000
6738600.000
6839000.000
6819400.000
6812400.000
6787600.000
6766800.000
6844400.000
6808600.000
6868200.000
6872400.000
6827400.000
6813600.000
6805000.000
6814800.000
6847800.000
6789200.000
6829600.000
6745000.000
6761400.000
6767000.000
6820000.000
6791600.000
6735400.000
6772200.000
6741600.000
6715000.000
6744600.000
6807600.000
6803200.000
6839800.000
6820200.000
6812600.000
6744400.000
6724000.000
6663200.000
6673600.000
6705400.000
6657600.000
6661800.000
6671800.000
6712600.000
6707400.000
6735000.000
6726200.000
6695000.000
6666400.000
6714000.000
6719200.000
6727400.000
6713600.000
6708200.000
6730600.000
6763200.000
6768400.000
6811800.000
6745200.000
6781800.000
6713400.000
6788400.000
6833000.000
6804000.000
6756400.000
6741800.000
6720800.000
6753400.000
6790600.000
6710000.000
6755600.000
6769200.000
6749000.000
6807800.000
6717600.000
6771000.000
6757400.000
6785800.000
6776600.000
6751200.000
6693800.000
6702200.000
6703600.000
6663800.000
6605600.000
6748600.000
6710200.000
6809600.000
6831200.000
6838800.000
6853400.000
6838800.000
6839600.000
6830600.000
6850800.000
6861600.000
6867400.000
6854800.000
6851200.000
6773800.000
6805600.000
6806000.000
6764400.000
6697800.000
6735000.000
6742200.000
6825600.000
6817200.000
6802000.000
6803400.000
6674400.000
6653000.000
6713800.000
6711200.000
6761400.000
6874400.000
6865600.000
6903400.000
6802800.000
6884400.000
6883400.000
6829400.000
6955000.000
6920400.000
6854400.000
6905400.000
6935400.000
6962600.000
6934400.000
6980600.000
6931400.000
6923600.000
6910200.000
6952400.000
6892600.000
6820800.000
6848200.000
6894400.000
6815200.000
6897000.000
6847000.000
6914000.000
6850800.000
6824400.000
6874400.000
6814600.000
6801000.000
6802400.000
6794600.000
6687400.000
6769000.000
6769000.000
6684000.000
6733800.000
6724800.000
6645800.000
6668000.000
6611400.000
6589600.000
6635800.000
6676200.000
6648000.000
6640800.000
6739600.000
6703600.000
6776400.000
6748000.000
6823200.000
6850000.000
6887000.000
6843800.000
6907600.000
6909600.000
6813800.000
6865000.000
6882200.000
6823000.000
6835000.000
6781200.000
6838400.000
6817200.000
6747600.000
6764400.000
6864800.000
6827600.000
6849000.000
6860000.000
6902600.000
6872800.000
6856600.000
6876400.000
6855200.000
6844000.000
6809200.000
6805800.000
6882400.000
6865800.000
6882200.000
6850800.000
6840000.000
6842000.000
6808400.000
6768600.000
6826400.000
6821400.000
6803200.000
6799800.000
6842600.000
6826400.000
6829800.000
6849200.000
6886200.000
6848000.000
6852400.000
6822000.000
6812400.000
6811800.000
6807600.000
6800800.000
6831800.000
6780400.000
6856800.000
6807400.000
6790200.000
6739600.000
6759600.000
6726800.000
6831400.000
6781000.000
6829800.000
6790200.000
6768400.000
6814000.000
6751200.000
6807000.000
6775600.000
6794400.000
6755400.000
6696800.000
6752800.000
6676600.000
6726800.000
6680800.000
6680400.000
6715600.000
6733800.000
6729000.000
6745000.000
6761600.000
6721200.000
6717400.000
6751400.000
6778200.000
6760600.000
6784000.000
6726800.000
6769200.000
6791400.000
6755600.000
6756000.000
6786600.000
6765800.000
6784400.000
6827200.000
6765400.000
6799400.000
6762600.000
6756800.000
6776200.000
6740600.000
6825200.000
6746200.000
6727400.000
6789800.000
6792800.000
6765000.000
6736000.000
6707800.000
6760200.000
6748200.000
6773200.000
6692000.000
6685400.000
6720800.000
6725000.000
6730000.000
6816000.000
6813800.000
6836600.000
6816800.000
6797200.000
6819400.000
6832200.000
6828800.000
6860800.000
6856400.000
6849600.000
6865000.000
6873400.000
6778400.000
6792400.000
6791400.000
6730600.000
6763200.000
6723800.000
6688600.000
6776600.000
6809600.000
6795200.000
6752600.000
6694200.000
6693600.000
6688800.000
6695800.000
6693800.000
6789200.000
6868600.000
6870400.000
6885200.000
6820800.000
6894200.000
6831000.000
6906400.000
6914000.000
6850800.000
6954200.000
6890000.000
6918400.000
6926600.000
6932000.000
6952400.000
6973400.000
6937000.000
6941800.000
6895000.000
6861400.000
6863400.000
6965800.000
6911400.000
6955400.000
6876600.000
6909800.000
6897200.000
6854400.000
6919400.000
6932400.000
6828400.000
6846000.000
6835400.000
6822400.000
6782600.000
6794000.000
6732800.000
6830400.000
6737600.000
6747200.000
6682000.000
6704400.000
6647200.000
6644000.000
6675400.000
6633400.000
6633000.000
6695200.000
6728600.000
6749400.000
6758200.000
6799600.000
6907600.000
6837600.000
6859800.000
6853600.000
6917000.000
6875200.000
6880200.000
6811000.000
6869800.000
6816800.000
6827800.000
6836000.000
6753800.000
6791000.000
6733000.000
6838400.000
6842000.000
6865400.000
6887400.000
6852200.000
6893000.000
6845600.000
6900200.000
6850800.000
6836600.000
6824200.000
6844600.000
6850600.000
6829800.000
6875400.000
6808800.000
6809000.000
6787400.000
6834800.000
6832000.000
6793800.000
6834000.000
6792400.000
6819200.000
6856200.000
6815000.000
6818200.000
6803200.000
6826200.000
6905600.000
6877000.000
6815400.000
6861000.000
6775200.000
6851000.000
6840200.000
6803200.000
6780200.000
6804200.000
6769000.000
6778800.000
6734000.000
6788200.000
6712600.000
6748400.000
6714800.000
6778000.000
6744600.000
6796200.000
6834400.000
6772400.000
6796600.000
6709400.000
6767400.000
6758800.000
6728200.000
6720800.000
6685200.000
6754800.000
6714800.000
6689400.000
6716000.000
6726400.000
6712600.000
6735600.000
6728600.000
6738800.000
6726800.000
6738400.000
6753000.000
6720400.000
6772600.000
6728200.000
6729600.000
6757400.000
6773600.000
6708800.000
6769200.000
6725400.000
6781200.000
6781600.000
6794200.000
6759800.000
6759200.000
6776200.000
6726400.000
6789800.000
6843400.000
6790400.000
6808600.000
6837600.000
6807000.000
6839200.000
6788800.000
6769600.000
6763200.000
6792800.000
6783600.000
6772400.000
6715400.000
6704800.000
6783800.000
6684200.000
6745200.000
6779800.000
6814800.000
6832000.000
6813000.000
6864000.000
6837800.000
6861000.000
6875400.000
6861600.000
6856400.000
6815400.000
6826200.000
6818600.000
6817800.000
6863000.000
6804000.000
6767000.000
6772800.000
6758800.000
6731800.000
6818200.000
6842000.000
6774000.000
6807400.000
6702000.000
6741200.000
6750200.000
6716800.000
6812200.000
6823000.000
6881000.000
6846800.000
6877200.000
6934600.000
6952800.000
6902200.000
6941400.000
6899200.000
6938000.000
6960200.000
6910600.000
6958200.000
6933200.000
6919400.000
6947000.000
6913000.000
6955200.000
6972000.000
6949400.000
6934200.000
6922200.000
6999200.000
6921600.000
7020400.000
6954800.000
6997000.000
6950200.000
6916000.000
6941800.000
6865000.000
6842400.000
6959400.000
6853800.000
6844800.000
6841200.000
6810200.000
6819600.000
6820800.000
6812200.000
6797800.000
6755200.000
6784800.000
6685800.000
6705000.000
6713400.000
6671400.000
6648800.000
6693400.000
6724000.000
6779400.000
6784200.000
6935600.000
6939800.000
6958000.000
6916600.000
6915200.000
6966600.000
6941400.000
6932600.000
6870200.000
6852800.000
6811000.000
6849200.000
6837000.000
6892600.000
6875000.000
6822400.000
6816800.000
6843200.000
6895200.000
6901800.000
6861200.000
6976200.000
6930800.000
6929000.000
6907600.000
6926200.000
6915400.000
6903600.000
6882800.000
6882400.000
6901000.000
6879000.000
6887800.000
6893000.000
6880200.000
6891200.000
6860400.000
6872200.000
6899400.000
6892200.000
6929800.000
6832800.000
6890400.000
6909800.000
6958200.000
6906000.000
6916000.000
6930800.000
6894200.000
6900400.000
6876800.000
6890000.000
6873800.000
6881600.000
6875000.000
6860600.000
6830200.000
6847600.000
6810000.000
6780400.000
6792000.000
6841200.000
6871800.000
6850800.000
6852200.000
6846600.000
6894400.000
6829400.000
6832800.000
6816600.000
6870000.000
6867200.000
6683800.000
6689200.000
6695200.000
6655000.000
6702000.000
6736800.000
6734000.000
6751600.000
6733200.000
6806600.000
6772800.000
6804000.000
6766400.000
6784200.000
6793800.000
6759600.000
6739200.000
6782800.000
6706200.000
6762400.000
6806000.000
6798400.000
6747800.000
6753600.000
6767000.000
6746600.000
6850400.000
6765600.000
6735200.000
6821400.000
6841000.000
6803800.000
6813600.000
6780000.000
6841600.000
6935000.000
6755000.000
6777800.000
6827600.000
6836800.000
6791400.000
6806000.000
6826000.000
6797600.000
6750800.000
6737600.000
6738000.000
6836400.000
6828800.000
6845600.000
6890000.000
6842600.000
6876000.000
6868400.000
6859000.000
6883800.000
6851200.000
6859200.000
6859200.000
6914600.000
6838400.000
6861200.000
6849200.000
6782600.000
6774000.000
6745200.000
6767800.000
6820200.000
6824600.000
6819000.000
6690200.000
6659800.000
6685800.000
6688800.000
6770200.000
6796400.000
6802600.000
6858600.000
6887600.000
6870400.000
6861200.000
6901600.000
6916200.000
6889400.000
6913600.000
6965400.000
6900400.000
6949200.000
6895800.000
6904800.000
6900400.000
6901600.000
6930200.000
6957200.000
6922800.000
6930200.000
6936600.000
6895600.000
6884200.000
6970000.000
6933400.000
6931400.000
6974600.000
6920400.000
6936200.000
6877600.000
6848400.000
6918600.000
6888600.000
6836200.000
6909400.000
6820400.000
6872600.000
6815200.000
6865600.000
6864200.000
6817800.000
6800000.000
6764400.000
6753600.000
6699800.000
6658400.000
6671000.000
6778800.000
6727800.000
6758000.000
6748000.000
6853400.000
6889000.000
6920000.000
6878400.000
6992600.000
6918600.000
6912400.000
6904800.000
6911200.000
6910000.000
6871400.000
6845000.000
6879200.000
6881000.000
6858400.000
6829800.000
6859800.000
6907600.000
6838600.000
6897800.000
6952000.000
6942200.000
6915600.000
6937600.000
6937200.000
6938400.000
6908800.000
6907800.000
6861600.000
6907600.000
6852800.000
6901200.000
6900200.000
6858400.000
6928400.000
6909200.000
6871400.000
6881400.000
6871400.000
6865600.000
6970800.000
6883000.000
6879600.000
6878800.000
6916600.000
6935400.000
6875000.000
6868800.000
6895400.000
6898400.000
6856200.000
6871600.000
6863200.000
6810000.000
6829400.000
6776400.000
6855400.000
6815400.000
6870400.000
6791800.000
6853600.000
6761200.000
6830200.000
6871800.000
6874400.000
6842400.000
6857400.000
6833400.000
6777000.000
6815200.000
6794800.000
6829400.000
6855600.000
6819600.000
6694600.000
6692200.000
6655000.000
6716000.000
6693600.000
6747600.000
6697400.000
6771800.000
6684800.000
6740400.000
6727400.000
6723000.000
6714200.000
6712200.000
6740600.000
6771600.000
6728200.000
6744200.000
6759000.000
6788400.000
6783200.000
6743600.000
6686000.000
6750400.000
6767800.000
6715000.000
6752000.000
6729600.000
6808800.000
6794000.000
6859400.000
6808600.000
6844400.000
6865400.000
6823800.000
6805800.000
6856000.000
6807200.000
6812200.000
6834800.000
6838400.000
6806200.000
6770000.000
6769600.000
6768600.000
6754000.000
6808600.000
6746400.000
6798000.000
6830800.000
6827400.000
6868600.000
6852200.000
6788600.000
6885000.000
6794600.000
6793400.000
6856400.000
6839200.000
6780800.000
6797800.000
6757600.000
6714600.000
6747400.000
6714800.000
6682600.000
6724800.000
6741800.000
6696000.000
6679400.000
6641600.000
6607000.000
6639400.000
6670800.000
6746400.000
6723000.000
6836600.000
6817600.000
6809400.000
6871200.000
6842000.000
6828800.000
6851400.000
6832600.000
6866200.000
6910000.000
6931000.000
6885600.000
6871800.000
6875400.000
6906400.000
6940000.000
6898400.000
6853000.000
6975800.000
6957800.000
6943800.000
6939400.000
6915400.000
6941600.000
6932200.000
6978600.000
6957200.000
6926400.000
6941600.000
6918200.000
6919400.000
6966000.000
6895400.000
6898400.000
6824200.000
6872400.000
6833200.000
6797200.000
6843000.000
6808000.000
6804000.000
6739600.000
6848800.000
6733000.000
6677000.000
6701400.000
6694200.000
6744400.000
6739000.000
6772400.000
6838800.000
6897400.000
6926400.000
6935400.000
6956200.000
6975200.000
6884400.000
6921200.000
6896600.000
6896600.000
6933600.000
6848400.000
6843000.000
6885600.000
6832000.000
6851000.000
6864000.000
6858600.000
6877400.000
6886400.000
6827400.000
6893000.000
6917800.000
6860000.000
6915000.000
6907800.000
6906200.000
6869800.000
6836600.000
6848800.000
6854400.000
6874600.000
6880000.000
6789800.000
6884600.000
6858600.000
6827600.000
6878200.000
6798600.000
6858200.000
6782800.000
6807400.000
6823000.000
6840000.000
6838000.000
6863400.000
6937400.000
6904600.000
6845800.000
6827400.000
6803000.000
6774000.000
6843600.000
6872400.000
6853000.000
6818600.000
6802000.000
6781400.000
6780600.000
6796600.000
6752000.000
6805000.000
6760800.000
6731800.000
6734800.000
6788000.000
6774200.000
6765400.000
6739400.000
6722000.000
6774800.000
6772800.000
6775800.000
6856400.000
6852600.000
6684600.000
6662600.000
6665800.000
6678800.000
6696200.000
6750400.000
6717000.000
6734600.000
6779400.000
6782000.000
6768000.000
6769400.000
6806000.000
6783800.000
6770200.000
6750600.000
6774200.000
6737000.000
6778800.000
6794200.000
6730800.000
6779200.000
6741600.000
6766000.000
6746600.000
6714200.000
6701400.000
6797800.000
6732000.000
6766600.000
6749400.000
6792800.000
6859200.000
6892400.000
6830200.000
6881400.000
6884000.000
6832400.000
6799000.000
6812200.000
6829600.000
6827600.000
6775000.000
6764800.000
6777400.000
6738400.000
6784400.000
6755800.000
6818400.000
6777200.000
6802400.000
6768400.000
6905400.000
6832200.000
6793200.000
6834600.000
6831400.000
6856400.000
6879200.000
6835400.000
6797400.000
6720800.000
6755800.000
6746000.000
6750200.000
6780400.000
6761000.000
6773800.000
6807600.000
6737800.000
6688200.000
6748200.000
6669600.000
6755800.000
6755000.000
6812400.000
6822800.000
6837800.000
6853600.000
6856400.000
6851800.000
6870400.000
6872000.000
6910000.000
6953400.000
6942600.000
6951800.000
6935800.000
6937200.000
6914200.000
7003600.000
6913000.000
6921800.000
6925600.000
6875200.000
6938200.000
6965400.000
6976200.000
7027800.000
6995600.000
7013600.000
6982400.000
6961800.000
6937600.000
6893800.000
6893200.000
6925200.000
6933600.000
6903600.000
6951200.000
6943200.000
6886000.000
6875600.000
6941200.000
6882800.000
6895000.000
6895400.000
6811800.000
6782200.000
6757800.000
6771000.000
6776600.000
6752600.000
6809000.000
6824000.000
6821200.000
6873000.000
6923200.000
6976400.000
6966200.000
6913600.000
6883000.000
6903200.000
6900400.000
6935600.000
6895200.000
6914800.000
6938600.000
6913000.000
6837000.000
6913400.000
6938600.000
6864600.000
6881000.000
6915600.000
6893000.000
6929400.000
6931600.000
6897400.000
6904600.000
6888200.000
6856400.000
6907800.000
6895400.000
6972200.000
6893600.000
6908600.000
6872800.000
6858200.000
6885400.000
6850000.000
6856600.000
6826600.000
6791800.000
6865400.000
6841000.000
6926200.000
6895400.000
6885800.000
6895600.000
6880000.000
6878800.000
6932200.000
6874600.000
6879000.000
6803000.000
6816800.000
6814400.000
6793600.000
6815000.000
6794000.000
6759800.000
6748200.000
6812000.000
6764200.000
6790400.000
6772200.000
6781000.000
6793200.000
6796800.000
6855600.000
6833600.000
6815800.000
6716000.000
6754600.000
6770600.000
6772000.000
6787600.000
6859600.000
6832800.000
6800800.000
6646200.000
6658000.000
6670800.000
6730000.000
6674800.000
6768200.000
6679000.000
6701200.000
6736600.000
6779800.000
6716000.000
6779600.000
6748800.000
6768200.000
6740200.000
6772400.000
6714400.000
6776400.000
6691400.000
6710800.000
6762000.000
6735600.000
6692200.000
6681000.000
6710600.000
6700200.000
6789200.000
6729200.000
6775200.000
6836800.000
6821600.000
6829600.000
6809600.000
6840600.000
6801400.000
6809800.000
6828600.000
6819400.000
6788600.000
6827000.000
6752400.000
6723800.000
6739000.000
6759200.000
6781600.000
6757600.000
6744400.000
6814000.000
6784200.000
6786200.000
6836800.000
6887200.000
6871400.000
6803200.000
6812400.000
6854600.000
6846200.000
6831000.000
6827200.000
6830000.000
6750200.000
6706800.000
6729000.000
6765800.000
6759400.000
6751800.000
6774800.000
6774200.000
6791000.000
6774000.000
6739200.000
6702600.000
6704200.000
6753200.000
6752200.000
6756600.000
6787400.000
6854600.000
6816400.000
6844400.000
6888600.000
6891400.000
6838800.000
6892600.000
6917600.000
6918200.000
6943400.000
6877000.000
6884800.000
6891400.000
6888600.000
6933600.000
6933000.000
6949800.000
6941600.000
6883200.000
6932200.000
6984600.000
6962000.000
6967200.000
6959800.000
6977000.000
6972000.000
6910000.000
6878800.000
6948200.000
6931800.000
6885000.000
6933800.000
6920800.000
6891800.000
6933200.000
6899000.000
6919200.000
6799600.000
6849000.000
6920800.000
6838600.000
6819000.000
6836800.000
6763600.000
6830400.000
6783800.000
6854400.000
6841000.000
6842200.000
6941000.000
6965600.000
7046800.000
6988600.000
6914600.000
6885000.000
6811200.000
6872000.000
6898200.000
6824400.000
6873000.000
6890400.000
6880000.000
6853800.000
6809800.000
6843800.000
6859600.000
6870400.000
6852200.000
6849800.000
6926800.000
6892800.000
6868600.000
6897400.000
6883800.000
6896800.000
6942400.000
6878000.000
6873600.000
6849200.000
6808600.000
6880800.000
6879000.000
6904000.000
6880400.000
6821400.000
6831600.000
6848000.000
6842800.000
6865200.000
6844200.000
6844400.000
6785200.000
6867800.000
6822800.000
6876000.000
6893600.000
6918600.000
6831000.000
6807800.000
6827600.000
6790200.000
6800800.000
6737800.000
6806200.000
6786600.000
6758600.000
6797000.000
6718600.000
6758000.000
6743600.000
6745400.000
6799800.000
6734400.000
6803400.000
6756400.000
6744000.000
6790600.000
6728200.000
6761600.000
6832200.000
6816200.000
6813200.000
6836800.000
6870000.000
6624000.000
6622200.000
6643200.000
6651800.000
6632200.000
6692600.000
6775400.000
6744400.000
6729800.000
6705000.000
6704000.000
6765800.000
6783600.000
6715200.000
6721800.000
6737400.000
6708600.000
6682800.000
6679200.000
6668600.000
6715400.000
6719600.000
6669400.000
6778200.000
6744800.000
6698000.000
6727400.000
6711600.000
6771000.000
6713200.000
6805400.000
6846200.000
6862400.000
6871400.000
6858000.000
6833600.000
6792800.000
6792800.000
6789400.000
6837600.000
6796600.000
6787600.000
6837800.000
6786000.000
6772800.000
6770000.000
6808800.000
6790000.000
6772800.000
6791600.000
6853600.000
6868200.000
6868400.000
6808800.000
6840800.000
6835600.000
6852200.000
6823600.000
6787400.000
6869600.000
6782800.000
6791600.000
6745800.000
6838000.000
6797200.000
6725000.000
6836200.000
6761400.000
6719000.000
6725000.000
6720400.000
6823400.000
6753400.000
6787800.000
6770400.000
6713600.000
6710200.000
6789000.000
6789000.000
6863600.000
6885200.000
6866400.000
6838200.000
6859400.000
6839800.000
6868000.000
6941600.000
6914800.000
6877800.000
6899800.000
6881200.000
6893400.000
6855600.000
6922800.000
6939400.000
6883600.000
6948800.000
6943600.000
6959000.000
6920600.000
6919400.000
6915800.000
6892800.000
6899000.000
6904800.000
6878200.000
6934800.000
6939200.000
6981600.000
6901000.000
6942400.000
6931000.000
6946400.000
6908800.000
6903400.000
6929400.000
6862600.000
6848800.000
6843600.000
6870600.000
6849400.000
6898200.000
6935800.000
6926200.000
6969800.000
7013800.000
7047000.000
7041000.000
6973800.000
6954600.000
6891600.000
6915400.000
6849600.000
6896000.000
6811600.000
6828600.000
6854800.000
6888200.000
6808400.000
6882200.000
6910200.000
6869800.000
6854800.000
6891200.000
6859600.000
6927600.000
6920400.000
6863400.000
6887800.000
6924600.000
6899600.000
6958400.000
6913000.000
6835400.000
6859400.000
6865800.000
6862800.000
6902600.000
6843600.000
6808400.000
6866800.000
6850400.000
6860000.000
6806400.000
6829000.000
6850600.000
6832000.000
6863400.000
6879800.000
6893800.000
6813800.000
6819600.000
6878400.000
6825200.000
6787800.000
6801000.000
6785200.000
6715000.000
6799400.000
6755200.000
6821200.000
6784000.000
6818400.000
6832600.000
6736800.000
6777200.000
6795000.000
6795200.000
6770800.000
6774400.000
6753600.000
6730800.000
6706600.000
6773600.000
6811800.000
6808400.000
6769000.000
6791600.000
6831200.000
6841600.000
6866200.000
6533400.000
6605800.000
6652000.000
6639400.000
6611800.000
6656000.000
6695000.000
6740200.000
6751600.000
6719400.000
6756400.000
6795600.000
6716000.000
6740600.000
6701000.000
6719200.000
6700600.000
6682400.000
6700000.000
6685400.000
6726400.000
6737000.000
6731000.000
6774200.000
6695800.000
6740800.000
6702800.000
6758400.000
6847600.000
6859400.000
6836800.000
6790200.000
6880800.000
6902600.000
6887800.000
6847600.000
6862200.000
6872800.000
6879600.000
6805200.000
6789600.000
6769800.000
6785400.000
6754600.000
6779600.000
6831600.000
6830200.000
6786800.000
6779600.000
6889000.000
6850800.000
6837800.000
6844000.000
6832800.000
6802600.000
6864800.000
6816600.000
6805800.000
6776800.000
6785400.000
6787800.000
6756400.000
6791600.000
6768200.000
6735400.000
6763400.000
6686800.000
6790600.000
6764000.000
6755000.000
6723400.000
6742800.000
6738200.000
6732200.000
6742400.000
6684400.000
6736600.000
6796000.000
6790600.000
6826400.000
6804200.000
6874400.000
6815600.000
6852400.000
6869600.000
6891200.000
6829000.000
6867200.000
6856000.000
6881600.000
6859600.000
6835800.000
6930200.000
6907200.000
6906800.000
6958400.000
6969000.000
6910800.000
6929800.000
6995800.000
6952000.000
6905600.000
6863200.000
6951800.000
6856000.000
6842200.000
6909400.000
6954400.000
6867600.000
6905400.000
6883400.000
6863600.000
6895400.000
6964600.000
6868800.000
6894400.000
6891200.000
6916600.000
6884800.000
6887600.000
6916400.000
6918200.000
6919800.000
6985000.000
7047600.000
7080000.000
7072000.000
7066200.000
7008400.000
6941200.000
6935400.000
6890800.000
6821800.000
6885200.000
6854400.000
6856400.000
6833400.000
6782600.000
6793400.000
6915000.000
6798400.000
6836600.000
6865400.000
6842200.000
6829000.000
6857800.000
6942800.000
6894000.000
6856200.000
6880600.000
6879600.000
6825600.000
6809600.000
6911800.000
6793800.000
6868600.000
6834600.000
6776800.000
6837400.000
6815200.000
6813400.000
6769600.000
6820200.000
6834000.000
6829800.000
6867200.000
6822000.000
6808400.000
6820400.000
6804600.000
6856400.000
6840800.000
6831000.000
6807200.000
6758200.000
6772600.000
6764400.000
6796200.000
6794600.000
6738600.000
6738800.000
6757400.000
6757000.000
6808400.000
6722600.000
6773800.000
6787200.000
6745800.000
6770200.000
6769000.000
6745400.000
6764200.000
6730400.000
6757400.000
6762800.000
6748200.000
6810200.000
6782200.000
6843200.000
6754000.000
6808200.000
6519800.000
6586000.000
6618800.000
6681000.000
6684400.000
6689200.000
6694600.000
6706000.000
6717200.000
6695000.000
6705800.000
6708000.000
6708600.000
6711800.000
6695400.000
6641000.000
6736600.000
6716000.000
6708800.000
6676000.000
6705800.000
6630800.000
6728000.000
6689200.000
6689000.000
6735400.000
6747800.000
6758200.000
6749200.000
6712400.000
6793600.000
6827400.000
6847000.000
6835200.000
6826200.000
6824800.000
6798200.000
6794200.000
6778800.000
6760400.000
6724200.000
6781200.000
6759800.000
6756800.000
6724800.000
6716400.000
6759800.000
6792000.000
6802400.000
6775000.000
6811600.000
6810400.000
6819000.000
6794400.000
6763200.000
6820400.000
6814600.000
6839400.000
6797200.000
6806000.000
6750800.000
6816600.000
6743200.000
6780800.000
6744000.000
6757000.000
6741800.000
6679600.000
6708000.000
6727400.000
6733000.000
6768800.000
6769800.000
6738800.000
6750000.000
6718400.000
6729800.000
6715400.000
6811400.000
6833800.000
6838600.000
6836600.000
6840000.000
6830600.000
6812200.000
6846000.000
6825000.000
6898200.000
6860800.000
6869200.000
6885800.000
6885200.000
6866600.000
6867800.000
6931800.000
6918000.000
6913000.000
6938800.000
6955600.000
6932600.000
6904000.000
6896400.000
6881200.000
6913600.000
6915800.000
6921800.000
6886200.000
6939600.000
6913800.000
6946600.000
6890400.000
6907200.000
6938600.000
6915400.000
6869800.000
6945800.000
6891000.000
6900200.000
6937800.000
6951800.000
6956000.000
6990000.000
7032200.000
7013600.000
6987800.000
7078600.000
6955600.000
6938400.000
6938200.000
6883800.000
6878800.000
6849000.000
6834000.000
6774000.000
6820400.000
6771600.000
6837000.000
6819400.000
6835000.000
6810000.000
6858400.000
6823600.000
6828600.000
6810000.000
6873600.000
6877200.000
6887000.000
6907400.000
6868600.000
6899000.000
6905600.000
6856000.000
6879200.000
6855400.000
6875800.000
6830000.000
6798200.000
6837000.000
6813800.000
6849600.000
6821600.000
6852800.000
6797000.000
6862200.000
6854800.000
6827400.000
6776000.000
6852200.000
6787000.000
6821200.000
6796000.000
6850800.000
6794800.000
6778400.000
6808400.000
6822200.000
6769800.000
6760200.000
6737000.000
6795200.000
6827600.000
6734200.000
6832800.000
6758800.000
6767000.000
6775400.000
6756200.000
6788000.000
6785600.000
6787600.000
6807200.000
6821000.000
6705000.000
6690400.000
6793800.000
6759400.000
6785200.000
6770000.000
6809600.000
6813400.000
6873400.000
6556600.000
6608200.000
6627800.000
6620800.000
6645200.000
6660000.000
6632800.000
6718200.000
6709000.000
6716400.000
6778600.000
6700400.000
6702600.000
6688800.000
6727600.000
6665800.000
6663200.000
6679800.000
6702400.000
6712200.000
6681200.000
6678400.000
6687600.000
6690800.000
6698400.000
6692800.000
6727800.000
6709400.000
6739200.000
6762400.000
6765000.000
6731800.000
6807600.000
6836600.000
6877400.000
6824800.000
6761600.000
6773200.000
6770800.000
6700000.000
6702800.000
6710600.000
6715600.000
6743200.000
6759800.000
6694000.000
6712600.000
6749400.000
6761200.000
6737200.000
6746000.000
6754600.000
6756400.000
6747000.000
6801600.000
6745200.000
6733600.000
6809400.000
6787400.000
6806200.000
6748200.000
6732200.000
6765800.000
6742400.000
6793000.000
6774600.000
6768600.000
6766200.000
6706600.000
6695400.000
6684200.000
6645600.000
6729000.000
6686200.000
6653200.000
6675000.000
6658800.000
6731800.000
6760600.000
6795000.000
6791400.000
6702400.000
6859600.000
6737400.000
6804800.000
6827200.000
6828000.000
6790200.000
6831200.000
6849600.000
6834400.000
6872800.000
6833600.000
6853200.000
6855600.000
6892600.000
6896800.000
6905800.000
6873000.000
6919400.000
6885800.000
6897400.000
6902800.000
6867000.000
6893800.000
6810000.000
6887600.000
6832600.000
6867600.000
6829800.000
6859400.000
6869600.000
6819200.000
6873800.000
6863000.000
6911800.000
6881200.000
6896200.000
6905200.000
6935200.000
6917600.000
6945200.000
6930600.000
6959800.000
6974200.000
6938000.000
6958800.000
6903400.000
6872400.000
6832800.000
6796400.000
6777400.000
6796400.000
6774200.000
6828600.000
6807200.000
6839000.000
6755600.000
6772000.000
6807800.000
6776800.000
6786000.000
6778800.000
6797200.000
6790400.000
6806000.000
6831000.000
6858000.000
6808400.000
6866000.000
6870600.000
6820800.000
6847400.000
6808400.000
6838600.000
6809000.000
6797400.000
6820400.000
6811800.000
6795600.000
6793600.000
6819000.000
6755600.000
6744200.000
6761600.000
6775000.000
6733400.000
6725200.000
6714000.000
6760600.000
6750200.000
6751400.000
6776800.000
6740600.000
6740400.000
6716400.000
6757600.000
6708200.000
6719200.000
6733000.000
6707400.000
6731200.000
6743800.000
6741000.000
6802400.000
6661800.000
6757000.000
6754000.000
6771400.000
6747000.000
6671000.000
6753000.000
6713000.000
6781400.000
6767800.000
6715800.000
6761600.000
6733800.000
6778800.000
6850800.000
6809200.000
6705800.000
6700800.000
6663200.000
6709200.000
6745400.000
6777800.000
6766400.000
6812000.000
6738200.000
6704200.000
6732600.000
6748400.000
6751800.000
6727400.000
6740400.000
6720800.000
6801200.000
6699000.000
6714000.000
6744400.000
6715600.000
6751600.000
6746600.000
6742800.000
6757400.000
6722400.000
6786000.000
6817000.000
6731600.000
6809800.000
6810400.000
6876600.000
6847200.000
6842000.000
6823600.000
6810400.000
6834000.000
6811200.000
6738600.000
6792000.000
6716000.000
6733600.000
6754800.000
6701000.000
6728400.000
6713000.000
6748400.000
6817600.000
6744200.000
6762400.000
6748000.000
6831200.000
6781400.000
6779400.000
6827200.000
6806400.000
6798400.000
6832200.000
6776800.000
6798200.000
6738400.000
6811000.000
6753400.000
6742600.000
6775400.000
6716000.000
6713400.000
6725200.000
6723600.000
6709600.000
6694200.000
6703200.000
6695800.000
6624200.000
6630000.000
6701800.000
6707600.000
6690600.000
6718600.000
6718800.000
6771800.000
6736600.000
6726000.000
6774000.000
6764600.000
6764600.000
6736800.000
6768000.000
6782600.000
6802200.000
6807800.000
6817400.000
6830800.000
6809600.000
6868000.000
6830600.000
6839800.000
6851200.000
6827800.000
6824000.000
6826400.000
6833200.000
6778200.000
6838800.000
6789000.000
6812800.000
6853600.000
6833800.000
6786400.000
6778800.000
6857800.000
6846400.000
6846400.000
6833800.000
6872000.000
6896400.000
6905400.000
6908600.000
6912400.000
6866400.000
6871000.000
6947400.000
6940200.000
6870400.000
6875800.000
6900200.000
6833400.000
6824200.000
6810400.000
6768600.000
6778800.000
6775600.000
6819600.000
6829600.000
6817600.000
6860200.000
6788000.000
6805000.000
6805800.000
6801200.000
6810400.000
6831400.000
6801000.000
6769400.000
6775600.000
6822800.000
6819600.000
6852200.000
6878200.000
6866600.000
6860800.000
6869600.000
6819800.000
6864000.000
6793800.000
6832200.000
6837400.000
6801400.000
6763400.000
6811400.000
6845000.000
6820200.000
6816600.000
6792600.000
6774200.000
6731200.000
6717800.000
6755600.000
6711800.000
6727200.000
6767200.000
6763200.000
6754400.000
6815000.000
6719600.000
6705400.000
6745400.000
6733600.000
6757600.000
6795000.000
6718200.000
6728800.000
6751400.000
6751000.000
6779200.000
6803600.000
6845600.000
6792400.000
6771400.000
6729400.000
6782800.000
6735400.000
6766800.000
6748200.000
6762000.000
6752600.000
6738200.000
6747600.000
6802400.000
6878600.000
6837000.000
6630200.000
6736400.000
6711800.000
6749800.000
6744800.000
6763200.000
6769800.000
6761400.000
6723200.000
6707600.000
6731400.000
6737600.000
6781000.000
6713400.000
6767800.000
6728800.000
6755400.000
6788800.000
6721200.000
6806400.000
6684000.000
6767400.000
6731200.000
6761400.000
6747400.000
6722800.000
6780800.000
6826600.000
6855600.000
6833000.000
6813400.000
6849600.000
6850600.000
6970200.000
6830800.000
6854800.000
6821200.000
6861000.000
6815400.000
6802000.000
6747400.000
6785600.000
6755000.000
6830800.000
6885400.000
6839000.000
6844200.000
6860200.000
6784000.000
6802200.000
6800000.000
6880800.000
6858600.000
6823000.000
6849200.000
6910800.000
6844800.000
6812200.000
6858000.000
6845800.000
6845000.000
6898000.000
6815200.000
6822600.000
6816200.000
6778600.000
6785000.000
6728600.000
6771600.000
6770600.000
6755600.000
6758000.000
6743800.000
6677400.000
6679000.000
6640800.000
6719800.000
6779200.000
6822800.000
6830800.000
6802000.000
6824400.000
6785600.000
6782600.000
6797600.000
6844600.000
6831200.000
6833600.000
6874600.000
6864000.000
6785800.000
6877200.000
6861800.000
6881600.000
6867600.000
6876200.000
6877600.000
6862200.000
6787400.000
6821000.000
6899000.000
6921000.000
6866800.000
6918400.000
6867600.000
6867600.000
6823000.000
6861400.000
6841200.000
6798800.000
6854600.000
6853600.000
6823600.000
6911200.000
6858600.000
6917600.000
6848800.000
6894800.000
6898800.000
6913800.000
6892200.000
6899600.000
6881200.000
6908200.000
6892800.000
6929000.000
6900200.000
6800800.000
6825800.000
6801200.000
6771400.000
6806200.000
6824000.000
6869000.000
6836600.000
6798200.000
6766400.000
6819000.000
6781400.000
6845800.000
6825000.000
6794000.000
6796200.000
6799800.000
6817000.000
6815200.000
6817600.000
6817400.000
6854000.000
6777000.000
6848000.000
6854800.000
6771000.000
6763400.000
6831200.000
6771000.000
6784600.000
6803200.000
6775200.000
6799400.000
6801600.000
6829400.000
6775800.000
6768200.000
6768000.000
6711400.000
6767000.000
6665000.000
6715600.000
6726400.000
6776000.000
6799200.000
6781800.000
6785800.000
6809600.000
6755000.000
6732400.000
6803600.000
6785800.000
6787400.000
6766000.000
6787400.000
6809400.000
6798800.000
6823600.000
6835200.000
6778200.000
6779000.000
6793600.000
6835400.000
6785600.000
6749800.000
6798600.000
6778800.000
6761800.000
6809200.000
6853200.000
6824800.000
6827000.000
6837400.000
6840000.000
6691000.000
6744000.000
6674200.000
6725800.000
6725600.000
6733600.000
6725400.000
6718200.000
6679000.000
6737800.000
6720800.000
6706000.000
6704000.000
6737400.000
6733600.000
6762600.000
6705800.000
6722000.000
6722000.000
6786200.000
6743800.000
6728600.000
6745400.000
6753400.000
6698200.000
6758400.000
6756400.000
6766600.000
6760200.000
6838200.000
6835200.000
6838200.000
6847800.000
6887200.000
6835800.000
6863800.000
6823800.000
6817000.000
6808200.000
6814200.000
6770400.000
6794400.000
6821200.000
6754200.000
6781000.000
6820200.000
6806400.000
6836000.000
6820000.000
6843200.000
6816200.000
6776600.000
6823400.000
6851400.000
6813800.000
6826200.000
6821600.000
6821000.000
6806400.000
6791400.000
6811800.000
6837000.000
6801600.000
6736800.000
6756200.000
6742200.000
6756200.000
6765400.000
6763200.000
6743800.000
6729200.000
6714600.000
6673400.000
6724200.000
6647400.000
6593800.000
6729200.000
6697400.000
6705000.000
6798600.000
6776800.000
6715600.000
6795400.000
6778600.000
6787200.000
6790600.000
6768600.000
6775800.000
6809800.000
6881600.000
6824400.000
6766400.000
6834400.000
6864200.000
6822000.000
6830000.000
6811200.000
6805200.000
6788200.000
6879800.000
6857800.000
6832400.000
6861000.000
6852400.000
6867600.000
6805400.000
6825000.000
6825400.000
6834200.000
6863800.000
6850600.000
6787000.000
6841800.000
6883200.000
6866200.000
6883600.000
6904200.000
6882600.000
6890400.000
6907000.000
6864600.000
6924000.000
6890000.000
6827200.000
6818400.000
6823800.000
6793400.000
6756400.000
6793200.000
6819200.000
6840000.000
6817800.000
6845400.000
6872000.000
6770000.000
6832400.000
6740400.000
6849400.000
6821000.000
6843600.000
6838800.000
6828000.000
6760400.000
6800600.000
6819400.000
6848800.000
6856000.000
6858800.000
6841000.000
6857800.000
6783800.000
6819000.000
6862200.000
6822800.000
6810400.000
6771000.000
6798400.000
6811000.000
6740600.000
6795800.000
6844200.000
6804200.000
6787600.000
6791400.000
6819200.000
6809600.000
6751800.000
6718200.000
6702200.000
6738000.000
6801200.000
6797800.000
6808200.000
6765200.000
6811400.000
6794000.000
6738200.000
6822600.000
6789400.000
6778200.000
6826000.000
6876400.000
6822400.000
6779400.000
6847600.000
6822600.000
6824000.000
6817600.000
6818000.000
6771400.000
6826000.000
6754800.000
6734000.000
6767400.000
6763000.000
6818600.000
6888400.000
6831600.000
6916000.000
6863400.000
6865600.000
6611000.000
6667000.000
6702400.000
6716000.000
6713600.000
6676800.000
6721600.000
6726600.000
6686800.000
6715200.000
6717000.000
6700400.000
6732800.000
6687200.000
6721400.000
6764200.000
6763800.000
6728400.000
6770000.000
6739800.000
6774600.000
6686400.000
6725800.000
6702200.000
6704400.000
6722400.000
6697200.000
6776000.000
6776400.000
6846600.000
6764000.000
6846000.000
6838200.000
6770600.000
6814800.000
6769000.000
6801800.000
6807400.000
6742200.000
6804600.000
6763000.000
6840200.000
6798600.000
6798600.000
6789800.000
6783000.000
6810400.000
6844800.000
6770200.000
6849200.000
6804000.000
6834200.000
6843600.000
6850200.000
6761200.000
6793000.000
6797000.000
6793600.000
6788800.000
6778200.000
6807400.000
6837600.000
6771800.000
6740000.000
6831800.000
6672200.000
6817400.000
6746000.000
6719000.000
6738600.000
6787000.000
6736000.000
6672200.000
6653400.000
6677600.000
6672200.000
6687800.000
6644000.000
6743800.000
6771400.000
6772800.000
6762200.000
6797600.000
6817200.000
6783400.000
6852800.000
6802400.000
6811200.000
6817800.000
6808400.000
6850400.000
6765200.000
6832000.000
6820800.000
6799400.000
6855000.000
6846800.000
6801400.000
6843200.000
6853600.000
6863800.000
6884200.000
6855800.000
6825800.000
6794000.000
6712400.000
6761200.000
6797600.000
6813800.000
6797000.000
6832400.000
6742400.000
6769000.000
6831800.000
6785200.000
6800400.000
6865800.000
6795600.000
6807200.000
6840000.000
6800400.000
6797200.000
6813200.000
6781000.000
6779600.000
6765800.000
6742600.000
6797200.000
6758200.000
6785200.000
6771200.000
6771200.000
6751800.000
6757400.000
6776400.000
6740600.000
6789200.000
6802200.000
6797000.000
6727800.000
6802400.000
6751800.000
6717000.000
6724400.000
6737600.000
6779600.000
6751000.000
6746600.000
6815600.000
6776600.000
6721200.000
6719000.000
6716200.000
6737000.000
6751000.000
6745600.000
6727400.000
6729200.000
6713000.000
6723200.000
6727200.000
6722200.000
6758600.000
6742600.000
6722400.000
6713000.000
6597400.000
6611200.000
6606800.000
6679000.000
6679400.000
6686000.000
6695600.000
6698600.000
6769400.000
6764000.000
6720200.000
6640000.000
6710800.000
6774200.000
6771600.000
6737000.000
6769000.000
6770000.000
6721600.000
6753800.000
6719600.000
6740400.000
6689400.000
6662000.000
6697200.000
6642200.000
6724200.000
6669200.000
6700600.000
6723200.000
6703800.000
6751600.000
6767400.000
6718400.000
6708600.000
6664200.000
6707600.000
6679400.000
6731000.000
6716200.000
6708600.000
6658400.000
6708000.000
6681000.000
6686600.000
6714200.000
6715400.000
6705400.000
6691400.000
6721400.000
6740800.000
6735400.000
6699200.000
6733400.000
6765800.000
6705800.000
6708600.000
6734000.000
6703400.000
6672600.000
6735400.000
6714600.000
6731400.000
6752000.000
6817000.000
6814000.000
6780400.000
6755000.000
6810600.000
6798800.000
6770000.000
6823600.000
6760200.000
6818800.000
6787200.000
6776000.000
6810800.000
6835600.000
6785200.000
6823200.000
6845000.000
6807800.000
6785200.000
6750600.000
6787400.000
6769800.000
6794200.000
6810600.000
6822200.000
6780600.000
6749800.000
6774200.000
6736000.000
6788400.000
6797400.000
6814400.000
6725800.000
6821600.000
6810800.000
6755400.000
6708800.000
6725200.000
6682800.000
6742600.000
6652400.000
6688200.000
6638600.000
6570200.000
6620600.000
6573400.000
6605400.000
6721200.000
6731200.000
6730200.000
6736200.000
6749600.000
6751200.000
6785400.000
6826200.000
6762000.000
6776200.000
6743600.000
6761000.000
6846000.000
6790800.000
6786000.000
6803800.000
6789200.000
6807000.000
6825000.000
6829800.000
6789800.000
6830400.000
6838400.000
6877400.000
6858800.000
6880200.000
6777400.000
6819200.000
6798400.000
6770200.000
6754800.000
6841600.000
6785000.000
6792800.000
6840600.000
6756400.000
6765600.000
6825200.000
6743800.000
6790400.000
6825000.000
6808000.000
6751400.000
6738200.000
6771200.000
6740800.000
6773000.000
6777200.000
6742200.000
6778200.000
6810000.000
6760200.000
6775000.000
6859000.000
6833200.000
6856800.000
6818800.000
6817600.000
6832400.000
6829600.000
6834000.000
6803400.000
6792400.000
6821800.000
6807400.000
6761800.000
6790800.000
6787400.000
6811600.000
6820600.000
6782200.000
6784200.000
6813000.000
6818000.000
6807000.000
6768800.000
6756000.000
6772200.000
6820200.000
6720200.000
6737000.000
6739400.000
6725800.000
6735400.000
6750000.000
6779000.000
6735400.000
6738600.000
6730200.000
6658000.000
6690400.000
6698800.000
6660400.000
6734400.000
6760200.000
6752800.000
6736200.000
6770600.000
6725000.000
6734800.000
6750000.000
6716000.000
6798800.000
6707200.000
6746200.000
6727600.000
6733000.000
6793800.000
6742800.000
6736200.000
6714400.000
6698200.000
6701000.000
6641000.000
6689600.000
6675200.000
6698400.000
6656200.000
6706000.000
6734400.000
6713800.000
6671600.000
6650600.000
6700800.000
6657800.000
6663200.000
6648800.000
6675800.000
6703000.000
6657200.000
6711600.000
6699600.000
6704200.000
6698800.000
6641400.000
6735200.000
6718200.000
6762400.000
6692400.000
6690800.000
6745600.000
6654800.000
6741600.000
6699000.000
6683800.000
6673600.000
6706200.000
6623800.000
6689600.000
6730600.000
6748600.000
6663600.000
6789600.000
6799400.000
6753400.000
6808600.000
6771600.000
6787400.000
6750000.000
6829200.000
6774000.000
6804600.000
6740800.000
6770200.000
6791600.000
6813000.000
6794400.000
6767000.000
6750000.000
6798000.000
6713200.000
6750400.000
6774400.000
6737600.000
6765600.000
6807400.000
6782800.000
6704600.000
6773000.000
6774600.000
6822600.000
6758000.000
6788200.000
6781200.000
6762600.000
6790600.000
6763800.000
6792400.000
6740200.000
6739400.000
6735800.000
6718200.000
6777400.000
6705400.000
6675400.000
6667800.000
6673600.000
6644800.000
6686200.000
6646200.000
6589200.000
6678800.000
6689000.000
6761000.000
6761200.000
6759600.000
6711800.000
6790000.000
6769600.000
6702600.000
6787600.000
6810400.000
6827400.000
6782400.000
6785400.000
6789200.000
6846400.000
6818800.000
6849200.000
6862200.000
6801600.000
6812200.000
6793600.000
6866800.000
6835800.000
6870000.000
6829800.000
6817000.000
6801600.000
6770000.000
6709600.000
6740800.000
6772600.000
6729200.000
6788400.000
6758200.000
6763400.000
6793000.000
6744000.000
6745000.000
6775000.000
6776200.000
6774000.000
6768600.000
6739400.000
6704000.000
6754600.000
6722400.000
6683400.000
6726800.000
6751000.000
6685600.000
6817000.000
6849000.000
6804800.000
6769800.000
6767400.000
6811600.000
6773200.000
6819600.000
6773200.000
6732800.000
6799800.000
6756000.000
6754200.000
6771200.000
6780800.000
6748000.000
6711400.000
6743800.000
6762600.000
6728200.000
6699800.000
6763800.000
6742400.000
6733200.000
6710000.000
6726000.000
6772000.000
6737200.000
6754000.000
6742800.000
6701800.000
6703400.000
6710000.000
6743400.000
6716400.000
6762000.000
6702000.000
6691600.000
6696800.000
6623800.000
6652000.000
6687800.000
6694800.000
6720200.000
6766400.000
6770600.000
6713600.000
6786400.000
6716800.000
6737800.000
6701400.000
6737600.000
6748000.000
6765000.000
6690200.000
6773000.000
6693800.000
6720000.000
6714600.000
6695000.000
6655000.000
6677600.000
6639600.000
6698000.000
6667800.000
6713800.000
6749200.000
6738600.000
6733000.000
6705800.000
6746400.000
6762000.000
6632400.000
6713600.000
6726000.000
6712400.000
6713600.000
6756600.000
6689200.000
6694600.000
6711400.000
6706200.000
6634400.000
6735800.000
6718000.000
6725800.000
6753200.000
6779200.000
6705200.000
6695800.000
6771000.000
6771600.000
6667800.000
6721800.000
6733000.000
6736200.000
6754800.000
6698400.000
6751000.000
6754600.000
6813200.000
6783400.000
6791600.000
6803600.000
6776400.000
6804000.000
6755200.000
6790800.000
6805000.000
6791600.000
6783200.000
6795400.000
6752200.000
6839200.000
6799600.000
6754400.000
6793600.000
6825000.000
6805000.000
6805000.000
6830200.000
6817800.000
6767400.000
6825800.000
6811400.000
6818600.000
6756400.000
6789400.000
6834400.000
6828800.000
6777600.000
6771400.000
6804800.000
6791400.000
6759600.000
6721400.000
6824800.000
6776800.000
6743400.000
6734400.000
6753400.000
6698000.000
6739800.000
6678000.000
6659800.000
6656600.000
6639200.000
6648200.000
6639600.000
6694400.000
6735200.000
6737600.000
6735800.000
6691400.000
6709000.000
6708200.000
6763600.000
6725600.000
6705800.000
6735600.000
6739400.000
6747200.000
6775000.000
6770000.000
6790400.000
6751800.000
6798800.000
6807200.000
6704400.000
6762000.000
6769400.000
6794800.000
6817000.000
6784600.000
6794000.000
6754000.000
6730000.000
6702800.000
6751600.000
6742600.000
6725200.000
6679800.000
6692200.000
6693200.000
6706400.000
6679200.000
6690400.000
6772200.000
6785200.000
6775600.000
6759400.000
6777400.000
6726600.000
6776600.000
6705200.000
6733600.000
6678200.000
6695200.000
6691400.000
6728600.000
6773000.000
6795400.000
6754600.000
6783000.000
6757200.000
6762400.000
6832000.000
6761600.000
6761000.000
6738000.000
6720600.000
6741400.000
6811800.000
6778000.000
6794400.000
6736800.000
6750400.000
6689400.000
6715600.000
6753000.000
6749200.000
6792800.000
6798800.000
6751800.000
6672200.000
6673400.000
6752200.000
6708800.000
6800000.000
6769000.000
6770200.000
6714600.000
6782600.000
6737000.000
6733600.000
6751400.000
6704400.000
6722000.000
6709600.000
6668800.000
6667400.000
6685400.000
6644400.000
6755400.000
6720200.000
6783200.000
6712800.000
6757400.000
6764400.000
6735200.000
6744600.000
6794800.000
6727400.000
6730400.000
6760000.000
6756400.000
6720800.000
6760600.000
6738400.000
6687200.000
6751600.000
6655800.000
6723200.000
6700400.000
6692600.000
6710400.000
6702800.000
6726400.000
6742200.000
6765800.000
6816000.000
6727400.000
6738400.000
6664800.000
6679600.000
6760000.000
6665600.000
6724800.000
6643200.000
6707200.000
6710000.000
6608600.000
6725600.000
6682600.000
6743600.000
6722800.000
6769000.000
6706600.000
6680600.000
6677800.000
6712200.000
6685800.000
6738800.000
6675200.000
6694000.000
6676200.000
6682000.000
6710800.000
6682600.000
6700600.000
6725200.000
6776000.000
6793400.000
6770400.000
6720200.000
6754400.000
6798000.000
6749800.000
6810800.000
6809600.000
6768800.000
6796200.000
6804200.000
6795600.000
6791600.000
6747600.000
6822200.000
6720000.000
6730800.000
6795200.000
6818800.000
6815600.000
6772000.000
6756600.000
6802600.000
6812000.000
6749200.000
6806000.000
6803000.000
6746600.000
6844800.000
6770000.000
6814000.000
6811000.000
6751000.000
6802000.000
6875600.000
6768600.000
6784400.000
6750800.000
6714600.000
6718400.000
6703400.000
6720800.000
6691600.000
6697400.000
6706400.000
6666200.000
6638600.000
6712600.000
6713200.000
6732400.000
6794600.000
6728600.000
6742400.000
6704000.000
6744800.000
6739800.000
6780200.000
6748800.000
6784800.000
6816400.000
6754000.000
6736200.000
6815200.000
6744000.000
6759600.000
6823000.000
6849000.000
6826400.000
6838200.000
6800400.000
6842200.000
6829000.000
6832400.000
6730600.000
6757600.000
6766000.000
6684400.000
6731800.000
6706800.000
6690800.000
6727000.000
6761400.000
6773000.000
6654200.000
6752000.000
6709000.000
6774000.000
6706000.000
6757800.000
6798800.000
6802000.000
6760000.000
6778200.000
6686600.000
6713600.000
6740200.000
6778800.000
6767800.000
6793200.000
6816600.000
6799600.000
6737000.000
6819600.000
6814200.000
6873200.000
6794600.000
6761600.000
6770600.000
6732800.000
6790000.000
6810000.000
6761600.000
6821200.000
6813000.000
6812000.000
6829200.000
6761600.000
6734800.000
6758000.000
6803000.000
6779200.000
6818200.000
6792600.000
6766600.000
6739200.000
6752000.000
6746600.000
6820600.000
6787400.000
6778200.000
6782800.000
6769200.000
6777400.000
6712800.000
6755600.000
6687000.000
6692800.000
6766800.000
6743800.000
6735000.000
6738200.000
6801800.000
6871600.000
6752600.000
6790000.000
6765000.000
6848800.000
6771200.000
6770600.000
6729000.000
6767600.000
6796000.000
6743800.000
6766800.000
6788400.000
6808800.000
6802600.000
6762800.000
6785000.000
6724200.000
6764200.000
6725600.000
6730600.000
6722800.000
6778600.000
6729600.000
6763600.000
6776200.000
6788200.000
6745200.000
6754000.000
6720800.000
6716800.000
6664000.000
6724800.000
6681200.000
6679600.000
6669000.000
6667400.000
6710400.000
6701800.000
6684800.000
6673800.000
6707600.000
6688200.000
6703400.000
6703000.000
6710800.000
6761000.000
6705800.000
6681000.000
6665800.000
6708600.000
6686400.000
6707000.000
6670600.000
6695200.000
6632800.000
6694400.000
6699600.000
6735400.000
6771800.000
6722200.000
6723200.000
6721000.000
6721600.000
6766200.000
6783200.000
6802800.000
6740000.000
6746000.000
6790000.000
6787800.000
6764000.000
6731000.000
6759400.000
6735200.000
6781600.000
6778000.000
6742800.000
6793000.000
6791400.000
6749200.000
6731000.000
6767000.000
6767200.000
6725200.000
6772400.000
6749200.000
6729800.000
6763200.000
6774200.000
6717000.000
6782600.000
6718800.000
6703000.000
6731200.000
6740400.000
6763600.000
6745400.000
6738200.000
6764000.000
6678000.000
6714000.000
6725400.000
6641800.000
6714000.000
6676400.000
6679800.000
6736000.000
6739200.000
6683600.000
6746800.000
6699200.000
6715000.000
6746400.000
6734000.000
6725200.000
6761400.000
6730000.000
6707400.000
6749600.000
6734800.000
6736600.000
6818800.000
6798600.000
6841600.000
6778600.000
6842600.000
6766400.000
6719600.000
6740400.000
6835400.000
6751600.000
6758800.000
6750200.000
6660200.000
6694200.000
6678400.000
6746600.000
6715400.000
6683200.000
6695400.000
6675400.000
6684600.000
6632400.000
6709400.000
6697200.000
6766600.000
6761200.000
6719200.000
6707400.000
6728200.000
6715200.000
6663400.000
6714200.000
6726400.000
6728000.000
6743600.000
6769600.000
6761200.000
6780200.000
6688200.000
6712400.000
6723600.000
6793200.000
6699200.000
6681800.000
6724800.000
6732400.000
6759200.000
6792600.000
6814200.000
6724000.000
6710200.000
6755800.000
6759400.000
6705000.000
6765400.000
6767000.000
6735200.000
6710000.000
6754000.000
6675200.000
6662200.000
6668400.000
6664000.000
6692000.000
6752400.000
6668400.000
6759200.000
6740000.000
6725600.000
6692800.000
6740200.000
6693200.000
6691000.000
6720800.000
6709400.000
6712600.000
6736800.000
6735000.000
6782000.000
6770000.000
6766000.000
6754000.000
6759800.000
6804200.000
6811600.000
6732800.000
6777200.000
6781400.000
6724800.000
6763000.000
6768800.000
6695400.000
6787800.000
6696600.000
6740600.000
6712000.000
6709400.000
6749800.000
6769200.000
6742400.000
6783200.000
6725000.000
6758600.000
6781400.000
6698400.000
6736800.000
6773600.000
6755800.000
6727800.000
6631000.000
6612200.000
6673000.000
6682800.000
6657000.000
6651800.000
6742600.000
6721000.000
6684200.000
6704000.000
6647600.000
6693400.000
6663800.000
6663200.000
6694600.000
6683000.000
6616000.000
6700800.000
6669200.000
6699000.000
6685600.000
6695600.000
6633000.000
6679800.000
6715600.000
6738200.000
6759200.000
6722800.000
6760400.000
6693000.000
6697800.000
6686800.000
6698400.000
6703200.000
6713800.000
6695000.000
6767600.000
6727400.000
6748000.000
6806800.000
6733400.000
6714400.000
6776600.000
6691200.000
6786200.000
6752800.000
6717800.000
6726600.000
6749600.000
6793200.000
6721000.000
6761800.000
6714400.000
6732800.000
6803200.000
6740400.000
6770000.000
6731400.000
6730600.000
6720000.000
6705800.000
6765000.000
6755600.000
6756400.000
6696200.000
6741000.000
6674200.000
6767800.000
6702400.000
6703800.000
6651000.000
6661800.000
6679600.000
6625000.000
6661600.000
6683000.000
6694200.000
6709200.000
6712600.000
6756800.000
6694600.000
6679600.000
6767000.000
6732800.000
6753400.000
6723800.000
6738200.000
6745000.000
6736800.000
6736800.000
6730400.000
6776800.000
6761800.000
6790600.000
6770600.000
6796000.000
6764800.000
6767400.000
6782400.000
6844800.000
6727800.000
6726000.000
6718400.000
6695400.000
6650400.000
6671200.000
6666200.000
6683200.000
6724200.000
6679600.000
6721400.000
6757200.000
6721400.000
6715200.000
6699800.000
6720600.000
6778200.000
6758200.000
6777800.000
6713000.000
6703400.000
6725800.000
6738000.000
6667200.000
6712800.000
6737200.000
6739800.000
6807600.000
6755600.000
6777200.000
6753600.000
6744200.000
6766600.000
6767400.000
6724200.000
6761000.000
6769200.000
6750400.000
6760600.000
6811800.000
6868000.000
6777400.000
6816000.000
6741200.000
6736000.000
6812600.000
6785600.000
6761200.000
6776400.000
6731600.000
6692400.000
6659600.000
6679600.000
6677800.000
6702800.000
6664600.000
6755800.000
6759800.000
6758400.000
6756800.000
6769000.000
6776800.000
6721000.000
6722000.000
6745600.000
6694000.000
6706600.000
6681200.000
6693600.000
6782000.000
6747000.000
6764600.000
6756600.000
6753400.000
6718800.000
6709600.000
6713000.000
6734400.000
6728600.000
6744400.000
6721600.000
6697400.000
6724200.000
6743200.000
6700000.000
6700600.000
6755400.000
6675000.000
6661600.000
6695200.000
6723200.000
6721000.000
6699600.000
6746000.000
6753800.000
6713800.000
6739600.000
6703000.000
6684200.000
6686600.000
6664000.000
6666000.000
6565200.000
6715800.000
6715800.000
6730200.000
6740800.000
6751400.000
6764600.000
6762600.000
6674800.000
6760800.000
6728000.000
6730800.000
6701400.000
6750000.000
6738400.000
6687200.000
6712000.000
6708400.000
6673800.000
6732000.000
6732000.000
6726600.000
6687400.000
6718400.000
6739200.000
6690200.000
6783200.000
6725000.000
6776800.000
6722600.000
6707800.000
6693200.000
6790800.000
6760400.000
6718000.000
6745400.000
6779800.000
6816400.000
6741000.000
6791600.000
6757400.000
6781400.000
6796400.000
6853800.000
6787400.000
6747000.000
6830800.000
6761800.000
6797200.000
6772800.000
6826800.000
6804600.000
6848000.000
6814400.000
6737600.000
6829000.000
6779200.000
6802000.000
6776800.000
6774800.000
6871000.000
6783800.000
6763400.000
6742000.000
6743200.000
6798400.000
6710800.000
6734200.000
6717600.000
6698600.000
6725200.000
6710800.000
6655400.000
6687000.000
6693000.000
6752000.000
6722400.000
6749800.000
6804800.000
6710200.000
6740600.000
6782600.000
6746400.000
6752600.000
6709800.000
6705200.000
6758000.000
6720200.000
6726600.000
6821000.000
6794000.000
6782400.000
6815800.000
6766200.000
6823000.000
6782400.000
6785600.000
6741400.000
6660000.000
6798600.000
6766600.000
6707000.000
6630800.000
6711200.000
6676400.000
6680800.000
6640000.000
6686000.000
6654800.000
6669000.000
6694000.000
6718400.000
6722800.000
6728200.000
6765800.000
6746600.000
6749800.000
6741000.000
6686400.000
6690800.000
6675200.000
6691000.000
6714600.000
6763000.000
6717000.000
6706600.000
6715800.000
6688600.000
6733000.000
6756800.000
6759400.000
6769400.000
6727400.000
6785400.000
6784200.000
6787000.000
6780000.000
6761200.000
6779000.000
6805400.000
6777000.000
6781600.000
6792800.000
6769200.000
6731800.000
6730800.000
6787000.000
6758600.000
6766800.000
6709000.000
6729200.000
6765200.000
6714600.000
6718600.000
6804200.000
6726600.000
6754800.000
6814200.000
6681200.000
6730600.000
6726400.000
6746600.000
6747000.000
6687800.000
6735200.000
6743000.000
6714400.000
6772000.000
6740800.000
6750600.000
6760000.000
6743600.000
6784800.000
6740800.000
6760600.000
6728000.000
6829800.000
6700800.000
6735600.000
6729800.000
6751800.000
6718800.000
6742600.000
6708400.000
6705600.000
6708000.000
6668600.000
6693800.000
6659200.000
6726400.000
6712000.000
6730000.000
6719000.000
6726000.000
6758200.000
6704200.000
6698600.000
6678600.000
6640800.000
6668800.000
6620200.000
6571200.000
6710000.000
6700200.000
6740200.000
6672800.000
6719600.000
6709400.000
6757800.000
6681800.000
6681800.000
6706000.000
6716800.000
6746600.000
6720600.000
6678800.000
6672800.000
6696000.000
6658600.000
6719400.000
6735800.000
6754800.000
6696200.000
6747400.000
6751000.000
6746600.000
6721800.000
6767000.000
6735400.000
6749400.000
6707200.000
6759200.000
6777400.000
6799600.000
6794200.000
6758400.000
6748400.000
6831000.000
6772400.000
6765000.000
6769200.000
6742400.000
6827600.000
6746000.000
6741600.000
6763800.000
6772800.000
6779400.000
6770600.000
6797600.000
6738200.000
6781400.000
6746000.000
6830400.000
6811400.000
6752800.000
6772200.000
6762000.000
6762800.000
6789800.000
6747600.000
6757400.000
6767200.000
6719200.000
6753400.000
6696800.000
6720800.000
6772200.000
6744600.000
6735400.000
6731800.000
6679800.000
6667400.000
6666800.000
6684400.000
6733800.000
6680000.000
6789800.000
6714800.000
6740200.000
6698000.000
6740800.000
6775600.000
6733000.000
6704400.000
6714200.000
6742800.000
6711200.000
6776400.000
6744800.000
6760600.000
6790400.000
6830000.000
6819400.000
6796200.000
6815400.000
6772200.000
6728400.000
6702800.000
6760400.000
6739800.000
6709400.000
6659400.000
6753200.000
6650800.000
6707000.000
6692800.000
6643200.000
6665600.000
6695200.000
6650400.000
6719600.000
6717000.000
6753800.000
6761200.000
6701400.000
6711600.000
6748200.000
6718000.000
6690000.000
6706600.000
6669600.000
6658400.000
6676400.000
6766400.000
6731600.000
6663800.000
6718800.000
6729400.000
6765000.000
6787800.000
6768800.000
6778800.000
6738800.000
6761200.000
6765200.000
6739000.000
6758400.000
6776800.000
6796800.000
6788200.000
6808000.000
6766200.000
6769800.000
6756600.000
6730400.000
6762000.000
6739000.000
6740800.000
6684600.000
6778000.000
6677800.000
6712800.000
6774200.000
6708000.000
6730400.000
6736800.000
6762000.000
6806400.000
6738200.000
6779600.000
6722200.000
6700200.000
6745200.000
6776200.000
6718600.000
6672000.000
6700600.000
6684600.000
6693400.000
6747800.000
6715000.000
6711600.000
6734400.000
6762400.000
6798400.000
6710800.000
6679000.000
6742800.000
6749000.000
6717000.000
6732600.000
6681000.000
6744000.000
6694800.000
6668800.000
6671600.000
6662800.000
6689400.000
6676000.000
6722600.000
6746800.000
6713000.000
6660000.000
6735400.000
6719200.000
6734600.000
6714400.000
6713800.000
6683200.000
6665800.000
6663200.000
6614600.000
6652000.000
6621200.000
6639400.000
6647200.000
6667000.000
6686000.000
6707400.000
6711400.000
6670600.000
6696600.000
6735400.000
6716600.000
6701400.000
6681400.000
6700400.000
6675800.000
6682600.000
6663600.000
6717000.000
6736200.000
6701200.000
6731000.000
6710400.000
6745600.000
6748000.000
6784600.000
6715400.000
6751200.000
6739800.000
6729200.000
6744000.000
6798400.000
6760800.000
6798600.000
6777800.000
6758400.000
6758000.000
6769400.000
6783800.000
6770600.000
6728800.000
6795400.000
6796000.000
6791000.000
6792000.000
6764000.000
6779600.000
6836800.000
6763200.000
6806000.000
6800600.000
6824400.000
6779200.000
6747400.000
6733800.000
6834000.000
6797600.000
6746000.000
6790400.000
6790200.000
6691600.000
6771000.000
6799400.000
6729800.000
6779600.000
6791200.000
6743800.000
6752200.000
6747800.000
6761200.000
6706200.000
6693400.000
6705600.000
6727400.000
6740800.000
6732400.000
6712000.000
6749200.000
6728400.000
6778200.000
6739600.000
6699200.000
6754600.000
6739200.000
6744000.000
6737200.000
6750200.000
6778400.000
6764400.000
6832800.000
6829000.000
6738200.000
6797400.000
6826800.000
6765000.000
6735400.000
6678200.000
6722600.000
6710800.000
6714400.000
6692800.000
6696400.000
6679600.000
6718000.000
6679800.000
6634400.000
6674000.000
6671400.000
6687000.000
6712400.000
6711800.000
6744000.000
6705000.000
6722600.000
6676200.000
6753800.000
6697800.000
6723000.000
6731200.000
6699600.000
6692000.000
6687200.000
6754200.000
6740200.000
6743400.000
6691000.000
6734800.000
6772800.000
6745000.000
6768800.000
6776400.000
6779200.000
6729000.000
6732200.000
6714800.000
6813400.000
6785600.000
6807600.000
6761600.000
6734600.000
6772000.000
6784000.000
6749200.000
6750800.000
6746000.000
6710600.000
6697000.000
6702800.000
6708400.000
6682800.000
6680600.000
6732800.000
6757800.000
6754200.000
6765600.000
6785000.000
6749800.000
6802400.000
6776800.000
6773400.000
6743000.000
6779400.000
6764600.000
6772200.000
6734400.000
6762000.000
6669600.000
6755000.000
6786600.000
6733400.000
6780200.000
6751400.000
6694800.000
6686000.000
6812000.000
6785000.000
6764800.000
6723400.000
6719000.000
6708800.000
6710000.000
6707600.000
6717800.000
6657400.000
6685200.000
6704000.000
6682000.000
6683600.000
6710600.000
6739000.000
6717800.000
6711400.000
6687800.000
6701200.000
6721200.000
6653600.000
6658600.000
6668400.000
6652800.000
6676200.000
6660800.000
6605800.000
6634200.000
6653200.000
6648400.000
6702400.000
6702000.000
6713000.000
6684000.000
6693200.000
6616600.000
6647600.000
6639000.000
6651800.000
6552000.000
6641800.000
6616200.000
6689800.000
6670200.000
6660400.000
6721400.000
6723400.000
6694000.000
6691800.000
6715000.000
6743400.000
6687000.000
6646000.000
6646600.000
6741800.000
6718200.000
6740800.000
6776000.000
6692600.000
6762000.000
6719200.000
6707000.000
6771000.000
6759200.000
6753600.000
6731800.000
6779000.000
6764200.000
6728400.000
6723000.000
6727400.000
6731800.000
6819800.000
6769400.000
6773000.000
6771600.000
6761400.000
6713600.000
6777600.000
6719000.000
6685600.000
6776600.000
6785800.000
6719400.000
6659400.000
6694800.000
6658400.000
6671800.000
6719200.000
6707000.000
6715800.000
6708600.000
6681200.000
6736400.000
6732000.000
6689400.000
6671000.000
6645000.000
6667000.000
6678000.000
6614800.000
6665200.000
6735400.000
6695800.000
6681200.000
6728200.000
6649200.000
6714800.000
6731400.000
6714200.000
6732200.000
6740400.000
6711000.000
6723800.000
6778000.000
6794000.000
6735600.000
6698200.000
6708000.000
6719600.000
6703000.000
6721000.000
6662800.000
6666200.000
6711200.000
6664800.000
6672400.000
6657600.000
6617400.000
6645800.000
6658200.000
6675600.000
6645600.000
6674000.000
6625600.000
6700200.000
6720800.000
6693800.000
6744000.000
6762600.000
6723200.000
6673600.000
6742200.000
6725400.000
6682800.000
6726200.000
6695400.000
6674200.000
6693200.000
6699000.000
6780400.000
6714400.000
6778400.000
6780400.000
6729400.000
6746800.000
6768200.000
6772200.000
6777800.000
6838000.000
6802200.000
6755800.000
6820400.000
6819000.000
6814000.000
6732000.000
6747200.000
6726800.000
6753200.000
6815000.000
6721400.000
6722800.000
6760000.000
6740600.000
6749200.000
6729000.000
6750400.000
6755400.000
6796200.000
6791400.000
6777200.000
6753400.000
6704200.000
6785000.000
6725000.000
6723600.000
6730000.000
6735400.000
6747400.000
6670800.000
6749800.000
6685800.000
6717200.000
6706200.000
6693200.000
6710800.000
6733000.000
6734200.000
6789800.000
6810200.000
6743800.000
6735800.000
6704800.000
6729000.000
6729600.000
6699400.000
6720800.000
6703200.000
6694200.000
6686600.000
6698800.000
6707000.000
6675000.000
6721200.000
6684800.000
6712600.000
6727000.000
6705600.000
6698800.000
6717400.000
6664400.000
6698000.000
6671200.000
6719800.000
6680800.000
6684000.000
6678200.000
6715800.000
6679400.000
6712800.000
6655000.000
6689800.000
6713600.000
6683800.000
6703400.000
6753000.000
6703000.000
6705400.000
6610400.000
6645800.000
6627400.000
6648200.000
6661400.000
6649000.000
6731000.000
6650800.000
6737800.000
6713200.000
6695600.000
6660800.000
6715400.000
6694000.000
6704000.000
6673400.000
6695400.000
6757200.000
6761800.000
6790600.000
6746200.000
6711600.000
6748800.000
6676800.000
6726600.000
6728200.000
6722400.000
6725600.000
6836400.000
6749200.000
6695800.000
6687000.000
6705400.000
6755400.000
6757400.000
6759200.000
6801000.000
6824600.000
6746400.000
6747400.000
6750200.000
6761600.000
6780000.000
6746400.000
6743800.000
6770200.000
6733000.000
6759200.000
6712200.000
6718000.000
6703600.000
6730800.000
6775000.000
6747400.000
6771000.000
6746000.000
6772400.000
6737000.000
6762000.000
6742600.000
6700400.000
6748000.000
6767200.000
6763600.000
6716000.000
6726600.000
6761200.000
6730400.000
6688400.000
6699400.000
6730400.000
6736800.000
6749200.000
6693200.000
6719600.000
6738000.000
6747600.000
6730600.000
6766800.000
6776000.000
6756200.000
6745800.000
6728000.000
6696400.000
6704800.000
6718000.000
6692600.000
6673200.000
6667200.000
6626600.000
6654400.000
6618200.000
6671400.000
6612200.000
6611400.000
6614600.000
6663000.000
6693000.000
6727800.000
6710800.000
6677400.000
6710200.000
6768600.000
6741600.000
6713000.000
6638400.000
6719600.000
6687400.000
6678400.000
6661600.000
6671200.000
6776400.000
6788200.000
6790400.000
6771600.000
6663400.000
6737600.000
6756600.000
6739800.000
6775000.000
6742200.000
6796800.000
6771600.000
6792000.000
6819600.000
6809400.000
6761800.000
6790800.000
6745800.000
6771600.000
6792400.000
6776000.000
6710800.000
6668400.000
6632400.000
6699200.000
6640800.000
6679600.000
6720600.000
6713800.000
6679400.000
6793200.000
6728800.000
6778800.000
6704400.000
6734800.000
6683600.000
6740200.000
6681800.000
6689600.000
6680600.000
6703800.000
6684000.000
6688800.000
6678600.000
6695000.000
6702000.000
6718400.000
6724600.000
6689600.000
6733200.000
6717400.000
6736600.000
6724400.000
6771600.000
6753400.000
6712400.000
6699600.000
6743000.000
6709400.000
6695200.000
6658600.000
6638200.000
6695200.000
6716000.000
6630200.000
6635200.000
6657600.000
6620600.000
6679000.000
6684400.000
6648600.000
6636800.000
6684000.000
6675200.000
6696400.000
6706200.000
6664400.000
6703200.000
6687600.000
6644400.000
6665800.000
6699800.000
6643600.000
6695400.000
6663000.000
6665400.000
6746000.000
6675400.000
6719400.000
6684800.000
6668000.000
6653800.000
6594600.000
6671600.000
6725200.000
6712600.000
6692600.000
6649400.000
6705200.000
6705800.000
6738800.000
6697000.000
6686400.000
6707800.000
6719800.000
6755200.000
6719400.000
6710200.000
6742400.000
6723000.000
6720400.000
6738200.000
6700600.000
6684200.000
6733600.000
6681600.000
6741600.000
6706600.000
6752200.000
6752400.000
6768400.000
6724200.000
6669600.000
6739000.000
6705800.000
6696400.000
6711000.000
6690200.000
6736200.000
6707800.000
6765400.000
6714600.000
6718800.000
6746000.000
6711600.000
6704000.000
6691600.000
6730200.000
6701200.000
6699800.000
6681800.000
6721000.000
6737000.000
6708400.000
6691000.000
6698800.000
6692600.000
6688200.000
6678400.000
6676600.000
6642400.000
6619800.000
6629400.000
6615400.000
6603400.000
6669400.000
6628800.000
6614000.000
6645800.000
6606800.000
6631000.000
6637800.000
6640400.000
6682000.000
6685600.000
6669200.000
6684600.000
6752800.000
6652600.000
6715600.000
6713400.000
6719800.000
6632800.000
6643400.000
6613800.000
6652600.000
6615600.000
6620800.000
6620600.000
6599400.000
6590400.000
6605400.000
6613000.000
6572400.000
6568800.000
6553000.000
6629400.000
6598000.000
6628400.000
6590400.000
6634400.000
6605000.000
6543200.000
6631800.000
6589800.000
6634600.000
6630400.000
6640000.000
6596600.000
6605400.000
6639800.000
6640200.000
6618200.000
6654200.000
6699600.000
6658400.000
6717600.000
6644200.000
6674800.000
6709000.000
6691600.000
6706400.000
6643800.000
6721400.000
6779800.000
6711400.000
6730000.000
6689200.000
6703800.000
6695800.000
6690400.000
6653200.000
6694600.000
6678400.000
6596200.000
6616400.000
6606800.000
6610000.000
6609400.000
6605400.000
6613600.000
6630800.000
6689800.000
6679200.000
6668000.000
6622800.000
6665200.000
6633000.000
6625000.000
6616400.000
6665400.000
6596400.000
6635600.000
6624400.000
6619200.000
6624400.000
6564200.000
6599600.000
6645400.000
6671200.000
6648800.000
6663800.000
6695800.000
6662000.000
6651000.000
6633000.000
6615800.000
6623000.000
6642000.000
6604200.000
6597600.000
6621000.000
6635600.000
6604200.000
6627000.000
6579200.000
6632400.000
6566800.000
6547600.000
6594800.000
6544800.000
6466400.000
6540800.000
6568200.000
6497000.000
6568600.000
6590800.000
6564800.000
6625400.000
6595800.000
6665200.000
6723600.000
6715000.000
6729600.000
6702800.000
6740400.000
6703600.000
6772000.000
6722600.000
6697200.000
6702800.000
6701400.000
6647200.000
6680400.000
6717000.000
6641200.000
6685600.000
6691200.000
6722000.000
6731800.000
6743200.000
6717000.000
6696400.000
6767400.000
6710600.000
6713000.000
6728600.000
6764200.000
6784400.000
6806800.000
6745600.000
6777800.000
6736000.000
6740800.000
6737400.000
6786400.000
6705800.000
6748200.000
6808800.000
6697600.000
6761400.000
6750200.000
6746400.000
6709600.000
6774800.000
6754200.000
6773800.000
6710800.000
6745000.000
6812200.000
6778200.000
6771200.000
6756200.000
6729600.000
6740600.000
6725400.000
6763400.000
6726200.000
6785400.000
6758800.000
6719800.000
6726000.000
6731800.000
6715200.000
6744000.000
6765000.000
6756600.000
6751800.000
6732400.000
6688200.000
6677200.000
6709400.000
6691800.000
6682400.000
6655000.000
6679000.000
6724400.000
6691400.000
6687000.000
6695600.000
6635400.000
6713600.000
6689000.000
6708000.000
6722600.000
6735600.000
6685000.000
6740800.000
6695600.000
6731200.000
6690800.000
6653000.000
6707400.000
6695800.000
6663800.000
6660400.000
6635200.000
6693000.000
6570400.000
6654400.000
6582400.000
6607800.000
6596200.000
6655400.000
6607400.000
6585200.000
6643800.000
6606400.000
6591800.000
6637600.000
6677600.000
6654600.000
6648800.000
6583800.000
6630000.000
6597400.000
6643000.000
6572000.000
6618200.000
6631600.000
6656400.000
6668000.000
6670800.000
6693400.000
6748200.000
6704000.000
6622600.000
6656200.000
6624000.000
6671400.000
6686000.000
6664400.000
6713000.000
6789400.000
6760000.000
6702000.000
6713400.000
6700000.000
6686200.000
6629800.000
6702400.000
6682800.000
6669400.000
6658200.000
6642400.000
6583400.000
6633000.000
6597400.000
6577400.000
6599800.000
6654600.000
6614000.000
6651800.000
6634200.000
6679000.000
6621000.000
6578800.000
6621400.000
6682800.000
6642800.000
6609000.000
6638600.000
6583200.000
6618000.000
6650800.000
6609800.000
6620600.000
6673200.000
6637800.000
6645800.000
6624400.000
6613200.000
6624000.000
6647200.000
6589200.000
6695400.000
6650400.000
6662800.000
6672000.000
6638800.000
6653400.000
6636800.000
6602800.000
6599800.000
6578400.000
6579200.000
6587200.000
6614200.000
6532800.000
6582200.000
6577600.000
6576200.000
6492200.000
6523400.000
6503600.000
6512400.000
6510400.000
6547400.000
6553200.000
6584000.000
6542800.000
6710400.000
6677400.000
6734400.000
6688600.000
6735200.000
6696200.000
6717000.000
6720400.000
6692000.000
6695200.000
6701000.000
6664600.000
6619800.000
6693000.000
6669600.000
6681600.000
6692000.000
6719800.000
6762600.000
6688000.000
6657200.000
6683600.000
6646200.000
6730800.000
6728800.000
6703600.000
6718800.000
6734800.000
6748800.000
6712800.000
6682000.000
6663600.000
6717400.000
6710400.000
6727000.000
6691400.000
6693400.000
6722800.000
6750800.000
6702400.000
6683800.000
6718000.000
6723800.000
6667200.000
6648200.000
6721800.000
6764400.000
6776800.000
6676600.000
6767400.000
6750000.000
6749200.000
6778800.000
6730800.000
6723400.000
6682200.000
6712200.000
6644200.000
6728400.000
6708600.000
6698800.000
6698000.000
6756000.000
6709600.000
6771000.000
6742600.000
6693600.000
6725000.000
6662200.000
6702600.000
6712400.000
6669600.000
6669600.000
6664800.000
6665600.000
6678400.000
6601000.000
6736800.000
6669200.000
6627400.000
6674200.000
6688000.000
6648400.000
6658400.000
6683600.000
6686400.000
6726000.000
6654200.000
6679400.000
6674800.000
6675800.000
6723400.000
6718600.000
6669800.000
6667800.000
6692600.000
6687200.000
6671000.000
6608000.000
6742000.000
6633600.000
6615600.000
6612800.000
6648000.000
6579400.000
6656000.000
6632800.000
6685400.000
6675000.000
6688400.000
6654800.000
6670200.000
6652000.000
6689800.000
6665600.000
6696000.000
6658000.000
6651400.000
6643400.000
6610000.000
6671200.000
6722000.000
6695200.000
6733600.000
6694400.000
6737200.000
6705000.000
6735200.000
6703400.000
6717200.000
6755600.000
6690200.000
6782200.000
6760600.000
6777200.000
6757000.000
6755400.000
6691000.000
6779400.000
6756600.000
6728400.000
6757200.000
6758000.000
6740000.000
6699800.000
6693800.000
6667800.000
6639400.000
6677800.000
6637200.000
6671600.000
6670600.000
6715200.000
6664800.000
6697400.000
6717000.000
6659800.000
6645800.000
6719000.000
6706200.000
6703200.000
6681000.000
6684800.000
6663400.000
6627200.000
6733200.000
6679000.000
6629000.000
6689000.000
6639200.000
6735400.000
6717400.000
6684200.000
6755800.000
6754800.000
6691000.000
6692800.000
6685200.000
6701000.000
6679200.000
6698400.000
6626800.000
6680600.000
6663000.000
6638400.000
6619600.000
6666000.000
6621200.000
6627000.000
6659400.000
6597600.000
6584000.000
6607600.000
6535400.000
6565800.000
6569200.000
6602800.000
6600000.000
6671200.000
6665200.000
6660200.000
6775000.000
6697800.000
6672200.000
6714800.000
6699400.000
6773600.000
6738200.000
6764600.000
6734200.000
6675200.000
6673800.000
6683800.000
6676000.000
6661000.000
6730400.000
6704400.000
6730400.000
6659400.000
6683000.000
6688400.000
6695000.000
6733800.000
6717800.000
6736800.000
6735800.000
6706800.000
6744800.000
6750000.000
6767600.000
6671400.000
6612400.000
6713000.000
6769000.000
6729800.000
6723800.000
6687600.000
6715600.000
6716800.000
6706200.000
6705200.000
6700600.000
6731600.000
6742400.000
6746600.000
6705000.000
6728600.000
6820600.000
6808800.000
6760200.000
6816200.000
6804800.000
6759600.000
6766400.000
6669800.000
6711600.000
6751600.000
6756200.000
6761600.000
6741000.000
6791400.000
6715000.000
6683800.000
6740400.000
6726000.000
6697200.000
6681000.000
6715800.000
6710200.000
6643800.000
6674400.000
6685400.000
6664800.000
6688000.000
6718200.000
6712200.000
6669000.000
6643000.000
6682200.000
6675800.000
6625400.000
6704200.000
6705800.000
6700600.000
6714200.000
6688600.000
6705000.000
6696800.000
6718400.000
6642800.000
6689600.000
6702800.000
6688600.000
6686200.000
6733400.000
6723200.000
6657600.000
6664600.000
6671800.000
6616800.000
6671200.000
6600800.000
6650800.000
6691200.000
6642400.000
6641000.000
6646000.000
6654600.000
6716400.000
6711000.000
6744000.000
6732000.000
6655200.000
6664600.000
6666800.000
6653000.000
6644600.000
6626800.000
6654000.000
6648400.000
6642600.000
6676600.000
6672600.000
6687000.000
6665000.000
6708600.000
6672400.000
6688000.000
6758400.000
6655400.000
6730800.000
6688600.000
6747400.000
6731600.000
6731800.000
6791800.000
6769400.000
6747600.000
6723000.000
6722000.000
6772200.000
6721200.000
6771800.000
6650600.000
6722800.000
6715600.000
6648400.000
6727000.000
6639000.000
6615000.000
6674000.000
6631200.000
6679000.000
6663000.000
6674800.000
6681800.000
6675800.000
6667200.000
6663600.000
6694000.000
6678000.000
6625600.000
6671000.000
6694800.000
6734400.000
6713200.000
6707400.000
6690000.000
6693000.000
6673000.000
6680800.000
6667400.000
6754600.000
6706000.000
6708400.000
6698200.000
6638000.000
6722000.000
6738200.000
6711000.000
6700600.000
6712000.000
6686400.000
6704800.000
6693200.000
6715400.000
6644000.000
6680200.000
6665400.000
6659400.000
6615200.000
6547600.000
6599400.000
6536800.000
6547400.000
6503200.000
6612000.000
6556200.000
6598800.000
6664600.000
6694200.000
6692800.000
6738800.000
6755000.000
6784600.000
6704000.000
6762000.000
6766800.000
6783400.000
6713000.000
6737800.000
6705000.000
6712400.000
6661000.000
6666400.000
6681600.000
6679000.000
6711800.000
6667000.000
6685000.000
6682800.000
6695600.000
6682400.000
6741800.000
6653800.000
6724200.000
6718000.000
6677600.000
6712800.000
6701400.000
6634200.000
6670200.000
6678600.000
6655000.000
6651400.000
6762000.000
6700600.000
6679200.000
6714400.000
6698000.000
6653200.000
6700400.000
6639400.000
6655000.000
6665200.000
6671000.000
6775200.000
6756000.000
6761600.000
6788400.000
6740000.000
6848800.000
6708400.000
6678400.000
6716400.000
6744000.000
6667600.000
6698400.000
6690400.000
6748000.000
6675400.000
6698800.000
6719200.000
6682200.000
6701200.000
6710800.000
6704800.000
6717000.000
6728200.000
6679800.000
6644200.000
6656800.000
6684000.000
6613800.000
6692400.000
6588800.000
6696600.000
6696200.000
6699200.000
6649200.000
6707600.000
6666600.000
6693800.000
6708200.000
6690800.000
6741800.000
6707400.000
6688400.000
6730200.000
6662600.000
6703200.000
6637600.000
6664000.000
6696400.000
6700200.000
6690200.000
6659800.000
6727600.000
6631400.000
6673800.000
6658600.000
6629400.000
6696800.000
6659000.000
6654600.000
6690200.000
6657200.000
6685600.000
6761200.000
6633400.000
6664200.000
6740800.000
6727600.000
6719800.000
6761600.000
6719000.000
6645400.000
6701400.000
6729400.000
6670400.000
6675600.000
6657200.000
6688400.000
6733600.000
6719400.000
6717400.000
6757200.000
6721400.000
6728000.000
6731400.000
6704200.000
6706600.000
6697200.000
6747400.000
6778200.000
6779800.000
6789200.000
6799000.000
6754600.000
6772000.000
6781200.000
6767000.000
6721400.000
6743200.000
6732400.000
6682800.000
6679000.000
6708400.000
6739200.000
6624800.000
6629600.000
6535200.000
6652600.000
6670800.000
6645000.000
6634600.000
6670400.000
6643400.000
6658800.000
6642000.000
6652600.000
6658800.000
6708400.000
6649400.000
6724200.000
6750200.000
6715400.000
6671200.000
6721200.000
6661200.000
6666000.000
6626400.000
6639600.000
6730200.000
6718800.000
6712200.000
6715600.000
6719800.000
6725600.000
6779000.000
6697400.000
6723000.000
6738800.000
6667400.000
6712800.000
6681600.000
6676400.000
6634600.000
6692200.000
6610200.000
6638800.000
6649600.000
6617000.000
6511200.000
6548400.000
6550800.000
6545600.000
6574000.000
6594200.000
6602600.000
6673600.000
6643400.000
6709600.000
6732400.000
6734200.000
6696000.000
6756400.000
6721800.000
6690600.000
6736600.000
6716400.000
6658400.000
6678000.000
6685000.000
6647200.000
6686400.000
6710600.000
6700800.000
6661800.000
6701800.000
6665600.000
6658200.000
6660400.000
6684000.000
6693200.000
6705800.000
6689000.000
6735000.000
6699800.000
6674800.000
6682400.000
6682200.000
6622400.000
6668200.000
6684000.000
6718000.000
6753200.000
6715200.000
6702200.000
6646000.000
6677200.000
6698800.000
6670400.000
6720800.000
6700200.000
6724000.000
6714800.000
6712600.000
6738000.000
6801400.000
6757000.000
6805600.000
6684400.000
6706200.000
6717800.000
6713600.000
6724200.000
6676400.000
6701800.000
6691000.000
6685800.000
6741400.000
6701000.000
6681400.000
6663600.000
6646600.000
6645800.000
6731800.000
6707000.000
6628600.000
6711000.000
6655600.000
6653600.000
6651000.000
6601200.000
6693000.000
6660600.000
6651800.000
6671600.000
6676200.000
6655400.000
6653600.000
6658800.000
6626400.000
6632600.000
6634000.000
6687000.000
6652000.000
6606000.000
6686600.000
6644000.000
6723800.000
6674800.000
6658400.000
6617800.000
6599600.000
6657400.000
6608600.000
6624400.000
6661400.000
6594800.000
6638600.000
6595000.000
6695800.000
6623800.000
6631400.000
6610000.000
6611800.000
6666400.000
6670800.000
6684600.000
6673200.000
6720200.000
6686400.000
6690800.000
6649600.000
6659600.000
6613200.000
6615400.000
6649800.000
6632200.000
6651800.000
6672200.000
6706000.000
6694600.000
6703000.000
6678200.000
6657400.000
6691600.000
6646800.000
6684000.000
6665000.000
6658600.000
6684600.000
6677000.000
6740200.000
6732800.000
6744600.000
6797600.000
6769600.000
6773000.000
6708400.000
6746000.000
6719600.000
6705200.000
6722000.000
6716200.000
6641000.000
6691400.000
6651200.000
6585400.000
6631600.000
6604800.000
6623000.000
6615200.000
6601000.000
6656600.000
6572200.000
6630800.000
6676800.000
6635000.000
6593000.000
6671400.000
6656200.000
6726000.000
6587600.000
6656800.000
6698200.000
6696000.000
6666000.000
6648000.000
6654600.000
6678400.000
6682200.000
6710800.000
6690000.000
6723800.000
6673800.000
6653000.000
6706800.000
6707400.000
6716400.000
6712400.000
6692200.000
6716400.000
6657200.000
6645800.000
6659200.000
6677600.000
6646400.000
6654600.000
6657800.000
6562200.000
6573800.000
6477600.000
6505000.000
6514800.000
6520600.000
6540600.000
6573800.000
6605800.000
6614000.000
6645200.000
6695600.000
6677400.000
6676000.000
6750600.000
6761200.000
6743200.000
6715400.000
6778800.000
6732000.000
6706800.000
6703600.000
6647200.000
6648600.000
6681000.000
6678600.000
6687800.000
6670800.000
6726800.000
6738000.000
6657000.000
6674000.000
6665000.000
6668600.000
6651000.000
6732000.000
6681800.000
6649600.000
6663600.000
6652600.000
6673600.000
6666200.000
6593400.000
6732800.000
6701600.000
6665600.000
6598800.000
6667000.000
6707200.000
6673800.000
6673000.000
6653000.000
6709800.000
6672000.000
6716400.000
6681400.000
6701400.000
6693800.000
6746400.000
6729000.000
6720400.000
6676400.000
6700400.000
6654800.000
6686000.000
6676800.000
6671600.000
6730600.000
6643800.000
6680400.000
6689400.000
6719800.000
6640800.000
6653200.000
6728000.000
6646800.000
6700800.000
6682000.000
6680400.000
6660000.000
6697000.000
6668600.000
6691800.000
6604400.000
6633000.000
6614600.000
6635000.000
6650000.000
6649800.000
6663000.000
6654800.000
6664000.000
6641600.000
6706200.000
6694800.000
6631800.000
6698200.000
6665000.000
6620000.000
6642000.000
6643000.000
6607000.000
6625800.000
6672400.000
6613000.000
6622800.000
6587200.000
6595800.000
6583600.000
6606000.000
6586000.000
6667800.000
6605000.000
6626400.000
6606600.000
6643400.000
6633800.000
6684200.000
6666000.000
6669200.000
6621800.000
6721400.000
6656600.000
6593600.000
6681800.000
6614400.000
6672200.000
6655000.000
6650800.000
6583400.000
6657000.000
6698800.000
6624800.000
6660200.000
6681600.000
6615400.000
6683600.000
6674400.000
6679600.000
6691400.000
6632200.000
6654000.000
6635600.000
6629000.000
6625800.000
6695000.000
6713600.000
6762000.000
6717600.000
6696600.000
6735600.000
6653600.000
6717000.000
6697800.000
6668600.000
6660400.000
6698600.000
6675800.000
6649000.000
6655000.000
6579000.000
6615400.000
6613800.000
6613000.000
6600600.000
6623200.000
6572800.000
6620200.000
6609800.000
6634000.000
6650000.000
6643400.000
6645800.000
6726200.000
6713200.000
6784800.000
6737600.000
6721400.000
6678200.000
6752200.000
6689000.000
6660400.000
6720600.000
6709200.000
6671400.000
6771800.000
6735400.000
6739000.000
6753000.000
6728000.000
6714200.000
6659400.000
6738800.000
6660600.000
6681200.000
6683400.000
6592400.000
6700000.000
6675800.000
6628800.000
6585600.000
6562000.000
6497400.000
6506800.000
6479400.000
6502400.000
6458000.000
6512600.000
6554400.000
6500000.000
6586600.000
6594600.000
6586600.000
6688000.000
6716400.000
6767200.000
6734400.000
6743800.000
6747800.000
6750200.000
6717400.000
6670400.000
6733600.000
6710000.000
6657400.000
6702000.000
6721600.000
6718000.000
6699200.000
6665200.000
6683800.000
6648800.000
6645200.000
6669800.000
6658200.000
6669000.000
6642400.000
6642400.000
6657200.000
6625800.000
6670800.000
6619200.000
6668000.000
6712800.000
6668000.000
6683400.000
6617600.000
6662800.000
6626200.000
6700200.000
6654400.000
6648200.000
6651400.000
6671200.000
6652200.000
6662400.000
6643000.000
6668200.000
6689000.000
6699200.000
6653200.000
6688400.000
6727000.000
6720400.000
6669600.000
6680200.000
6660200.000
6720600.000
6637200.000
6644400.000
6674600.000
6649200.000
6717200.000
6692800.000
6685600.000
6613800.000
6697400.000
6707600.000
6610600.000
6723400.000
6715400.000
6645800.000
6654400.000
6647400.000
6657200.000
6640800.000
6694800.000
6681800.000
6604400.000
6647400.000
6619600.000
6665800.000
6627800.000
6626800.000
6647000.000
6686600.000
6664200.000
6693800.000
6631800.000
6599200.000
6654000.000
6677400.000
6641000.000
6639600.000
6677800.000
6646000.000
6623400.000
6621200.000
6655800.000
6638600.000
6641000.000
6666200.000
6605200.000
6626000.000
6660600.000
6627400.000
6607200.000
6678800.000
6670800.000
6639200.000
6687400.000
6708200.000
6667800.000
6671400.000
6695400.000
6630000.000
6646600.000
6634600.000
6629400.000
6641400.000
6653200.000
6619600.000
6630800.000
6659200.000
6694200.000
6641000.000
6685200.000
6678800.000
6669200.000
6637000.000
6610200.000
6612600.000
6525600.000
6650800.000
6696200.000
6677000.000
6686400.000
6691400.000
6722600.000
6695400.000
6728400.000
6673800.000
6685800.000
6729400.000
6710800.000
6673200.000
6681800.000
6717400.000
6635600.000
6627400.000
6581000.000
6608800.000
6593200.000
6588600.000
6587800.000
6589000.000
6580800.000
6622600.000
6640600.000
6629400.000
6662600.000
6725800.000
6613000.000
6713000.000
6708200.000
6756800.000
6736200.000
6765000.000
6731200.000
6698600.000
6628400.000
6673600.000
6679800.000
6695800.000
6622400.000
6695800.000
6716200.000
6735200.000
6733000.000
6768200.000
6695800.000
6723400.000
6745600.000
6701800.000
6716200.000
6670400.000
6711000.000
6688200.000
6691000.000
6605400.000
6586400.000
6581200.000
6517800.000
6494800.000
6500000.000
6447800.000
6431400.000
6470000.000
6517000.000
6485600.000
6457800.000
6547400.000
6584400.000
6561400.000
6667000.000
6768400.000
6753800.000
6719800.000
6759800.000
6769200.000
6721000.000
6684800.000
6713800.000
6618800.000
6683400.000
6677400.000
6687600.000
6755000.000
6710200.000
6678800.000
6683200.000
6644600.000
6671200.000
6656800.000
6609200.000
6701000.000
6630400.000
6658800.000
6581600.000
6672200.000
6647400.000
6652400.000
6652200.000
6664000.000
6625200.000
6668600.000
6647200.000
6691200.000
6667400.000
6663400.000
6661600.000
6658600.000
6688400.000
6651400.000
6687400.000
6750400.000
6694200.000
6668800.000
6701400.000
6713200.000
6680600.000
6655000.000
6664800.000
6701000.000
6714600.000
6641000.000
6642200.000
6668600.000
6684600.000
6633400.000
6631800.000
6658600.000
6629000.000
6631400.000
6707600.000
6664400.000
6685800.000
6728800.000
6654000.000
6592400.000
6650200.000
6603400.000
6657600.000
6649000.000
6601000.000
6593600.000
6634200.000
6593200.000
6582400.000
6633600.000
6613600.000
6634000.000
6620200.000
6631600.000
6591600.000
6609000.000
6626800.000
6594400.000
6630000.000
6638800.000
6647000.000
6639600.000
6586200.000
6579400.000
6599000.000
6554600.000
6648000.000
6568600.000
6550200.000
6598800.000
6585000.000
6579800.000
6605800.000
6656600.000
6666200.000
6625800.000
6587000.000
6649400.000
6581600.000
6631000.000
6632200.000
6647800.000
6631200.000
6704600.000
6650400.000
6601200.000
6638200.000
6622800.000
6621800.000
6606200.000
6659400.000
6625800.000
6635200.000
6630800.000
6595200.000
6644800.000
6644000.000
6681400.000
6661600.000
6595400.000
6642000.000
6603800.000
6559000.000
6542600.000
6600200.000
6649800.000
6678400.000
6687400.000
6722000.000
6690800.000
6664000.000
6660200.000
6612200.000
6660200.000
6681200.000
6645000.000
6689400.000
6669800.000
6681800.000
6652600.000
6596000.000
6677200.000
6573600.000
6525600.000
6564600.000
6553200.000
6514800.000
6503600.000
6605200.000
6605400.000
6591000.000
6634200.000
6623000.000
6623600.000
6718200.000
6751200.000
6801000.000
6817000.000
6740600.000
6709600.000
6716200.000
6668800.000
6649800.000
6669600.000
6647800.000
6714800.000
6711000.000
6699000.000
6654600.000
6710400.000
6745200.000
6698400.000
6770000.000
6706600.000
6700800.000
6653000.000
6719000.000
6680000.000
6623000.000
6600600.000
6650400.000
6601000.000
6524800.000
6513200.000
6483200.000
6422600.000
6437800.000
6432000.000
6421400.000
6467000.000
6470200.000
6443600.000
6462000.000
6560200.000
6528400.000
6797000.000
6747000.000
6799800.000
6765800.000
6753000.000
6754400.000
6777000.000
6750400.000
6709000.000
6692800.000
6730400.000
6745600.000
6751000.000
6732800.000
6742200.000
6735800.000
6707400.000
6733600.000
6666600.000
6688400.000
6661000.000
6736200.000
6689000.000
6676200.000
6687400.000
6686600.000
6731000.000
6693400.000
6730800.000
6708600.000
6692600.000
6697800.000
6729400.000
6690800.000
6739400.000
6703600.000
6720600.000
6716800.000
6725600.000
6689600.000
6681000.000
6737400.000
6760400.000
6723800.000
6763800.000
6724400.000
6720800.000
6730000.000
6710400.000
6738600.000
6677000.000
6677400.000
6688000.000
6742200.000
6687200.000
6686200.000
6708000.000
6709600.000
6691800.000
6678800.000
6697000.000
6756000.000
6724200.000
6625400.000
6729800.000
6706800.000
6637000.000
6653800.000
6645400.000
6593000.000
6685000.000
6663400.000
6622000.000
6616000.000
6616600.000
6598400.000
6596600.000
6607200.000
6608000.000
6636400.000
6648800.000
6595400.000
6667600.000
6690000.000
6625200.000
6604000.000
6645800.000
6681200.000
6593200.000
6635600.000
6651600.000
6547400.000
6548000.000
6548600.000
6523200.000
6642600.000
6585800.000
6616800.000
6600600.000
6645200.000
6551200.000
6567800.000
6601400.000
6594200.000
6591200.000
6591200.000
6604800.000
6642200.000
6636400.000
6643200.000
6644400.000
6624000.000
6658200.000
6628200.000
6652400.000
6642800.000
6690800.000
6684200.000
6638000.000
6635200.000
6639600.000
6639400.000
6654200.000
6623000.000
6638400.000
6661800.000
6593600.000
6562000.000
6576200.000
6625200.000
6658600.000
6679200.000
6623000.000
6694800.000
6667800.000
6660400.000
6678200.000
6618400.000
6644200.000
6634400.000
6611800.000
6659600.000
6650000.000
6691400.000
6652600.000
6595600.000
6595000.000
6603200.000
6531200.000
6596400.000
6582400.000
6508800.000
6503600.000
6532200.000
6557800.000
6567400.000
6569800.000
6607200.000
6628600.000
6654800.000
6672600.000
6745000.000
6837000.000
6758000.000
6722000.000
6736800.000
6655400.000
6600400.000
6651200.000
6633400.000
6686800.000
6767000.000
6693200.000
6667600.000
6749400.000
6722400.000
6722200.000
6701200.000
6734000.000
6705600.000
6641200.000
6654000.000
6650200.000
6627800.000
6637200.000
6638000.000
6568800.000
6615400.000
6527200.000
6493800.000
6471200.000
6437400.000
6448800.000
6447400.000
6407600.000
6411600.000
6427200.000
6436400.000
6456200.000
6489600.000
6567400.000
6779600.000
6734200.000
6738000.000
6773000.000
6719800.000
6756200.000
6762400.000
6702600.000
6748400.000
6721200.000
6686200.000
6692800.000
6764000.000
6708600.000
6682200.000
6731600.000
6727200.000
6702600.000
6693400.000
6649200.000
6649000.000
6648200.000
6637400.000
6659600.000
6679600.000
6618200.000
6678200.000
6718600.000
6660600.000
6715600.000
6679000.000
6700400.000
6657400.000
6679200.000
6718600.000
6689200.000
6669800.000
6687200.000
6691800.000
6669400.000
6727000.000
6738400.000
6709800.000
6729200.000
6695800.000
6720000.000
6712600.000
6714600.000
6697800.000
6723000.000
6713600.000
6668600.000
6662800.000
6695800.000
6718000.000
6761600.000
6712200.000
6671200.000
6699400.000
6683800.000
6679000.000
6727600.000
6720800.000
6671200.000
6666600.000
6632000.000
6664000.000
6623600.000
6588600.000
6631000.000
6587800.000
6576800.000
6589400.000
6595000.000
6538000.000
6574800.000
6589200.000
6532400.000
6573000.000
6589000.000
6606600.000
6572000.000
6623800.000
6585000.000
6594800.000
6577600.000
6589400.000
6590400.000
6529000.000
6520000.000
6597600.000
6588800.000
6560600.000
6580000.000
6665600.000
6628200.000
6575800.000
6615600.000
6614200.000
6594800.000
6591200.000
6626600.000
6610000.000
6593400.000
6563200.000
6642000.000
6570000.000
6591800.000
6660400.000
6641600.000
6601000.000
6581400.000
6638400.000
6606000.000
6635600.000
6651600.000
6548000.000
6625000.000
6680200.000
6619200.000
6617600.000
6583600.000
6635200.000
6611600.000
6570000.000
6524200.000
6566200.000
6543200.000
6519000.000
6542000.000
6576400.000
6631400.000
6636200.000
6611600.000
6590000.000
6614600.000
6567600.000
6566600.000
6620000.000
6624600.000
6620600.000
6632000.000
6612400.000
6654800.000
6564200.000
6570400.000
6589800.000
6533800.000
6529200.000
6579600.000
6570800.000
6527000.000
6430400.000
6449400.000
6450200.000
6543600.000
6596400.000
6555800.000
6533600.000
6612600.000
6631200.000
6652400.000
6788200.000
6766000.000
6764800.000
6633600.000
6693600.000
6629000.000
6610000.000
6604000.000
6624000.000
6712400.000
6703200.000
6702200.000
6703200.000
6706800.000
6687400.000
6721600.000
6651600.000
6672200.000
6699200.000
6700800.000
6671600.000
6665200.000
6655800.000
6687400.000
6602800.000
6548800.000
6609800.000
6531200.000
6481200.000
6497200.000
6431800.000
6453200.000
6398600.000
6444000.000
6405400.000
6412600.000
6402800.000
6447600.000
6458400.000
6722000.000
6689800.000
6694600.000
6654800.000
6718800.000
6715600.000
6739600.000
6763400.000
6734000.000
6722000.000
6713000.000
6716000.000
6743200.000
6704800.000
6750400.000
6712800.000
6675800.000
6667400.000
6666000.000
6647000.000
6660000.000
6681000.000
6699800.000
6712600.000
6689800.000
6702800.000
6659600.000
6666600.000
6655400.000
6683800.000
6672200.000
6700200.000
6658200.000
6733400.000
6700000.000
6709000.000
6675600.000
6699800.000
6728800.000
6741200.000
6668200.000
6699200.000
6701800.000
6691000.000
6704600.000
6738400.000
6727400.000
6698400.000
6718800.000
6704600.000
6711000.000
6752400.000
6722400.000
6695400.000
6658400.000
6705400.000
6711800.000
6704400.000
6706600.000
6690600.000
6721400.000
6693000.000
6675800.000
6643400.000
6654200.000
6625800.000
6629200.000
6609200.000
6629800.000
6669600.000
6609400.000
6565200.000
6610600.000
6551000.000
6548800.000
6567400.000
6518600.000
6555000.000
6534200.000
6559400.000
6554200.000
6648000.000
6590000.000
6626800.000
6634800.000
6659400.000
6652000.000
6613400.000
6563600.000
6567200.000
6609200.000
6605800.000
6577600.000
6575800.000
6663200.000
6606000.000
6587800.000
6582800.000
6604600.000
6624800.000
6559600.000
6592000.000
6603800.000
6592400.000
6615400.000
6598800.000
6586400.000
6644200.000
6653200.000
6636200.000
6589600.000
6661600.000
6671000.000
6582200.000
6648400.000
6631600.000
6640000.000
6606800.000
6631400.000
6626400.000
6596800.000
6654000.000
6604600.000
6595600.000
6586000.000
6570000.000
6565800.000
6573200.000
6608200.000
6520400.000
6602200.000
6574600.000
6596800.000
6636200.000
6562200.000
6568000.000
6554000.000
6619800.000
6598400.000
6642800.000
6607400.000
6658200.000
6652600.000
6685200.000
6581600.000
6614000.000
6603800.000
6630800.000
6586000.000
6537200.000
6488000.000
6499800.000
6401600.000
6460800.000
6501800.000
6524000.000
6548200.000
6587600.000
6588600.000
6685200.000
6694000.000
6779800.000
6789200.000
6744600.000
6680400.000
6661200.000
6637400.000
6656400.000
6627800.000
6654800.000
6652200.000
6708200.000
6687200.000
6700800.000
6713000.000
6660200.000
6641600.000
6668400.000
6712000.000
6647000.000
6667800.000
6628200.000
6683600.000
6700400.000
6695400.000
6631800.000
6574400.000
6544400.000
6587800.000
6523000.000
6545200.000
6468000.000
6483600.000
6432600.000
6400400.000
6371400.000
6368000.000
6387800.000
6453400.000
6488400.000
6486600.000
6705400.000
6665600.000
6713600.000
6677000.000
6716400.000
6767600.000
6740400.000
6695800.000
6736200.000
6741000.000
6762200.000
6699000.000
6750000.000
6728400.000
6721400.000
6689600.000
6638200.000
6672400.000
6675200.000
6698600.000
6704400.000
6667400.000
6674400.000
6666800.000
6668400.000
6698600.000
6702800.000
6722600.000
6656800.000
6691200.000
6694000.000
6684600.000
6760400.000
6647600.000
6646600.000
6660800.000
6704600.000
6701400.000
6669800.000
6707200.000
6681800.000
6704400.000
6705200.000
6737800.000
6689400.000
6729800.000
6677000.000
6716400.000
6669000.000
6705400.000
6678800.000
6697000.000
6714400.000
6704600.000
6661000.000
6707600.000
6700200.000
6714200.000
6708000.000
6758000.000
6716600.000
6737400.000
6674000.000
6713000.000
6652800.000
6663600.000
6667600.000
6604200.000
6615400.000
6619200.000
6618000.000
6627000.000
6623000.000
6588800.000
6633200.000
6506200.000
6538600.000
6587200.000
6578000.000
6628800.000
6598600.000
6598000.000
6601000.000
6628200.000
6627600.000
6581000.000
6618200.000
6633400.000
6630600.000
6621800.000
6669400.000
6611600.000
6671400.000
6635000.000
6575800.000
6620400.000
6574800.000
6564400.000
6568600.000
6568600.000
6592400.000
6616000.000
6607600.000
6563800.000
6633000.000
6583200.000
6611600.000
6613400.000
6615600.000
6617200.000
6604200.000
6604800.000
6631600.000
6592200.000
6643800.000
6650000.000
6641200.000
6636000.000
6623200.000
6618000.000
6661400.000
6608400.000
6593600.000
6571000.000
6600400.000
6573800.000
6591400.000
6618800.000
6570800.000
6525400.000
6609000.000
6628800.000
6570400.000
6540200.000
6507000.000
6541600.000
6573600.000
6608000.000
6605200.000
6558600.000
6643200.000
6654600.000
6634400.000
6597200.000
6641800.000
6681200.000
6584800.000
6599000.000
6551800.000
6489600.000
6522600.000
6418000.000
6353000.000
6480800.000
6470200.000
6498000.000
6499800.000
6595000.000
6603200.000
6624400.000
6718200.000
6798800.000
6748600.000
6758800.000
6780800.000
6706200.000
6668600.000
6668200.000
6700400.000
6659800.000
6659600.000
6693600.000
6680000.000
6688200.000
6653400.000
6678400.000
6681800.000
6659400.000
6717600.000
6650200.000
6636800.000
6630600.000
6634800.000
6638600.000
6659400.000
6637600.000
6598200.000
6593400.000
6529200.000
6556200.000
6571800.000
6504800.000
6487000.000
6460200.000
6445400.000
6369600.000
6416000.000
6400000.000
6373800.000
6447200.000
6422000.000
6656000.000
6644600.000
6641000.000
6677400.000
6674600.000
6691000.000
6746000.000
6717600.000
6753000.000
6748400.000
6697200.000
6735400.000
6698400.000
6679600.000
6720400.000
6691200.000
6710000.000
6682400.000
6716800.000
6710600.000
6665800.000
6661200.000
6682400.000
6664400.000
6674200.000
6672600.000
6649400.000
6624800.000
6620200.000
6733800.000
6689200.000
6651600.000
6682200.000
6644000.000
6653000.000
6668200.000
6640000.000
6652400.000
6635800.000
6641000.000
6691400.000
6651400.000
6688400.000
6650200.000
6646400.000
6676800.000
6653600.000
6637600.000
6685000.000
6665600.000
6612800.000
6713600.000
6684400.000
6656200.000
6701800.000
6666400.000
6661400.000
6597000.000
6623400.000
6625600.000
6633800.000
6617800.000
6587200.000
6540000.000
6521600.000
6601000.000
6579000.000
6517400.000
6569800.000
6536400.000
6554400.000
6554200.000
6511400.000
6503000.000
6480200.000
6540000.000
6548400.000
6523400.000
6495400.000
6460200.000
6517800.000
6577200.000
6574600.000
6592800.000
6601200.000
6594800.000
6585800.000
6647600.000
6585600.000
6623000.000
6594600.000
6597000.000
6606800.000
6528200.000
6569800.000
6532000.000
6539200.000
6513200.000
6559200.000
6569000.000
6579200.000
6581400.000
6611600.000
6610800.000
6604200.000
6571400.000
6567600.000
6597400.000
6614400.000
6587600.000
6605000.000
6620600.000
6633000.000
6563600.000
6556800.000
6670000.000
6636600.000
6601600.000
6627200.000
6576800.000
6574200.000
6604800.000
6512800.000
6554200.000
6555000.000
6539200.000
6583000.000
6544400.000
6552400.000
6508200.000
6558400.000
6446800.000
6469200.000
6397800.000
6487400.000
6517200.000
6622800.000
6629400.000
6570800.000
6591400.000
6618400.000
6619800.000
6607200.000
6589600.000
6615400.000
6560400.000
6518000.000
6535000.000
6443800.000
6449000.000
6442400.000
6415200.000
6422000.000
6441600.000
6469000.000
6486400.000
6523600.000
6569200.000
6570400.000
6649000.000
6692000.000
6719200.000
6718600.000
6727600.000
6670000.000
6660000.000
6653800.000
6590600.000
6623800.000
6628800.000
6633400.000
6640000.000
6699200.000
6632800.000
6630400.000
6678000.000
6599400.000
6635200.000
6652400.000
6642000.000
6589400.000
6644000.000
6640800.000
6598800.000
6553400.000
6614000.000
6641000.000
6609600.000
6589400.000
6523200.000
6538200.000
6489000.000
6443400.000
6475000.000
6459800.000
6402000.000
6342800.000
6378600.000
6422200.000
6396000.000
6416400.000
6655400.000
6595400.000
6647800.000
6638400.000
6643400.000
6748400.000
6694000.000
6726600.000
6731800.000
6705800.000
6760200.000
6783600.000
6750400.000
6731000.000
6786200.000
6685800.000
6703400.000
6750000.000
6663000.000
6637200.000
6716800.000
6717400.000
6665400.000
6686400.000
6716800.000
6756600.000
6748000.000
6654800.000
6599600.000
6648000.000
6661000.000
6685200.000
6620000.000
6670400.000
6652600.000
6635600.000
6665600.000
6601200.000
6675600.000
6686400.000
6627200.000
6653800.000
6629400.000
6646800.000
6748000.000
6710000.000
6767600.000
6672800.000
6682800.000
6658200.000
6689600.000
6700200.000
6669200.000
6734000.000
6689000.000
6662400.000
6721600.000
6694200.000
6675400.000
6682600.000
6682400.000
6730400.000
6692400.000
6745200.000
6641400.000
6585800.000
6588400.000
6635000.000
6566200.000
6628400.000
6620200.000
6561400.000
6548000.000
6540200.000
6526000.000
6559600.000
6621200.000
6522400.000
6513000.000
6543800.000
6508200.000
6565200.000
6599600.000
6667800.000
6658200.000
6708200.000
6613400.000
6644200.000
6654000.000
6623800.000
6669200.000
6677800.000
6605000.000
6654800.000
6595000.000
6663000.000
6592400.000
6540800.000
6536800.000
6609000.000
6637200.000
6628200.000
6608200.000
6618400.000
6611600.000
6617200.000
6631600.000
6593600.000
6582200.000
6617800.000
6660800.000
6623400.000
6608600.000
6636400.000
6634600.000
6642000.000
6634800.000
6693200.000
6641200.000
6630400.000
6653000.000
6656000.000
6549200.000
6537200.000
6582600.000
6597400.000
6618600.000
6571200.000
6548200.000
6616800.000
6608000.000
6489800.000
6484600.000
6410400.000
6461000.000
6513600.000
6588200.000
6608200.000
6582600.000
6686600.000
6658200.000
6633000.000
6639600.000
6631400.000
6654800.000
6628800.000
6604600.000
6563400.000
6543800.000
6459600.000
6532000.000
6439000.000
6505800.000
6456400.000
6515800.000
6556800.000
6579800.000
6560800.000
6649600.000
6650800.000
6649800.000
6728200.000
6761600.000
6684800.000
6651400.000
6678600.000
6675000.000
6609400.000
6681400.000
6676800.000
6676400.000
6665400.000
6647800.000
6705200.000
6657800.000
6626400.000
6684200.000
6686200.000
6643800.000
6646000.000
6666000.000
6645200.000
6668200.000
6675800.000
6611800.000
6583400.000
6687600.000
6626800.000
6611200.000
6650400.000
6643400.000
6536400.000
6547200.000
6522200.000
6502400.000
6463000.000
6436200.000
6459000.000
6463200.000
6430200.000
6466400.000
6625000.000
6616800.000
6645000.000
6672000.000
6716000.000
6694400.000
6728800.000
6737400.000
6793400.000
6802000.000
6753200.000
6776200.000
6765800.000
6761200.000
6730600.000
6734000.000
6714400.000
6771800.000
6731600.000
6749200.000
6709800.000
6695800.000
6691200.000
6682600.000
6692000.000
6658800.000
6683400.000
6731000.000
6702000.000
6682000.000
6660800.000
6671600.000
6662000.000
6617000.000
6686600.000
6688600.000
6687600.000
6699200.000
6719600.000
6675200.000
6651600.000
6749800.000
6742000.000
6715000.000
6719000.000
6701000.000
6731000.000
6682200.000
6687800.000
6696200.000
6718400.000
6749200.000
6682800.000
6786400.000
6711600.000
6698200.000
6707000.000
6687000.000
6677200.000
6677800.000
6650000.000
6690000.000
6731000.000
6724400.000
6687200.000
6666400.000
6662800.000
6634200.000
6603200.000
6613000.000
6581400.000
6542600.000
6566600.000
6521000.000
6510000.000
6556600.000
6513600.000
6458400.000
6502600.000
6493800.000
6510200.000
6588200.000
6613400.000
6652600.000
6612600.000
6599600.000
6607200.000
6581800.000
6617600.000
6594800.000
6621800.000
6596000.000
6579000.000
6567200.000
6573400.000
6553200.000
6547000.000
6505200.000
6538600.000
6528200.000
6576600.000
6547600.000
6566800.000
6618400.000
6581800.000
6581200.000
6589000.000
6622000.000
6636800.000
6564800.000
6611000.000
6631400.000
6613600.000
6585600.000
6616000.000
6605400.000
6636200.000
6554200.000
6603800.000
6540200.000
6585400.000
6583000.000
6599600.000
6513000.000
6590800.000
6519600.000
6540800.000
6534800.000
6622400.000
6579600.000
6507800.000
6517400.000
6448400.000
6470800.000
6455400.000
6542000.000
6643600.000
6641800.000
6690200.000
6657800.000
6595600.000
6607400.000
6594800.000
6605000.000
6578000.000
6562400.000
6505400.000
6532600.000
6515200.000
6497800.000
6484400.000
6464000.000
6499400.000
6508000.000
6555000.000
6542800.000
6620800.000
6627600.000
6684800.000
6683800.000
6724200.000
6705400.000
6705200.000
6703200.000
6695600.000
6681800.000
6673800.000
6670800.000
6670000.000
6668200.000
6628800.000
6641200.000
6665400.000
6657600.000
6694600.000
6721000.000
6721000.000
6662200.000
6644200.000
6728400.000
6717200.000
6630200.000
6661800.000
6648200.000
6642800.000
6616600.000
6668000.000
6644400.000
6647000.000
6657400.000
6660200.000
6574800.000
6620000.000
6586600.000
6503000.000
6490000.000
6471000.000
6445600.000
6459600.000
6489800.000
6460600.000
6582800.000
6613800.000
6681600.000
6720000.000
6693000.000
6761400.000
6767000.000
6710000.000
6773600.000
6770600.000
6739800.000
6766400.000
6767200.000
6743200.000
6715400.000
6734000.000
6682800.000
6652200.000
6650400.000
6685600.000
6706400.000
6714600.000
6731200.000
6708400.000
6737200.000
6712600.000
6655200.000
6733800.000
6699400.000
6701400.000
6701800.000
6712600.000
6668200.000
6651200.000
6663200.000
6627800.000
6716000.000
6728600.000
6700800.000
6704400.000
6675400.000
6746400.000
6708400.000
6723400.000
6765600.000
6798200.000
6731600.000
6691200.000
6676600.000
6740400.000
6671200.000
6734400.000
6758400.000
6678600.000
6734600.000
6740000.000
6768200.000
6738000.000
6756400.000
6749200.000
6715400.000
6696800.000
6714400.000
6696000.000
6663600.000
6652800.000
6621600.000
6637600.000
6602200.000
6531200.000
6597000.000
6548200.000
6454000.000
6513200.000
6529000.000
6519400.000
6405800.000
6429200.000
6423000.000
6491000.000
6533000.000
6533800.000
6536800.000
6583000.000
6584200.000
6579200.000
6574800.000
6588800.000
6601800.000
6609600.000
6598800.000
6620400.000
6559000.000
6578800.000
6579200.000
6529600.000
6540800.000
6548200.000
6543600.000
6580200.000
6544000.000
6509400.000
6517200.000
6596200.000
6586200.000
6603200.000
6564400.000
6569800.000
6616600.000
6616600.000
6646800.000
6644400.000
6608600.000
6615400.000
6580200.000
6565200.000
6643400.000
6579800.000
6616200.000
6626200.000
6568600.000
6596400.000
6629000.000
6579000.000
6592600.000
6620000.000
6577000.000
6566400.000
6535800.000
6555800.000
6553000.000
6532400.000
6502000.000
6520000.000
6514000.000
6564800.000
6624000.000
6634000.000
6630200.000
6634600.000
6703400.000
6616400.000
6658600.000
6595400.000
6630600.000
6606000.000
6542200.000
6515600.000
6542200.000
6487800.000
6532000.000
6509200.000
6508600.000
6537200.000
6497200.000
6573600.000
6625200.000
6648600.000
6687200.000
6707000.000
6740200.000
6714400.000
6743400.000
6748400.000
6712800.000
6675000.000
6675200.000
6639600.000
6662000.000
6664800.000
6656800.000
6655000.000
6624800.000
6692400.000
6647000.000
6678600.000
6641800.000
6648600.000
6631800.000
6681400.000
6663600.000
6684600.000
6636800.000
6600600.000
6642200.000
6591000.000
6598600.000
6666000.000
6660400.000
6657800.000
6659800.000
6593400.000
6572400.000
6556600.000
6574000.000
6566000.000
6524000.000
6439600.000
6479600.000
6510600.000
6528200.000
6576400.000
6630600.000
6661600.000
6620400.000
6734000.000
6750800.000
6769000.000
6778000.000
6711800.000
6755800.000
6780800.000
6774000.000
6662400.000
6715000.000
6720200.000
6686000.000
6698400.000
6665000.000
6693600.000
6682400.000
6670600.000
6686000.000
6675200.000
6703600.000
6665600.000
6673600.000
6684000.000
6634600.000
6677000.000
6641000.000
6644000.000
6549200.000
6617800.000
6604800.000
6663800.000
6701200.000
6712800.000
6697200.000
6688400.000
6705600.000
6656200.000
6671400.000
6676200.000
6675800.000
6723400.000
6694000.000
6653400.000
6636200.000
6739200.000
6717000.000
6736400.000
6708800.000
6678800.000
6687000.000
6634600.000
6678400.000
6676400.000
6678400.000
6672800.000
6721200.000
6682600.000
6674600.000
6649400.000
6669800.000
6696600.000
6646400.000
6545200.000
6544400.000
6553400.000
6586600.000
6482400.000
6472800.000
6498000.000
6438400.000
6400800.000
6429200.000
6430800.000
6391600.000
6383600.000
6423800.000
6476200.000
6521600.000
6538200.000
6552000.000
6571200.000
6605600.000
6598600.000
6610600.000
6620400.000
6622600.000
6539800.000
6616600.000
6559400.000
6538000.000
6525800.000
6536200.000
6460600.000
6497600.000
6570400.000
6534000.000
6558000.000
6570600.000
6561600.000
6583600.000
6574200.000
6596600.000
6605400.000
6593000.000
6613800.000
6576400.000
6630400.000
6605600.000
6572200.000
6554400.000
6576200.000
6556000.000
6581400.000
6585800.000
6536800.000
6583400.000
6524800.000
6584200.000
6499000.000
6550000.000
6567400.000
6605800.000
6543000.000
6559400.000
6566600.000
6551000.000
6494800.000
6492600.000
6501400.000
6541600.000
6503400.000
6559200.000
6589600.000
6596400.000
6653800.000
6657400.000
6598800.000
6619200.000
6615800.000
6608400.000
6605000.000
6506400.000
6544200.000
6517200.000
6510200.000
6495200.000
6546200.000
6534800.000
6489200.000
6467400.000
6525400.000
6624600.000
6627600.000
6634200.000
6704200.000
6800400.000
6791600.000
6750600.000
6777400.000
6695400.000
6668600.000
6653800.000
6655000.000
6649200.000
6675200.000
6605800.000
6613200.000
6667200.000
6626200.000
6643800.000
6597000.000
6637400.000
6634400.000
6684000.000
6635400.000
6668200.000
6649600.000
6610800.000
6659800.000
6704400.000
6561000.000
6621800.000
6689600.000
6686600.000
6689800.000
6635800.000
6607600.000
6587800.000
6586800.000
6607400.000
6615800.000
6546800.000
6541400.000
6536000.000
6507200.000
6521400.000
6597400.000
6581600.000
6559800.000
6634000.000
6642000.000
6659000.000
6731600.000
6762800.000
6720600.000
6770400.000
6744200.000
6758000.000
6701400.000
6747000.000
6748400.000
6683000.000
6710000.000
6674200.000
6677000.000
6662000.000
6699800.000
6690800.000
6662400.000
6705000.000
6686400.000
6682600.000
6678200.000
6665000.000
6639000.000
6653800.000
6703400.000
6648000.000
6641000.000
6611400.000
6675400.000
6660400.000
6687000.000
6652200.000
6711400.000
6722400.000
6653400.000
6625800.000
6698200.000
6654000.000
6693000.000
6714800.000
6687400.000
6664400.000
6686200.000
6686200.000
6704800.000
6703200.000
6707800.000
6750600.000
6712000.000
6749600.000
6730200.000
6707800.000
6701400.000
6773200.000
6721000.000
6720800.000
6697600.000
6671200.000
6736200.000
6695600.000
6652600.000
6624800.000
6625000.000
6593000.000
6566200.000
6516400.000
6494200.000
6500200.000
6496400.000
6465400.000
6417800.000
6350600.000
6314600.000
6378600.000
6380800.000
6426800.000
6489000.000
6513400.000
6529000.000
6499800.000
6576800.000
6575000.000
6557400.000
6584800.000
6553000.000
6534800.000
6602600.000
6514000.000
6542400.000
6541600.000
6547200.000
6498800.000
6514000.000
6542400.000
6588200.000
6528000.000
6532600.000
6519000.000
6581600.000
6590600.000
6509000.000
6548800.000
6575800.000
6568800.000
6495000.000
6573000.000
6541200.000
6561000.000
6511600.000
6582400.000
6529800.000
6572000.000
6533400.000
6528200.000
6564000.000
6556400.000
6581600.000
6580200.000
6599200.000
6593200.000
6549800.000
6542600.000
6553200.000
6554800.000
6544800.000
6553600.000
6553600.000
6547400.000
6516800.000
6538800.000
6571200.000
6587200.000
6586400.000
6632200.000
6566800.000
6600600.000
6608800.000
6595200.000
6630400.000
6614600.000
6555000.000
6586600.000
6572400.000
6566400.000
6595800.000
6527200.000
6583400.000
6549800.000
6525400.000
6522400.000
6498400.000
6575800.000
6585400.000
6640800.000
6682200.000
6767000.000
6796600.000
6754000.000
6715400.000
6659800.000
6665600.000
6682600.000
6625000.000
6556400.000
6598400.000
6573600.000
6634800.000
6603000.000
6584400.000
6581400.000
6618600.000
6566400.000
6571800.000
6574800.000
6538400.000
6599600.000
6587400.000
6547400.000
6533800.000
6605600.000
6619400.000
6648800.000
6642200.000
6611600.000
6639400.000
6641400.000
6566000.000
6612600.000
6569000.000
6558000.000
6582200.000
6577000.000
6561600.000
6576200.000
6542200.000
6576400.000
6532800.000
6619000.000
6629800.000
6659800.000
6661200.000
6680600.000
6648400.000
6759000.000
6771800.000
6707200.000
6778600.000
6753400.000
6728600.000
6769400.000
6717800.000
6715000.000
6702000.000
6687600.000
6712200.000
6724000.000
6687000.000
6691600.000
6682600.000
6632000.000
6652600.000
6676000.000
6613800.000
6604800.000
6610400.000
6677800.000
6644400.000
6667400.000
6623200.000
6666600.000
6603400.000
6679600.000
6660400.000
6710200.000
6680200.000
6641800.000
6654000.000
6633800.000
6675800.000
6649800.000
6701200.000
6675000.000
6668600.000
6750200.000
6735400.000
6702200.000
6691400.000
6721200.000
6750000.000
6748000.000
6743800.000
6729400.000
6737000.000
6701000.000
6710400.000
6682200.000
6656200.000
6674600.000
6627800.000
6650600.000
6667000.000
6641800.000
6616400.000
6597800.000
6595200.000
6544400.000
6505000.000
6473800.000
6392400.000
6393200.000
6401000.000
6379800.000
6330800.000
6375400.000
6416400.000
6399400.000
6492000.000
6477200.000
6503200.000
6491200.000
6517000.000
6497200.000
6555600.000
6581000.000
6570800.000
6601000.000
6554000.000
6554000.000
6563400.000
6527600.000
6516800.000
6519800.000
6456200.000
6518600.000
6478800.000
6475200.000
6526400.000
6479000.000
6533200.000
6466800.000
6583200.000
6512000.000
6549000.000
6509200.000
6536400.000
6585400.000
6611800.000
6577600.000
6586000.000
6547400.000
6543200.000
6536600.000
6540600.000
6559600.000
6546000.000
6540400.000
6591200.000
6593200.000
6571400.000
6579400.000
6570400.000
6579600.000
6514400.000
6562400.000
6569600.000
6525000.000
6569200.000
6557600.000
6571400.000
6597800.000
6657600.000
6566800.000
6624200.000
6619600.000
6609600.000
6567800.000
6625800.000
6652200.000
6561400.000
6595000.000
6586800.000
6596400.000
6586400.000
6609400.000
6647400.000
6571000.000
6618200.000
6542800.000
6557200.000
6525600.000
6568400.000
6530800.000
6541600.000
6674200.000
6670600.000
6754800.000
6800600.000
6760000.000
6707800.000
6619200.000
6638600.000
6625600.000
6594800.000
6649800.000
6588000.000
6563000.000
6589400.000
6620400.000
6570600.000
6607000.000
6559800.000
6569000.000
6584200.000
6581400.000
6606200.000
6575600.000
6609000.000
6630200.000
6577200.000
6574600.000
6579800.000
6642800.000
6615200.000
6636400.000
6590800.000
6607800.000
6524400.000
6585200.000
6581400.000
6592200.000
6561600.000
6530400.000
6576400.000
6543000.000
6579000.000
6544800.000
6571200.000
6593600.000
6625800.000
6599600.000
6644200.000
6691800.000
6758200.000
6661800.000
6672200.000
6659800.000
6750600.000
6703400.000
6738400.000
6665800.000
6700200.000
6677400.000
6684200.000
6722800.000
6643200.000
6676400.000
6657400.000
6692400.000
6645200.000
6687600.000
6651400.000
6636800.000
6643400.000
6622200.000
6632400.000
6668400.000
6609800.000
6644400.000
6666200.000
6631800.000
6735000.000
6657200.000
6663600.000
6631600.000
6642800.000
6652800.000
6619600.000
6626400.000
6700000.000
6677000.000
6699800.000
6669000.000
6659800.000
6672600.000
6620000.000
6641600.000
6690200.000
6728400.000
6762600.000
6739400.000
6777000.000
6784400.000
6688400.000
6707200.000
6700800.000
6717000.000
6693000.000
6701000.000
6614600.000
6649200.000
6675200.000
6673400.000
6621400.000
6587600.000
6597800.000
6473600.000
6501400.000
6447800.000
6501000.000
6424000.000
6356800.000
6303400.000
6311600.000
6291400.000
6346000.000
6276600.000
6355000.000
6448200.000
6464800.000
6463600.000
6454800.000
6523000.000
6573200.000
6576600.000
6600400.000
6603800.000
6589200.000
6530000.000
6624800.000
6544800.000
6584200.000
6587200.000
6542800.000
6413000.000
6462800.000
6544000.000
6504600.000
6461800.000
6529400.000
6583800.000
6534800.000
6570400.000
6555600.000
6567600.000
6567000.000
6535800.000
6531800.000
6552200.000
6590600.000
6554400.000
6606400.000
6560000.000
6509000.000
6611600.000
6594400.000
6533000.000
6645200.000
6582400.000
6612600.000
6557600.000
6617000.000
6622400.000
6578800.000
6605200.000
6522400.000
6512200.000
6572400.000
6626400.000
6615600.000
6552600.000
6585000.000
6615200.000
6639400.000
6632000.000
6560000.000
6621200.000
6652800.000
6695000.000
6635800.000
6638200.000
6636600.000
6615800.000
6601200.000
6646200.000
6638600.000
6649800.000
6665000.000
6599000.000
6598400.000
6585600.000
6558800.000
6586400.000
6541000.000
6615800.000
6701200.000
6724600.000
6781600.000
6795400.000
6696800.000
6680200.000
6655600.000
6667000.000
6657800.000
6627600.000
6655800.000
6552200.000
6605600.000
6601200.000
6550000.000
6550400.000
6593200.000
6550000.000
6553400.000
6560800.000
6636000.000
6623400.000
6619200.000
6651200.000
6648000.000
6676200.000
6610400.000
6573200.000
6582200.000
6583800.000
6648800.000
6632400.000
6615000.000
6611200.000
6542200.000
6587800.000
6594800.000
6625400.000
6609000.000
6612800.000
6576200.000
6587000.000
6532800.000
6637000.000
6614600.000
6598200.000
6679600.000
6675000.000
6637800.000
6700400.000
6729600.000
6764200.000
6733600.000
6716800.000
6751200.000
6698400.000
6734000.000
6764400.000
6700600.000
6724200.000
6734800.000
6658200.000
6682800.000
6703400.000
6740200.000
6624400.000
6618600.000
6650200.000
6651400.000
6648400.000
6646200.000
6630200.000
6676400.000
6643800.000
6649800.000
6627000.000
6629200.000
6675400.000
6690800.000
6694800.000
6685200.000
6706400.000
6720200.000
6701600.000
6669800.000
6670400.000
6770800.000
6643200.000
6641800.000
6668800.000
6656600.000
6705800.000
6657200.000
6735200.000
6767400.000
6744000.000
6752000.000
6699800.000
6732600.000
6734200.000
6712600.000
6756400.000
6657600.000
6612600.000
6683000.000
6565200.000
6662400.000
6622200.000
6684600.000
6589600.000
6597200.000
6547800.000
6548400.000
6493600.000
6499600.000
6418200.000
6395200.000
6381800.000
6294400.000
6299600.000
6306200.000
6329400.000
6397200.000
6402800.000
6421600.000
6472000.000
6517600.000
6511800.000
6525000.000
6562400.000
6576000.000
6598600.000
6608800.000
6599400.000
6650400.000
6601200.000
6568800.000
6546400.000
6564400.000
6513400.000
6530800.000
6518200.000
6482800.000
6526200.000
6583800.000
6529200.000
6570200.000
6559600.000
6548800.000
6555000.000
6565000.000
6545200.000
6577600.000
6554200.000
6496800.000
6558800.000
6620000.000
6587600.000
6579200.000
6632000.000
6599200.000
6598200.000
6590600.000
6632200.000
6612200.000
6608600.000
6651800.000
6604800.000
6554600.000
6540200.000
6580400.000
6601200.000
6575000.000
6625400.000
6646200.000
6683400.000
6602000.000
6628600.000
6620200.000
6626200.000
6648200.000
6645800.000
6642000.000
6662800.000
6645600.000
6665800.000
6700200.000
6633400.000
6640800.000
6570200.000
6629200.000
6646400.000
6621600.000
6603400.000
6573000.000
6602200.000
6626800.000
6605200.000
6573000.000
6610000.000
6649400.000
6685800.000
6802600.000
6790000.000
6792400.000
6720200.000
6674600.000
6691200.000
6629200.000
6641800.000
6606600.000
6581400.000
6559400.000
6622400.000
6545000.000
6586400.000
6584000.000
6561800.000
6617600.000
6573800.000
6591400.000
6656000.000
6615000.000
6626200.000
6580000.000
6668200.000
6568200.000
6644000.000
6560400.000
6616800.000
6635600.000
6707200.000
6621400.000
6581600.000
6574000.000
6543800.000
6570800.000
6590800.000
6613600.000
6573000.000
6551600.000
6579400.000
6544200.000
6581200.000
6586000.000
6524400.000
6547200.000
6583000.000
6635200.000
6605000.000
6682600.000
6676200.000
6720200.000
6686600.000
6724800.000
6734000.000
6740000.000
6814600.000
6777000.000
6751200.000
6706400.000
6685800.000
6684200.000
6726600.000
6692000.000
6679200.000
6701200.000
6628600.000
6590400.000
6650200.000
6635400.000
6655400.000
6622800.000
6654800.000
6668600.000
6663200.000
6678600.000
6647800.000
6638400.000
6691200.000
6636000.000
6586000.000
6698800.000
6666200.000
6663000.000
6667200.000
6665400.000
6629400.000
6640200.000
6667400.000
6649800.000
6688400.000
6689600.000
6676800.000
6756600.000
6684000.000
6823200.000
6734200.000
6747200.000
6778000.000
6719400.000
6660800.000
6690000.000
6639600.000
6623600.000
6622800.000
6651000.000
6594000.000
6653800.000
6518800.000
6504800.000
6518200.000
6518000.000
6499000.000
6488000.000
6403800.000
6356800.000
6352800.000
6368600.000
6288000.000
6308600.000
6254600.000
6329600.000
6407600.000
6369000.000
6347600.000
6401000.000
6428600.000
6438800.000
6481000.000
6553000.000
6575600.000
6615400.000
6646400.000
6554800.000
6525200.000
6530400.000
6554800.000
6499800.000
6483800.000
6460200.000
6443000.000
6477400.000
6492200.000
6486200.000
6549800.000
6479400.000
6579800.000
6559200.000
6539600.000
6567800.000
6475200.000
6548000.000
6497200.000
6506000.000
6500000.000
6518600.000
6484600.000
6577600.000
6574000.000
6504800.000
6560200.000
6608400.000
6626800.000
6579600.000
6548800.000
6572200.000
6601800.000
6609800.000
6627400.000
6546800.000
6585200.000
6564200.000
6555800.000
6602800.000
6612200.000
6598000.000
6678400.000
6577600.000
6601400.000
6567000.000
6647000.000
6665000.000
6641400.000
6638400.000
6685800.000
6609000.000
6632600.000
6624000.000
6639800.000
6619200.000
6680800.000
6654200.000
6594200.000
6610600.000
6616000.000
6587000.000
6650200.000
6603400.000
6588000.000
6638200.000
6642400.000
6697800.000
6760000.000
6745600.000
6675400.000
6666200.000
6726800.000
6664200.000
6652800.000
6621800.000
6624600.000
6577400.000
6579800.000
6559200.000
6586800.000
6597800.000
6554800.000
6554000.000
6582200.000
6597400.000
6574800.000
6589000.000
6604800.000
6594600.000
6621000.000
6670800.000
6638800.000
6605600.000
6646800.000
6564000.000
6609800.000
6604200.000
6593400.000
6558200.000
6553400.000
6558600.000
6511200.000
6544800.000
6551000.000
6506000.000
6561200.000
6501400.000
6570800.000
6551600.000
6543200.000
6610200.000
6626000.000
6646000.000
6635000.000
6640400.000
6663000.000
6663600.000
6740000.000
6759400.000
6802000.000
6834200.000
6791200.000
6814200.000
6728000.000
6786600.000
6778200.000
6751200.000
6700400.000
6672000.000
6673600.000
6682400.000
6706000.000
6688600.000
6666600.000
6656600.000
6685800.000
6680200.000
6708000.000
6644400.000
6651800.000
6707800.000
6708400.000
6677600.000
6609000.000
6672000.000
6671400.000
6667000.000
6685000.000
6650800.000
6680000.000
6704800.000
6639600.000
6643800.000
6660800.000
6697600.000
6667800.000
6676600.000
6719000.000
6725000.000
6748200.000
6739400.000
6734000.000
6729800.000
6769000.000
6709600.000
6707600.000
6650400.000
6623400.000
6620200.000
6627600.000
6581400.000
6593200.000
6628400.000
6608200.000
6624000.000
6554400.000
6603000.000
6487400.000
6492200.000
6458600.000
6450400.000
6446000.000
6327600.000
6326000.000
6307000.000
6286000.000
6305200.000
6372800.000
6341800.000
6299400.000
6375200.000
6390600.000
6434200.000
6420000.000
6521200.000
6524000.000
6605600.000
6555400.000
6640600.000
6591400.000
6561000.000
6538800.000
6578600.000
6504600.000
6474000.000
6462000.000
6417400.000
6431600.000
6491400.000
6483800.000
6447800.000
6469000.000
6480400.000
6543600.000
6490000.000
6479800.000
6491800.000
6454000.000
6438600.000
6500800.000
6521000.000
6472200.000
6551800.000
6502600.000
6513000.000
6551400.000
6582200.000
6547600.000
6593400.000
6567000.000
6514400.000
6537000.000
6646600.000
6568000.000
6561200.000
6590600.000
6578400.000
6594000.000
6599800.000
6634400.000
6607400.000
6619200.000
6605400.000
6573800.000
6615000.000
6669800.000
6607000.000
6598400.000
6601000.000
6533200.000
6628600.000
6587000.000
6618400.000
6597200.000
6563400.000
6611600.000
6598800.000
6621400.000
6582000.000
6626400.000
6557600.000
6548800.000
6620400.000
6617000.000
6593200.000
6635600.000
6672800.000
6696000.000
6732200.000
6681200.000
6679000.000
6598600.000
6590200.000
6573600.000
6642800.000
6577200.000
6590400.000
6529000.000
6532000.000
6542200.000
6572600.000
6559000.000
6572800.000
6585600.000
6524200.000
6596600.000
6584400.000
6593200.000
6621800.000
6673000.000
6635000.000
6640600.000
6651600.000
6603200.000
6577600.000
6534200.000
6557400.000
6583800.000
6573400.000
6496800.000
6523000.000
6529600.000
6519800.000
6465800.000
6556800.000
6522200.000
6502600.000
6549400.000
6537400.000
6568800.000
6564400.000
6522600.000
6541400.000
6581400.000
6557000.000
6636600.000
6681800.000
6663800.000
6691400.000
6720000.000
6684400.000
6771400.000
6727200.000
6814200.000
6739600.000
6768000.000
6767600.000
6772200.000
6738800.000
6704200.000
6696200.000
6711800.000
6648400.000
6677200.000
6654400.000
6641800.000
6647400.000
6682800.000
6662600.000
6643600.000
6712600.000
6658800.000
6704000.000
6708600.000
6695800.000
6618200.000
6696000.000
6693600.000
6681000.000
6754800.000
6696800.000
6686800.000
6732600.000
6716200.000
6637600.000
6670400.000
6712000.000
6704400.000
6700200.000
6723800.000
6792400.000
6731800.000
6746800.000
6774600.000
6803000.000
6793400.000
6736800.000
6691200.000
6629000.000
6626400.000
6681600.000
6645800.000
6649800.000
6629000.000
6571800.000
6614800.000
6621800.000
6605800.000
6554800.000
6550200.000
6487400.000
6449400.000
6446200.000
6388200.000
6395800.000
6374800.000
6341600.000
6346800.000
6412600.000
6352800.000
6413000.000
6399600.000
6422000.000
6478800.000
6483000.000
6509400.000
6561200.000
6587200.000
6644000.000
6656000.000
6607200.000
6586600.000
6589000.000
6549200.000
6536400.000
6543800.000
6476000.000
6497400.000
6469400.000
6552400.000
6503400.000
6538000.000
6548000.000
6526200.000
6497000.000
6543800.000
6523000.000
6488800.000
6491600.000
6495200.000
6526000.000
6492800.000
6509400.000
6532800.000
6561400.000
6511000.000
6538000.000
6580200.000
6573400.000
6567000.000
6571200.000
6537600.000
6557600.000
6571000.000
6583800.000
6593600.000
6606800.000
6615200.000
6546200.000
6619000.000
6591200.000
6619600.000
6573400.000
6598400.000
6604800.000
6581600.000
6540800.000
6596000.000
6604200.000
6630000.000
6566000.000
6591600.000
6566400.000
6593200.000
6542600.000
6577800.000
6590400.000
6582000.000
6589800.000
6602200.000
6582400.000
6619800.000
6548200.000
6548400.000
6583400.000
6616400.000
6603200.000
6617000.000
6663800.000
6679600.000
6624400.000
6636800.000
6612000.000
6631800.000
6587400.000
6565200.000
6533200.000
6426800.000
6472800.000
6477800.000
6445200.000
6490600.000
6539600.000
6492400.000
6438800.000
6469600.000
6509600.000
6490400.000
6510200.000
6537800.000
6551200.000
6548000.000
6544600.000
6547600.000
6588800.000
6561600.000
6553400.000
6498000.000
6532000.000
6466000.000
6469800.000
6474000.000
6413200.000
6474800.000
6456200.000
6460200.000
6507800.000
6504200.000
6427800.000
6458200.000
6469800.000
6474800.000
6506600.000
6466400.000
6531200.000
6544600.000
6622000.000
6625800.000
6675800.000
6700200.000
6784400.000
6721800.000
6825400.000
6811400.000
6729200.000
6789600.000
6760000.000
6759800.000
6717600.000
6696400.000
6700000.000
6692400.000
6666800.000
6689000.000
6681400.000
6684600.000
6660000.000
6649000.000
6698200.000
6680600.000
6673200.000
6621400.000
6656800.000
6649200.000
6719600.000
6746000.000
6706800.000
6731400.000
6678200.000
6674600.000
6677200.000
6695800.000
6700000.000
6667600.000
6667600.000
6739200.000
6710400.000
6726600.000
6702200.000
6707600.000
6732000.000
6779200.000
6740600.000
6755200.000
6694200.000
6786800.000
6701800.000
6663800.000
6646000.000
6612000.000
6615400.000
6678200.000
6618000.000
6699800.000
6567800.000
6630400.000
6589400.000
6583000.000
6560600.000
6549800.000
6483400.000
6494200.000
6411000.000
6414400.000
6406000.000
6419800.000
6382200.000
6406400.000
6375200.000
6432400.000
6397600.000
6431600.000
6396200.000
6486200.000
6505400.000
6587600.000
6571400.000
6604800.000
6638000.000
6668800.000
6631000.000
6648400.000
6567800.000
6578600.000
6523200.000
6490600.000
6495800.000
6481800.000
6521000.000
6480400.000
6493600.000
6535600.000
6597800.000
6516200.000
6556400.000
6508000.000
6530800.000
6524600.000
6541200.000
6478200.000
6495200.000
6549400.000
6497400.000
6491800.000
6533200.000
6558200.000
6538000.000
6595000.000
6595000.000
6593200.000
6566600.000
6510000.000
6566200.000
6509000.000
6549000.000
6576800.000
6556800.000
6575200.000
6515000.000
6580200.000
6645600.000
6605200.000
6598600.000
6554200.000
6659600.000
6606200.000
6616200.000
6572000.000
6584000.000
6608000.000
6582600.000
6534800.000
6609200.000
6550400.000
6596600.000
6586800.000
6592000.000
6605800.000
6592600.000
6581000.000
6540400.000
6576600.000
6568400.000
6514200.000
6632400.000
6605400.000
6542200.000
6601800.000
6597000.000
6656600.000
6605200.000
6603600.000
6583000.000
6521400.000
6597000.000
6562400.000
6524000.000
6559200.000
6515400.000
6515600.000
6515200.000
6493200.000
6477000.000
6498200.000
6454000.000
6486400.000
6477000.000
6518000.000
6465200.000
6520200.000
6564200.000
6528800.000
6543400.000
6595400.000
6553800.000
6493000.000
6525800.000
6521200.000
6510400.000
6481600.000
6502600.000
6434000.000
6439200.000
6474600.000
6448200.000
6468600.000
6425000.000
6462800.000
6490400.000
6449400.000
6440400.000
6564400.000
6465600.000
6494000.000
6525800.000
6525000.000
6514000.000
6510400.000
6609600.000
6659800.000
6675600.000
6648600.000
6654000.000
6725800.000
6728600.000
6775200.000
6767400.000
6813000.000
6687400.000
6692000.000
6721000.000
6729600.000
6662800.000
6670600.000
6720600.000
6690600.000
6667000.000
6685400.000
6648800.000
6739600.000
6703800.000
6643800.000
6693600.000
6692200.000
6668600.000
6707600.000
6662400.000
6675600.000
6702600.000
6643800.000
6645800.000
6657400.000
6674800.000
6659000.000
6640600.000
6731800.000
6740200.000
6675000.000
6702800.000
6721600.000
6759400.000
6719600.000
6734000.000
6750600.000
6722400.000
6724400.000
6748000.000
6686600.000
6660200.000
6632200.000
6603600.000
6674600.000
6610400.000
6618000.000
6606000.000
6585200.000
6571400.000
6566200.000
6520600.000
6504400.000
6522800.000
6483000.000
6482600.000
6475600.000
6409000.000
6421800.000
6389600.000
6432400.000
6423400.000
6375000.000
6421400.000
6389200.000
6381800.000
6388200.000
6419400.000
6474400.000
6527600.000
6555800.000
6545200.000
6600600.000
6606400.000
6573200.000
6483600.000
6550000.000
6479800.000
6445200.000
6446800.000
6434400.000
6394000.000
6479400.000
6422400.000
6486600.000
6440200.000
6426200.000
6511400.000
6460800.000
6452400.000
6434800.000
6383600.000
6499000.000
6427400.000
6436600.000
6398600.000
6476600.000
6439600.000
6503600.000
6530600.000
6403800.000
6441200.000
6526800.000
6557600.000
6478200.000
6481800.000
6484000.000
6413800.000
6463600.000
6540800.000
6544000.000
6578800.000
6546200.000
6574200.000
6569400.000
6634000.000
6538400.000
6558200.000
6559000.000
6544400.000
6657200.000
6596600.000
6591800.000
6622000.000
6594800.000
6574800.000
6579800.000
6595200.000
6573200.000
6519400.000
6589000.000
6617200.000
6598800.000
6588000.000
6579200.000
6534200.000
6576800.000
6555800.000
6611000.000
6565400.000
6579400.000
6607600.000
6600400.000
6617000.000
6602400.000
6608600.000
6617400.000
6532200.000
6570800.000
6550200.000
6492400.000
6489200.000
6496000.000
6473000.000
6428400.000
6516800.000
6528000.000
6490400.000
6453200.000
6458400.000
6520800.000
6471200.000
6473800.000
6497400.000
6484000.000
6525600.000
6520200.000
6530200.000
6536400.000
6514600.000
6459400.000
6542600.000
6522800.000
6399600.000
6405000.000
6427800.000
6433200.000
6472800.000
6467000.000
6481200.000
6515800.000
6514800.000
6406600.000
6420600.000
6507000.000
6546000.000
6447600.000
6512400.000
6505600.000
6547200.000
6558600.000
6504800.000
6616200.000
6604000.000
6613000.000
6695600.000
6721800.000
6729600.000
6729000.000
6733600.000
6751800.000
6746600.000
6737400.000
6708400.000
6736600.000
6682600.000
6663400.000
6662400.000
6691400.000
6662600.000
6640800.000
6688200.000
6708400.000
6664200.000
6631800.000
6666000.000
6671800.000
6670800.000
6690400.000
6710400.000
6662000.000
6677200.000
6615800.000
6681600.000
6653000.000
6611000.000
6672800.000
6644800.000
6612800.000
6612200.000
6671800.000
6663600.000
6714200.000
6686800.000
6697600.000
6693600.000
6715400.000
6732200.000
6707400.000
6715600.000
6630400.000
6605400.000
6647800.000
6580200.000
6620400.000
6573600.000
6665600.000
6631400.000
6549400.000
6556400.000
6538000.000
6562600.000
6505000.000
6440600.000
6519200.000
6481800.000
6461000.000
6449800.000
6369400.000
6437800.000
6393200.000
6437000.000
6391800.000
6459600.000
6424200.000
6413000.000
6452600.000
6425400.000
6494400.000
6511400.000
6490200.000
6560800.000
6545800.000
6634400.000
6606200.000
6589400.000
6559000.000
6530000.000
6513800.000
6491000.000
6488600.000
6439600.000
6438800.000
6517000.000
6495600.000
6490800.000
6438200.000
6469400.000
6482000.000
6523000.000
6499800.000
6491200.000
6485400.000
6456600.000
6437000.000
6425200.000
6459600.000
6496200.000
6507200.000
6539200.000
6491000.000
6490600.000
6552600.000
6564600.000
6540600.000
6516400.000
6450400.000
6501400.000
6470600.000
6572000.000
6552000.000
6576600.000
6600600.000
6612400.000
6620800.000
6605600.000
6581600.000
6576800.000
6562000.000
6563400.000
6637400.000
6592600.000
6575600.000
6598800.000
6571200.000
6597800.000
6584400.000
6603600.000
6608600.000
6578600.000
6541000.000
6586800.000
6616800.000
6577200.000
6569400.000
6553600.000
6605000.000
6574600.000
6582800.000
6637800.000
6604000.000
6647600.000
6604000.000
6568800.000
6630400.000
6577000.000
6606200.000
6574200.000
6572200.000
6507400.000
6509400.000
6506200.000
6465400.000
6423000.000
6477200.000
6472600.000
6505400.000
6487200.000
6433400.000
6469600.000
6468800.000
6493200.000
6448800.000
6492200.000
6459800.000
6471400.000
6558400.000
6475600.000
6526000.000
6568000.000
6556600.000
6519200.000
6450800.000
6438200.000
6459600.000
6415400.000
6442800.000
6446800.000
6458400.000
6460600.000
6448600.000
6444600.000
6448400.000
6464600.000
6479800.000
6460200.000
6438000.000
6453800.000
6524800.000
6512800.000
6525400.000
6576000.000
6570000.000
6577000.000
6544200.000
6677600.000
6632800.000
6691600.000
6704200.000
6705000.000
6737600.000
6729600.000
6714000.000
6692400.000
6693400.000
6683800.000
6714600.000
6687600.000
6658600.000
6669200.000
6685600.000
6675200.000
6695200.000
6661400.000
6646200.000
6664800.000
6685200.000
6707600.000
6663400.000
6661600.000
6718400.000
6691800.000
6605200.000
6627800.000
6661000.000
6631200.000
6629400.000
6677800.000
6673600.000
6638600.000
6693800.000
6667600.000
6751800.000
6698400.000
6680000.000
6660000.000
6711200.000
6700000.000
6651400.000
6699200.000
6666800.000
6656400.000
6626600.000
6594600.000
6583200.000
6560600.000
6600000.000
6625200.000
6570800.000
6537600.000
6554200.000
6533200.000
6514800.000
6518000.000
6471000.000
6486800.000
6483400.000
6471400.000
6496200.000
6462400.000
6508600.000
6517000.000
6444800.000
6515400.000
6469400.000
6460200.000
6468000.000
6490000.000
6423400.000
6486200.000
6511400.000
6574800.000
6585000.000
6585600.000
6586800.000
6581200.000
6628200.000
6554600.000
6506200.000
6460200.000
6509800.000
6501800.000
6467600.000
6497000.000
6491200.000
6481000.000
6492400.000
6487200.000
6454000.000
6411600.000
6452400.000
6426800.000
6365400.000
6401600.000
6432200.000
6427800.000
6388800.000
6445000.000
6470600.000
6482400.000
6539200.000
6501800.000
6448000.000
6549800.000
6566800.000
6479800.000
6522200.000
6433000.000
6434800.000
6493400.000
6442400.000
6517800.000
6505400.000
6538000.000
6547400.000
6614800.000
6553800.000
6544600.000
6567400.000
6563000.000
6608400.000
6637800.000
6599200.000
6574600.000
6591200.000
6642800.000
6598800.000
6605600.000
6597200.000
6567000.000
6598000.000
6604600.000
6594400.000
6598800.000
6544800.000
6548000.000
6582400.000
6595800.000
6543800.000
6584000.000
6564600.000
6582400.000
6568200.000
6618800.000
6583200.000
6623400.000
6557800.000
6556800.000
6557600.000
6560200.000
6498200.000
6416400.000
6499600.000
6476600.000
6476200.000
6472800.000
6469800.000
6470000.000
6520800.000
6464400.000
6476200.000
6431200.000
6419600.000
6433600.000
6438000.000
6463400.000
6490800.000
6484400.000
6545200.000
6489600.000
6508400.000
6479000.000
6495200.000
6517800.000
6466600.000
6443800.000
6462800.000
6445200.000
6449200.000
6458400.000
6445800.000
6388600.000
6418200.000
6462200.000
6463000.000
6418000.000
6450000.000
6453000.000
6377400.000
6601600.000
6564200.000
6591000.000
6605800.000
6606400.000
6636200.000
6639000.000
6676000.000
6670600.000
6654200.000
6749800.000
6752800.000
6749000.000
6763000.000
6740200.000
6705000.000
6752600.000
6719200.000
6720400.000
6686600.000
6697400.000
6682000.000
6672000.000
6710200.000
6738200.000
6655400.000
6679600.000
6704000.000
6700400.000
6711400.000
6714800.000
6673400.000
6705800.000
6726200.000
6685400.000
6707000.000
6611600.000
6612600.000
6680000.000
6670800.000
6678200.000
6707600.000
6686200.000
6704600.000
6642800.000
6697200.000
6695400.000
6692400.000
6679200.000
6700000.000
6704000.000
6681400.000
6651400.000
6648400.000
6668200.000
6667000.000
6614000.000
6587200.000
6569800.000
6612000.000
6547800.000
6597400.000
6565000.000
6591200.000
6513600.000
6480800.000
6485000.000
6398200.000
6471200.000
6421800.000
6478600.000
6488600.000
6451800.000
6438200.000
6524800.000
6428200.000
6429600.000
6493400.000
6463800.000
6537400.000
6463400.000
6476200.000
6474200.000
6536400.000
6506200.000
6542600.000
6504400.000
6537600.000
6523400.000
6458000.000
6492800.000
6438600.000
6470800.000
6443200.000
6419400.000
6443000.000
6417200.000
6430000.000
6410000.000
6376600.000
6429400.000
6447000.000
6354600.000
6381800.000
6435800.000
6381600.000
6430800.000
6446600.000
6444200.000
6457200.000
6481800.000
6456600.000
6408400.000
6362400.000
6441800.000
6449400.000
6475400.000
6509400.000
6462400.000
6409800.000
6405800.000
6406000.000
6410400.000
6484400.000
6514000.000
6507200.000
6566200.000
6506800.000
6519600.000
6497600.000
6521400.000
6539800.000
6539400.000
6570800.000
6524400.000
6503400.000
6496000.000
6545400.000
6524800.000
6503800.000
6490000.000
6503000.000
6476600.000
6545800.000
6493600.000
6518000.000
6537400.000
6490400.000
6584800.000
6525200.000
6506800.000
6601600.000
6555200.000
6537000.000
6554200.000
6575400.000
6486600.000
6526800.000
6494200.000
6444200.000
6538000.000
6469400.000
6480600.000
6414400.000
6407600.000
6453000.000
6471800.000
6475200.000
6477000.000
6449400.000
6479600.000
6435400.000
6492800.000
6381600.000
6419200.000
6462000.000
6432400.000
6368600.000
6453400.000
6477000.000
6467600.000
6465200.000
6434600.000
6418800.000
6464600.000
6455800.000
6507600.000
6460800.000
6427600.000
6442000.000
6424000.000
6429000.000
6405600.000
6408800.000
6424200.000
6473600.000
6470600.000
6441400.000
6433000.000
6386000.000
6422000.000
6612600.000
6644600.000
6586200.000
6605800.000
6614600.000
6635400.000
6636600.000
6634400.000
6602600.000
6639800.000
6748600.000
6728400.000
6744000.000
6720800.000
6769600.000
6709800.000
6758400.000
6713600.000
6684600.000
6699000.000
6703000.000
6668200.000
6742000.000
6705000.000
6693000.000
6670200.000
6646600.000
6693600.000
6585600.000
6689200.000
6717800.000
6680600.000
6698400.000
6713800.000
6634400.000
6635200.000
6628000.000
6629400.000
6683600.000
6689600.000
6681000.000
6715600.000
6675800.000
6659800.000
6682800.000
6699200.000
6676000.000
6699200.000
6694200.000
6676600.000
6671800.000
6694400.000
6621000.000
6660800.000
6666400.000
6632400.000
6586400.000
6613000.000
6591800.000
6526400.000
6499400.000
6522400.000
6490200.000
6528400.000
6532200.000
6536800.000
6502400.000
6550200.000
6509400.000
6558400.000
6519400.000
6579200.000
6507800.000
6557200.000
6560600.000
6502000.000
6477600.000
6524000.000
6506600.000
6502400.000
6562000.000
6480600.000
6508200.000
6565800.000
6577800.000
6587800.000
6633400.000
6552800.000
6503800.000
6552800.000
6549200.000
6513000.000
6491000.000
6501400.000
6493000.000
6491200.000
6466800.000
6484200.000
6478800.000
6429600.000
6480200.000
6429000.000
6413800.000
6444600.000
6413400.000
6438800.000
6456800.000
6483000.000
6465800.000
6422800.000
6429000.000
6420200.000
6433400.000
6461400.000
6414200.000
6498600.000
6526400.000
6487600.000
6450400.000
6366000.000
6342600.000
6392800.000
6444600.000
6487200.000
6540400.000
6571600.000
6528600.000
6574000.000
6542200.000
6531600.000
6550400.000
6587000.000
6534200.000
6565400.000
6598800.000
6581200.000
6541600.000
6525800.000
6584000.000
6549600.000
6528800.000
6580800.000
6503200.000
6553600.000
6512000.000
6561000.000
6529600.000
6546200.000
6572000.000
6581200.000
6597400.000
6526800.000
6584600.000
6551800.000
6593400.000
6545200.000
6524000.000
6515400.000
6528400.000
6525200.000
6534600.000
6518400.000
6463800.000
6455400.000
6425600.000
6469600.000
6454000.000
6402800.000
6486200.000
6466200.000
6489000.000
6405000.000
6438200.000
6397600.000
6386200.000
6415200.000
6379600.000
6388400.000
6366400.000
6426400.000
6439000.000
6413600.000
6423200.000
6455000.000
6478600.000
6439200.000
6530800.000
6478000.000
6460600.000
6492600.000
6428000.000
6475200.000
6455200.000
6440600.000
6450200.000
6408400.000
6470800.000
6419600.000
6517600.000
6453200.000
6465600.000
6634400.000
6630600.000
6639000.000
6611200.000
6647800.000
6648600.000
6615400.000
6643400.000
6628800.000
6692400.000
6691600.000
6674000.000
6711800.000
6694200.000
6730600.000
6739200.000
6746200.000
6696600.000
6671000.000
6690600.000
6697600.000
6687000.000
6693000.000
6681400.000
6668400.000
6694200.000
6679600.000
6618000.000
6718800.000
6673200.000
6657000.000
6646800.000
6692000.000
6646200.000
6631000.000
6643400.000
6672000.000
6683800.000
6673600.000
6704000.000
6713200.000
6704000.000
6638600.000
6653800.000
6667000.000
6605600.000
6635400.000
6663400.000
6706200.000
6654400.000
6655000.000
6683800.000
6638000.000
6577000.000
6622800.000
6602800.000
6571800.000
6591800.000
6602000.000
6610200.000
6619800.000
6571200.000
6581400.000
6610800.000
6589400.000
6533800.000
6518000.000
6523200.000
6569600.000
6584200.000
6572800.000
6561600.000
6610600.000
6598400.000
6592000.000
6594400.000
6587400.000
6582800.000
6567800.000
6604800.000
6568000.000
6589400.000
6540600.000
6620000.000
6545000.000
6653600.000
6577000.000
6573200.000
6637800.000
6537800.000
6573000.000
6536400.000
6487000.000
6524800.000
6499600.000
6518400.000
6482600.000
6508000.000
6473400.000
6461000.000
6436200.000
6441200.000
6485000.000
6521400.000
6566600.000
6444400.000
6525000.000
6579800.000
6498400.000
6504200.000
6470400.000
6455800.000
6450800.000
6497200.000
6475600.000
6481800.000
6506400.000
6444200.000
6488600.000
6336200.000
6388600.000
6378600.000
6366000.000
6509800.000
6544400.000
6552600.000
6552200.000
6512600.000
6598200.000
6576000.000
6519400.000
6546200.000
6614000.000
6615400.000
6564200.000
6545000.000
6496600.000
6520200.000
6524800.000
6586800.000
6527800.000
6541600.000
6489000.000
6516000.000
6578600.000
6469000.000
6520000.000
6555800.000
6558400.000
6580400.000
6557200.000
6620000.000
6548800.000
6574600.000
6566400.000
6515800.000
6556000.000
6541600.000
6462200.000
6520000.000
6518800.000
6451600.000
6458200.000
6443200.000
6468000.000
6460800.000
6454000.000
6387200.000
6501400.000
6471000.000
6490600.000
6411400.000
6433600.000
6418400.000
6409000.000
6378600.000
6393400.000
6390800.000
6405400.000
6384800.000
6454800.000
6424600.000
6475800.000
6438800.000
6468600.000
6511000.000
6495200.000
6460200.000
6502000.000
6448800.000
6495200.000
6463600.000
6443400.000
6443800.000
6413600.000
6438000.000
6414200.000
6478800.000
6429800.000
6453000.000
6423000.000
6634400.000
6673800.000
6687400.000
6687200.000
6631800.000
6667600.000
6640200.000
6650600.000
6650800.000
6625200.000
6656400.000
6658600.000
6723400.000
6660000.000
6645200.000
6670600.000
6719000.000
6666200.000
6654800.000
6626600.000
6700200.000
6669000.000
6669400.000
6681200.000
6627200.000
6652800.000
6659600.000
6658200.000
6697400.000
6685200.000
6621800.000
6682400.000
6668800.000
6617800.000
6618600.000
6636200.000
6626000.000
6601200.000
6667000.000
6648200.000
6654200.000
6667000.000
6577400.000
6602400.000
6614800.000
6632200.000
6679200.000
6653600.000
6645000.000
6622400.000
6595600.000
6602800.000
6574200.000
6557400.000
6624600.000
6547400.000
6520200.000
6601200.000
6603400.000
6604400.000
6565600.000
6569800.000
6592200.000
6562600.000
6571800.000
6502400.000
6613800.000
6560800.000
6553400.000
6532600.000
6539800.000
6572200.000
6566000.000
6548200.000
6563000.000
6576600.000
6575000.000
6560400.000
6530400.000
6585400.000
6572000.000
6569600.000
6579600.000
6547400.000
6555000.000
6554600.000
6538800.000
6563000.000
6475200.000
6521600.000
6506000.000
6468000.000
6449000.000
6538600.000
6506200.000
6493000.000
6460800.000
6398400.000
6446600.000
6474000.000
6434800.000
6373000.000
6460200.000
6385200.000
6444400.000
6422600.000
6479600.000
6418600.000
6476200.000
6377400.000
6450800.000
6450600.000
6397400.000
6426200.000
6422800.000
6448800.000
6449800.000
6423400.000
6376400.000
6290200.000
6266200.000
6322600.000
6380000.000
6448400.000
6526800.000
6530000.000
6527600.000
6539800.000
6526200.000
6548800.000
6526800.000
6507800.000
6509000.000
6520400.000
6534000.000
6573400.000
6529400.000
6503600.000
6565800.000
6545400.000
6512400.000
6510000.000
6496400.000
6527000.000
6543800.000
6453200.000
6510800.000
6541600.000
6586200.000
6574800.000
6518400.000
6503600.000
6566400.000
6556800.000
6517600.000
6515600.000
6510800.000
6528000.000
6487200.000
6515800.000
6537400.000
6463600.000
6427200.000
6442000.000
6503000.000
6479400.000
6490600.000
6441400.000
6453200.000
6476800.000
6424200.000
6459800.000
6391400.000
6406000.000
6403800.000
6291600.000
6292200.000
6315800.000
6336000.000
6279400.000
6370800.000
6375400.000
6358200.000
6373600.000
6430200.000
6405400.000
6466600.000
6434200.000
6456000.000
6469000.000
6476600.000
6473600.000
6417000.000
6406600.000
6424600.000
6403800.000
6433800.000
6381800.000
6478000.000
6472000.000
6425400.000
6642200.000
6639600.000
6626800.000
6663000.000
6664600.000
6666000.000
6606000.000
6660200.000
6596600.000
6667800.000
6679400.000
6630400.000
6614000.000
6708800.000
6681600.000
6707000.000
6624000.000
6664000.000
6703000.000
6694000.000
6684000.000
6659800.000
6669400.000
6701000.000
6648000.000
6626000.000
6634200.000
6647000.000
6672400.000
6669800.000
6649400.000
6622400.000
6601000.000
6606200.000
6648200.000
6635800.000
6651600.000
6589800.000
6689200.000
6715600.000
6575000.000
6635600.000
6640200.000
6609000.000
6606000.000
6649800.000
6693800.000
6669400.000
6582800.000
6616000.000
6602200.000
6603000.000
6582600.000
6596800.000
6570800.000
6630000.000
6611600.000
6637800.000
6654600.000
6575000.000
6573400.000
6609600.000
6617800.000
6556000.000
6580000.000
6572600.000
6550000.000
6503800.000
6581200.000
6505800.000
6603600.000
6551400.000
6592200.000
6558000.000
6597400.000
6573600.000
6567800.000
6550200.000
6563600.000
6605000.000
6551200.000
6567000.000
6553400.000
6524800.000
6544000.000
6590200.000
6532000.000
6529600.000
6517600.000
6425600.000
6449000.000
6489200.000
6470600.000
6476800.000
6444000.000
6489600.000
6424400.000
6451800.000
6441200.000
6396600.000
6422400.000
6467000.000
6460800.000
6442200.000
6471600.000
6506000.000
6446400.000
6469800.000
6459400.000
6429000.000
6428000.000
6409600.000
6428600.000
6413600.000
6486800.000
6428200.000
6402400.000
6326000.000
6301200.000
6237000.000
6230400.000
6328400.000
6377800.000
6433600.000
6538600.000
6515800.000
6487800.000
6544800.000
6570600.000
6527800.000
6509600.000
6546000.000
6548600.000
6540600.000
6537400.000
6518000.000
6519200.000
6531200.000
6499000.000
6554800.000
6477200.000
6436800.000
6467200.000
6541400.000
6563200.000
6478400.000
6514600.000
6523600.000
6564800.000
6534400.000
6573200.000
6565200.000
6551000.000
6552600.000
6484600.000
6500200.000
6506000.000
6515600.000
6545800.000
6455800.000
6534600.000
6506400.000
6447800.000
6513400.000
6474000.000
6444200.000
6416400.000
6457600.000
6486000.000
6508000.000
6455800.000
6431400.000
6430000.000
6379600.000
6338600.000
6278800.000
6259200.000
6331000.000
6258000.000
6270400.000
6370000.000
6307000.000
6356400.000
6377400.000
6421000.000
6436600.000
6477000.000
6492400.000
6529800.000
6512800.000
6418800.000
6475800.000
6454000.000
6424800.000
6386400.000
6396200.000
6425200.000
6432000.000
6416400.000
6450600.000
6362600.000
6645400.000
6616400.000
6645200.000
6636000.000
6641200.000
6672600.000
6671400.000
6673200.000
6675200.000
6691800.000
6566400.000
6671800.000
6648800.000
6647600.000
6654800.000
6674200.000
6574200.000
6586800.000
6728000.000
6651600.000
6661200.000
6636000.000
6663800.000
6709200.000
6644200.000
6609000.000
6642200.000
6635400.000
6676400.000
6656000.000
6651600.000
6659600.000
6648000.000
6606600.000
6675200.000
6655400.000
6647000.000
6699200.000
6608800.000
6710000.000
6621800.000
6643200.000
6633800.000
6667000.000
6671800.000
6664200.000
6651400.000
6638400.000
6692600.000
6631400.000
6615600.000
6599200.000
6626200.000
6627400.000
6600200.000
6645200.000
6645200.000
6600000.000
6594200.000
6571000.000
6547400.000
6570600.000
6541200.000
6582600.000
6576000.000
6584400.000
6560400.000
6593200.000
6556800.000
6625600.000
6599400.000
6573200.000
6548000.000
6604800.000
6559800.000
6619000.000
6607000.000
6545600.000
6590000.000
6616400.000
6558000.000
6593400.000
6588000.000
6567400.000
6545000.000
6528800.000
6566200.000
6524000.000
6467400.000
6514200.000
6502200.000
6497800.000
6516000.000
6508000.000
6479800.000
6491400.000
6487400.000
6459600.000
6454200.000
6453600.000
6473600.000
6483800.000
6483000.000
6491600.000
6456000.000
6523400.000
6527000.000
6446200.000
6430000.000
6453000.000
6428000.000
6401600.000
6373400.000
6442600.000
6426000.000
6420600.000
6403000.000
6331000.000
6274200.000
6193800.000
6221400.000
6265400.000
6371600.000
6467800.000
6494600.000
6533600.000
6525800.000
6556200.000
6486000.000
6487400.000
6489400.000
6534600.000
6561800.000
6573800.000
6501800.000
6497000.000
6484400.000
6497000.000
6487600.000
6474200.000
6423200.000
6451600.000
6488200.000
6506400.000
6500400.000
6500000.000
6500400.000
6508000.000
6516800.000
6547200.000
6517600.000
6513000.000
6505600.000
6479200.000
6513200.000
6497200.000
6445000.000
6490800.000
6431800.000
6491600.000
6489600.000
6472600.000
6488400.000
6469200.000
6444800.000
6407200.000
6430200.000
6500000.000
6472600.000
6464200.000
6461600.000
6416400.000
6403000.000
6326400.000
6302400.000
6315800.000
6253200.000
6250200.000
6246800.000
6271000.000
6255600.000
6323400.000
6343800.000
6348200.000
6399400.000
6446000.000
6465400.000
6442000.000
6460200.000
6465200.000
6430600.000
6420200.000
6358800.000
6376200.000
6394200.000
6352600.000
6402200.000
6367600.000
6380400.000
6375200.000
6357600.000
6622600.000
6662600.000
6633400.000
6672600.000
6639800.000
6595000.000
6646800.000
6656200.000
6651400.000
6662600.000
6650400.000
6675200.000
6608200.000
6635400.000
6668800.000
6636800.000
6662800.000
6638200.000
6641400.000
6678000.000
6684600.000
6673600.000
6647600.000
6708600.000
6627200.000
6617600.000
6648400.000
6703200.000
6637200.000
6659600.000
6626200.000
6644400.000
6628600.000
6630200.000
6583800.000
6600400.000
6626800.000
6666200.000
6656200.000
6625600.000
6611800.000
6680800.000
6654600.000
6685200.000
6663200.000
6695400.000
6673200.000
6647800.000
6627800.000
6640600.000
6562000.000
6583200.000
6585400.000
6686200.000
6575600.000
6608600.000
6574800.000
6671400.000
6577400.000
6537400.000
6525600.000
6543600.000
6515800.000
6539400.000
6555600.000
6518600.000
6532800.000
6534600.000
6487600.000
6544800.000
6538400.000
6511000.000
6582600.000
6548400.000
6517000.000
6548400.000
6497800.000
6528600.000
6532600.000
6550600.000
6518200.000
6443200.000
6517200.000
6418200.000
6498000.000
6494200.000
6541600.000
6465000.000
6509600.000
6481000.000
6453600.000
6469400.000
6485000.000
6432200.000
6465800.000
6428400.000
6404600.000
6413800.000
6421000.000
6432000.000
6440000.000
6423600.000
6441200.000
6397000.000
6431800.000
6375000.000
6402200.000
6417000.000
6370200.000
6360200.000
6324200.000
6403600.000
6388000.000
6358200.000
6388000.000
6299600.000
6255600.000
6253600.000
6247600.000
6264400.000
6256200.000
6246400.000
6402200.000
6455600.000
6437400.000
6445600.000
6457200.000
6469000.000
6495400.000
6509000.000
6483200.000
6485800.000
6509600.000
6477200.000
6474000.000
6441600.000
6412600.000
6449200.000
6479600.000
6446200.000
6450000.000
6419800.000
6379000.000
6420400.000
6438800.000
6488200.000
6475200.000
6439800.000
6488800.000
6481600.000
6474200.000
6518200.000
6462800.000
6472200.000
6486600.000
6407800.000
6442600.000
6414800.000
6417800.000
6406200.000
6433200.000
6403000.000
6489600.000
6466600.000
6424800.000
6398200.000
6396600.000
6419200.000
6379600.000
6386200.000
6373000.000
6383800.000
6289000.000
6282800.000
6213200.000
6219200.000
6172200.000
6160800.000
6158800.000
6204200.000
6187000.000
6255200.000
6271400.000
6294600.000
6376200.000
6428200.000
6361000.000
6484400.000
6449800.000
6410800.000
6412200.000
6372800.000
6341600.000
6348800.000
6335400.000
6329200.000
6377200.000
6358200.000
6340200.000
6401400.000
6363000.000
6631000.000
6598600.000
6695000.000
6571200.000
6621800.000
6632200.000
6616200.000
6602400.000
6651800.000
6656000.000
6631600.000
6630600.000
6603400.000
6564200.000
6568400.000
6612000.000
6629200.000
6654600.000
6630400.000
6698800.000
6721000.000
6704800.000
6658800.000
6716600.000
6653600.000
6636800.000
6645200.000
6692000.000
6646800.000
6659800.000
6608800.000
6635000.000
6651600.000
6608800.000
6633600.000
6572000.000
6677600.000
6646600.000
6609800.000
6624800.000
6676800.000
6609000.000
6617800.000
6682000.000
6726600.000
6660600.000
6682000.000
6706400.000
6703600.000
6611600.000
6668400.000
6673600.000
6658000.000
6675800.000
6675200.000
6643000.000
6653800.000
6629400.000
6623800.000
6622400.000
6544600.000
6574400.000
6581400.000
6560800.000
6568600.000
6620000.000
6652600.000
6571200.000
6556600.000
6562000.000
6589000.000
6563000.000
6559400.000
6571800.000
6616200.000
6575200.000
6575800.000
6568600.000
6635800.000
6541800.000
6520600.000
6564800.000
6512200.000
6508600.000
6515800.000
6557400.000
6595400.000
6571800.000
6582400.000
6522400.000
6497400.000
6535600.000
6506600.000
6493000.000
6458200.000
6457000.000
6476600.000
6472400.000
6454800.000
6456800.000
6468400.000
6441000.000
6466600.000
6467400.000
6481800.000
6449000.000
6469200.000
6455000.000
6477400.000
6414400.000
6436400.000
6363200.000
6388400.000
6425800.000
6347000.000
6324400.000
6340600.000
6247000.000
6266800.000
6332600.000
6227400.000
6323000.000
6364600.000
6447400.000
6481000.000
6517800.000
6518400.000
6458000.000
6491200.000
6522600.000
6517600.000
6448400.000
6533200.000
6487800.000
6549600.000
6461400.000
6483800.000
6402800.000
6468200.000
6452000.000
6448000.000
6404800.000
6441000.000
6448600.000
6524000.000
6444200.000
6485000.000
6498800.000
6464600.000
6478200.000
6468800.000
6485200.000
6500400.000
6485400.000
6502600.000
6468600.000
6475400.000
6489200.000
6446400.000
6477000.000
6434400.000
6467800.000
6460600.000
6423000.000
6442800.000
6430000.000
6439000.000
6397200.000
6454000.000
6404800.000
6474200.000
6371800.000
6353200.000
6290200.000
6185200.000
6189400.000
6156000.000
6146400.000
6132400.000
6107200.000
6194000.000
6215600.000
6246600.000
6345200.000
6343600.000
6409600.000
6454400.000
6463600.000
6452000.000
6380400.000
6382200.000
6309800.000
6330400.000
6355400.000
6363600.000
6369800.000
6408600.000
6344400.000
6332200.000
6397400.000
6366000.000
6656400.000
6618600.000
6624600.000
6627800.000
6631400.000
6597200.000
6611400.000
6647200.000
6645000.000
6637800.000
6575800.000
6625800.000
6573600.000
6638800.000
6647200.000
6639400.000
6647200.000
6654200.000
6657400.000
6695800.000
6737200.000
6683600.000
6737200.000
6698000.000
6684200.000
6628000.000
6689400.000
6695400.000
6654000.000
6658400.000
6625000.000
6652600.000
6671600.000
6617600.000
6621800.000
6691200.000
6674200.000
6679400.000
6625400.000
6639600.000
6627000.000
6626400.000
6652000.000
6668400.000
6677600.000
6667600.000
6653800.000
6653000.000
6652000.000
6688200.000
6707400.000
6683200.000
6663400.000
6650600.000
6623600.000
6657800.000
6577600.000
6574600.000
6631000.000
6580200.000
6608000.000
6599800.000
6588600.000
6611200.000
6564400.000
6631800.000
6544000.000
6595000.000
6586200.000
6563400.000
6592800.000
6585600.000
6513600.000
6598800.000
6597400.000
6616200.000
6572800.000
6531400.000
6603000.000
6536400.000
6579400.000
6550600.000
6534000.000
6529200.000
6570800.000
6564800.000
6529200.000
6564200.000
6538400.000
6514000.000
6574800.000
6543000.000
6580600.000
6517400.000
6525000.000
6487800.000
6529000.000
6537800.000
6489000.000
6426000.000
6449600.000
6454800.000
6476800.000
6477600.000
6443000.000
6483800.000
6496800.000
6441400.000
6447400.000
6399200.000
6415400.000
6306600.000
6391600.000
6265000.000
6351600.000
6281800.000
6277200.000
6303400.000
6286400.000
6295200.000
6314800.000
6406800.000
6487200.000
6430000.000
6531600.000
6544000.000
6530400.000
6558000.000
6543000.000
6509200.000
6519600.000
6466600.000
6494800.000
6484600.000
6481600.000
6436400.000
6462800.000
6386600.000
6398600.000
6440000.000
6367800.000
6412600.000
6398600.000
6393600.000
6424800.000
6440400.000
6458600.000
6449400.000
6458200.000
6463200.000
6478600.000
6546400.000
6440600.000
6536800.000
6467800.000
6498000.000
6489000.000
6478200.000
6447800.000
6410200.000
6449400.000
6497200.000
6443400.000
6467000.000
6452400.000
6466600.000
6470800.000
6464200.000
6454000.000
6438200.000
6446200.000
6360800.000
6337000.000
6278000.000
6298200.000
6249000.000
6178200.000
6179200.000
6152400.000
6152400.000
6200200.000
6247200.000
6282400.000
6279000.000
6374800.000
6414600.000
6494600.000
6474000.000
6482600.000
6416400.000
6438200.000
6397000.000
6366600.000
6355600.000
6338000.000
6388200.000
6358000.000
6421400.000
6404400.000
6369800.000
6342400.000
6572200.000
6598000.000
6633000.000
6585600.000
6643800.000
6587000.000
6639200.000
6610600.000
6605400.000
6618000.000
6607000.000
6638200.000
6552600.000
6620600.000
6589400.000
6642600.000
6628000.000
6650600.000
6694000.000
6700400.000
6715600.000
6716400.000
6702600.000
6723400.000
6696000.000
6699000.000
6639800.000
6710800.000
6707600.000
6662400.000
6635200.000
6687000.000
6626600.000
6637200.000
6637600.000
6656000.000
6651800.000
6645800.000
6668000.000
6651200.000
6654600.000
6654400.000
6632800.000
6669000.000
6670000.000
6682800.000
6630800.000
6634600.000
6669800.000
6647200.000
6686200.000
6662800.000
6652400.000
6665200.000
6626800.000
6659800.000
6632600.000
6549400.000
6655000.000
6589800.000
6544200.000
6568200.000
6539400.000
6532800.000
6614400.000
6576400.000
6534600.000
6557000.000
6578600.000
6601600.000
6602600.000
6592600.000
6602200.000
6586800.000
6527200.000
6603200.000
6628400.000
6550200.000
6593000.000
6531800.000
6484200.000
6526600.000
6518400.000
6520200.000
6601400.000
6491400.000
6565800.000
6543200.000
6539000.000
6512000.000
6541200.000
6503200.000
6554200.000
6570800.000
6483200.000
6478400.000
6493200.000
6493200.000
6533000.000
6459600.000
6464400.000
6465600.000
6495200.000
6471600.000
6448800.000
6458400.000
6464000.000
6448800.000
6398000.000
6442000.000
6414000.000
6319800.000
6291600.000
6295000.000
6291000.000
6279000.000
6285000.000
6324000.000
6347400.000
6313200.000
6348000.000
6398600.000
6450400.000
6440800.000
6475400.000
6504400.000
6482600.000
6529400.000
6512600.000
6537400.000
6520800.000
6481800.000
6460000.000
6549400.000
6426600.000
6435200.000
6466600.000
6470800.000
6415000.000
6419200.000
6300200.000
6307200.000
6394600.000
6373000.000
6365000.000
6398200.000
6422400.000
6444400.000
6423600.000
6431000.000
6475200.000
6487800.000
6472200.000
6492400.000
6444800.000
6505000.000
6481800.000
6471400.000
6496200.000
6420600.000
6466000.000
6492600.000
6437400.000
6467600.000
6445200.000
6449200.000
6472800.000
6425000.000
6466600.000
6441600.000
6425600.000
6387400.000
6320200.000
6319200.000
6269800.000
6233400.000
6168000.000
6129600.000
6123200.000
6110000.000
6128000.000
6139400.000
6200000.000
6257000.000
6385000.000
6367400.000
6466800.000
6456600.000
6451800.000
6373400.000
6337400.000
6358200.000
6344400.000
6274200.000
6323800.000
6345600.000
6384000.000
6318400.000
6354400.000
6378800.000
6349600.000
6561400.000
6558800.000
6543000.000
6540800.000
6515400.000
6599200.000
6556800.000
6537800.000
6486400.000
6595200.000
6516600.000
6540200.000
6558800.000
6573400.000
6634400.000
6606000.000
6673600.000
6679400.000
6696000.000
6704600.000
6658000.000
6672200.000
6644800.000
6704800.000
6663400.000
6657800.000
6628000.000
6615600.000
6665600.000
6636000.000
6679600.000
6624600.000
6621400.000
6620400.000
6696600.000
6662400.000
6652000.000
6649400.000
6669400.000
6639800.000
6640600.000
6599600.000
6655200.000
6647200.000
6666400.000
6663600.000
6672600.000
6637000.000
6655400.000
6688000.000
6638400.000
6647800.000
6634000.000
6649800.000
6600000.000
6559400.000
6558400.000
6554600.000
6534200.000
6503400.000
6474000.000
6568400.000
6563200.000
6540000.000
6509400.000
6584800.000
6570600.000
6548200.000
6514000.000
6565600.000
6521400.000
6574000.000
6628200.000
6531200.000
6604800.000
6581200.000
6564000.000
6569400.000
6578400.000
6517400.000
6541400.000
6533400.000
6521400.000
6551800.000
6533800.000
6545000.000
6525200.000
6510000.000
6496400.000
6492200.000
6504200.000
6572400.000
6487000.000
6592800.000
6521600.000
6487000.000
6491200.000
6506600.000
6494800.000
6465800.000
6459200.000
6457200.000
6438600.000
6482600.000
6449800.000
6423600.000
6426800.000
6402800.000
6429200.000
6408400.000
6370000.000
6328400.000
6325600.000
6278200.000
6240200.000
6245200.000
6291400.000
6367400.000
6358800.000
6373800.000
6374000.000
6412600.000
6386600.000
6405800.000
6498000.000
6524400.000
6477200.000
6516000.000
6525000.000
6499400.000
6501200.000
6470000.000
6503800.000
6384400.000
6439200.000
6440600.000
6458600.000
6439800.000
6439600.000
6388600.000
6292200.000
6325000.000
6326200.000
6368000.000
6384200.000
6418400.000
6417400.000
6432000.000
6426200.000
6462600.000
6469400.000
6458600.000
6476800.000
6500400.000
6512800.000
6515600.000
6488000.000
6477800.000
6479200.000
6450000.000
6492000.000
6503000.000
6504000.000
6434600.000
6447800.000
6467000.000
6471800.000
6483400.000
6483200.000
6488000.000
6396200.000
6374000.000
6325400.000
6317400.000
6241000.000
6239800.000
6193600.000
6168000.000
6104800.000
6072200.000
6189400.000
6195000.000
6236400.000
6317800.000
6367000.000
6444200.000
6487400.000
6472800.000
6477800.000
6469200.000
6448200.000
6353800.000
6347000.000
6351600.000
6334400.000
6383800.000
6371800.000
6362200.000
6384800.000
6403000.000
6281600.000
6555400.000
6594200.000
6541800.000
6522200.000
6496000.000
6527600.000
6536000.000
6565400.000
6517000.000
6570600.000
6505200.000
6508800.000
6598600.000
6577400.000
6581400.000
6634200.000
6592600.000
6620600.000
6607000.000
6659400.000
6663000.000
6641000.000
6636800.000
6647600.000
6638400.000
6606800.000
6618000.000
6641600.000
6648400.000
6656400.000
6634000.000
6671400.000
6713200.000
6643200.000
6560400.000
6622200.000
6556600.000
6690000.000
6624800.000
6630200.000
6595400.000
6599200.000
6594200.000
6617200.000
6638600.000
6666200.000
6664400.000
6686000.000
6701600.000
6595200.000
6659000.000
6592600.000
6608800.000
6618600.000
6526000.000
6538400.000
6562600.000
6509200.000
6460000.000
6440000.000
6517600.000
6513800.000
6504000.000
6514600.000
6507800.000
6484800.000
6447400.000
6509600.000
6502200.000
6526200.000
6583800.000
6564200.000
6522800.000
6615800.000
6621000.000
6577800.000
6603600.000
6526200.000
6562000.000
6539400.000
6563200.000
6518600.000
6570400.000
6522400.000
6487400.000
6559000.000
6444600.000
6490400.000
6548600.000
6479400.000
6561600.000
6556400.000
6530000.000
6469400.000
6464400.000
6534800.000
6435600.000
6446600.000
6504000.000
6479000.000
6426400.000
6501200.000
6491600.000
6414200.000
6457800.000
6517800.000
6423000.000
6420800.000
6452400.000
6415000.000
6384400.000
6287400.000
6242000.000
6239400.000
6187000.000
6295000.000
6275400.000
6342800.000
6348400.000
6388000.000
6405200.000
6366000.000
6417200.000
6485400.000
6487800.000
6443000.000
6475400.000
6421000.000
6465600.000
6453000.000
6477200.000
6533200.000
6513600.000
6450000.000
6432800.000
6390000.000
6410400.000
6408200.000
6349200.000
6301800.000
6243200.000
6294800.000
6252800.000
6330000.000
6319200.000
6395400.000
6353600.000
6336200.000
6352400.000
6404400.000
6435400.000
6450200.000
6503000.000
6480400.000
6530800.000
6484800.000
6478800.000
6446800.000
6487800.000
6461800.000
6438400.000
6414400.000
6498600.000
6470600.000
6492800.000
6433200.000
6461200.000
6528800.000
6455200.000
6453400.000
6421400.000
6385800.000
6280800.000
6324400.000
6307600.000
6260800.000
6206800.000
6168000.000
6103600.000
6101400.000
6126400.000
6140200.000
6310000.000
6331600.000
6358800.000
6416000.000
6450600.000
6481800.000
6457400.000
6418600.000
6398600.000
6330800.000
6329200.000
6339200.000
6406200.000
6339400.000
6340400.000
6337800.000
6299000.000
6339400.000
6350400.000
6522800.000
6524600.000
6549000.000
6559600.000
6512200.000
6556200.000
6531000.000
6521800.000
6552400.000
6499000.000
6485600.000
6523200.000
6531400.000
6583600.000
6560800.000
6669600.000
6613600.000
6610400.000
6631000.000
6661400.000
6630400.000
6651400.000
6627800.000
6630800.000
6675800.000
6628000.000
6632800.000
6642200.000
6676800.000
6662000.000
6701600.000
6643200.000
6630200.000
6622800.000
6627800.000
6615200.000
6603000.000
6608200.000
6678400.000
6622800.000
6604800.000
6616800.000
6666200.000
6694000.000
6641400.000
6659800.000
6679600.000
6675800.000
6643600.000
6611000.000
6628400.000
6671200.000
6606000.000
6625400.000
6580200.000
6594800.000
6539800.000
6540600.000
6535600.000
6477400.000
6490200.000
6470400.000
6442800.000
6425400.000
6419400.000
6501400.000
6497600.000
6510200.000
6495800.000
6526400.000
6518200.000
6579000.000
6607400.000
6609000.000
6596400.000
6656200.000
6558600.000
6570600.000
6533600.000
6504400.000
6549400.000
6557800.000
6522200.000
6445000.000
6563400.000
6457400.000
6543200.000
6498200.000
6476200.000
6524600.000
6523800.000
6530200.000
6521400.000
6449800.000
6497600.000
6505400.000
6440200.000
6521400.000
6479800.000
6508200.000
6447200.000
6424600.000
6454000.000
6524600.000
6486400.000
6504200.000
6450400.000
6443200.000
6419400.000
6384000.000
6381200.000
6317000.000
6323400.000
6281200.000
6293800.000
6304600.000
6326800.000
6364400.000
6378400.000
6367200.000
6452000.000
6461600.000
6460200.000
6472800.000
6506600.000
6477400.000
6508400.000
6453000.000
6447600.000
6518200.000
6526800.000
6444400.000
6448400.000
6436400.000
6452800.000
6468600.000
6473400.000
6364200.000
6361600.000
6265000.000
6262800.000
6229600.000
6294600.000
6333400.000
6368000.000
6310600.000
6371000.000
6416800.000
6391200.000
6381000.000
6392400.000
6486000.000
6470000.000
6481200.000
6474400.000
6528800.000
6500800.000
6522000.000
6510600.000
6505000.000
6456800.000
6480400.000
6533400.000
6495000.000
6468200.000
6514600.000
6456800.000
6482200.000
6515800.000
6449400.000
6445200.000
6359600.000
6308400.000
6331200.000
6294400.000
6282400.000
6244000.000
6185200.000
6159600.000
6154800.000
6203400.000
6232400.000
6293200.000
6390200.000
6361000.000
6483800.000
6446200.000
6462400.000
6506200.000
6402600.000
6367400.000
6352200.000
6382800.000
6382600.000
6341800.000
6359000.000
6303600.000
6356800.000
6361800.000
6375800.000
6408600.000
6585000.000
6525600.000
6543200.000
6553200.000
6495400.000
6475000.000
6550400.000
6494800.000
6489400.000
6511600.000
6514400.000
6491200.000
6555800.000
6525400.000
6554200.000
6587000.000
6653600.000
6625600.000
6596800.000
6645600.000
6604800.000
6617800.000
6643200.000
6652200.000
6582000.000
6560000.000
6593000.000
6691400.000
6625000.000
6670400.000
6644800.000
6679800.000
6617000.000
6614600.000
6619200.000
6564400.000
6632000.000
6627400.000
6675000.000
6674400.000
6616400.000
6611200.000
6612400.000
6645400.000
6608400.000
6669600.000
6676800.000
6675200.000
6668400.000
6593800.000
6641200.000
6636200.000
6627400.000
6585400.000
6614600.000
6535800.000
6479400.000
6519200.000
6503200.000
6492600.000
6458400.000
6422600.000
6464800.000
6452200.000
6434400.000
6444400.000
6464600.000
6439800.000
6523800.000
6458000.000
6551600.000
6569000.000
6584800.000
6582000.000
6633200.000
6614800.000
6566800.000
6529400.000
6510600.000
6502600.000
6493600.000
6502200.000
6474600.000
6477200.000
6486600.000
6486400.000
6490000.000
6460000.000
6514200.000
6489200.000
6509800.000
6480800.000
6498200.000
6483600.000
6461800.000
6465000.000
6528400.000
6498400.000
6500600.000
6463600.000
6427400.000
6474600.000
6456200.000
6450400.000
6431200.000
6417600.000
6446000.000
6433800.000
6429000.000
6432600.000
6394800.000
6342800.000
6286000.000
6303400.000
6299400.000
6267600.000
6356400.000
6353400.000
6413200.000
6434000.000
6437400.000
6469800.000
6430000.000
6459000.000
6425200.000
6448200.000
6451600.000
6520200.000
6472600.000
6493200.000
6479800.000
6446800.000
6443600.000
6424800.000
6430800.000
6391400.000
6344200.000
6345000.000
6291400.000
6276000.000
6275400.000
6318200.000
6282800.000
6264800.000
6263600.000
6273400.000
6303000.000
6243200.000
6291800.000
6349800.000
6335600.000
6382800.000
6401000.000
6436200.000
6459400.000
6451000.000
6456000.000
6444000.000
6479000.000
6492400.000
6494800.000
6509400.000
6452600.000
6440600.000
6479400.000
6447600.000
6410200.000
6432200.000
6490000.000
6421800.000
6401600.000
6405400.000
6329000.000
6326200.000
6327600.000
6304200.000
6267000.000
6207200.000
6167600.000
6205400.000
6196600.000
6240600.000
6262400.000
6346200.000
6395000.000
6409200.000
6431600.000
6433000.000
6402800.000
6406400.000
6323800.000
6349600.000
6281800.000
6328400.000
6330200.000
6339400.000
6292400.000
6262200.000
6359600.000
6366800.000
6351600.000
6497200.000
6467800.000
6547000.000
6513000.000
6462600.000
6502000.000
6461800.000
6509600.000
6495000.000
6479400.000
6533200.000
6577000.000
6543600.000
6567600.000
6582800.000
6589000.000
6612800.000
6621000.000
6644200.000
6576400.000
6630200.000
6626400.000
6619400.000
6629600.000
6628600.000
6627000.000
6632800.000
6623000.000
6695800.000
6678200.000
6630200.000
6581000.000
6567000.000
6620000.000
6613800.000
6635400.000
6616200.000
6619200.000
6676200.000
6682200.000
6640800.000
6637800.000
6611400.000
6598200.000
6662000.000
6672200.000
6640000.000
6642600.000
6660600.000
6644000.000
6660200.000
6602400.000
6568400.000
6562400.000
6604000.000
6582200.000
6542400.000
6469000.000
6468600.000
6452600.000
6420000.000
6368000.000
6423200.000
6405000.000
6407000.000
6403400.000
6414000.000
6420400.000
6454000.000
6461000.000
6468600.000
6475200.000
6523000.000
6530200.000
6532000.000
6542000.000
6535800.000
6510600.000
6533200.000
6495200.000
6557800.000
6528400.000
6492000.000
6430200.000
6443800.000
6444000.000
6451400.000
6478400.000
6446800.000
6510000.000
6469800.000
6478000.000
6452400.000
6436200.000
6437200.000
6473200.000
6432600.000
6496000.000
6453800.000
6412400.000
6413800.000
6400000.000
6475400.000
6428400.000
6401200.000
6426000.000
6453400.000
6381000.000
6366800.000
6425200.000
6405800.000
6323200.000
6367800.000
6303200.000
6358800.000
6360000.000
6316200.000
6336200.000
6349200.000
6439400.000
6417800.000
6477400.000
6418800.000
6428200.000
6464600.000
6478800.000
6449400.000
6478400.000
6449600.000
6496800.000
6424600.000
6488000.000
6409200.000
6396600.000
6403400.000
6405200.000
6281000.000
6291000.000
6276000.000
6270400.000
6243600.000
6260400.000
6226600.000
6196200.000
6233200.000
6257400.000
6220800.000
6261600.000
6311600.000
6330200.000
6327200.000
6279400.000
6388400.000
6411200.000
6365400.000
6425400.000
6463200.000
6480000.000
6419200.000
6435800.000
6446000.000
6479200.000
6436000.000
6488800.000
6444800.000
6409800.000
6411400.000
6427600.000
6477200.000
6456800.000
6411200.000
6349000.000
6350400.000
6320400.000
6313800.000
6286800.000
6289600.000
6192400.000
6227600.000
6271800.000
6287600.000
6305200.000
6347200.000
6363600.000
6422000.000
6415200.000
6437800.000
6416800.000
6359600.000
6394200.000
6360200.000
6382000.000
6323000.000
6403400.000
6373400.000
6289600.000
6317000.000
6308200.000
6379000.000
6341600.000
6380400.000
6475600.000
6528200.000
6538800.000
6470600.000
6480600.000
6453600.000
6411200.000
6504600.000
6497400.000
6506400.000
6475400.000
6533200.000
6547600.000
6522600.000
6557600.000
6601400.000
6536800.000
6610200.000
6588200.000
6610200.000
6611000.000
6637800.000
6644600.000
6644400.000
6619200.000
6613200.000
6695200.000
6655800.000
6706600.000
6635000.000
6546800.000
6571800.000
6538200.000
6591200.000
6602800.000
6602200.000
6656600.000
6649800.000
6650800.000
6633000.000
6624000.000
6596400.000
6609800.000
6610400.000
6585200.000
6602400.000
6633600.000
6614400.000
6608400.000
6584800.000
6613400.000
6588000.000
6554600.000
6573800.000
6565400.000
6549000.000
6486200.000
6505800.000
6468400.000
6435800.000
6422400.000
6405200.000
6357000.000
6388200.000
6317200.000
6418000.000
6391600.000
6353200.000
6378600.000
6437400.000
6404000.000
6465000.000
6505600.000
6526400.000
6497400.000
6554000.000
6581400.000
6536200.000
6525800.000
6542000.000
6435000.000
6420200.000
6468400.000
6455000.000
6371800.000
6465000.000
6457600.000
6433800.000
6409600.000
6454400.000
6440600.000
6454200.000
6468800.000
6425000.000
6458400.000
6395400.000
6419400.000
6444200.000
6421400.000
6477000.000
6421800.000
6464800.000
6473400.000
6439400.000
6454000.000
6433800.000
6460800.000
6458000.000
6455000.000
6422800.000
6435800.000
6402600.000
6411800.000
6417800.000
6394600.000
6347400.000
6378800.000
6353200.000
6421200.000
6424800.000
6450800.000
6497000.000
6447200.000
6420200.000
6482000.000
6461600.000
6490000.000
6502000.000
6445600.000
6436600.000
6467400.000
6447400.000
6483000.000
6428400.000
6410600.000
6401800.000
6343600.000
6259800.000
6335000.000
6237400.000
6224200.000
6224600.000
6198800.000
6209800.000
6194800.000
6257400.000
6255000.000
6259200.000
6265400.000
6240200.000
6315200.000
6318400.000
6380600.000
6437200.000
6441800.000
6434800.000
6492800.000
6417200.000
6475400.000
6485600.000
6417200.000
6419200.000
6384800.000
6438600.000
6469600.000
6381800.000
6389200.000
6454800.000
6405400.000
6453800.000
6417000.000
6359800.000
6378400.000
6363600.000
6286200.000
6331800.000
6350800.000
6271600.000
6298800.000
6295400.000
6338600.000
6347400.000
6297200.000
6375400.000
6370000.000
6444000.000
6446400.000
6378200.000
6370200.000
6376400.000
6353200.000
6323200.000
6302200.000
6382400.000
6350800.000
6307000.000
6312200.000
6386200.000
6345200.000
6350400.000
6423400.000
6504000.000
6479000.000
6471200.000
6458200.000
6484000.000
6441800.000
6489800.000
6496600.000
6526600.000
6489000.000
6483200.000
6490400.000
6516200.000
6558400.000
6568400.000
6597800.000
6566200.000
6563600.000
6624200.000
6608800.000
6606000.000
6599600.000
6593800.000
6582600.000
6581800.000
6638000.000
6658200.000
6675400.000
6651600.000
6618400.000
6569800.000
6575400.000
6571200.000
6617400.000
6628600.000
6576600.000
6621800.000
6664200.000
6611000.000
6621800.000
6581000.000
6593600.000
6616600.000
6636400.000
6618800.000
6639800.000
6666000.000
6628800.000
6618800.000
6572200.000
6610400.000
6559600.000
6542800.000
6550200.000
6576000.000
6542800.000
6497000.000
6491400.000
6450200.000
6392000.000
6368200.000
6382600.000
6330000.000
6299200.000
6281600.000
6329800.000
6308800.000
6362800.000
6354600.000
6390200.000
6398800.000
6481600.000
6448200.000
6582400.000
6552400.000
6608000.000
6560000.000
6531600.000
6479400.000
6469800.000
6486400.000
6445800.000
6423600.000
6437000.000
6446600.000
6386600.000
6422000.000
6410800.000
6466000.000
6457000.000
6442200.000
6406600.000
6376600.000
6400800.000
6414200.000
6418200.000
6465400.000
6462000.000
6450200.000
6422800.000
6433400.000
6454000.000
6475200.000
6445200.000
6461200.000
6492200.000
6443200.000
6389600.000
6378400.000
6438200.000
6440800.000
6370200.000
6381200.000
6390600.000
6400600.000
6433200.000
6387800.000
6390800.000
6433200.000
6444400.000
6465000.000
6450200.000
6458600.000
6418200.000
6456000.000
6449800.000
6441600.000
6475200.000
6428000.000
6467000.000
6421000.000
6442800.000
6382800.000
6378800.000
6366600.000
6343800.000
6309400.000
6300000.000
6333200.000
6323400.000
6283200.000
6236000.000
6283600.000
6243800.000
6282600.000
6205200.000
6268400.000
6278200.000
6312400.000
6326600.000
6369600.000
6432400.000
6425200.000
6404600.000
6427800.000
6462000.000
6434600.000
6442000.000
6425400.000
6461800.000
6420200.000
6388200.000
6479000.000
6459200.000
6403000.000
6373800.000
6426400.000
6457400.000
6388200.000
6405200.000
6377000.000
6402000.000
6363200.000
6358400.000
6365600.000
6362000.000
6370400.000
6386200.000
6360200.000
6362400.000
6361200.000
6338400.000
6312200.000
6391200.000
6400800.000
6430200.000
6408000.000
6376200.000
6370400.000
6390600.000
6372600.000
6319000.000
6422600.000
6276800.000
6369200.000
6398000.000
6382000.000
6370600.000
6420200.000
6420400.000
6395800.000
6475000.000
6504400.000
6471000.000
6459200.000
6437400.000
6519200.000
6450600.000
6470800.000
6483000.000
6486200.000
6481400.000
6488800.000
6552400.000
6568000.000
6530600.000
6565200.000
6585200.000
6582800.000
6535400.000
6557000.000
6580200.000
6518800.000
6607000.000
6606000.000
6609600.000
6623200.000
6613200.000
6655800.000
6574200.000
6594600.000
6587200.000
6529200.000
6602000.000
6616400.000
6688000.000
6591800.000
6622400.000
6595800.000
6551000.000
6611800.000
6554400.000
6551200.000
6581000.000
6578000.000
6608600.000
6599400.000
6592600.000
6602800.000
6571000.000
6572800.000
6600200.000
6552000.000
6547000.000
6492400.000
6456400.000
6489200.000
6464200.000
6472000.000
6454800.000
6341200.000
6355400.000
6330800.000
6301400.000
6287400.000
6266600.000
6256600.000
6276200.000
6297400.000
6327800.000
6348000.000
6369000.000
6430200.000
6523000.000
6509400.000
6561800.000
6577800.000
6554600.000
6578200.000
6537400.000
6537400.000
6410600.000
6458600.000
6384800.000
6386200.000
6366400.000
6364600.000
6406800.000
6340800.000
6423800.000
6419200.000
6387400.000
6396800.000
6365600.000
6429400.000
6371800.000
6406000.000
6383000.000
6403000.000
6393000.000
6384200.000
6400200.000
6442600.000
6425800.000
6452800.000
6415200.000
6442400.000
6416000.000
6412800.000
6438600.000
6439200.000
6398000.000
6403200.000
6447400.000
6411200.000
6373400.000
6379600.000
6405200.000
6393400.000
6408600.000
6423600.000
6436600.000
6480000.000
6424400.000
6440000.000
6454400.000
6396000.000
6473200.000
6450000.000
6384200.000
6372200.000
6421600.000
6458600.000
6427600.000
6372800.000
6361400.000
6355600.000
6345400.000
6327200.000
6332800.000
6375000.000
6284400.000
6303800.000
6254800.000
6253400.000
6234000.000
6282400.000
6280000.000
6307800.000
6325400.000
6332400.000
6420600.000
6376200.000
6407200.000
6386600.000
6420800.000
6435800.000
6453200.000
6344800.000
6390400.000
6463400.000
6417800.000
6417200.000
6411400.000
6340400.000
6381800.000
6373000.000
6385800.000
6352000.000
6353400.000
6382000.000
6343400.000
6368200.000
6335800.000
6330400.000
6316800.000
6329000.000
6375000.000
6322200.000
6377800.000
6333600.000
6334400.000
6414600.000
6277200.000
6335000.000
6330000.000
6372600.000
6437600.000
6324400.000
6319200.000
6273600.000
6260600.000
6303600.000
6320000.000
6299200.000
6381000.000
6342800.000
6360400.000
6318000.000
6414200.000
6370800.000
6344800.000

Notes: 
Time: 2025-09-10_17-58-48