VxRange in distance [um]: [-20.980420 6.991608] NVx:201 bFixVx:0 FixVx:-0.050010
VyRange in distance [um]: [-9.135664 18.836364] NVy:201 bFixVy:0 FixVy:0.034680
VzRange: [100.000000 120.000000] NVz:51 bFixVz:1 FixVz:111.600000
DTRange: [0.001000 0.003000] NDT:10 bFixVDT:1 FixVDT:0.005000
Size: [201 201]
166600.000
177800.000
184000.000
184400.000
162400.000
173400.000
169000.000
167400.000
185400.000
169600.000
180800.000
174400.000
178200.000
175600.000
179000.000
175200.000
176200.000
182000.000
174600.000
182800.000
176600.000
178600.000
187400.000
185400.000
192000.000
174800.000
175800.000
187400.000
173200.000
185800.000
182000.000
175200.000
180600.000
180600.000
182200.000
180400.000
173200.000
175200.000
181200.000
176000.000
171600.000
176800.000
180000.000
184400.000
171600.000
183200.000
183000.000
183600.000
179200.000
182400.000
171000.000
182600.000
179000.000
173400.000
182400.000
178400.000
187800.000
177600.000
169400.000
189200.000
169800.000
181400.000
194200.000
193600.000
186000.000
190600.000
183800.000
183800.000
178000.000
181800.000
181200.000
171000.000
179200.000
185600.000
178800.000
182800.000
181200.000
189200.000
178800.000
182400.000
176200.000
176400.000
179400.000
185000.000
183200.000
179800.000
175000.000
170800.000
192600.000
191200.000
182800.000
181000.000
180200.000
181400.000
169000.000
169400.000
172400.000
176400.000
178400.000
176200.000
175600.000
181000.000
176000.000
186400.000
184600.000
176200.000
183600.000
176600.000
180600.000
183800.000
172200.000
178800.000
186000.000
174200.000
184800.000
181000.000
177000.000
166400.000
177600.000
184200.000
186400.000
180200.000
170800.000
173200.000
173600.000
173400.000
162000.000
179000.000
173400.000
174200.000
171200.000
180200.000
169000.000
168800.000
172400.000
181200.000
172400.000
178800.000
167600.000
160000.000
175400.000
162600.000
168400.000
172800.000
165200.000
171800.000
168600.000
171600.000
172600.000
166200.000
174000.000
174800.000
170800.000
187400.000
172600.000
163200.000
155800.000
169600.000
167000.000
167600.000
158600.000
168600.000
159400.000
161800.000
159600.000
158600.000
158400.000
158800.000
170000.000
160600.000
162400.000
158200.000
163000.000
164400.000
149800.000
146600.000
157800.000
152600.000
156000.000
153800.000
156400.000
155800.000
144200.000
157200.000
148400.000
138800.000
145600.000
136400.000
153400.000
140000.000
138200.000
151000.000
150800.000
143800.000
143000.000
136200.000
146600.000
136600.000
142000.000
137800.000
138000.000
178200.000
171800.000
171600.000
168200.000
171600.000
185200.000
173400.000
183600.000
177200.000
178400.000
178600.000
179600.000
175600.000
170000.000
174200.000
170400.000
176400.000
177200.000
180600.000
180000.000
187000.000
179200.000
175200.000
174200.000
175200.000
181400.000
179800.000
167800.000
185000.000
178600.000
173000.000
176800.000
182000.000
176400.000
182000.000
166600.000
179200.000
185200.000
181000.000
173000.000
185800.000
181600.000
178200.000
180200.000
182200.000
184000.000
186200.000
186800.000
187600.000
183200.000
190600.000
181800.000
183600.000
186800.000
173800.000
181800.000
180800.000
186000.000
180800.000
185200.000
179600.000
172000.000
184800.000
172600.000
187800.000
172200.000
174600.000
178800.000
172600.000
182600.000
191000.000
183200.000
176000.000
178000.000
178000.000
182800.000
173800.000
175400.000
177600.000
182400.000
177400.000
184800.000
184200.000
186200.000
179000.000
188400.000
178800.000
188600.000
177000.000
186000.000
189600.000
190400.000
181200.000
182400.000
177400.000
182600.000
192200.000
171400.000
187200.000
169200.000
179600.000
177600.000
165000.000
183200.000
184600.000
181400.000
180000.000
180400.000
176800.000
186000.000
184000.000
186000.000
187400.000
178200.000
172000.000
176200.000
173600.000
180600.000
164600.000
181200.000
168600.000
179800.000
182000.000
190400.000
179600.000
170200.000
175400.000
179200.000
180000.000
171000.000
180800.000
171000.000
177200.000
171000.000
174800.000
164600.000
162400.000
177400.000
175400.000
171800.000
168400.000
171600.000
157600.000
157400.000
160000.000
172400.000
163600.000
156800.000
164600.000
173000.000
163600.000
162200.000
168600.000
167400.000
157400.000
164200.000
157200.000
169000.000
165600.000
158800.000
163600.000
173200.000
177400.000
155000.000
163200.000
167000.000
158800.000
164600.000
158200.000
155200.000
160200.000
161800.000
151000.000
158600.000
156800.000
158200.000
152400.000
155200.000
150000.000
149200.000
156000.000
146400.000
137400.000
142400.000
152600.000
143600.000
155600.000
156600.000
147600.000
141000.000
140400.000
140200.000
153800.000
142600.000
150800.000
132400.000
150200.000
141400.000
136400.000
137800.000
131600.000
174200.000
170400.000
176200.000
175600.000
175000.000
172200.000
183600.000
178400.000
155200.000
160600.000
184600.000
178800.000
183200.000
174000.000
194600.000
173800.000
172600.000
176600.000
173400.000
165800.000
179600.000
184000.000
185000.000
177000.000
180600.000
175800.000
175200.000
174600.000
181000.000
181400.000
182000.000
172000.000
171200.000
183600.000
170000.000
179600.000
181000.000
176200.000
180600.000
184200.000
183000.000
176400.000
181200.000
180800.000
179600.000
174400.000
181200.000
179800.000
178800.000
182400.000
168800.000
173000.000
179000.000
172000.000
173600.000
185800.000
183600.000
183000.000
185800.000
189400.000
186200.000
173200.000
196000.000
177800.000
186400.000
193000.000
173400.000
175000.000
186200.000
188400.000
182200.000
171600.000
168200.000
181000.000
187000.000
181600.000
185000.000
179200.000
185600.000
191600.000
180400.000
175600.000
176400.000
184400.000
178400.000
186600.000
188200.000
193200.000
176600.000
185800.000
183400.000
181400.000
189400.000
176000.000
165400.000
169200.000
181200.000
169000.000
174400.000
184800.000
173200.000
181600.000
174800.000
186800.000
185800.000
177200.000
183400.000
179800.000
179600.000
178400.000
176400.000
178800.000
181600.000
189200.000
172800.000
173800.000
188200.000
178000.000
165400.000
186800.000
183200.000
171000.000
177600.000
160600.000
181000.000
170400.000
174400.000
177400.000
175200.000
172200.000
170800.000
171800.000
171400.000
176000.000
176200.000
168800.000
172400.000
163600.000
180800.000
161000.000
165800.000
173200.000
184200.000
168000.000
170400.000
171200.000
166000.000
172200.000
159000.000
167600.000
164000.000
168000.000
160200.000
166800.000
160200.000
163600.000
163000.000
156600.000
164400.000
162600.000
158400.000
164200.000
165600.000
170000.000
159000.000
154600.000
158800.000
162400.000
154400.000
153800.000
155200.000
159000.000
160600.000
156600.000
143000.000
149000.000
155400.000
162000.000
152000.000
146800.000
132800.000
141800.000
158400.000
157400.000
149400.000
148400.000
146200.000
153000.000
146000.000
146200.000
137600.000
143200.000
139200.000
141400.000
140400.000
132800.000
140200.000
135200.000
139800.000
138600.000
137200.000
176400.000
183000.000
169200.000
171600.000
173800.000
176800.000
175200.000
175000.000
165200.000
179800.000
181000.000
174800.000
183800.000
165400.000
169400.000
179400.000
173400.000
170200.000
191800.000
183600.000
178000.000
178000.000
174600.000
180800.000
180000.000
189400.000
190400.000
190000.000
178600.000
170400.000
165800.000
166000.000
169600.000
188000.000
170600.000
172800.000
174000.000
165600.000
161000.000
178800.000
172000.000
181400.000
179000.000
180600.000
185000.000
180200.000
180600.000
187400.000
180400.000
170600.000
184600.000
170600.000
175800.000
174600.000
184400.000
188200.000
180800.000
171800.000
179400.000
182800.000
186200.000
184000.000
177800.000
179200.000
175800.000
179200.000
173400.000
183800.000
175200.000
177200.000
177400.000
186400.000
181600.000
190800.000
182600.000
187600.000
188600.000
176800.000
176000.000
180200.000
180000.000
179800.000
171000.000
185600.000
186400.000
176000.000
185600.000
185000.000
185200.000
182400.000
184200.000
176800.000
176200.000
179200.000
171000.000
173200.000
173400.000
175400.000
176800.000
180800.000
183800.000
181200.000
174800.000
181800.000
172000.000
174400.000
185200.000
182600.000
191200.000
174200.000
177400.000
185000.000
180600.000
169800.000
180000.000
172400.000
182200.000
179800.000
184600.000
182800.000
171200.000
171600.000
173400.000
175400.000
172200.000
182000.000
174000.000
173000.000
175800.000
176600.000
172400.000
176600.000
176400.000
172800.000
168000.000
174800.000
163400.000
165200.000
167000.000
166200.000
170200.000
158400.000
166400.000
168400.000
162600.000
169800.000
167600.000
169000.000
175000.000
166000.000
169400.000
171000.000
177000.000
161400.000
164800.000
163200.000
163600.000
171400.000
158600.000
172400.000
163200.000
162200.000
155600.000
150000.000
157400.000
171200.000
166800.000
163000.000
163200.000
149600.000
169000.000
160600.000
159000.000
149000.000
156800.000
161800.000
155600.000
147600.000
143200.000
147800.000
148200.000
147000.000
149200.000
153000.000
147800.000
137800.000
150200.000
139600.000
138800.000
157600.000
148800.000
146400.000
137600.000
142600.000
141600.000
134000.000
141800.000
148400.000
137800.000
124000.000
137800.000
181400.000
163800.000
173800.000
177200.000
178800.000
166000.000
160800.000
174800.000
191200.000
175200.000
179000.000
191400.000
183000.000
166200.000
187800.000
181600.000
172000.000
185200.000
177200.000
176200.000
181800.000
174400.000
184000.000
171600.000
177800.000
187800.000
187000.000
179400.000
166400.000
182400.000
165000.000
173600.000
170200.000
169400.000
176200.000
179600.000
184000.000
183000.000
176400.000
184200.000
176400.000
181000.000
186600.000
183800.000
176000.000
195600.000
175600.000
178400.000
195400.000
182800.000
178800.000
184800.000
174600.000
189200.000
185000.000
177200.000
170200.000
179400.000
187200.000
194400.000
174600.000
185000.000
179800.000
182800.000
178800.000
175800.000
184800.000
187800.000
173600.000
182200.000
176400.000
178800.000
175600.000
172200.000
183200.000
183200.000
185800.000
184000.000
176200.000
182000.000
185000.000
190600.000
183000.000
185800.000
180200.000
188000.000
179400.000
183400.000
171000.000
182800.000
183400.000
181600.000
186200.000
186400.000
188000.000
180000.000
174800.000
174000.000
175200.000
161400.000
175800.000
166000.000
183600.000
193000.000
184600.000
191200.000
180400.000
179600.000
176200.000
178800.000
180800.000
182000.000
191000.000
184200.000
176600.000
184000.000
178000.000
179600.000
177400.000
188000.000
179400.000
168000.000
170000.000
185200.000
173600.000
172200.000
179200.000
168800.000
174200.000
171000.000
171000.000
179400.000
170400.000
170000.000
174600.000
171600.000
168200.000
164400.000
169600.000
159800.000
161600.000
171400.000
172800.000
166800.000
173800.000
164000.000
174800.000
167200.000
162000.000
162800.000
168600.000
169200.000
166600.000
166000.000
159200.000
169400.000
157200.000
170400.000
167400.000
172000.000
164000.000
151600.000
160200.000
167400.000
169600.000
166400.000
149600.000
159400.000
156600.000
164000.000
170800.000
161600.000
156600.000
157800.000
152400.000
160400.000
152800.000
151400.000
155400.000
150800.000
150000.000
147200.000
145200.000
151600.000
144000.000
152600.000
149600.000
157400.000
142000.000
142000.000
145600.000
144400.000
152400.000
148600.000
138800.000
143800.000
142000.000
130600.000
142200.000
136200.000
144200.000
171800.000
178000.000
171200.000
177000.000
168600.000
175400.000
173400.000
175800.000
166200.000
177000.000
188200.000
182800.000
174400.000
188200.000
174000.000
174800.000
174400.000
173600.000
179800.000
175200.000
184000.000
185800.000
181000.000
173400.000
192000.000
185600.000
181400.000
169200.000
177400.000
179800.000
179400.000
179000.000
176800.000
175000.000
169800.000
183000.000
176400.000
179200.000
185800.000
191400.000
174000.000
171800.000
184200.000
185800.000
171200.000
180400.000
173000.000
181600.000
182800.000
188600.000
185000.000
175000.000
189000.000
191800.000
177600.000
185400.000
189400.000
200400.000
180400.000
182600.000
178000.000
176400.000
180400.000
185600.000
184000.000
185200.000
188000.000
172800.000
179400.000
178000.000
169600.000
186000.000
184000.000
175800.000
177600.000
170000.000
186600.000
182200.000
182200.000
186600.000
180200.000
191200.000
179600.000
181800.000
180200.000
168600.000
191000.000
190400.000
184600.000
190000.000
179000.000
177800.000
186000.000
185200.000
175800.000
175600.000
172800.000
175800.000
170000.000
175000.000
169200.000
184600.000
177400.000
185200.000
184600.000
180400.000
181200.000
174600.000
172600.000
178600.000
179800.000
184000.000
178400.000
173800.000
186200.000
175600.000
177200.000
177200.000
176200.000
175600.000
165200.000
180200.000
176400.000
177400.000
189600.000
163000.000
171000.000
178400.000
185200.000
174800.000
184200.000
181000.000
174400.000
171800.000
170000.000
179800.000
174800.000
162000.000
160400.000
167000.000
172400.000
159800.000
182400.000
170200.000
168400.000
171800.000
162000.000
159800.000
156000.000
164400.000
171400.000
177200.000
169800.000
164400.000
160200.000
170400.000
167800.000
153600.000
167800.000
171800.000
166400.000
165800.000
154600.000
157800.000
167800.000
163800.000
165800.000
158400.000
159000.000
164400.000
169600.000
152000.000
165800.000
149800.000
158000.000
151000.000
151600.000
147200.000
146000.000
154600.000
148000.000
150000.000
152400.000
147800.000
174000.000
146600.000
150800.000
145600.000
156000.000
143000.000
153600.000
146000.000
146200.000
142800.000
141000.000
133200.000
135400.000
145000.000
141000.000
134000.000
137600.000
173800.000
172800.000
184400.000
172600.000
175800.000
184200.000
168200.000
171800.000
184400.000
169800.000
180000.000
190400.000
171800.000
174400.000
178400.000
167600.000
176800.000
176800.000
182400.000
186400.000
180800.000
178800.000
176200.000
185000.000
183200.000
190800.000
193200.000
184200.000
179400.000
179400.000
181000.000
172200.000
183400.000
187800.000
175400.000
195000.000
167600.000
173800.000
187400.000
190600.000
178800.000
174800.000
184000.000
187400.000
178400.000
189800.000
187400.000
184200.000
188200.000
180000.000
183800.000
177000.000
177200.000
178200.000
187400.000
184600.000
200600.000
190400.000
188400.000
184200.000
185000.000
178400.000
184000.000
180200.000
187600.000
184600.000
182000.000
194000.000
185600.000
182600.000
185800.000
180000.000
190200.000
179200.000
184200.000
184400.000
181200.000
186600.000
190200.000
190800.000
175400.000
181000.000
181200.000
182200.000
180600.000
185200.000
183200.000
178000.000
181800.000
190800.000
180200.000
179600.000
180200.000
183000.000
171600.000
181000.000
173400.000
174000.000
165800.000
170400.000
173200.000
183600.000
180600.000
174200.000
189000.000
183200.000
187000.000
183800.000
181600.000
178400.000
178000.000
185200.000
166600.000
182200.000
170200.000
172600.000
177600.000
170600.000
187600.000
186800.000
187000.000
180000.000
180200.000
177200.000
176000.000
174600.000
174800.000
169600.000
175600.000
173200.000
173600.000
168000.000
177800.000
172600.000
175400.000
182200.000
179400.000
159000.000
169200.000
171000.000
163600.000
168000.000
162800.000
185600.000
171000.000
164400.000
175200.000
173400.000
168800.000
163800.000
164200.000
165800.000
177200.000
172400.000
172800.000
162200.000
166600.000
166800.000
163800.000
162000.000
172600.000
173800.000
161800.000
166800.000
153000.000
159200.000
157200.000
161800.000
163200.000
164000.000
159600.000
154200.000
168600.000
155000.000
156600.000
154000.000
158400.000
153800.000
147000.000
151600.000
154800.000
147600.000
143000.000
154200.000
157400.000
148800.000
146400.000
151800.000
144200.000
139800.000
146200.000
145600.000
143200.000
146000.000
138400.000
143800.000
134800.000
143600.000
132200.000
132400.000
133600.000
163800.000
181800.000
189800.000
159000.000
177400.000
172200.000
181000.000
187200.000
169800.000
172400.000
183200.000
172200.000
183800.000
174800.000
183000.000
173200.000
172000.000
168800.000
179400.000
180800.000
169600.000
196800.000
177400.000
179600.000
181600.000
192400.000
189000.000
182600.000
172800.000
178400.000
163400.000
169400.000
175400.000
169000.000
177400.000
179400.000
182600.000
180400.000
185800.000
183400.000
177000.000
182000.000
169800.000
193400.000
176600.000
180200.000
182800.000
176800.000
189000.000
183600.000
178800.000
174400.000
186800.000
185000.000
187600.000
174200.000
179200.000
175600.000
189800.000
176000.000
190200.000
191000.000
199200.000
175600.000
187200.000
181600.000
181200.000
185600.000
180600.000
176000.000
192200.000
187800.000
195400.000
182000.000
184000.000
193000.000
173200.000
183600.000
175000.000
178200.000
170200.000
188800.000
165600.000
178400.000
174800.000
172200.000
179600.000
187600.000
182400.000
175600.000
176200.000
189400.000
184600.000
176800.000
175000.000
173800.000
173800.000
166800.000
164200.000
173000.000
195000.000
182000.000
178000.000
188800.000
180400.000
169400.000
187600.000
174800.000
184800.000
183400.000
174200.000
173200.000
186000.000
181800.000
187600.000
177200.000
175800.000
177600.000
171600.000
179200.000
184200.000
178000.000
181400.000
174600.000
183200.000
171800.000
173600.000
167800.000
178400.000
184200.000
170400.000
180600.000
183800.000
170000.000
166400.000
167200.000
169400.000
177000.000
175200.000
165000.000
168600.000
167800.000
164200.000
175000.000
162800.000
167200.000
162000.000
169800.000
170800.000
173800.000
174200.000
169600.000
159200.000
173600.000
170800.000
163600.000
167600.000
171000.000
159800.000
162000.000
167800.000
157800.000
159000.000
155400.000
155000.000
164200.000
167400.000
158000.000
161600.000
155200.000
161400.000
165000.000
163000.000
154400.000
149200.000
161200.000
161000.000
150800.000
155600.000
149600.000
147000.000
153200.000
152800.000
150400.000
157400.000
147800.000
143400.000
142800.000
151200.000
150800.000
143800.000
150600.000
147400.000
142600.000
140400.000
149000.000
130400.000
144800.000
134000.000
139800.000
136000.000
181200.000
175400.000
182800.000
184600.000
171000.000
176600.000
172600.000
174200.000
178000.000
176200.000
172800.000
169200.000
174000.000
176000.000
179000.000
175600.000
178000.000
184000.000
172000.000
196000.000
180600.000
181600.000
182400.000
178800.000
183200.000
175400.000
190200.000
182200.000
191800.000
180000.000
175600.000
173800.000
180400.000
178600.000
175600.000
183600.000
185000.000
183800.000
195400.000
185200.000
175800.000
181600.000
200600.000
184000.000
187400.000
185400.000
173000.000
178000.000
178200.000
182400.000
188400.000
179200.000
169600.000
185600.000
174400.000
183200.000
176600.000
185000.000
186200.000
182600.000
185600.000
189000.000
182400.000
184600.000
183800.000
180400.000
186000.000
175600.000
183800.000
178800.000
184200.000
182000.000
185200.000
182600.000
189800.000
181200.000
184200.000
189600.000
177400.000
184400.000
174800.000
175600.000
181400.000
182800.000
185800.000
178200.000
183000.000
193600.000
171200.000
187000.000
185400.000
188000.000
193200.000
193200.000
175400.000
173800.000
179400.000
165600.000
164000.000
173200.000
179000.000
179800.000
181600.000
168400.000
180600.000
181400.000
192800.000
177000.000
170400.000
173000.000
171200.000
181400.000
181000.000
179200.000
177600.000
174400.000
176200.000
161600.000
165400.000
186800.000
183800.000
163400.000
178200.000
186600.000
183200.000
170200.000
171400.000
175800.000
166600.000
175200.000
180600.000
173600.000
179000.000
184200.000
169400.000
178400.000
165400.000
168000.000
165200.000
166200.000
170600.000
166400.000
160000.000
181600.000
170200.000
160000.000
169600.000
173600.000
173600.000
175800.000
167400.000
176400.000
164800.000
161200.000
161200.000
173800.000
156800.000
170000.000
181400.000
178200.000
173600.000
153600.000
170400.000
161600.000
166600.000
161600.000
155600.000
151600.000
171600.000
148200.000
157400.000
161400.000
162000.000
170800.000
149600.000
161200.000
157400.000
159400.000
150000.000
151000.000
149600.000
154800.000
150800.000
148000.000
157400.000
145600.000
152000.000
139000.000
158600.000
149000.000
146800.000
139600.000
134400.000
134600.000
139000.000
144000.000
140200.000
134400.000
143000.000
144600.000
134400.000
183200.000
173600.000
177800.000
165200.000
171800.000
174800.000
172600.000
180800.000
177000.000
176600.000
183200.000
180800.000
174200.000
175000.000
155200.000
183200.000
176200.000
172000.000
173600.000
178200.000
187600.000
171400.000
178600.000
190800.000
175800.000
180600.000
175800.000
195800.000
180600.000
179200.000
184600.000
179000.000
180600.000
180200.000
178600.000
180400.000
179000.000
172200.000
178600.000
186000.000
179600.000
184800.000
181800.000
187800.000
187800.000
173000.000
187000.000
184000.000
178400.000
186400.000
182200.000
178600.000
190000.000
187600.000
167000.000
191400.000
191400.000
194400.000
185400.000
180800.000
182200.000
192200.000
184800.000
188200.000
182800.000
179000.000
182400.000
182000.000
181000.000
186000.000
167400.000
181000.000
171400.000
180800.000
173400.000
183800.000
187000.000
178600.000
187000.000
182600.000
182400.000
185000.000
180400.000
182200.000
190000.000
195800.000
186200.000
179600.000
170200.000
168400.000
183600.000
189200.000
192600.000
177000.000
184400.000
172400.000
182000.000
171800.000
170800.000
183800.000
180000.000
172000.000
173600.000
183000.000
179200.000
175600.000
180600.000
172000.000
178400.000
175800.000
177400.000
189000.000
178000.000
176800.000
176400.000
176800.000
172000.000
187200.000
178600.000
175200.000
169400.000
174400.000
170000.000
173000.000
180400.000
173600.000
179600.000
177200.000
185600.000
174000.000
172600.000
169200.000
170200.000
172200.000
174200.000
169000.000
177400.000
167000.000
180600.000
160600.000
167800.000
171000.000
171200.000
168200.000
171800.000
183000.000
174600.000
181600.000
157000.000
169200.000
176400.000
172800.000
172200.000
177600.000
176800.000
176400.000
181200.000
167800.000
164000.000
159800.000
169800.000
161800.000
169600.000
166200.000
160400.000
158400.000
162600.000
160600.000
152800.000
161600.000
155000.000
170800.000
150400.000
160400.000
152400.000
156800.000
156200.000
168000.000
158600.000
156200.000
154000.000
160600.000
160000.000
148000.000
152400.000
153800.000
154400.000
146600.000
142600.000
154000.000
142400.000
141200.000
149400.000
141200.000
146200.000
147400.000
144400.000
142600.000
141000.000
140600.000
139200.000
182000.000
173000.000
176000.000
172000.000
174800.000
175200.000
184600.000
176200.000
170400.000
194600.000
177000.000
171400.000
175800.000
182200.000
183200.000
185800.000
189600.000
178600.000
177200.000
177600.000
185400.000
186200.000
186000.000
181600.000
194800.000
191600.000
184200.000
181800.000
182200.000
173800.000
180800.000
180600.000
175000.000
175000.000
177400.000
183200.000
180600.000
194400.000
182000.000
178400.000
177600.000
174200.000
188200.000
182800.000
182200.000
188800.000
172800.000
180200.000
184200.000
183400.000
196800.000
185200.000
179600.000
185400.000
185000.000
196400.000
188200.000
191600.000
185800.000
176600.000
185000.000
178200.000
187600.000
182000.000
177800.000
186400.000
186000.000
188600.000
183600.000
171400.000
178000.000
185200.000
190200.000
191400.000
178800.000
183200.000
170600.000
183400.000
183800.000
171600.000
181600.000
182600.000
185000.000
172800.000
189800.000
178800.000
189600.000
189800.000
182400.000
180800.000
190000.000
191600.000
195600.000
185400.000
178800.000
176200.000
190000.000
178200.000
180800.000
174800.000
189200.000
182200.000
176000.000
181200.000
182400.000
175600.000
182200.000
173400.000
189200.000
173000.000
174400.000
177400.000
176400.000
165600.000
181800.000
177000.000
177000.000
192000.000
170000.000
190000.000
167200.000
191600.000
182600.000
182400.000
178000.000
180800.000
191000.000
173800.000
177600.000
172800.000
173800.000
175400.000
182000.000
181400.000
170200.000
161200.000
159000.000
172800.000
179600.000
170000.000
169600.000
172600.000
182200.000
175400.000
168600.000
172400.000
190800.000
181000.000
169000.000
168200.000
166600.000
174000.000
172400.000
167600.000
174000.000
172800.000
160600.000
178000.000
170200.000
170200.000
169800.000
157600.000
168000.000
162400.000
158400.000
164600.000
169800.000
164800.000
161800.000
166800.000
162800.000
159600.000
160000.000
177000.000
164800.000
154200.000
150000.000
158800.000
162200.000
153800.000
164800.000
157400.000
157800.000
145000.000
167600.000
163600.000
151800.000
143200.000
148800.000
134000.000
150800.000
143000.000
130400.000
144800.000
138800.000
147600.000
147000.000
137000.000
155800.000
144600.000
144200.000
182200.000
171000.000
167400.000
180600.000
182200.000
184800.000
176600.000
174600.000
181600.000
196000.000
188200.000
173000.000
175200.000
182200.000
177600.000
192400.000
184200.000
179200.000
179400.000
180200.000
182200.000
182400.000
173200.000
189800.000
180000.000
175000.000
179400.000
184000.000
188600.000
185000.000
179000.000
180400.000
182000.000
173800.000
185800.000
177600.000
191600.000
178800.000
177400.000
189600.000
186600.000
174400.000
187600.000
179200.000
184400.000
183600.000
184400.000
189400.000
192400.000
186200.000
185200.000
186400.000
188200.000
192200.000
188200.000
178600.000
176600.000
192800.000
188000.000
187200.000
188000.000
194800.000
182600.000
178800.000
191600.000
182600.000
176200.000
180200.000
182200.000
182200.000
178800.000
176400.000
173600.000
188400.000
192200.000
181200.000
188800.000
188000.000
177000.000
186600.000
194800.000
193400.000
198200.000
169600.000
180800.000
184800.000
179400.000
183800.000
186200.000
180200.000
186600.000
186800.000
193400.000
187200.000
183800.000
182400.000
177200.000
187800.000
167800.000
177800.000
179200.000
184600.000
189200.000
178800.000
182400.000
170800.000
177200.000
176600.000
180800.000
186200.000
178000.000
183000.000
172000.000
179600.000
174200.000
171400.000
186000.000
181800.000
171800.000
172600.000
186600.000
187600.000
185200.000
185200.000
164800.000
173400.000
173800.000
174000.000
185800.000
185000.000
186000.000
174200.000
170000.000
175600.000
174600.000
169400.000
175600.000
173200.000
163000.000
174000.000
167000.000
176000.000
159800.000
172000.000
187000.000
176000.000
166400.000
179600.000
163400.000
163000.000
173400.000
173200.000
177000.000
163600.000
176000.000
164000.000
170000.000
180000.000
173400.000
165600.000
168000.000
158400.000
164400.000
168600.000
165600.000
162000.000
159000.000
172800.000
169800.000
161600.000
170200.000
156000.000
171800.000
164200.000
156400.000
155000.000
149600.000
155600.000
161800.000
147800.000
150400.000
157600.000
151600.000
149000.000
140600.000
148000.000
145000.000
151600.000
152600.000
149600.000
142400.000
151000.000
136800.000
139800.000
138000.000
142200.000
139600.000
137200.000
144600.000
140800.000
148400.000
175200.000
172200.000
192400.000
184200.000
181400.000
185800.000
172600.000
171400.000
175400.000
172200.000
179800.000
193600.000
187400.000
183800.000
174400.000
180800.000
186600.000
169200.000
183200.000
181600.000
172200.000
186000.000
180800.000
182400.000
175400.000
174400.000
184600.000
181200.000
191200.000
174400.000
184000.000
181200.000
180000.000
180000.000
178200.000
188200.000
190400.000
173600.000
187800.000
186200.000
177800.000
191800.000
181800.000
181000.000
190600.000
190200.000
186800.000
190800.000
185200.000
190200.000
188800.000
170000.000
192000.000
194400.000
179400.000
178800.000
183800.000
182400.000
188200.000
190600.000
175200.000
180000.000
188200.000
191600.000
187400.000
185000.000
182800.000
169200.000
174800.000
184200.000
176800.000
181200.000
193600.000
182600.000
189000.000
175600.000
185000.000
195800.000
183800.000
188400.000
180400.000
187600.000
183800.000
174600.000
188000.000
179000.000
181800.000
181000.000
178600.000
174400.000
180400.000
194600.000
185000.000
177000.000
181800.000
185800.000
178400.000
181000.000
168200.000
182400.000
180200.000
185000.000
180600.000
179400.000
170600.000
177600.000
186800.000
179800.000
173400.000
178200.000
183000.000
171000.000
188600.000
173400.000
190800.000
181000.000
177600.000
180400.000
185200.000
180200.000
179000.000
169000.000
174400.000
173200.000
183000.000
171800.000
181200.000
176200.000
173400.000
186800.000
177600.000
182000.000
181000.000
168400.000
164800.000
173200.000
162200.000
185200.000
165200.000
177200.000
167000.000
176400.000
171400.000
158600.000
169600.000
169800.000
159000.000
166200.000
169800.000
164200.000
178000.000
166200.000
168000.000
166800.000
169600.000
166600.000
161800.000
179200.000
168200.000
165800.000
169400.000
167200.000
167600.000
162400.000
160600.000
159800.000
155400.000
164000.000
154600.000
151600.000
164800.000
155400.000
155800.000
164000.000
164600.000
152400.000
157800.000
147400.000
152200.000
159800.000
164800.000
156800.000
146600.000
142600.000
150200.000
148600.000
146400.000
152000.000
152400.000
147000.000
140400.000
134200.000
146400.000
147800.000
133000.000
146800.000
156800.000
145600.000
134600.000
143200.000
136000.000
179600.000
180600.000
190200.000
176400.000
181600.000
184400.000
190800.000
170200.000
195400.000
171400.000
179600.000
187800.000
185200.000
180400.000
182400.000
186400.000
190800.000
181600.000
184600.000
180200.000
190000.000
182400.000
170400.000
180600.000
183400.000
183000.000
177600.000
178800.000
181800.000
182800.000
175200.000
193000.000
186200.000
177600.000
180600.000
186400.000
183800.000
192200.000
177800.000
180200.000
185200.000
180800.000
194000.000
196200.000
187600.000
196800.000
189000.000
186000.000
191000.000
194400.000
190400.000
185400.000
191600.000
190400.000
187400.000
184400.000
173600.000
178800.000
183200.000
185200.000
178800.000
193800.000
192400.000
181200.000
178600.000
186800.000
179200.000
180000.000
183800.000
180000.000
182200.000
173600.000
197800.000
181200.000
182600.000
179800.000
187800.000
194600.000
192000.000
186600.000
180600.000
192200.000
187400.000
171800.000
172400.000
184200.000
180200.000
191200.000
177600.000
188400.000
183400.000
173800.000
180200.000
183400.000
179200.000
187400.000
194800.000
178400.000
185400.000
183000.000
190600.000
176600.000
176200.000
184600.000
184000.000
186800.000
176600.000
188000.000
175800.000
186400.000
187400.000
180000.000
183600.000
173400.000
181400.000
172400.000
170600.000
174400.000
177800.000
171000.000
179200.000
190600.000
180400.000
183800.000
176600.000
177600.000
183200.000
176400.000
167600.000
177400.000
174800.000
174000.000
171200.000
168200.000
170800.000
170800.000
171200.000
181200.000
169800.000
174000.000
171600.000
182000.000
183000.000
182800.000
164200.000
180000.000
167600.000
174000.000
171000.000
172600.000
181600.000
176800.000
169200.000
167800.000
181000.000
168400.000
175400.000
162400.000
180600.000
169000.000
172400.000
158200.000
167800.000
159400.000
166000.000
163400.000
172800.000
168400.000
168000.000
164600.000
161200.000
162600.000
150800.000
156000.000
150800.000
163600.000
159400.000
156800.000
173200.000
150000.000
142200.000
165400.000
149600.000
161600.000
165000.000
158200.000
148400.000
165600.000
155600.000
149200.000
145600.000
143800.000
146400.000
146800.000
146600.000
146200.000
144600.000
157600.000
146600.000
141400.000
147600.000
182800.000
173800.000
176200.000
186600.000
187200.000
183200.000
171600.000
178400.000
181400.000
185000.000
180600.000
186000.000
177200.000
182800.000
179800.000
179400.000
187600.000
188000.000
179800.000
177000.000
180800.000
177600.000
185800.000
186200.000
182200.000
180600.000
171600.000
176200.000
172600.000
183400.000
188200.000
195800.000
184200.000
183400.000
195400.000
193200.000
180200.000
180800.000
185200.000
192400.000
186000.000
185400.000
188200.000
196400.000
180000.000
192400.000
185200.000
184200.000
184400.000
190800.000
177400.000
188000.000
194800.000
185800.000
191800.000
182000.000
178000.000
192200.000
198400.000
180400.000
184400.000
204400.000
194600.000
188800.000
183200.000
188600.000
181400.000
182200.000
183400.000
184400.000
181600.000
188800.000
186000.000
194800.000
185200.000
192000.000
190600.000
189600.000
182200.000
191400.000
181200.000
189600.000
181600.000
177400.000
195600.000
175400.000
184400.000
189600.000
171400.000
179000.000
186800.000
190600.000
185400.000
177400.000
189800.000
196600.000
182800.000
182800.000
180600.000
178200.000
172400.000
181200.000
187600.000
187200.000
185000.000
177800.000
175000.000
184400.000
189600.000
175600.000
178800.000
185400.000
186600.000
172400.000
173200.000
177800.000
176600.000
176800.000
185400.000
172800.000
188000.000
173200.000
166000.000
180400.000
177400.000
184800.000
179400.000
174400.000
180000.000
182000.000
183800.000
176000.000
178200.000
167200.000
172200.000
165200.000
174000.000
182600.000
167600.000
166600.000
167000.000
174400.000
166400.000
180800.000
180000.000
181800.000
175200.000
171400.000
165200.000
178200.000
168800.000
170800.000
171200.000
167600.000
161600.000
177600.000
161800.000
172000.000
171000.000
169800.000
181000.000
162400.000
166400.000
158800.000
166400.000
158600.000
160800.000
157600.000
157000.000
167200.000
165600.000
169000.000
156400.000
151800.000
162800.000
159200.000
160600.000
161000.000
158000.000
152200.000
163600.000
157200.000
149800.000
155200.000
151800.000
151200.000
148400.000
154000.000
154000.000
158600.000
143600.000
167600.000
143600.000
144400.000
148600.000
146400.000
154600.000
131000.000
144800.000
136200.000
147200.000
166400.000
186000.000
182200.000
173400.000
173400.000
188400.000
181600.000
179400.000
189200.000
183400.000
183600.000
183200.000
185400.000
186200.000
176800.000
179200.000
179600.000
180400.000
189000.000
175600.000
183800.000
176800.000
188600.000
191600.000
188000.000
178400.000
178600.000
187600.000
172000.000
184200.000
191800.000
185400.000
188800.000
177200.000
185200.000
192400.000
172800.000
176400.000
184000.000
182000.000
184400.000
181000.000
189800.000
190600.000
179800.000
184400.000
178600.000
188200.000
194600.000
176600.000
199600.000
192400.000
192000.000
199800.000
185000.000
191400.000
185200.000
180000.000
191200.000
192400.000
184000.000
189400.000
188000.000
189800.000
177200.000
180600.000
185400.000
184200.000
181400.000
181800.000
179400.000
187000.000
189200.000
183800.000
191200.000
187400.000
181000.000
176800.000
186600.000
181600.000
185200.000
183400.000
182000.000
186200.000
174200.000
183400.000
183200.000
183800.000
187000.000
195800.000
188400.000
188000.000
180400.000
182000.000
180600.000
173000.000
186400.000
186200.000
183600.000
195200.000
182600.000
173200.000
177000.000
186200.000
176800.000
192600.000
185800.000
185200.000
185200.000
190600.000
179200.000
179600.000
175600.000
173800.000
173400.000
177200.000
179000.000
177200.000
182800.000
167600.000
177400.000
166200.000
188000.000
163000.000
177600.000
172400.000
175800.000
190400.000
179600.000
181800.000
179000.000
170800.000
177800.000
177000.000
165000.000
179400.000
181600.000
179600.000
176600.000
186400.000
190400.000
173400.000
167800.000
186800.000
169200.000
176800.000
177800.000
175400.000
176600.000
173000.000
163800.000
177000.000
174200.000
171600.000
164600.000
171600.000
175600.000
164600.000
166000.000
177000.000
178800.000
165800.000
159600.000
163400.000
168800.000
169600.000
163200.000
172000.000
166400.000
163400.000
166200.000
158400.000
160800.000
153200.000
158400.000
158200.000
155800.000
160000.000
172400.000
147800.000
161800.000
152400.000
155800.000
154400.000
155200.000
147400.000
143800.000
149200.000
149600.000
150000.000
151600.000
147200.000
154200.000
153000.000
149000.000
148400.000
142800.000
142000.000
144600.000
136000.000
135800.000
176400.000
171200.000
179800.000
176400.000
181200.000
177200.000
180800.000
184000.000
182800.000
180600.000
186800.000
183400.000
176600.000
184800.000
177200.000
170000.000
184400.000
178800.000
180600.000
180600.000
171600.000
164400.000
169200.000
176400.000
181800.000
184200.000
184800.000
180800.000
189000.000
182800.000
193000.000
182800.000
179200.000
184200.000
184400.000
188600.000
185600.000
189400.000
182200.000
189600.000
192200.000
192000.000
182800.000
193800.000
182800.000
180600.000
187000.000
181200.000
188400.000
187800.000
192200.000
204200.000
188000.000
191200.000
188200.000
181200.000
182600.000
192600.000
181200.000
181800.000
186600.000
189400.000
190400.000
177400.000
182200.000
183600.000
177000.000
188400.000
175200.000
189400.000
184600.000
173400.000
181200.000
179000.000
165400.000
187600.000
178600.000
179200.000
186400.000
184600.000
189600.000
175400.000
186000.000
176200.000
184400.000
181600.000
183600.000
186800.000
182800.000
176600.000
185200.000
179200.000
185800.000
186200.000
180200.000
184000.000
187600.000
185000.000
169800.000
180600.000
172000.000
177800.000
185000.000
170200.000
175600.000
178600.000
186600.000
183600.000
175000.000
189800.000
172000.000
169400.000
172200.000
183200.000
175000.000
179000.000
181200.000
179000.000
181000.000
175400.000
181200.000
177400.000
171000.000
179000.000
177000.000
180200.000
170200.000
186600.000
169200.000
178200.000
180800.000
169200.000
167600.000
187600.000
182400.000
183400.000
182600.000
185000.000
178800.000
175000.000
186400.000
176000.000
184200.000
175200.000
180600.000
178800.000
182200.000
183400.000
169600.000
176200.000
175600.000
176200.000
174400.000
176600.000
173600.000
163800.000
165200.000
161000.000
175400.000
170200.000
168600.000
168000.000
164000.000
175000.000
162400.000
167200.000
155200.000
160600.000
154400.000
155800.000
169000.000
166600.000
157200.000
155400.000
151400.000
155000.000
158200.000
156200.000
159000.000
153600.000
153000.000
159600.000
155800.000
152600.000
150200.000
149200.000
159400.000
157200.000
157200.000
149400.000
153000.000
143800.000
144800.000
140800.000
150200.000
149600.000
146600.000
142400.000
148200.000
143200.000
147000.000
177200.000
180200.000
175800.000
189800.000
179400.000
174800.000
179400.000
185200.000
176800.000
182600.000
174600.000
182600.000
182800.000
186800.000
180600.000
166600.000
186000.000
185800.000
187800.000
179400.000
181600.000
182400.000
188200.000
172400.000
179400.000
196200.000
187800.000
181400.000
193000.000
179400.000
175000.000
190400.000
183600.000
179000.000
179600.000
174400.000
179200.000
189400.000
180200.000
177200.000
187200.000
187200.000
183400.000
190000.000
178800.000
179400.000
182200.000
172600.000
176800.000
186200.000
189800.000
191400.000
186600.000
179000.000
187000.000
182600.000
170400.000
178600.000
181000.000
178200.000
191400.000
192400.000
173600.000
187200.000
181800.000
184800.000
168400.000
176400.000
186800.000
183200.000
185400.000
183400.000
186800.000
178200.000
179400.000
181800.000
177600.000
178800.000
183400.000
188400.000
181200.000
183400.000
186000.000
196600.000
197200.000
186400.000
182000.000
177800.000
188400.000
179200.000
172800.000
185200.000
185000.000
184000.000
191000.000
173000.000
190400.000
187600.000
179000.000
189000.000
191400.000
171200.000
180200.000
184200.000
183400.000
187400.000
174200.000
173000.000
183200.000
188400.000
172000.000
175600.000
177600.000
178200.000
171800.000
174000.000
168000.000
178200.000
178200.000
171000.000
171200.000
173800.000
170200.000
183000.000
170200.000
173800.000
163600.000
184800.000
177400.000
184600.000
182000.000
184600.000
179800.000
176000.000
182200.000
159400.000
175200.000
169400.000
180000.000
167600.000
160600.000
167000.000
163600.000
171000.000
167600.000
166600.000
173200.000
165800.000
176200.000
180800.000
179000.000
180800.000
181800.000
175400.000
164200.000
174800.000
173200.000
173800.000
173400.000
166400.000
174000.000
164800.000
164200.000
174600.000
166800.000
166800.000
185400.000
166800.000
172600.000
167600.000
158400.000
169200.000
162600.000
165200.000
157000.000
148800.000
151200.000
161200.000
162800.000
167000.000
162800.000
155800.000
148000.000
157400.000
152600.000
151200.000
154600.000
149400.000
156000.000
147600.000
149000.000
148800.000
147600.000
140400.000
146000.000
157000.000
149800.000
152200.000
150600.000
138600.000
152000.000
187400.000
173600.000
186600.000
171800.000
182000.000
174400.000
186200.000
178200.000
179000.000
175000.000
185800.000
184600.000
191600.000
178600.000
177400.000
172200.000
186000.000
181400.000
189200.000
175200.000
183200.000
178000.000
180800.000
188600.000
181400.000
182800.000
184800.000
175800.000
188200.000
174000.000
181400.000
184000.000
179800.000
181800.000
186400.000
178200.000
187600.000
184800.000
186400.000
185600.000
185200.000
189200.000
182000.000
180600.000
183000.000
197800.000
186400.000
187000.000
196000.000
185000.000
199400.000
190800.000
188000.000
188200.000
182600.000
175000.000
181400.000
177000.000
182000.000
183200.000
186800.000
186000.000
184400.000
194000.000
182400.000
178400.000
176400.000
193800.000
184800.000
181600.000
191600.000
175800.000
172800.000
189400.000
186000.000
182400.000
188000.000
193200.000
181400.000
192200.000
182400.000
190400.000
177000.000
184000.000
174800.000
181000.000
186800.000
181400.000
189400.000
175000.000
180600.000
187000.000
182200.000
196200.000
189000.000
183400.000
188200.000
184600.000
171600.000
185400.000
185000.000
187600.000
190600.000
185000.000
186600.000
185600.000
177400.000
177800.000
185600.000
187000.000
193800.000
179000.000
181000.000
180400.000
172200.000
172800.000
172200.000
164800.000
168400.000
176200.000
170800.000
168200.000
193000.000
168200.000
180200.000
174400.000
178400.000
171000.000
171400.000
177000.000
168600.000
179000.000
177800.000
177600.000
183200.000
173000.000
181800.000
186200.000
184400.000
163000.000
165600.000
173800.000
169000.000
176600.000
185600.000
180600.000
181800.000
178200.000
166200.000
175000.000
167800.000
166400.000
180400.000
174600.000
173800.000
166200.000
163800.000
167600.000
167800.000
170600.000
174200.000
165800.000
176200.000
166200.000
181600.000
159600.000
167400.000
166200.000
167800.000
167000.000
161200.000
149000.000
165600.000
162400.000
150200.000
155200.000
154200.000
157200.000
163400.000
158800.000
160000.000
161600.000
155000.000
147800.000
157800.000
162200.000
156600.000
158000.000
155200.000
146200.000
142800.000
148800.000
151800.000
157200.000
156000.000
147600.000
152800.000
148200.000
149800.000
143000.000
145200.000
179600.000
177800.000
171200.000
179400.000
180800.000
182200.000
181600.000
179800.000
180000.000
175800.000
188200.000
182600.000
179000.000
171800.000
192800.000
190800.000
190000.000
180000.000
186400.000
186000.000
186000.000
182600.000
185800.000
186200.000
176000.000
187000.000
178400.000
177600.000
185800.000
187400.000
181600.000
177400.000
190400.000
173000.000
191000.000
183800.000
193800.000
183200.000
181000.000
178600.000
184000.000
186000.000
182600.000
193400.000
193800.000
188200.000
182200.000
193600.000
191400.000
185600.000
189000.000
183000.000
184200.000
188400.000
174200.000
190600.000
184800.000
186600.000
194800.000
185600.000
190800.000
181000.000
194400.000
189400.000
183800.000
184600.000
179200.000
176400.000
180000.000
173200.000
182800.000
183200.000
188400.000
188000.000
179000.000
183400.000
188800.000
181400.000
176800.000
201400.000
190400.000
178600.000
177600.000
181600.000
180400.000
182800.000
183000.000
178200.000
185400.000
176400.000
180000.000
178200.000
179800.000
191400.000
176400.000
182200.000
189000.000
187400.000
188800.000
183000.000
180400.000
183200.000
183200.000
174600.000
185800.000
173000.000
188200.000
185200.000
177200.000
185600.000
176000.000
179400.000
181600.000
166000.000
172600.000
182600.000
177800.000
170200.000
172000.000
168800.000
174200.000
173800.000
171400.000
163000.000
183600.000
172000.000
177800.000
182000.000
169600.000
171600.000
191600.000
172800.000
172000.000
167000.000
184000.000
167400.000
182200.000
170400.000
174400.000
180200.000
180600.000
174200.000
176200.000
172600.000
182200.000
168600.000
176200.000
170200.000
182400.000
170200.000
167800.000
167600.000
165000.000
168200.000
165200.000
165000.000
178200.000
167400.000
169400.000
174000.000
159200.000
164200.000
164200.000
164400.000
167000.000
167200.000
159800.000
156000.000
165600.000
168400.000
159200.000
163000.000
157200.000
165600.000
151200.000
152600.000
162600.000
165400.000
163400.000
158800.000
152800.000
161600.000
159600.000
167200.000
162000.000
159200.000
147200.000
167800.000
162800.000
152400.000
141600.000
145000.000
149000.000
152400.000
148800.000
149400.000
145400.000
151600.000
145600.000
145000.000
135200.000
176600.000
182600.000
182600.000
181800.000
186800.000
175800.000
186800.000
176800.000
180400.000
186600.000
183600.000
181800.000
184400.000
190800.000
178200.000
183400.000
173800.000
186400.000
183800.000
173200.000
188600.000
177600.000
180200.000
187000.000
182200.000
181200.000
190800.000
182200.000
175600.000
187200.000
193000.000
192800.000
173400.000
182400.000
185600.000
181600.000
187600.000
180400.000
186800.000
182400.000
182400.000
182600.000
193600.000
187400.000
182200.000
174400.000
186600.000
180400.000
180000.000
190600.000
187000.000
182800.000
178000.000
186800.000
184400.000
171400.000
187000.000
179200.000
181200.000
183000.000
193600.000
185800.000
184800.000
187800.000
183800.000
177400.000
192800.000
181400.000
178200.000
177800.000
193000.000
180800.000
180400.000
185600.000
191400.000
188200.000
180400.000
185200.000
173000.000
187400.000
181000.000
189600.000
177400.000
183800.000
185200.000
197400.000
192400.000
183600.000
181400.000
179600.000
185400.000
191000.000
181600.000
194400.000
182800.000
198000.000
182800.000
185400.000
189000.000
193800.000
178800.000
185200.000
186400.000
181000.000
173000.000
179800.000
174600.000
187200.000
193200.000
188200.000
182600.000
173000.000
183800.000
183600.000
172200.000
177600.000
177200.000
175000.000
172000.000
172600.000
165600.000
176600.000
169800.000
176000.000
173600.000
174600.000
167800.000
174800.000
175800.000
180200.000
182400.000
171800.000
175400.000
173800.000
177400.000
178400.000
179200.000
168600.000
172000.000
176600.000
171800.000
174800.000
177200.000
168800.000
178400.000
173000.000
177000.000
178400.000
173800.000
184800.000
172600.000
167600.000
162000.000
171400.000
177000.000
166600.000
175600.000
172000.000
172000.000
152400.000
165200.000
172800.000
172200.000
170800.000
166200.000
172000.000
167800.000
162000.000
168800.000
165200.000
172400.000
158800.000
161600.000
155200.000
155200.000
166400.000
158800.000
162400.000
151600.000
157400.000
165400.000
152800.000
157800.000
151000.000
158800.000
147800.000
158000.000
158600.000
149200.000
155400.000
148600.000
159000.000
151000.000
146800.000
157200.000
147200.000
145800.000
155000.000
154600.000
153200.000
147200.000
180800.000
169400.000
185200.000
180800.000
185200.000
182800.000
172800.000
183200.000
170000.000
186000.000
178600.000
189800.000
182200.000
181200.000
187400.000
187000.000
186200.000
187000.000
185600.000
192600.000
184000.000
179400.000
198600.000
176000.000
187400.000
177000.000
183000.000
187000.000
176400.000
190200.000
180800.000
176800.000
186200.000
189600.000
190400.000
185800.000
185000.000
192800.000
184600.000
177800.000
178000.000
186600.000
183000.000
174200.000
188200.000
178400.000
172600.000
178000.000
187800.000
184400.000
192600.000
186600.000
180000.000
178000.000
178400.000
182400.000
182400.000
198400.000
185800.000
187600.000
190600.000
198800.000
183600.000
200800.000
174600.000
171600.000
187400.000
187600.000
188200.000
187400.000
183800.000
184000.000
177600.000
184600.000
198000.000
180800.000
182600.000
177800.000
187800.000
183200.000
182400.000
187800.000
192800.000
177600.000
183000.000
183600.000
185000.000
188600.000
191800.000
185000.000
181800.000
176400.000
182000.000
195000.000
196600.000
192800.000
186400.000
197000.000
194000.000
186600.000
189600.000
183800.000
185000.000
185000.000
174000.000
185800.000
185400.000
183200.000
176400.000
176200.000
192400.000
190400.000
181800.000
171600.000
173000.000
172000.000
189600.000
168600.000
185400.000
172000.000
179000.000
175000.000
174000.000
168000.000
175200.000
176000.000
168000.000
178000.000
183400.000
180000.000
173400.000
176200.000
179000.000
184800.000
188400.000
182200.000
175800.000
171800.000
187000.000
180200.000
181200.000
178600.000
174600.000
171800.000
171200.000
179400.000
183000.000
173200.000
184200.000
163200.000
176200.000
168400.000
180000.000
164200.000
175600.000
181400.000
162800.000
166600.000
167200.000
168600.000
160200.000
165400.000
175800.000
159200.000
168000.000
165600.000
168200.000
168800.000
164200.000
161600.000
165000.000
159400.000
166400.000
157200.000
160800.000
161000.000
167600.000
168600.000
161000.000
165200.000
155400.000
154600.000
160200.000
148800.000
158200.000
158200.000
164000.000
151800.000
158600.000
146600.000
152200.000
149800.000
144600.000
151600.000
150600.000
150000.000
150400.000
153600.000
147400.000
156000.000
143400.000
179200.000
188000.000
192200.000
181400.000
185800.000
182400.000
175400.000
177400.000
175000.000
178000.000
180600.000
176600.000
180200.000
202600.000
180600.000
177000.000
183400.000
187600.000
191200.000
188200.000
176000.000
187200.000
190200.000
189200.000
189800.000
185600.000
185600.000
177000.000
179800.000
185800.000
178200.000
188600.000
182200.000
188000.000
181800.000
183800.000
183600.000
177000.000
185800.000
178600.000
193800.000
196000.000
188800.000
182800.000
175600.000
191000.000
183200.000
181200.000
193800.000
195200.000
184800.000
189800.000
188000.000
183200.000
187400.000
184400.000
183600.000
185800.000
191000.000
176400.000
187200.000
190200.000
183200.000
186200.000
181400.000
196600.000
184000.000
193000.000
178400.000
183800.000
175000.000
192400.000
191800.000
186400.000
184200.000
180200.000
175400.000
180200.000
192600.000
193200.000
184000.000
173600.000
186200.000
170800.000
194800.000
183200.000
187600.000
176000.000
185600.000
174800.000
183000.000
190400.000
190800.000
181800.000
185600.000
175400.000
186600.000
179000.000
186400.000
177400.000
190000.000
179400.000
182200.000
190600.000
189400.000
180200.000
176400.000
185200.000
185400.000
184600.000
183800.000
179200.000
189000.000
188800.000
173600.000
176600.000
169200.000
180600.000
174400.000
178800.000
167000.000
176000.000
175200.000
182400.000
185200.000
167000.000
176000.000
174400.000
183200.000
179000.000
182800.000
166000.000
183600.000
178600.000
168000.000
185200.000
176200.000
178400.000
176200.000
172600.000
175600.000
181600.000
172200.000
176400.000
171400.000
167400.000
170600.000
178600.000
168800.000
169000.000
171000.000
178200.000
165400.000
175000.000
171600.000
161000.000
162000.000
167600.000
165600.000
164000.000
174800.000
161800.000
166800.000
172800.000
159200.000
167400.000
166400.000
165400.000
163600.000
177400.000
161800.000
173800.000
157000.000
165800.000
166800.000
164800.000
156600.000
174600.000
170400.000
165800.000
157600.000
153600.000
160600.000
150600.000
159000.000
165600.000
156400.000
139800.000
153600.000
152600.000
161600.000
153600.000
152400.000
149200.000
142400.000
155600.000
152800.000
154600.000
149600.000
148600.000
147000.000
177400.000
172400.000
183800.000
188600.000
175800.000
191000.000
184800.000
193600.000
182000.000
186600.000
178200.000
177400.000
194000.000
186200.000
179200.000
180800.000
186200.000
180200.000
181400.000
194200.000
191800.000
165800.000
178600.000
188600.000
179400.000
182400.000
182800.000
178600.000
182200.000
180000.000
180600.000
179600.000
178400.000
185400.000
174000.000
182600.000
193600.000
192200.000
190800.000
193600.000
182600.000
188800.000
174600.000
190200.000
188600.000
190800.000
192400.000
194400.000
187200.000
184400.000
189200.000
181600.000
185000.000
187200.000
190200.000
174400.000
181000.000
180400.000
175600.000
179400.000
177200.000
191000.000
182800.000
174000.000
185000.000
165600.000
182400.000
181400.000
184400.000
187800.000
185600.000
189400.000
181800.000
187400.000
197400.000
187800.000
178000.000
184000.000
172400.000
190000.000
186600.000
190800.000
181400.000
191200.000
179800.000
191600.000
197200.000
192400.000
173000.000
195400.000
183400.000
178400.000
186400.000
187600.000
182600.000
191200.000
189600.000
195600.000
190600.000
185400.000
178000.000
178200.000
179400.000
196400.000
187400.000
183200.000
189800.000
180600.000
178600.000
178000.000
178400.000
183200.000
182600.000
188000.000
180600.000
177200.000
178000.000
173400.000
173400.000
176000.000
168200.000
175800.000
168000.000
180000.000
177200.000
174800.000
169400.000
167000.000
181600.000
179000.000
174600.000
181000.000
187000.000
186000.000
176800.000
181000.000
173000.000
178800.000
171000.000
174800.000
177800.000
181400.000
180200.000
176400.000
180200.000
179800.000
179200.000
174800.000
167000.000
178400.000
172200.000
191800.000
179800.000
163800.000
165200.000
166800.000
176400.000
171800.000
166400.000
171000.000
173800.000
175000.000
162600.000
176200.000
159200.000
164200.000
167000.000
162400.000
165400.000
169400.000
167800.000
166800.000
160200.000
165800.000
175800.000
172600.000
157000.000
160000.000
165200.000
152400.000
169200.000
152200.000
154400.000
155600.000
156800.000
161200.000
166400.000
159000.000
160000.000
145800.000
155800.000
160000.000
151400.000
156600.000
142800.000
137600.000
148000.000
148800.000
151200.000
147800.000
148000.000
185200.000
176800.000
180400.000
185400.000
183800.000
183600.000
180200.000
183600.000
191000.000
181200.000
188800.000
192600.000
188200.000
182200.000
172400.000
182600.000
168200.000
184000.000
176400.000
185800.000
183600.000
183600.000
185400.000
180800.000
191800.000
176200.000
181800.000
179800.000
179800.000
183800.000
183600.000
177600.000
184000.000
183800.000
177200.000
188000.000
180800.000
195600.000
189400.000
186200.000
190000.000
189600.000
189400.000
185800.000
181600.000
192600.000
183800.000
170800.000
174400.000
173000.000
190000.000
183600.000
196000.000
191000.000
196400.000
200800.000
179000.000
181400.000
185000.000
180800.000
186200.000
187000.000
177400.000
175200.000
182800.000
193200.000
181600.000
183400.000
173200.000
181200.000
180800.000
177800.000
193600.000
189200.000
179400.000
180200.000
184000.000
180400.000
184200.000
180400.000
177400.000
184200.000
183800.000
190200.000
186800.000
182600.000
193200.000
179600.000
192200.000
182000.000
180400.000
182600.000
189800.000
183200.000
188200.000
187200.000
196000.000
187800.000
182800.000
191000.000
183000.000
172600.000
187800.000
185000.000
184000.000
188400.000
180600.000
174800.000
186600.000
172200.000
176600.000
171400.000
187000.000
175200.000
177600.000
174200.000
181400.000
172400.000
178200.000
174600.000
175800.000
176000.000
180400.000
173600.000
171400.000
178000.000
174000.000
172800.000
173400.000
165800.000
177000.000
173000.000
172000.000
175200.000
177800.000
168400.000
175000.000
180600.000
183400.000
182800.000
179400.000
182600.000
170600.000
181400.000
181200.000
171000.000
174600.000
169000.000
176400.000
181400.000
177600.000
174800.000
181600.000
168600.000
184000.000
173800.000
177600.000
177400.000
164800.000
170600.000
176600.000
172600.000
183000.000
162800.000
161400.000
168400.000
163600.000
156200.000
170200.000
169800.000
167200.000
163800.000
168000.000
162800.000
168200.000
167600.000
155000.000
158000.000
162800.000
170400.000
153600.000
165000.000
149600.000
163600.000
156200.000
153800.000
153000.000
163000.000
155200.000
157000.000
153200.000
149400.000
148400.000
142600.000
160200.000
142400.000
151000.000
151400.000
139800.000
155400.000
149400.000
179200.000
184200.000
192200.000
179600.000
181400.000
176400.000
184800.000
180200.000
173000.000
169400.000
173800.000
183600.000
183000.000
186000.000
179400.000
176600.000
186800.000
182600.000
182000.000
189000.000
184800.000
189600.000
191200.000
190400.000
181200.000
170200.000
191400.000
185000.000
178200.000
182600.000
180200.000
180000.000
179200.000
187200.000
184400.000
188400.000
178000.000
184600.000
184800.000
183000.000
185600.000
181200.000
182600.000
180600.000
185600.000
172600.000
174600.000
180000.000
182600.000
177800.000
195400.000
196200.000
185800.000
189400.000
191000.000
186000.000
189000.000
183600.000
186200.000
185000.000
192200.000
186600.000
185400.000
181800.000
190600.000
177200.000
182000.000
181200.000
183800.000
179600.000
177600.000
185000.000
186000.000
178800.000
171800.000
194000.000
172200.000
196000.000
181000.000
177400.000
183200.000
188800.000
181600.000
185400.000
181800.000
184600.000
178200.000
195600.000
185200.000
175600.000
188200.000
177000.000
182000.000
191600.000
174800.000
164800.000
190200.000
187200.000
192400.000
179000.000
174400.000
174400.000
186200.000
183800.000
187600.000
188800.000
190000.000
189000.000
182200.000
185200.000
183200.000
171800.000
171600.000
165600.000
177800.000
175400.000
189600.000
179400.000
184600.000
177000.000
175000.000
168800.000
172000.000
175400.000
174000.000
177200.000
170200.000
178200.000
183000.000
180000.000
166800.000
177400.000
179400.000
182000.000
170800.000
170400.000
184600.000
184600.000
180200.000
175800.000
176000.000
172600.000
165800.000
180800.000
171800.000
172200.000
175400.000
170200.000
177600.000
163600.000
176000.000
173600.000
168200.000
164600.000
172600.000
174000.000
178600.000
168200.000
166600.000
174800.000
176000.000
175200.000
159800.000
175400.000
176600.000
170000.000
169000.000
168200.000
164000.000
166600.000
170600.000
160600.000
166400.000
158000.000
161000.000
166800.000
154000.000
153400.000
161000.000
165000.000
160800.000
154400.000
158000.000
163600.000
161400.000
164800.000
167400.000
164800.000
168800.000
167000.000
157000.000
165400.000
161600.000
159200.000
151200.000
150000.000
144600.000
147000.000
148800.000
156600.000
157200.000
183000.000
168600.000
188600.000
184800.000
192400.000
178200.000
186600.000
187000.000
183800.000
191800.000
180200.000
179800.000
179200.000
187200.000
193200.000
182600.000
180200.000
187400.000
171800.000
183200.000
188200.000
200000.000
181600.000
183800.000
183800.000
190400.000
181400.000
186400.000
187600.000
191600.000
201400.000
189200.000
171000.000
187200.000
177400.000
174200.000
189400.000
183600.000
179400.000
180400.000
182200.000
176000.000
185400.000
193800.000
189200.000
187200.000
174000.000
169000.000
188800.000
184400.000
196400.000
187400.000
177800.000
185200.000
179400.000
182600.000
177400.000
186400.000
188200.000
191200.000
185800.000
183000.000
183400.000
183000.000
185000.000
198000.000
175200.000
184800.000
187200.000
185600.000
189000.000
189600.000
182000.000
184400.000
180600.000
187200.000
188200.000
179800.000
186000.000
186600.000
184800.000
189200.000
190400.000
185000.000
178400.000
182400.000
193400.000
170600.000
195800.000
175200.000
187400.000
187000.000
189600.000
174800.000
186000.000
185400.000
187800.000
190800.000
188000.000
187600.000
189400.000
184200.000
184200.000
187600.000
179000.000
170200.000
180200.000
202800.000
192600.000
172800.000
178800.000
179800.000
175800.000
183800.000
176000.000
177800.000
179600.000
177800.000
185400.000
177600.000
176600.000
181000.000
160000.000
167000.000
173400.000
183800.000
167400.000
180200.000
172600.000
176600.000
179600.000
171000.000
175800.000
174200.000
178000.000
186400.000
172000.000
170800.000
179400.000
182800.000
171400.000
176400.000
173800.000
181400.000
176200.000
176000.000
168400.000
174000.000
158800.000
166400.000
163600.000
174200.000
170000.000
178400.000
172800.000
172400.000
167200.000
171000.000
168800.000
176600.000
167400.000
176800.000
168600.000
166800.000
168800.000
170400.000
174600.000
159200.000
155000.000
158000.000
168200.000
173000.000
172200.000
177200.000
171400.000
160400.000
164600.000
164800.000
168600.000
166600.000
171200.000
162400.000
169000.000
154200.000
161000.000
169200.000
166800.000
162600.000
163200.000
155400.000
160000.000
154200.000
149600.000
153400.000
164000.000
156200.000
159800.000
150800.000
151600.000
149200.000
149000.000
187400.000
182400.000
175000.000
174000.000
176800.000
182200.000
180400.000
189800.000
186400.000
175400.000
181800.000
187800.000
189200.000
177000.000
182800.000
178800.000
169800.000
193200.000
183800.000
184000.000
175800.000
185800.000
179600.000
184200.000
186800.000
186000.000
183200.000
186200.000
182000.000
175600.000
182000.000
180000.000
178200.000
197600.000
177000.000
181800.000
189000.000
187800.000
182600.000
181800.000
181200.000
191600.000
185400.000
182800.000
180800.000
184400.000
183600.000
186400.000
171600.000
180600.000
193400.000
183200.000
173200.000
178400.000
183800.000
183600.000
176200.000
175600.000
190000.000
177400.000
180600.000
173400.000
179600.000
194400.000
190600.000
176400.000
181400.000
191600.000
177400.000
176400.000
174200.000
180600.000
183800.000
190600.000
170400.000
186400.000
184200.000
194000.000
184600.000
189000.000
197000.000
189800.000
189000.000
189000.000
185000.000
194000.000
178000.000
184000.000
179400.000
183200.000
191000.000
191600.000
191800.000
182800.000
178400.000
191200.000
178800.000
179600.000
181400.000
192000.000
183400.000
186600.000
181600.000
173800.000
178000.000
186600.000
193600.000
190200.000
192200.000
182800.000
181400.000
195600.000
175600.000
186200.000
182000.000
181000.000
179600.000
172400.000
173800.000
187800.000
164800.000
179800.000
174600.000
176600.000
173600.000
180800.000
179800.000
175400.000
180600.000
175400.000
181800.000
176400.000
173600.000
180600.000
174400.000
176800.000
180600.000
174800.000
172800.000
173200.000
179000.000
177800.000
171200.000
179600.000
173600.000
173000.000
171400.000
175600.000
164200.000
163400.000
174400.000
180800.000
174200.000
162000.000
179400.000
174200.000
169200.000
170600.000
183600.000
188600.000
162600.000
181400.000
172000.000
171000.000
171400.000
163200.000
166200.000
162200.000
165600.000
166200.000
153000.000
168600.000
163400.000
164000.000
169000.000
172800.000
172600.000
171400.000
162800.000
159600.000
166000.000
159600.000
154800.000
157800.000
156000.000
156800.000
161200.000
159600.000
149600.000
151800.000
157800.000
152800.000
163800.000
150800.000
153400.000
148000.000
154000.000
150400.000
148200.000
146600.000
150200.000
172600.000
185200.000
178800.000
180400.000
180800.000
183800.000
180000.000
177400.000
192400.000
177000.000
176400.000
189800.000
180600.000
176800.000
184600.000
182400.000
176400.000
187800.000
185200.000
194400.000
180200.000
191600.000
188600.000
191400.000
185400.000
189200.000
174800.000
189600.000
197600.000
185800.000
188800.000
175000.000
180400.000
186400.000
190800.000
179400.000
185600.000
190200.000
185600.000
185200.000
183400.000
181800.000
178800.000
185000.000
172400.000
183200.000
176000.000
183000.000
185200.000
187000.000
176600.000
182200.000
178800.000
192000.000
190400.000
183600.000
185800.000
184800.000
199000.000
185400.000
194200.000
186200.000
197200.000
188200.000
187400.000
179600.000
188600.000
192200.000
178000.000
184400.000
190400.000
177600.000
181200.000
188800.000
185400.000
190600.000
186000.000
184000.000
196000.000
192200.000
183200.000
180800.000
193800.000
180800.000
196600.000
185600.000
179400.000
182600.000
180400.000
181400.000
180400.000
188400.000
192200.000
187400.000
184800.000
190800.000
183800.000
186200.000
183600.000
171400.000
191600.000
196400.000
180800.000
191200.000
188800.000
189400.000
184000.000
182400.000
184000.000
183200.000
181200.000
181000.000
183600.000
172400.000
177800.000
175400.000
188400.000
173400.000
186600.000
181200.000
176400.000
158800.000
169800.000
166600.000
168600.000
182200.000
183400.000
184200.000
178400.000
184400.000
176000.000
170400.000
181000.000
177600.000
184400.000
172200.000
181200.000
179000.000
179000.000
199400.000
181600.000
173800.000
167800.000
182800.000
180400.000
165800.000
187000.000
169200.000
175200.000
172800.000
178600.000
174800.000
179200.000
172600.000
166600.000
164400.000
173800.000
169400.000
168800.000
167200.000
176200.000
179000.000
168000.000
174800.000
160400.000
165400.000
163600.000
160200.000
162600.000
161600.000
172200.000
163200.000
154800.000
167000.000
165600.000
158200.000
159400.000
172000.000
163400.000
158200.000
163800.000
160200.000
157800.000
160200.000
172000.000
168600.000
159000.000
168000.000
153800.000
163200.000
146200.000
149600.000
146000.000
157200.000
156200.000
154600.000
161600.000
155200.000
146200.000
159600.000
141600.000
177400.000
175400.000
184400.000
180400.000
185600.000
178000.000
184400.000
173200.000
186000.000
188200.000
184200.000
188000.000
182600.000
176200.000
191600.000
190000.000
177600.000
176000.000
190400.000
180800.000
193200.000
188000.000
177800.000
194000.000
192600.000
194400.000
191200.000
184200.000
188400.000
184200.000
181600.000
183800.000
185000.000
193600.000
182600.000
182400.000
180600.000
183800.000
182400.000
180800.000
181800.000
178800.000
189600.000
179800.000
192800.000
183000.000
188000.000
178400.000
184400.000
184400.000
185600.000
184000.000
176200.000
177600.000
177400.000
183200.000
191000.000
177800.000
189200.000
192200.000
188000.000
193600.000
187200.000
182200.000
181000.000
184400.000
183600.000
197000.000
180000.000
180600.000
174000.000
190600.000
183800.000
181600.000
184600.000
183400.000
179600.000
186800.000
192400.000
184600.000
190600.000
195600.000
177200.000
181000.000
190200.000
182600.000
174800.000
179400.000
193400.000
183600.000
185600.000
192600.000
187000.000
181200.000
177200.000
188800.000
186800.000
186200.000
201800.000
195000.000
191000.000
183400.000
194000.000
185600.000
184400.000
183800.000
187600.000
181000.000
184200.000
182400.000
182600.000
185000.000
169600.000
176800.000
178200.000
187000.000
184200.000
173200.000
184000.000
177200.000
166600.000
192000.000
175200.000
184000.000
185800.000
178800.000
177800.000
172600.000
176600.000
171400.000
183000.000
171000.000
188400.000
177600.000
185200.000
181800.000
181200.000
177800.000
169800.000
177800.000
185400.000
179800.000
176200.000
182000.000
169800.000
167600.000
188600.000
179600.000
176400.000
177400.000
168200.000
168400.000
169400.000
177600.000
166600.000
173200.000
162800.000
172600.000
174400.000
181200.000
173600.000
184200.000
173400.000
168600.000
166600.000
166800.000
170000.000
169000.000
164800.000
162600.000
164400.000
169800.000
159600.000
166000.000
163000.000
168600.000
179200.000
169200.000
164600.000
160000.000
159800.000
156400.000
161000.000
169800.000
150400.000
160400.000
165400.000
151400.000
156000.000
148600.000
157800.000
152400.000
152800.000
149000.000
146600.000
154600.000
151400.000
144400.000
151800.000
147200.000
157000.000
193400.000
189600.000
187200.000
191000.000
175000.000
180800.000
180600.000
188600.000
188600.000
186600.000
182400.000
184600.000
190600.000
187000.000
190800.000
179000.000
190600.000
193800.000
194000.000
180200.000
183000.000
186600.000
187200.000
185800.000
175800.000
184200.000
184200.000
189800.000
190800.000
180800.000
189400.000
195000.000
181200.000
177600.000
194000.000
184000.000
175000.000
187800.000
185000.000
178800.000
188200.000
175800.000
188400.000
180800.000
174600.000
178600.000
184400.000
179400.000
187000.000
176600.000
187600.000
175800.000
197000.000
175000.000
182800.000
193600.000
187600.000
186200.000
189800.000
181400.000
181800.000
184800.000
183200.000
184600.000
185600.000
192400.000
170400.000
185200.000
184600.000
185600.000
188600.000
197200.000
178400.000
192000.000
181000.000
181000.000
194200.000
179200.000
184000.000
191000.000
177800.000
199600.000
197600.000
190800.000
176600.000
187000.000
180800.000
182400.000
177600.000
195600.000
177200.000
174600.000
164000.000
182800.000
176400.000
181400.000
192000.000
181800.000
184400.000
189000.000
188400.000
185000.000
187800.000
189200.000
175200.000
181200.000
185000.000
180800.000
191200.000
183400.000
186000.000
179000.000
175800.000
180200.000
180200.000
176400.000
177800.000
192800.000
185400.000
180200.000
170200.000
173800.000
171200.000
181200.000
170200.000
182800.000
173800.000
178600.000
189600.000
176200.000
180000.000
172800.000
190200.000
183000.000
174600.000
187200.000
176600.000
181200.000
184800.000
183000.000
169800.000
178000.000
171200.000
189600.000
182400.000
174400.000
189600.000
174000.000
176400.000
178800.000
171600.000
170200.000
169000.000
168800.000
169000.000
160800.000
170400.000
165200.000
173800.000
168800.000
171400.000
169000.000
175600.000
171600.000
164600.000
174600.000
167200.000
167200.000
172400.000
162000.000
169000.000
172800.000
159400.000
181200.000
162600.000
161600.000
169600.000
164400.000
171600.000
164000.000
151800.000
162600.000
167400.000
157400.000
166600.000
163400.000
158400.000
149600.000
161000.000
162200.000
168600.000
161800.000
159400.000
155000.000
152800.000
147200.000
160400.000
152400.000
150000.000
143800.000
149600.000
185800.000
188400.000
182800.000
183400.000
177800.000
177400.000
173800.000
175400.000
180800.000
175800.000
183200.000
180400.000
189600.000
178400.000
182600.000
185800.000
177200.000
190000.000
181600.000
191800.000
180800.000
184800.000
178600.000
177800.000
169200.000
179000.000
176800.000
183000.000
188800.000
186400.000
182200.000
176200.000
176800.000
176800.000
174800.000
180400.000
188800.000
178600.000
188200.000
177000.000
178400.000
176800.000
187800.000
184400.000
189400.000
195200.000
194200.000
189400.000
182000.000
190400.000
164400.000
183200.000
182200.000
190600.000
185200.000
182400.000
176000.000
187400.000
184600.000
188200.000
179600.000
173000.000
181000.000
173600.000
191400.000
198800.000
176000.000
179400.000
171600.000
185800.000
185800.000
192800.000
185200.000
185400.000
180600.000
179600.000
178400.000
182400.000
188400.000
178000.000
194800.000
181800.000
181600.000
194200.000
178000.000
188200.000
170200.000
185600.000
191600.000
176800.000
185600.000
189000.000
178000.000
194000.000
182000.000
181200.000
193400.000
186600.000
188000.000
179200.000
182400.000
185000.000
184000.000
183000.000
187800.000
193600.000
200400.000
182000.000
181200.000
173600.000
175400.000
172600.000
194200.000
179400.000
177000.000
177200.000
183800.000
171400.000
179000.000
169400.000
178800.000
177600.000
166800.000
168800.000
184200.000
174600.000
174800.000
166600.000
178200.000
173400.000
179200.000
180400.000
176600.000
183400.000
188800.000
183000.000
182600.000
180600.000
180800.000
182800.000
183000.000
178200.000
188400.000
175800.000
169000.000
182000.000
169400.000
175200.000
185800.000
163600.000
169400.000
171000.000
163600.000
169400.000
161000.000
163400.000
159600.000
174200.000
179800.000
170000.000
181400.000
171200.000
175200.000
165400.000
176200.000
172000.000
164600.000
177800.000
179000.000
179800.000
165000.000
158800.000
171800.000
162000.000
164200.000
162600.000
163400.000
163000.000
163600.000
164200.000
166800.000
172400.000
172800.000
155400.000
158400.000
154000.000
156600.000
155000.000
165800.000
163600.000
165600.000
165400.000
153200.000
154600.000
157200.000
158400.000
150000.000
151400.000
143400.000
149200.000
161400.000
185400.000
193200.000
174000.000
184600.000
189800.000
185200.000
188600.000
187200.000
181200.000
175400.000
173400.000
178800.000
181600.000
183400.000
176000.000
171400.000
186200.000
182000.000
182200.000
195000.000
193200.000
191200.000
180600.000
173800.000
189400.000
192000.000
191200.000
178600.000
194000.000
182600.000
185600.000
190800.000
178800.000
188600.000
181200.000
194800.000
172000.000
181800.000
183000.000
184400.000
182200.000
181200.000
189200.000
191600.000
184400.000
188600.000
175000.000
186000.000
192200.000
182200.000
182000.000
186000.000
186400.000
187200.000
175400.000
185400.000
192600.000
177600.000
177000.000
189200.000
180000.000
188600.000
185200.000
188000.000
179200.000
190600.000
200000.000
185800.000
185600.000
177400.000
186200.000
191400.000
186000.000
175000.000
179800.000
181400.000
195400.000
187400.000
183000.000
181000.000
188400.000
162800.000
187800.000
187800.000
183800.000
190200.000
190800.000
182800.000
196200.000
189000.000
175400.000
186200.000
186000.000
195800.000
188400.000
184800.000
181400.000
200000.000
185600.000
186600.000
192400.000
179000.000
178600.000
182600.000
195400.000
184000.000
185000.000
182000.000
191800.000
187200.000
183200.000
174600.000
192200.000
185600.000
176600.000
168600.000
175000.000
174600.000
170000.000
184600.000
178400.000
183000.000
173200.000
172200.000
177400.000
175800.000
174000.000
188600.000
190600.000
178000.000
166200.000
185200.000
183000.000
185400.000
177200.000
190600.000
180400.000
184600.000
177400.000
183600.000
182000.000
188600.000
169200.000
185800.000
180200.000
181000.000
173400.000
184800.000
173600.000
169600.000
175400.000
171200.000
174800.000
176400.000
165200.000
169200.000
165000.000
179200.000
161000.000
180800.000
157800.000
172000.000
173800.000
174200.000
171200.000
166400.000
163600.000
173200.000
165200.000
171600.000
163600.000
158000.000
172800.000
164600.000
166600.000
165400.000
165000.000
146000.000
166600.000
159200.000
166800.000
162600.000
166200.000
150400.000
169800.000
159000.000
157400.000
166400.000
160200.000
157800.000
168400.000
149800.000
159000.000
154200.000
144600.000
139600.000
159400.000
156400.000
159600.000
146200.000
147200.000
177800.000
180200.000
192400.000
176400.000
178600.000
177800.000
184400.000
186800.000
190400.000
182000.000
179600.000
198200.000
182000.000
186000.000
184400.000
179200.000
172600.000
181200.000
177200.000
176200.000
180000.000
176000.000
190200.000
180800.000
176600.000
182000.000
186800.000
181800.000
188000.000
172600.000
179400.000
184200.000
190600.000
183800.000
176200.000
179800.000
180000.000
191000.000
183800.000
182600.000
188800.000
178000.000
184800.000
185000.000
176200.000
185000.000
190800.000
184400.000
178800.000
183000.000
178200.000
177400.000
189400.000
187600.000
182000.000
199600.000
182200.000
180400.000
180800.000
192000.000
186600.000
191000.000
194000.000
184800.000
189400.000
189200.000
174800.000
190200.000
181400.000
175600.000
181200.000
181800.000
188400.000
191000.000
194400.000
185200.000
185200.000
183400.000
185800.000
186000.000
181600.000
188400.000
195400.000
182200.000
183200.000
184200.000
185400.000
191800.000
193400.000
186800.000
190000.000
190200.000
192800.000
188400.000
188400.000
196200.000
194600.000
192600.000
196000.000
182000.000
202200.000
194800.000
188800.000
189800.000
189000.000
188200.000
186800.000
191400.000
184200.000
179600.000
191400.000
189600.000
183800.000
183800.000
174200.000
171000.000
163600.000
175000.000
182600.000
176000.000
174600.000
177800.000
168400.000
174600.000
179000.000
169600.000
181600.000
173200.000
187200.000
182200.000
181000.000
179000.000
183000.000
180200.000
187000.000
178000.000
183400.000
200000.000
179200.000
189400.000
181200.000
184600.000
178200.000
170400.000
184000.000
182000.000
176400.000
181400.000
185600.000
165800.000
163400.000
165000.000
168800.000
161000.000
171000.000
170800.000
170800.000
173600.000
172600.000
175000.000
174000.000
170600.000
178200.000
173400.000
171200.000
167400.000
180200.000
165800.000
166600.000
174000.000
173000.000
166400.000
171400.000
166000.000
163200.000
180200.000
170800.000
157000.000
161600.000
165800.000
171600.000
163800.000
160200.000
161200.000
163200.000
160600.000
160000.000
165000.000
163600.000
163400.000
159000.000
151800.000
158200.000
158600.000
157600.000
157400.000
153400.000
152200.000
151400.000
146600.000
138800.000
185800.000
189000.000
181200.000
174800.000
184000.000
174000.000
179000.000
192000.000
183800.000
179200.000
177600.000
187400.000
189600.000
181600.000
188600.000
186800.000
181800.000
170000.000
189600.000
178400.000
175000.000
176800.000
187200.000
196200.000
179600.000
190600.000
175000.000
180000.000
196400.000
198200.000
185800.000
202200.000
183000.000
182800.000
175600.000
180200.000
182600.000
185400.000
177600.000
186200.000
191200.000
185200.000
174000.000
170200.000
187600.000
185600.000
194400.000
174200.000
180000.000
181600.000
189400.000
182200.000
207800.000
182200.000
189600.000
183200.000
189800.000
195000.000
191600.000
182800.000
198200.000
195600.000
201400.000
191000.000
187200.000
185200.000
184800.000
179600.000
187000.000
174000.000
181800.000
181400.000
188600.000
186200.000
191200.000
195200.000
187600.000
182800.000
190400.000
193400.000
192200.000
181400.000
183200.000
186600.000
189000.000
177800.000
191800.000
184600.000
178200.000
186000.000
183800.000
190800.000
183600.000
185400.000
184600.000
180800.000
185800.000
180600.000
192200.000
186200.000
189800.000
173800.000
194000.000
173000.000
187200.000
174600.000
184400.000
188200.000
194200.000
187800.000
176000.000
175600.000
185600.000
182000.000
182600.000
180800.000
174400.000
173400.000
186000.000
179800.000
175800.000
178200.000
180400.000
185400.000
180800.000
178400.000
175200.000
176600.000
185200.000
177000.000
183800.000
189800.000
174200.000
174000.000
171000.000
182800.000
185600.000
184000.000
181000.000
187600.000
179400.000
181800.000
179000.000
171000.000
175600.000
182400.000
178000.000
179200.000
181200.000
178200.000
172600.000
172200.000
172600.000
165000.000
173400.000
168800.000
166000.000
163800.000
172600.000
165400.000
171800.000
177200.000
179800.000
170600.000
172600.000
169200.000
173800.000
177400.000
166000.000
168000.000
168800.000
166400.000
157400.000
167000.000
171200.000
161200.000
172800.000
169000.000
167000.000
160000.000
162200.000
159400.000
160200.000
162600.000
150000.000
159200.000
163400.000
152800.000
153600.000
161400.000
162600.000
152800.000
160600.000
153200.000
151000.000
154800.000
149800.000
143800.000
156200.000
153600.000
152600.000
191800.000
182000.000
187600.000
173200.000
185000.000
180400.000
179400.000
180400.000
179000.000
191600.000
176600.000
184200.000
187000.000
181600.000
190200.000
186000.000
183200.000
185000.000
183800.000
181600.000
189800.000
174200.000
187400.000
192600.000
172000.000
188000.000
185200.000
181600.000
178200.000
188000.000
184000.000
189000.000
189200.000
193800.000
186600.000
194600.000
192000.000
179800.000
190800.000
182200.000
180400.000
177600.000
180600.000
175600.000
186400.000
178200.000
180000.000
190000.000
180600.000
176000.000
185200.000
184600.000
189600.000
185000.000
198200.000
185000.000
180000.000
189400.000
170200.000
181000.000
191400.000
192000.000
194000.000
191800.000
185600.000
188800.000
191600.000
179000.000
184800.000
184000.000
192600.000
174800.000
190800.000
181800.000
201200.000
176200.000
190200.000
185400.000
178000.000
180400.000
187000.000
183200.000
184400.000
185400.000
189600.000
181600.000
185800.000
181000.000
172600.000
183000.000
185600.000
184800.000
176200.000
181800.000
198600.000
179400.000
185800.000
173400.000
187400.000
195600.000
180200.000
197800.000
193600.000
196000.000
184000.000
186600.000
169400.000
188800.000
180600.000
187600.000
179000.000
181800.000
195600.000
179800.000
169000.000
183800.000
182200.000
182000.000
181400.000
178600.000
172200.000
168800.000
167600.000
170400.000
173600.000
181000.000
168000.000
181200.000
173800.000
169000.000
173600.000
181600.000
179600.000
177800.000
179600.000
172800.000
174400.000
185800.000
188800.000
182200.000
177000.000
186800.000
176800.000
168800.000
169200.000
180400.000
169600.000
171600.000
176400.000
169600.000
178600.000
173000.000
165200.000
167200.000
159800.000
164200.000
173000.000
167200.000
166600.000
172000.000
175800.000
178800.000
170600.000
169600.000
177600.000
156600.000
167600.000
170200.000
171600.000
169400.000
177000.000
165000.000
173800.000
168600.000
169200.000
163800.000
169200.000
154200.000
162800.000
166200.000
169400.000
160800.000
163600.000
158200.000
175800.000
167800.000
165000.000
165800.000
159600.000
163600.000
164200.000
161000.000
146800.000
153400.000
158600.000
142600.000
154200.000
156800.000
144000.000
154200.000
148600.000
196000.000
178000.000
186200.000
179800.000
179600.000
179000.000
186800.000
184400.000
184800.000
190600.000
187200.000
180200.000
187200.000
187200.000
171200.000
186600.000
186200.000
158400.000
195000.000
182000.000
184200.000
194000.000
182000.000
200600.000
187200.000
193800.000
196400.000
187000.000
199400.000
191800.000
179600.000
188600.000
191800.000
186400.000
178000.000
193800.000
184400.000
185200.000
182000.000
173800.000
187000.000
178600.000
185600.000
187600.000
183600.000
193000.000
191400.000
189600.000
182600.000
186000.000
194800.000
194800.000
192400.000
188800.000
189000.000
179600.000
183200.000
181600.000
194000.000
194600.000
199600.000
194200.000
200600.000
201600.000
190600.000
187600.000
201400.000
189200.000
181200.000
187600.000
195000.000
192600.000
174400.000
186400.000
185000.000
190200.000
180600.000
182000.000
185200.000
188800.000
189200.000
182200.000
199800.000
201200.000
186000.000
191200.000
180400.000
187200.000
186400.000
178400.000
180200.000
188200.000
179800.000
188800.000
190600.000
183200.000
184800.000
198600.000
188400.000
181000.000
183800.000
189400.000
191600.000
193200.000
188000.000
172200.000
185800.000
193000.000
172400.000
191200.000
194800.000
189600.000
189600.000
185400.000
180800.000
179000.000
192800.000
191000.000
174200.000
176200.000
175800.000
183200.000
174400.000
180200.000
180000.000
177800.000
176400.000
179800.000
183400.000
178400.000
180400.000
177000.000
181400.000
182400.000
181800.000
180000.000
185400.000
180000.000
171600.000
185200.000
180000.000
180200.000
190200.000
175200.000
181400.000
175800.000
180600.000
169800.000
174400.000
165800.000
164000.000
180000.000
183600.000
167200.000
177400.000
163400.000
161800.000
175800.000
179000.000
175000.000
175400.000
165400.000
174000.000
169400.000
175600.000
169200.000
167600.000
175200.000
167600.000
166800.000
169400.000
163000.000
168800.000
164600.000
168400.000
159200.000
159400.000
163600.000
168600.000
158200.000
160400.000
168600.000
158600.000
163800.000
171800.000
166600.000
159800.000
167200.000
155800.000
158200.000
163800.000
151200.000
155800.000
156600.000
160000.000
164800.000
166000.000
151200.000
159600.000
153200.000
145800.000
177800.000
179200.000
190400.000
176400.000
170000.000
186200.000
194000.000
175800.000
183600.000
193800.000
187800.000
186400.000
182400.000
189000.000
192800.000
194000.000
199800.000
184200.000
181000.000
176000.000
194800.000
183600.000
176200.000
186400.000
180600.000
172400.000
185400.000
190800.000
182800.000
183800.000
186000.000
187000.000
185800.000
178800.000
182400.000
175400.000
185000.000
196000.000
180600.000
176600.000
192200.000
190000.000
177000.000
183000.000
176600.000
189400.000
190600.000
174400.000
179200.000
178600.000
199600.000
196600.000
190000.000
180600.000
182000.000
197200.000
186000.000
196200.000
190000.000
180600.000
194600.000
181200.000
182000.000
199800.000
184400.000
182200.000
183200.000
184400.000
188800.000
184400.000
186200.000
192400.000
189600.000
187800.000
186200.000
186400.000
185800.000
193600.000
193600.000
187200.000
185200.000
191000.000
186200.000
175600.000
172400.000
180600.000
183600.000
191000.000
187400.000
187400.000
184000.000
177200.000
183600.000
187000.000
186800.000
181800.000
181600.000
179000.000
185400.000
182400.000
185600.000
190400.000
178600.000
187800.000
191600.000
178600.000
182600.000
177000.000
192600.000
182600.000
190400.000
177800.000
195600.000
182800.000
193800.000
187000.000
188000.000
178600.000
183800.000
184200.000
185200.000
172200.000
173200.000
168800.000
177400.000
169000.000
165800.000
177800.000
182600.000
182400.000
167800.000
179600.000
181000.000
171600.000
176800.000
187200.000
178800.000
177800.000
172000.000
192600.000
190000.000
181200.000
182400.000
178400.000
175000.000
162800.000
179800.000
183200.000
175000.000
170000.000
170400.000
183800.000
179800.000
177200.000
164800.000
169000.000
171600.000
172000.000
168400.000
178200.000
167200.000
168800.000
167200.000
172000.000
174800.000
174400.000
172000.000
167000.000
161400.000
166800.000
159600.000
175400.000
163000.000
174800.000
164000.000
163000.000
176400.000
170800.000
161600.000
174600.000
166400.000
163400.000
167600.000
158400.000
159600.000
160000.000
169000.000
162400.000
158600.000
165800.000
162800.000
160200.000
165800.000
148600.000
151400.000
155000.000
153000.000
146400.000
161000.000
162600.000
156200.000
180200.000
187800.000
184600.000
182400.000
184200.000
185400.000
187400.000
183600.000
184200.000
184200.000
179800.000
185200.000
178800.000
180000.000
180000.000
183400.000
184200.000
179800.000
189400.000
195000.000
183600.000
204600.000
182800.000
174200.000
185800.000
186600.000
184400.000
173400.000
185000.000
194000.000
176800.000
193200.000
195000.000
179000.000
194000.000
191400.000
178200.000
181600.000
192200.000
176000.000
186200.000
189600.000
175000.000
192200.000
185200.000
178800.000
178800.000
173000.000
183800.000
191000.000
187800.000
182400.000
197800.000
181600.000
192600.000
189600.000
181400.000
193000.000
194800.000
187800.000
181400.000
193000.000
195800.000
187200.000
186400.000
183400.000
192200.000
179600.000
182400.000
189600.000
185400.000
189200.000
180200.000
179400.000
181600.000
181600.000
183400.000
183000.000
185400.000
188000.000
180400.000
188200.000
183800.000
170600.000
187000.000
170400.000
180600.000
187800.000
181000.000
192800.000
181600.000
190000.000
179400.000
190000.000
181600.000
181400.000
193800.000
187000.000
188600.000
178400.000
192000.000
190600.000
186800.000
189400.000
183600.000
193200.000
186200.000
186800.000
181200.000
186200.000
188800.000
177400.000
187000.000
184400.000
174600.000
187800.000
178200.000
182600.000
180200.000
172200.000
171400.000
176000.000
180200.000
181200.000
179800.000
179000.000
179600.000
171800.000
182600.000
170400.000
178200.000
174600.000
177800.000
182000.000
181000.000
178400.000
189400.000
193000.000
192600.000
184800.000
182400.000
173000.000
184200.000
187200.000
182000.000
176200.000
169800.000
171800.000
185800.000
187600.000
174400.000
180200.000
182000.000
173800.000
164800.000
179200.000
162600.000
167800.000
181600.000
177600.000
181000.000
170400.000
170800.000
168200.000
168800.000
162200.000
170400.000
171400.000
166800.000
163600.000
176400.000
161600.000
165400.000
170200.000
165800.000
171000.000
171400.000
176600.000
167800.000
166200.000
166800.000
161000.000
162600.000
158600.000
164400.000
167000.000
166200.000
174400.000
165600.000
169800.000
166200.000
159800.000
158000.000
174400.000
165400.000
155600.000
163000.000
163800.000
159800.000
151400.000
150600.000
181000.000
187600.000
180200.000
181800.000
184600.000
182000.000
182200.000
172000.000
182000.000
189000.000
190400.000
184200.000
178800.000
183600.000
188200.000
178400.000
187600.000
175600.000
179600.000
190800.000
176800.000
190200.000
186600.000
179400.000
181800.000
193000.000
187600.000
200000.000
188000.000
188800.000
171400.000
181000.000
183200.000
187800.000
184400.000
181200.000
176400.000
194000.000
192800.000
171600.000
165600.000
178400.000
181200.000
178000.000
195000.000
186600.000
170400.000
192600.000
180200.000
194400.000
180600.000
180400.000
187600.000
196600.000
182200.000
181000.000
179800.000
174800.000
184800.000
180400.000
196800.000
189800.000
181200.000
196600.000
199200.000
191600.000
194800.000
182600.000
186800.000
190000.000
190400.000
198600.000
173800.000
203200.000
179000.000
188800.000
184400.000
189600.000
182200.000
187800.000
191600.000
181200.000
187800.000
184400.000
184600.000
189800.000
184600.000
186200.000
187200.000
182000.000
190000.000
184600.000
185200.000
185000.000
193400.000
189200.000
176200.000
183000.000
193800.000
191400.000
173000.000
184400.000
189000.000
190000.000
189400.000
180600.000
189000.000
180000.000
178400.000
193800.000
185800.000
185400.000
180000.000
186200.000
182600.000
188000.000
171400.000
184400.000
180600.000
185800.000
178800.000
173200.000
181800.000
172400.000
180000.000
180000.000
169800.000
175600.000
178400.000
175800.000
180400.000
181200.000
184400.000
181800.000
168400.000
183400.000
181000.000
180600.000
178000.000
187400.000
175200.000
180800.000
181400.000
180600.000
181000.000
169400.000
167600.000
177000.000
171000.000
178200.000
190400.000
168400.000
167800.000
170200.000
163000.000
171200.000
164400.000
171600.000
166200.000
170600.000
166800.000
179400.000
185400.000
176000.000
173600.000
167400.000
168400.000
171800.000
160800.000
171200.000
173800.000
158400.000
176800.000
169800.000
172600.000
167800.000
161200.000
171800.000
167000.000
151600.000
168600.000
168600.000
168800.000
160800.000
165200.000
177400.000
174600.000
158400.000
158200.000
154600.000
154400.000
158800.000
166000.000
160600.000
157200.000
160600.000
159800.000
154800.000
156800.000
153600.000
143000.000
192600.000
177000.000
176400.000
188200.000
170000.000
187200.000
190200.000
183600.000
183200.000
184800.000
174800.000
191400.000
175800.000
183200.000
177200.000
183400.000
182000.000
172400.000
174600.000
184600.000
183800.000
191200.000
176200.000
180800.000
187000.000
189400.000
173400.000
183200.000
187800.000
181200.000
184800.000
171600.000
182800.000
173000.000
188200.000
172400.000
178800.000
194000.000
173200.000
185000.000
182000.000
190800.000
185600.000
177400.000
175400.000
184800.000
191000.000
188200.000
182600.000
190200.000
189600.000
191200.000
180000.000
185600.000
173800.000
192400.000
174200.000
177200.000
178200.000
175000.000
178400.000
176400.000
187000.000
187600.000
186600.000
176600.000
182800.000
189800.000
189200.000
193600.000
183600.000
180200.000
175200.000
184800.000
181000.000
184400.000
174800.000
173200.000
181200.000
183600.000
194000.000
191600.000
174400.000
192200.000
189000.000
194600.000
187600.000
179400.000
189000.000
187400.000
182400.000
189600.000
177800.000
183800.000
190800.000
188200.000
182600.000
186600.000
181800.000
181000.000
180400.000
182800.000
179200.000
190800.000
176400.000
178000.000
188200.000
194200.000
190800.000
174800.000
193000.000
185600.000
191800.000
184400.000
189000.000
175200.000
186000.000
183200.000
186400.000
179600.000
174800.000
177800.000
179600.000
168200.000
161600.000
176800.000
180600.000
182400.000
187800.000
168600.000
184400.000
182600.000
181200.000
186200.000
177400.000
182800.000
178200.000
175800.000
175400.000
184000.000
170600.000
173600.000
188400.000
183000.000
183000.000
181200.000
178000.000
170000.000
174000.000
175000.000
183400.000
173400.000
186200.000
169200.000
167200.000
175800.000
160400.000
169200.000
172600.000
177600.000
171000.000
175600.000
170800.000
182600.000
174800.000
175600.000
172800.000
170800.000
162400.000
156000.000
170800.000
149800.000
168600.000
169200.000
163600.000
169400.000
165800.000
162200.000
166400.000
171800.000
162000.000
162800.000
163000.000
158400.000
163000.000
163200.000
158400.000
160000.000
167600.000
158200.000
163600.000
163600.000
166000.000
160600.000
166200.000
153600.000
149800.000
157600.000
154800.000
150000.000
155000.000
178600.000
187200.000
173200.000
182800.000
188600.000
173800.000
181800.000
192200.000
185600.000
180600.000
187600.000
187800.000
182600.000
169600.000
184800.000
185000.000
178400.000
185800.000
174000.000
183600.000
180000.000
184800.000
186400.000
182400.000
186000.000
189200.000
173600.000
183200.000
175600.000
180000.000
191800.000
190200.000
177400.000
185000.000
188200.000
192600.000
183000.000
184200.000
190400.000
187400.000
182200.000
183400.000
188200.000
179400.000
183200.000
173600.000
182200.000
180200.000
187000.000
189000.000
188400.000
188600.000
183600.000
192600.000
184000.000
187800.000
191800.000
188200.000
176600.000
195000.000
189800.000
178800.000
193200.000
184000.000
183800.000
198200.000
192600.000
183000.000
185400.000
180000.000
186000.000
196000.000
195800.000
190200.000
183400.000
189800.000
186800.000
179600.000
192800.000
188000.000
187600.000
192200.000
187600.000
197200.000
193800.000
181400.000
186600.000
199200.000
186200.000
185600.000
178600.000
182800.000
189000.000
185400.000
175200.000
189800.000
192600.000
187400.000
182000.000
187400.000
185000.000
191600.000
172800.000
183600.000
184200.000
179000.000
184000.000
187200.000
189000.000
199000.000
199000.000
189600.000
188600.000
168200.000
175600.000
186200.000
184000.000
193800.000
169200.000
180000.000
189400.000
169400.000
180400.000
187800.000
173400.000
174000.000
175000.000
171200.000
179800.000
171800.000
167000.000
174600.000
183000.000
164600.000
192400.000
181600.000
191800.000
181200.000
181600.000
185800.000
170400.000
181400.000
184200.000
186400.000
175800.000
175200.000
177600.000
173600.000
174600.000
177400.000
184600.000
176600.000
174800.000
169000.000
173400.000
178000.000
171200.000
173000.000
168800.000
170400.000
169400.000
177800.000
172800.000
162400.000
168200.000
172400.000
156800.000
173200.000
173600.000
174800.000
178000.000
176200.000
171000.000
165800.000
167000.000
166200.000
172200.000
160600.000
167400.000
170000.000
167200.000
162800.000
162000.000
164000.000
160200.000
169000.000
160000.000
159800.000
161800.000
158800.000
159200.000
177000.000
156600.000
153400.000
157400.000
163600.000
153600.000
162200.000
144200.000
162800.000
156000.000
181200.000
169000.000
174000.000
180800.000
182000.000
186600.000
176800.000
170400.000
186200.000
196400.000
175800.000
193200.000
189800.000
184200.000
187800.000
175400.000
190200.000
190600.000
178400.000
189800.000
180800.000
185600.000
187000.000
186600.000
189000.000
175000.000
196200.000
178400.000
172800.000
195400.000
185000.000
181800.000
184800.000
182000.000
184600.000
186800.000
191000.000
187000.000
190200.000
181200.000
191000.000
174200.000
166800.000
191600.000
186400.000
188000.000
182400.000
186400.000
191000.000
186200.000
200400.000
183600.000
180000.000
182000.000
179400.000
186200.000
194200.000
185800.000
192200.000
176200.000
185600.000
186600.000
185000.000
185800.000
194800.000
184600.000
179400.000
193000.000
184200.000
190400.000
178800.000
193200.000
196400.000
187400.000
192400.000
181600.000
181200.000
189400.000
193400.000
191000.000
190800.000
188800.000
177000.000
182800.000
198800.000
181000.000
186800.000
189600.000
187200.000
188800.000
188800.000
180000.000
192200.000
174000.000
186200.000
189800.000
185800.000
190200.000
177800.000
178200.000
184800.000
194600.000
195000.000
173600.000
176600.000
182000.000
179200.000
187200.000
197200.000
187600.000
178800.000
174800.000
185200.000
178200.000
190200.000
178400.000
169200.000
181600.000
188800.000
183400.000
178200.000
190000.000
175200.000
177400.000
178800.000
177200.000
169800.000
195200.000
176800.000
181000.000
178400.000
190800.000
179000.000
175200.000
177800.000
181800.000
178600.000
180000.000
174600.000
176800.000
174600.000
171600.000
175000.000
182600.000
178800.000
177800.000
183200.000
174000.000
166800.000
160200.000
178000.000
166800.000
168200.000
172000.000
165200.000
167600.000
166800.000
164400.000
159600.000
174200.000
165000.000
170800.000
163600.000
169200.000
166200.000
168000.000
161200.000
173600.000
167000.000
167000.000
161800.000
169000.000
183000.000
168400.000
161600.000
171200.000
162600.000
163200.000
170800.000
167200.000
171800.000
166600.000
159400.000
162200.000
161600.000
174000.000
167200.000
156200.000
158200.000
170200.000
167200.000
162600.000
154800.000
158800.000
153200.000
166600.000
152800.000
153600.000
155400.000
158200.000
153400.000
193400.000
193600.000
175800.000
188800.000
178000.000
194000.000
193800.000
186600.000
177000.000
181800.000
184000.000
191200.000
185800.000
192200.000
195000.000
177400.000
183800.000
186600.000
183600.000
181200.000
186400.000
176800.000
181400.000
179400.000
177200.000
173200.000
188000.000
186600.000
180800.000
187400.000
185000.000
189200.000
186400.000
181400.000
193200.000
190600.000
180200.000
183200.000
186200.000
188600.000
185200.000
179600.000
184600.000
190000.000
183200.000
192000.000
180000.000
183400.000
183000.000
189200.000
189800.000
183600.000
179800.000
173200.000
192000.000
192800.000
190800.000
199800.000
190600.000
185200.000
200800.000
189000.000
191200.000
198000.000
194600.000
192000.000
192600.000
179200.000
185400.000
187000.000
184600.000
194800.000
193200.000
184800.000
181200.000
185600.000
184800.000
185200.000
178400.000
185800.000
190200.000
179200.000
189200.000
188000.000
196600.000
182400.000
185600.000
175800.000
195800.000
176200.000
189200.000
181000.000
179000.000
180800.000
180800.000
188600.000
186200.000
193200.000
199400.000
199600.000
186000.000
192200.000
184000.000
179800.000
192000.000
166400.000
189000.000
187800.000
185000.000
188600.000
182200.000
183000.000
181800.000
187000.000
183600.000
185800.000
185800.000
196800.000
179200.000
178800.000
184400.000
174400.000
183400.000
173600.000
172400.000
173200.000
173800.000
184800.000
186400.000
186600.000
175200.000
174200.000
184800.000
173600.000
183600.000
185000.000
192600.000
170400.000
175600.000
183800.000
185400.000
180000.000
179400.000
174200.000
188000.000
171400.000
176400.000
177400.000
186000.000
179600.000
187000.000
181400.000
170200.000
172200.000
162600.000
169800.000
172800.000
166400.000
175200.000
174800.000
168600.000
178800.000
173200.000
176600.000
172400.000
170600.000
165000.000
149600.000
160600.000
169000.000
162400.000
172400.000
173200.000
163800.000
156600.000
168000.000
173400.000
169800.000
169800.000
166400.000
163600.000
163600.000
170000.000
160800.000
159200.000
152800.000
166600.000
161200.000
178800.000
160600.000
150800.000
148800.000
160000.000
152400.000
154400.000
168400.000
151600.000
149600.000
150400.000
152000.000
157000.000
206000.000
192600.000
183200.000
183600.000
191000.000
189800.000
192600.000
182200.000
168400.000
180800.000
178800.000
179800.000
186000.000
181800.000
178600.000
183000.000
173000.000
178400.000
182600.000
180200.000
186600.000
186000.000
186000.000
192200.000
182200.000
185400.000
193200.000
178000.000
190800.000
185800.000
181000.000
178200.000
187800.000
184600.000
189600.000
175400.000
188400.000
190800.000
200200.000
190000.000
185000.000
192600.000
191000.000
186200.000
193200.000
185200.000
188200.000
193600.000
202000.000
184200.000
182400.000
183000.000
185800.000
187200.000
193600.000
187600.000
194600.000
181600.000
187800.000
191600.000
184400.000
190200.000
182600.000
191000.000
195800.000
188800.000
192200.000
192000.000
190200.000
183800.000
198800.000
182200.000
188800.000
185400.000
186200.000
183600.000
187000.000
193800.000
189000.000
181800.000
199600.000
195800.000
179000.000
192400.000
177200.000
179400.000
194000.000
187200.000
184800.000
181000.000
186800.000
185600.000
202800.000
190000.000
182600.000
185200.000
188000.000
186400.000
193000.000
188000.000
192400.000
189800.000
195600.000
185800.000
188200.000
182000.000
176800.000
179600.000
179600.000
186400.000
179200.000
185400.000
179000.000
185800.000
183600.000
185800.000
180000.000
190000.000
189800.000
180200.000
176600.000
180600.000
182600.000
174600.000
180000.000
181800.000
182800.000
171600.000
183800.000
175000.000
173200.000
172600.000
184800.000
177800.000
180200.000
181200.000
178200.000
181800.000
178600.000
182000.000
176200.000
173400.000
188800.000
169000.000
171600.000
185800.000
183600.000
176000.000
171800.000
181200.000
180800.000
175200.000
172200.000
169600.000
170400.000
171400.000
169400.000
163000.000
162800.000
164200.000
165200.000
170600.000
160000.000
163800.000
167400.000
161800.000
158800.000
167400.000
166800.000
167600.000
184000.000
176800.000
162000.000
171200.000
178800.000
171000.000
173200.000
168400.000
180800.000
158400.000
175800.000
175600.000
168800.000
156200.000
178200.000
168800.000
156000.000
156800.000
170200.000
159600.000
161200.000
163800.000
155000.000
156200.000
166000.000
158000.000
163800.000
153400.000
149600.000
160400.000
167400.000
179400.000
198600.000
179600.000
181400.000
183400.000
173400.000
177000.000
191600.000
190200.000
176800.000
175000.000
182200.000
197200.000
176800.000
189000.000
189400.000
190000.000
182000.000
175400.000
182000.000
192400.000
174800.000
186800.000
188000.000
192400.000
191400.000
177200.000
180000.000
182200.000
180600.000
170200.000
193400.000
188600.000
173000.000
200400.000
187200.000
179600.000
166600.000
185600.000
183600.000
178200.000
189400.000
185600.000
183600.000
192400.000
174600.000
169000.000
175200.000
190400.000
182000.000
180000.000
176600.000
181600.000
192000.000
183200.000
181800.000
182800.000
185200.000
186400.000
195000.000
187600.000
177000.000
192400.000
196600.000
199600.000
190600.000
193400.000
192000.000
181600.000
183800.000
185200.000
189600.000
185000.000
189400.000
181800.000
199400.000
188600.000
188000.000
188200.000
193000.000
186800.000
199000.000
191800.000
187600.000
188800.000
178800.000
196800.000
197000.000
194600.000
190200.000
185800.000
187400.000
189000.000
176800.000
194600.000
205200.000
188800.000
179800.000
182600.000
184600.000
188400.000
188400.000
187000.000
181600.000
185000.000
193400.000
198000.000
190000.000
182600.000
179800.000
183400.000
178600.000
179400.000
181400.000
187200.000
178000.000
187000.000
184600.000
178400.000
182600.000
182800.000
179600.000
173600.000
183000.000
185200.000
178200.000
183400.000
181600.000
177800.000
182800.000
176400.000
187000.000
177600.000
178400.000
175000.000
183800.000
184400.000
171600.000
193200.000
174600.000
174000.000
180000.000
171600.000
169400.000
177600.000
172200.000
179400.000
181400.000
172800.000
182600.000
173800.000
170000.000
176800.000
176000.000
167800.000
157000.000
159400.000
161200.000
169000.000
176800.000
164000.000
169800.000
166800.000
162000.000
154400.000
167200.000
160000.000
175400.000
164600.000
171000.000
168400.000
157400.000
156600.000
177800.000
173400.000
160200.000
160600.000
171400.000
169400.000
170800.000
164000.000
153600.000
167200.000
162600.000
169000.000
155200.000
168800.000
166200.000
169200.000
156800.000
164200.000
146200.000
150200.000
155200.000
161400.000
162000.000
160200.000
148400.000
165800.000
142200.000
149400.000
161400.000
185200.000
167800.000
181200.000
192400.000
182600.000
171800.000
179200.000
191200.000
181000.000
185600.000
187000.000
188400.000
181600.000
178000.000
183400.000
182600.000
173000.000
197000.000
178800.000
179800.000
182400.000
193800.000
178800.000
179200.000
183400.000
191400.000
169800.000
187600.000
188000.000
187400.000
187200.000
191800.000
192400.000
189600.000
187000.000
191400.000
181800.000
187200.000
184000.000
181200.000
180000.000
186400.000
194200.000
180800.000
183800.000
183800.000
186400.000
186200.000
195000.000
191200.000
185400.000
180200.000
178800.000
183400.000
186400.000
185600.000
190200.000
187200.000
186600.000
187800.000
187400.000
196200.000
191600.000
192600.000
199800.000
184800.000
187000.000
194200.000
181000.000
189200.000
203200.000
192800.000
168800.000
183200.000
183400.000
188400.000
190800.000
185000.000
199200.000
188200.000
200200.000
183000.000
184800.000
194000.000
193600.000
188800.000
186400.000
193000.000
191600.000
179600.000
178200.000
204600.000
179200.000
193800.000
181400.000
187400.000
194400.000
197000.000
184800.000
186400.000
186600.000
199400.000
198400.000
190600.000
173800.000
174400.000
195200.000
192000.000
183600.000
187800.000
186400.000
188800.000
180200.000
186600.000
170400.000
191000.000
186000.000
176800.000
175000.000
193800.000
181200.000
185400.000
178600.000
177200.000
194400.000
183800.000
180600.000
175400.000
175400.000
166000.000
188600.000
179600.000
186600.000
182200.000
182600.000
177400.000
175400.000
188800.000
181200.000
171800.000
186600.000
170200.000
184400.000
181200.000
189400.000
182000.000
174800.000
184200.000
174200.000
184800.000
174200.000
173200.000
173200.000
162800.000
173000.000
162000.000
165200.000
162200.000
162800.000
167400.000
163200.000
169000.000
162600.000
172400.000
164800.000
163400.000
168800.000
174600.000
172200.000
172400.000
163600.000
168600.000
155400.000
171000.000
170800.000
159600.000
167800.000
162200.000
174400.000
166400.000
156800.000
158000.000
162400.000
160600.000
167400.000
167200.000
172200.000
175000.000
163200.000
157200.000
166600.000
163400.000
164400.000
154800.000
163800.000
154600.000
168000.000
165600.000
162000.000
166400.000
180200.000
184800.000
170000.000
167600.000
177000.000
187800.000
183000.000
181600.000
182400.000
187600.000
177200.000
181600.000
188000.000
189400.000
181000.000
178800.000
186000.000
192200.000
190000.000
179200.000
190200.000
196600.000
181200.000
180800.000
181800.000
180200.000
177800.000
186000.000
187600.000
182800.000
184800.000
168200.000
182800.000
196600.000
187200.000
183800.000
186000.000
195600.000
191400.000
181800.000
194000.000
183000.000
186400.000
182000.000
178600.000
179400.000
194800.000
192000.000
172400.000
188200.000
193000.000
175200.000
192600.000
189200.000
188400.000
186600.000
190400.000
176400.000
175200.000
185000.000
187200.000
204400.000
191400.000
192600.000
191000.000
189800.000
193800.000
189000.000
178200.000
179800.000
175400.000
186600.000
189000.000
199000.000
194000.000
184200.000
177000.000
193000.000
195000.000
203800.000
203000.000
181400.000
189000.000
179600.000
197800.000
193600.000
179800.000
193200.000
189200.000
175600.000
191200.000
185200.000
190200.000
198200.000
196800.000
196800.000
193600.000
184000.000
182600.000
193000.000
193800.000
186400.000
191200.000
183400.000
183200.000
193200.000
171400.000
177400.000
181600.000
192000.000
188200.000
189800.000
187200.000
190000.000
175000.000
182800.000
179800.000
188800.000
187000.000
191000.000
182400.000
184200.000
183000.000
183200.000
180000.000
184200.000
184800.000
178800.000
175800.000
186600.000
169600.000
176400.000
187200.000
179600.000
182600.000
177000.000
189200.000
184000.000
181600.000
175600.000
176600.000
178800.000
186600.000
174600.000
183600.000
181800.000
194200.000
178600.000
174800.000
183200.000
183800.000
170600.000
168000.000
177000.000
170000.000
171200.000
163000.000
167800.000
166000.000
168400.000
168600.000
174000.000
171200.000
168000.000
169000.000
169400.000
164400.000
164400.000
165200.000
176400.000
170400.000
163400.000
167400.000
167200.000
176800.000
171200.000
173200.000
163000.000
157800.000
159000.000
168400.000
169200.000
165000.000
177200.000
173000.000
169800.000
156200.000
168600.000
172200.000
165800.000
174000.000
170800.000
164000.000
153000.000
165000.000
167600.000
155800.000
164000.000
153000.000
151800.000
159400.000
183200.000
181200.000
184600.000
181200.000
181600.000
171200.000
173000.000
182000.000
188800.000
175600.000
176400.000
193200.000
184600.000
191400.000
181600.000
174200.000
179000.000
181800.000
184400.000
181400.000
187000.000
184200.000
172200.000
186000.000
176200.000
179600.000
185600.000
183000.000
178400.000
184000.000
187400.000
188000.000
183000.000
176800.000
187600.000
196800.000
194400.000
189400.000
184400.000
195600.000
191800.000
185600.000
177200.000
184400.000
183000.000
196200.000
185400.000
190400.000
187800.000
190000.000
197800.000
187800.000
186800.000
183600.000
177400.000
195600.000
177800.000
181000.000
176400.000
180400.000
189800.000
187600.000
192800.000
164400.000
193400.000
180600.000
183000.000
186400.000
186600.000
192600.000
185000.000
179400.000
187000.000
184000.000
185800.000
188400.000
186600.000
183200.000
182600.000
194600.000
190400.000
184600.000
193200.000
185200.000
182200.000
194600.000
182400.000
189200.000
200600.000
187800.000
200800.000
195600.000
182800.000
189600.000
191000.000
189000.000
196200.000
189600.000
190800.000
187400.000
197200.000
181800.000
182200.000
178400.000
179600.000
183800.000
176200.000
177400.000
178600.000
182000.000
182600.000
185400.000
180000.000
186800.000
189600.000
172000.000
192600.000
189400.000
183400.000
171000.000
180200.000
187200.000
174400.000
182200.000
185600.000
183800.000
181400.000
184000.000
183800.000
190800.000
190000.000
184200.000
187600.000
178000.000
177400.000
181200.000
177200.000
174200.000
187600.000
179000.000
184200.000
177000.000
185600.000
182400.000
174800.000
177400.000
176400.000
177600.000
187000.000
174600.000
180800.000
181400.000
177400.000
176000.000
173000.000
167200.000
166200.000
161200.000
167000.000
170400.000
162600.000
165800.000
172400.000
168400.000
169600.000
163000.000
167800.000
169400.000
173400.000
165000.000
174800.000
164200.000
176000.000
174400.000
169400.000
180000.000
168200.000
170000.000
167000.000
161600.000
164800.000
159400.000
166400.000
167400.000
161400.000
167200.000
167200.000
156200.000
157200.000
166000.000
161400.000
163000.000
177000.000
165400.000
162400.000
151000.000
157600.000
149400.000
161400.000
156800.000
157600.000
178600.000
186800.000
173800.000
176000.000
168800.000
170400.000
187400.000
192200.000
186200.000
194600.000
183600.000
195400.000
186000.000
189800.000
188400.000
186200.000
171400.000
183600.000
181800.000
181800.000
184800.000
188000.000
198000.000
187400.000
193200.000
189400.000
174600.000
181400.000
177400.000
186800.000
185200.000
189000.000
191400.000
183400.000
180800.000
181000.000
189200.000
193000.000
180000.000
185800.000
185800.000
186000.000
188600.000
182600.000
187200.000
188800.000
181200.000
185800.000
185600.000
200000.000
176400.000
190600.000
180200.000
187000.000
194800.000
184800.000
186400.000
185800.000
193600.000
190600.000
173800.000
182000.000
184800.000
192200.000
186200.000
187000.000
190800.000
203200.000
188600.000
186000.000
180000.000
177000.000
189400.000
196400.000
186200.000
192000.000
178600.000
190600.000
196800.000
193000.000
189400.000
188200.000
180800.000
187400.000
182800.000
184600.000
190200.000
179800.000
186400.000
186000.000
194600.000
180200.000
193000.000
182600.000
196600.000
204200.000
189800.000
187000.000
186600.000
192400.000
183800.000
186800.000
190000.000
203400.000
181000.000
195600.000
192800.000
185600.000
188200.000
182000.000
191400.000
189800.000
197400.000
179000.000
184800.000
184000.000
190200.000
186800.000
196800.000
183600.000
175400.000
185000.000
178600.000
184200.000
175000.000
181000.000
178600.000
183200.000
174800.000
197400.000
189800.000
181800.000
185000.000
177200.000
182800.000
183600.000
180400.000
181200.000
182400.000
181600.000
182800.000
169600.000
181400.000
170200.000
173200.000
170600.000
178800.000
174400.000
183800.000
176200.000
175600.000
182800.000
178400.000
160600.000
167400.000
160200.000
172000.000
176400.000
179200.000
177800.000
163000.000
180800.000
166200.000
172200.000
161600.000
155400.000
179000.000
171400.000
177800.000
176000.000
162800.000
174800.000
168200.000
172600.000
162600.000
162200.000
176600.000
178400.000
175800.000
166400.000
160600.000
165200.000
165200.000
164000.000
165800.000
159400.000
160400.000
164600.000
170800.000
169600.000
156800.000
158000.000
154200.000
158200.000
169800.000
157200.000
160200.000
161000.000
159400.000
162200.000
149200.000
177400.000
176800.000
181200.000
183000.000
187800.000
176200.000
181400.000
173600.000
171600.000
190200.000
176800.000
186000.000
179200.000
178600.000
179200.000
200400.000
188600.000
182400.000
186000.000
179600.000
182000.000
181800.000
182600.000
179400.000
184400.000
170000.000
193200.000
184600.000
186200.000
188400.000
192000.000
186000.000
188800.000
186600.000
192800.000
185800.000
191800.000
184400.000
180200.000
180800.000
187200.000
184600.000
193400.000
199200.000
180400.000
193600.000
186400.000
189200.000
191000.000
184200.000
181800.000
186800.000
188600.000
188400.000
177800.000
188600.000
185800.000
185200.000
195800.000
192400.000
194200.000
181200.000
185600.000
195800.000
195200.000
191800.000
195400.000
177400.000
190400.000
195600.000
180800.000
179600.000
183400.000
181600.000
193400.000
186400.000
185200.000
173800.000
186600.000
189800.000
176000.000
202000.000
185800.000
184200.000
177800.000
189400.000
184800.000
187600.000
191000.000
196800.000
194400.000
188000.000
186800.000
190800.000
194800.000
194800.000
189800.000
188400.000
183200.000
185800.000
196800.000
189800.000
189600.000
189800.000
179600.000
172000.000
177600.000
175800.000
184000.000
184400.000
189400.000
190600.000
196000.000
183200.000
176200.000
177800.000
179200.000
182000.000
182000.000
171600.000
185200.000
186000.000
174800.000
184800.000
174600.000
186600.000
183600.000
178600.000
178600.000
182600.000
182400.000
175600.000
185400.000
184400.000
172200.000
181400.000
188200.000
185200.000
181400.000
170800.000
180000.000
171000.000
171400.000
176200.000
183000.000
189000.000
180000.000
180400.000
184600.000
183400.000
182600.000
179400.000
169200.000
171400.000
169200.000
156200.000
180200.000
166600.000
161000.000
165800.000
170400.000
175000.000
179000.000
179400.000
174200.000
180800.000
173200.000
169800.000
168600.000
170200.000
169000.000
165600.000
167200.000
171600.000
168600.000
174600.000
173600.000
155800.000
170000.000
165600.000
157800.000
173600.000
158600.000
168200.000
166600.000
166800.000
166400.000
165200.000
171200.000
159400.000
171200.000
165600.000
163800.000
164200.000
169000.000
159800.000
172000.000
162200.000
160200.000
159600.000
153600.000
190200.000
176800.000
179400.000
183600.000
193000.000
186800.000
192400.000
183200.000
189400.000
196800.000
186600.000
182400.000
190400.000
185400.000
172000.000
181200.000
186200.000
186800.000
194400.000
186000.000
171400.000
181600.000
175000.000
189200.000
179200.000
185000.000
182200.000
181400.000
193800.000
184200.000
185200.000
183200.000
191600.000
184200.000
185600.000
192800.000
195400.000
189800.000
194400.000
187400.000
184800.000
169600.000
195600.000
194800.000
177600.000
184600.000
205600.000
179000.000
195600.000
193600.000
190000.000
183400.000
187000.000
185000.000
176000.000
190600.000
186600.000
175200.000
199400.000
188800.000
186000.000
193800.000
194000.000
194600.000
193800.000
197000.000
186000.000
194200.000
188800.000
177000.000
191400.000
195800.000
182200.000
190400.000
193200.000
185200.000
197800.000
194400.000
182200.000
189000.000
189400.000
199000.000
182800.000
185200.000
180200.000
186000.000
178000.000
194200.000
193400.000
179400.000
186400.000
196400.000
187800.000
179600.000
181400.000
187800.000
180000.000
185800.000
201400.000
187200.000
180200.000
192200.000
195200.000
179600.000
191400.000
172000.000
196000.000
180200.000
190600.000
175200.000
184800.000
189000.000
186200.000
184000.000
182200.000
176000.000
174800.000
181000.000
184200.000
181000.000
185400.000
176400.000
193800.000
184800.000
190600.000
176200.000
182600.000
184800.000
173800.000
168600.000
181400.000
175800.000
185800.000
173000.000
183400.000
169000.000
182200.000
168000.000
177800.000
185400.000
185000.000
178200.000
174400.000
180800.000
171800.000
184200.000
175000.000
175800.000
176200.000
177400.000
177600.000
174000.000
174400.000
172000.000
184800.000
177800.000
167200.000
178600.000
179800.000
172000.000
178600.000
175600.000
166600.000
169400.000
181600.000
175600.000
176800.000
171000.000
181200.000
173200.000
171800.000
161400.000
172200.000
171400.000
163000.000
156800.000
158600.000
169200.000
181600.000
158600.000
166400.000
169200.000
173000.000
158600.000
166400.000
165400.000
162600.000
166800.000
175000.000
151200.000
176400.000
159000.000
154000.000
154000.000
159600.000
165200.000
156000.000
166000.000
161000.000
155000.000
152400.000
176200.000
185600.000
179200.000
194800.000
171800.000
183000.000
192600.000
189000.000
185200.000
176800.000
183000.000
174200.000
180600.000
192000.000
172000.000
190200.000
196200.000
187800.000
179400.000
184800.000
182000.000
183600.000
185800.000
176400.000
182400.000
178000.000
185600.000
186200.000
178200.000
186200.000
187600.000
182600.000
188400.000
187000.000
184200.000
188400.000
181800.000
186800.000
177800.000
185800.000
188400.000
195000.000
180400.000
176600.000
182800.000
183800.000
186400.000
182800.000
180400.000
184800.000
188600.000
190000.000
187000.000
193600.000
190000.000
185400.000
183200.000
187800.000
184000.000
184800.000
183200.000
193200.000
172200.000
189400.000
188200.000
180200.000
188200.000
183800.000
187000.000
194400.000
181200.000
186000.000
178800.000
179400.000
191800.000
186000.000
184400.000
191000.000
187200.000
190000.000
194600.000
192400.000
186400.000
186600.000
193400.000
188600.000
193400.000
187400.000
191000.000
188800.000
194200.000
198200.000
184800.000
192800.000
203400.000
192600.000
188400.000
189400.000
180800.000
181600.000
191400.000
190200.000
178600.000
189400.000
185400.000
179600.000
188400.000
189400.000
192200.000
177000.000
189200.000
187800.000
185000.000
192800.000
189600.000
182000.000
194200.000
187800.000
182200.000
164800.000
193200.000
184600.000
176000.000
195000.000
181600.000
189400.000
174000.000
183000.000
184200.000
177600.000
183200.000
189000.000
184200.000
185200.000
180000.000
185600.000
183200.000
181200.000
184200.000
180600.000
180800.000
177800.000
181800.000
175000.000
179400.000
174400.000
190200.000
174400.000
178200.000
177800.000
180800.000
173200.000
176600.000
174400.000
161600.000
188200.000
184400.000
177800.000
178600.000
190600.000
188800.000
177200.000
165600.000
166200.000
164600.000
167800.000
175200.000
174800.000
174800.000
179600.000
173600.000
167600.000
167800.000
177800.000
166000.000
164200.000
165400.000
179400.000
164200.000
167200.000
159400.000
166800.000
167400.000
172400.000
175600.000
163000.000
158400.000
168000.000
169000.000
169200.000
172800.000
165200.000
159200.000
159800.000
153200.000
160400.000
160000.000
167400.000
164400.000
163200.000
152000.000
186200.000
194400.000
167000.000
187600.000
195200.000
187000.000
186800.000
185000.000
174800.000
177400.000
182000.000
186800.000
187600.000
182200.000
176800.000
191000.000
189000.000
177200.000
179000.000
172400.000
182800.000
186600.000
190200.000
194600.000
182800.000
183600.000
181200.000
180600.000
189000.000
170000.000
183400.000
187600.000
182200.000
190200.000
194000.000
196200.000
186200.000
190600.000
185600.000
177400.000
187400.000
186000.000
183600.000
204600.000
185600.000
172600.000
190200.000
185600.000
192000.000
173800.000
191800.000
189600.000
195000.000
191600.000
195200.000
179600.000
182800.000
175600.000
186000.000
190600.000
185400.000
174400.000
176400.000
197600.000
192800.000
190400.000
184000.000
201800.000
187000.000
191800.000
172200.000
179000.000
191600.000
184200.000
189600.000
184200.000
189200.000
180800.000
183400.000
184600.000
177000.000
194200.000
201200.000
182200.000
193800.000
183800.000
192600.000
191000.000
183000.000
185600.000
189400.000
190200.000
187400.000
180000.000
192400.000
192600.000
200000.000
193400.000
193600.000
183000.000
187800.000
181000.000
193600.000
193200.000
174200.000
176400.000
185600.000
189600.000
183000.000
176600.000
189600.000
189600.000
192000.000
189400.000
182400.000
174000.000
180400.000
191600.000
191800.000
193200.000
187600.000
178200.000
184000.000
177000.000
181200.000
187800.000
177200.000
183800.000
183200.000
189600.000
180000.000
185600.000
183000.000
189200.000
179000.000
189000.000
178800.000
181000.000
189200.000
174800.000
187600.000
194000.000
181600.000
186000.000
186400.000
177600.000
191200.000
182600.000
178400.000
183200.000
170600.000
181600.000
175800.000
170400.000
189200.000
175400.000
180000.000
170200.000
169200.000
183600.000
181200.000
170400.000
173200.000
177600.000
170800.000
174400.000
166600.000
176000.000
161200.000
172000.000
177800.000
185200.000
164400.000
161600.000
178800.000
170000.000
172600.000
169800.000
171000.000
162600.000
158400.000
163800.000
163200.000
161800.000
168400.000
179400.000
167800.000
159600.000
174400.000
156400.000
162400.000
161400.000
159600.000
164400.000
152800.000
160800.000
158600.000
161200.000
163800.000
168000.000
152200.000
185600.000
184600.000
175000.000
181200.000
185200.000
188400.000
174600.000
191000.000
196800.000
171800.000
174800.000
184400.000
177600.000
193800.000
190400.000
190400.000
183400.000
186000.000
189600.000
177800.000
191800.000
174400.000
174200.000
181400.000
185400.000
183600.000
193200.000
195400.000
185800.000
191000.000
192600.000
188200.000
185400.000
186800.000
185400.000
188200.000
190800.000
180000.000
185400.000
176600.000
186600.000
183200.000
183800.000
179200.000
178600.000
191800.000
177400.000
186200.000
176400.000
191200.000
180000.000
177800.000
197200.000
184600.000
188600.000
177200.000
194200.000
184200.000
168800.000
188600.000
188400.000
186200.000
184000.000
188200.000
180000.000
186200.000
185400.000
191600.000
188000.000
195200.000
180800.000
192600.000
199000.000
185800.000
191600.000
193800.000
191600.000
185600.000
185200.000
186000.000
182600.000
177200.000
190200.000
192800.000
192800.000
192800.000
181200.000
188200.000
196200.000
189800.000
197200.000
196000.000
189000.000
192600.000
202800.000
191800.000
188800.000
183200.000
179200.000
184000.000
184400.000
186200.000
188600.000
186800.000
189600.000
194200.000
194200.000
185000.000
188600.000
179800.000
193600.000
183600.000
198400.000
181000.000
180200.000
188800.000
185200.000
183800.000
193600.000
178400.000
179400.000
193800.000
190400.000
182400.000
184200.000
189200.000
181000.000
181400.000
179600.000
179400.000
179400.000
183400.000
175600.000
186200.000
185000.000
172000.000
179600.000
186200.000
180800.000
184800.000
172000.000
188200.000
189000.000
181000.000
184600.000
193600.000
182000.000
176400.000
186000.000
192600.000
179400.000
175000.000
175800.000
171400.000
172200.000
176000.000
171200.000
173200.000
172600.000
177200.000
166400.000
177800.000
185200.000
178400.000
171000.000
176600.000
175400.000
171400.000
181000.000
171000.000
171400.000
171400.000
176000.000
167600.000
171800.000
163800.000
172000.000
169200.000
169400.000
166600.000
158200.000
162000.000
162600.000
173600.000
172600.000
165600.000
162800.000
159800.000
169600.000
157200.000
165800.000
167000.000
171400.000
158600.000
168400.000
146200.000
160400.000
159000.000
159800.000
160400.000
153000.000
177600.000
178800.000
177400.000
177800.000
187400.000
187600.000
186200.000
178800.000
188800.000
176600.000
173600.000
193600.000
189600.000
186400.000
184000.000
186600.000
192000.000
185400.000
190000.000
186600.000
179800.000
170800.000
182800.000
182200.000
180800.000
190400.000
187200.000
181000.000
175200.000
190200.000
187000.000
181400.000
174800.000
181200.000
181200.000
190600.000
180600.000
181800.000
193800.000
184800.000
182600.000
189400.000
182400.000
191200.000
184600.000
190800.000
192000.000
188600.000
186200.000
192000.000
190400.000
187000.000
177200.000
186000.000
192400.000
186600.000
181600.000
190800.000
178400.000
186000.000
178000.000
182000.000
186800.000
194200.000
182800.000
180600.000
193000.000
195800.000
187200.000
176600.000
182000.000
185400.000
182800.000
193600.000
189200.000
186600.000
189600.000
180600.000
183400.000
188600.000
187400.000
185600.000
198000.000
187000.000
188600.000
183600.000
189000.000
189000.000
189800.000
189800.000
182600.000
194000.000
182400.000
186200.000
194200.000
195200.000
203400.000
197400.000
183800.000
179800.000
187600.000
185800.000
195000.000
184200.000
183000.000
180600.000
185400.000
188600.000
185800.000
191800.000
184800.000
198400.000
179400.000
182000.000
181200.000
192800.000
186400.000
190200.000
196000.000
189200.000
179800.000
195800.000
186200.000
182800.000
170600.000
187400.000
180800.000
182000.000
169200.000
177600.000
183400.000
185000.000
185000.000
176600.000
186000.000
186200.000
174600.000
181800.000
173600.000
178200.000
185000.000
188200.000
193200.000
181000.000
184200.000
189400.000
176000.000
173400.000
191200.000
170400.000
169200.000
186000.000
173400.000
166400.000
174600.000
181200.000
183200.000
175000.000
170000.000
180800.000
182600.000
172400.000
173200.000
177400.000
174600.000
177800.000
171200.000
185800.000
171800.000
175400.000
164200.000
178400.000
170400.000
167200.000
174200.000
178000.000
170400.000
163000.000
169000.000
156400.000
162600.000
167000.000
162000.000
165600.000
172600.000
170200.000
166400.000
167600.000
167000.000
164400.000
159200.000
163600.000
170000.000
161000.000
156600.000
162400.000
167000.000
178200.000
164400.000
152800.000
163600.000
179000.000
184200.000
180400.000
194600.000
183400.000
192200.000
182600.000
190800.000
182800.000
189600.000
186400.000
188000.000
176000.000
189400.000
173200.000
176400.000
179600.000
184600.000
186400.000
181000.000
187600.000
188400.000
189400.000
175400.000
186000.000
186200.000
184400.000
179800.000
188400.000
185000.000
185600.000
183800.000
182600.000
184600.000
177200.000
187600.000
188600.000
185000.000
183600.000
188200.000
189200.000
183400.000
183400.000
173400.000
205600.000
191000.000
186400.000
189000.000
187800.000
182000.000
181800.000
185800.000
185000.000
184400.000
169600.000
176800.000
180600.000
189200.000
183400.000
187800.000
184800.000
177400.000
185400.000
185600.000
194000.000
189200.000
189200.000
191000.000
181600.000
182800.000
183000.000
193400.000
193400.000
193600.000
188600.000
184400.000
185600.000
183600.000
185600.000
188800.000
192400.000
191600.000
188400.000
177600.000
192000.000
197400.000
192600.000
187600.000
193800.000
201400.000
180800.000
187800.000
181200.000
192200.000
197200.000
184800.000
198200.000
187400.000
189200.000
191800.000
191200.000
187800.000
178000.000
197400.000
191200.000
192200.000
188000.000
187600.000
198600.000
188000.000
195400.000
183800.000
189800.000
190400.000
181200.000
177200.000
188800.000
185200.000
187800.000
179400.000
197200.000
181800.000
182400.000
183800.000
173400.000
187200.000
183000.000
188800.000
177400.000
195600.000
185400.000
196000.000
183000.000
185600.000
168800.000
185400.000
180200.000
188000.000
186600.000
176400.000
183600.000
172400.000
182800.000
178200.000
179600.000
190200.000
183400.000
174000.000
178400.000
178000.000
182000.000
174400.000
170000.000
182000.000
180800.000
187400.000
182000.000
172000.000
182000.000
174400.000
183400.000
185200.000
184800.000
167400.000
174800.000
164600.000
165000.000
169200.000
165600.000
174200.000
172800.000
166400.000
171000.000
173000.000
175600.000
171800.000
170800.000
165200.000
182400.000
155200.000
165600.000
174600.000
166800.000
178400.000
166400.000
162800.000
161600.000
168800.000
182400.000
164000.000
155600.000
169000.000
164400.000
167000.000
158000.000
161200.000
160200.000
157000.000
174400.000
160200.000
159200.000
174400.000
176400.000
184000.000
183800.000
178000.000
190200.000
173600.000
175600.000
176800.000
180600.000
178400.000
192600.000
178600.000
187400.000
182800.000
173400.000
186800.000
191200.000
184200.000
185800.000
190600.000
186800.000
192800.000
187800.000
184000.000
184400.000
186600.000
182200.000
189600.000
174000.000
187000.000
186600.000
183800.000
180200.000
195800.000
193400.000
182800.000
188200.000
179200.000
186400.000
185800.000
190600.000
183000.000
186400.000
182600.000
179200.000
190800.000
180200.000
185800.000
189200.000
189600.000
188800.000
184000.000
184400.000
186000.000
189800.000
178600.000
183400.000
188200.000
190600.000
193400.000
180800.000
186000.000
189200.000
186800.000
188600.000
190200.000
178800.000
203800.000
187600.000
187400.000
180800.000
191400.000
194000.000
187600.000
183200.000
182400.000
188400.000
200200.000
191400.000
186400.000
199400.000
177400.000
195400.000
193400.000
186600.000
175600.000
191600.000
193400.000
201800.000
195200.000
190200.000
193200.000
199200.000
185000.000
202400.000
195400.000
182800.000
189800.000
186000.000
180200.000
197800.000
186600.000
194000.000
193800.000
184600.000
195800.000
191000.000
180200.000
189800.000
195400.000
199000.000
188000.000
193200.000
192400.000
188600.000
190000.000
196200.000
191800.000
174200.000
206000.000
172600.000
191600.000
199400.000
188400.000
184000.000
178000.000
187000.000
189800.000
185800.000
176000.000
187400.000
182400.000
180800.000
192200.000
181800.000
170600.000
185000.000
182600.000
175200.000
183000.000
177000.000
201800.000
186000.000
171200.000
187400.000
175600.000
174200.000
178800.000
182200.000
178000.000
183200.000
176600.000
168600.000
168600.000
173400.000
175400.000
177600.000
170600.000
170600.000
169600.000
184200.000
180000.000
183000.000
172600.000
174400.000
175400.000
174000.000
176600.000
170600.000
159800.000
180800.000
161000.000
166600.000
175200.000
162600.000
167800.000
165600.000
165600.000
168600.000
166400.000
175600.000
168200.000
171600.000
173200.000
155200.000
165200.000
169000.000
171600.000
161600.000
158200.000
174400.000
158400.000
166400.000
155800.000
167400.000
163400.000
158800.000
155000.000
158400.000
162400.000
181800.000
182200.000
178200.000
177800.000
190200.000
176800.000
172000.000
182400.000
187600.000
187800.000
186600.000
185800.000
192800.000
183400.000
185800.000
181200.000
190000.000
181600.000
181600.000
183000.000
176800.000
180800.000
181000.000
188800.000
179600.000
199000.000
189000.000
191000.000
179000.000
186400.000
186400.000
190800.000
193200.000
188000.000
184200.000
191600.000
188400.000
180000.000
187400.000
181400.000
195400.000
183400.000
177600.000
189600.000
190200.000
178400.000
186400.000
180000.000
186800.000
183600.000
184200.000
176200.000
179400.000
188200.000
184400.000
186000.000
187800.000
188800.000
191600.000
197200.000
188000.000
188600.000
193600.000
182000.000
173400.000
186800.000
180800.000
178800.000
181800.000
189600.000
183000.000
187200.000
179400.000
192400.000
195400.000
181000.000
185600.000
187400.000
183000.000
193000.000
200400.000
189600.000
196400.000
181000.000
193800.000
202000.000
193800.000
187600.000
200800.000
187000.000
189400.000
187000.000
199400.000
191400.000
203400.000
183200.000
204200.000
193200.000
192000.000
181400.000
191600.000
201200.000
190600.000
191800.000
190800.000
187600.000
183600.000
189000.000
188600.000
196400.000
183200.000
178600.000
188600.000
192600.000
189400.000
190000.000
190400.000
189800.000
168400.000
194000.000
195200.000
178600.000
193000.000
185600.000
185600.000
178000.000
175600.000
184000.000
186000.000
196400.000
185800.000
190400.000
177800.000
180600.000
170600.000
179000.000
186200.000
187000.000
186200.000
175600.000
196400.000
184000.000
173400.000
176400.000
187800.000
164600.000
174000.000
186600.000
176600.000
179800.000
180600.000
170600.000
169000.000
170000.000
188400.000
179600.000
171200.000
169400.000
176200.000
177600.000
169200.000
179200.000
174800.000
175800.000
165800.000
185000.000
174400.000
179800.000
173000.000
172000.000
174200.000
175200.000
166200.000
168000.000
175400.000
179600.000
167200.000
170800.000
164000.000
178200.000
159200.000
154800.000
157800.000
165400.000
171400.000
171600.000
165800.000
160800.000
173400.000
163600.000
165600.000
171000.000
154000.000
165200.000
161400.000
155600.000
156600.000
160400.000
158400.000
157000.000
153600.000
179400.000
179000.000
195000.000
189000.000
185600.000
186000.000
175600.000
166400.000
190800.000
170000.000
180600.000
189400.000
176400.000
174000.000
182400.000
184800.000
181800.000
183000.000
181800.000
182200.000
189600.000
178800.000
186000.000
188800.000
189200.000
184800.000
179400.000
179600.000
184600.000
184000.000
200000.000
188600.000
206800.000
190400.000
179200.000
188800.000
179400.000
186800.000
194600.000
185400.000
194600.000
194200.000
187000.000
193800.000
185800.000
182600.000
182400.000
184400.000
184400.000
174000.000
189200.000
181600.000
189200.000
188000.000
186400.000
181400.000
189800.000
175800.000
183600.000
191600.000
182200.000
191800.000
198400.000
178000.000
191000.000
192800.000
190800.000
185200.000
185200.000
176200.000
190200.000
197600.000
190800.000
190600.000
187600.000
193000.000
202200.000
188000.000
189600.000
187200.000
181000.000
182400.000
198400.000
201200.000
184600.000
192800.000
195600.000
200600.000
189400.000
201800.000
200000.000
205000.000
202800.000
192600.000
206800.000
187000.000
199400.000
199400.000
186800.000
185400.000
184600.000
191200.000
183200.000
198200.000
191200.000
197800.000
205600.000
188800.000
200600.000
199400.000
201600.000
185800.000
195200.000
195400.000
196800.000
196800.000
181800.000
187000.000
195000.000
185000.000
182800.000
177200.000
191000.000
182000.000
186800.000
179000.000
183200.000
178800.000
199400.000
182400.000
184200.000
182800.000
195800.000
175400.000
193200.000
195000.000
189000.000
190600.000
192800.000
181400.000
185800.000
183800.000
178400.000
188200.000
192600.000
172200.000
184600.000
188000.000
179000.000
177000.000
174200.000
175400.000
184800.000
176800.000
188000.000
184400.000
182400.000
168800.000
173400.000
175800.000
170600.000
181400.000
172800.000
173400.000
187400.000
171800.000
176800.000
177200.000
179000.000
178800.000
164800.000
168600.000
178000.000
174800.000
167400.000
168600.000
181400.000
167400.000
161800.000
155800.000
177000.000
160400.000
165400.000
163200.000
175200.000
168400.000
162600.000
170200.000
171600.000
166200.000
165600.000
169000.000
149400.000
171600.000
171400.000
162600.000
161600.000
170800.000
158400.000
161400.000
152600.000
184600.000
187800.000
171600.000
187000.000
188600.000
177200.000
192000.000
181400.000
184600.000
175400.000
181600.000
181400.000
181800.000
174600.000
189000.000
184400.000
189600.000
183400.000
181000.000
183200.000
182600.000
184400.000
178400.000
166200.000
196000.000
182000.000
184000.000
181600.000
189400.000
184200.000
181000.000
189000.000
182400.000
188400.000
188600.000
178000.000
193400.000
187400.000
199600.000
180600.000
186600.000
186000.000
199800.000
194000.000
184800.000
180600.000
177600.000
187600.000
188600.000
180200.000
183800.000
187600.000
185800.000
190400.000
207800.000
179600.000
190000.000
196000.000
191000.000
181600.000
196600.000
180800.000
184600.000
192200.000
183400.000
190400.000
192000.000
193200.000
186800.000
184400.000
200400.000
180400.000
182800.000
188200.000
183400.000
183400.000
184600.000
192800.000
190800.000
184600.000
192600.000
192400.000
193600.000
189200.000
184200.000
202800.000
201000.000
202200.000
193800.000
196200.000
191400.000
198000.000
197400.000
209800.000
206600.000
197600.000
183600.000
180600.000
194800.000
190400.000
190400.000
194600.000
196200.000
183400.000
194000.000
195800.000
202400.000
199400.000
201400.000
184600.000
183600.000
194800.000
191200.000
202600.000
195600.000
183600.000
190400.000
195200.000
179400.000
175600.000
190400.000
183000.000
181200.000
180400.000
191000.000
189000.000
190400.000
183600.000
180200.000
187400.000
170800.000
189800.000
172400.000
181200.000
189000.000
179600.000
182400.000
179000.000
176000.000
184600.000
181200.000
188200.000
181800.000
177600.000
176200.000
192000.000
178000.000
178200.000
185800.000
184200.000
184200.000
179200.000
187000.000
174600.000
177200.000
171600.000
166000.000
177200.000
173800.000
185400.000
172800.000
172600.000
183600.000
182200.000
175200.000
177200.000
182200.000
182400.000
167800.000
179000.000
173200.000
167200.000
181400.000
171400.000
169600.000
166600.000
169400.000
170200.000
161600.000
183000.000
163600.000
162000.000
174000.000
161200.000
177800.000
166800.000
165800.000
151400.000
153800.000
167800.000
161400.000
166000.000
159600.000
166200.000
166800.000
164400.000
161200.000
175000.000
161800.000
154000.000
158000.000
174800.000
187000.000
173800.000
202200.000
186800.000
185400.000
180400.000
179200.000
174400.000
184000.000
182800.000
192600.000
184800.000
183400.000
186200.000
179200.000
181400.000
174800.000
194800.000
189800.000
189000.000
183200.000
189600.000
183800.000
177200.000
194800.000
189000.000
186200.000
187000.000
190400.000
195200.000
172800.000
182200.000
182800.000
178200.000
195000.000
181000.000
186800.000
184800.000
198200.000
177800.000
183400.000
191400.000
188600.000
184000.000
182600.000
182200.000
193600.000
191200.000
197000.000
183000.000
176600.000
193800.000
190600.000
185400.000
190200.000
203400.000
193800.000
191400.000
188400.000
187600.000
187000.000
187800.000
186000.000
189800.000
188800.000
181400.000
181400.000
182600.000
196000.000
183200.000
185000.000
202600.000
188200.000
186200.000
185600.000
188800.000
184200.000
203200.000
190000.000
182800.000
185600.000
183800.000
195800.000
200800.000
201800.000
196200.000
206000.000
206400.000
198200.000
191800.000
201800.000
193800.000
201400.000
188200.000
200200.000
196400.000
209200.000
191000.000
197800.000
209000.000
204400.000
201800.000
199800.000
210800.000
201400.000
195000.000
190800.000
187200.000
205400.000
197800.000
191200.000
200000.000
198400.000
204200.000
195800.000
187000.000
193800.000
175000.000
186800.000
182600.000
184400.000
194600.000
189400.000
190200.000
183200.000
185600.000
181400.000
174600.000
187000.000
178200.000
182800.000
183000.000
178000.000
185000.000
179200.000
176000.000
186400.000
183000.000
191200.000
166600.000
180400.000
182600.000
171400.000
183400.000
183200.000
181000.000
190000.000
159600.000
181400.000
191400.000
183400.000
180400.000
168200.000
170400.000
172400.000
166400.000
178400.000
183200.000
186800.000
170400.000
180000.000
184200.000
176400.000
178000.000
180000.000
185000.000
178600.000
168200.000
171000.000
170800.000
167200.000
179200.000
178800.000
179000.000
171800.000
164800.000
171800.000
162600.000
171200.000
174400.000
164000.000
166400.000
165400.000
162000.000
165800.000
179800.000
161200.000
156000.000
165000.000
165200.000
172400.000
172800.000
161200.000
169000.000
168600.000
164000.000
163600.000
155600.000
161800.000
158600.000
178800.000
185200.000
188800.000
190600.000
174200.000
186400.000
177400.000
180000.000
183600.000
184200.000
189400.000
180400.000
186400.000
180400.000
181800.000
178400.000
178200.000
182000.000
186200.000
177600.000
185200.000
184600.000
178600.000
185000.000
184400.000
186200.000
186000.000
180800.000
184000.000
181000.000
192400.000
191400.000
169800.000
187000.000
194200.000
188000.000
185600.000
184400.000
175400.000
198200.000
187000.000
190200.000
185000.000
184400.000
189000.000
173000.000
184600.000
175800.000
185200.000
187200.000
207200.000
198000.000
181200.000
182000.000
190400.000
190600.000
193600.000
182600.000
196200.000
183000.000
193000.000
183400.000
185800.000
180800.000
187800.000
189800.000
183400.000
205800.000
188400.000
192400.000
183200.000
194600.000
198000.000
196000.000
185800.000
190200.000
183400.000
184200.000
190600.000
191000.000
182800.000
190200.000
191000.000
198200.000
193000.000
202200.000
194800.000
195200.000
196800.000
203800.000
208400.000
198200.000
197000.000
192400.000
195400.000
202800.000
182200.000
211800.000
204800.000
195000.000
203800.000
197400.000
216400.000
200400.000
193200.000
197400.000
202800.000
200000.000
187600.000
210600.000
211200.000
201000.000
216000.000
193000.000
194200.000
199000.000
194200.000
192800.000
204600.000
171200.000
184400.000
183000.000
194600.000
190800.000
187400.000
195600.000
184000.000
185600.000
184800.000
189800.000
185200.000
190000.000
184200.000
176800.000
176800.000
193800.000
181000.000
184400.000
180200.000
181800.000
178600.000
177600.000
184400.000
180000.000
183800.000
184000.000
177400.000
185000.000
187000.000
179600.000
176600.000
182200.000
184400.000
183800.000
183000.000
173800.000
168400.000
181000.000
176800.000
174400.000
179200.000
170000.000
176600.000
182200.000
176600.000
161600.000
164600.000
175600.000
177600.000
179600.000
172400.000
177600.000
176000.000
179200.000
156400.000
162200.000
174000.000
168400.000
173800.000
178800.000
169200.000
185600.000
160600.000
170600.000
157200.000
177200.000
156600.000
169400.000
161800.000
170200.000
158800.000
163200.000
172400.000
168800.000
162600.000
174600.000
161600.000
161200.000
165200.000
161600.000
155200.000
187000.000
192800.000
194400.000
183200.000
182400.000
184800.000
180600.000
186000.000
178000.000
188800.000
184600.000
178600.000
182400.000
193200.000
184800.000
181400.000
197400.000
192000.000
189800.000
194800.000
186800.000
190200.000
180600.000
189000.000
185200.000
190400.000
173600.000
182800.000
187000.000
183800.000
180400.000
198000.000
175400.000
178400.000
195000.000
185600.000
187800.000
187800.000
185600.000
205400.000
187200.000
189000.000
186000.000
184400.000
184400.000
171200.000
175600.000
183200.000
177600.000
181600.000
185000.000
188400.000
184000.000
183600.000
192200.000
186600.000
191200.000
182000.000
193600.000
185600.000
190600.000
192800.000
186400.000
189000.000
190800.000
195600.000
182800.000
178600.000
198400.000
190000.000
191000.000
191000.000
197400.000
189000.000
189400.000
189000.000
200400.000
191200.000
192000.000
197000.000
179600.000
189600.000
195600.000
201600.000
188400.000
196600.000
208000.000
202800.000
204400.000
207400.000
210000.000
201200.000
207400.000
204400.000
191400.000
200800.000
198800.000
195000.000
201800.000
211200.000
211800.000
208400.000
210600.000
202000.000
201400.000
208600.000
200200.000
201200.000
193800.000
204600.000
205600.000
207600.000
199800.000
213600.000
209600.000
201800.000
195200.000
204000.000
198600.000
198000.000
194800.000
185400.000
186000.000
186000.000
192000.000
194200.000
185800.000
188200.000
183400.000
189000.000
198600.000
187000.000
174400.000
188200.000
184400.000
189000.000
186400.000
183800.000
185600.000
184600.000
187000.000
186800.000
183400.000
184600.000
180600.000
181600.000
183400.000
180600.000
188400.000
188600.000
176600.000
187800.000
185600.000
192400.000
169600.000
173400.000
174200.000
178000.000
166400.000
179400.000
169400.000
173000.000
181400.000
168000.000
168800.000
172200.000
174400.000
168400.000
169200.000
169400.000
182400.000
176600.000
172200.000
170600.000
170200.000
170400.000
177800.000
173000.000
172000.000
190600.000
168800.000
167000.000
166600.000
163600.000
161000.000
168000.000
160400.000
172400.000
171000.000
179000.000
168400.000
162800.000
167200.000
173200.000
164600.000
164000.000
163600.000
156800.000
160600.000
167600.000
167200.000
175800.000
182800.000
185000.000
182800.000
182800.000
190000.000
175000.000
180600.000
181200.000
176000.000
186400.000
195200.000
183400.000
181800.000
178200.000
182600.000
187800.000
187800.000
185600.000
185600.000
187600.000
183800.000
182400.000
179000.000
193600.000
184800.000
184200.000
180400.000
191800.000
183200.000
179200.000
190000.000
189400.000
192200.000
194200.000
183000.000
188000.000
190400.000
184800.000
185600.000
177200.000
186800.000
188800.000
181400.000
190000.000
173400.000
189800.000
186200.000
179800.000
182800.000
183800.000
179400.000
186400.000
182800.000
191600.000
180200.000
189400.000
202000.000
189400.000
191600.000
192400.000
195400.000
179600.000
189000.000
191200.000
188800.000
182600.000
200400.000
182600.000
192600.000
188600.000
197400.000
191200.000
188000.000
187000.000
200400.000
191600.000
185200.000
195200.000
190800.000
199600.000
192600.000
197800.000
198200.000
201600.000
205400.000
195800.000
192000.000
202200.000
219000.000
215600.000
214600.000
214400.000
200600.000
201200.000
199800.000
214400.000
198400.000
213400.000
218400.000
216000.000
214400.000
216600.000
224000.000
217000.000
212000.000
198600.000
205600.000
209600.000
208000.000
204600.000
208200.000
204800.000
208200.000
204400.000
212400.000
206800.000
199600.000
216800.000
192400.000
206000.000
197400.000
186200.000
201000.000
193200.000
185400.000
188400.000
192600.000
184400.000
193600.000
195200.000
175000.000
197200.000
188200.000
185400.000
193000.000
181200.000
188200.000
182200.000
194000.000
177000.000
178400.000
175600.000
185200.000
178200.000
182600.000
185400.000
179200.000
177200.000
168400.000
179000.000
179400.000
176600.000
182000.000
176800.000
180800.000
174800.000
180400.000
177000.000
171000.000
168600.000
170600.000
173400.000
178400.000
170400.000
168200.000
174200.000
167800.000
168600.000
187400.000
178400.000
181800.000
170200.000
183600.000
173000.000
166800.000
170800.000
165000.000
177400.000
172800.000
168000.000
163600.000
157200.000
176000.000
167400.000
168800.000
175200.000
169000.000
162200.000
164800.000
169200.000
163800.000
171800.000
165200.000
167800.000
166000.000
161000.000
152000.000
163800.000
156400.000
160800.000
185000.000
180200.000
179000.000
180200.000
177600.000
183400.000
180600.000
189400.000
181800.000
189600.000
181200.000
189200.000
176400.000
190600.000
177800.000
184000.000
178200.000
183600.000
179000.000
175000.000
182800.000
176400.000
183400.000
181800.000
192400.000
178600.000
184000.000
186600.000
190000.000
184800.000
195000.000
184200.000
176800.000
182200.000
179000.000
194400.000
181600.000
187800.000
182800.000
193800.000
191600.000
196400.000
185000.000
181200.000
180000.000
190200.000
189200.000
186600.000
186600.000
191200.000
180800.000
195200.000
182200.000
181400.000
178400.000
192000.000
187400.000
180800.000
184200.000
194000.000
191000.000
191600.000
193800.000
189000.000
191600.000
182400.000
190600.000
187800.000
180800.000
191600.000
190400.000
183400.000
187400.000
207400.000
192200.000
194600.000
189200.000
191000.000
190400.000
193000.000
195200.000
185000.000
195200.000
195200.000
210800.000
201200.000
206800.000
203000.000
215400.000
211400.000
200400.000
210600.000
205600.000
210400.000
206000.000
199400.000
206800.000
207800.000
204600.000
210600.000
224400.000
219400.000
224800.000
225800.000
220200.000
225200.000
220400.000
216000.000
206000.000
209600.000
202800.000
216600.000
196200.000
209400.000
204800.000
207200.000
199600.000
212200.000
204200.000
204800.000
186000.000
191000.000
195000.000
183400.000
190200.000
183400.000
190400.000
200600.000
187600.000
187200.000
183600.000
184400.000
186000.000
190200.000
185200.000
176000.000
178800.000
179400.000
180800.000
184000.000
187600.000
188200.000
174800.000
174000.000
189000.000
176400.000
196200.000
184400.000
183000.000
192000.000
177200.000
180200.000
180400.000
182400.000
169200.000
182200.000
184600.000
180600.000
182000.000
169800.000
188200.000
172600.000
187200.000
166200.000
176800.000
177000.000
184800.000
174800.000
176200.000
176800.000
169000.000
172200.000
167800.000
176200.000
166000.000
175800.000
175200.000
170800.000
166400.000
169400.000
156400.000
174000.000
167400.000
166400.000
167400.000
167400.000
173800.000
168800.000
164400.000
171400.000
166200.000
168200.000
166400.000
173200.000
172400.000
152400.000
165600.000
170800.000
172800.000
167800.000
171400.000
181800.000
177800.000
180400.000
180000.000
195600.000
187600.000
183400.000
184200.000
177000.000
187200.000
180000.000
178800.000
185600.000
187400.000
183800.000
187800.000
190600.000
181200.000
190000.000
180400.000
185600.000
182600.000
188400.000
197600.000
184400.000
182200.000
179400.000
180400.000
187400.000
182200.000
187400.000
186600.000
184600.000
194400.000
186000.000
189200.000
178400.000
186400.000
198000.000
190000.000
189200.000
185600.000
181600.000
180200.000
185200.000
182800.000
186800.000
186400.000
177800.000
178600.000
182600.000
192600.000
193800.000
178600.000
180200.000
185400.000
190000.000
186200.000
193800.000
183000.000
179200.000
181200.000
182000.000
184000.000
189200.000
188400.000
186800.000
187400.000
180200.000
188200.000
190400.000
201200.000
193600.000
179600.000
188600.000
177000.000
192200.000
181800.000
192800.000
191600.000
192800.000
184200.000
197400.000
199400.000
207200.000
214400.000
207400.000
211400.000
216800.000
213400.000
215000.000
213200.000
217400.000
237000.000
220800.000
215600.000
226000.000
208600.000
220600.000
218000.000
240400.000
235800.000
234600.000
228000.000
223600.000
226800.000
215200.000
212800.000
223400.000
214200.000
216400.000
222800.000
217000.000
208000.000
225600.000
204600.000
200000.000
204800.000
211000.000
197400.000
200400.000
187600.000
202800.000
192800.000
200800.000
196000.000
196200.000
186200.000
191000.000
192400.000
191800.000
187400.000
191600.000
178000.000
195000.000
187000.000
179800.000
186200.000
182200.000
177400.000
189800.000
184800.000
169200.000
176400.000
181400.000
180400.000
194400.000
179800.000
180800.000
185000.000
172400.000
178800.000
182600.000
173400.000
176200.000
180800.000
179600.000
167400.000
184800.000
175600.000
174200.000
174600.000
176200.000
184000.000
177600.000
169800.000
173600.000
189000.000
174800.000
164000.000
174800.000
168600.000
177800.000
174200.000
165000.000
172600.000
166600.000
174600.000
183600.000
174200.000
168200.000
175800.000
169800.000
171800.000
181600.000
170600.000
161200.000
162800.000
172200.000
167200.000
168400.000
160200.000
165400.000
162000.000
157800.000
170800.000
156200.000
162400.000
163800.000
150400.000
160400.000
177400.000
178800.000
186800.000
176200.000
184800.000
170600.000
187200.000
179400.000
181200.000
176800.000
186400.000
177000.000
176800.000
180400.000
190400.000
178400.000
190200.000
191800.000
187600.000
182800.000
184000.000
188400.000
189000.000
181200.000
172800.000
181200.000
188800.000
191200.000
183600.000
183400.000
176400.000
185600.000
176000.000
189200.000
191400.000
192200.000
189200.000
187600.000
183800.000
188000.000
194600.000
187200.000
184600.000
193200.000
183200.000
194800.000
179000.000
181000.000
182000.000
186600.000
187000.000
180400.000
181000.000
185000.000
180600.000
190400.000
194400.000
187000.000
193600.000
190600.000
185800.000
188800.000
183600.000
188000.000
204600.000
201200.000
184200.000
185200.000
185600.000
179000.000
193000.000
183200.000
193600.000
190200.000
192800.000
196800.000
196400.000
195800.000
185400.000
180200.000
196400.000
199400.000
200400.000
201000.000
202400.000
210000.000
210600.000
208000.000
213000.000
234000.000
209200.000
216800.000
222800.000
221000.000
223000.000
229800.000
212600.000
214400.000
243800.000
241200.000
233400.000
245000.000
236400.000
240000.000
237800.000
232800.000
232600.000
233000.000
219600.000
233600.000
226800.000
224400.000
218800.000
214400.000
225400.000
227600.000
209400.000
205400.000
214800.000
209200.000
206400.000
201200.000
185000.000
200400.000
191600.000
195000.000
188000.000
191800.000
186200.000
185200.000
186800.000
185600.000
189400.000
187600.000
173200.000
183200.000
186200.000
180600.000
191400.000
186200.000
190200.000
177600.000
186200.000
181000.000
186600.000
185200.000
180400.000
190000.000
193000.000
172200.000
187000.000
167600.000
180200.000
175200.000
176800.000
181000.000
189800.000
184400.000
175200.000
175600.000
180000.000
180000.000
181000.000
179600.000
177000.000
175400.000
167000.000
167800.000
179000.000
174200.000
193400.000
176000.000
173000.000
163800.000
169200.000
164400.000
162600.000
173400.000
169600.000
169600.000
177600.000
164600.000
166000.000
161800.000
168800.000
169000.000
169800.000
168600.000
177200.000
168600.000
162800.000
163400.000
166600.000
166800.000
155600.000
163200.000
163800.000
161600.000
163000.000
159600.000
165800.000
169000.000
178400.000
186400.000
187400.000
183000.000
192000.000
188000.000
196200.000
190800.000
173400.000
180800.000
182600.000
189000.000
182200.000
183000.000
184800.000
183600.000
184200.000
187800.000
195200.000
180200.000
197200.000
194000.000
182200.000
185800.000
188800.000
188800.000
184800.000
186600.000
175000.000
184200.000
184200.000
194000.000
180000.000
179600.000
181800.000
200400.000
197000.000
178800.000
182000.000
189400.000
193400.000
178600.000
191200.000
180000.000
184000.000
189600.000
183000.000
180600.000
194000.000
183000.000
196000.000
185600.000
183000.000
178000.000
190800.000
189200.000
191400.000
197400.000
191400.000
192200.000
184800.000
190800.000
184400.000
193000.000
186800.000
197400.000
192000.000
181400.000
191800.000
202000.000
185200.000
188400.000
194400.000
196400.000
201000.000
201000.000
189800.000
199400.000
189800.000
195000.000
194400.000
194400.000
203400.000
197200.000
202400.000
223200.000
217600.000
231000.000
225800.000
223200.000
221800.000
231400.000
242600.000
226200.000
244000.000
227600.000
229600.000
243800.000
259800.000
254400.000
256000.000
245400.000
257200.000
239400.000
236600.000
240000.000
231200.000
241000.000
228800.000
238800.000
239400.000
229000.000
222200.000
212200.000
225000.000
219400.000
216200.000
215400.000
197400.000
211400.000
206000.000
199200.000
195800.000
190200.000
193200.000
196800.000
193000.000
191400.000
194800.000
185000.000
184600.000
187400.000
189400.000
193400.000
194000.000
186000.000
191400.000
189400.000
190800.000
200600.000
186400.000
181600.000
179200.000
184800.000
182400.000
182600.000
185800.000
183000.000
176000.000
186400.000
183800.000
180800.000
170000.000
174600.000
178600.000
172800.000
177000.000
186000.000
178600.000
173000.000
177200.000
179600.000
166600.000
183000.000
174400.000
162400.000
187600.000
180000.000
168000.000
175800.000
175800.000
178800.000
180000.000
185200.000
166200.000
174600.000
178600.000
169400.000
173200.000
190000.000
177800.000
177200.000
175000.000
178000.000
178400.000
168200.000
163200.000
158600.000
171200.000
155600.000
162200.000
169400.000
166000.000
163000.000
160200.000
167400.000
166600.000
155200.000
161800.000
155800.000
187800.000
185400.000
174800.000
177800.000
173200.000
187400.000
180600.000
195600.000
191200.000
177400.000
187400.000
191600.000
177000.000
188200.000
185800.000
185400.000
181400.000
185000.000
179400.000
183600.000
177800.000
193200.000
187000.000
183000.000
181800.000
185400.000
188200.000
182200.000
182400.000
183400.000
178400.000
179400.000
185200.000
179200.000
190000.000
181600.000
175800.000
188000.000
177800.000
188600.000
186800.000
185400.000
183400.000
181800.000
186000.000
176600.000
195200.000
187400.000
198400.000
184000.000
191200.000
186000.000
182800.000
176600.000
180000.000
177200.000
189200.000
194400.000
192800.000
192000.000
191200.000
179400.000
201400.000
194200.000
187400.000
191200.000
189800.000
192400.000
191200.000
189400.000
193600.000
202000.000
205000.000
193600.000
207000.000
196200.000
201000.000
200600.000
200400.000
199000.000
200200.000
203200.000
209800.000
213200.000
222400.000
215200.000
219200.000
234600.000
235400.000
220200.000
254400.000
229800.000
242800.000
236200.000
239200.000
248200.000
265000.000
245200.000
263200.000
267000.000
265800.000
267600.000
253800.000
242400.000
258400.000
264800.000
242800.000
239400.000
237800.000
242400.000
230000.000
246400.000
239600.000
221800.000
223800.000
213800.000
221600.000
227200.000
212200.000
205800.000
210200.000
193200.000
197400.000
196800.000
195800.000
204200.000
192600.000
194000.000
187200.000
194000.000
175800.000
187600.000
185600.000
185000.000
177400.000
186600.000
185200.000
187600.000
184000.000
183800.000
192200.000
181000.000
181800.000
184200.000
184200.000
186000.000
175000.000
179000.000
176600.000
178800.000
178000.000
186200.000
191000.000
176400.000
168800.000
169200.000
175400.000
185000.000
189600.000
177600.000
177000.000
185600.000
170200.000
189800.000
175000.000
168800.000
185600.000
169600.000
173600.000
177000.000
177400.000
182200.000
174000.000
180200.000
183200.000
171000.000
164000.000
174600.000
169400.000
182400.000
181800.000
179000.000
172600.000
183200.000
176400.000
171400.000
164800.000
158800.000
165600.000
173000.000
167800.000
170200.000
160000.000
169600.000
171400.000
162600.000
163400.000
165000.000
166200.000
155400.000
163600.000
177000.000
189000.000
179600.000
184400.000
188200.000
180400.000
184000.000
178400.000
185200.000
203000.000
178000.000
183800.000
181800.000
182000.000
185600.000
192400.000
184400.000
186600.000
176200.000
181200.000
188800.000
187600.000
183400.000
177800.000
182200.000
186600.000
185200.000
190200.000
193800.000
190000.000
191800.000
187600.000
178000.000
182600.000
182000.000
186200.000
182200.000
192000.000
182800.000
188000.000
184800.000
193600.000
185200.000
181400.000
185000.000
196400.000
204600.000
199800.000
183000.000
194600.000
183200.000
190800.000
197000.000
195200.000
196000.000
198800.000
190600.000
192800.000
198800.000
202200.000
190200.000
193200.000
183600.000
184600.000
183200.000
180800.000
193600.000
194400.000
182400.000
186400.000
191600.000
189400.000
194800.000
197200.000
198000.000
209600.000
207400.000
213600.000
214800.000
201400.000
195200.000
205600.000
209800.000
210800.000
224600.000
208400.000
228400.000
229000.000
234600.000
236200.000
248200.000
238600.000
250000.000
261600.000
258400.000
258000.000
273800.000
277000.000
278400.000
289800.000
279600.000
279800.000
293600.000
267800.000
277800.000
284800.000
272600.000
274800.000
269800.000
262600.000
251000.000
253400.000
246400.000
241000.000
243200.000
239600.000
230200.000
209400.000
219200.000
214800.000
210000.000
201800.000
208000.000
204000.000
193200.000
186600.000
197600.000
199400.000
196000.000
194600.000
195600.000
198600.000
185800.000
191400.000
177600.000
197800.000
183600.000
185600.000
179800.000
186400.000
194200.000
192000.000
188800.000
175000.000
195400.000
189200.000
183200.000
185400.000
183800.000
182600.000
185400.000
179200.000
183800.000
174000.000
172800.000
180800.000
178000.000
182400.000
183800.000
183000.000
182400.000
180200.000
179000.000
168600.000
181000.000
175000.000
180400.000
182000.000
184800.000
176600.000
167000.000
172600.000
169000.000
179800.000
169000.000
178400.000
168200.000
168600.000
161400.000
161600.000
167800.000
165200.000
163200.000
167600.000
171000.000
174400.000
165800.000
173600.000
172400.000
170800.000
160000.000
162800.000
164400.000
183600.000
159400.000
161200.000
162000.000
162400.000
159600.000
171200.000
167600.000
185600.000
183600.000
181800.000
180600.000
183400.000
184400.000
182800.000
180000.000
187000.000
183000.000
196200.000
187400.000
181200.000
176600.000
186000.000
179200.000
183600.000
172000.000
182000.000
177200.000
191800.000
185600.000
182400.000
189200.000
177200.000
192400.000
178000.000
193000.000
186600.000
184200.000
185000.000
190200.000
174000.000
183000.000
181200.000
192000.000
179800.000
178800.000
185800.000
183400.000
180800.000
189600.000
183400.000
188400.000
188600.000
184800.000
180800.000
189600.000
181800.000
182200.000
193000.000
180200.000
179800.000
186200.000
189600.000
180800.000
184200.000
196400.000
191600.000
190200.000
190400.000
185400.000
180200.000
187000.000
186800.000
199000.000
201800.000
187200.000
193000.000
193200.000
200200.000
185800.000
198000.000
192800.000
204800.000
199200.000
212200.000
203600.000
206600.000
212200.000
213600.000
217400.000
213400.000
221000.000
211800.000
214800.000
227800.000
237400.000
261200.000
243400.000
259200.000
250800.000
273000.000
272200.000
284200.000
298200.000
279800.000
307200.000
308000.000
311000.000
311200.000
303200.000
313600.000
306800.000
285400.000
313000.000
285800.000
276200.000
287200.000
272000.000
267200.000
266800.000
253200.000
256600.000
246800.000
233800.000
234800.000
235600.000
214400.000
223800.000
217400.000
210200.000
204000.000
210200.000
205800.000
193800.000
202200.000
192800.000
207800.000
202600.000
195200.000
188800.000
188200.000
183600.000
187400.000
189400.000
181000.000
190400.000
180200.000
187200.000
191600.000
186800.000
187200.000
173600.000
174600.000
192000.000
179400.000
176400.000
188000.000
176600.000
183000.000
170200.000
171000.000
172200.000
177200.000
173200.000
177600.000
175600.000
181200.000
181200.000
180000.000
172000.000
179200.000
168200.000
173800.000
171400.000
176800.000
179400.000
180600.000
180400.000
179600.000
181400.000
157400.000
178800.000
170800.000
162800.000
174600.000
166600.000
171800.000
173200.000
170400.000
176000.000
161600.000
162800.000
164600.000
159400.000
175200.000
169600.000
167400.000
169400.000
167600.000
169600.000
178200.000
166600.000
174000.000
156200.000
163000.000
153200.000
150200.000
163800.000
161800.000
188200.000
183200.000
179200.000
191800.000
180400.000
176800.000
190600.000
188200.000
187200.000
183000.000
186000.000
184600.000
198000.000
182800.000
189600.000
184000.000
184400.000
171800.000
183800.000
176400.000
176600.000
178400.000
188800.000
192200.000
181800.000
172600.000
197000.000
184200.000
184800.000
196400.000
179400.000
177600.000
188200.000
182400.000
192200.000
174200.000
180200.000
189200.000
179200.000
190200.000
183200.000
187200.000
183200.000
183000.000
185400.000
190200.000
179600.000
184400.000
194200.000
173000.000
185200.000
191200.000
179000.000
193400.000
196600.000
187000.000
189800.000
187800.000
201400.000
201000.000
186600.000
190800.000
193600.000
197800.000
185000.000
186400.000
195400.000
195000.000
189400.000
199200.000
188400.000
204600.000
202800.000
207000.000
195000.000
208400.000
201800.000
206200.000
204400.000
196600.000
204200.000
208000.000
229600.000
221000.000
238000.000
231200.000
238200.000
250600.000
247000.000
246200.000
268400.000
282400.000
299400.000
283000.000
309000.000
312000.000
322800.000
333800.000
331200.000
359200.000
371200.000
338600.000
332400.000
341400.000
341600.000
335400.000
328200.000
319400.000
320400.000
308400.000
293800.000
295600.000
282400.000
270400.000
262200.000
247400.000
234400.000
245200.000
238600.000
218200.000
227000.000
215400.000
214200.000
211600.000
199600.000
213200.000
198000.000
190400.000
199400.000
181400.000
187200.000
187400.000
194800.000
196800.000
183400.000
181800.000
182800.000
188000.000
181600.000
183200.000
186800.000
183400.000
184200.000
187200.000
185600.000
178800.000
180200.000
179400.000
187200.000
186000.000
182400.000
181400.000
168400.000
173800.000
186400.000
178000.000
172200.000
167800.000
175200.000
186000.000
182800.000
176800.000
190400.000
182200.000
183200.000
198000.000
170600.000
171800.000
177400.000
189800.000
188800.000
173200.000
177000.000
179600.000
184600.000
179000.000
174400.000
168400.000
165400.000
161200.000
174800.000
170200.000
178800.000
169400.000
167200.000
163400.000
170400.000
158000.000
165200.000
172000.000
170400.000
164600.000
172400.000
168200.000
161200.000
164600.000
160000.000
164600.000
157800.000
151000.000
169200.000
179200.000
184400.000
190000.000
183000.000
184800.000
187200.000
185800.000
177600.000
179000.000
189400.000
187400.000
180400.000
185000.000
187000.000
199200.000
190800.000
176800.000
181200.000
177600.000
184400.000
180200.000
182200.000
180000.000
183400.000
191000.000
192200.000
181400.000
179000.000
188400.000
192200.000
174200.000
185600.000
179600.000
190600.000
182400.000
187800.000
190200.000
177800.000
186000.000
181000.000
172800.000
194600.000
190400.000
191400.000
181600.000
184800.000
188800.000
190200.000
193400.000
178200.000
182800.000
181600.000
185600.000
187800.000
191600.000
193600.000
193800.000
188000.000
191200.000
192200.000
193200.000
189000.000
197200.000
190000.000
187800.000
195400.000
200200.000
195800.000
197600.000
192600.000
204200.000
196400.000
207400.000
207400.000
213800.000
214400.000
198200.000
230000.000
202600.000
214200.000
218800.000
220800.000
224800.000
228800.000
234600.000
240200.000
244400.000
260400.000
264800.000
293200.000
279200.000
292400.000
306000.000
318800.000
320600.000
349400.000
370000.000
354200.000
361600.000
374600.000
383600.000
378200.000
390600.000
388600.000
388200.000
377600.000
355600.000
344000.000
359200.000
333000.000
323600.000
306400.000
303200.000
286200.000
270800.000
267400.000
252400.000
244000.000
239400.000
226600.000
229800.000
233000.000
209600.000
199600.000
194400.000
197400.000
197600.000
193800.000
207000.000
181800.000
195400.000
193000.000
199400.000
190200.000
191400.000
204200.000
188800.000
181200.000
199800.000
180600.000
187200.000
180400.000
177600.000
183400.000
179200.000
175600.000
186800.000
182800.000
183600.000
179200.000
179600.000
176000.000
183800.000
176000.000
177800.000
175800.000
186600.000
176400.000
182600.000
180000.000
179200.000
184200.000
176000.000
183400.000
176200.000
181200.000
180000.000
179200.000
184200.000
171000.000
185400.000
170800.000
175200.000
184400.000
172400.000
173000.000
182000.000
176800.000
182800.000
164600.000
184600.000
169600.000
172600.000
177600.000
171000.000
172800.000
165200.000
163600.000
168600.000
163200.000
173200.000
169200.000
168400.000
174600.000
163000.000
175600.000
165200.000
156400.000
167000.000
162000.000
171200.000
171600.000
183200.000
184400.000
178400.000
181600.000
188800.000
181800.000
196000.000
188600.000
187600.000
180800.000
184600.000
180800.000
186000.000
178800.000
187200.000
180400.000
178200.000
183200.000
173000.000
183800.000
191400.000
187000.000
193600.000
188400.000
193200.000
177800.000
180200.000
170600.000
182400.000
176800.000
177400.000
190000.000
189400.000
190600.000
186200.000
180200.000
184600.000
191200.000
178800.000
185800.000
185400.000
185000.000
190400.000
187400.000
190600.000
179200.000
173600.000
184800.000
193200.000
172600.000
195400.000
184000.000
183400.000
189000.000
188000.000
193600.000
187800.000
195400.000
185400.000
191600.000
194200.000
203000.000
187400.000
199200.000
192200.000
195000.000
187000.000
186600.000
200000.000
193000.000
198600.000
203600.000
205600.000
215800.000
212600.000
205800.000
208600.000
215200.000
222000.000
222400.000
225000.000
233600.000
241600.000
243000.000
238400.000
255200.000
269400.000
279200.000
271000.000
290600.000
300800.000
333800.000
328400.000
357200.000
369000.000
381200.000
406400.000
403000.000
407000.000
420800.000
438600.000
427600.000
443600.000
427200.000
421000.000
421000.000
403400.000
387800.000
392200.000
379200.000
334400.000
341200.000
331400.000
289000.000
288000.000
271400.000
269400.000
259800.000
233800.000
239600.000
224600.000
220800.000
217200.000
213200.000
202000.000
207400.000
194800.000
206800.000
191600.000
193600.000
200200.000
180400.000
200000.000
187800.000
192800.000
186200.000
178000.000
182200.000
195000.000
188200.000
183600.000
178200.000
176400.000
174600.000
188800.000
177600.000
179000.000
175400.000
185200.000
178800.000
185000.000
190000.000
187400.000
193200.000
181400.000
185400.000
177400.000
175400.000
175400.000
187800.000
198400.000
178400.000
171200.000
181200.000
175600.000
163600.000
181000.000
185000.000
177200.000
183600.000
172600.000
185800.000
178600.000
178600.000
170600.000
176400.000
185400.000
160800.000
184400.000
178600.000
164800.000
172600.000
180200.000
177600.000
168600.000
170400.000
166000.000
169600.000
169000.000
163400.000
170800.000
166400.000
173800.000
161400.000
162000.000
160800.000
165000.000
164400.000
157600.000
164600.000
195600.000
201600.000
180200.000
194000.000
185800.000
184600.000
195000.000
184000.000
192200.000
185400.000
182800.000
186600.000
178200.000
187000.000
195600.000
187200.000
184800.000
188800.000
197400.000
195800.000
190000.000
180600.000
184000.000
189200.000
190600.000
191000.000
185800.000
195000.000
178200.000
183400.000
178200.000
187600.000
183800.000
174400.000
189200.000
192000.000
180200.000
188400.000
186200.000
184800.000
190800.000
195600.000
185400.000
184800.000
188600.000
182400.000
200600.000
184400.000
184000.000
183600.000
190200.000
186000.000
188800.000
193800.000
194800.000
189600.000
190400.000
198000.000
200000.000
194600.000
186000.000
200400.000
185400.000
200600.000
192400.000
192800.000
195400.000
176600.000
195800.000
190400.000
203800.000
203000.000
208800.000
201400.000
208800.000
207600.000
201000.000
210800.000
216400.000
234400.000
219200.000
238200.000
227400.000
234200.000
243200.000
256800.000
269400.000
269200.000
294200.000
311000.000
303400.000
326800.000
363400.000
361000.000
390800.000
424400.000
418200.000
440600.000
467800.000
485600.000
485200.000
490800.000
487200.000
498200.000
493800.000
463400.000
465200.000
441000.000
426600.000
416600.000
396600.000
383200.000
357200.000
341200.000
318800.000
295400.000
281200.000
265800.000
246000.000
232200.000
239600.000
231800.000
226000.000
214800.000
212400.000
208400.000
205400.000
205600.000
200800.000
194600.000
187600.000
200600.000
184400.000
189600.000
193200.000
185000.000
185800.000
189800.000
192200.000
185400.000
185000.000
178800.000
184000.000
187000.000
184000.000
174200.000
190400.000
177000.000
194400.000
171800.000
182400.000
175400.000
186800.000
187000.000
173600.000
182600.000
180400.000
170000.000
188800.000
185600.000
170600.000
182400.000
182600.000
193000.000
175000.000
191000.000
180200.000
177000.000
172600.000
176600.000
166400.000
178600.000
179600.000
175800.000
174600.000
178400.000
169800.000
174200.000
172400.000
159200.000
173600.000
189400.000
182600.000
168000.000
168400.000
164200.000
170200.000
170400.000
170800.000
171800.000
162600.000
168800.000
154600.000
171600.000
173800.000
165000.000
159200.000
163800.000
163800.000
160400.000
165600.000
184600.000
185600.000
174000.000
190400.000
185200.000
194800.000
179000.000
179800.000
188800.000
190600.000
193000.000
201000.000
181600.000
175400.000
178200.000
176600.000
184200.000
180400.000
183000.000
181600.000
190800.000
179400.000
183000.000
185800.000
190600.000
186400.000
178800.000
181600.000
179200.000
176800.000
172200.000
181400.000
182000.000
199200.000
185200.000
181200.000
194200.000
202400.000
191200.000
178800.000
185400.000
189800.000
183800.000
180000.000
177800.000
179600.000
191400.000
187400.000
184400.000
193400.000
185600.000
180600.000
181600.000
202200.000
178000.000
187400.000
194000.000
189200.000
195600.000
188600.000
185000.000
194400.000
195800.000
199200.000
183600.000
199800.000
186200.000
194400.000
203200.000
198800.000
203400.000
193600.000
214400.000
195800.000
206600.000
209400.000
200800.000
208200.000
213400.000
236200.000
231800.000
235000.000
240200.000
252400.000
257600.000
264200.000
280000.000
282800.000
278800.000
334200.000
350400.000
360200.000
389000.000
401400.000
418000.000
443200.000
463400.000
482600.000
509400.000
529000.000
560400.000
556800.000
538000.000
558800.000
560800.000
529400.000
521200.000
493000.000
491800.000
450800.000
455000.000
414600.000
399200.000
372000.000
358400.000
327000.000
303400.000
282400.000
272400.000
264000.000
259200.000
240200.000
229800.000
213800.000
215400.000
208200.000
218400.000
208200.000
203000.000
203200.000
198800.000
188200.000
200200.000
194600.000
195400.000
198000.000
194600.000
190600.000
180400.000
191200.000
199600.000
187800.000
185800.000
182200.000
180000.000
181000.000
183200.000
183600.000
177600.000
187600.000
185800.000
177200.000
173200.000
179600.000
176200.000
184200.000
182000.000
176400.000
180800.000
172800.000
176800.000
171000.000
181600.000
176400.000
175200.000
171800.000
189400.000
175800.000
170600.000
178400.000
173600.000
168200.000
172000.000
174600.000
175200.000
170200.000
176200.000
169400.000
167200.000
173200.000
177600.000
171800.000
168400.000
167200.000
160600.000
168000.000
173200.000
172800.000
168400.000
171800.000
168800.000
177600.000
168600.000
162600.000
166000.000
172800.000
162600.000
159600.000
161000.000
156400.000
158600.000
188600.000
181800.000
179600.000
192200.000
173200.000
190000.000
190200.000
178200.000
178000.000
183200.000
178800.000
177800.000
192600.000
183000.000
199800.000
179200.000
177200.000
181400.000
192600.000
187600.000
186600.000
180800.000
174200.000
190000.000
183600.000
188200.000
195000.000
197000.000
193000.000
182800.000
177800.000
185600.000
190400.000
184200.000
182200.000
181800.000
193200.000
181600.000
183000.000
184200.000
180400.000
188400.000
187600.000
184600.000
181400.000
189400.000
182200.000
193400.000
188000.000
192400.000
181800.000
192400.000
183400.000
183800.000
180000.000
183800.000
197400.000
189400.000
203400.000
189000.000
206800.000
195600.000
184400.000
190600.000
193000.000
189800.000
193800.000
185800.000
203400.000
191600.000
211800.000
202000.000
198800.000
212800.000
202600.000
215800.000
225800.000
209400.000
243200.000
229000.000
236800.000
249800.000
253000.000
271800.000
286600.000
287400.000
293800.000
307200.000
344400.000
355800.000
381800.000
399200.000
436600.000
462000.000
488400.000
532800.000
558000.000
569200.000
606600.000
618000.000
648200.000
664400.000
667600.000
643800.000
643800.000
645600.000
630000.000
591600.000
577000.000
551000.000
520800.000
482800.000
445200.000
407000.000
386600.000
343200.000
309800.000
300800.000
280200.000
258200.000
248800.000
251800.000
240000.000
220000.000
210000.000
214800.000
215200.000
199000.000
202000.000
196200.000
199400.000
202600.000
198800.000
193200.000
189600.000
183600.000
194200.000
196400.000
187800.000
200400.000
188200.000
202400.000
178400.000
194400.000
186000.000
182000.000
193400.000
194800.000
171200.000
186800.000
174600.000
179800.000
174600.000
190000.000
179400.000
185000.000
184600.000
174400.000
177000.000
187800.000
184600.000
171600.000
174400.000
174600.000
186200.000
174000.000
176800.000
179400.000
178600.000
186200.000
181800.000
174200.000
170400.000
171800.000
180000.000
176400.000
173200.000
174400.000
166000.000
174400.000
166600.000
168400.000
175800.000
172400.000
173000.000
171200.000
171000.000
176600.000
169400.000
165200.000
172800.000
162000.000
166000.000
170000.000
177000.000
158400.000
161400.000
162400.000
159600.000
160400.000
155400.000
183800.000
186200.000
185200.000
184200.000
194400.000
182200.000
194800.000
189400.000
187800.000
189800.000
184800.000
190800.000
187000.000
188200.000
187200.000
181000.000
184000.000
184800.000
182600.000
184000.000
180200.000
191600.000
187800.000
172600.000
190400.000
194200.000
203200.000
193200.000
184000.000
189200.000
206800.000
194200.000
189000.000
187000.000
190600.000
185600.000
184400.000
184000.000
188600.000
190200.000
187600.000
189800.000
187200.000
189800.000
184800.000
186800.000
177600.000
194800.000
182400.000
191400.000
189200.000
186200.000
190800.000
191400.000
188000.000
185600.000
184600.000
185800.000
193800.000
197800.000
195800.000
185800.000
196000.000
193600.000
184200.000
194400.000
180600.000
195800.000
202000.000
202400.000
208400.000
207800.000
207400.000
205400.000
200000.000
214800.000
214000.000
222000.000
241800.000
242200.000
232800.000
248000.000
270000.000
247800.000
288000.000
284600.000
320200.000
327400.000
338600.000
359400.000
402600.000
437200.000
471400.000
508600.000
545800.000
573800.000
612000.000
645200.000
696800.000
726600.000
735200.000
779800.000
781200.000
768600.000
780200.000
789400.000
734200.000
699600.000
669400.000
640400.000
589800.000
564400.000
532800.000
475800.000
436600.000
384600.000
360000.000
339000.000
298200.000
296200.000
256200.000
258400.000
248600.000
238400.000
222600.000
222600.000
216400.000
217000.000
211000.000
200400.000
196400.000
203000.000
191600.000
188800.000
198800.000
195800.000
194000.000
197000.000
190600.000
184400.000
196200.000
191600.000
181400.000
185200.000
180000.000
194800.000
187800.000
186000.000
180400.000
186400.000
191600.000
168400.000
179000.000
183000.000
187600.000
188400.000
179400.000
178800.000
175000.000
186000.000
184400.000
178000.000
175200.000
179400.000
180000.000
187600.000
189600.000
185000.000
176000.000
188600.000
185200.000
180800.000
176800.000
180400.000
180400.000
176400.000
174200.000
174800.000
171200.000
173200.000
172800.000
178200.000
173600.000
173400.000
170800.000
167800.000
158000.000
165600.000
174000.000
173000.000
169400.000
178200.000
167000.000
166800.000
165200.000
159800.000
158400.000
170200.000
157800.000
152000.000
154800.000
181000.000
187400.000
187400.000
181400.000
174800.000
179400.000
189600.000
188400.000
173600.000
187000.000
191800.000
186800.000
189000.000
185200.000
191800.000
191600.000
192200.000
197600.000
178000.000
179800.000
180800.000
179800.000
184000.000
182200.000
183200.000
186600.000
175000.000
202600.000
186800.000
187600.000
186200.000
178000.000
180800.000
188200.000
187200.000
188800.000
190400.000
181800.000
188200.000
188200.000
189400.000
185800.000
190400.000
192200.000
189400.000
191800.000
202000.000
191200.000
188000.000
189400.000
192200.000
191400.000
196600.000
187600.000
198400.000
185400.000
198000.000
198800.000
194400.000
196600.000
200200.000
193000.000
197400.000
189200.000
196200.000
198800.000
190600.000
194000.000
209800.000
196200.000
198600.000
190000.000
203200.000
218800.000
220800.000
220400.000
233000.000
238200.000
255600.000
243200.000
250200.000
257800.000
281200.000
277400.000
301600.000
307600.000
340000.000
356400.000
365800.000
415200.000
457600.000
472200.000
522200.000
553800.000
608600.000
665400.000
700000.000
759400.000
785200.000
852800.000
892000.000
902000.000
921800.000
943600.000
901000.000
909600.000
844000.000
810000.000
781800.000
716800.000
659800.000
603600.000
557800.000
507600.000
460400.000
412200.000
366600.000
338000.000
310000.000
286000.000
292400.000
280800.000
243800.000
246000.000
252200.000
222800.000
204000.000
209200.000
202000.000
218400.000
200800.000
194800.000
185400.000
196600.000
196000.000
180000.000
187800.000
192600.000
187800.000
193400.000
186200.000
189400.000
188600.000
193800.000
189200.000
194400.000
173400.000
191000.000
186000.000
191600.000
186600.000
180000.000
177200.000
186200.000
182200.000
170600.000
176200.000
184400.000
181600.000
178000.000
178400.000
169200.000
174600.000
171800.000
186400.000
174600.000
171400.000
186200.000
176800.000
164400.000
178600.000
184600.000
184200.000
177400.000
171600.000
169800.000
171800.000
182800.000
188000.000
179200.000
183200.000
166000.000
170600.000
164000.000
172000.000
175200.000
166200.000
168000.000
170200.000
174400.000
165800.000
176600.000
181600.000
158800.000
153200.000
161600.000
165200.000
172000.000
165800.000
158800.000
155400.000
195000.000
189000.000
195600.000
180800.000
189200.000
188800.000
193800.000
191600.000
191000.000
182200.000
179400.000
186000.000
179000.000
185000.000
174200.000
185800.000
196800.000
178400.000
180000.000
190600.000
183200.000
178800.000
166400.000
194600.000
192000.000
188400.000
181000.000
188200.000
195600.000
194600.000
187000.000
196200.000
180800.000
194000.000
180200.000
178000.000
184000.000
193000.000
192200.000
182600.000
193200.000
189800.000
191200.000
187000.000
183400.000
190400.000
196000.000
183400.000
188200.000
197400.000
189600.000
195600.000
191600.000
194000.000
187400.000
200800.000
199600.000
182000.000
189200.000
185200.000
188000.000
193200.000
190800.000
205200.000
206800.000
203600.000
197400.000
191200.000
200600.000
197400.000
199800.000
216200.000
204400.000
209600.000
228800.000
222400.000
216400.000
229400.000
226800.000
248400.000
246600.000
260600.000
268200.000
291000.000
294400.000
331400.000
326800.000
362200.000
389200.000
431600.000
466000.000
517800.000
558200.000
608600.000
669800.000
726600.000
793000.000
830400.000
910800.000
1011400.000
1041000.000
1055200.000
1099000.000
1116000.000
1093400.000
1056200.000
1048400.000
996600.000
914800.000
886400.000
783200.000
690400.000
631000.000
569000.000
522400.000
456800.000
411200.000
387200.000
353000.000
318600.000
299400.000
265400.000
271800.000
244400.000
232600.000
229800.000
229400.000
218400.000
204600.000
207000.000
199200.000
191400.000
197200.000
186000.000
195000.000
192800.000
195000.000
190400.000
191200.000
194000.000
179000.000
184000.000
200600.000
192800.000
185400.000
182600.000
181800.000
189400.000
184800.000
196800.000
178800.000
192000.000
184000.000
181800.000
186200.000
185400.000
178800.000
181000.000
181600.000
182000.000
177600.000
182000.000
193000.000
181400.000
177200.000
181600.000
181200.000
177800.000
179800.000
178000.000
168200.000
172200.000
168000.000
175200.000
181600.000
174200.000
179800.000
189200.000
172600.000
173200.000
168200.000
172800.000
170000.000
174400.000
168200.000
169800.000
182000.000
179600.000
167200.000
165000.000
164200.000
172200.000
163400.000
170400.000
172400.000
167000.000
169000.000
164800.000
156800.000
159600.000
150400.000
192400.000
184800.000
184600.000
183200.000
186400.000
190600.000
191800.000
180800.000
179800.000
183800.000
176200.000
181600.000
187200.000
186600.000
186200.000
182600.000
178200.000
188200.000
180600.000
187600.000
191400.000
192000.000
190200.000
190200.000
182400.000
181400.000
177400.000
183200.000
185400.000
185200.000
188800.000
185800.000
181000.000
190000.000
181400.000
193200.000
177000.000
179600.000
183600.000
199800.000
187400.000
179600.000
193400.000
193000.000
182600.000
187800.000
186200.000
184600.000
192400.000
191800.000
180600.000
199000.000
194400.000
187200.000
193200.000
188000.000
196800.000
195200.000
187000.000
197200.000
203800.000
190000.000
192800.000
187000.000
187600.000
201800.000
202000.000
208000.000
206800.000
205600.000
195200.000
208800.000
214200.000
218200.000
228200.000
225400.000
226000.000
239600.000
238400.000
256600.000
268400.000
279800.000
308600.000
303600.000
327600.000
349600.000
379200.000
402800.000
433400.000
507400.000
537600.000
600800.000
663600.000
707000.000
827400.000
912200.000
990400.000
1076800.000
1181600.000
1271600.000
1331000.000
1363800.000
1399000.000
1351200.000
1315800.000
1347000.000
1224400.000
1166600.000
1116600.000
1034800.000
915200.000
800400.000
729000.000
642000.000
574000.000
500600.000
433800.000
415800.000
370000.000
339400.000
307800.000
294600.000
260400.000
255600.000
248400.000
223000.000
217600.000
218600.000
207800.000
214000.000
194800.000
210400.000
205800.000
189000.000
206000.000
188600.000
200600.000
179600.000
184800.000
189600.000
197000.000
191600.000
188800.000
186200.000
182000.000
191200.000
173000.000
198000.000
188200.000
184000.000
182200.000
193000.000
183000.000
176400.000
183800.000
182000.000
186000.000
176400.000
184000.000
188600.000
180400.000
184600.000
181200.000
176200.000
188800.000
175000.000
171800.000
178600.000
176200.000
185200.000
169400.000
162200.000
180400.000
170200.000
166200.000
179600.000
172600.000
179600.000
175600.000
165800.000
171200.000
167000.000
164800.000
174200.000
170800.000
156400.000
171800.000
168800.000
172200.000
174800.000
174200.000
172400.000
160800.000
167200.000
165400.000
173200.000
169200.000
165600.000
160400.000
158800.000
159800.000
186600.000
189200.000
198400.000
187400.000
192000.000
181800.000
202800.000
180400.000
176000.000
174600.000
186600.000
180400.000
178600.000
176200.000
173800.000
184400.000
181800.000
184600.000
188200.000
182200.000
189400.000
190200.000
197200.000
190600.000
174800.000
183800.000
187000.000
197400.000
184200.000
190000.000
183400.000
186400.000
186800.000
187000.000
195600.000
191400.000
175000.000
204400.000
189200.000
194200.000
203000.000
192400.000
189000.000
193400.000
199400.000
183200.000
183000.000
192000.000
186600.000
177400.000
192800.000
184800.000
185000.000
188000.000
189600.000
179000.000
197000.000
188400.000
184200.000
184600.000
186000.000
179400.000
187000.000
199800.000
199800.000
206400.000
190400.000
200800.000
191800.000
199200.000
213000.000
211000.000
222000.000
218400.000
217400.000
221400.000
231800.000
246800.000
254600.000
260600.000
270600.000
278000.000
305200.000
319200.000
337800.000
363000.000
389600.000
419400.000
454000.000
517000.000
583200.000
640400.000
716000.000
804400.000
930000.000
1014000.000
1148800.000
1292200.000
1419800.000
1503000.000
1553800.000
1617800.000
1688400.000
1626600.000
1656000.000
1611600.000
1526200.000
1409000.000
1319600.000
1214000.000
1089800.000
983000.000
884800.000
781000.000
695800.000
583200.000
514400.000
452200.000
412000.000
358200.000
341400.000
311600.000
281400.000
267400.000
249600.000
231600.000
212600.000
222200.000
216000.000
205600.000
200400.000
204800.000
198000.000
198800.000
199200.000
203200.000
198400.000
182400.000
184000.000
187200.000
186200.000
191000.000
190200.000
182600.000
185400.000
186200.000
188800.000
195400.000
187400.000
183800.000
190200.000
189200.000
174600.000
176000.000
180200.000
178800.000
179400.000
188000.000
180800.000
182400.000
175400.000
181000.000
188400.000
174200.000
184600.000
171800.000
177800.000
181200.000
173800.000
179600.000
181600.000
168800.000
182600.000
161800.000
175800.000
176400.000
166800.000
182000.000
173800.000
176600.000
162200.000
169000.000
178400.000
159800.000
165800.000
172800.000
167000.000
171600.000
176800.000
173400.000
166600.000
163800.000
160000.000
160400.000
166800.000
160200.000
157600.000
168400.000
165800.000
156400.000
165200.000
191200.000
189200.000
191200.000
189800.000
184600.000
189000.000
182000.000
172600.000
182000.000
188600.000
184000.000
195200.000
183200.000
188200.000
183400.000
182200.000
188400.000
188200.000
185200.000
173400.000
186800.000
186800.000
185000.000
179400.000
183400.000
182400.000
189000.000
185000.000
192200.000
183400.000
187000.000
195200.000
185200.000
193400.000
189600.000
187800.000
192400.000
186200.000
184400.000
189400.000
183400.000
188000.000
190800.000
193400.000
186600.000
181400.000
192200.000
196600.000
190600.000
182400.000
192600.000
193800.000
202000.000
186400.000
189800.000
181000.000
195800.000
193000.000
191400.000
190400.000
181600.000
193600.000
196200.000
192200.000
208600.000
196000.000
204800.000
203600.000
205000.000
208000.000
213800.000
220600.000
216400.000
212600.000
219200.000
231600.000
221400.000
251200.000
230600.000
271600.000
272800.000
306200.000
313600.000
324000.000
360600.000
395600.000
434200.000
468000.000
513400.000
604000.000
669000.000
749200.000
844400.000
956400.000
1136000.000
1260200.000
1419200.000
1550600.000
1727200.000
1830400.000
1898400.000
1926800.000
1955400.000
1925000.000
1887800.000
1820400.000
1670000.000
1533800.000
1417600.000
1320200.000
1164000.000
1035000.000
900800.000
802400.000
678000.000
577600.000
523400.000
452600.000
400400.000
365800.000
333800.000
301800.000
292000.000
258600.000
244200.000
245400.000
237600.000
223400.000
209000.000
207800.000
205200.000
202000.000
198200.000
200400.000
200400.000
196000.000
193000.000
184200.000
193400.000
188800.000
185400.000
197400.000
190400.000
183600.000
194200.000
192600.000
192200.000
184800.000
178400.000
198000.000
185000.000
175800.000
173600.000
187800.000
178400.000
184800.000
186200.000
176000.000
178200.000
180200.000
186000.000
188000.000
178800.000
174000.000
183600.000
183800.000
166000.000
175400.000
181000.000
192800.000
187800.000
174400.000
181200.000
173200.000
170600.000
184800.000
172000.000
172800.000
173800.000
171400.000
171400.000
168600.000
169800.000
154800.000
164400.000
173200.000
165000.000
172600.000
175200.000
163400.000
172000.000
172000.000
161200.000
176600.000
168400.000
167600.000
161400.000
160200.000
171400.000
158000.000
157000.000
189400.000
177600.000
182200.000
184000.000
189800.000
186200.000
184600.000
175400.000
189600.000
186800.000
187000.000
177800.000
180800.000
178600.000
179200.000
190000.000
182600.000
187400.000
194000.000
190800.000
183600.000
187600.000
186000.000
181400.000
192600.000
191400.000
185800.000
188000.000
189600.000
187800.000
191000.000
191800.000
192400.000
196800.000
187200.000
184200.000
180600.000
189200.000
189000.000
176600.000
186800.000
184800.000
181000.000
189200.000
202800.000
179600.000
188600.000
184400.000
184200.000
181200.000
188800.000
183600.000
182800.000
179600.000
181000.000
183600.000
200800.000
187800.000
192600.000
194000.000
193000.000
203400.000
192800.000
189200.000
200200.000
190800.000
191200.000
189400.000
205000.000
201600.000
206600.000
212400.000
214200.000
232600.000
225800.000
222800.000
233600.000
231000.000
267400.000
275200.000
274600.000
294400.000
325200.000
328800.000
370200.000
386400.000
450600.000
506200.000
565000.000
635800.000
726400.000
816000.000
956600.000
1055600.000
1242400.000
1466200.000
1649000.000
1787000.000
2028200.000
2121600.000
2154200.000
2229400.000
2250800.000
2256000.000
2193200.000
2178400.000
2044600.000
1910400.000
1773000.000
1573200.000
1394400.000
1273800.000
1087000.000
958600.000
820600.000
712200.000
580600.000
522800.000
454800.000
404600.000
354200.000
335400.000
309600.000
257200.000
257400.000
249800.000
225200.000
217800.000
211200.000
208200.000
215400.000
215600.000
205800.000
207000.000
194400.000
199800.000
186800.000
196800.000
201000.000
189000.000
193600.000
185800.000
193400.000
181000.000
177600.000
186800.000
187800.000
179800.000
183600.000
186000.000
176400.000
191400.000
188000.000
194000.000
186600.000
181200.000
180000.000
181600.000
183800.000
180600.000
182400.000
183600.000
192200.000
173600.000
183200.000
186000.000
180800.000
172800.000
176000.000
189200.000
169000.000
170600.000
182200.000
169800.000
182800.000
181800.000
181800.000
172400.000
155400.000
167000.000
176600.000
168200.000
165400.000
179600.000
163200.000
170600.000
173600.000
157400.000
174800.000
163400.000
161600.000
175600.000
161800.000
166600.000
171200.000
167000.000
160400.000
162400.000
144600.000
167400.000
161600.000
194000.000
186600.000
192800.000
183400.000
185000.000
182600.000
190000.000
184200.000
180200.000
185000.000
183200.000
189800.000
192800.000
189400.000
189800.000
186600.000
181000.000
193400.000
182000.000
191800.000
182000.000
182200.000
190200.000
174800.000
184600.000
182000.000
185400.000
192400.000
183800.000
179800.000
177200.000
175800.000
189800.000
180400.000
178600.000
189400.000
187200.000
185600.000
187800.000
189000.000
185600.000
186400.000
182200.000
188400.000
190200.000
183600.000
193800.000
190400.000
194800.000
185400.000
183600.000
189200.000
183000.000
199800.000
186000.000
188200.000
199000.000
201600.000
184200.000
193600.000
195600.000
187200.000
194400.000
187800.000
196200.000
208400.000
197000.000
196200.000
199400.000
225200.000
196200.000
219600.000
222400.000
230600.000
237800.000
235600.000
251600.000
260400.000
267000.000
252600.000
294000.000
311200.000
329400.000
368200.000
374400.000
437400.000
497800.000
536400.000
616200.000
750400.000
844600.000
1014000.000
1176400.000
1361200.000
1652200.000
1866200.000
2076600.000
2196600.000
2394600.000
2628200.000
2667800.000
2780200.000
2745400.000
2759400.000
2666200.000
2615200.000
2426400.000
2289800.000
2143000.000
1911200.000
1669400.000
1446000.000
1247400.000
1103200.000
922400.000
762600.000
649800.000
569800.000
485400.000
410600.000
370000.000
349400.000
318200.000
281400.000
265200.000
257600.000
226800.000
232800.000
212200.000
215400.000
217200.000
202600.000
188200.000
197800.000
207200.000
204000.000
186000.000
200600.000
193400.000
186400.000
186000.000
198400.000
187000.000
202400.000
192800.000
172800.000
182000.000
176800.000
184200.000
178200.000
176600.000
191400.000
175800.000
189000.000
178600.000
177600.000
191600.000
184200.000
193200.000
183000.000
169600.000
171600.000
180600.000
165800.000
186400.000
178400.000
177400.000
174000.000
171000.000
181000.000
173600.000
180000.000
174800.000
178200.000
169800.000
174000.000
172600.000
170600.000
168800.000
176000.000
175800.000
164600.000
177200.000
160200.000
162800.000
169200.000
177400.000
167400.000
165800.000
169600.000
180400.000
170600.000
159600.000
164400.000
166400.000
171200.000
166200.000
153200.000
163600.000
166800.000
157000.000
191600.000
181200.000
183000.000
175000.000
183400.000
190000.000
201000.000
182400.000
185200.000
189000.000
186400.000
186800.000
184000.000
183600.000
187200.000
180800.000
185600.000
182400.000
184600.000
189200.000
188200.000
194200.000
187000.000
178200.000
196200.000
184600.000
192400.000
189800.000
183400.000
174600.000
190000.000
187800.000
189600.000
188000.000
192200.000
183600.000
194800.000
187400.000
200800.000
187200.000
191800.000
189600.000
182400.000
195800.000
172600.000
187800.000
191200.000
183000.000
186000.000
185600.000
190000.000
191800.000
201600.000
176200.000
182800.000
185600.000
186000.000
203400.000
199800.000
189200.000
192600.000
194000.000
192600.000
203200.000
201200.000
190800.000
200000.000
212000.000
210000.000
202600.000
201600.000
214800.000
221000.000
230400.000
238200.000
233000.000
245600.000
249000.000
273200.000
292200.000
305000.000
299600.000
346000.000
374600.000
405200.000
468800.000
515000.000
590800.000
666200.000
823800.000
988000.000
1126000.000
1360200.000
1582800.000
1896200.000
2187600.000
2409200.000
2604000.000
2813800.000
3046000.000
3165400.000
3198000.000
3182200.000
3155000.000
3076800.000
2973000.000
2817600.000
2681800.000
2520200.000
2265200.000
1975400.000
1654800.000
1432600.000
1175000.000
1039000.000
863000.000
731800.000
602600.000
530000.000
447800.000
389200.000
359600.000
319200.000
282000.000
274600.000
253400.000
249400.000
235000.000
223000.000
230800.000
224800.000
216200.000
200800.000
201200.000
196000.000
212000.000
195800.000
203000.000
195000.000
189000.000
184400.000
183800.000
186400.000
185800.000
188400.000
185000.000
182200.000
188000.000
185000.000
179400.000
185600.000
190600.000
185400.000
187600.000
176400.000
176800.000
191600.000
180400.000
182200.000
185600.000
184400.000
193600.000
177000.000
180200.000
188400.000
178600.000
184400.000
180400.000
176400.000
170600.000
183800.000
179400.000
172800.000
160200.000
180200.000
174800.000
170200.000
171200.000
163200.000
175600.000
166600.000
169400.000
164800.000
172200.000
170200.000
176600.000
168800.000
171400.000
171600.000
161400.000
168400.000
167000.000
157800.000
171600.000
163000.000
164400.000
159600.000
173600.000
157200.000
175400.000
164200.000
188600.000
178000.000
185000.000
185800.000
190800.000
189600.000
197000.000
193600.000
188600.000
186000.000
194800.000
176800.000
180800.000
192200.000
174800.000
187400.000
189800.000
191400.000
194200.000
193000.000
177000.000
187200.000
186200.000
187400.000
183400.000
174400.000
192800.000
177000.000
188800.000
181600.000
188200.000
180200.000
190200.000
194200.000
184200.000
189000.000
192000.000
181400.000
166600.000
190800.000
182000.000
181400.000
184800.000
185400.000
172000.000
190200.000
189400.000
178600.000
184400.000
186200.000
191600.000
193200.000
184000.000
190600.000
182800.000
196400.000
186400.000
184000.000
183800.000
199200.000
185600.000
192400.000
185000.000
206200.000
204800.000
203800.000
200600.000
205200.000
215800.000
213600.000
204600.000
213200.000
223600.000
240600.000
223800.000
237400.000
268400.000
266400.000
278800.000
290600.000
311800.000
317800.000
357000.000
385000.000
440200.000
521800.000
586200.000
664000.000
808400.000
995800.000
1166400.000
1397200.000
1651400.000
1936000.000
2379200.000
2577600.000
2832600.000
3164400.000
3422600.000
3491000.000
3557800.000
3650600.000
3616600.000
3569600.000
3493800.000
3358000.000
3145800.000
2959600.000
2679600.000
2440600.000
2080000.000
1785600.000
1494000.000
1262600.000
1047600.000
842600.000
695400.000
615200.000
506000.000
443000.000
385200.000
356800.000
306800.000
286200.000
249200.000
251200.000
237800.000
225800.000
220200.000
227600.000
218600.000
196800.000
220400.000
209800.000
196000.000
198000.000
191400.000
193200.000
197200.000
183800.000
181000.000
189400.000
177400.000
192400.000
185600.000
187800.000
187400.000
182800.000
183200.000
189000.000
188600.000
198000.000
183600.000
189000.000
187600.000
187600.000
185000.000
178600.000
178200.000
178000.000
183400.000
180200.000
180600.000
195600.000
174200.000
183000.000
172800.000
173600.000
194800.000
172200.000
171200.000
183800.000
170600.000
171400.000
177400.000
172000.000
175800.000
173800.000
167000.000
176000.000
169800.000
152800.000
169600.000
179000.000
173800.000
167000.000
157800.000
164600.000
175400.000
163000.000
167000.000
168400.000
173200.000
172200.000
175400.000
167800.000
162800.000
158600.000
167800.000
158400.000
169000.000
190600.000
191200.000
191800.000
172800.000
186000.000
192600.000
182400.000
184600.000
178800.000
183800.000
186200.000
194400.000
170000.000
178400.000
184000.000
189000.000
183000.000
185600.000
175600.000
181400.000
195600.000
185800.000
183000.000
186800.000
187200.000
179400.000
186000.000
188000.000
184400.000
184200.000
187600.000
183400.000
191400.000
186600.000
179800.000
186800.000
191600.000
181600.000
194600.000
189000.000
187200.000
184000.000
198400.000
182000.000
184800.000
193800.000
186400.000
189800.000
178600.000
194400.000
186400.000
185400.000
183200.000
190200.000
189800.000
189200.000
189600.000
205000.000
189000.000
195800.000
189600.000
206400.000
199800.000
197800.000
204600.000
215800.000
204800.000
205600.000
212400.000
216000.000
206600.000
228000.000
222200.000
225600.000
235600.000
236600.000
241400.000
269000.000
269600.000
292400.000
305000.000
343000.000
362600.000
400600.000
436200.000
511200.000
576800.000
707600.000
815000.000
1000000.000
1182400.000
1464200.000
1725200.000
2022000.000
2544400.000
2900600.000
3172200.000
3539000.000
3831800.000
3976000.000
4125600.000
4231200.000
4239400.000
4224600.000
4037000.000
3895600.000
3684000.000
3509600.000
3301600.000
2992600.000
2692600.000
2280400.000
1933200.000
1583800.000
1291600.000
999800.000
843200.000
718400.000
607600.000
509200.000
453000.000
390800.000
353600.000
308200.000
289600.000
277000.000
246600.000
231200.000
238000.000
217800.000
233600.000
213600.000
193800.000
196400.000
200600.000
199400.000
194000.000
201200.000
188000.000
198600.000
191400.000
179000.000
188800.000
188800.000
201600.000
193400.000
188200.000
185800.000
192400.000
179600.000
186800.000
183400.000
179400.000
189200.000
183200.000
187600.000
190200.000
176600.000
180800.000
179400.000
185200.000
182000.000
181400.000
174400.000
178800.000
177600.000
187200.000
185600.000
179000.000
180800.000
179400.000
183800.000
177600.000
176200.000
184400.000
176600.000
165200.000
177600.000
165600.000
175200.000
172200.000
171800.000
176800.000
179200.000
177200.000
170000.000
170200.000
169800.000
169800.000
179000.000
170600.000
174000.000
169600.000
167200.000
168000.000
149800.000
165800.000
172600.000
167200.000
166800.000
168000.000
185800.000
178000.000
186000.000
179200.000
177400.000
185200.000
192200.000
184200.000
184000.000
183800.000
173800.000
191800.000
188000.000
190400.000
191600.000
180800.000
190000.000
182800.000
184000.000
196800.000
188800.000
184200.000
192400.000
189200.000
190800.000
179400.000
196600.000
168800.000
180600.000
188600.000
185200.000
191800.000
196000.000
194800.000
187200.000
194600.000
175800.000
195800.000
187800.000
183400.000
193200.000
200000.000
183000.000
192400.000
184600.000
187400.000
182800.000
191000.000
182600.000
190800.000
192800.000
183000.000
187800.000
190600.000
191000.000
183600.000
193200.000
187000.000
204200.000
189400.000
211200.000
187000.000
203200.000
196200.000
190200.000
204000.000
198400.000
215800.000
218000.000
214000.000
222200.000
233000.000
237600.000
243000.000
240600.000
256000.000
253000.000
287600.000
277200.000
290000.000
320200.000
350200.000
369800.000
433600.000
490000.000
588200.000
665600.000
795200.000
967600.000
1207000.000
1447200.000
1768000.000
2167800.000
2589400.000
3089600.000
3504200.000
3835800.000
4073400.000
4327600.000
4499400.000
4590400.000
4670000.000
4616400.000
4574000.000
4483200.000
4284800.000
4126000.000
3882000.000
3632000.000
3311200.000
2826200.000
2459600.000
2051200.000
1645800.000
1361800.000
1037600.000
858000.000
709400.000
613600.000
498800.000
443600.000
384600.000
340000.000
321600.000
287200.000
264200.000
253400.000
234800.000
222800.000
221000.000
220000.000
203400.000
205000.000
198600.000
201600.000
190400.000
191600.000
194000.000
188600.000
202200.000
191800.000
196600.000
192600.000
183200.000
178400.000
191400.000
173000.000
179200.000
178200.000
188200.000
193400.000
190000.000
191400.000
192000.000
193000.000
184800.000
174000.000
172400.000
186400.000
180800.000
189400.000
174600.000
174000.000
176800.000
191800.000
172600.000
184600.000
187800.000
179600.000
178200.000
182600.000
176000.000
182800.000
177000.000
176800.000
168400.000
179600.000
180200.000
171800.000
183400.000
170000.000
175600.000
168800.000
161000.000
171200.000
170000.000
176600.000
177200.000
171800.000
176800.000
166600.000
164800.000
167600.000
169200.000
163000.000
165800.000
164800.000
160800.000
164200.000
166400.000
168600.000
202000.000
187600.000
174200.000
183600.000
191400.000
192200.000
181600.000
187800.000
185800.000
182200.000
182400.000
187200.000
188600.000
190200.000
191400.000
182200.000
180000.000
188400.000
179800.000
203000.000
183400.000
192800.000
189200.000
188000.000
186200.000
182400.000
187000.000
173800.000
183800.000
185400.000
178000.000
184000.000
186400.000
190800.000
185400.000
177200.000
183400.000
200600.000
179000.000
183000.000
181200.000
181400.000
193600.000
188400.000
185800.000
186200.000
187800.000
198400.000
196000.000
178200.000
199800.000
185200.000
189000.000
189200.000
185400.000
190800.000
192000.000
201400.000
202800.000
188000.000
201000.000
194400.000
193400.000
202800.000
202800.000
205000.000
205800.000
208000.000
210800.000
218000.000
215400.000
238200.000
229400.000
226400.000
258600.000
259000.000
260600.000
272600.000
275800.000
302800.000
324400.000
360000.000
404800.000
449000.000
485600.000
569200.000
707000.000
814800.000
969600.000
1227800.000
1606400.000
1988800.000
2423800.000
2950000.000
3489800.000
4044000.000
4520200.000
4826800.000
5210600.000
5361000.000
5537800.000
5585600.000
5548000.000
5530800.000
5374000.000
5276000.000
5044600.000
4836800.000
4514200.000
4237000.000
3758800.000
3321400.000
2823000.000
2341000.000
1849800.000
1385600.000
1117800.000
929600.000
775800.000
599400.000
510000.000
454800.000
377200.000
332600.000
301200.000
285600.000
279200.000
244600.000
244400.000
227600.000
224400.000
225600.000
203600.000
205600.000
199000.000
212600.000
202600.000
186200.000
194400.000
185400.000
183800.000
191800.000
194000.000
191200.000
199600.000
171600.000
189000.000
185200.000
182000.000
186200.000
194400.000
190200.000
193600.000
188800.000
178800.000
190200.000
194600.000
178000.000
186400.000
178600.000
188400.000
181400.000
177600.000
178600.000
189400.000
187200.000
190000.000
176800.000
181800.000
184800.000
175200.000
175600.000
175800.000
176200.000
171800.000
167800.000
171800.000
168800.000
177600.000
165800.000
171800.000
169800.000
183200.000
173000.000
168200.000
182400.000
174200.000
177000.000
169800.000
172400.000
169000.000
174800.000
176800.000
162800.000
167000.000
170200.000
169000.000
169800.000
155000.000
169600.000
160400.000
200400.000
183400.000
183400.000
186200.000
179600.000
197000.000
194200.000
189400.000
186200.000
182400.000
193200.000
185800.000
185400.000
193600.000
196800.000
193400.000
189600.000
188600.000
188400.000
192600.000
184000.000
199800.000
192000.000
189400.000
192600.000
187800.000
183400.000
190000.000
194600.000
176800.000
190200.000
196400.000
194800.000
181800.000
188200.000
179200.000
193400.000
196600.000
181000.000
194600.000
183200.000
184600.000
183600.000
187800.000
182400.000
192400.000
201800.000
194400.000
189200.000
192000.000
178000.000
185800.000
182000.000
195600.000
200400.000
182400.000
193400.000
198800.000
202200.000
175600.000
193000.000
191800.000
211400.000
208000.000
203600.000
204800.000
209400.000
208200.000
221400.000
227600.000
218400.000
234000.000
234800.000
245200.000
250400.000
265400.000
270200.000
286800.000
309800.000
332800.000
352400.000
382600.000
431200.000
470800.000
556200.000
674000.000
809000.000
959000.000
1176000.000
1554000.000
1977400.000
2415400.000
2938200.000
3436000.000
4109200.000
4702400.000
5043400.000
5383600.000
5709800.000
5789400.000
5895800.000
5895200.000
5831800.000
5815800.000
5694200.000
5587400.000
5274400.000
5082000.000
4730000.000
4347000.000
3849600.000
3457600.000
2911200.000
2429600.000
1899400.000
1369200.000
1096600.000
923800.000
757600.000
600400.000
481000.000
416200.000
362600.000
345800.000
318600.000
295400.000
269200.000
250000.000
245000.000
220600.000
213600.000
213400.000
215000.000
203600.000
213400.000
193400.000
194200.000
201000.000
200800.000
207000.000
186200.000
190600.000
192400.000
185200.000
175400.000
190600.000
182600.000
184200.000
182400.000
189800.000
199200.000
196400.000
181600.000
183600.000
170800.000
184000.000
189000.000
173200.000
171800.000
182400.000
172600.000
185200.000
192800.000
184000.000
182600.000
170000.000
177200.000
185800.000
180400.000
175000.000
166200.000
167200.000
169400.000
175600.000
175400.000
175600.000
169000.000
174000.000
183400.000
176000.000
175400.000
164200.000
169000.000
186800.000
167000.000
167400.000
159200.000
165200.000
170600.000
173800.000
182200.000
177200.000
164000.000
166000.000
164800.000
170200.000
174400.000
165800.000
167600.000
167800.000
160200.000
190400.000
194600.000
206600.000
190600.000
188800.000
182800.000
187800.000
190600.000
192600.000
194200.000
189200.000
193400.000
190600.000
187200.000
190200.000
191200.000
188800.000
191000.000
193800.000
177800.000
181000.000
185600.000
197200.000
194000.000
178000.000
186600.000
188000.000
179400.000
183600.000
176800.000
184600.000
188200.000
193600.000
196400.000
186200.000
194000.000
185200.000
189000.000
186000.000
188200.000
198400.000
186600.000
198400.000
195200.000
181800.000
190600.000
202200.000
172400.000
196800.000
190400.000
187600.000
184200.000
189400.000
191800.000
186600.000
196600.000
187200.000
206000.000
193000.000
188000.000
193400.000
192400.000
206000.000
201800.000
198600.000
208400.000
206600.000
208800.000
216200.000
221400.000
213800.000
233800.000
241000.000
237000.000
254400.000
252400.000
269000.000
298400.000
313000.000
328600.000
328200.000
390000.000
413400.000
460000.000
546600.000
663800.000
782000.000
940800.000
1167400.000
1538200.000
1974000.000
2439400.000
2912400.000
3587000.000
4352800.000
4909800.000
5344600.000
5653200.000
5962800.000
6007000.000
6144800.000
6156800.000
6133800.000
6130400.000
5904000.000
5820200.000
5529800.000
5413000.000
5035800.000
4627600.000
4106000.000
3771400.000
3261800.000
2696200.000
2071600.000
1526400.000
1245400.000
1014200.000
806000.000
601800.000
496800.000
417400.000
376800.000
344600.000
309000.000
295400.000
276800.000
248400.000
249000.000
234400.000
222200.000
218400.000
211600.000
210200.000
194200.000
190600.000
204200.000
186200.000
186400.000
194200.000
188000.000
184600.000
188800.000
192200.000
186400.000
195000.000
197200.000
185400.000
182200.000
173400.000
189800.000
174800.000
192800.000
186200.000
182600.000
181400.000
184800.000
193200.000
182000.000
192000.000
184000.000
183200.000
181200.000
188000.000
182400.000
176200.000
187800.000
174000.000
182400.000
169400.000
164400.000
161600.000
180800.000
157400.000
167000.000
182400.000
176600.000
176400.000
181800.000
186800.000
168800.000
173200.000
166600.000
174000.000
175400.000
161000.000
178400.000
172000.000
164800.000
169600.000
170200.000
167600.000
171400.000
158400.000
174000.000
171600.000
165000.000
170000.000
172800.000
164000.000
147600.000
204000.000
196600.000
194200.000
184200.000
192000.000
186800.000
182400.000
191200.000
195600.000
188400.000
198600.000
191600.000
187400.000
191600.000
189800.000
189000.000
189000.000
188200.000
198600.000
196200.000
173800.000
188000.000
189000.000
185000.000
172400.000
199400.000
185200.000
187200.000
193200.000
181000.000
181200.000
181000.000
193200.000
180000.000
184400.000
185800.000
188400.000
193600.000
186400.000
191800.000
201600.000
194800.000
182000.000
177000.000
190400.000
181200.000
190800.000
187600.000
188200.000
201000.000
195800.000
182800.000
194000.000
190200.000
183600.000
191000.000
202000.000
183400.000
194600.000
195000.000
183600.000
196800.000
205200.000
200400.000
214600.000
215200.000
208600.000
214200.000
209000.000
216400.000
215800.000
234600.000
244000.000
245200.000
255600.000
266400.000
280200.000
285000.000
325800.000
331600.000
365400.000
409200.000
457800.000
497000.000
589000.000
719200.000
889600.000
1094200.000
1324400.000
1808800.000
2304400.000
2859200.000
3444400.000
4062800.000
4909200.000
5298800.000
5665000.000
5971600.000
6062400.000
6199200.000
6299400.000
6181800.000
6060800.000
6014400.000
6145400.000
5940400.000
5658800.000
5425400.000
5138000.000
4680200.000
4390400.000
3909000.000
3361600.000
2777200.000
2171800.000
1600600.000
1236600.000
973200.000
813200.000
606000.000
502800.000
431200.000
392800.000
349800.000
313000.000
301400.000
268800.000
250200.000
248400.000
226600.000
228800.000
215600.000
198600.000
226400.000
187400.000
203000.000
193600.000
188800.000
192200.000
195200.000
199200.000
190000.000
193000.000
187000.000
186600.000
198400.000
182800.000
178800.000
179200.000
171000.000
176800.000
189200.000
188600.000
182800.000
179400.000
185400.000
187400.000
183400.000
173000.000
181600.000
184600.000
185000.000
179200.000
182400.000
184600.000
185200.000
176600.000
182800.000
166200.000
168800.000
166600.000
165800.000
164400.000
170400.000
166400.000
179800.000
177400.000
175600.000
177400.000
176400.000
175200.000
176400.000
169000.000
174600.000
180400.000
176400.000
163800.000
177600.000
188200.000
171200.000
171400.000
168600.000
167400.000
162600.000
180000.000
169200.000
166400.000
163400.000
170800.000
165200.000
168600.000
188200.000
191000.000
192400.000
197200.000
188800.000
195800.000
188600.000
191000.000
188400.000
191400.000
181800.000
197000.000
181200.000
192000.000
184200.000
183000.000
175800.000
195400.000
181600.000
193800.000
185400.000
207800.000
187400.000
201200.000
189200.000
191800.000
188600.000
187000.000
192000.000
175400.000
195200.000
183600.000
193800.000
191000.000
185800.000
190600.000
189000.000
194800.000
185200.000
188800.000
186600.000
186200.000
183600.000
185200.000
183400.000
182800.000
188800.000
187000.000
185800.000
201000.000
197000.000
188800.000
198400.000
181400.000
188000.000
196600.000
184000.000
199400.000
193200.000
194800.000
191000.000
198000.000
205000.000
195200.000
213800.000
203200.000
219800.000
217200.000
215400.000
213800.000
228800.000
225400.000
238600.000
244400.000
274200.000
267600.000
277200.000
295400.000
313000.000
334600.000
352000.000
420600.000
462000.000
526200.000
586200.000
753400.000
917200.000
1119200.000
1442200.000
1887000.000
2413600.000
3031600.000
3720200.000
4262600.000
4936000.000
5422600.000
5746400.000
5850400.000
6190200.000
6190800.000
6141800.000
6088400.000
6111000.000
6135400.000
6066800.000
5891000.000
5707600.000
5461200.000
5193400.000
4931800.000
4470400.000
3870800.000
3535800.000
2852800.000
2308600.000
1693000.000
1280000.000
1010200.000
758400.000
560400.000
486000.000
425400.000
394800.000
347600.000
312000.000
280600.000
263600.000
265400.000
245200.000
218800.000
219200.000
215800.000
200600.000
200600.000
204200.000
198200.000
193200.000
195400.000
190200.000
197000.000
192800.000
180400.000
186000.000
187600.000
181600.000
190400.000
189000.000
182000.000
180200.000
175000.000
191200.000
184200.000
175600.000
184200.000
184800.000
190400.000
179000.000
186200.000
173400.000
186600.000
176000.000
184600.000
178000.000
184000.000
185600.000
169000.000
180600.000
181000.000
178200.000
184000.000
176000.000
176400.000
160200.000
160200.000
168400.000
175800.000
184400.000
172400.000
179600.000
174200.000
178400.000
171200.000
173400.000
164200.000
183200.000
166000.000
179800.000
179200.000
172000.000
178000.000
176400.000
176800.000
166000.000
176200.000
165400.000
174400.000
168600.000
161600.000
163800.000
173600.000
171800.000
198400.000
201200.000
206000.000
182600.000
184000.000
183600.000
199600.000
191400.000
187000.000
188400.000
190800.000
193600.000
190200.000
184200.000
189400.000
193000.000
187200.000
205200.000
189400.000
183400.000
178200.000
196600.000
184600.000
178400.000
176800.000
184800.000
175400.000
178800.000
175600.000
176800.000
188600.000
184800.000
184600.000
185800.000
192200.000
185200.000
181600.000
184200.000
169400.000
203000.000
182000.000
192400.000
174600.000
191200.000
182000.000
195400.000
179400.000
182800.000
190000.000
188800.000
197600.000
186400.000
191600.000
201600.000
196400.000
198200.000
193400.000
189600.000
198800.000
200800.000
195000.000
200000.000
199800.000
214000.000
226000.000
208800.000
208200.000
206200.000
224000.000
219200.000
226200.000
226800.000
251600.000
257600.000
266400.000
264000.000
287400.000
313000.000
310600.000
339400.000
391200.000
444400.000
485200.000
565600.000
669400.000
846000.000
1063800.000
1327800.000
1605800.000
2270200.000
2930800.000
3607000.000
4411000.000
4957200.000
5606400.000
5919600.000
6297800.000
6458000.000
6720800.000
6708200.000
6701000.000
6748600.000
6601000.000
6637800.000
6515400.000
6398400.000
6199800.000
5948000.000
5803600.000
5536600.000
5028600.000
4493200.000
3849600.000
3151600.000
2545000.000
1784800.000
1361000.000
1104600.000
835400.000
590400.000
508200.000
426600.000
406200.000
347400.000
336800.000
292800.000
293200.000
255200.000
240000.000
229600.000
229600.000
215400.000
218000.000
205800.000
203800.000
203600.000
200000.000
195600.000
197600.000
197400.000
185800.000
182000.000
194600.000
188200.000
185400.000
186200.000
180800.000
182800.000
175600.000
183600.000
192400.000
186800.000
180000.000
193400.000
179600.000
193000.000
187600.000
184200.000
176400.000
181200.000
178000.000
193200.000
186600.000
183600.000
184400.000
180600.000
182800.000
181800.000
180200.000
175000.000
173400.000
164400.000
170600.000
180000.000
183000.000
173200.000
165400.000
179600.000
169400.000
180000.000
182400.000
172800.000
169000.000
186200.000
158200.000
170000.000
183400.000
168000.000
168200.000
174400.000
176000.000
163600.000
173600.000
174000.000
170600.000
167000.000
162200.000
165600.000
156400.000
165800.000
162000.000
202800.000
194400.000
198800.000
199400.000
190800.000
188800.000
191600.000
190000.000
188600.000
194600.000
196000.000
186200.000
186600.000
196200.000
190800.000
191000.000
185600.000
184200.000
175000.000
183800.000
185400.000
187200.000
192000.000
193800.000
188000.000
185600.000
188400.000
187400.000
193600.000
176800.000
189800.000
186000.000
189200.000
184400.000
185600.000
170400.000
191200.000
195200.000
185200.000
172000.000
188200.000
174400.000
190000.000
182400.000
184000.000
181200.000
194800.000
188200.000
182200.000
189000.000
187600.000
185000.000
175800.000
205000.000
196000.000
185000.000
184800.000
193000.000
195000.000
192200.000
206200.000
195000.000
203600.000
212400.000
205200.000
221600.000
214800.000
211000.000
205800.000
220600.000
243000.000
237800.000
242000.000
262200.000
266800.000
278200.000
282200.000
305000.000
324000.000
350200.000
367000.000
430400.000
475200.000
554400.000
634600.000
818600.000
985400.000
1226000.000
1573800.000
2117200.000
2801800.000
3344400.000
4040600.000
4695400.000
5398600.000
5725400.000
5942200.000
6092200.000
6225600.000
6326800.000
6339000.000
6400800.000
6364800.000
6240800.000
6188600.000
6103000.000
5964800.000
5697600.000
5539000.000
5350800.000
4848800.000
4397400.000
3694600.000
3074200.000
2423800.000
1752400.000
1360800.000
1076200.000
824400.000
627600.000
488000.000
432200.000
386400.000
340200.000
312400.000
296800.000
264800.000
259400.000
241800.000
237600.000
222600.000
205400.000
219800.000
200600.000
197000.000
209200.000
191000.000
192400.000
194200.000
185400.000
203200.000
189000.000
194200.000
183000.000
180000.000
183200.000
182200.000
184000.000
189600.000
183400.000
183800.000
181400.000
185200.000
175600.000
191000.000
184200.000
192600.000
182000.000
185400.000
181200.000
177000.000
186000.000
172400.000
185000.000
182800.000
174400.000
183000.000
181400.000
190400.000
173000.000
176800.000
162000.000
171200.000
166800.000
189600.000
178800.000
172000.000
168000.000
176600.000
181000.000
175800.000
177800.000
177200.000
187600.000
173200.000
175800.000
174600.000
164200.000
166000.000
181000.000
173800.000
169000.000
168200.000
169600.000
164800.000
166000.000
165200.000
163600.000
172800.000
167800.000
156600.000
205800.000
209800.000
194800.000
205600.000
200600.000
198800.000
194800.000
187600.000
180800.000
203200.000
193000.000
201600.000
185600.000
191000.000
193000.000
183600.000
185600.000
178600.000
197400.000
189800.000
179600.000
188200.000
184800.000
192000.000
190400.000
180400.000
183000.000
185400.000
190400.000
183400.000
185600.000
192200.000
178600.000
185600.000
197400.000
178000.000
186200.000
183600.000
182800.000
193600.000
188400.000
182200.000
193800.000
192600.000
188000.000
181400.000
185600.000
195800.000
178600.000
184000.000
183000.000
181400.000
178200.000
182800.000
186200.000
179200.000
182800.000
181000.000
182200.000
192400.000
190800.000
213400.000
202400.000
197800.000
216600.000
212200.000
225200.000
224200.000
223600.000
216400.000
217800.000
230000.000
240200.000
253400.000
267200.000
269400.000
284600.000
325400.000
344200.000
366000.000
380600.000
446000.000
518600.000
581600.000
705600.000
895400.000
1095400.000
1370400.000
1831600.000
2447200.000
3034000.000
3827600.000
4495800.000
4937800.000
5555000.000
5857400.000
6080800.000
6198200.000
6304000.000
6345400.000
6400800.000
6404400.000
6356200.000
6314400.000
6251000.000
6077400.000
5982800.000
5786200.000
5616400.000
5342200.000
4838800.000
4227600.000
3592000.000
2912800.000
2300200.000
1638400.000
1269800.000
983800.000
797000.000
594000.000
477200.000
428000.000
353800.000
329200.000
301200.000
281200.000
268600.000
239600.000
223000.000
222800.000
215400.000
203600.000
215600.000
199800.000
202600.000
202200.000
205000.000
197600.000
186200.000
182200.000
180000.000
181600.000
182600.000
192600.000
189200.000
182400.000
188800.000
195000.000
186800.000
183200.000
169400.000
189600.000
186200.000
183800.000
184000.000
182400.000
185600.000
179200.000
184200.000
189000.000
181200.000
181600.000
187200.000
178800.000
182400.000
182000.000
193600.000
173000.000
180000.000
163000.000
172600.000
169200.000
171600.000
173200.000
169400.000
170800.000
169200.000
168400.000
175800.000
188000.000
170200.000
185200.000
170600.000
185400.000
181600.000
168600.000
173400.000
175000.000
178000.000
173200.000
179800.000
176400.000
168400.000
177000.000
163600.000
169600.000
158200.000
166600.000
171000.000
162800.000
160600.000
218000.000
204800.000
197000.000
197000.000
205200.000
190800.000
198200.000
186400.000
194600.000
190200.000
176600.000
189400.000
176400.000
197600.000
203600.000
194200.000
184200.000
189000.000
193000.000
184000.000
181400.000
180200.000
184800.000
178200.000
197400.000
183600.000
182800.000
198800.000
176200.000
191000.000
181200.000
185600.000
181000.000
187000.000
175200.000
180000.000
189400.000
181400.000
181400.000
191800.000
178600.000
176000.000
186200.000
187800.000
180800.000
170200.000
186000.000
195200.000
184800.000
185600.000
182400.000
187000.000
185800.000
180800.000
185800.000
188800.000
185800.000
184000.000
187200.000
185400.000
184000.000
195000.000
201400.000
209200.000
200800.000
210200.000
201200.000
219800.000
215600.000
219000.000
229000.000
228800.000
240800.000
248000.000
249800.000
289400.000
274400.000
294800.000
316600.000
357000.000
380400.000
433600.000
473200.000
538200.000
652200.000
800600.000
951800.000
1245200.000
1522800.000
2070200.000
2701000.000
3302000.000
4051600.000
4511200.000
5187200.000
5529600.000
5738200.000
5926200.000
6026600.000
6169400.000
6159800.000
6237800.000
6229600.000
6182000.000
6108600.000
6047200.000
5898800.000
5803200.000
5578000.000
5333400.000
5031400.000
4417000.000
3791600.000
3256600.000
2532800.000
1854400.000
1463400.000
1123400.000
825000.000
636400.000
545200.000
419800.000
384200.000
346800.000
305600.000
293000.000
274000.000
260800.000
237200.000
230000.000
212600.000
214400.000
209000.000
198000.000
197600.000
194200.000
199600.000
191200.000
195600.000
182600.000
181800.000
194800.000
181400.000
188200.000
176000.000
189000.000
177800.000
183000.000
178400.000
184600.000
181200.000
179000.000
176200.000
180400.000
178800.000
185000.000
183400.000
181800.000
180000.000
186000.000
184000.000
189600.000
186000.000
177200.000
178600.000
173000.000
179200.000
187600.000
172200.000
169400.000
182600.000
165800.000
171200.000
177200.000
175800.000
178200.000
171600.000
165400.000
174400.000
178800.000
180400.000
164800.000
178600.000
169600.000
180600.000
173400.000
170400.000
184600.000
173600.000
162000.000
170600.000
170200.000
174400.000
154400.000
171200.000
170600.000
165200.000
173600.000
180600.000
163000.000
166200.000
207800.000
216200.000
197000.000
197200.000
196000.000
206800.000
189200.000
191600.000
189400.000
187400.000
182400.000
173800.000
197200.000
194600.000
189200.000
182400.000
187200.000
191000.000
183400.000
189800.000
185000.000
184000.000
180200.000
189200.000
177200.000
184600.000
178800.000
190000.000
181200.000
186400.000
182600.000
183200.000
193200.000
191800.000
181800.000
190600.000
185400.000
184200.000
185400.000
181600.000
175200.000
186800.000
184800.000
189200.000
184600.000
183200.000
176800.000
172400.000
174200.000
176200.000
194800.000
185000.000
188400.000
188200.000
185800.000
190000.000
192200.000
184200.000
186400.000
191600.000
201800.000
201000.000
208600.000
196600.000
207000.000
215000.000
207400.000
212600.000
199200.000
224800.000
210200.000
228800.000
224400.000
262800.000
263400.000
271800.000
296400.000
316000.000
339000.000
369600.000
389400.000
459600.000
519600.000
574800.000
652800.000
796800.000
1046000.000
1326000.000
1697200.000
2350600.000
2924000.000
3466400.000
4172400.000
4746200.000
5192200.000
5562600.000
5725200.000
5889800.000
6008200.000
6109200.000
6182200.000
6215800.000
6222200.000
6226600.000
6062200.000
6114000.000
5859600.000
5744600.000
5549800.000
5246200.000
4721400.000
4350800.000
3676600.000
2979800.000
2313800.000
1647000.000
1248600.000
996400.000
814000.000
596800.000
499800.000
435800.000
374600.000
317400.000
310800.000
273800.000
251400.000
257600.000
236200.000
220600.000
218400.000
215200.000
200800.000
185400.000
202200.000
198600.000
182800.000
201600.000
180400.000
191800.000
173800.000
185000.000
191800.000
174400.000
186200.000
177000.000
200400.000
182600.000
190000.000
183800.000
187800.000
199800.000
189400.000
180200.000
185600.000
183400.000
182000.000
182400.000
179600.000
178800.000
179600.000
181400.000
181400.000
186000.000
179600.000
185200.000
173400.000
175000.000
173800.000
174000.000
183600.000
179400.000
178000.000
169600.000
170400.000
168400.000
168600.000
179000.000
178600.000
181000.000
170600.000
178800.000
176400.000
176200.000
190200.000
171800.000
165600.000
170600.000
171600.000
169000.000
167000.000
170600.000
177200.000
179800.000
173600.000
165400.000
173600.000
162800.000
178400.000
165400.000
169200.000
215800.000
210600.000
198600.000
203000.000
186800.000
192800.000
191400.000
197200.000
193000.000
187800.000
198200.000
184200.000
180800.000
187000.000
189200.000
194000.000
195400.000
180400.000
180200.000
190800.000
190400.000
181800.000
181200.000
185000.000
183600.000
195800.000
181400.000
180000.000
189000.000
186200.000
188800.000
187600.000
191600.000
193400.000
192800.000
194200.000
186200.000
186600.000
196800.000
183600.000
181800.000
192000.000
181200.000
182200.000
187200.000
185600.000
192600.000
186800.000
189200.000
194400.000
181000.000
182200.000
190800.000
184200.000
191400.000
184400.000
197800.000
188600.000
185400.000
187600.000
195600.000
196400.000
214400.000
211000.000
203400.000
211000.000
209400.000
222000.000
211200.000
219000.000
227800.000
239800.000
242600.000
235000.000
250000.000
260800.000
281200.000
308000.000
322400.000
353000.000
381200.000
431200.000
483000.000
550400.000
598400.000
772200.000
967800.000
1188400.000
1500600.000
2117200.000
2632200.000
3205800.000
3979600.000
4513400.000
5128800.000
5465600.000
5699800.000
5837000.000
6053400.000
6110800.000
6313400.000
6401000.000
6419400.000
6442800.000
6361600.000
6404400.000
6240600.000
6083000.000
5922800.000
5655200.000
5109000.000
4723600.000
4039800.000
3399800.000
2834200.000
1982800.000
1479400.000
1200800.000
933200.000
684000.000
594000.000
465200.000
428000.000
350800.000
333200.000
296600.000
284400.000
270400.000
249800.000
239400.000
228000.000
221400.000
207800.000
205400.000
211000.000
199200.000
190600.000
198200.000
195000.000
191800.000
185200.000
185800.000
180000.000
170800.000
182600.000
178000.000
188200.000
179200.000
178800.000
189400.000
185000.000
195800.000
178200.000
180400.000
172600.000
192600.000
179000.000
171600.000
178800.000
179000.000
170400.000
178400.000
179400.000
185600.000
182600.000
187000.000
183600.000
171200.000
194200.000
177600.000
172000.000
183000.000
173600.000
175800.000
166200.000
173200.000
177000.000
175600.000
176400.000
179400.000
167400.000
171400.000
172600.000
179000.000
164600.000
159200.000
179200.000
175000.000
182600.000
168600.000
168400.000
163000.000
166600.000
157200.000
172000.000
159600.000
176400.000
156000.000
175600.000
154600.000
168000.000
219600.000
205400.000
204800.000
197000.000
203400.000
196400.000
194800.000
201000.000
204800.000
191200.000
200200.000
185600.000
188600.000
202000.000
187400.000
192200.000
184400.000
183200.000
189400.000
186800.000
186800.000
185800.000
172200.000
188200.000
177600.000
190000.000
189200.000
182600.000
179800.000
181200.000
184800.000
179600.000
183000.000
189200.000
182600.000
193000.000
189800.000
190800.000
178000.000
182000.000
196800.000
187200.000
177000.000
190400.000
177600.000
179800.000
188000.000
185800.000
186800.000
169600.000
188200.000
184200.000
182800.000
181800.000
189200.000
182600.000
188800.000
189800.000
178600.000
197000.000
188600.000
202800.000
206000.000
201200.000
200600.000
198000.000
219000.000
204400.000
212000.000
219600.000
233800.000
235600.000
255200.000
253200.000
265200.000
273800.000
293200.000
312200.000
327400.000
365600.000
398600.000
455400.000
526600.000
589800.000
652200.000
840400.000
1059800.000
1331400.000
1685000.000
2270800.000
2865800.000
3455000.000
4012200.000
4605600.000
5066000.000
5378000.000
5575000.000
5676400.000
5845200.000
5992800.000
6149400.000
6209600.000
6278200.000
6304800.000
6302400.000
6253800.000
6076400.000
5927600.000
5685800.000
5385800.000
4906000.000
4338000.000
3724800.000
3173400.000
2437400.000
1735600.000
1343600.000
1040400.000
832800.000
620400.000
556000.000
464400.000
392000.000
345800.000
320400.000
295800.000
267800.000
256400.000
238600.000
241600.000
229200.000
210800.000
215200.000
211400.000
205600.000
204200.000
195400.000
188000.000
185600.000
191600.000
180600.000
184600.000
185600.000
188800.000
180000.000
186200.000
187000.000
182200.000
188200.000
193600.000
176800.000
185400.000
180400.000
171600.000
178200.000
178000.000
189800.000
178000.000
177400.000
181600.000
181000.000
173000.000
176600.000
187200.000
184200.000
177000.000
194000.000
172000.000
175200.000
185000.000
181000.000
179200.000
174600.000
168600.000
175400.000
175000.000
170400.000
169400.000
177200.000
172800.000
173400.000
167800.000
169200.000
174400.000
168400.000
172400.000
164600.000
168400.000
166400.000
178800.000
178600.000
169600.000
177400.000
177600.000
172600.000
165800.000
173400.000
162800.000
154600.000
170000.000
177800.000
210000.000
207200.000
212600.000
198000.000
209200.000
193400.000
192600.000
210200.000
189600.000
186600.000
205200.000
188400.000
199400.000
189400.000
183000.000
194600.000
189600.000
181000.000
193000.000
177400.000
177000.000
182600.000
183600.000
180000.000
193200.000
186200.000
194200.000
187400.000
185200.000
182400.000
182000.000
180800.000
188400.000
193200.000
187800.000
189400.000
190200.000
184400.000
193600.000
183200.000
183200.000
176200.000
201600.000
194400.000
180000.000
185600.000
186000.000
184400.000
178400.000
179800.000
180000.000
180600.000
183200.000
185400.000
198200.000
183600.000
190200.000
183000.000
188400.000
198600.000
192800.000
198200.000
208000.000
208200.000
207000.000
188200.000
210200.000
211200.000
219400.000
213000.000
227800.000
219000.000
229200.000
240800.000
263600.000
273400.000
290600.000
304600.000
332200.000
359600.000
392600.000
457400.000
502600.000
590800.000
660200.000
831200.000
1001600.000
1289800.000
1582400.000
2115400.000
2594400.000
3109000.000
3553800.000
3986800.000
4429000.000
4736000.000
4879000.000
4985800.000
5142000.000
5237400.000
5394400.000
5367400.000
5550000.000
5598400.000
5685000.000
5543200.000
5498400.000
5333400.000
5169600.000
4810000.000
4254000.000
3854400.000
3291000.000
2671000.000
2068800.000
1469200.000
1131000.000
890600.000
735600.000
583200.000
463400.000
404800.000
379800.000
311000.000
308600.000
275800.000
263600.000
248000.000
231000.000
231600.000
230200.000
205000.000
222400.000
196800.000
200600.000
193400.000
196800.000
187800.000
187800.000
187600.000
180200.000
199600.000
177800.000
198000.000
183200.000
171600.000
183600.000
185000.000
191600.000
185600.000
179800.000
183200.000
176200.000
182800.000
183600.000
171200.000
187400.000
170200.000
174800.000
179400.000
182400.000
195600.000
177400.000
184400.000
179000.000
184600.000
176800.000
181200.000
176800.000
188800.000
181400.000
185400.000
173200.000
168000.000
175000.000
169400.000
165600.000
182400.000
189200.000
159400.000
170000.000
179600.000
183000.000
171200.000
180400.000
167400.000
173800.000
174200.000
177200.000
169800.000
177400.000
172600.000
162000.000
175800.000
169600.000
165200.000
163600.000
176200.000
174000.000
164800.000
163800.000
222400.000
210600.000
212800.000
203200.000
205600.000
200600.000
198800.000
192600.000
182600.000
183000.000
182000.000
191600.000
198400.000
182200.000
191000.000
189600.000
191000.000
196400.000
194000.000
186400.000
187200.000
194400.000
175200.000
192000.000
189600.000
190200.000
179000.000
188600.000
180200.000
184800.000
181200.000
182600.000
177200.000
187200.000
185800.000
187000.000
187600.000
185800.000
182000.000
177800.000
184600.000
177000.000
188600.000
189200.000
183400.000
182400.000
184200.000
189600.000
197000.000
193600.000
179000.000
193000.000
192800.000
201000.000
193200.000
185200.000
185600.000
188800.000
199600.000
186000.000
198800.000
195200.000
190400.000
201400.000
192800.000
196400.000
201600.000
215400.000
215600.000
217400.000
209800.000
253800.000
239000.000
259400.000
263600.000
260000.000
280000.000
308800.000
331400.000
354600.000
414600.000
471000.000
518800.000
583400.000
692200.000
848200.000
1080000.000
1324200.000
1647800.000
2148000.000
2589800.000
3093000.000
3601600.000
3938200.000
4353400.000
4570000.000
4731200.000
4801200.000
4895200.000
4959800.000
5080000.000
5192800.000
5340400.000
5442200.000
5588400.000
5628800.000
5541400.000
5336000.000
5092000.000
4753000.000
4187200.000
3692800.000
3104000.000
2428000.000
1912600.000
1369000.000
1038600.000
837800.000
674400.000
525800.000
458600.000
384400.000
363000.000
306400.000
296400.000
268200.000
264600.000
255600.000
232200.000
227000.000
209800.000
202200.000
209000.000
202400.000
203400.000
197600.000
199800.000
202200.000
201200.000
187400.000
198000.000
188200.000
194200.000
193400.000
181400.000
179400.000
190000.000
179000.000
175200.000
181600.000
182600.000
178400.000
182400.000
181600.000
180600.000
173200.000
174800.000
183200.000
184200.000
182200.000
185000.000
179000.000
179400.000
185800.000
170200.000
173800.000
189800.000
177400.000
181400.000
175000.000
184600.000
178200.000
175600.000
188600.000
176400.000
171000.000
178800.000
172600.000
175400.000
169000.000
170800.000
171400.000
174400.000
173200.000
167800.000
177800.000
173000.000
176000.000
170000.000
182000.000
174000.000
160800.000
172800.000
164200.000
173400.000
187600.000
161400.000
170000.000
163400.000
161400.000
163400.000
230800.000
210600.000
216200.000
207800.000
198000.000
200000.000
195600.000
190400.000
200200.000
194200.000
186600.000
209600.000
200600.000
184800.000
194200.000
200400.000
184400.000
192000.000
183400.000
183600.000
195800.000
182200.000
178800.000
184000.000
186200.000
186600.000
198600.000
180800.000
177200.000
190200.000
173200.000
189400.000
186000.000
192000.000
177000.000
186400.000
193800.000
184200.000
188000.000
178800.000
186800.000
188800.000
185600.000
192400.000
179200.000
184200.000
193400.000
187800.000
200600.000
178200.000
178200.000
188400.000
186200.000
175200.000
172600.000
196000.000
193200.000
191600.000
190000.000
192800.000
193800.000
195000.000
188200.000
200000.000
204000.000
191200.000
196600.000
208400.000
215800.000
220000.000
222200.000
230800.000
235400.000
230400.000
254000.000
271600.000
271400.000
293600.000
321600.000
348800.000
385200.000
451600.000
523400.000
572400.000
643800.000
770600.000
939000.000
1154000.000
1443400.000
1865400.000
2212000.000
2627200.000
3124400.000
3439400.000
3800400.000
4086400.000
4149600.000
4195200.000
4220600.000
4232800.000
4391200.000
4504000.000
4691000.000
4931200.000
5050000.000
5151600.000
5041400.000
4997800.000
4740600.000
4445000.000
4007400.000
3444600.000
2885200.000
2284400.000
1874800.000
1265200.000
995600.000
816200.000
655600.000
511800.000
450600.000
382000.000
354200.000
301800.000
282800.000
258000.000
261000.000
240400.000
228800.000
227200.000
214600.000
205200.000
201000.000
203200.000
190600.000
185400.000
200000.000
197000.000
196800.000
200800.000
191000.000
187000.000
177800.000
189000.000
179000.000
185600.000
176400.000
182400.000
183600.000
182400.000
180200.000
181200.000
186600.000
178400.000
174800.000
178000.000
182000.000
177800.000
182600.000
187800.000
176000.000
193800.000
171600.000
187200.000
190800.000
171600.000
183600.000
178600.000
174400.000
181600.000
173200.000
178000.000
178600.000
173000.000
178600.000
170800.000
176600.000
175800.000
174600.000
172200.000
166000.000
170200.000
163400.000
170000.000
162400.000
175000.000
161400.000
169600.000
176600.000
165800.000
179200.000
168000.000
174400.000
174400.000
166600.000
164000.000
164200.000
173400.000
182600.000
164200.000
183600.000
237800.000
215800.000
210800.000
214800.000
216800.000
202200.000
201400.000
197400.000
199200.000
193000.000
192000.000
202400.000
199800.000
183600.000
184200.000
171600.000
195200.000
185200.000
195200.000
197800.000
183400.000
181800.000
194200.000
177400.000
187400.000
168000.000
186800.000
185600.000
193000.000
182600.000
183600.000
184600.000
185200.000
190200.000
178800.000
194000.000
184200.000
187600.000
184000.000
192400.000
178600.000
189200.000
186400.000
196400.000
187000.000
202400.000
191400.000
188200.000
185400.000
186600.000
173800.000
195200.000
194000.000
184400.000
180400.000
192200.000
201800.000
185600.000
187400.000
186000.000
192200.000
190600.000
180600.000
190200.000
195800.000
209000.000
194600.000
217200.000
206400.000
222600.000
220800.000
235800.000
248200.000
239000.000
252800.000
252400.000
264400.000
301200.000
318200.000
348800.000
395600.000
469400.000
537200.000
597200.000
653000.000
785800.000
960000.000
1153200.000
1377200.000
1815400.000
2070800.000
2376200.000
2782400.000
3043400.000
3349400.000
3443200.000
3525400.000
3588200.000
3650600.000
3653400.000
3732400.000
3908000.000
4011000.000
4266600.000
4438200.000
4660200.000
4697200.000
4676000.000
4518600.000
4128600.000
3537800.000
3091000.000
2426600.000
1924000.000
1543400.000
1123000.000
912000.000
726000.000
600600.000
472200.000
419000.000
377600.000
339600.000
317800.000
272600.000
265600.000
242400.000
233800.000
237200.000
207600.000
210400.000
203200.000
203800.000
204200.000
204400.000
191000.000
191000.000
191800.000
188400.000
189600.000
183200.000
192400.000
188600.000
191800.000
183800.000
184400.000
204600.000
172800.000
174800.000
182200.000
188000.000
181600.000
176800.000
174600.000
167000.000
182600.000
182800.000
179800.000
184600.000
172400.000
183800.000
179200.000
178600.000
173000.000
177600.000
175800.000
187000.000
167600.000
181800.000
181200.000
184000.000
178400.000
174400.000
177000.000
173000.000
178000.000
172600.000
170800.000
174000.000
179400.000
164400.000
174800.000
170200.000
173800.000
157800.000
165600.000
175800.000
172200.000
181800.000
174400.000
173000.000
167800.000
182000.000
161800.000
177000.000
172200.000
170600.000
168400.000
169400.000
180200.000
157000.000
240400.000
224400.000
218400.000
218200.000
212200.000
200800.000
202400.000
198600.000
184400.000
194000.000
195000.000
190800.000
189400.000
180400.000
188800.000
191200.000
190600.000
187200.000
186200.000
197600.000
186400.000
186200.000
198600.000
185000.000
193200.000
181000.000
186800.000
194600.000
193600.000
176000.000
186000.000
195000.000
191400.000
190800.000
189200.000
186600.000
180600.000
182200.000
185800.000
192400.000
183600.000
192600.000
183800.000
190600.000
184400.000
189800.000
184800.000
187600.000
182200.000
180800.000
185600.000
189600.000
191600.000
183000.000
191600.000
189400.000
188400.000
190600.000
188800.000
185800.000
190200.000
185600.000
195200.000
195600.000
193000.000
209800.000
203600.000
207000.000
199800.000
217800.000
217400.000
229000.000
225600.000
237600.000
249800.000
254200.000
273000.000
290600.000
310000.000
336400.000
358600.000
460000.000
539200.000
613600.000
631400.000
747000.000
854200.000
1004200.000
1210000.000
1512800.000
1754400.000
1935000.000
2234800.000
2461800.000
2653200.000
2749400.000
2848600.000
2891600.000
2978000.000
2971800.000
2898600.000
2928400.000
3127200.000
3406000.000
3700400.000
4042000.000
4324800.000
4244000.000
4063600.000
3744200.000
3192000.000
2715200.000
2221600.000
1795800.000
1355200.000
1008800.000
848000.000
665600.000
574400.000
487200.000
411800.000
358200.000
327600.000
293800.000
284400.000
254600.000
243800.000
233600.000
238600.000
221200.000
204800.000
204600.000
199800.000
204000.000
199000.000
201600.000
200800.000
193200.000
182000.000
182400.000
190800.000
190000.000
190600.000
184200.000
183600.000
179000.000
177200.000
190200.000
177000.000
181200.000
180600.000
190400.000
188400.000
168200.000
178200.000
190400.000
184000.000
186600.000
188200.000
180800.000
188400.000
170600.000
179200.000
183600.000
181000.000
172400.000
187600.000
183800.000
177000.000
185200.000
174400.000
168600.000
180400.000
173000.000
175800.000
179600.000
175000.000
164000.000
178200.000
167800.000
159600.000
178600.000
178200.000
169600.000
167200.000
174400.000
174600.000
171600.000
174200.000
173200.000
166200.000
174800.000
174400.000
164400.000
161200.000
167400.000
164000.000
176000.000
163400.000
167200.000
166200.000
230400.000
231200.000
213200.000
207600.000
204000.000
205200.000
205600.000
195200.000
211400.000
204400.000
190000.000
188400.000
186600.000
197600.000
193600.000
190200.000
186000.000
189800.000
189800.000
186200.000
191400.000
184600.000
182400.000
189200.000
198000.000
183600.000
183400.000
191600.000
191000.000
185600.000
180600.000
183800.000
185000.000
188000.000
186400.000
182200.000
181200.000
187800.000
194200.000
181400.000
179400.000
192600.000
183800.000
197400.000
170600.000
200000.000
190400.000
176400.000
183600.000
179200.000
189400.000
183000.000
191400.000
186800.000
193400.000
190800.000
185000.000
187200.000
194400.000
186800.000
194000.000
199600.000
198200.000
189000.000
210000.000
190400.000
212200.000
201400.000
206000.000
216400.000
216400.000
228400.000
244600.000
236200.000
251000.000
264400.000
267600.000
290000.000
285200.000
341200.000
409000.000
488000.000
566200.000
639800.000
696600.000
763400.000
829000.000
1001200.000
1176600.000
1350200.000
1519200.000
1656200.000
1866400.000
2019200.000
2141800.000
2260400.000
2360600.000
2426000.000
2443400.000
2359200.000
2265400.000
2262800.000
2444200.000
2804600.000
3224600.000
3642400.000
3906800.000
3782800.000
3630000.000
3326600.000
2820000.000
2264200.000
1826600.000
1491400.000
1155200.000
858800.000
696600.000
614400.000
505400.000
424400.000
373200.000
336800.000
312600.000
290400.000
268800.000
240200.000
247400.000
224800.000
213800.000
223200.000
201800.000
197200.000
205400.000
201800.000
193600.000
203200.000
188000.000
193400.000
183800.000
189600.000
196600.000
185400.000
188800.000
187200.000
193000.000
177000.000
195400.000
199400.000
177600.000
175200.000
175800.000
179600.000
183200.000
170000.000
177600.000
182800.000
187800.000
185200.000
188000.000
172000.000
181200.000
194200.000
177200.000
171600.000
183600.000
178200.000
181400.000
175400.000
183000.000
182000.000
181800.000
174200.000
184800.000
176000.000
173400.000
181800.000
167600.000
176600.000
174800.000
180400.000
176400.000
171400.000
161200.000
172800.000
170000.000
177000.000
179000.000
175200.000
176800.000
169800.000
178000.000
173200.000
163200.000
170200.000
166400.000
171600.000
172400.000
167400.000
174400.000
155600.000
166000.000
230200.000
231400.000
206200.000
216000.000
209600.000
203400.000
209200.000
199600.000
193600.000
198000.000
192800.000
180600.000
194000.000
178800.000
201200.000
194600.000
181600.000
203800.000
190600.000
187600.000
185000.000
186800.000
195000.000
184200.000
195800.000
177800.000
179000.000
191000.000
182400.000
189600.000
187400.000
196600.000
188200.000
188000.000
186800.000
182600.000
193600.000
185400.000
192800.000
182600.000
178400.000
180200.000
180000.000
184000.000
177000.000
187600.000
185000.000
185000.000
181200.000
186600.000
186000.000
175600.000
182600.000
191200.000
187200.000
194200.000
188000.000
193000.000
195400.000
190200.000
189600.000
198800.000
182400.000
193000.000
192800.000
188200.000
199200.000
198000.000
199800.000
209600.000
212800.000
216800.000
229200.000
230400.000
256800.000
255200.000
255600.000
272000.000
289000.000
329200.000
360800.000
469400.000
588600.000
640600.000
690800.000
748000.000
792000.000
878600.000
974600.000
1128600.000
1219600.000
1349600.000
1406200.000
1492600.000
1709200.000
1830000.000
1888000.000
1980200.000
2038600.000
1930200.000
1824200.000
1699000.000
1755200.000
2050600.000
2496600.000
2986600.000
3283200.000
3281000.000
3222600.000
2952200.000
2446400.000
2012000.000
1660400.000
1328400.000
1066200.000
804800.000
697600.000
556600.000
508200.000
421600.000
378400.000
323600.000
304800.000
283600.000
277400.000
261600.000
238800.000
230800.000
216600.000
215400.000
209000.000
201800.000
201800.000
193000.000
192200.000
194600.000
195200.000
196600.000
204000.000
185600.000
186800.000
198200.000
202600.000
189400.000
188600.000
174400.000
180600.000
183000.000
180200.000
180000.000
186200.000
175600.000
175400.000
173600.000
198000.000
186200.000
179000.000
174000.000
176000.000
182800.000
180200.000
186600.000
180000.000
180200.000
174600.000
176000.000
186600.000
183800.000
183000.000
172000.000
174800.000
170400.000
174000.000
169800.000
172200.000
182600.000
177200.000
178400.000
171200.000
178600.000
170400.000
168600.000
166600.000
172600.000
168600.000
169400.000
173200.000
164000.000
169800.000
179000.000
169600.000
176400.000
153000.000
167200.000
171800.000
179000.000
165000.000
156800.000
167000.000
172000.000
172000.000
247400.000
237000.000
228000.000
215600.000
202400.000
214600.000
194400.000
201800.000
198600.000
192600.000
199000.000
193800.000
188600.000
198600.000
189400.000
192800.000
193600.000
188200.000
204000.000
183200.000
181800.000
182400.000
185600.000
186600.000
190400.000
183400.000
182200.000
182000.000
188400.000
184800.000
196800.000
175400.000
180800.000
179400.000
192600.000
188200.000
180400.000
178800.000
189000.000
184200.000
191800.000
185800.000
189600.000
191400.000
190400.000
192000.000
182800.000
193000.000
179000.000
180200.000
187000.000
184600.000
200400.000
177800.000
184800.000
199000.000
195400.000
193800.000
189400.000
191600.000
194000.000
184800.000
195000.000
193400.000
193400.000
188800.000
197000.000
204800.000
204800.000
214000.000
224800.000
217600.000
227400.000
231000.000
238800.000
248600.000
252200.000
272600.000
277800.000
292800.000
365600.000
464400.000
568600.000
608200.000
663800.000
682600.000
692600.000
748800.000
792800.000
882800.000
918800.000
977200.000
988400.000
1067400.000
1218000.000
1329000.000
1460400.000
1581200.000
1583600.000
1511000.000
1337200.000
1227800.000
1269200.000
1592000.000
2078800.000
2563600.000
2898200.000
2911200.000
2809200.000
2571000.000
2078600.000
1731200.000
1413000.000
1138200.000
947400.000
739600.000
622600.000
552600.000
473400.000
395000.000
340800.000
319200.000
311800.000
270400.000
258400.000
240200.000
239000.000
220200.000
226400.000
212200.000
202800.000
210800.000
208000.000
201800.000
201800.000
191600.000
191400.000
197000.000
197600.000
178600.000
188800.000
191400.000
191000.000
194800.000
188600.000
183400.000
195000.000
199000.000
187600.000
183600.000
178600.000
185200.000
190000.000
182000.000
175600.000
192400.000
186200.000
182400.000
172600.000
191200.000
187600.000
183200.000
176000.000
182600.000
183200.000
170800.000
177200.000
178600.000
176400.000
177600.000
177000.000
181400.000
179600.000
181000.000
172600.000
172200.000
174800.000
180000.000
178800.000
173000.000
158000.000
170600.000
176800.000
167400.000
169400.000
175400.000
171400.000
168000.000
180800.000
180800.000
166800.000
164000.000
166400.000
170800.000
182000.000
167400.000
163800.000
169200.000
167400.000
165600.000
169000.000
241200.000
240600.000
232000.000
228800.000
213000.000
208600.000
197400.000
199400.000
196200.000
183400.000
187800.000
202800.000
189800.000
192200.000
186800.000
179600.000
194800.000
195400.000
185800.000
188600.000
178400.000
183400.000
189000.000
188400.000
186000.000
180800.000
183000.000
183800.000
182200.000
179600.000
181800.000
184200.000
189800.000
180600.000
182400.000
190600.000
185000.000
184400.000
194000.000
193200.000
181000.000
185600.000
182200.000
180000.000
178800.000
188600.000
189600.000
179200.000
195200.000
180600.000
189400.000
189200.000
195200.000
182400.000
186000.000
188600.000
184600.000
192800.000
194400.000
197200.000
193600.000
196200.000
190800.000
200400.000
193400.000
189400.000
183400.000
204600.000
212000.000
211000.000
208600.000
222000.000
217200.000
222800.000
236600.000
235400.000
241200.000
251600.000
272000.000
282800.000
322800.000
419400.000
507000.000
589000.000
606600.000
626000.000
623000.000
662800.000
685400.000
728400.000
741400.000
764400.000
805000.000
855800.000
996800.000
1164600.000
1281800.000
1403600.000
1366800.000
1259000.000
1121800.000
993400.000
955400.000
1186000.000
1536000.000
2004200.000
2400000.000
2539400.000
2429000.000
2168000.000
1802400.000
1532000.000
1237200.000
1037800.000
872600.000
694200.000
558400.000
512400.000
449400.000
362000.000
348400.000
322400.000
296800.000
262800.000
240800.000
244000.000
231000.000
223000.000
212800.000
202800.000
213800.000
202400.000
193600.000
201600.000
198400.000
197800.000
189600.000
189800.000
192200.000
188600.000
182200.000
192600.000
177400.000
191600.000
180800.000
194600.000
177000.000
186600.000
183600.000
183400.000
181000.000
178000.000
174600.000
167600.000
181800.000
175400.000
191400.000
179400.000
179600.000
177400.000
184800.000
185800.000
170600.000
179600.000
176000.000
184000.000
179000.000
164600.000
186800.000
188200.000
181400.000
179600.000
180800.000
188400.000
170600.000
177800.000
181000.000
184200.000
172400.000
173200.000
167000.000
171200.000
177000.000
173000.000
175200.000
158600.000
179200.000
172600.000
177800.000
183200.000
174800.000
176600.000
177600.000
161000.000
163000.000
173400.000
165200.000
161400.000
168400.000
159000.000
182200.000
251000.000
227600.000
224800.000
218400.000
209600.000
194800.000
210000.000
192000.000
187800.000
192200.000
203400.000
196600.000
189600.000
189800.000
184600.000
189000.000
189600.000
182200.000
191000.000
196800.000
184600.000
187200.000
187800.000
190800.000
195800.000
167800.000
178400.000
183800.000
198000.000
189200.000
180800.000
184000.000
184400.000
188000.000
182600.000
181200.000
183800.000
173000.000
185800.000
191600.000
184600.000
187000.000
192000.000
184200.000
170000.000
183400.000
195800.000
180800.000
184600.000
181000.000
183800.000
187600.000
192000.000
182200.000
188600.000
190800.000
184800.000
185400.000
189400.000
191200.000
190800.000
205000.000
195600.000
194200.000
194600.000
191400.000
197200.000
203800.000
206000.000
210000.000
204400.000
208600.000
213800.000
228000.000
247200.000
239600.000
240200.000
255800.000
267000.000
269000.000
315400.000
397600.000
456400.000
494000.000
521600.000
521600.000
524600.000
517600.000
551400.000
536200.000
575000.000
592600.000
617400.000
714000.000
872800.000
989400.000
1120000.000
1119200.000
1023400.000
876400.000
752600.000
667000.000
813000.000
1049200.000
1426600.000
1762800.000
1952600.000
1908600.000
1725600.000
1563800.000
1244200.000
1064000.000
876600.000
758200.000
652200.000
536600.000
456600.000
415000.000
380000.000
314800.000
301000.000
272800.000
261800.000
240400.000
237000.000
229000.000
226400.000
206000.000
200600.000
214000.000
205800.000
201200.000
190400.000
193600.000
198600.000
192200.000
199200.000
193000.000
185600.000
185200.000
190200.000
176800.000
190400.000
185600.000
185200.000
184600.000
199200.000
176200.000
182400.000
172800.000
176600.000
183600.000
176800.000
183800.000
187000.000
187800.000
177800.000
182000.000
176800.000
183000.000
179400.000
190000.000
175200.000
181200.000
177800.000
169200.000
178200.000
174200.000
175800.000
177800.000
185400.000
184400.000
172200.000
171800.000
169600.000
179200.000
161200.000
177200.000
176000.000
176800.000
174000.000
181200.000
166600.000
159600.000
169400.000
173400.000
173200.000
170000.000
172400.000
164400.000
170400.000
178800.000
174400.000
170000.000
168200.000
169000.000
165600.000
165400.000
165400.000
163200.000
160000.000
248200.000
250800.000
223800.000
223200.000
219000.000
205200.000
205000.000
198400.000
194000.000
204800.000
184800.000
192400.000
198000.000
192800.000
198600.000
187800.000
174000.000
180600.000
192000.000
189400.000
178200.000
180200.000
186800.000
186800.000
193400.000
183600.000
181200.000
192000.000
183800.000
192400.000
195200.000
194400.000
190000.000
189000.000
186400.000
185200.000
197600.000
191600.000
189600.000
188000.000
179800.000
177000.000
177800.000
186800.000
168400.000
198600.000
190400.000
191000.000
187400.000
184000.000
171800.000
198800.000
192000.000
191600.000
183600.000
190000.000
180400.000
189600.000
194200.000
182000.000
192800.000
179600.000
194600.000
181400.000
192200.000
184600.000
206000.000
198200.000
196600.000
189000.000
203600.000
196000.000
220800.000
237800.000
233800.000
230800.000
238600.000
235200.000
256400.000
260800.000
275600.000
308000.000
348400.000
376600.000
420400.000
416600.000
418400.000
409800.000
422600.000
450400.000
459200.000
471600.000
495600.000
531000.000
653800.000
769400.000
881800.000
924800.000
895000.000
787200.000
609800.000
517800.000
625800.000
825600.000
1128200.000
1393200.000
1570400.000
1573200.000
1447200.000
1323200.000
1094800.000
920600.000
776800.000
703200.000
601800.000
499800.000
443000.000
393000.000
366200.000
329600.000
308600.000
280200.000
267000.000
249400.000
236400.000
217800.000
232600.000
204000.000
206200.000
198200.000
204000.000
203800.000
190400.000
200400.000
192600.000
181600.000
198000.000
193200.000
189600.000
185800.000
204600.000
180400.000
189400.000
196800.000
194200.000
183600.000
190600.000
179800.000
179800.000
181600.000
188000.000
182600.000
181400.000
185800.000
185800.000
189400.000
181200.000
180000.000
180400.000
183600.000
190600.000
183400.000
178600.000
185400.000
174000.000
171200.000
174600.000
173400.000
180200.000
179400.000
171200.000
181800.000
179800.000
169400.000
180200.000
177000.000
167800.000
176600.000
167600.000
181400.000
178200.000
171200.000
170400.000
166000.000
178400.000
178600.000
176800.000
170600.000
165000.000
173000.000
168000.000
173600.000
175800.000
169000.000
164200.000
172400.000
164800.000
171400.000
169800.000
170000.000
170200.000
236200.000
234800.000
231200.000
223200.000
214600.000
214600.000
209600.000
184800.000
193800.000
204400.000
188400.000
179600.000
185200.000
185400.000
175800.000
186600.000
184800.000
188200.000
189400.000
185600.000
193000.000
184600.000
189200.000
186600.000
187200.000
173200.000
185000.000
184200.000
186400.000
190000.000
183600.000
188200.000
188200.000
191600.000
181200.000
182600.000
182800.000
183600.000
182800.000
193600.000
181200.000
175200.000
186200.000
179600.000
190600.000
189400.000
178800.000
194000.000
192000.000
188200.000
175400.000
185800.000
184800.000
195200.000
186000.000
196000.000
176400.000
186000.000
186800.000
195400.000
190400.000
204800.000
201400.000
185000.000
191000.000
196200.000
200000.000
214400.000
193000.000
194200.000
205800.000
201000.000
206400.000
220600.000
222200.000
229200.000
235400.000
236800.000
231800.000
263200.000
261400.000
290800.000
299600.000
331200.000
352400.000
357000.000
365200.000
370200.000
381800.000
400600.000
430200.000
441000.000
468000.000
544400.000
675600.000
760600.000
839400.000
874000.000
795400.000
696200.000
558800.000
538800.000
669600.000
847800.000
1101200.000
1249200.000
1352600.000
1284200.000
1196800.000
1051000.000
858200.000
735600.000
651200.000
579000.000
492000.000
435200.000
383800.000
349600.000
322400.000
299200.000
278000.000
253400.000
238800.000
237800.000
225800.000
222200.000
219800.000
208800.000
203800.000
200400.000
198400.000
194800.000
191800.000
195400.000
196000.000
185800.000
208400.000
185600.000
183400.000
191600.000
183400.000
182000.000
181400.000
189000.000
189600.000
188800.000
181000.000
185400.000
181400.000
188800.000
188000.000
188400.000
183400.000
174600.000
190400.000
185000.000
182000.000
182600.000
180600.000
185400.000
183400.000
168600.000
180400.000
179000.000
185000.000
172400.000
181000.000
184200.000
180400.000
179800.000
178400.000
183400.000
174000.000
179600.000
180200.000
185000.000
171200.000
169600.000
178600.000
159600.000
176600.000
175000.000
151600.000
176200.000
166800.000
167200.000
173600.000
171400.000
174600.000
169800.000
176400.000
161800.000
176800.000
163200.000
171600.000
165800.000
168400.000
159400.000
173200.000
169800.000
165800.000
249600.000
232400.000
230200.000
225000.000
216000.000
207000.000
199400.000
206600.000
185600.000
203800.000
190200.000
183600.000
192400.000
184400.000
186400.000
189800.000
187000.000
188600.000
190600.000
186400.000
199600.000
189200.000
178400.000
186200.000
185800.000
189600.000
180600.000
194800.000
186200.000
180600.000
190600.000
179600.000
175800.000
183400.000
186600.000
178800.000
182000.000
190000.000
190400.000
190000.000
188800.000
183000.000
188400.000
193800.000
191000.000
173800.000
181000.000
182000.000
175800.000
179200.000
182200.000
177200.000
185000.000
195800.000
192800.000
192400.000
189600.000
180000.000
188400.000
186600.000
187400.000
182000.000
194800.000
191400.000
193200.000
189800.000
194600.000
197200.000
201400.000
208800.000
198600.000
215000.000
217200.000
221600.000
226400.000
213600.000
220600.000
241000.000
234600.000
247800.000
244600.000
264400.000
267800.000
279000.000
299200.000
315800.000
320600.000
334200.000
362400.000
376200.000
382600.000
384000.000
425600.000
486200.000
597400.000
660200.000
750000.000
769000.000
718000.000
617800.000
565000.000
473400.000
584000.000
684200.000
872000.000
1009000.000
1072600.000
1049200.000
980400.000
893800.000
770800.000
684800.000
583000.000
518000.000
474400.000
428800.000
356600.000
341200.000
323600.000
286200.000
256400.000
247200.000
244000.000
233600.000
228600.000
213000.000
216600.000
204000.000
206600.000
210200.000
201800.000
201000.000
210000.000
204800.000
193600.000
179000.000
185600.000
187200.000
187200.000
187400.000
193400.000
178200.000
182800.000
171200.000
188200.000
178000.000
194600.000
179400.000
169400.000
187000.000
181000.000
177800.000
184200.000
182200.000
180400.000
177000.000
176600.000
181400.000
177800.000
183000.000
184800.000
183600.000
174000.000
184200.000
173800.000
178200.000
180000.000
181200.000
183400.000
176000.000
191000.000
180200.000
186000.000
188400.000
185800.000
174200.000
187600.000
170800.000
169200.000
183000.000
177800.000
172200.000
179200.000
184200.000
177200.000
165200.000
180000.000
175800.000
175800.000
174600.000
184400.000
166600.000
177400.000
161000.000
169600.000
159400.000
161600.000
167400.000
171000.000
166200.000
169600.000
271800.000
233200.000
241400.000
223400.000
213600.000
206600.000
200000.000
199600.000
198400.000
184800.000
199400.000
189200.000
181000.000
191200.000
179800.000
194200.000
186800.000
190200.000
184000.000
190400.000
174000.000
186000.000
179200.000
187200.000
194400.000
197000.000
181600.000
186200.000
185200.000
188000.000
178600.000
188600.000
180200.000
194200.000
194000.000
198000.000
189000.000
186400.000
183200.000
186800.000
184200.000
181000.000
189200.000
188600.000
176400.000
179000.000
179000.000
177800.000
184600.000
184800.000
195400.000
197200.000
195600.000
197800.000
186800.000
190800.000
185600.000
182400.000
199200.000
185000.000
187200.000
193400.000
195000.000
195600.000
196200.000
202200.000
195000.000
195200.000
189800.000
195200.000
195400.000
202200.000
218200.000
214000.000
221000.000
232400.000
220400.000
225600.000
237200.000
243400.000
234000.000
258600.000
246800.000
261000.000
275200.000
283400.000
295000.000
299400.000
324200.000
344800.000
348200.000
371600.000
408800.000
465600.000
541800.000
626200.000
669200.000
653400.000
562200.000
516800.000
476400.000
456600.000
553600.000
670000.000
780200.000
850400.000
869200.000
838600.000
787600.000
696600.000
615800.000
542000.000
493800.000
438600.000
414800.000
354400.000
333600.000
293800.000
301600.000
279800.000
242200.000
230600.000
234600.000
234200.000
212800.000
213400.000
215200.000
201000.000
197000.000
195800.000
195200.000
192200.000
192400.000
184600.000
188000.000
198600.000
193400.000
191800.000
185400.000
193800.000
176200.000
194200.000
185200.000
185400.000
188000.000
170200.000
186400.000
176600.000
172800.000
178600.000
183800.000
181200.000
174600.000
184600.000
183600.000
180000.000
176400.000
183800.000
183200.000
184800.000
176000.000
170200.000
181400.000
172200.000
173800.000
168200.000
192200.000
178400.000
177400.000
173000.000
182800.000
173200.000
184200.000
171600.000
167000.000
174400.000
183800.000
172200.000
179400.000
170600.000
176600.000
174200.000
170000.000
171000.000
175400.000
172800.000
166600.000
165400.000
164200.000
163800.000
168400.000
183400.000
171600.000
172200.000
166000.000
169800.000
172800.000
165400.000
170000.000
164200.000
177600.000
265800.000
247800.000
241400.000
221400.000
209800.000
219400.000
217200.000
201400.000
194400.000
181800.000
182400.000
185000.000
179600.000
189400.000
198200.000
186200.000
193400.000
185800.000
182200.000
204400.000
186600.000
182000.000
180000.000
176000.000
189000.000
184800.000
182600.000
174600.000
193400.000
189200.000
198600.000
185600.000
178800.000
185800.000
194200.000
190200.000
189600.000
191400.000
184400.000
190400.000
186000.000
202800.000
186400.000
181200.000
191400.000
180600.000
189200.000
184200.000
193200.000
186400.000
184000.000
180000.000
184000.000
191600.000
191200.000
178400.000
182200.000
188000.000
186400.000
203200.000
179200.000
192800.000
191400.000
189200.000
195800.000
191400.000
182600.000
200400.000
196600.000
195400.000
201800.000
210200.000
211800.000
208600.000
207800.000
196800.000
218000.000
227400.000
213000.000
238800.000
241200.000
250000.000
234200.000
240200.000
261800.000
267200.000
259800.000
266400.000
284000.000
298800.000
315000.000
332800.000
387600.000
428600.000
492600.000
533200.000
564200.000
575200.000
534800.000
477400.000
448000.000
430600.000
505200.000
590800.000
673800.000
733600.000
755600.000
709800.000
705800.000
623600.000
528000.000
505000.000
444000.000
400600.000
366600.000
338200.000
323000.000
299800.000
282000.000
260800.000
251200.000
231600.000
239400.000
210000.000
222200.000
202200.000
212000.000
200000.000
214200.000
197400.000
206600.000
188800.000
195800.000
194400.000
199800.000
188200.000
193400.000
184600.000
190000.000
188200.000
188200.000
185400.000
193000.000
180600.000
189600.000
185200.000
175400.000
184200.000
176800.000
186600.000
181200.000
178000.000
181800.000
190400.000
182800.000
180400.000
183000.000
180400.000
183200.000
192600.000
177800.000
179200.000
177600.000
183800.000
183000.000
181200.000
175600.000
182000.000
171600.000
180200.000
168000.000
190000.000
189200.000
169200.000
189000.000
173400.000
172000.000
179000.000
181800.000
183600.000
183800.000
172000.000
176800.000
162600.000
177200.000
182800.000
161800.000
175200.000
169600.000
173000.000
170400.000
170600.000
174200.000
175600.000
175800.000
163800.000
172000.000
167200.000
169200.000
174400.000
164800.000
286600.000
252400.000
241600.000
222600.000
214600.000
203600.000
206000.000
204800.000
186600.000
193600.000
201400.000
189400.000
189800.000
188000.000
178000.000
190800.000
199200.000
190000.000
184800.000
177600.000
190600.000
186200.000
184400.000
183800.000
184800.000
192000.000
177800.000
192200.000
193200.000
183000.000
190400.000
190400.000
188800.000
174800.000
188600.000
191600.000
200400.000
200400.000
193800.000
191600.000
192800.000
192800.000
190000.000
179600.000
188800.000
185400.000
190600.000
187800.000
177200.000
188600.000
179200.000
184000.000
190200.000
187800.000
185600.000
185000.000
188800.000
187200.000
191800.000
192400.000
200600.000
195800.000
186400.000
195400.000
193600.000
193000.000
199200.000
195800.000
188400.000
193000.000
211200.000
204400.000
197200.000
208400.000
210600.000
205800.000
209200.000
214800.000
222200.000
219800.000
232600.000
237000.000
243200.000
247400.000
256400.000
258000.000
271800.000
271800.000
286400.000
280400.000
300600.000
349000.000
373200.000
417600.000
478200.000
502800.000
490400.000
468600.000
429800.000
402800.000
378800.000
425400.000
496600.000
567000.000
624400.000
636800.000
643200.000
611600.000
558600.000
495000.000
475200.000
410200.000
372400.000
355800.000
326200.000
299600.000
278400.000
274600.000
258600.000
256000.000
236600.000
227400.000
216600.000
221000.000
212000.000
205000.000
211000.000
187800.000
195400.000
196600.000
202400.000
201800.000
196800.000
195400.000
192000.000
189600.000
187000.000
184400.000
190400.000
196600.000
194400.000
187400.000
190800.000
184400.000
178600.000
179600.000
176800.000
176400.000
180800.000
186200.000
175000.000
188800.000
185800.000
173600.000
177600.000
175600.000
176200.000
176800.000
183800.000
185200.000
178400.000
171600.000
178800.000
182000.000
171400.000
176200.000
182400.000
180200.000
184800.000
179400.000
187200.000
181000.000
176000.000
179800.000
177000.000
174800.000
184200.000
165200.000
169200.000
174800.000
179000.000
165400.000
167200.000
167200.000
174600.000
179600.000
176000.000
171000.000
168800.000
166400.000
156800.000
174000.000
170400.000
168600.000
164400.000
172400.000
175800.000
166200.000
169600.000
163000.000
172400.000
272800.000
254200.000
232600.000
228800.000
227200.000
208000.000
214000.000
203200.000
204800.000
194600.000
195800.000
180200.000
181800.000
183600.000
190800.000
185600.000
191000.000
178200.000
187800.000
203400.000
186000.000
183600.000
182000.000
182400.000
185800.000
182200.000
184800.000
183200.000
191000.000
193000.000
179200.000
184800.000
173400.000
194600.000
187800.000
186600.000
185600.000
192000.000
184000.000
196400.000
181000.000
198400.000
183600.000
174600.000
182600.000
187200.000
187400.000
180200.000
191800.000
182400.000
186000.000
187200.000
190800.000
180800.000
179000.000
187600.000
192400.000
178200.000
185600.000
192400.000
179000.000
192800.000
191800.000
194600.000
181400.000
206800.000
204000.000
189400.000
192000.000
191400.000
191000.000
194400.000
198600.000
200000.000
198600.000
218600.000
200800.000
210600.000
201400.000
219800.000
227000.000
224400.000
229600.000
237800.000
238600.000
235400.000
246000.000
242000.000
251600.000
255000.000
266000.000
302600.000
330600.000
360000.000
399200.000
407600.000
393800.000
367400.000
368200.000
358200.000
347600.000
353800.000
412800.000
475400.000
528800.000
543800.000
553000.000
527800.000
489200.000
454200.000
421200.000
372800.000
350000.000
342200.000
318000.000
295200.000
275400.000
265200.000
259600.000
239800.000
248800.000
225600.000
228600.000
215600.000
204200.000
215800.000
203400.000
206200.000
194000.000
207800.000
197600.000
208400.000
186000.000
193400.000
195800.000
188800.000
194800.000
178800.000
182600.000
186400.000
196600.000
180800.000
183000.000
170800.000
192200.000
191000.000
191800.000
181000.000
179600.000
175800.000
177800.000
187400.000
180400.000
184800.000
184200.000
184200.000
179800.000
186600.000
185400.000
191400.000
183800.000
188600.000
180000.000
177800.000
179400.000
176800.000
175600.000
182400.000
185800.000
180800.000
177600.000
176800.000
181000.000
167600.000
176800.000
172200.000
184200.000
181600.000
176000.000
172600.000
170000.000
182800.000
182200.000
167000.000
172400.000
176200.000
168600.000
176200.000
178400.000
178000.000
171800.000
167800.000
181600.000
174400.000
178000.000
162000.000
168200.000
174800.000
170200.000
160200.000
178800.000
262600.000
235800.000
230600.000
220400.000
222200.000
204400.000
197000.000
193800.000
202800.000
194000.000
188000.000
189000.000
182600.000
180800.000
180400.000
188000.000
179200.000
185400.000
203800.000
184400.000
191600.000
185200.000
190200.000
194000.000
186000.000
177800.000
188600.000
192600.000
181200.000
187400.000
179800.000
185600.000
195800.000
196800.000
180800.000
187400.000
192000.000
182000.000
183400.000
182200.000
200800.000
188600.000
186200.000
183400.000
191000.000
177000.000
200000.000
178600.000
192000.000
196000.000
186200.000
191000.000
193600.000
190000.000
187600.000
187800.000
183800.000
184600.000
200600.000
186000.000
180800.000
183800.000
186000.000
193600.000
188200.000
194600.000
185600.000
195600.000
194400.000
204600.000
187400.000
197200.000
201000.000
197400.000
198400.000
206400.000
210200.000
206000.000
218800.000
221400.000
222000.000
227800.000
225600.000
232600.000
228600.000
237800.000
233000.000
224800.000
234800.000
262200.000
264000.000
280200.000
309000.000
345800.000
365800.000
354400.000
334800.000
320600.000
301400.000
305800.000
311600.000
358800.000
383200.000
456600.000
477200.000
476200.000
453800.000
425400.000
416600.000
397200.000
357400.000
327000.000
311200.000
300400.000
283000.000
279400.000
255600.000
245200.000
241000.000
226800.000
223600.000
214000.000
227000.000
203600.000
215600.000
204000.000
196400.000
202800.000
201000.000
200600.000
194400.000
185200.000
189400.000
198200.000
193000.000
186200.000
198400.000
186200.000
188200.000
190600.000
196800.000
187400.000
174600.000
188000.000
179800.000
189000.000
167800.000
187800.000
182800.000
191200.000
186200.000
183400.000
177400.000
177200.000
189800.000
186600.000
178000.000
185400.000
184600.000
180000.000
183800.000
186800.000
180000.000
171400.000
174800.000
185600.000
182200.000
177000.000
177000.000
178400.000
174200.000
174600.000
183000.000
179200.000
162000.000
163600.000
168200.000
180600.000
182400.000
174400.000
175400.000
174800.000
170800.000
167800.000
170800.000
172800.000
167800.000
172200.000
164200.000
165800.000
171800.000
174400.000
170800.000
164400.000
171400.000
163400.000
169200.000
163200.000
172800.000
157400.000
162800.000
262800.000
249400.000
227200.000
215000.000
213800.000
211200.000
214600.000
204600.000
196200.000
193200.000
186000.000
185200.000
181800.000
190400.000
179000.000
174600.000
175000.000
171200.000
186400.000
184800.000
187400.000
199200.000
181000.000
185200.000
185600.000
194800.000
196600.000
190400.000
183000.000
183800.000
185000.000
179400.000
188600.000
194200.000
183000.000
179200.000
197200.000
173600.000
184600.000
187000.000
195200.000
187800.000
188000.000
172800.000
185800.000
185000.000
187600.000
182400.000
188400.000
178200.000
179400.000
172200.000
186600.000
183200.000
179600.000
179400.000
198400.000
186600.000
188800.000
186600.000
182000.000
189600.000
197600.000
190000.000
185600.000
191800.000
188400.000
190600.000
198200.000
188800.000
178600.000
201600.000
191600.000
203000.000
191000.000
208800.000
213000.000
207400.000
210200.000
211600.000
218200.000
221600.000
222000.000
227800.000
224600.000
231600.000
233800.000
242800.000
234600.000
244200.000
261400.000
286600.000
297600.000
330400.000
347800.000
344000.000
341600.000
332000.000
305600.000
322600.000
329400.000
354600.000
407400.000
437000.000
421400.000
434400.000
424400.000
415600.000
373000.000
362000.000
339600.000
301000.000
308800.000
286400.000
278600.000
265800.000
262400.000
235600.000
241000.000
224200.000
221600.000
220800.000
215800.000
195800.000
206800.000
202400.000
208800.000
202400.000
183600.000
188800.000
199000.000
184400.000
197600.000
199600.000
194200.000
203000.000
191200.000
190600.000
189800.000
190200.000
182200.000
198000.000
182000.000
187000.000
181600.000
187600.000
177000.000
180200.000
184800.000
175200.000
191000.000
185600.000
192400.000
178000.000
182200.000
175200.000
181400.000
180400.000
180000.000
182600.000
183600.000
190200.000
176000.000
180600.000
186200.000
189000.000
174600.000
180400.000
176400.000
173200.000
187200.000
182200.000
168800.000
173200.000
172000.000
177200.000
178400.000
174600.000
176800.000
188400.000
176600.000
183200.000
183600.000
172200.000
183000.000
171200.000
171000.000
173800.000
174800.000
189000.000
166800.000
185800.000
176400.000
161800.000
181800.000
163400.000
180800.000
167200.000
179400.000
165000.000
164400.000
266800.000
236400.000
226200.000
215000.000
204600.000
214600.000
199600.000
197600.000
193000.000
181200.000
189600.000
196200.000
182800.000
181800.000
177200.000
184400.000
183000.000
187600.000
185400.000
177200.000
195800.000
176200.000
177600.000
185800.000
185400.000
183800.000
192400.000
192000.000
186000.000
187000.000
189600.000
190200.000
189600.000
183000.000
188200.000
178800.000
184600.000
196600.000
191000.000
187200.000
184600.000
185400.000
188800.000
185000.000
179400.000
176600.000
192600.000
189000.000
179800.000
194800.000
198200.000
190000.000
179200.000
181200.000
193400.000
188800.000
191000.000
186400.000
193000.000
193400.000
186200.000
183400.000
187800.000
182800.000
180400.000
196000.000
195000.000
188400.000
187600.000
187600.000
193600.000
200400.000
198400.000
202200.000
196200.000
200800.000
211400.000
213000.000
211600.000
218000.000
209200.000
215600.000
224600.000
224000.000
222000.000
221200.000
235800.000
220600.000
242000.000
248400.000
271200.000
281600.000
297600.000
306400.000
306600.000
315000.000
313200.000
304400.000
299800.000
308600.000
309800.000
338600.000
369000.000
366600.000
387400.000
373000.000
362000.000
352000.000
343600.000
317000.000
303400.000
298000.000
278400.000
268200.000
245000.000
252400.000
243200.000
241400.000
225400.000
220200.000
219800.000
214000.000
209400.000
204600.000
193600.000
208800.000
188200.000
183800.000
197400.000
183600.000
200400.000
196200.000
185400.000
196000.000
189400.000
177000.000
177800.000
192200.000
188400.000
188600.000
175000.000
180200.000
181600.000
174400.000
182600.000
181800.000
181400.000
192200.000
181000.000
189400.000
191600.000
193800.000
190600.000
177200.000
174400.000
179400.000
181800.000
191400.000
194600.000
189800.000
180800.000
184600.000
173600.000
174800.000
178000.000
183800.000
175800.000
185600.000
181800.000
177600.000
183200.000
179800.000
180000.000
185400.000
177400.000
164600.000
176400.000
175000.000
179800.000
182400.000
168400.000
170400.000
168400.000
175200.000
177000.000
175400.000
164200.000
159200.000
173000.000
170000.000
170000.000
181200.000
171000.000
168800.000
163800.000
167600.000
161600.000
167800.000
157600.000
165600.000
170400.000
262400.000
247000.000
232200.000
226600.000
211800.000
212200.000
209400.000
205000.000
194400.000
201000.000
193400.000
182200.000
188800.000
185400.000
194000.000
196200.000
188600.000
175600.000
193600.000
187800.000
186400.000
198400.000
181200.000
173200.000
187000.000
183000.000
198400.000
192000.000
188800.000
186000.000
175000.000
194400.000
192400.000
187800.000
184800.000
188400.000
190600.000
193200.000
191600.000
192800.000
193600.000
177600.000
196200.000
176400.000
182200.000
175200.000
183800.000
179800.000
185000.000
170200.000
176800.000
185600.000
187800.000
185800.000
185400.000
186400.000
187200.000
176400.000
203400.000
179000.000
180800.000
188600.000
192400.000
191400.000
190200.000
179200.000
184000.000
194000.000
188600.000
184600.000
188200.000
187400.000
193600.000
191600.000
192600.000
197400.000
196000.000
213400.000
213400.000
207400.000
202000.000
211600.000
207400.000
226200.000
218600.000
228200.000
234800.000
230200.000
240200.000
240200.000
253200.000
278600.000
274800.000
283400.000
306400.000
315000.000
291600.000
292600.000
289800.000
301400.000
311600.000
305400.000
337800.000
351600.000
359400.000
348800.000
334000.000
332200.000
319400.000
308400.000
304200.000
275000.000
268400.000
260600.000
249400.000
240200.000
243800.000
229200.000
219600.000
215200.000
221400.000
214600.000
215600.000
213800.000
199200.000
201600.000
200800.000
189600.000
208800.000
200000.000
186200.000
192800.000
193800.000
180800.000
192800.000
191600.000
182400.000
176800.000
185000.000
192400.000
199200.000
189400.000
187000.000
187400.000
180000.000
180200.000
183400.000
178800.000
180600.000
189000.000
185400.000
175000.000
185600.000
175400.000
180600.000
176000.000
190000.000
186200.000
182000.000
184800.000
175200.000
189400.000
182200.000
175000.000
183000.000
181000.000
180400.000
180600.000
188000.000
174200.000
185000.000
179400.000
179000.000
186200.000
166800.000
177600.000
176600.000
174600.000
165400.000
182400.000
170400.000
171600.000
176400.000
177200.000
172000.000
168600.000
169600.000
158200.000
172600.000
168200.000
175800.000
171800.000
178600.000
166400.000
163000.000
167400.000
169200.000
163200.000
167600.000
171800.000
181000.000
261600.000
242400.000
214000.000
204600.000
205600.000
209000.000
194600.000
198000.000
200800.000
194200.000
192400.000
181800.000
177400.000
187000.000
183200.000
181200.000
194600.000
188200.000
196800.000
192600.000
186600.000
184400.000
179800.000
172800.000
180600.000
190800.000
189400.000
192600.000
191200.000
188000.000
187600.000
178200.000
189600.000
190200.000
189400.000
186600.000
187800.000
188400.000
184600.000
195000.000
185800.000
190800.000
178200.000
191600.000
180000.000
178000.000
185600.000
195400.000
182800.000
173600.000
166800.000
184200.000
189600.000
178400.000
178600.000
182400.000
202600.000
194600.000
183200.000
186400.000
184600.000
180400.000
192000.000
186000.000
200000.000
203200.000
197600.000
194400.000
195000.000
190400.000
182000.000
189600.000
187800.000
199400.000
198400.000
194600.000
205200.000
185000.000
217000.000
205600.000
206000.000
218400.000
221200.000
216400.000
233800.000
217400.000
226000.000
222000.000
247000.000
251000.000
244000.000
275200.000
281800.000
277000.000
282400.000
277000.000
279000.000
287600.000
277200.000
295400.000
304800.000
305800.000
309200.000
311800.000
316600.000
309600.000
288800.000
297600.000
282000.000
269000.000
277000.000
252800.000
248800.000
241600.000
242000.000
235200.000
220400.000
221400.000
225600.000
206800.000
206600.000
195800.000
202600.000
197400.000
194600.000
197800.000
198800.000
202400.000
193400.000
186000.000
196200.000
191400.000
186800.000
193200.000
181600.000
188600.000
191200.000
185000.000
190000.000
185000.000
185400.000
171600.000
184200.000
182200.000
185800.000
181800.000
184600.000
177200.000
186400.000
191000.000
183200.000
181600.000
182200.000
186800.000
177800.000
186400.000
180800.000
185600.000
182000.000
187200.000
173800.000
173800.000
179600.000
180000.000
191200.000
176400.000
176600.000
183400.000
170400.000
184000.000
183200.000
183600.000
178000.000
174400.000
184400.000
165600.000
165000.000
172800.000
172400.000
175800.000
161400.000
170600.000
166400.000
171400.000
181600.000
175800.000
163000.000
175600.000
165600.000
166800.000
170800.000
170600.000
168600.000
163600.000
167000.000
163600.000
172600.000
165000.000
165800.000
158800.000
163200.000
239000.000
239000.000
215800.000
203800.000
205400.000
200400.000
200800.000
194400.000
196600.000
203600.000
186400.000
194600.000
174400.000
187200.000
185600.000
176200.000
194400.000
193200.000
189800.000
200600.000
182800.000
175000.000
189600.000
174400.000
186200.000
179200.000
182200.000
193600.000
190200.000
185400.000
187800.000
197000.000
185800.000
182800.000
186200.000
175200.000
180600.000
199200.000
188000.000
184800.000
196800.000
191800.000
189200.000
173600.000
186800.000
181400.000
183800.000
183800.000
193400.000
196800.000
181800.000
186600.000
180600.000
180800.000
173800.000
182000.000
194200.000
187200.000
183400.000
185000.000
187800.000
191200.000
185200.000
184400.000
192000.000
183400.000
187400.000
191000.000
190800.000
191600.000
187000.000
192400.000
185400.000
188600.000
194600.000
202000.000
192800.000
199400.000
195000.000
207600.000
205800.000
208600.000
200200.000
208000.000
219200.000
203600.000
220600.000
225000.000
229800.000
230000.000
248200.000
247600.000
263800.000
270000.000
269800.000
270200.000
279000.000
266800.000
286600.000
285400.000
288200.000
288400.000
287600.000
295400.000
290200.000
284000.000
290800.000
273400.000
267800.000
263200.000
256400.000
247800.000
227800.000
230800.000
231600.000
225000.000
224400.000
210200.000
220800.000
204800.000
210400.000
195000.000
205200.000
206800.000
201400.000
201000.000
189600.000
196800.000
184600.000
200600.000
194600.000
187000.000
177200.000
184000.000
193200.000
191400.000
183000.000
183600.000
192600.000
190600.000
192200.000
185800.000
192000.000
190600.000
179200.000
184200.000
185800.000
172000.000
188400.000
177000.000
188400.000
186000.000
176400.000
197000.000
178400.000
178400.000
183800.000
190200.000
182600.000
188800.000
184600.000
189400.000
178400.000
179400.000
171600.000
184400.000
179400.000
176400.000
169200.000
193200.000
181200.000
182000.000
176600.000
167600.000
173000.000
169800.000
171200.000
171400.000
176400.000
165800.000
179600.000
170000.000
176200.000
175600.000
177000.000
166200.000
175800.000
161000.000
168400.000
172200.000
170000.000
170200.000
179200.000
175600.000
172400.000
175800.000
161600.000
167600.000
163800.000
166400.000
167200.000
239200.000
226800.000
223200.000
208600.000
202000.000
200600.000
192000.000
192400.000
187800.000
186000.000
188000.000
182400.000
192400.000
194000.000
192400.000
195800.000
195000.000
174600.000
177000.000
187600.000
190200.000
175600.000
190600.000
187000.000
183000.000
188800.000
180600.000
188400.000
180200.000
184400.000
186200.000
185600.000
185800.000
194400.000
198200.000
191600.000
185800.000
185200.000
183800.000
180200.000
196800.000
187800.000
184200.000
193000.000
180000.000
186200.000
178800.000
182600.000
186800.000
187000.000
180600.000
177600.000
183200.000
186800.000
192200.000
185400.000
173600.000
183000.000
198600.000
183600.000
179400.000
184000.000
178600.000
183800.000
189400.000
194000.000
202800.000
190000.000
191600.000
189400.000
199200.000
188000.000
197600.000
194200.000
196400.000
193800.000
198200.000
191400.000
193600.000
191000.000
207600.000
202800.000
194400.000
193000.000
210600.000
212400.000
222000.000
223200.000
227000.000
234200.000
255200.000
239200.000
266200.000
264400.000
266000.000
275200.000
267000.000
267200.000
266000.000
258200.000
267600.000
257800.000
274800.000
280200.000
286600.000
270400.000
260600.000
255000.000
265000.000
251600.000
238600.000
240200.000
224200.000
219600.000
231000.000
222600.000
223600.000
220000.000
212400.000
190400.000
212800.000
199800.000
198400.000
210000.000
194000.000
191200.000
187200.000
184800.000
200400.000
192600.000
191600.000
189000.000
186800.000
192200.000
179000.000
188600.000
186000.000
184200.000
180800.000
193400.000
191800.000
186000.000
185000.000
180800.000
179400.000
185800.000
192400.000
177000.000
179800.000
195200.000
187600.000
175800.000
194200.000
195600.000
170200.000
182000.000
185200.000
194000.000
177800.000
184600.000
179000.000
183600.000
180200.000
172000.000
185400.000
180800.000
169800.000
182400.000
180800.000
173200.000
185000.000
187400.000
180600.000
180600.000
180800.000
169200.000
176400.000
172000.000
173800.000
167800.000
179400.000
165800.000
174800.000
186400.000
178400.000
170600.000
173600.000
175800.000
170400.000
164800.000
166600.000
159800.000
171000.000
178600.000
171600.000
153400.000
163800.000
166800.000
176600.000
163400.000
165200.000
235000.000
229200.000
205800.000
214400.000
198400.000
197000.000
181400.000
187200.000
199800.000
202000.000
188600.000
195600.000
182400.000
194200.000
187400.000
189600.000
197600.000
193400.000
175000.000
191000.000
182400.000
183800.000
186800.000
188000.000
190800.000
174200.000
196000.000
182200.000
180800.000
175600.000
183000.000
191000.000
180400.000
184600.000
184800.000
179200.000
191000.000
185600.000
192400.000
191400.000
184000.000
190600.000
178200.000
184800.000
183400.000
191000.000
182400.000
179200.000
195400.000
183600.000
184800.000
177200.000
186200.000
181000.000
189600.000
187600.000
195800.000
180400.000
194800.000
176800.000
188800.000
194600.000
182600.000
191000.000
183800.000
186200.000
188000.000
181000.000
180800.000
189600.000
198000.000
176600.000
202400.000
192800.000
188200.000
202600.000
190800.000
190800.000
191400.000
195800.000
201000.000
203200.000
197000.000
198600.000
190200.000
212800.000
207000.000
220600.000
214600.000
243600.000
250400.000
235400.000
236200.000
248600.000
258200.000
262400.000
254600.000
250200.000
252000.000
276200.000
269000.000
258000.000
259600.000
275600.000
272200.000
265200.000
249400.000
252800.000
244800.000
234200.000
246000.000
235800.000
241800.000
235000.000
217400.000
227400.000
203200.000
203600.000
207400.000
204000.000
195000.000
209200.000
194600.000
204400.000
200000.000
185400.000
188800.000
190800.000
183000.000
181400.000
195200.000
185200.000
181000.000
183000.000
185200.000
192800.000
187800.000
185600.000
181600.000
192600.000
184400.000
185000.000
184000.000
180400.000
183000.000
177600.000
180600.000
187600.000
178400.000
182200.000
172000.000
169800.000
185400.000
182800.000
181600.000
184400.000
187600.000
176800.000
183000.000
185800.000
187800.000
180800.000
181800.000
176200.000
171000.000
174600.000
181000.000
183000.000
174200.000
171800.000
179000.000
170800.000
175400.000
177600.000
180800.000
171400.000
164600.000
177000.000
181400.000
172400.000
167400.000
183200.000
177200.000
171200.000
177200.000
170200.000
180600.000
178000.000
173600.000
172800.000
176600.000
181200.000
165200.000
177200.000
164800.000
178200.000
166200.000
156200.000
174600.000
167200.000
166200.000
229200.000
223000.000
204000.000
204000.000
206800.000
212200.000
177400.000
194000.000
186400.000
193200.000
192600.000
186800.000
188800.000
180000.000
182000.000
196000.000
182200.000
178600.000
186000.000
194000.000
182400.000
177400.000
178400.000
188000.000
182400.000
186400.000
188000.000
179200.000
175800.000
183200.000
188400.000
182200.000
189800.000
185000.000
183200.000
184400.000
176000.000
195000.000
189200.000
179000.000
171800.000
179000.000
182400.000
186600.000
197400.000
179800.000
170200.000
183600.000
185000.000
187600.000
186600.000
181000.000
186400.000
184600.000
189600.000
183000.000
191000.000
193000.000
188200.000
185800.000
194200.000
179800.000
179800.000
191600.000
186400.000
192800.000
187000.000
184200.000
185200.000
195600.000
198800.000
182400.000
193000.000
188000.000
199000.000
188200.000
193400.000
190000.000
188400.000
182800.000
193800.000
192600.000
198000.000
195000.000
197600.000
205600.000
210400.000
205800.000
212800.000
229200.000
231800.000
240800.000
227400.000
228000.000
242800.000
255800.000
254000.000
255400.000
246000.000
245200.000
251800.000
253600.000
259400.000
247000.000
251400.000
240200.000
235000.000
238000.000
234000.000
230000.000
240200.000
226000.000
213000.000
209400.000
211800.000
204200.000
211200.000
207400.000
211800.000
197600.000
195200.000
191200.000
196200.000
187800.000
185200.000
192600.000
201600.000
199400.000
193800.000
179600.000
187400.000
191400.000
184600.000
198800.000
186600.000
194600.000
187600.000
184000.000
174800.000
185400.000
187600.000
189000.000
194600.000
184000.000
179600.000
190400.000
175800.000
178200.000
186400.000
184800.000
183400.000
172600.000
186600.000
177000.000
181400.000
178800.000
189200.000
178400.000
181600.000
182800.000
171200.000
180200.000
175400.000
176400.000
186200.000
179600.000
182600.000
171000.000
185000.000
177800.000
177400.000
173200.000
176000.000
171800.000
165600.000
177200.000
178600.000
171200.000
179400.000
179800.000
172200.000
174600.000
179600.000
175200.000
160000.000
179200.000
173400.000
166600.000
178600.000
170200.000
162600.000
172400.000
156800.000
167200.000
172200.000
172400.000
168000.000
171000.000
170600.000
166600.000
166200.000
221000.000
217800.000
209600.000
210600.000
194600.000
193800.000
183600.000
194800.000
198400.000
192400.000
182600.000
180600.000
188400.000
180000.000
178400.000
187000.000
182800.000
190800.000
184800.000
180600.000
184200.000
176800.000
166400.000
187000.000
179400.000
187400.000
184400.000
185800.000
179000.000
185600.000
181400.000
174400.000
184600.000
188200.000
181200.000
186200.000
177600.000
191600.000
177600.000
186000.000
181200.000
173000.000
188000.000
171800.000
191800.000
187800.000
184000.000
184000.000
186000.000
188600.000
175800.000
176400.000
199200.000
189200.000
191600.000
198600.000
186600.000
187000.000
202000.000
177800.000
191200.000
192400.000
180800.000
183400.000
182200.000
189400.000
197800.000
191400.000
184800.000
183000.000
182200.000
190600.000
191000.000
188400.000
191000.000
194400.000
207000.000
197200.000
190600.000
183400.000
192600.000
189600.000
207800.000
204800.000
201200.000
205000.000
204000.000
213800.000
208800.000
218600.000
225400.000
217400.000
230200.000
230200.000
233000.000
236800.000
229400.000
240600.000
229000.000
231400.000
222400.000
239000.000
250600.000
225800.000
242600.000
232800.000
232800.000
221800.000
226400.000
234000.000
224200.000
221400.000
219200.000
223400.000
207600.000
213200.000
209200.000
215000.000
208200.000
190600.000
188800.000
204400.000
198800.000
198800.000
188600.000
176400.000
192000.000
195400.000
189200.000
193400.000
189200.000
187200.000
183200.000
186000.000
176600.000
186400.000
180600.000
180600.000
181800.000
181000.000
189000.000
174400.000
188800.000
194600.000
178000.000
190000.000
176200.000
170400.000
176800.000
182400.000
177200.000
181600.000
184400.000
182200.000
178600.000
189400.000
190800.000
192200.000
184600.000
177800.000
186200.000
183400.000
182000.000
177000.000
183800.000
191600.000
183200.000
178400.000
180000.000
177000.000
177000.000
185800.000
176600.000
174600.000
180400.000
173600.000
181200.000
169400.000
176400.000
167400.000
176400.000
167200.000
182400.000
174000.000
183800.000
174000.000
170800.000
173400.000
188600.000
171200.000
171800.000
170000.000
167000.000
165800.000
165800.000
174800.000
173200.000
166200.000
167800.000
173400.000
171200.000
235400.000
215600.000
192000.000
209200.000
200000.000
201000.000
193600.000
202200.000
195200.000
188800.000
193400.000
199000.000
192600.000
195600.000
188400.000
179600.000
186400.000
182800.000
185600.000
184000.000
179200.000
189200.000
184000.000
182600.000
185000.000
183000.000
175200.000
176000.000
199600.000
184600.000
195000.000
176200.000
179000.000
193600.000
179600.000
172800.000
179800.000
182600.000
187800.000
175000.000
176400.000
182400.000
192400.000
182200.000
182600.000
189400.000
188200.000
189600.000
186600.000
176800.000
181600.000
185800.000
190600.000
193200.000
177200.000
172800.000
182600.000
186400.000
187000.000
197800.000
193600.000
169000.000
181600.000
187200.000
192200.000
179600.000
187200.000
179000.000
187400.000
194400.000
188800.000
196400.000
191400.000
195400.000
198200.000
197200.000
193000.000
196000.000
180600.000
195200.000
199800.000
183200.000
204000.000
202000.000
197000.000
202800.000
207000.000
213000.000
216200.000
223200.000
228400.000
217800.000
225800.000
220000.000
225400.000
232600.000
234200.000
226600.000
237200.000
233000.000
223200.000
229200.000
226400.000
236200.000
236200.000
226800.000
231200.000
228400.000
230400.000
210200.000
216600.000
206400.000
206600.000
207600.000
199400.000
190600.000
205000.000
201400.000
201800.000
194800.000
187400.000
199000.000
201000.000
196400.000
185600.000
191600.000
187800.000
186800.000
181000.000
196200.000
186600.000
185600.000
188400.000
182800.000
195800.000
186600.000
188200.000
173200.000
177600.000
183000.000
182600.000
189400.000
177400.000
184800.000
189200.000
194400.000
175400.000
178600.000
180200.000
174000.000
185400.000
186800.000
174000.000
184800.000
180200.000
178400.000
171400.000
188200.000
183200.000
181600.000
182600.000
189400.000
174400.000
190600.000
181000.000
187600.000
184200.000
179000.000
178400.000
181200.000
189000.000
187400.000
168400.000
173200.000
175400.000
178400.000
181200.000
182200.000
176000.000
179400.000
176000.000
177600.000
184400.000
181800.000
177000.000
169200.000
177000.000
163200.000
166200.000
179400.000
168400.000
173200.000
179800.000
172600.000
183400.000
173200.000
161600.000
175400.000
164000.000
163000.000
179400.000
218200.000
205600.000
196800.000
208000.000
204200.000
195800.000
193400.000
191600.000
195400.000
193600.000
190800.000
195200.000
177800.000
183200.000
193800.000
179200.000
187000.000
174200.000
174800.000
185600.000
182600.000
187000.000
183200.000
184400.000
186600.000
188600.000
166600.000
184800.000
185800.000
175800.000
186600.000
183000.000
181200.000
182400.000
181400.000
195200.000
191600.000
185600.000
188800.000
190800.000
187600.000
181800.000
186800.000
199000.000
166400.000
190000.000
180400.000
185400.000
176400.000
182800.000
191800.000
175200.000
172400.000
174000.000
174400.000
190800.000
179800.000
175000.000
183200.000
177200.000
193800.000
172800.000
189400.000
182000.000
183800.000
184800.000
180600.000
188200.000
187200.000
199000.000
200200.000
180800.000
201600.000
191000.000
192400.000
191200.000
194200.000
190400.000
192000.000
189800.000
189800.000
185200.000
196400.000
202400.000
201000.000
190000.000
200200.000
209000.000
209200.000
205400.000
207000.000
217400.000
209000.000
202600.000
223200.000
214000.000
226000.000
218600.000
219400.000
223400.000
222800.000
217200.000
217000.000
221000.000
219400.000
226600.000
216400.000
218400.000
211000.000
197600.000
208600.000
207400.000
214200.000
209400.000
209000.000
209200.000
193400.000
198600.000
192000.000
200800.000
198600.000
198600.000
191800.000
189200.000
183800.000
197200.000
197000.000
186800.000
185400.000
183200.000
186400.000
193400.000
182600.000
181200.000
184000.000
184200.000
184800.000
186800.000
180600.000
192200.000
188000.000
176600.000
185800.000
183600.000
185800.000
189600.000
183800.000
169600.000
182200.000
176600.000
184600.000
177000.000
188000.000
189800.000
181400.000
182600.000
181600.000
176200.000
182600.000
188400.000
192400.000
187800.000
174400.000
175400.000
173600.000
166800.000
178200.000
177400.000
187600.000
177000.000
172000.000
183200.000
176600.000
183800.000
179800.000
186000.000
180400.000
165200.000
175200.000
177600.000
174200.000
162000.000
188000.000
171200.000
166200.000
177400.000
183000.000
173600.000
173000.000
178000.000
177200.000
181200.000
181800.000
164600.000
166000.000
187200.000
160000.000
164600.000
167400.000
170600.000
172400.000
218200.000
219400.000
204000.000
197600.000
190600.000
197200.000
193600.000
192600.000
193200.000
184800.000
196400.000
188000.000
178000.000
187000.000
179800.000
179800.000
187000.000
189200.000
167600.000
185800.000
188000.000
181000.000
174400.000
181600.000
178800.000
174600.000
179600.000
175200.000
184600.000
190200.000
188400.000
179800.000
197600.000
183800.000
194400.000
186000.000
178400.000
192400.000
192200.000
184000.000
197800.000
172800.000
175000.000
185800.000
180200.000
173200.000
177200.000
179400.000
170400.000
174400.000
171400.000
174000.000
184600.000
187600.000
186200.000
178200.000
192800.000
184400.000
188600.000
205000.000
180200.000
181800.000
181600.000
183200.000
200600.000
196800.000
190000.000
196800.000
188600.000
191000.000
184400.000
182600.000
184800.000
193000.000
192800.000
184600.000
188000.000
190000.000
195200.000
201600.000
195200.000
189200.000
191600.000
182600.000
205000.000
208800.000
197800.000
207000.000
201800.000
207200.000
210400.000
190800.000
210800.000
205400.000
212200.000
208800.000
204400.000
210800.000
217400.000
219600.000
216200.000
219400.000
219000.000
219800.000
224400.000
211000.000
217200.000
214200.000
193200.000
207200.000
198000.000
202600.000
206200.000
199000.000
196200.000
189000.000
187200.000
203200.000
191000.000
204800.000
197400.000
188200.000
177200.000
193000.000
196400.000
191600.000
180000.000
186800.000
176600.000
189800.000
175200.000
186400.000
200600.000
172800.000
182400.000
183000.000
186800.000
179800.000
190800.000
181200.000
183400.000
171600.000
178000.000
184400.000
186800.000
174600.000
183800.000
178000.000
193200.000
179000.000
187000.000
184000.000
169600.000
184200.000
181200.000
178400.000
186800.000
189200.000
191800.000
182400.000
181000.000
176400.000
170800.000
187200.000
189600.000
182000.000
184400.000
180800.000
182800.000
182800.000
185000.000
182800.000
178800.000
185000.000
184400.000
174000.000
178200.000
174200.000
171400.000
175200.000
170000.000
179200.000
184000.000
167400.000
182000.000
172800.000
185000.000
166000.000
169600.000
166600.000
165200.000
163800.000
161600.000
172800.000
172000.000
169600.000
176200.000
168000.000
158000.000
165400.000
168600.000
208200.000
197400.000
214200.000
214200.000
197600.000
193800.000
184200.000
194200.000
196600.000
190000.000
189400.000
198000.000
187000.000
187400.000
192000.000
192800.000
176600.000
193200.000
182200.000
192800.000
184400.000
172400.000
184400.000
178000.000
173800.000
182000.000
173200.000
187600.000
179200.000
190000.000
188200.000
172400.000
173000.000
188200.000
192200.000
185000.000
183400.000
183000.000
177800.000
189400.000
183000.000
189200.000
177200.000
188000.000
187600.000
196200.000
184000.000
182400.000
186000.000
182600.000
179200.000
181000.000
174600.000
189000.000
179400.000
185600.000
188200.000
195200.000
182200.000
188800.000
191800.000
174200.000
185200.000
179400.000
175200.000
195600.000
195800.000
198000.000
189000.000
191200.000
187200.000
186200.000
198800.000
189600.000
174800.000
193000.000
188800.000
191400.000
191200.000
198400.000
196600.000
193000.000
193600.000
201400.000
198200.000
201600.000
199200.000
192800.000
203000.000
209400.000
201800.000
210800.000
196600.000
216400.000
207800.000
212200.000
210200.000
219800.000
219400.000
209400.000
207800.000
215400.000
207000.000
199400.000
218200.000
205800.000
206400.000
209600.000
198800.000
197400.000
198200.000
197000.000
213400.000
190600.000
197600.000
201000.000
197600.000
191800.000
189800.000
199400.000
184200.000
189800.000
187800.000
200400.000
190800.000
183800.000
192200.000
194400.000
188800.000
183600.000
188800.000
186400.000
186800.000
183000.000
186200.000
183800.000
182800.000
183400.000
182600.000
176400.000
191400.000
193600.000
184000.000
189800.000
184600.000
186400.000
181800.000
195400.000
179000.000
174000.000
197800.000
178000.000
185200.000
185800.000
172600.000
183800.000
184200.000
178800.000
180200.000
187600.000
177600.000
172600.000
167000.000
182000.000
178200.000
188000.000
175600.000
186000.000
179000.000
175000.000
180400.000
175800.000
185000.000
176600.000
161800.000
167200.000
187800.000
175600.000
180400.000
178600.000
181200.000
178800.000
171400.000
180000.000
177600.000
179200.000
178800.000
166600.000
179000.000
184200.000
174600.000
167000.000
166800.000
176200.000
170400.000
159200.000
182800.000
166400.000
161200.000
167600.000
164600.000
205200.000
204000.000
198200.000
192600.000
193200.000
181400.000
206000.000
193800.000
196000.000
194200.000
196200.000
191000.000
188600.000
196000.000
192800.000
193400.000
183400.000
189800.000
183000.000
188200.000
174600.000
182600.000
178000.000
191600.000
189200.000
190600.000
188600.000
186000.000
171800.000
184000.000
186800.000
186400.000
183600.000
188800.000
186200.000
177200.000
178800.000
179600.000
179000.000
192400.000
181000.000
193600.000
187200.000
182000.000
180800.000
181200.000
183400.000
176200.000
187000.000
175000.000
180400.000
197000.000
183800.000
183800.000
173400.000
185000.000
180200.000
184800.000
193000.000
177600.000
200800.000
180600.000
185200.000
192800.000
194600.000
179000.000
189000.000
188800.000
191600.000
187000.000
187600.000
190400.000
180400.000
189200.000
181400.000
193000.000
194600.000
191000.000
198600.000
199200.000
193400.000
185400.000
189400.000
185000.000
196400.000
199800.000
197200.000
191800.000
192200.000
195800.000
199200.000
190200.000
203600.000
195000.000
202000.000
190200.000
204200.000
203400.000
210200.000
215600.000
200600.000
210600.000
218400.000
195000.000
208600.000
203000.000
194000.000
209000.000
184800.000
195400.000
196000.000
196200.000
197400.000
192600.000
197200.000
191600.000
194600.000
191800.000
192200.000
189000.000
190000.000
195200.000
189200.000
186200.000
189600.000
187200.000
192200.000
174400.000
180800.000
186800.000
188000.000
177600.000
184200.000
188800.000
188800.000
183800.000
190600.000
185200.000
182800.000
195200.000
183200.000
170600.000
182000.000
184000.000
192600.000
179400.000
182600.000
183200.000
180000.000
173200.000
178800.000
177600.000
178600.000
184000.000
189400.000
192400.000
186000.000
182600.000
178000.000
175600.000
177000.000
182800.000
190200.000
171600.000
181600.000
170800.000
179800.000
194800.000
178800.000
185000.000
180800.000
183200.000
170000.000
163400.000
175600.000
171400.000
176800.000
178800.000
181400.000
175800.000
172000.000
184200.000
179200.000
173000.000
164600.000
185400.000
179600.000
167400.000
180000.000
180600.000
171800.000
167800.000
166400.000
165000.000
167200.000
171600.000
165400.000
165400.000
164600.000
172400.000
165600.000
204800.000
206200.000
201400.000
198600.000
205400.000
199400.000
195400.000
183600.000
191400.000
178800.000
197200.000
188000.000
187800.000
195400.000
187600.000
182800.000
191600.000
182000.000
180600.000
184800.000
187800.000
194200.000
183400.000
191400.000
181600.000
188000.000
188200.000
186800.000
192000.000
178000.000
176600.000
184800.000
178600.000
186000.000
187200.000
186800.000
183000.000
178800.000
181400.000
186800.000
174600.000
182000.000
183800.000
176200.000
183800.000
177200.000
178000.000
174200.000
186600.000
179000.000
192800.000
185800.000
185800.000
183800.000
176600.000
183000.000
182800.000
178600.000
185800.000
184400.000
190200.000
178000.000
187800.000
195400.000
195200.000
196000.000
196600.000
195600.000
187000.000
185400.000
190200.000
186200.000
184600.000
181400.000
189800.000
178000.000
189200.000
178000.000
186200.000
192200.000
184000.000
192200.000
211200.000
184400.000
197000.000
204800.000
193600.000
200200.000
198600.000
208800.000
201400.000
187400.000
201600.000
199400.000
200200.000
197400.000
199400.000
203800.000
205400.000
193800.000
211600.000
196800.000
205000.000
192400.000
200000.000
216200.000
204600.000
200200.000
209000.000
203800.000
203000.000
195600.000
190000.000
184200.000
202800.000
203600.000
197800.000
184600.000
182000.000
190200.000
188600.000
188400.000
182400.000
194600.000
176800.000
177400.000
186600.000
185000.000
185800.000
188600.000
180000.000
191400.000
191800.000
186800.000
179200.000
186000.000
184200.000
186400.000
179400.000
179800.000
184000.000
178400.000
185400.000
185800.000
183400.000
189000.000
182400.000
182000.000
185800.000
188800.000
183600.000
185200.000
185200.000
190000.000
181600.000
186400.000
188600.000
180200.000
176400.000
185000.000
179000.000
172800.000
179200.000
175600.000
179200.000
177800.000
173000.000
176600.000
191600.000
182400.000
181200.000
181400.000
184400.000
175400.000
178200.000
176000.000
178000.000
168800.000
179800.000
180400.000
181200.000
166200.000
175600.000
161600.000
176400.000
171400.000
180800.000
170200.000
175800.000
178600.000
173400.000
163000.000
175600.000
172000.000
177800.000
173000.000
170200.000
173600.000
169200.000
171200.000
163800.000
188800.000
198000.000
186200.000
194800.000
192000.000
193600.000
183400.000
188600.000
183800.000
185200.000
187200.000
185200.000
182800.000
182600.000
178200.000
179600.000
183400.000
192200.000
190000.000
181200.000
178200.000
175000.000
187800.000
184200.000
182200.000
173600.000
176200.000
191800.000
183200.000
179400.000
180800.000
180000.000
182200.000
186000.000
194800.000
184400.000
179400.000
188000.000
190600.000
190200.000
180000.000
189400.000
199600.000
189600.000
189400.000
186400.000
180800.000
186000.000
185800.000
188000.000
175800.000
189000.000
191200.000
183400.000
189000.000
181400.000
193400.000
177200.000
192200.000
187800.000
190000.000
176800.000
183600.000
180800.000
172800.000
184600.000
190000.000
191600.000
182400.000
180200.000
187200.000
179600.000
179000.000
185200.000
175400.000
178600.000
184200.000
188000.000
195200.000
195800.000
185800.000
198600.000
197400.000
198000.000
203000.000
196000.000
199800.000
186200.000
194800.000
179000.000
194400.000
201200.000
195000.000
187600.000
203400.000
198800.000
198600.000
199800.000
197800.000
210800.000
206400.000
218000.000
203600.000
199000.000
208800.000
185000.000
196000.000
190600.000
205000.000
205000.000
195400.000
193200.000
188000.000
193000.000
197000.000
192000.000
185600.000
192000.000
199200.000
186000.000
177600.000
184000.000
180800.000
177000.000
195000.000
188200.000
192600.000
190600.000
184400.000
183400.000
188200.000
184600.000
186200.000
181000.000
185600.000
185400.000
172400.000
179200.000
188600.000
192800.000
181200.000
186400.000
172800.000
183000.000
173200.000
188600.000
176600.000
176800.000
177400.000
183400.000
180800.000
177000.000
177600.000
173200.000
177400.000
188200.000
185600.000
177000.000
186200.000
181000.000
173400.000
185200.000
175600.000
179200.000
175800.000
173600.000
179200.000
179800.000
187200.000
178400.000
175800.000
177800.000
180000.000
160200.000
170000.000
184200.000
151600.000
178000.000
179800.000
178400.000
167000.000
162400.000
180200.000
175800.000
177400.000
176800.000
159200.000
179200.000
171600.000
173600.000
176800.000
171400.000
165400.000
181000.000
175200.000
171200.000
165400.000
167200.000
173000.000
170800.000
174200.000
196800.000
184000.000
189800.000
198200.000
184800.000
181200.000
184200.000
184800.000
189000.000
190600.000
188000.000
191000.000
191200.000
198000.000
190600.000
191200.000
188800.000
191600.000
185000.000
179800.000
177400.000
168400.000
180800.000
187200.000
187000.000
177000.000
187800.000
189600.000
185800.000
179800.000
187000.000
193000.000
189200.000
174600.000
185600.000
185000.000
184400.000
180200.000
184800.000
195400.000
179800.000
192000.000
191000.000
195200.000
186400.000
173600.000
176200.000
179000.000
189400.000
187000.000
178000.000
178200.000
185600.000
194000.000
188200.000
182000.000
181200.000
191400.000
176200.000
191600.000
172600.000
196400.000
183600.000
176200.000
195000.000
189800.000
184800.000
176400.000
195600.000
182400.000
182400.000
195800.000
180400.000
195400.000
180400.000
171600.000
197000.000
190400.000
187400.000
188800.000
189600.000
185000.000
188200.000
189400.000
207200.000
192200.000
204200.000
199800.000
194800.000
193200.000
179600.000
192600.000
197800.000
180400.000
185800.000
190600.000
196600.000
185200.000
200000.000
199400.000
205400.000
195000.000
198400.000
198000.000
189400.000
201000.000
185800.000
184000.000
196400.000
200000.000
185800.000
197200.000
185400.000
197000.000
189400.000
195400.000
198200.000
194200.000
176800.000
180800.000
184000.000
180400.000
177000.000
183200.000
175800.000
188800.000
196800.000
192000.000
186600.000
191000.000
178200.000
175800.000
177600.000
191600.000
173600.000
171200.000
181000.000
178600.000
184200.000
180800.000
189000.000
185400.000
179800.000
184400.000
184000.000
178000.000
179000.000
194000.000
189600.000
166800.000
185600.000
177400.000
179000.000
181000.000
181400.000
186600.000
182400.000
180200.000
177200.000
179400.000
171000.000
182200.000
171600.000
169200.000
183800.000
181000.000
178800.000
190600.000
187600.000
176000.000
176200.000
177800.000
174200.000
183400.000
164600.000
174000.000
164800.000
172600.000
167200.000
180400.000
184400.000
176800.000
179400.000
179000.000
164400.000
177400.000
177400.000
176400.000
171200.000
170200.000
184000.000
172600.000
166600.000
167200.000
167600.000
178800.000
159400.000
172600.000
168200.000
167800.000
164600.000
199800.000
209200.000
188800.000
199600.000
195600.000
190200.000
189200.000
183400.000
193000.000
196400.000
194600.000
184600.000
190800.000
183400.000
190000.000
189400.000
195000.000
196400.000
192400.000
191200.000
188200.000
181800.000
183400.000
196000.000
182800.000
178800.000
198200.000
183600.000
185600.000
191000.000
182000.000
198000.000
186800.000
185800.000
181800.000
178000.000
183000.000
183200.000
190400.000
187600.000
180400.000
178000.000
188600.000
186000.000
190000.000
196400.000
185200.000
190800.000
170400.000
190800.000
189600.000
178000.000
184400.000
180600.000
186400.000
180600.000
174000.000
183200.000
184600.000
189000.000
186600.000
187800.000
202400.000
195000.000
195400.000
184000.000
192400.000
189600.000
182600.000
186600.000
177600.000
187200.000
185400.000
183400.000
177000.000
180600.000
184400.000
192600.000
174600.000
190200.000
191400.000
187000.000
180400.000
197000.000
195200.000
186800.000
190000.000
175200.000
199000.000
199200.000
187800.000
190800.000
195200.000
197000.000
193200.000
187200.000
185600.000
200800.000
187600.000
207800.000
182000.000
187800.000
200200.000
186800.000
193800.000
207600.000
190800.000
202200.000
200800.000
199000.000
197600.000
197000.000
191400.000
193600.000
191000.000
181200.000
186000.000
185000.000
185200.000
180000.000
186600.000
177200.000
186400.000
182200.000
185600.000
196400.000
175200.000
180800.000
180800.000
192400.000
190000.000
186600.000
171600.000
185200.000
193000.000
179200.000
177200.000
187600.000
185200.000
190000.000
185200.000
184000.000
189600.000
186600.000
185200.000
186200.000
184400.000
183200.000
186800.000
179600.000
176400.000
180200.000
180200.000
184800.000
186200.000
185600.000
177400.000
179200.000
178000.000
192600.000
180400.000
188400.000
178800.000
177800.000
180800.000
187600.000
177400.000
180000.000
173600.000
171200.000
180000.000
191000.000
181200.000
177400.000
161600.000
174200.000
170000.000
182600.000
173200.000
174200.000
177200.000
165400.000
165000.000
164800.000
168600.000
186800.000
161600.000
163400.000
170200.000
164600.000
187800.000
165600.000
165400.000
174000.000
171800.000
168000.000
167200.000
174800.000
165600.000
173200.000
153800.000
189600.000
188000.000
201000.000
192800.000
187600.000
197400.000
187800.000
186600.000
186800.000
187600.000
184200.000
185200.000
179800.000
196200.000
187200.000
187600.000
194600.000
185600.000
182400.000
183800.000
187400.000
186000.000
184200.000
178200.000
190200.000
192600.000
172800.000
187800.000
193600.000
182200.000
181000.000
182000.000
189400.000
185200.000
186000.000
190800.000
180600.000
186000.000
183400.000
185200.000
187200.000
176000.000
176000.000
187600.000
193200.000
188600.000
191000.000
180400.000
179200.000
190000.000
168600.000
180800.000
182600.000
180200.000
179800.000
184800.000
185400.000
182800.000
175600.000
192000.000
190000.000
181600.000
188400.000
182600.000
196600.000
185000.000
183800.000
192400.000
187000.000
185400.000
184200.000
188800.000
170000.000
186200.000
177400.000
178400.000
182800.000
178800.000
186200.000
186000.000
185200.000
179200.000
176600.000
188600.000
183200.000
180400.000
194200.000
181200.000
193800.000
195000.000
187000.000
184600.000
196600.000
184000.000
182200.000
201800.000
189000.000
183000.000
204200.000
188200.000
196200.000
194000.000
193400.000
201600.000
203800.000
187600.000
181000.000
184200.000
192600.000
196800.000
201200.000
196800.000
202400.000
182400.000
180600.000
196800.000
178800.000
189800.000
179000.000
194800.000
185200.000
188600.000
185400.000
194200.000
187000.000
184800.000
184800.000
175600.000
189000.000
186000.000
188000.000
190600.000
188000.000
179800.000
196200.000
190600.000
182000.000
174400.000
178800.000
184400.000
179800.000
175800.000
182800.000
175800.000
196000.000
177800.000
176600.000
177400.000
182400.000
173600.000
180200.000
180400.000
175200.000
183200.000
174400.000
177800.000
178400.000
185600.000
177600.000
180800.000
167600.000
183200.000
176000.000
180200.000
178400.000
181000.000
174800.000
188000.000
181800.000
174600.000
188800.000
181600.000
167600.000
163200.000
188200.000
178400.000
172200.000
166600.000
181600.000
172000.000
181000.000
167400.000
172200.000
174400.000
164600.000
164600.000
167600.000
178200.000
160000.000
156600.000
166600.000
169000.000
156000.000
166200.000
164800.000
168600.000
177000.000
174800.000
155400.000
177600.000
157000.000
194800.000
204600.000
188200.000
196200.000
185600.000
182400.000
189200.000
186000.000
178800.000
189200.000
181400.000
179600.000
180600.000
179600.000
193000.000
181200.000
189400.000
193400.000
186600.000
174800.000
195000.000
176200.000
180200.000
176200.000
194800.000
192400.000
187400.000
179400.000
193600.000
188600.000
180400.000
179800.000
192400.000
198000.000
181600.000
183000.000
189000.000
186000.000
177400.000
190600.000
197800.000
181600.000
189400.000
180400.000
181400.000
177600.000
192800.000
190600.000
182000.000
182800.000
184400.000
185000.000
180600.000
188600.000
192600.000
177400.000
194000.000
187800.000
193800.000
179800.000
185600.000
175200.000
175000.000
196800.000
188600.000
192200.000
186000.000
180600.000
187600.000
179400.000
189200.000
188000.000
181800.000
174000.000
174200.000
173600.000
183800.000
188600.000
190800.000
180600.000
198800.000
196800.000
188600.000
189800.000
195400.000
177600.000
181400.000
191000.000
187400.000
184400.000
187000.000
192000.000
193200.000
192000.000
200600.000
198000.000
191400.000
188000.000
191600.000
183200.000
202000.000
202000.000
204400.000
189600.000
190000.000
193400.000
198200.000
183600.000
189200.000
189800.000
185200.000
195600.000
194400.000
192000.000
179200.000
181800.000
167400.000
191800.000
190000.000
189000.000
188600.000
191400.000
193400.000
183600.000
189800.000
182400.000
181000.000
195000.000
181000.000
193800.000
182400.000
171600.000
180800.000
190200.000
189400.000
184000.000
182400.000
182000.000
173800.000
177800.000
179600.000
189200.000
185800.000
177200.000
177800.000
186400.000
182000.000
186200.000
189600.000
185200.000
171600.000
180000.000
181600.000
180400.000
185000.000
188400.000
178800.000
176200.000
185200.000
177200.000
184600.000
179000.000
175600.000
184600.000
187800.000
175000.000
186200.000
181000.000
179000.000
185400.000
179400.000
176800.000
180400.000
178600.000
169600.000
165800.000
176000.000
169600.000
176800.000
177200.000
180800.000
172800.000
174200.000
177800.000
168400.000
167000.000
175400.000
175400.000
160000.000
157800.000
171200.000
172200.000
163800.000
173800.000
171200.000
166800.000
162800.000
174600.000
166600.000
162800.000
166200.000
189600.000
203600.000
200800.000
190200.000
200800.000
185600.000
177200.000
180800.000
193800.000
194200.000
183400.000
186600.000
187800.000
190400.000
179000.000
177600.000
185400.000
190200.000
180600.000
182000.000
191400.000
200400.000
190800.000
178400.000
184000.000
179800.000
179400.000
188600.000
187400.000
188200.000
187800.000
179600.000
187200.000
187000.000
189800.000
188800.000
183800.000
187400.000
186800.000
181600.000
191600.000
186000.000
173400.000
181800.000
184800.000
182200.000
186600.000
186400.000
189000.000
181000.000
190200.000
185000.000
180600.000
188800.000
177400.000
182800.000
196600.000
191600.000
188200.000
190800.000
181600.000
186400.000
186600.000
172000.000
184600.000
187800.000
188600.000
188800.000
190600.000
187800.000
192800.000
191400.000
186600.000
178800.000
191800.000
185600.000
186600.000
187200.000
183600.000
191600.000
188200.000
180000.000
189400.000
184400.000
190800.000
192400.000
191400.000
198200.000
201400.000
187400.000
184600.000
187000.000
195400.000
184600.000
183400.000
187000.000
181600.000
195600.000
185000.000
193200.000
189400.000
187400.000
187200.000
191400.000
186600.000
199200.000
185200.000
184800.000
191600.000
181800.000
189200.000
175400.000
186000.000
193000.000
189000.000
191400.000
189400.000
182200.000
191200.000
178800.000
186200.000
195400.000
185000.000
188000.000
199200.000
181000.000
183000.000
184200.000
182400.000
189600.000
190200.000
178000.000
185000.000
191400.000
177600.000
182600.000
176400.000
186400.000
175600.000
179400.000
183200.000
184800.000
189000.000
182600.000
188600.000
178600.000
171800.000
183000.000
184400.000
167800.000
178000.000
187400.000
177800.000
179600.000
175600.000
184400.000
181200.000
178600.000
191400.000
178200.000
171400.000
182600.000
186600.000
181000.000
186400.000
178200.000
177600.000
194200.000
191400.000
164200.000
176200.000
176600.000
181400.000
183400.000
171000.000
181600.000
173400.000
173600.000
168400.000
174600.000
171600.000
181200.000
173600.000
162000.000
174400.000
159600.000
171200.000
167600.000
164000.000
181600.000
172200.000
176400.000
178000.000
167800.000
162800.000
167600.000
172200.000
166200.000
159400.000
155200.000
168800.000
205000.000
179800.000
193800.000
189800.000
191800.000
193200.000
189400.000
191200.000
177400.000
182800.000
188600.000
182600.000
187000.000
178000.000
185400.000
188600.000
191000.000
188200.000
195200.000
180400.000
183200.000
179200.000
178600.000
178200.000
181800.000
187200.000
185400.000
183200.000
182800.000
176200.000
181400.000
182400.000
190400.000
186800.000
183000.000
171200.000
188000.000
189800.000
189000.000
176600.000
202200.000
178400.000
187000.000
182000.000
177000.000
194400.000
171200.000
188000.000
186000.000
179200.000
181400.000
179000.000
183600.000
188200.000
170000.000
185400.000
181000.000
189400.000
187600.000
188800.000
179800.000
181200.000
182600.000
185200.000
179000.000
194800.000
193000.000
185000.000
187000.000
182000.000
191000.000
184000.000
180000.000
182400.000
182200.000
189600.000
182400.000
190000.000
189400.000
182200.000
186200.000
185800.000
195200.000
187800.000
184600.000
193200.000
199600.000
191200.000
189400.000
202000.000
182000.000
181000.000
181800.000
189200.000
186400.000
198000.000
193400.000
187600.000
190800.000
188400.000
178800.000
192000.000
193600.000
185200.000
196400.000
184000.000
185000.000
200200.000
185400.000
193000.000
198400.000
187000.000
193600.000
184600.000
190800.000
181400.000
180200.000
178400.000
183200.000
181400.000
187400.000
179600.000
179800.000
180800.000
189800.000
188000.000
183400.000
181400.000
179000.000
185600.000
184400.000
182600.000
183200.000
183800.000
179000.000
187600.000
190400.000
182600.000
191200.000
186800.000
181600.000
183200.000
185800.000
167000.000
181600.000
183800.000
183800.000
178200.000
189600.000
169800.000
191600.000
177800.000
178600.000
175800.000
178600.000
169400.000
191800.000
176200.000
180000.000
187800.000
176800.000
191000.000
182200.000
176400.000
191400.000
178600.000
180800.000
185800.000
192000.000
171200.000
179800.000
179400.000
174600.000
174000.000
175800.000
181000.000
181400.000
172200.000
171200.000
170400.000
177000.000
174200.000
163600.000
179800.000
167800.000
164800.000
174000.000
186000.000
156800.000
174200.000
164400.000
166800.000
176000.000
160400.000
166400.000
162600.000
167400.000
166400.000
164600.000
165200.000
165000.000
191400.000
186200.000
188000.000
180800.000
186600.000
179000.000
191400.000
183200.000
187600.000
189000.000
186400.000
190000.000
191200.000
175600.000
176600.000
172000.000
180400.000
179600.000
178200.000
177400.000
169400.000
187200.000
184800.000
187200.000
186800.000
179000.000
182600.000
184600.000
186600.000
190600.000
171000.000
195400.000
188600.000
168400.000
182400.000
181000.000
179800.000
183000.000
185800.000
188000.000
184400.000
186200.000
193200.000
181400.000
185400.000
194800.000
178600.000
189800.000
185600.000
182800.000
186600.000
186400.000
175000.000
194600.000
182800.000
181200.000
172800.000
182200.000
186800.000
178200.000
189800.000
186400.000
191600.000
194400.000
178600.000
194200.000
189000.000
184800.000
187000.000
192600.000
184800.000
182200.000
190200.000
195600.000
188000.000
183600.000
184200.000
187000.000
190000.000
177000.000
188400.000
196600.000
193400.000
186400.000
192600.000
177000.000
179600.000
191400.000
173600.000
180400.000
180800.000
182600.000
187200.000
181600.000
193600.000
197000.000
183800.000
196000.000
185400.000
192600.000
196400.000
191000.000
187000.000
191200.000
184600.000
189400.000
184600.000
184200.000
199400.000
177200.000
187600.000
191400.000
191600.000
189800.000
197200.000
189200.000
179800.000
178800.000
187200.000
179400.000
185000.000
176800.000
182000.000
182200.000
197400.000
186400.000
185800.000
195800.000
185600.000
182200.000
182000.000
183600.000
170800.000
182000.000
184200.000
183400.000
183200.000
191800.000
179000.000
180200.000
169800.000
180800.000
177000.000
172200.000
179600.000
184600.000
185800.000
188000.000
168600.000
173200.000
177000.000
180200.000
186200.000
170400.000
188800.000
181000.000
186400.000
185000.000
194400.000
165600.000
184400.000
185000.000
174400.000
180000.000
180800.000
177600.000
180800.000
177400.000
178400.000
179200.000
179000.000
179400.000
176200.000
172200.000
171600.000
172000.000
172400.000
182200.000
170000.000
174400.000
178600.000
174000.000
182800.000
183000.000
173000.000
170200.000
172400.000
171400.000
169400.000
178800.000
165800.000
161400.000
171000.000
169200.000
159000.000
172800.000
166800.000
161600.000
168400.000
169600.000
175400.000
197000.000
198800.000
189600.000
182000.000
194600.000
196000.000
187800.000
175000.000
183200.000
181800.000
180400.000
182000.000
172000.000
183400.000
181800.000
176600.000
182400.000
178200.000
181600.000
191000.000
182600.000
181400.000
184200.000
186600.000
184600.000
175200.000
188000.000
181000.000
186000.000
185400.000
175600.000
175000.000
180800.000
180800.000
187600.000
190400.000
180400.000
193000.000
183600.000
180800.000
187000.000
180400.000
194400.000
171000.000
181800.000
189600.000
189200.000
181400.000
190000.000
180800.000
179800.000
195200.000
177200.000
184600.000
179400.000
188200.000
178200.000
186600.000
185600.000
187200.000
193400.000
186200.000
187400.000
185400.000
195600.000
170600.000
189000.000
182600.000
181000.000
181200.000
186200.000
189000.000
178200.000
178000.000
173800.000
188000.000
175400.000
175400.000
190400.000
182200.000
187400.000
173000.000
176800.000
191200.000
184400.000
184400.000
182400.000
186000.000
183600.000
175600.000
182000.000
183800.000
188600.000
193600.000
196600.000
199400.000
179400.000
192200.000
180400.000
185400.000
183600.000
189800.000
188200.000
184800.000
184000.000
182800.000
183800.000
188000.000
187000.000
184800.000
181200.000
198400.000
188800.000
191800.000
187600.000
181200.000
177600.000
177600.000
176400.000
187200.000
186600.000
190200.000
183200.000
193200.000
179000.000
183200.000
183600.000
178400.000
183400.000
186400.000
190000.000
174400.000
201800.000
192800.000
179600.000
181400.000
187600.000
188000.000
188200.000
181200.000
178600.000
172600.000
188200.000
181400.000
187800.000
176000.000
189400.000
177800.000
191000.000
176200.000
179600.000
178600.000
188200.000
179600.000
184400.000
177600.000
187800.000
180400.000
194400.000
187200.000
191800.000
177600.000
184800.000
186000.000
179400.000
172600.000
185800.000
174800.000
182400.000
179200.000
168200.000
180000.000
160200.000
180200.000
185400.000
174000.000
174000.000
174200.000
175400.000
183400.000
176400.000
172800.000
170200.000
182800.000
167600.000
179200.000
172200.000
172400.000
165000.000
176200.000
171400.000
159200.000
174400.000
176000.000
160000.000
168200.000
171600.000
158800.000
165800.000
161400.000
172000.000
189600.000
196400.000
190000.000
195000.000
186400.000
184800.000
181800.000
176000.000
182400.000
181800.000
187600.000
184600.000
191000.000
184600.000
195000.000
169800.000
189400.000
185400.000
186800.000
187000.000
175400.000
192200.000
183200.000
184600.000
191400.000
186000.000
179800.000
180800.000
190200.000
177200.000
177600.000
190400.000
178800.000
189400.000
188400.000
185000.000
174200.000
186600.000
178600.000
198200.000
182600.000
191800.000
177400.000
194800.000
182000.000
189200.000
199000.000
188000.000
172800.000
185600.000
179000.000
183400.000
197400.000
174800.000
189200.000
179400.000
184000.000
179200.000
189400.000
182800.000
193600.000
184800.000
184400.000
187400.000
194400.000
190400.000
181800.000
185000.000
179200.000
180800.000
174400.000
179600.000
184000.000
179200.000
184600.000
178600.000
181400.000
184600.000
181600.000
182600.000
190800.000
182800.000
194400.000
178000.000
171000.000
187400.000
191200.000
191600.000
186800.000
187400.000
180400.000
182000.000
191400.000
184800.000
186400.000
181000.000
190600.000
190800.000
191200.000
186000.000
190800.000
191600.000
188800.000
182200.000
189600.000
173000.000
184400.000
180000.000
180800.000
189600.000
185200.000
199600.000
177400.000
188600.000
191000.000
191000.000
184800.000
189200.000
176200.000
185400.000
175000.000
186200.000
196000.000
192200.000
182200.000
181800.000
182000.000
184800.000
180800.000
182000.000
183800.000
188200.000
181600.000
179400.000
178800.000
170000.000
187400.000
184000.000
178000.000
172200.000
187000.000
178800.000
180400.000
176800.000
173400.000
190400.000
187000.000
184200.000
179000.000
179400.000
174600.000
182200.000
176200.000
174200.000
183200.000
183200.000
180000.000
172600.000
183800.000
183000.000
191800.000
170000.000
181400.000
179800.000
189600.000
182200.000
191600.000
179400.000
196800.000
178600.000
180600.000
189200.000
176800.000
185000.000
169800.000
170600.000
171200.000
187600.000
174000.000
180000.000
175800.000
169600.000
172200.000
177200.000
162400.000
166200.000
182200.000
172400.000
167000.000
169000.000
174600.000
167200.000
167400.000
172000.000
171600.000
160200.000
158800.000
179800.000
166800.000
165400.000
164200.000
183000.000
190000.000
171200.000
177600.000
171200.000
184800.000
183400.000
183400.000
186000.000
195000.000
186000.000
177400.000
187200.000
175200.000
187400.000
182600.000
172200.000
188400.000
189800.000
182200.000
181800.000
181600.000
180000.000
195800.000
184600.000
190400.000
178600.000
174600.000
191400.000
181200.000
185600.000
183800.000
190600.000
183400.000
177800.000
184600.000
191000.000
183000.000
188200.000
170800.000
183200.000
189000.000
182400.000
186200.000
187600.000
183200.000
183000.000
181000.000
188200.000
190600.000
172600.000
185400.000
180200.000
180000.000
177000.000
177600.000
172800.000
174000.000
192600.000
197400.000
180800.000
180800.000
187400.000
179400.000
178600.000
188000.000
189000.000
190800.000
189400.000
185600.000
176000.000
188200.000
177400.000
184000.000
194600.000
188400.000
200200.000
183800.000
189400.000
195600.000
190200.000
184400.000
183200.000
192600.000
193600.000
195400.000
191000.000
178000.000
184600.000
179600.000
186600.000
187000.000
193200.000
182200.000
183800.000
191200.000
189200.000
185200.000
186200.000
186200.000
183400.000
174600.000
178000.000
189600.000
196600.000
183800.000
184600.000
185600.000
193800.000
185000.000
192400.000
192400.000
188600.000
183800.000
191000.000
182400.000
185800.000
195400.000
193000.000
186400.000
188600.000
191400.000
191200.000
189400.000
191000.000
184200.000
175000.000
195000.000
180800.000
185800.000
179400.000
185600.000
186800.000
175800.000
173200.000
184200.000
177200.000
179000.000
165200.000
169600.000
180200.000
170400.000
180200.000
186200.000
181400.000
178000.000
181000.000
176400.000
173600.000
171600.000
181000.000
178200.000
179200.000
186800.000
179200.000
188000.000
188000.000
174400.000
176200.000
180400.000
180800.000
184000.000
180200.000
182800.000
187000.000
182200.000
176200.000
182400.000
182400.000
180400.000
179600.000
178000.000
181800.000
171400.000
183000.000
179600.000
180000.000
176600.000
177000.000
160200.000
179400.000
168000.000
170200.000
162000.000
178000.000
183200.000
171200.000
162400.000
176400.000
173200.000
180600.000
162400.000
173600.000
179000.000
167600.000
165400.000
164000.000
161200.000
161400.000
170800.000
164600.000
184400.000
197800.000
181800.000
186600.000
189800.000
181400.000
173200.000
181000.000
191800.000
191400.000
184000.000
180200.000
195400.000
180000.000
192400.000
179400.000
186600.000
181800.000
174200.000
177200.000
183400.000
183400.000
184600.000
180000.000
191600.000
184600.000
174800.000
186400.000
180200.000
179200.000
182200.000
191200.000
194000.000
192000.000
188400.000
193000.000
180200.000
194800.000
185800.000
185600.000
185400.000
173200.000
183000.000
181200.000
189200.000
204400.000
178400.000
191800.000
182600.000
189800.000
184400.000
191600.000
184000.000
180800.000
184600.000
175000.000
191600.000
172800.000
184600.000
185200.000
188600.000
195000.000
177400.000
182600.000
185200.000
182200.000
179400.000
192200.000
173000.000
171400.000
183800.000
172400.000
182600.000
172800.000
183000.000
180800.000
178200.000
179800.000
186000.000
172400.000
198200.000
177400.000
177200.000
172000.000
188200.000
182000.000
182200.000
191200.000
189000.000
186200.000
177000.000
186200.000
184400.000
186600.000
172200.000
179400.000
190400.000
187600.000
197000.000
186400.000
186200.000
194000.000
189800.000
186400.000
186200.000
187400.000
192200.000
192800.000
183400.000
193200.000
183800.000
187600.000
188200.000
186200.000
193800.000
197400.000
188800.000
182200.000
178600.000
182600.000
188400.000
187400.000
187200.000
198600.000
186600.000
180000.000
187400.000
189000.000
181400.000
174600.000
179400.000
170200.000
178400.000
189000.000
185800.000
196400.000
186400.000
183200.000
184600.000
185400.000
189800.000
178600.000
192800.000
179200.000
184000.000
164600.000
185800.000
170200.000
181400.000
191000.000
176000.000
175400.000
178800.000
172400.000
176200.000
176000.000
179400.000
177400.000
175000.000
178400.000
176800.000
180800.000
176200.000
194000.000
181400.000
177800.000
182600.000
181800.000
187400.000
175800.000
176200.000
167000.000
173800.000
176200.000
190000.000
178200.000
173600.000
174200.000
175200.000
179600.000
184800.000
190600.000
176200.000
167800.000
168000.000
165400.000
161000.000
168200.000
176000.000
171400.000
168800.000
172000.000
176200.000
160000.000
161400.000
161000.000
162800.000
165400.000
171600.000
161600.000
151600.000
181000.000
189200.000
187400.000
186800.000
178200.000
178800.000
178600.000
182800.000
195000.000
183000.000
183200.000
186400.000
175000.000
181200.000
180200.000
184800.000
196800.000
179800.000
183600.000
177800.000
179600.000
186000.000
173000.000
191800.000
188200.000
183000.000
180800.000
195400.000
180400.000
184200.000
178600.000
179000.000
182000.000
185400.000
186200.000
178000.000
175400.000
193000.000
179000.000
185400.000
180200.000
181400.000
178600.000
185800.000
175800.000
181400.000
183400.000
174600.000
182800.000
184600.000
178400.000
186400.000
185800.000
187000.000
185400.000
181000.000
180400.000
181200.000
191400.000
185400.000
183400.000
178200.000
178000.000
191800.000
179600.000
187000.000
200400.000
175200.000
181400.000
194600.000
188200.000
195400.000
169000.000
191400.000
178200.000
186400.000
190800.000
189400.000
190000.000
176800.000
182800.000
195800.000
182400.000
188400.000
179000.000
184800.000
184000.000
180200.000
169200.000
195200.000
182400.000
188600.000
175200.000
186600.000
192400.000
190800.000
185400.000
185600.000
202600.000
185400.000
183400.000
192800.000
189800.000
179600.000
200400.000
185200.000
186400.000
188200.000
180400.000
192800.000
176600.000
182800.000
184600.000
187200.000
177200.000
182400.000
183000.000
190400.000
180200.000
187600.000
191600.000
187600.000
175600.000
175000.000
178000.000
185800.000
173400.000
176400.000
184600.000
182600.000
190800.000
180400.000
175200.000
169400.000
188200.000
175200.000
180000.000
182200.000
178600.000
185400.000
176800.000
177600.000
192000.000
180000.000
175600.000
186200.000
181800.000
177200.000
182000.000
177800.000
178200.000
180600.000
182200.000
186000.000
183200.000
174800.000
181800.000
188800.000
180600.000
176400.000
177800.000
172200.000
181600.000
183000.000
188000.000
184200.000
179400.000
163400.000
169000.000
181000.000
182000.000
178000.000
201800.000
176800.000
174000.000
175400.000
170800.000
171200.000
172000.000
170400.000
175800.000
177200.000
166600.000
179400.000
166800.000
175800.000
176400.000
166000.000
183800.000
170400.000
174600.000
167000.000
167400.000
174000.000
168400.000
166600.000
165200.000
165600.000
157400.000
164000.000
165000.000
180800.000
167400.000
180400.000
190400.000
184800.000
181200.000
182600.000
195600.000
183600.000
174600.000
185000.000
190600.000
180200.000
191800.000
190400.000
184800.000
184400.000
176400.000
170000.000
172000.000
180800.000
183800.000
172600.000
186000.000
173600.000
179200.000
193600.000
190400.000
185800.000
194600.000
182000.000
190000.000
178600.000
177000.000
202600.000
183600.000
187000.000
185200.000
177400.000
188200.000
179800.000
180000.000
190000.000
190600.000
179200.000
181400.000
175400.000
183200.000
183200.000
199600.000
191400.000
185200.000
189000.000
198800.000
181400.000
191800.000
184400.000
178200.000
184400.000
184200.000
193200.000
179800.000
185800.000
186200.000
184400.000
172800.000
196600.000
184200.000
189000.000
192600.000
183600.000
190600.000
184200.000
187800.000
188200.000
184400.000
184800.000
192800.000
180400.000
186200.000
199200.000
200200.000
187200.000
192200.000
172000.000
183000.000
202400.000
195600.000
193800.000
186600.000
182400.000
192600.000
184400.000
180800.000
188400.000
189400.000
197000.000
193000.000
189200.000
187000.000
187400.000
180400.000
192800.000
181200.000
184400.000
182200.000
188600.000
183400.000
181800.000
185800.000
186600.000
193800.000
191600.000
177200.000
182200.000
188600.000
180200.000
185400.000
202400.000
192200.000
189200.000
187000.000
192000.000
177600.000
185400.000
193400.000
188600.000
189600.000
182200.000
179000.000
176600.000
185200.000
194400.000
187200.000
171000.000
180800.000
176200.000
172800.000
177200.000
188200.000
177400.000
178200.000
167400.000
178800.000
182400.000
176200.000
186200.000
182800.000
180200.000
183800.000
174600.000
177600.000
181600.000
187000.000
183000.000
182200.000
176800.000
183000.000
189000.000
181000.000
169800.000
184400.000
178200.000
179000.000
176200.000
179400.000
188600.000
181800.000
173600.000
182800.000
190800.000
175000.000
171600.000
178400.000
171600.000
176800.000
171800.000
167000.000
174800.000
182800.000
186600.000
166200.000
177400.000
178800.000
178600.000
173400.000
168800.000
174600.000
174000.000
171400.000
168400.000
175000.000
160600.000
162600.000
177600.000
166800.000
170400.000
160600.000
168200.000
165800.000
159200.000
182600.000
196000.000
184000.000
178000.000
179800.000
180400.000
187400.000
172400.000
191400.000
187800.000
188600.000
190600.000
192200.000
185200.000
182800.000
187800.000
191000.000
175800.000
186000.000
183800.000
174800.000
169600.000
181000.000
172000.000
182000.000
178600.000
185800.000
193600.000
173200.000
180600.000
189200.000
191000.000
178800.000
181000.000
184000.000
184800.000
184800.000
185400.000
191000.000
193200.000
180000.000
189000.000
176600.000
192200.000
184400.000
184800.000
184400.000
191600.000
181800.000
184400.000
180600.000
181200.000
191200.000
177800.000
183600.000
174200.000
191600.000
185600.000
186800.000
177800.000
184600.000
187200.000
184000.000
189000.000
176600.000
179800.000
176600.000
168600.000
186600.000
195600.000
192200.000
185200.000
186000.000
179200.000
182000.000
179200.000
175200.000
184600.000
174400.000
188200.000
176600.000
190000.000
184200.000
186400.000
180000.000
179600.000
173000.000
188800.000
188000.000
187800.000
182200.000
178400.000
187600.000
177600.000
181800.000
194600.000
181400.000
179400.000
183400.000
192400.000
193400.000
190600.000
182200.000
190400.000
198600.000
190400.000
182200.000
173800.000
191800.000
191600.000
184000.000
184600.000
182600.000
190600.000
184800.000
188200.000
190000.000
171200.000
183200.000
181800.000
178800.000
179800.000
188200.000
185200.000
175400.000
182600.000
184000.000
179200.000
176200.000
170400.000
185800.000
185400.000
173800.000
172600.000
169600.000
183800.000
176400.000
192000.000
181600.000
181200.000
178000.000
166800.000
176200.000
174600.000
190400.000
178400.000
177800.000
183600.000
177600.000
188800.000
190200.000
176200.000
182000.000
189200.000
169400.000
178400.000
181800.000
176000.000
190200.000
177400.000
181800.000
171600.000
170200.000
180200.000
174600.000
181000.000
167400.000
184800.000
180400.000
187000.000
175600.000
176200.000
186000.000
183200.000
181400.000
177800.000
176400.000
173800.000
179400.000
177400.000
172600.000
183000.000
166600.000
176200.000
155800.000
168000.000
166600.000
178200.000
178200.000
168200.000
184600.000
173400.000
176800.000
168600.000
165800.000
168000.000
172000.000
165200.000
161200.000
161000.000
158600.000
189800.000
169800.000
187400.000
186600.000
173200.000
191800.000
182800.000
188200.000
191200.000
191000.000
191200.000
190000.000
184600.000
190000.000
185400.000
184400.000
200400.000
185400.000
192600.000
179000.000
188200.000
187400.000
196600.000
187800.000
198400.000
187800.000
175200.000
183600.000
187800.000
176800.000
183200.000
174200.000
180800.000
187600.000
192800.000
187000.000
174000.000
189400.000
190400.000
177400.000
189000.000
180800.000
187200.000
179600.000
176800.000
177000.000
182400.000
182400.000
174400.000
189000.000
183200.000
185400.000
193000.000
184600.000
173000.000
187000.000
189800.000
175600.000
178800.000
176400.000
173800.000
184200.000
190600.000
193000.000
188600.000
184600.000
179600.000
185800.000
192200.000
187800.000
183400.000
179400.000
188400.000
189400.000
185200.000
193200.000
186200.000
181000.000
185400.000
193400.000
182000.000
185000.000
187200.000
189800.000
188800.000
182200.000
196000.000
184400.000
175200.000
188000.000
182800.000
185800.000
181000.000
189800.000
171600.000
179200.000
190200.000
183800.000
180000.000
187400.000
179800.000
185000.000
178000.000
193800.000
183400.000
195200.000
187400.000
174800.000
191800.000
183600.000
195200.000
185400.000
192600.000
171400.000
180800.000
193000.000
193600.000
187200.000
188400.000
184000.000
175600.000
180000.000
188200.000
186200.000
191600.000
179400.000
182200.000
195200.000
173400.000
187200.000
176400.000
183600.000
183600.000
185600.000
182400.000
177200.000
171600.000
182800.000
183800.000
186000.000
182600.000
183600.000
185800.000
187400.000
169400.000
177600.000
188800.000
171400.000
168000.000
181800.000
177000.000
182600.000
178400.000
179000.000
178000.000
176200.000
187600.000
182800.000
171400.000
178200.000
173600.000
172400.000
177000.000
180600.000
184400.000
176800.000
178800.000
184400.000
173400.000
174800.000
176400.000
180600.000
179200.000
179600.000
178400.000
172600.000
176000.000
175200.000
178000.000
181000.000
178600.000
170000.000
167200.000
174600.000
178200.000
174200.000
176400.000
171000.000
178000.000
174400.000
166600.000
162600.000
174600.000
172000.000
160400.000
161800.000
158600.000
169600.000
162000.000
153400.000
162600.000
176800.000
177400.000
182000.000
188400.000
179000.000
169200.000
192000.000
185200.000
173600.000
184400.000
192000.000
179600.000
179600.000
197600.000
186600.000
184200.000
174400.000
175200.000
169800.000
183000.000
180600.000
179800.000
185400.000
178200.000
180600.000
187200.000
181400.000
175000.000
187400.000
178400.000
182400.000
170800.000
174400.000
183000.000
175800.000
175400.000
181400.000
186200.000
179400.000
179400.000
190600.000
175000.000
185400.000
185000.000
175400.000
189000.000
174000.000
172800.000
185200.000
186600.000
182000.000
186600.000
190400.000
175000.000
189000.000
186200.000
186800.000
182200.000
176000.000
184800.000
195600.000
175200.000
190000.000
183400.000
186600.000
191000.000
181200.000
178200.000
186600.000
181600.000
183800.000
188600.000
188200.000
194200.000
183600.000
190600.000
174200.000
179000.000
183400.000
177800.000
181000.000
188800.000
181600.000
182800.000
192800.000
201400.000
183400.000
176000.000
181400.000
192600.000
180400.000
183200.000
185600.000
181400.000
194000.000
180600.000
181800.000
178400.000
180200.000
182400.000
185200.000
189000.000
190600.000
180400.000
191400.000
183800.000
185400.000
190000.000
184200.000
177800.000
185800.000
198600.000
190600.000
186000.000
186000.000
195600.000
187400.000
185800.000
183000.000
195600.000
190200.000
186400.000
169800.000
173400.000
191600.000
189600.000
181600.000
191000.000
196200.000
185800.000
187000.000
178800.000
178400.000
183800.000
177600.000
176400.000
181600.000
185600.000
185800.000
187400.000
180000.000
185400.000
182000.000
176400.000
179000.000
184400.000
187800.000
187600.000
195000.000
186600.000
182200.000
182200.000
183600.000
187200.000
174000.000
173600.000
187800.000
173200.000
184000.000
178600.000
177800.000
182000.000
174400.000
181600.000
173000.000
183800.000
174200.000
192000.000
173600.000
184200.000
190400.000
170800.000
176800.000
176600.000
185200.000
170800.000
177800.000
170800.000
181200.000
177000.000
184000.000
166200.000
176800.000
174000.000
163600.000
162200.000
162600.000
162800.000
173600.000
177400.000
158400.000
163200.000
175600.000
163200.000
163600.000
169200.000
168000.000
162000.000
165800.000
163600.000
155800.000
195000.000
194200.000
174800.000
186800.000
188200.000
190800.000
181200.000
185800.000
178600.000
186800.000
181400.000
188000.000
190200.000
179200.000
186400.000
184400.000
181400.000
180400.000
179600.000
180600.000
172200.000
179000.000
188200.000
191600.000
189200.000
199600.000
176200.000
182400.000
200200.000
189600.000
180800.000
188200.000
179800.000
179800.000
169800.000
183200.000
187000.000
188600.000
186800.000
196800.000
167200.000
186600.000
188600.000
178800.000
179200.000
181600.000
185800.000
183200.000
183000.000
184600.000
188800.000
177800.000
191600.000
196000.000
194400.000
181600.000
189000.000
187800.000
189400.000
182800.000
189200.000
180400.000
178200.000
191400.000
183600.000
200000.000
185800.000
193600.000
192400.000
198200.000
184000.000
186000.000
188000.000
184200.000
186400.000
193000.000
190200.000
186800.000
194600.000
181000.000
187000.000
190400.000
189000.000
188000.000
184600.000
175600.000
192000.000
191000.000
195000.000
185200.000
193800.000
183600.000
192800.000
179200.000
182200.000
183200.000
185000.000
185400.000
188000.000
184800.000
187600.000
181600.000
185600.000
177200.000
187800.000
174000.000
180800.000
180200.000
176400.000
185400.000
179800.000
188200.000
183800.000
186200.000
184600.000
193600.000
184000.000
174600.000
173200.000
184800.000
183200.000
179400.000
183400.000
182800.000
176200.000
184400.000
201000.000
186400.000
188400.000
179800.000
176600.000
182600.000
190800.000
187200.000
180000.000
188800.000
183400.000
185600.000
178000.000
180000.000
179000.000
180200.000
178600.000
182000.000
202800.000
188200.000
182600.000
179200.000
184800.000
177200.000
174000.000
185200.000
176000.000
188400.000
173400.000
181600.000
173600.000
181400.000
180000.000
180200.000
176000.000
181800.000
177400.000
177400.000
184400.000
170800.000
183600.000
173400.000
176600.000
167000.000
178200.000
180600.000
174000.000
179000.000
181000.000
175400.000
178000.000
176800.000
179200.000
177600.000
180600.000
168400.000
168200.000
169400.000
179600.000
170600.000
168600.000
164200.000
180000.000
165400.000
172400.000
166200.000
167800.000
176800.000
170200.000
161600.000
168600.000
165800.000
171400.000
160600.000
171400.000
185400.000
187400.000
177600.000
186800.000
193400.000
181600.000
185000.000
174800.000
180400.000
184200.000
193000.000
186600.000
188400.000
188600.000
190200.000
187200.000
181400.000
191400.000
183000.000
176600.000
182000.000
181400.000
180200.000
173600.000
179400.000
184400.000
173200.000
182400.000
182000.000
182600.000
183600.000
187000.000
181400.000
187400.000
183600.000
177600.000
178400.000
178200.000
177800.000
195400.000
196600.000
184600.000
178200.000
187600.000
177400.000
194400.000
187200.000
188600.000
187400.000
182800.000
182000.000
191200.000
185200.000
187600.000
189200.000
179200.000
181200.000
194000.000
182000.000
186400.000
177000.000
179800.000
187400.000
188800.000
186200.000
194800.000
180800.000
183000.000
175000.000
193400.000
193000.000
186200.000
192000.000
184800.000
181800.000
175000.000
190600.000
174000.000
204400.000
180400.000
184200.000
187400.000
179400.000
180000.000
180600.000
186200.000
184200.000
192200.000
191200.000
193400.000
182400.000
183200.000
182800.000
180600.000
179600.000
192200.000
174200.000
183400.000
187600.000
185600.000
188000.000
187600.000
186400.000
188000.000
183200.000
192400.000
184200.000
184400.000
181000.000
179800.000
187800.000
176200.000
179800.000
177200.000
192000.000
178600.000
189800.000
181800.000
171800.000
178600.000
173600.000
181400.000
178800.000
188400.000
188800.000
184400.000
181600.000
185400.000
180800.000
187200.000
190400.000
183400.000
188400.000
184800.000
187000.000
183400.000
188200.000
187200.000
172600.000
185800.000
179400.000
183000.000
183400.000
179800.000
178400.000
166400.000
187400.000
172000.000
171400.000
185200.000
178600.000
174000.000
183000.000
180200.000
176600.000
182800.000
170600.000
187400.000
171600.000
165000.000
179600.000
179600.000
179400.000
179600.000
168000.000
174000.000
170000.000
169600.000
177400.000
180000.000
183400.000
175400.000
165200.000
176400.000
167000.000
178400.000
173600.000
167400.000
183000.000
169200.000
177800.000
189000.000
181200.000
165800.000
168200.000
168600.000
173400.000
177400.000
168800.000
170000.000
170200.000
170200.000
165200.000
158600.000
165600.000
171800.000
175200.000
167000.000
159600.000
159000.000
177200.000
182600.000
189000.000
183000.000
188200.000
188400.000
181800.000
180200.000
190800.000
187400.000
180000.000
171400.000
183400.000
183600.000
179200.000
177400.000
178800.000
182600.000
174600.000
178600.000
182200.000
176400.000
180200.000
181200.000
180400.000
174800.000
182600.000
180600.000
177400.000
188000.000
179200.000
176800.000
193600.000
187000.000
184600.000
183600.000
189200.000
185800.000
192200.000
186800.000
188200.000
179400.000
189600.000
179800.000
186200.000
186000.000
178400.000
187000.000
187600.000
184400.000
189600.000
187800.000
186000.000
187800.000
190600.000
188600.000
184400.000
176200.000
187600.000
186400.000
179200.000
169400.000
182400.000
181200.000
168800.000
184000.000
185400.000
182400.000
179800.000
192600.000
190000.000
179800.000
182600.000
199000.000
182200.000
178200.000
169000.000
187200.000
184600.000
181400.000
186000.000
182800.000
185600.000
174800.000
177400.000
191400.000
181600.000
179800.000
189600.000
189400.000
189600.000
181200.000
181000.000
182600.000
192000.000
184400.000
190000.000
189600.000
179400.000
182600.000
196800.000
184800.000
182000.000
187000.000
185000.000
190800.000
183000.000
184600.000
177400.000
188400.000
187600.000
174000.000
178600.000
184800.000
180800.000
190000.000
189400.000
183600.000
174400.000
187200.000
178400.000
176800.000
177800.000
178800.000
169200.000
183200.000
177200.000
187000.000
190400.000
183400.000
179000.000
179600.000
171600.000
176400.000
177800.000
178800.000
170000.000
183400.000
182600.000
187400.000
183800.000
185600.000
187200.000
177600.000
182400.000
177400.000
173000.000
178400.000
185400.000
175000.000
175600.000
186000.000
186400.000
175600.000
185600.000
177200.000
168000.000
173600.000
183800.000
165800.000
176800.000
183400.000
173800.000
181400.000
183800.000
176600.000
172600.000
175400.000
177600.000
171200.000
168400.000
179800.000
165400.000
171800.000
173600.000
170600.000
182800.000
175600.000
170400.000
169200.000
174800.000
174000.000
167400.000
165200.000
182200.000
168000.000
163200.000
171800.000
166000.000
161800.000
163600.000
171800.000
172600.000
165400.000
152800.000
170000.000
161200.000
165800.000
161800.000
169200.000
173600.000
165800.000
180800.000
179200.000
184000.000
186200.000
184800.000
177400.000
185400.000
189600.000
186200.000
187200.000
168000.000
181200.000
169600.000
176400.000
200200.000
179800.000
179800.000
182600.000
186200.000
184600.000
185000.000
175800.000
190200.000
183000.000
178800.000
187800.000
193800.000
175400.000
186600.000
185800.000
181800.000
183600.000
195400.000
183400.000
179400.000
194800.000
176800.000
191200.000
188400.000
197600.000
182600.000
195200.000
183800.000
182200.000
176400.000
187600.000
175200.000
187800.000
183000.000
179800.000
187200.000
182200.000
186800.000
179600.000
190200.000
191600.000
186800.000
172000.000
173400.000
171400.000
173200.000
172600.000
190000.000
183800.000
185400.000
175800.000
183200.000
187800.000
176400.000
190600.000
179400.000
185000.000
196000.000
191200.000
187000.000
189600.000
173000.000
177800.000
184000.000
176000.000
193000.000
184600.000
193600.000
176600.000
182600.000
178200.000
187200.000
180600.000
191800.000
181800.000
186600.000
176400.000
180400.000
184600.000
187600.000
185000.000
194600.000
190800.000
179200.000
186000.000
176400.000
189800.000
194000.000
176200.000
180800.000
179200.000
181400.000
183400.000
178400.000
175800.000
183000.000
186800.000
180200.000
178400.000
188000.000
183200.000
203400.000
179600.000
183200.000
178400.000
180000.000
183600.000
183600.000
180400.000
191600.000
181000.000
187000.000
188600.000
179600.000
168000.000
179200.000
168400.000
185400.000
180800.000
183200.000
195400.000
187800.000
171400.000
181400.000
177400.000
178200.000
177000.000
178000.000
178600.000
174400.000
179000.000
178800.000
185600.000
175200.000
192600.000
166400.000
171400.000
180000.000
175200.000
187600.000
180600.000
176400.000
177800.000
174800.000
185800.000
181600.000
184400.000
184000.000
176600.000
173400.000
182800.000
188600.000
183400.000
177000.000
176800.000
174800.000
183800.000
174200.000
178200.000
167600.000
172600.000
181400.000
170400.000
190200.000
179200.000
172800.000
171000.000
162000.000
166600.000
176000.000
182400.000
167400.000
177600.000
178400.000
172400.000
159800.000
166200.000
160200.000
165800.000
175600.000
158200.000
170000.000
158000.000
154600.000
175000.000
161800.000
164400.000
178600.000
182800.000
188800.000
194600.000
194200.000
182600.000
185600.000
180400.000
181200.000
183600.000
182600.000
192600.000
189800.000
173600.000
184000.000
177600.000
176000.000
183800.000
174400.000
165800.000
189000.000
182800.000
170400.000
183000.000
186400.000
185600.000
190600.000
183800.000
178000.000
189600.000
184600.000
185400.000
187600.000
179400.000
181200.000
178400.000
177600.000
186400.000
188200.000
183000.000
181400.000
187000.000
182000.000
183400.000
186400.000
184800.000
180400.000
183600.000
188200.000
171600.000
176600.000
180200.000
178200.000
183200.000
170600.000
177800.000
177600.000
184800.000
173800.000
189800.000
168200.000
168200.000
176400.000
188200.000
186000.000
190200.000
191200.000
183600.000
190800.000
181200.000
184400.000
184600.000
180000.000
188600.000
174200.000
186800.000
189600.000
189600.000
180000.000
185600.000
188400.000
182000.000
195800.000
190200.000
184000.000
183600.000
188200.000
175000.000
179200.000
173600.000
169600.000
183800.000
179600.000
199000.000
192600.000
175800.000
192400.000
195200.000
191000.000
188200.000
172200.000
183400.000
190200.000
175600.000
182200.000
173600.000
184800.000
190400.000
192000.000
185800.000
181600.000
184000.000
181400.000
173400.000
176000.000
188600.000
178200.000
184600.000
188200.000
180800.000
182000.000
186400.000
179400.000
173600.000
194000.000
177200.000
188400.000
183200.000
188000.000
180000.000
189000.000
175400.000
177600.000
175600.000
171800.000
180000.000
175800.000
175200.000
174800.000
178200.000
187200.000
179000.000
181200.000
177400.000
183600.000
178000.000
172600.000
186400.000
181600.000
188800.000
183000.000
189600.000
175600.000
180000.000
181400.000
190600.000
182800.000
180400.000
185000.000
178600.000
176600.000
187600.000
168600.000
180200.000
184600.000
183600.000
171400.000
178800.000
181000.000
179000.000
176800.000
174600.000
188800.000
165600.000
174600.000
175800.000
175200.000
176800.000
169200.000
176600.000
171600.000
179200.000
166200.000
164400.000
161000.000
172200.000
172000.000
170200.000
177200.000
167400.000
159200.000
162000.000
162200.000
157200.000
158800.000
166200.000
158000.000
166800.000
173000.000
158600.000
181600.000
184000.000
181600.000
179600.000
187000.000
186400.000
189000.000
176800.000
173800.000
183000.000
192600.000
177400.000
191800.000
186000.000
182800.000
186000.000
176000.000
189400.000
185000.000
187400.000
199400.000
179200.000
182800.000
189000.000
187800.000
182200.000
195000.000
196400.000
181800.000
191800.000
184800.000
189400.000
183000.000
181400.000
181000.000
176800.000
194000.000
184000.000
178400.000
182200.000
183400.000
183600.000
187200.000
200000.000
175600.000
175000.000
191400.000
190800.000
179000.000
188600.000
188200.000
186200.000
178400.000
181800.000
176200.000
187400.000
185800.000
182200.000
171800.000
174600.000
174400.000
184000.000
172000.000
182400.000
198400.000
179600.000
196000.000
179400.000
204000.000
178600.000
182600.000
190400.000
191600.000
183400.000
176200.000
177200.000
185600.000
184000.000
182600.000
193800.000
179000.000
172400.000
180400.000
186800.000
185800.000
183800.000
184200.000
192400.000
174000.000
182000.000
178200.000
185000.000
179800.000
191200.000
185200.000
185400.000
187800.000
183600.000
178000.000
179000.000
199600.000
190000.000
194000.000
178800.000
188000.000
177200.000
190600.000
174200.000
173600.000
197000.000
174600.000
188800.000
185200.000
182200.000
180800.000
183600.000
192000.000
186600.000
181800.000
182400.000
185400.000
189800.000
179400.000
192600.000
186000.000
196800.000
177800.000
180000.000
178000.000
174600.000
167000.000
185800.000
190200.000
187200.000
182400.000
183600.000
177800.000
173200.000
183400.000
185800.000
180600.000
176000.000
182400.000
192200.000
185200.000
176000.000
177000.000
165200.000
180600.000
179800.000
185400.000
172400.000
176200.000
181600.000
180400.000
178400.000
172600.000
180400.000
191000.000
178000.000
182000.000
178600.000
193400.000
174600.000
180400.000
186000.000
184800.000
173200.000
179000.000
174200.000
187200.000
174800.000
173000.000
180400.000
181000.000
170600.000
179600.000
189600.000
180800.000
179800.000
173600.000
184800.000
169000.000
173400.000
171000.000
177800.000
176200.000
182000.000
174000.000
170600.000
162800.000
167400.000
153600.000
153200.000
163800.000
165200.000
165200.000
161800.000
168400.000
161800.000
156000.000
176800.000
184200.000
187800.000
193400.000
181200.000
185400.000
185800.000
179800.000
178800.000
183200.000
187400.000
197600.000
186400.000
194800.000
180800.000
184200.000
182600.000
182600.000
189200.000
193000.000
190200.000
182800.000
183800.000
185000.000
191600.000
179400.000
190600.000
185000.000
188600.000
186600.000
171000.000
187000.000
180200.000
186200.000
197600.000
182400.000
174000.000
178800.000
189800.000
184200.000
178200.000
170400.000
181000.000
178200.000
186400.000
177200.000
180400.000
180800.000
188200.000
183200.000
180000.000
182800.000
186800.000
186200.000
176800.000
198000.000
184800.000
174800.000
173600.000
182400.000
181000.000
177200.000
175400.000
190000.000
189600.000
192200.000
188600.000
186600.000
186000.000
177200.000
183400.000
193200.000
184600.000
180400.000
188200.000
181000.000
180200.000
186400.000
184800.000
178400.000
184200.000
192400.000
186000.000
182600.000
182800.000
182600.000
191000.000
180600.000
186800.000
176000.000
182800.000
179200.000
182600.000
174800.000
188800.000
195200.000
193600.000
193200.000
182200.000
191800.000
190000.000
171000.000
189000.000
179200.000
185000.000
180400.000
178800.000
183600.000
186800.000
186200.000
187000.000
177200.000
181800.000
180800.000
186400.000
175000.000
184200.000
192200.000
181000.000
174600.000
180000.000
187000.000
193000.000
184600.000
185800.000
187800.000
184000.000
185800.000
188000.000
183000.000
177000.000
181200.000
180200.000
191000.000
176600.000
176000.000
176600.000
173800.000
179600.000
173400.000
184000.000
184200.000
188600.000
174400.000
172800.000
179200.000
174800.000
182800.000
177600.000
182800.000
181000.000
179600.000
187000.000
177800.000
184000.000
172400.000
185000.000
184200.000
181800.000
185400.000
175200.000
183400.000
180000.000
178000.000
176800.000
177200.000
177800.000
165400.000
186000.000
170600.000
178400.000
171400.000
172800.000
171800.000
172000.000
173000.000
176200.000
178600.000
181600.000
180800.000
175200.000
168800.000
172800.000
172800.000
171000.000
177200.000
160600.000
171200.000
162400.000
177800.000
165600.000
164600.000
157800.000
162400.000
164200.000
167600.000
151400.000
170000.000
160800.000
170800.000
160600.000
187800.000
181400.000
186600.000
175600.000
177200.000
184000.000
190000.000
189200.000
183000.000
196800.000
193000.000
208200.000
182600.000
187600.000
191600.000
181600.000
184200.000
188400.000
182200.000
195000.000
183400.000
170200.000
188200.000
188800.000
186400.000
175600.000
192000.000
192000.000
187400.000
184200.000
175600.000
183000.000
179600.000
187400.000
189800.000
187200.000
187000.000
190200.000
188000.000
184400.000
177400.000
174000.000
167000.000
171400.000
184600.000
176600.000
179800.000
184400.000
185000.000
190800.000
183000.000
176800.000
191600.000
177200.000
191000.000
183000.000
185800.000
179600.000
178200.000
175000.000
185000.000
181000.000
189200.000
179200.000
179400.000
185800.000
195000.000
187800.000
185400.000
179800.000
186800.000
181400.000
184400.000
184600.000
178400.000
184400.000
173000.000
195600.000
165600.000
185200.000
183400.000
182800.000
184200.000
180000.000
183400.000
176800.000
188000.000
192800.000
181000.000
187000.000
174400.000
181000.000
174400.000
176400.000
185800.000
168400.000
180600.000
186400.000
182000.000
191400.000
167000.000
166800.000
175200.000
176800.000
189800.000
187200.000
187200.000
184200.000
182200.000
189600.000
183200.000
190000.000
188200.000
185600.000
193600.000
172800.000
179800.000
179800.000
177000.000
187400.000
186400.000
182800.000
186800.000
173200.000
170800.000
184200.000
185000.000
188600.000
175000.000
176800.000
176800.000
180800.000
174800.000
183200.000
187200.000
185600.000
187800.000
170000.000
183200.000
178800.000
177000.000
181200.000
181800.000
181400.000
176200.000
189000.000
183600.000
178600.000
175400.000
175600.000
177600.000
165600.000
188200.000
190800.000
186400.000
183200.000
186800.000
180400.000
184000.000
180600.000
163200.000
183400.000
182200.000
185200.000
177000.000
181200.000
177000.000
177200.000
180400.000
168200.000
168000.000
177600.000
165600.000
180600.000
166000.000
181400.000
177000.000
169200.000
168200.000
182800.000
164400.000
171400.000
175800.000
178000.000
176600.000
173200.000
171600.000
179800.000
174200.000
163400.000
165400.000
162200.000
171600.000
159800.000
163600.000
154400.000
178000.000
167200.000
157200.000
169200.000
165400.000
183600.000
176800.000
188000.000
177200.000
187600.000
178800.000
183400.000
187400.000
189600.000
182000.000
183800.000
193800.000
185200.000
186000.000
179200.000
188000.000
176800.000
187600.000
185800.000
182400.000
176600.000
171200.000
192000.000
193200.000
183600.000
174200.000
183800.000
173000.000
184200.000
192800.000
184800.000
191000.000
178000.000
180800.000
177800.000
189400.000
182600.000
187200.000
185000.000
171400.000
166800.000
176000.000
183600.000
173000.000
179800.000
185600.000
191600.000
184400.000
182600.000
182400.000
181000.000
192000.000
180200.000
179000.000
183200.000
193200.000
185000.000
191200.000
167200.000
186600.000
185400.000
183800.000
178800.000
188600.000
192400.000
184800.000
187000.000
189800.000
183000.000
181200.000
187400.000
187400.000
191600.000
182000.000
182600.000
181200.000
180000.000
179200.000
188600.000
179400.000
187000.000
186400.000
183000.000
179800.000
184400.000
187600.000
176200.000
181600.000
185600.000
185800.000
182000.000
181400.000
186800.000
180400.000
170400.000
176800.000
182400.000
188000.000
193200.000
186200.000
177000.000
187800.000
187200.000
182200.000
186400.000
191000.000
194000.000
181400.000
180600.000
169600.000
172200.000
189200.000
189800.000
190000.000
167600.000
169600.000
181000.000
179400.000
175800.000
187800.000
186000.000
185000.000
185000.000
177200.000
177200.000
184000.000
180000.000
189200.000
181000.000
189200.000
183600.000
176600.000
175800.000
174800.000
171400.000
187200.000
185600.000
174400.000
178600.000
190000.000
173000.000
190800.000
179000.000
170400.000
187200.000
183200.000
169400.000
176400.000
191000.000
183400.000
182200.000
178400.000
169800.000
179600.000
182600.000
183800.000
193200.000
172800.000
170600.000
181800.000
177400.000
180200.000
189400.000
179600.000
172800.000
193200.000
169800.000
179800.000
182000.000
179000.000
171800.000
187400.000
188800.000
181000.000
182000.000
170600.000
175000.000
187200.000
167600.000
178600.000
168000.000
180400.000
162200.000
175800.000
180000.000
171800.000
172400.000
174400.000
169400.000
169400.000
167600.000
160000.000
160200.000
157600.000
167400.000
161600.000
171800.000
156200.000
163000.000
147600.000
163200.000
178600.000
195400.000
180000.000
186200.000
177200.000
185600.000
193800.000
195200.000
199000.000
180600.000
184600.000
182800.000
183000.000
178000.000
195800.000
183000.000
188400.000
179800.000
182800.000
181800.000
177600.000
179600.000
192000.000
168600.000
179800.000
190800.000
166200.000
182400.000
179800.000
178600.000
176000.000
183400.000
180800.000
193200.000
184000.000
184800.000
176600.000
199600.000
178800.000
174400.000
175200.000
172600.000
155400.000
167200.000
172600.000
177000.000
173600.000
187600.000
178600.000
176200.000
186800.000
176800.000
191800.000
184400.000
176200.000
179800.000
196000.000
184000.000
183600.000
180600.000
181000.000
188800.000
187200.000
186200.000
190000.000
191200.000
186800.000
195200.000
194000.000
201600.000
180400.000
180600.000
188400.000
178800.000
179800.000
191000.000
188000.000
175600.000
186800.000
180400.000
166200.000
192400.000
176000.000
178200.000
189400.000
179000.000
186000.000
193200.000
183600.000
174000.000
186600.000
179200.000
181800.000
180400.000
174600.000
176400.000
181200.000
169600.000
186400.000
181600.000
185800.000
170200.000
180400.000
175800.000
196000.000
180600.000
174600.000
173000.000
181800.000
176200.000
182000.000
192600.000
173000.000
189400.000
184800.000
182800.000
180000.000
187400.000
188000.000
182800.000
188600.000
176800.000
178200.000
180000.000
181400.000
176200.000
168600.000
178800.000
186000.000
179200.000
182400.000
187400.000
179400.000
188400.000
176800.000
173000.000
174600.000
187800.000
177000.000
186000.000
178400.000
183000.000
170800.000
176000.000
182800.000
181800.000
184200.000
180800.000
184200.000
184000.000
185200.000
187400.000
180000.000
179000.000
187000.000
178200.000
179600.000
178800.000
179000.000
187600.000
181200.000
171000.000
178000.000
168600.000
166400.000
180000.000
179400.000
173800.000
180400.000
178600.000
174200.000
170600.000
177000.000
173800.000
170400.000
166600.000
179000.000
168800.000
168600.000
172200.000
174200.000
186000.000
152200.000
174000.000
181000.000
176200.000
166600.000
167800.000
172400.000
162200.000
175000.000
177400.000
179600.000
161400.000
155600.000
159400.000
156000.000
153000.000
153600.000
160600.000
167400.000
187000.000
188000.000
194400.000
171000.000
183000.000
176800.000
180200.000
186600.000
189200.000
189000.000
182400.000
183800.000
185000.000
180800.000
187200.000
186800.000
185600.000
192000.000
181800.000
178400.000
191200.000
177000.000
180000.000
180000.000
183200.000
182600.000
174000.000
192000.000
186000.000
187800.000
178200.000
181200.000
181400.000
182600.000
178000.000
183400.000
184200.000
196800.000
187200.000
171200.000
168400.000
159800.000
163400.000
159000.000
174600.000
170000.000
175600.000
186800.000
175800.000
189800.000
180400.000
183600.000
181000.000
187000.000
183200.000
193200.000
170000.000
183600.000
186400.000
182200.000
185800.000
184800.000
187200.000
179400.000
188000.000
181600.000
182600.000
190800.000
187400.000
181400.000
169000.000
189200.000
172200.000
195000.000
187400.000
189600.000
181200.000
185200.000
179200.000
187000.000
192000.000
186600.000
181600.000
188600.000
189800.000
186400.000
179600.000
186200.000
178400.000
179000.000
176400.000
177800.000
184200.000
179600.000
178600.000
185600.000
177600.000
173400.000
183200.000
187800.000
187200.000
181600.000
173600.000
179200.000
181000.000
178600.000
178800.000
181000.000
191600.000
177800.000
175200.000
181200.000
187400.000
183400.000
179400.000
180400.000
189600.000
186600.000
181000.000
184800.000
172800.000
175400.000
178800.000
187000.000
185000.000
177600.000
182200.000
183800.000
188400.000
185200.000
176000.000
184600.000
173800.000
179000.000
176400.000
175000.000
178400.000
176200.000
189800.000
181200.000
171200.000
174800.000
185400.000
178600.000
185400.000
178600.000
174800.000
192600.000
183600.000
182600.000
177800.000
177400.000
185800.000
180200.000
177000.000
177000.000
174800.000
177800.000
189400.000
195000.000
174800.000
178800.000
182800.000
182200.000
169800.000
168800.000
183200.000
177000.000
176800.000
168800.000
169200.000
172600.000
175600.000
178800.000
172600.000
182400.000
170800.000
176800.000
176800.000
171800.000
149000.000
166400.000
169000.000
170200.000
171000.000
171800.000
168000.000
176000.000
170600.000
166600.000
162800.000
164800.000
162600.000
170800.000
161800.000
156600.000
170200.000
166800.000
151200.000
151400.000
149800.000
192200.000
174800.000
186000.000
190200.000
176000.000
178600.000
183600.000
186600.000
188000.000
190600.000
190800.000
192800.000
191800.000
176400.000
188200.000
189400.000
185000.000
190400.000
182200.000
181600.000
183600.000
171400.000
189000.000
188800.000
175600.000
184400.000
191400.000
193600.000
194600.000
182600.000
180400.000
178400.000
187400.000
187200.000
169200.000
180800.000
172200.000
184200.000
173000.000
170600.000
166200.000
158000.000
157000.000
161800.000
172600.000
174600.000
168400.000
184600.000
185800.000
188600.000
177400.000
190600.000
179800.000
187200.000
188000.000
184600.000
181200.000
198000.000
183200.000
181800.000
183600.000
182000.000
187600.000
187800.000
185800.000
180000.000
195600.000
184600.000
190000.000
188600.000
179800.000
193400.000
184000.000
173600.000
182600.000
179000.000
188200.000
186400.000
187400.000
188400.000
178200.000
182200.000
186800.000
189600.000
181800.000
181800.000
172600.000
190800.000
189200.000
183000.000
195200.000
188800.000
185000.000
185400.000
173400.000
183000.000
182200.000
177600.000
187800.000
186000.000
182400.000
186000.000
175800.000
187200.000
172600.000
179200.000
192200.000
181600.000
176800.000
178800.000
176200.000
182800.000
183000.000
183400.000
186400.000
190800.000
173600.000
181800.000
185200.000
178400.000
176200.000
191200.000
187600.000
185200.000
181600.000
189400.000
182800.000
181800.000
181800.000
189800.000
181400.000
175400.000
175200.000
183800.000
173000.000
188800.000
179600.000
181400.000
177600.000
183400.000
184000.000
191800.000
174000.000
184600.000
177400.000
183600.000
177000.000
179800.000
183200.000
184600.000
183000.000
181200.000
180000.000
188000.000
175400.000
183800.000
191800.000
173000.000
188200.000
179400.000
185600.000
179400.000
176000.000
175600.000
186400.000
172200.000
181600.000
185200.000
182400.000
186000.000
175000.000
180000.000
166800.000
174000.000
169800.000
192200.000
177400.000
178800.000
162000.000
177400.000
165400.000
165400.000
167200.000
167400.000
165400.000
162400.000
166600.000
166400.000
177000.000
160000.000
169000.000
161400.000
170400.000
168600.000
158400.000
161600.000
152800.000
162800.000
167800.000
164400.000
162200.000
171400.000
191000.000
186400.000
178000.000
187200.000
186600.000
183600.000
175800.000
181000.000
177800.000
180800.000
175800.000
181400.000
179200.000
171800.000
185200.000
186400.000
191000.000
200200.000
203400.000
188600.000
181800.000
186200.000
172200.000
177800.000
177800.000
191800.000
180800.000
183200.000
179400.000
181800.000
181200.000
175400.000
175600.000
179200.000
190400.000
180200.000
190600.000
182400.000
168800.000
175000.000
168200.000
172800.000
167800.000
168000.000
180200.000
176000.000
188600.000
177600.000
174400.000
186200.000
175400.000
184400.000
197400.000
185000.000
173000.000
184000.000
170000.000
195000.000
189400.000
181400.000
185000.000
194600.000
183400.000
187000.000
179800.000
182000.000
189200.000
178800.000
177800.000
189400.000
179600.000
177800.000
187800.000
184200.000
184200.000
189000.000
176600.000
178600.000
188000.000
179600.000
186800.000
182400.000
177800.000
185800.000
181200.000
173600.000
178200.000
185400.000
180400.000
181400.000
181200.000
182800.000
184200.000
180800.000
179600.000
189000.000
192400.000
179400.000
191000.000
177600.000
191200.000
188200.000
185000.000
182000.000
184600.000
175600.000
180200.000
169200.000
184000.000
186000.000
181400.000
186400.000
183000.000
190000.000
184600.000
178800.000
184400.000
184400.000
187800.000
191400.000
185000.000
185600.000
179400.000
200400.000
178400.000
177000.000
186400.000
189400.000
187200.000
185800.000
184600.000
183400.000
188800.000
190600.000
170800.000
192000.000
183200.000
186200.000
179600.000
177000.000
175200.000
178000.000
185600.000
181400.000
180400.000
190000.000
175600.000
178200.000
192000.000
184600.000
174400.000
182800.000
179200.000
183200.000
175800.000
186000.000
180400.000
172800.000
175400.000
177800.000
178600.000
184600.000
183000.000
173400.000
183800.000
198000.000
176200.000
163600.000
173600.000
164800.000
180000.000
180800.000
172400.000
169800.000
179400.000
160600.000
184800.000
173200.000
166600.000
161800.000
168600.000
172000.000
166400.000
169400.000
174200.000
168200.000
175000.000
163400.000
167600.000
153600.000
171200.000
169600.000
163000.000
154200.000
173400.000
168400.000
166200.000
165600.000
154800.000
161600.000
176800.000
177200.000
181800.000
187600.000
196000.000
181000.000
183200.000
184200.000
189800.000
192800.000
180400.000
178200.000
189000.000
190800.000
184000.000
192600.000
181400.000
180000.000
187600.000
174400.000
187200.000
190800.000
187200.000
187800.000
181800.000
182200.000
170800.000
200200.000
184200.000
191600.000
183000.000
173800.000
180600.000
188800.000
178400.000
178000.000
190400.000
175800.000
177000.000
176200.000
166200.000
170200.000
165600.000
174400.000
169200.000
173000.000
180000.000
191800.000
180000.000
187400.000
184600.000
190200.000
178400.000
194600.000
183400.000
171000.000
182000.000
191200.000
191200.000
175800.000
186400.000
178400.000
186400.000
190400.000
186200.000
181200.000
193400.000
189400.000
185400.000
193000.000
191400.000
185800.000
178200.000
182200.000
179800.000
184200.000
180800.000
180000.000
183400.000
183400.000
180600.000
187600.000
183800.000
200400.000
176200.000
180400.000
179000.000
178800.000
169400.000
192600.000
184600.000
181200.000
167000.000
196200.000
181600.000
181800.000
191200.000
182800.000
183000.000
182600.000
179800.000
188400.000
181400.000
185800.000
171200.000
181200.000
183200.000
182400.000
186400.000
181600.000
183000.000
195200.000
179600.000
190600.000
179600.000
181000.000
177600.000
195400.000
186200.000
181600.000
181400.000
183200.000
181000.000
177800.000
184000.000
188600.000
186400.000
192200.000
183200.000
181000.000
191200.000
178800.000
170600.000
178600.000
181600.000
180200.000
192200.000
182200.000
181400.000
175600.000
172800.000
181600.000
187800.000
182200.000
177600.000
172600.000
177800.000
182800.000
175600.000
182600.000
176800.000
172200.000
184800.000
191600.000
189000.000
180000.000
172200.000
180600.000
176000.000
185400.000
179200.000
177800.000
188400.000
187000.000
184600.000
186000.000
171000.000
179200.000
174800.000
167200.000
177800.000
185800.000
166400.000
165400.000
180800.000
169600.000
181600.000
178800.000
164600.000
159400.000
172600.000
175800.000
166800.000
174800.000
169800.000
160600.000
179800.000
157600.000
170600.000
166000.000
176000.000
164800.000
165200.000
160400.000
168000.000
161800.000
168400.000
161800.000
177800.000
169400.000
157200.000
174200.000
182200.000
200200.000
173400.000
181200.000
181600.000
180800.000
183000.000
177600.000
180200.000
189400.000
174200.000
192200.000
177200.000
177400.000
189000.000
177800.000
185200.000
179000.000
187800.000
189400.000
195800.000
177600.000
178400.000
175800.000
177200.000
187000.000
184800.000
169400.000
192400.000
178800.000
185800.000
183800.000
185000.000
182200.000
186200.000
178000.000
183000.000
180200.000
189200.000
171800.000
165800.000
165600.000
175400.000
165600.000
171200.000
184000.000
187800.000
181800.000
170400.000
183600.000
183200.000
191400.000
181800.000
168000.000
174800.000
191800.000
189800.000
170000.000
175200.000
192400.000
178400.000
182800.000
200200.000
183800.000
185000.000
184200.000
186800.000
185000.000
184600.000
174200.000
181200.000
190000.000
182600.000
186800.000
182000.000
185400.000
180600.000
180400.000
189800.000
187000.000
169200.000
182000.000
175600.000
188800.000
179800.000
181000.000
181400.000
181800.000
180400.000
186400.000
186800.000
167000.000
186600.000
169200.000
179800.000
188000.000
191400.000
193400.000
191800.000
185800.000
180200.000
187200.000
175200.000
171800.000
173600.000
186600.000
200800.000
183800.000
189200.000
185600.000
183800.000
175600.000
179800.000
187000.000
194200.000
180800.000
176200.000
182400.000
186200.000
184600.000
187200.000
183200.000
188600.000
192000.000
193000.000
192600.000
186000.000
180600.000
186800.000
175600.000
186000.000
184000.000
179800.000
182600.000
178200.000
165200.000
170000.000
178000.000
179200.000
172000.000
182400.000
182400.000
179600.000
174600.000
183800.000
182200.000
180400.000
182600.000
173200.000
185200.000
189000.000
182800.000
177200.000
186800.000
179200.000
177200.000
184600.000
182200.000
178400.000
176600.000
178800.000
187200.000
176200.000
177600.000
168800.000
175800.000
171600.000
184200.000
171400.000
178000.000
174000.000
175800.000
172400.000
170600.000
173200.000
176200.000
176000.000
165600.000
173400.000
172200.000
166800.000
173400.000
167600.000
176600.000
172400.000
170000.000
180000.000
172800.000
166000.000
170400.000
171400.000
163200.000
160400.000
167400.000
167200.000
170800.000
160000.000
157200.000
167200.000
157200.000
180800.000
178200.000
186000.000
178400.000
186800.000
183200.000
192000.000
187800.000
178000.000
188600.000
184000.000
174400.000
182600.000
188000.000
184000.000
189200.000
185000.000
194600.000
184000.000
185400.000
185800.000
182200.000
191200.000
183200.000
179400.000
168600.000
178000.000
186600.000
181600.000
183800.000
182600.000
186000.000
192400.000
184200.000
191800.000
181200.000
176400.000
182200.000
184200.000
177200.000
178400.000
174200.000
174400.000
183000.000
175800.000
190000.000
181000.000
178600.000
190400.000
191000.000
198400.000
189200.000
186000.000
187800.000
178200.000
183800.000
177400.000
185800.000
188800.000
177200.000
183200.000
177200.000
184000.000
191600.000
181000.000
186200.000
180800.000
185400.000
184600.000
172000.000
195800.000
194000.000
183800.000
184800.000
179800.000
179600.000
181000.000
182200.000
192200.000
183400.000
190200.000
183000.000
185000.000
187600.000
187200.000
190600.000
189200.000
191800.000
185400.000
192200.000
182400.000
187200.000
184600.000
187600.000
179800.000
175200.000
195600.000
181000.000
180600.000
187800.000
183600.000
180000.000
179800.000
186400.000
183600.000
182000.000
174800.000
179200.000
182800.000
174000.000
181200.000
172800.000
181600.000
188400.000
177400.000
178400.000
181200.000
189000.000
184200.000
181000.000
168600.000
176400.000
184600.000
186400.000
180400.000
189600.000
177800.000
191600.000
176800.000
174600.000
173600.000
179800.000
176400.000
173400.000
176600.000
185200.000
176600.000
182400.000
173400.000
180400.000
184000.000
184000.000
188400.000
165600.000
180000.000
181600.000
181600.000
180400.000
191400.000
177000.000
183600.000
179800.000
173200.000
182800.000
184400.000
193400.000
188200.000
190600.000
181600.000
177200.000
175400.000
182000.000
183400.000
181600.000
184400.000
181600.000
180800.000
170600.000
185600.000
185400.000
176200.000
173600.000
177600.000
162200.000
177200.000
176600.000
163800.000
176000.000
166000.000
162000.000
182000.000
188200.000
162800.000
165200.000
181800.000
169200.000
170600.000
164600.000
167800.000
172800.000
170000.000
171200.000
163000.000
160400.000
173400.000
166000.000
157600.000
158000.000
164200.000
162000.000
158800.000
173600.000
185000.000
188800.000
180200.000
182400.000
187200.000
185200.000
189200.000
185000.000
191800.000
181000.000
179800.000
188800.000
179800.000
192200.000
188000.000
176400.000
180000.000
192200.000
184200.000
186400.000
190000.000
190400.000
183600.000
182400.000
180200.000
177200.000
181200.000
180800.000
197000.000
179000.000
178400.000
169000.000
183200.000
188400.000
174400.000
182800.000
178800.000
184400.000
182200.000
187000.000
176000.000
186400.000
182000.000
179800.000
186000.000
188400.000
176200.000
185600.000
181400.000
186800.000
181800.000
196000.000
173800.000
192800.000
178000.000
181000.000
177800.000
188000.000
181000.000
192800.000
176200.000
178000.000
183600.000
183600.000
185800.000
187600.000
190600.000
190400.000
175200.000
184200.000
181000.000
186000.000
182200.000
190600.000
180200.000
177600.000
185800.000
175200.000
189200.000
186200.000
188000.000
182400.000
182000.000
184600.000
188600.000
186600.000
194200.000
191600.000
189000.000
187600.000
175200.000
184400.000
192600.000
187400.000
180600.000
181200.000
180200.000
187400.000
196600.000
192400.000
182600.000
176800.000
190600.000
177200.000
179800.000
183400.000
182400.000
184200.000
189200.000
191000.000
191000.000
172800.000
190400.000
182200.000
185200.000
180000.000
189600.000
183200.000
180600.000
182800.000
170800.000
201200.000
183000.000
180800.000
190400.000
184800.000
184000.000
186000.000
183400.000
179200.000
189000.000
173800.000
177200.000
178200.000
172200.000
180800.000
180800.000
178000.000
180000.000
178400.000
182400.000
190800.000
180800.000
186400.000
182600.000
178600.000
182600.000
174200.000
175200.000
164600.000
177600.000
178800.000
193600.000
176400.000
175400.000
178400.000
171800.000
181600.000
168800.000
182400.000
169200.000
186000.000
181800.000
171800.000
186200.000
171800.000
177200.000
179200.000
180600.000
177000.000
174400.000
181600.000
168400.000
171400.000
174400.000
179600.000
179400.000
178200.000
170800.000
171200.000
168600.000
177400.000
169000.000
161000.000
171200.000
167600.000
176400.000
167200.000
168200.000
158400.000
167400.000
159200.000
164200.000
164200.000
167800.000
156800.000
165200.000
164200.000
156000.000
159600.000
185600.000
178600.000
191000.000
186400.000
180800.000
183400.000
186400.000
186000.000
173200.000
201000.000
180400.000
188600.000
187000.000
198000.000
181400.000
196600.000
189400.000
192400.000
186800.000
174400.000
185600.000
188200.000
182000.000
187800.000
167600.000
182600.000
192600.000
179400.000
194600.000
189000.000
179600.000
174800.000
184400.000
182200.000
180600.000
180600.000
180000.000
176800.000
180000.000
186600.000
185200.000
180800.000
188000.000
178600.000
184400.000
187600.000
183000.000
189600.000
168400.000
194800.000
194800.000
186400.000
177800.000
182000.000
192600.000
176200.000
185400.000
191800.000
190400.000
174800.000
178800.000
174800.000
181400.000
190400.000
196600.000
189200.000
185600.000
190000.000
188000.000
180800.000
187000.000
182800.000
196000.000
183600.000
175600.000
180600.000
193400.000
186800.000
186400.000
188200.000
178200.000
185000.000
182600.000
185600.000
191600.000
184000.000
178200.000
182800.000
183200.000
178200.000
176200.000
195400.000
184600.000
189200.000
183600.000
190400.000
186600.000
179200.000
163600.000
174000.000
186000.000
190000.000
174600.000
181600.000
181800.000
201400.000
182600.000
175000.000
182000.000
183200.000
178400.000
193000.000
186000.000
179800.000
183400.000
183800.000
186400.000
189600.000
187400.000
175800.000
178800.000
195600.000
188400.000
187400.000
181200.000
187800.000
175200.000
185000.000
180600.000
177600.000
183200.000
171800.000
184400.000
175400.000
190000.000
183200.000
185000.000
188200.000
185000.000
179600.000
188800.000
186600.000
168200.000
177600.000
196600.000
175400.000
183000.000
176400.000
172800.000
182000.000
176800.000
188000.000
184600.000
183600.000
186600.000
177800.000
181600.000
180800.000
179000.000
187000.000
186400.000
183400.000
173600.000
166600.000
177400.000
174800.000
177600.000
178200.000
184200.000
170000.000
178200.000
172200.000
181600.000
176800.000
178000.000
187800.000
174200.000
170800.000
172200.000
175200.000
177000.000
169800.000
173600.000
165400.000
165200.000
164600.000
159600.000
171600.000
165600.000
169800.000
170600.000
163000.000
168000.000
163600.000
163800.000
163600.000
169600.000
162200.000
157600.000
154800.000
158400.000
192400.000
182600.000
189000.000
178800.000
181200.000
175400.000
182600.000
181200.000
186400.000
181600.000
186600.000
187600.000
171800.000
182000.000
181600.000
183400.000
189200.000
176800.000
187200.000
180200.000
181400.000
182800.000
192000.000
169800.000
181000.000
183000.000
181600.000
176200.000
183000.000
181800.000
178000.000
189800.000
201000.000
174000.000
175000.000
190400.000
189200.000
189400.000
189600.000
184800.000
199400.000
176800.000
174800.000
184200.000
183400.000
188600.000
180600.000
174200.000
186200.000
181400.000
183600.000
187000.000
183200.000
175200.000
178800.000
186000.000
187600.000
172600.000
187600.000
177000.000
189600.000
186000.000
187400.000
185800.000
192000.000
171400.000
184800.000
189400.000
187000.000
172800.000
176800.000
186800.000
187600.000
178600.000
185800.000
187600.000
178800.000
184400.000
182800.000
187200.000
190400.000
190000.000
191800.000
193200.000
173400.000
184800.000
193600.000
187000.000
192000.000
183200.000
184200.000
192200.000
180200.000
187400.000
178400.000
184000.000
185000.000
177400.000
187200.000
179600.000
193000.000
175000.000
178000.000
207400.000
183400.000
178800.000
181800.000
179000.000
179200.000
182600.000
184200.000
181200.000
179000.000
186800.000
190400.000
173400.000
175200.000
186200.000
195400.000
173600.000
183000.000
184800.000
179000.000
189200.000
184800.000
178400.000
188600.000
183600.000
189400.000
183600.000
173200.000
184000.000
191600.000
176000.000
181800.000
191600.000
191400.000
180200.000
178200.000
189000.000
189800.000
190200.000
173200.000
178200.000
178200.000
187200.000
179600.000
179800.000
177200.000
176800.000
187800.000
176800.000
175200.000
189000.000
184000.000
187200.000
177800.000
178000.000
172000.000
184000.000
175400.000
173800.000
179000.000
181000.000
176800.000
175600.000
175400.000
181200.000
187800.000
182600.000
184800.000
175000.000
178800.000
175200.000
169200.000
172400.000
175400.000
178600.000
165000.000
167400.000
172000.000
168000.000
166200.000
175600.000
170200.000
167600.000
176400.000
159000.000
167800.000
165200.000
165000.000
170600.000
169200.000
166400.000
163200.000
168800.000
169800.000
152200.000
160200.000
167800.000
170000.000
179000.000
184200.000
181000.000
183800.000
185000.000
190400.000
187800.000
183800.000
183600.000
176400.000
196200.000
189400.000
189400.000
176000.000
189600.000
184400.000
178600.000
183200.000
177000.000
183600.000
189800.000
178800.000
183400.000
181400.000
175800.000
185000.000
179600.000
179600.000
188000.000
177600.000
176200.000
176600.000
184800.000
180200.000
188600.000
185400.000
174200.000
180800.000
178400.000
183400.000
173800.000
187000.000
175800.000
182400.000
183400.000
168200.000
190400.000
182800.000
185800.000
171800.000
171400.000
183000.000
181600.000
182000.000
182400.000
186800.000
201600.000
179600.000
185600.000
177800.000
177200.000
185600.000
183800.000
184400.000
192800.000
173400.000
190400.000
183200.000
175200.000
175800.000
178200.000
190200.000
176800.000
181000.000
181800.000
193400.000
181600.000
173400.000
184200.000
184400.000
177400.000
179600.000
185200.000
190000.000
184600.000
191800.000
183400.000
180200.000
181800.000
188400.000
177400.000
178800.000
180200.000
182200.000
189400.000
179400.000
180600.000
184200.000
181400.000
187600.000
194200.000
177200.000
177600.000
180400.000
184000.000
191600.000
176400.000
175200.000
184600.000
191000.000
176000.000
177600.000
185800.000
176600.000
179800.000
174200.000
176400.000
191200.000
188800.000
181400.000
184800.000
183800.000
180200.000
193800.000
185200.000
183200.000
186800.000
192400.000
188400.000
179600.000
187000.000
180200.000
180000.000
180000.000
180600.000
190200.000
184000.000
183000.000
173200.000
176800.000
175800.000
181400.000
178800.000
193800.000
184400.000
188800.000
175400.000
167400.000
177200.000
171200.000
177200.000
174200.000
176200.000
182800.000
180800.000
176800.000
177600.000
173600.000
179200.000
179200.000
186200.000
180200.000
177000.000
170800.000
173200.000
176000.000
176000.000
172800.000
173800.000
181600.000
172600.000
172800.000
180200.000
166200.000
173600.000
174800.000
174000.000
179600.000
171400.000
175800.000
166600.000
178000.000
163200.000
164800.000
166600.000
161000.000
169800.000
179200.000
161200.000
166600.000
161600.000
162400.000
156400.000
166200.000
169600.000
163200.000
157400.000
166000.000
153800.000
161800.000
162800.000
181600.000
174400.000
174200.000
183400.000
183600.000
183600.000
192200.000
194600.000
180400.000
176400.000
185000.000
192600.000
185000.000
181400.000
190200.000
175800.000
183000.000
181600.000
193000.000
180600.000
189400.000
179400.000
178000.000
185200.000
170600.000
187400.000
178000.000
178600.000
179400.000
190400.000
174400.000
173400.000
185000.000
175600.000
189000.000
178200.000
171400.000
173400.000
188000.000
177000.000
188400.000
187600.000
189000.000
177200.000
183400.000
176400.000
171800.000
176200.000
188000.000
178400.000
193200.000
176200.000
178000.000
184800.000
181200.000
169200.000
183600.000
193200.000
185000.000
188400.000
181800.000
169400.000
176200.000
180800.000
186000.000
184400.000
186600.000
183000.000
173600.000
167600.000
183600.000
185200.000
180800.000
194400.000
187600.000
184200.000
184400.000
174800.000
184200.000
190600.000
174800.000
183600.000
186200.000
178400.000
187200.000
173800.000
182000.000
185800.000
177000.000
194200.000
189600.000
183400.000
185800.000
185400.000
184600.000
184800.000
178200.000
178200.000
185800.000
187400.000
180200.000
186800.000
192000.000
178200.000
179600.000
187600.000
189800.000
184200.000
189800.000
193200.000
173600.000
185400.000
179000.000
175800.000
175800.000
180800.000
187000.000
181000.000
192600.000
178000.000
172400.000
183400.000
184800.000
182400.000
183600.000
183200.000
183600.000
183400.000
178800.000
181600.000
186200.000
172000.000
186800.000
181000.000
179200.000
180400.000
191200.000
182600.000
171800.000
177400.000
162800.000
186600.000
186000.000
180000.000
168800.000
180000.000
175000.000
178000.000
179200.000
182000.000
182600.000
172600.000
174400.000
186600.000
172000.000
176000.000
183600.000
189200.000
181800.000
180800.000
173400.000
182000.000
182800.000
169000.000
177800.000
183600.000
173400.000
184200.000
180600.000
177400.000
173600.000
167800.000
174400.000
169400.000
175200.000
171200.000
170800.000
177800.000
170000.000
174600.000
173800.000
182000.000
173400.000
174200.000
173000.000
175800.000
174600.000
174400.000
160600.000
170200.000
175600.000
171000.000
168000.000
170800.000
155400.000
169000.000
155400.000
154400.000
168000.000
157600.000
170400.000
182400.000
182000.000
179200.000
183600.000
169400.000
184600.000
186200.000
185400.000
179600.000
191600.000
182000.000
191600.000
192200.000
173400.000
186600.000
181400.000
183400.000
187800.000
182000.000
193000.000
192200.000
186600.000
178400.000
178600.000
174000.000
185400.000
183600.000
185400.000
177000.000
184400.000
193400.000
188600.000
183600.000
181600.000
177800.000
186000.000
179000.000
180600.000
184600.000
183400.000
187000.000
172000.000
181600.000
176600.000
187800.000
179600.000
192000.000
181600.000
182400.000
185600.000
175800.000
186400.000
186800.000
178000.000
179800.000
185800.000
176000.000
187200.000
189400.000
181200.000
190200.000
180000.000
183600.000
187200.000
190000.000
185200.000
180400.000
195600.000
183400.000
185800.000
177800.000
180200.000
174400.000
176000.000
178800.000
184600.000
194400.000
184400.000
184000.000
187200.000
180000.000
179000.000
177400.000
185400.000
181200.000
184000.000
184200.000
189600.000
187400.000
181800.000
188200.000
178600.000
182800.000
188800.000
172200.000
178200.000
177200.000
186800.000
191000.000
181000.000
173600.000
179000.000
181200.000
179600.000
186400.000
188600.000
181400.000
185600.000
177400.000
185400.000
185200.000
190000.000
181000.000
190200.000
199200.000
184000.000
185400.000
195600.000
187200.000
185000.000
187600.000
187200.000
180000.000
171600.000
183800.000
176400.000
177200.000
174800.000
187000.000
176400.000
188800.000
167800.000
177000.000
192400.000
186200.000
183800.000
183200.000
183000.000
183600.000
177000.000
185600.000
184800.000
173000.000
180400.000
185400.000
192400.000
170600.000
181200.000
176200.000
184000.000
178400.000
172800.000
178600.000
178600.000
165000.000
177400.000
173200.000
172200.000
185800.000
165200.000
178800.000
168800.000
167800.000
174600.000
171600.000
178200.000
174400.000
170600.000
189000.000
176200.000
172600.000
180200.000
171000.000
170600.000
169000.000
177000.000
171800.000
167800.000
169600.000
169800.000
174800.000
169400.000
182000.000
174200.000
160200.000
174600.000
168000.000
168800.000
169800.000
157800.000
172200.000
170000.000
162600.000
164400.000
165400.000
166400.000
156600.000
160800.000
163200.000
165800.000
167400.000
182200.000
190400.000
178400.000
179800.000
183200.000
187200.000
182200.000
180000.000
186800.000
186000.000
185800.000
177400.000
189400.000
176000.000
181400.000
190600.000
185800.000
190200.000
177600.000
185600.000
182200.000
193800.000
175800.000
175000.000
191800.000
178800.000
187800.000
184000.000
181800.000
181200.000
185800.000
180200.000
183200.000
183000.000
186600.000
195600.000
179200.000
169400.000
180400.000
189600.000
185000.000
184000.000
178200.000
183400.000
191000.000
183800.000
186400.000
195800.000
170000.000
187200.000
184000.000
198800.000
182400.000
186200.000
189800.000
176200.000
178400.000
186200.000
182400.000
195000.000
176400.000
185400.000
183600.000
183200.000
177800.000
183400.000
189400.000
174200.000
176000.000
188200.000
173800.000
180800.000
179800.000
186400.000
189800.000
188800.000
173800.000
188800.000
184000.000
187400.000
174400.000
182400.000
182800.000
181400.000
181800.000
183200.000
186200.000
194600.000
180000.000
183800.000
178400.000
192400.000
175200.000
186600.000
179800.000
176600.000
175200.000
193800.000
171400.000
183200.000
181200.000
182400.000
187400.000
181000.000
173400.000
180000.000
179200.000
178200.000
181800.000
182200.000
187000.000
188800.000
181800.000
185000.000
184600.000
173800.000
179400.000
184000.000
181000.000
172800.000
178000.000
189200.000
182000.000
185400.000
182000.000
183600.000
186200.000
168000.000
176000.000
181600.000
174600.000
177200.000
183000.000
194800.000
179000.000
174000.000
180400.000
171200.000
175400.000
183200.000
190800.000
185000.000
182800.000
184000.000
180400.000
182000.000
176600.000
172600.000
188000.000
185400.000
183000.000
184400.000
179800.000
176800.000
180200.000
172000.000
173000.000
178800.000
172200.000
172800.000
185200.000
176000.000
186400.000
174800.000
173400.000
168200.000
174400.000
183200.000
161800.000
191400.000
178200.000
171200.000
170400.000
182600.000
167000.000
168000.000
172400.000
158400.000
172200.000
185800.000
178200.000
178800.000
176000.000
172400.000
170600.000
169600.000
175200.000
174000.000
163600.000
165200.000
157600.000
159800.000
162200.000
156000.000
159600.000
157000.000
155800.000
172200.000
158600.000
174200.000
165200.000
178600.000
178600.000
186000.000
185200.000
175600.000
186200.000
196200.000
179000.000
186200.000
183200.000
176400.000
180400.000
187800.000
179600.000
185600.000
183200.000
184600.000
172400.000
174400.000
180000.000
186600.000
187200.000
182200.000
186600.000
178000.000
182200.000
181000.000
178800.000
181200.000
181400.000
174600.000
189200.000
189400.000
191000.000
188000.000
175200.000
188200.000
184200.000
188000.000
180400.000
185800.000
177600.000
188600.000
176600.000
181200.000
182400.000
183200.000
182000.000
178200.000
184200.000
167200.000
180200.000
185200.000
181000.000
175600.000
180200.000
195200.000
192000.000
178800.000
190200.000
180000.000
182400.000
170400.000
187400.000
183600.000
187400.000
176800.000
186000.000
175200.000
179400.000
182600.000
182600.000
181200.000
179200.000
186000.000
178000.000
185800.000
189000.000
185600.000
185200.000
191400.000
174000.000
185400.000
192600.000
182800.000
186800.000
193800.000
196400.000
193200.000
182600.000
174400.000
174200.000
165800.000
174800.000
178600.000
174800.000
180000.000
179800.000
185200.000
178600.000
187000.000
178200.000
185600.000
178200.000
190400.000
189200.000
188800.000
176200.000
175400.000
193000.000
173200.000
173600.000
178000.000
193000.000
195600.000
181200.000
183200.000
181600.000
185600.000
181200.000
173000.000
183000.000
177200.000
189600.000
181600.000
183400.000
185200.000
187000.000
186200.000
181600.000
181800.000
179400.000
183000.000
181800.000
178600.000
187800.000
177400.000
190200.000
182600.000
192400.000
184400.000
179400.000
179200.000
185600.000
194400.000
177800.000
177800.000
165800.000
174400.000
178000.000
171000.000
175200.000
178000.000
187400.000
180000.000
177400.000
183200.000
178400.000
183800.000
169200.000
181200.000
173400.000
172800.000
178200.000
172800.000
175600.000
166200.000
169200.000
185400.000
175400.000
171800.000
172400.000
172600.000
176600.000
170600.000
174200.000
176600.000
177600.000
177000.000
184800.000
161600.000
173400.000
176000.000
162600.000
165800.000
166000.000
160400.000
163200.000
175200.000
169800.000
156400.000
169200.000
167400.000
171400.000
167000.000
166400.000
163800.000
159400.000
161600.000
162800.000
161400.000
179800.000
175600.000
182800.000
189200.000
180400.000
189400.000
177800.000
183200.000
185400.000
187600.000
179400.000
175000.000
183800.000
175200.000
189000.000
181400.000
176200.000
183400.000
190600.000
179600.000
184600.000
185800.000
182400.000
173200.000
178200.000
167800.000
180800.000
185200.000
172800.000
183600.000
172800.000
184000.000
184200.000
187200.000
180800.000
183200.000
191200.000
183200.000
170800.000
186400.000
181200.000
166800.000
182600.000
183400.000
175000.000
181000.000
181600.000
186400.000
173200.000
189200.000
188600.000
184400.000
187400.000
182000.000
188800.000
181000.000
184400.000
182200.000
179600.000
170600.000
183400.000
183000.000
167800.000
192000.000
188400.000
187000.000
184200.000
181200.000
188400.000
171200.000
184000.000
185400.000
184800.000
178200.000
182600.000
187600.000
179400.000
183800.000
187800.000
170600.000
167000.000
182200.000
181000.000
187400.000
175600.000
184800.000
172400.000
179800.000
194000.000
187600.000
180400.000
182000.000
181800.000
185000.000
180000.000
184800.000
184200.000
181600.000
189600.000
185800.000
179400.000
169800.000
178400.000
173200.000
173000.000
185800.000
170600.000
175400.000
172200.000
169600.000
181800.000
174000.000
180800.000
174800.000
171000.000
177400.000
181000.000
174000.000
180600.000
175000.000
185400.000
189800.000
191200.000
176600.000
180400.000
190600.000
183800.000
187400.000
179400.000
186000.000
173000.000
176200.000
174000.000
175200.000
176600.000
177400.000
177200.000
184800.000
169400.000
177600.000
174000.000
188000.000
171000.000
192600.000
175800.000
174200.000
171200.000
181800.000
174400.000
180400.000
177400.000
178600.000
180000.000
178600.000
178600.000
180800.000
183200.000
177600.000
176600.000
176800.000
180400.000
168200.000
178600.000
172600.000
172600.000
176600.000
173400.000
190600.000
170200.000
172800.000
178400.000
172400.000
174600.000
172800.000
177400.000
178200.000
168400.000
160000.000
167800.000
167600.000
175800.000
163600.000
180200.000
173600.000
194800.000
166600.000
167400.000
173400.000
169800.000
174400.000
176600.000
164000.000
168200.000
152400.000
163200.000
165600.000
160200.000
168600.000
155800.000
161600.000
151000.000
179400.000
183000.000
187600.000
183200.000
191600.000
177600.000
188000.000
184400.000
181400.000
177400.000
190000.000
182000.000
183200.000
182800.000
190200.000
189200.000
189600.000
184000.000
176000.000
184000.000
183600.000
196200.000
178400.000
186400.000
175400.000
170800.000
176600.000
182800.000
187600.000
182800.000
181400.000
176800.000
185600.000
179600.000
182800.000
182600.000
184600.000
178800.000
175000.000
182800.000
189400.000
181400.000
179200.000
182600.000
187200.000
179200.000
190800.000
185000.000
186800.000
185600.000
180800.000
190400.000
182800.000
179200.000
187000.000
183000.000
180000.000
192600.000
184600.000
178800.000
187200.000
184200.000
181200.000
178400.000
193000.000
171200.000
176400.000
181000.000
173200.000
175600.000
177400.000
190000.000
178000.000
193400.000
188400.000
182800.000
168600.000
190000.000
186800.000
177200.000
168200.000
176000.000
193600.000
180200.000
186000.000
169600.000
180000.000
183400.000
189600.000
189600.000
178800.000
193000.000
177800.000
175000.000
179600.000
178800.000
186800.000
180600.000
190800.000
189600.000
167800.000
189000.000
178400.000
194000.000
172800.000
172200.000
180000.000
185600.000
185600.000
180400.000
176800.000
180600.000
189600.000
182000.000
183800.000
184200.000
182400.000
190800.000
177600.000
190400.000
190600.000
191400.000
190600.000
178600.000
178000.000
171800.000
179400.000
180400.000
175200.000
178200.000
176400.000
186200.000
186800.000
183600.000
181400.000
182600.000
176200.000
182600.000
177200.000
177400.000
192800.000
181800.000
182800.000
175600.000
179200.000
184800.000
176000.000
170000.000
170200.000
187200.000
175800.000
193000.000
180600.000
180000.000
184800.000
177800.000
180600.000
190200.000
187800.000
180200.000
180200.000
170800.000
185400.000
167600.000
173600.000
179000.000
176400.000
168800.000
170800.000
180800.000
174200.000
173400.000
173600.000
172000.000
175200.000
175400.000
165000.000
164000.000
172800.000
173000.000
170800.000
174600.000
162000.000
170800.000
172600.000
162800.000
165800.000
161600.000
150800.000
160800.000
171200.000
174400.000
169200.000
165000.000
166200.000
164600.000
169000.000
157400.000
159600.000
160000.000
166400.000
184000.000
182200.000
180000.000
188800.000
175400.000
185800.000
186000.000
179200.000
186200.000
181800.000
187800.000
181400.000
195400.000
177000.000
187800.000
185200.000
187000.000
170600.000
194400.000
186600.000
181400.000
189400.000
189000.000
192400.000
178400.000
175800.000
179000.000
178000.000
183400.000
185400.000
180800.000
167200.000
172800.000
188800.000
190600.000
183000.000
182400.000
178400.000
181600.000
183200.000
189000.000
191000.000
187800.000
184400.000
192200.000
180800.000
188000.000
182600.000
186200.000
177000.000
177200.000
177200.000
178800.000
184800.000
183000.000
187400.000
187600.000
184000.000
176200.000
179400.000
185000.000
176600.000
181600.000
187800.000
182800.000
185000.000
187800.000
175600.000
181200.000
168200.000
170800.000
180600.000
179000.000
173200.000
180200.000
186800.000
187400.000
183800.000
186800.000
183400.000
186600.000
190800.000
183800.000
184400.000
192400.000
182800.000
175000.000
187000.000
185600.000
181400.000
175600.000
197400.000
183000.000
186000.000
184600.000
195400.000
175600.000
185200.000
177000.000
186600.000
191000.000
190600.000
181800.000
177800.000
181600.000
188000.000
172800.000
167200.000
174600.000
186600.000
177800.000
182800.000
185600.000
163800.000
182400.000
184200.000
180000.000
180600.000
179600.000
195000.000
185800.000
172200.000
183200.000
178800.000
182600.000
180600.000
181600.000
177600.000
185800.000
187800.000
176800.000
187200.000
187400.000
185600.000
187600.000
179800.000
190400.000
182600.000
180200.000
179800.000
183600.000
181600.000
175400.000
189000.000
185800.000
188800.000
170200.000
175200.000
175400.000
173200.000
177200.000
174400.000
183800.000
177600.000
173800.000
177800.000
174600.000
192600.000
199000.000
181000.000
177000.000
178600.000
175800.000
176800.000
173800.000
182000.000
175800.000
171800.000
172800.000
175200.000
181800.000
170800.000
165200.000
158800.000
171400.000
183200.000
168400.000
171800.000
172000.000
182000.000
170800.000
182200.000
164600.000
171600.000
168400.000
165400.000
162600.000
155000.000
158200.000
156800.000
154600.000
162000.000
167200.000
160400.000
150400.000
164400.000
163000.000
160800.000
164600.000
152600.000
162000.000
178800.000
187800.000
171000.000
189800.000
171400.000
180200.000
196600.000
180600.000
179400.000
176600.000
187400.000
183400.000
192000.000
176600.000
169400.000
188200.000
178000.000
190000.000
178600.000
180200.000
176400.000
192400.000
180800.000
191200.000
181000.000
183400.000
185600.000
185600.000
179800.000
186800.000
185600.000
183000.000
186200.000
184200.000
177000.000
190800.000
176200.000
192200.000
186000.000
180200.000
180400.000
185800.000
169600.000
193600.000
191000.000
178400.000
174400.000
185400.000
180400.000
190600.000
185200.000
183400.000
180400.000
157600.000
182200.000
184600.000
177600.000
176800.000
190000.000
182000.000
178600.000
180000.000
184400.000
171600.000
166600.000
176800.000
179800.000
178400.000
181800.000
175800.000
180600.000
172200.000
176200.000
171800.000
188800.000
180800.000
174000.000
186600.000
184400.000
177000.000
176000.000
179400.000
181600.000
169200.000
182600.000
184000.000
191000.000
184000.000
182400.000
184600.000
194000.000
183800.000
184000.000
175600.000
186000.000
170600.000
184600.000
174800.000
184200.000
187000.000
178600.000
174600.000
174200.000
178600.000
188200.000
162600.000
179000.000
174000.000
177600.000
177600.000
184000.000
183600.000
184600.000
184600.000
198600.000
183000.000
169800.000
184800.000
188200.000
188200.000
180800.000
184000.000
196400.000
182200.000
178000.000
174800.000
180000.000
176800.000
176600.000
187000.000
187200.000
176000.000
173000.000
175000.000
179400.000
184000.000
166400.000
184600.000
179800.000
180600.000
178800.000
170200.000
176400.000
184600.000
179600.000
178000.000
186800.000
175800.000
184600.000
176400.000
183000.000
162800.000
171600.000
186000.000
190000.000
177000.000
178200.000
177200.000
188200.000
177800.000
173000.000
183800.000
174400.000
188600.000
168800.000
171200.000
185000.000
174200.000
159600.000
177200.000
176800.000
164600.000
183200.000
173400.000
182000.000
176000.000
165600.000
187000.000
165600.000
172800.000
170400.000
177000.000
156400.000
171600.000
165800.000
168000.000
160600.000
163800.000
167000.000
172600.000
162800.000
166200.000
167400.000
173400.000
159800.000
164600.000
169200.000
153800.000
159800.000
163400.000
149000.000
179600.000
184400.000
191600.000
176400.000
180400.000
183600.000
175200.000
186000.000
176200.000
175400.000
172800.000
180800.000
193000.000
180200.000
190800.000
190600.000
191200.000
177800.000
182200.000
179000.000
174000.000
174200.000
188000.000
170800.000
183400.000
183400.000
179400.000
171000.000
179400.000
183800.000
184400.000
179400.000
179400.000
200000.000
177800.000
180600.000
172000.000
184000.000
184000.000
176400.000
183600.000
174800.000
175800.000
182800.000
184800.000
172600.000
176600.000
185400.000
180200.000
178200.000
180800.000
182800.000
181200.000
183800.000
178200.000
180200.000
179600.000
173400.000
188400.000
183400.000
175600.000
189200.000
179200.000
187600.000
180800.000
176800.000
165400.000
173800.000
171800.000
181200.000
180400.000
187000.000
173600.000
191800.000
184200.000
178800.000
182800.000
175600.000
193200.000
182800.000
186600.000
191400.000
173600.000
180000.000
190200.000
181000.000
176600.000
183200.000
178000.000
175800.000
180000.000
181200.000
167000.000
178200.000
181200.000
178800.000
182400.000
188600.000
184800.000
178600.000
187000.000
185600.000
183200.000
189400.000
183400.000
170000.000
188800.000
179400.000
172000.000
182200.000
180400.000
177800.000
187000.000
177000.000
173600.000
168600.000
195200.000
181400.000
198400.000
184000.000
179800.000
183200.000
181600.000
178600.000
188600.000
181400.000
177600.000
185000.000
179600.000
173600.000
179600.000
170800.000
174800.000
172200.000
176800.000
168200.000
188600.000
187600.000
183600.000
185000.000
177000.000
193400.000
172800.000
179200.000
180000.000
176800.000
178800.000
183200.000
173400.000
184400.000
175000.000
190000.000
172200.000
183200.000
178000.000
171800.000
166000.000
179200.000
179000.000
175000.000
174800.000
179200.000
177400.000
174200.000
191200.000
181000.000
169200.000
168000.000
168600.000
176400.000
159800.000
170800.000
171200.000
172600.000
169400.000
172200.000
184800.000
168400.000
173800.000
170800.000
169800.000
171200.000
170200.000
167600.000
170400.000
179200.000
165400.000
168000.000
172200.000
158600.000
169000.000
154000.000
154800.000
157400.000
161400.000
170600.000
152600.000
156200.000
161600.000
161400.000
170000.000
176600.000
179800.000
177000.000
190600.000
185000.000
182600.000
179200.000
182000.000
192800.000
190200.000
185800.000
187400.000
185200.000
178600.000
183800.000
173200.000
169200.000
182600.000
188200.000
183600.000
187000.000
176400.000
173200.000
184200.000
179200.000
178800.000
192400.000
172000.000
171600.000
178000.000
184000.000
189200.000
172400.000
176000.000
185200.000
187800.000
181400.000
194400.000
184200.000
183800.000
178800.000
168200.000
183200.000
187800.000
180200.000
183200.000
190000.000
181600.000
184400.000
181800.000
184600.000
186800.000
172000.000
180600.000
187400.000
182600.000
183800.000
178600.000
172800.000
181800.000
186600.000
186800.000
182200.000
184600.000
186400.000
191400.000
174400.000
177200.000
178600.000
173000.000
172000.000
189800.000
174400.000
188400.000
183600.000
177200.000
184600.000
182800.000
180400.000
187600.000
188200.000
182200.000
181200.000
184600.000
182000.000
173800.000
181200.000
186000.000
185600.000
183400.000
178200.000
194200.000
184400.000
184400.000
173400.000
187800.000
176400.000
185600.000
181400.000
190000.000
185200.000
187600.000
180400.000
177800.000
183200.000
180800.000
175600.000
187400.000
178200.000
175600.000
175600.000
173400.000
179200.000
181000.000
173200.000
175400.000
179200.000
181400.000
186800.000
183800.000
190200.000
181400.000
180800.000
173600.000
174600.000
175800.000
180800.000
176200.000
162200.000
181600.000
176600.000
192800.000
173000.000
187400.000
172800.000
183000.000
166000.000
188600.000
188400.000
168400.000
185800.000
169600.000
194600.000
182800.000
177400.000
181200.000
168200.000
176400.000
186600.000
188600.000
172000.000
181000.000
176400.000
186200.000
178600.000
179200.000
176800.000
173800.000
175600.000
161000.000
175800.000
172200.000
176400.000
186200.000
174800.000
159400.000
171600.000
159800.000
163600.000
178400.000
168600.000
167200.000
173800.000
168000.000
175400.000
168000.000
174600.000
171000.000
164000.000
169200.000
168000.000
164600.000
161000.000
173800.000
176000.000
154800.000
171000.000
158200.000
149600.000
166200.000
149200.000
169600.000
172000.000
164600.000
168200.000
158000.000
165800.000
161600.000
153000.000
167800.000
162000.000
181400.000
178200.000
188800.000
183600.000
190400.000
184400.000
178000.000
193200.000
184400.000
179000.000
174000.000
176000.000
181000.000
183800.000
184400.000
180400.000
179200.000
181000.000
177000.000
183000.000
177400.000
179800.000
186000.000
188600.000
183600.000
185800.000
185200.000
186200.000
178200.000
185400.000
188600.000
186400.000
183400.000
182400.000
191000.000
191800.000
178200.000
183600.000
177000.000
176400.000
183600.000
189000.000
186000.000
182800.000
176000.000
179200.000
176000.000
181000.000
193000.000
189400.000
179400.000
188200.000
195800.000
173200.000
172800.000
188000.000
189000.000
191400.000
181200.000
189600.000
188200.000
176200.000
192000.000
171400.000
184600.000
190200.000
177400.000
171200.000
174200.000
178600.000
183200.000
174600.000
167000.000
170000.000
179800.000
174800.000
182800.000
185800.000
187400.000
181600.000
176000.000
182400.000
177600.000
186000.000
187200.000
179800.000
171800.000
173400.000
176000.000
177800.000
180200.000
180600.000
185400.000
173000.000
173400.000
171200.000
177800.000
183600.000
186000.000
189600.000
183000.000
184200.000
179200.000
191600.000
199400.000
178000.000
180600.000
181200.000
176200.000
186000.000
170600.000
170600.000
180400.000
179200.000
182200.000
177400.000
182200.000
168800.000
192000.000
201000.000
183800.000
188200.000
176200.000
175800.000
173800.000
176400.000
178400.000
191800.000
176800.000
181000.000
180600.000
171800.000
181400.000
185800.000
168400.000
179200.000
183800.000
180600.000
178800.000
177600.000
185400.000
178200.000
185800.000
177000.000
183600.000
182600.000
181200.000
172200.000
182000.000
172000.000
178800.000
170400.000
184800.000
184200.000
175800.000
175600.000
175800.000
192400.000
187400.000
179200.000
169000.000
176000.000
165000.000
182400.000
174800.000
170200.000
162400.000
176200.000
158600.000
174600.000
171600.000
181800.000
167000.000
175800.000
177800.000
174400.000
179000.000
163400.000
176800.000
174800.000
169000.000
169400.000
174200.000
168600.000
168800.000
160200.000
164600.000
165000.000
166800.000
153600.000
149000.000
161000.000
168800.000
162000.000
162800.000
168200.000
149400.000
155400.000
153200.000
163600.000
164600.000
182200.000
179000.000
178600.000
179800.000
180200.000
182200.000
180600.000
185400.000
191000.000
178000.000
175400.000
195600.000
185800.000
182800.000
178800.000
179400.000
182800.000
190000.000
178800.000
183800.000
177800.000
180000.000
172400.000
185200.000
188000.000
188600.000
186000.000
183800.000
187600.000
174800.000
192400.000
182400.000
185400.000
183000.000
173600.000
186600.000
188600.000
171400.000
193600.000
175600.000
184000.000
187000.000
185400.000
181000.000
181800.000
178000.000
185800.000
181000.000
163600.000
185600.000
179400.000
180800.000
177200.000
185200.000
191600.000
180000.000
178600.000
184600.000
178200.000
182800.000
190200.000
182000.000
175800.000
187600.000
179000.000
175200.000
162000.000
170800.000
182200.000
175600.000
180200.000
182200.000
186800.000
169000.000
184600.000
182400.000
172600.000
179200.000
175200.000
178800.000
179200.000
175000.000
177600.000
190400.000
175800.000
176400.000
182600.000
180400.000
179200.000
184000.000
179400.000
186400.000
180200.000
175200.000
172800.000
183200.000
187400.000
184400.000
177400.000
186800.000
193600.000
190600.000
180800.000
177400.000
185200.000
180600.000
192200.000
173400.000
182200.000
187600.000
190400.000
191600.000
182400.000
188800.000
174400.000
180000.000
180200.000
176800.000
186200.000
181200.000
176200.000
178600.000
170600.000
177000.000
178000.000
175600.000
171000.000
172400.000
177400.000
187000.000
193200.000
177800.000
179400.000
183000.000
186000.000
177000.000
178600.000
182400.000
174200.000
184200.000
183000.000
170800.000
183200.000
177200.000
184800.000
184400.000
177800.000
178600.000
177400.000
174200.000
172600.000
171600.000
178000.000
175800.000
185200.000
175200.000
188200.000
176800.000
175600.000
175000.000
175400.000
164600.000
176200.000
186800.000
178000.000
173200.000
172800.000
189000.000
170800.000
165200.000
175200.000
174400.000
167000.000
176600.000
164200.000
175800.000
169200.000
182200.000
175000.000
173400.000
181600.000
169600.000
174800.000
164000.000
161800.000
168200.000
168600.000
171000.000
165000.000
157400.000
161400.000
164000.000
166800.000
163600.000
169400.000
156600.000
162400.000
164400.000
166000.000
155400.000
161600.000
188400.000
172200.000
176400.000
186200.000
177600.000
183400.000
189000.000
170400.000
186600.000
183800.000
190600.000
183800.000
178000.000
191200.000
179000.000
180400.000
183200.000
183200.000
182600.000
178000.000
171600.000
165200.000
169200.000
186200.000
180400.000
188600.000
183800.000
177400.000
179000.000
189000.000
177000.000
185600.000
185600.000
176800.000
176600.000
186800.000
190000.000
189800.000
183000.000
179200.000
178800.000
189000.000
171000.000
188800.000
181800.000
179800.000
183800.000
183000.000
171600.000
179800.000
183000.000
192800.000
168800.000
184800.000
187200.000
181600.000
179600.000
184400.000
195200.000
185200.000
177400.000
182400.000
174600.000
196800.000
176600.000
178400.000
174400.000
170000.000
174200.000
168000.000
184800.000
173600.000
172800.000
186400.000
173800.000
179000.000
170400.000
191800.000
181000.000
174800.000
189800.000
180800.000
181200.000
176400.000
186600.000
182200.000
181800.000
190000.000
183600.000
190000.000
187400.000
183600.000
174600.000
175200.000
180400.000
166200.000
184800.000
185400.000
188000.000
185000.000
183200.000
182600.000
182000.000
184600.000
172200.000
185000.000
182400.000
185800.000
183200.000
187600.000
182400.000
186600.000
182400.000
182800.000
181600.000
181400.000
180800.000
186200.000
184800.000
168800.000
180000.000
166200.000
178400.000
170800.000
174400.000
174600.000
174600.000
175000.000
179400.000
178000.000
176400.000
179000.000
191800.000
185000.000
189000.000
170600.000
182600.000
180000.000
185200.000
177600.000
164000.000
176000.000
180200.000
169400.000
186600.000
182800.000
175400.000
185600.000
189400.000
180600.000
172800.000
180400.000
171200.000
172600.000
180800.000
173400.000
186600.000
179200.000
180000.000
180800.000
169600.000
162200.000
175000.000
178600.000
166400.000
169800.000
169600.000
167000.000
172000.000
178400.000
167600.000
174800.000
160200.000
164000.000
174800.000
180200.000
175800.000
180200.000
176200.000
172200.000
170000.000
157800.000
169000.000
165000.000
167600.000
166800.000
158200.000
154800.000
173000.000
175600.000
176800.000
154000.000
162400.000
165000.000
167000.000
162400.000
148400.000
164600.000
152600.000
156600.000
159600.000
181400.000
171800.000
185000.000
175200.000
183600.000
184400.000
178000.000
189600.000
185000.000
188800.000
173400.000
176200.000
174800.000
177800.000
184000.000
173400.000
176800.000
166200.000
168400.000
178800.000
175000.000
187200.000
176600.000
168800.000
181000.000
181200.000
180600.000
179200.000
180000.000
185400.000
181000.000
180000.000
182800.000
181600.000
186200.000
186600.000
194400.000
184200.000
182800.000
170200.000
163600.000
183400.000
183800.000
176000.000
187800.000
163400.000
188200.000
176000.000
181200.000
167000.000
182600.000
177000.000
172800.000
181400.000
172000.000
179600.000
181600.000
173000.000
179200.000
185800.000
183000.000
171200.000
185000.000
179800.000
159000.000
171000.000
163200.000
171200.000
177000.000
180400.000
186000.000
183400.000
181800.000
168600.000
169800.000
180600.000
186000.000
179400.000
186800.000
180800.000
181600.000
179800.000
173400.000
180600.000
185600.000
173200.000
188400.000
179200.000
196200.000
171600.000
172000.000
183400.000
184000.000
185600.000
177000.000
178200.000
177400.000
188600.000
189400.000
184000.000
186800.000
186200.000
190400.000
178000.000
183600.000
181000.000
188000.000
176600.000
190800.000
194200.000
194400.000
191600.000
176600.000
182200.000
187800.000
185400.000
187600.000
172600.000
176400.000
187400.000
179800.000
186400.000
171400.000
174800.000
171200.000
165400.000
172600.000
175200.000
175000.000
174600.000
182400.000
179200.000
181400.000
182600.000
179800.000
169400.000
178800.000
174200.000
177000.000
174600.000
173400.000
175600.000
177000.000
166000.000
178800.000
174000.000
182400.000
190400.000
182600.000
179400.000
172000.000
181800.000
176600.000
172200.000
179400.000
181200.000
176400.000
174800.000
164800.000
154400.000
170600.000
163800.000
155200.000
166600.000
163000.000
163600.000
174000.000
168800.000
170200.000
173200.000
183000.000
177800.000
181800.000
168000.000
173800.000
165200.000
158400.000
171800.000
167400.000
170400.000
167200.000
158800.000
171800.000
179200.000
174800.000
175200.000
172800.000
167400.000
164600.000
154200.000
157400.000
163000.000
156400.000
161000.000
165200.000
162400.000
149400.000
154800.000
160600.000
160000.000
160200.000
176600.000
174000.000
178000.000
181800.000
185200.000
191800.000
182000.000
176600.000
191800.000
172400.000
182200.000
186200.000
185000.000
192600.000
180000.000
179400.000
187800.000
168400.000
167400.000
176200.000
168600.000
155800.000
157000.000
173600.000
183000.000
180400.000
179200.000
192200.000
187000.000
185800.000
184200.000
189200.000
176400.000
178400.000
182400.000
176800.000
178800.000
169000.000
177200.000
184800.000
177400.000
185800.000
186800.000
176200.000
174400.000
180000.000
180600.000
190200.000
184000.000
177000.000
175800.000
162800.000
164800.000
182400.000
180600.000
179800.000
179400.000
165800.000
168200.000
164000.000
185400.000
188400.000
178000.000
176000.000
182600.000
156800.000
172800.000
167000.000
171800.000
182600.000
175800.000
177800.000
178600.000
178800.000
173600.000
177000.000
174800.000
175200.000
181600.000
182200.000
178800.000
186600.000
187600.000
174000.000
180200.000
183000.000
186800.000
169600.000
176800.000
172800.000
179200.000
165200.000
178400.000
170200.000
166600.000
187200.000
179800.000
178200.000
180800.000
179200.000
192400.000
185600.000
186200.000
193200.000
179600.000
175000.000
180600.000
184800.000
191200.000
183600.000
179400.000
187800.000
180400.000
184800.000
173800.000
179400.000
181000.000
189200.000
180400.000
174800.000
176000.000
174800.000
171400.000
174800.000
178800.000
185400.000
177200.000
190400.000
175200.000
186800.000
181600.000
188400.000
185400.000
184400.000
188800.000
177200.000
166600.000
172600.000
179200.000
186800.000
175400.000
168200.000
176000.000
188000.000
178400.000
185000.000
184800.000
184000.000
172400.000
192000.000
179800.000
177600.000
186200.000
183600.000
165200.000
186600.000
182800.000
175000.000
177800.000
163600.000
158800.000
148000.000
153000.000
168000.000
177400.000
170200.000
172600.000
179400.000
185400.000
172000.000
163200.000
172600.000
172400.000
170800.000
152000.000
162800.000
165800.000
174400.000
170000.000
173200.000
165600.000
160600.000
170200.000
163800.000
160600.000
175000.000
164000.000
158600.000
169200.000
169600.000
153200.000
174800.000
161400.000
162200.000
155400.000
159200.000
158000.000
167200.000
156000.000
160400.000
163000.000
186000.000
166000.000
177600.000
175600.000
177600.000
186200.000
189800.000
181400.000
183800.000
190800.000
194000.000
184400.000
185600.000
189800.000
192400.000
193000.000
183600.000
184600.000
182000.000
173400.000
176400.000
167800.000
175000.000
171400.000
173000.000
173800.000
194400.000
185800.000
182000.000
184200.000
187200.000
187000.000
181400.000
180600.000
183400.000
176600.000
190400.000
176400.000
181400.000
179000.000
181800.000
191600.000
167800.000
173800.000
166200.000
173800.000
177800.000
171200.000
164400.000
169800.000
167000.000
164200.000
164400.000
153600.000
158200.000
166800.000
174400.000
174400.000
183600.000
179000.000
172400.000
176800.000
188000.000
176600.000
166000.000
168200.000
169000.000
168000.000
163200.000
166400.000
176000.000
186600.000
182000.000
174800.000
164600.000
185800.000
186600.000
189800.000
176400.000
183600.000
177400.000
187200.000
186800.000
185200.000
184800.000
175600.000
176600.000
179000.000
183600.000
182600.000
180600.000
180800.000
170000.000
181000.000
175800.000
187800.000
182400.000
189000.000
182400.000
177600.000
190400.000
184400.000
174000.000
191000.000
187800.000
172600.000
179800.000
177000.000
180400.000
186200.000
193200.000
179600.000
176600.000
168800.000
183000.000
182000.000
182800.000
179000.000
186200.000
179000.000
165200.000
162800.000
176200.000
179000.000
178800.000
176000.000
184200.000
180600.000
175800.000
178400.000
185400.000
192000.000
174600.000
166000.000
175400.000
166600.000
172000.000
175800.000
176800.000
176600.000
179200.000
176600.000
172600.000
186200.000
176200.000
176000.000
175200.000
183800.000
172000.000
178400.000
184000.000
191000.000
177800.000
185800.000
184400.000
180200.000
184200.000
178000.000
157200.000
155600.000
152600.000
154000.000
149000.000
167800.000
171400.000
179600.000
160400.000
173800.000
185600.000
172000.000
174800.000
165400.000
173800.000
173400.000
177000.000
157200.000
170200.000
169800.000
163000.000
164800.000
158400.000
175400.000
166800.000
170800.000
176000.000
165800.000
167600.000
167600.000
166800.000
163000.000
163800.000
164200.000
159800.000
168800.000
168400.000
155000.000
153600.000
162400.000
159000.000
156800.000
166000.000
183200.000
180600.000
185000.000
195200.000
183000.000
178400.000
186600.000
184600.000
196400.000
194000.000
181400.000
176800.000
198600.000
175000.000
171400.000
186600.000
181600.000
184400.000
167400.000
169600.000
174400.000
173600.000
162000.000
172000.000
178400.000
178000.000
190200.000
171000.000
177200.000
183800.000
181800.000
178000.000
180000.000
188600.000
194000.000
180200.000
178600.000
181400.000
189400.000
191000.000
182800.000
184000.000
173000.000
174200.000
183400.000
157400.000
161400.000
163000.000
170200.000
166000.000
166400.000
156200.000
156000.000
162600.000
157600.000
163600.000
162800.000
176800.000
167400.000
176200.000
181200.000
171000.000
186400.000
170000.000
176800.000
167400.000
161800.000
175600.000
164200.000
167400.000
175200.000
170200.000
175800.000
183000.000
179400.000
186200.000
183200.000
173400.000
187000.000
178200.000
176800.000
190000.000
180800.000
192400.000
189000.000
176600.000
179600.000
185600.000
175600.000
191200.000
184000.000
176600.000
188200.000
179800.000
176600.000
180800.000
179800.000
168400.000
188000.000
177800.000
177000.000
186000.000
188200.000
188000.000
178000.000
168800.000
182400.000
182400.000
188000.000
188000.000
176800.000
175600.000
176200.000
181600.000
186800.000
183600.000
201800.000
190000.000
173400.000
181200.000
171600.000
172600.000
171400.000
178000.000
178200.000
181400.000
165600.000
173600.000
174200.000
177600.000
190400.000
177200.000
186800.000
171200.000
176800.000
168800.000
174600.000
172400.000
170800.000
171600.000
178600.000
180400.000
192200.000
180600.000
177800.000
187400.000
169800.000
183600.000
172000.000
176600.000
169800.000
180200.000
184800.000
187600.000
180000.000
186600.000
187000.000
189800.000
161600.000
166000.000
148400.000
141800.000
162600.000
159000.000
168400.000
176200.000
166600.000
173800.000
187200.000
182400.000
178200.000
170400.000
171200.000
173200.000
164200.000
167200.000
167000.000
163000.000
161000.000
174800.000
171600.000
163000.000
170000.000
163200.000
161400.000
169800.000
161200.000
162400.000
169200.000
166400.000
163400.000
158400.000
168200.000
165200.000
153400.000
159800.000
159400.000
156000.000
171200.000
164400.000
159800.000
177400.000
175800.000
179600.000
186400.000
173200.000
181800.000
189200.000
173000.000
191600.000
183000.000
173200.000
181600.000
185800.000
179000.000
188400.000
181200.000
180400.000
175000.000
170400.000
177600.000
180000.000
174600.000
167800.000
179800.000
182000.000
188800.000
182200.000
189200.000
182400.000
168000.000
180800.000
186200.000
180800.000
187200.000
174600.000
177800.000
172400.000
176000.000
186000.000
179400.000
181400.000
178200.000
178000.000
165600.000
169400.000
169800.000
161400.000
161000.000
167600.000
158200.000
152200.000
153600.000
149600.000
144600.000
143200.000
158000.000
163000.000
166200.000
176600.000
169200.000
174200.000
176400.000
167600.000
185600.000
176400.000
185400.000
161400.000
176000.000
184600.000
177800.000
186000.000
181800.000
175600.000
181200.000
188400.000
195200.000
184600.000
180000.000
186600.000
179600.000
192200.000
178400.000
192400.000
185000.000
173200.000
178400.000
189000.000
186800.000
187600.000
175000.000
175200.000
180000.000
174200.000
184600.000
185000.000
187600.000
176000.000
175200.000
187800.000
178200.000
186000.000
185800.000
193600.000
182000.000
187600.000
182000.000
175200.000
182200.000
179200.000
186800.000
177200.000
175000.000
179600.000
184200.000
179600.000
178400.000
175000.000
183600.000
187200.000
184200.000
175600.000
179200.000
172600.000
160400.000
169000.000
186800.000
193000.000
174600.000
176600.000
176200.000
189000.000
170400.000
174000.000
184400.000
170600.000
160600.000
164400.000
167200.000
168600.000
180000.000
175000.000
183600.000
171000.000
169400.000
175600.000
179400.000
174000.000
179600.000
174600.000
175600.000
180400.000
182400.000
179000.000
186000.000
180200.000
183600.000
181600.000
183000.000
163200.000
152800.000
159800.000
143200.000
153000.000
161600.000
173600.000
174000.000
175400.000
174800.000
179000.000
175600.000
169600.000
175200.000
177800.000
169400.000
174800.000
166600.000
168000.000
171000.000
172400.000
161200.000
166400.000
169200.000
165000.000
169400.000
166000.000
164000.000
166800.000
165200.000
163800.000
167200.000
162600.000
165400.000
163000.000
162600.000
154000.000
155400.000
161000.000
161800.000
165600.000
156600.000
161800.000
177800.000
175800.000
183000.000
187000.000
185200.000
186000.000
191000.000
184400.000
185400.000
172600.000
181400.000
182000.000
197400.000
182400.000
190600.000
188000.000
173000.000
181800.000
172600.000
167600.000
173600.000
173600.000
184400.000
182800.000
175800.000
189800.000
178800.000
197600.000
179800.000
172600.000
186400.000
183200.000
182000.000
181600.000
176000.000
188400.000
163400.000
176200.000
189600.000
173200.000
187800.000
173400.000
170000.000
166400.000
158200.000
154600.000
153600.000
152800.000
153600.000
155800.000
138200.000
143800.000
147400.000
144600.000
148600.000
148400.000
155200.000
158000.000
163600.000
178400.000
178000.000
185000.000
176200.000
177000.000
169800.000
164200.000
170400.000
174000.000
168800.000
166600.000
176000.000
180000.000
182200.000
184600.000
183200.000
181600.000
184000.000
184200.000
188000.000
175400.000
176400.000
185600.000
181200.000
181800.000
176600.000
175800.000
187200.000
187200.000
191800.000
191000.000
169200.000
178600.000
179400.000
181800.000
187200.000
187200.000
179400.000
190400.000
191600.000
179800.000
175200.000
181800.000
192400.000
174000.000
189600.000
180600.000
172600.000
173600.000
177800.000
198000.000
185000.000
168000.000
175000.000
176200.000
180200.000
177800.000
188600.000
172800.000
178800.000
181800.000
173800.000
185200.000
172800.000
172800.000
172800.000
166800.000
176200.000
175400.000
185400.000
184600.000
193400.000
198600.000
173200.000
173200.000
168800.000
170400.000
172000.000
168000.000
179800.000
167800.000
170200.000
171400.000
172800.000
175800.000
177800.000
193600.000
182600.000
176200.000
187400.000
175000.000
167000.000
184200.000
177000.000
175200.000
187600.000
170000.000
178600.000
172200.000
173400.000
155800.000
155000.000
150600.000
158200.000
156000.000
168400.000
172200.000
183200.000
167600.000
174600.000
169800.000
172200.000
162000.000
173400.000
170200.000
168800.000
182400.000
180800.000
172600.000
173800.000
164600.000
165600.000
182200.000
172000.000
165400.000
174600.000
158200.000
179600.000
171200.000
160800.000
169800.000
152400.000
158400.000
159600.000
166400.000
169600.000
165600.000
156200.000
158600.000
163600.000
158000.000
150400.000
198400.000
183800.000
184800.000
182400.000
178600.000
180200.000
178600.000
183200.000
184400.000
178200.000
183200.000
185800.000
178000.000
191200.000
180600.000
171200.000
180400.000
174600.000
176400.000
176000.000
176000.000
180800.000
174400.000
184600.000
185400.000
189600.000
184800.000
191800.000
170200.000
175800.000
185800.000
178400.000
174000.000
195000.000
177800.000
175600.000
184200.000
185800.000
180800.000
172000.000
166400.000
169000.000
155800.000
146800.000
142600.000
162000.000
144600.000
145600.000
152000.000
147800.000
150200.000
145400.000
142200.000
139200.000
142400.000
147200.000
159400.000
156400.000
162000.000
171000.000
179600.000
167600.000
178000.000
181800.000
175400.000
170800.000
175200.000
178200.000
175000.000
180800.000
190200.000
185800.000
181600.000
186600.000
190000.000
175800.000
184400.000
194200.000
183200.000
192600.000
176200.000
198800.000
184200.000
177800.000
174000.000
185400.000
186000.000
192800.000
188200.000
180200.000
183000.000
185200.000
186200.000
185000.000
175800.000
185200.000
186000.000
182200.000
184400.000
179800.000
170400.000
174600.000
187000.000
186600.000
179000.000
182400.000
173000.000
196200.000
182800.000
186400.000
181200.000
182200.000
180800.000
176400.000
184200.000
184400.000
188600.000
188400.000
176000.000
187600.000
191000.000
170600.000
175400.000
174800.000
173600.000
178600.000
179800.000
179800.000
177600.000
199200.000
189800.000
185400.000
165800.000
161200.000
167000.000
158800.000
152600.000
164400.000
173600.000
174200.000
185200.000
178000.000
172000.000
176200.000
177600.000
174600.000
178600.000
173800.000
182200.000
178000.000
172800.000
170400.000
183200.000
167800.000
182000.000
176200.000
186400.000
184200.000
166800.000
151000.000
155000.000
167600.000
153800.000
170400.000
170800.000
167400.000
180200.000
177400.000
168200.000
169200.000
169600.000
172000.000
167800.000
173600.000
170200.000
179000.000
169200.000
171200.000
172400.000
172800.000
158800.000
169000.000
176200.000
166000.000
163400.000
162200.000
166800.000
174000.000
164400.000
162400.000
165800.000
159800.000
159000.000
162800.000
161000.000
172200.000
154200.000
153200.000
156800.000
162200.000
156400.000
190800.000
183400.000
185800.000
184200.000
177600.000
172600.000
183400.000
179800.000
190000.000
179000.000
185800.000
180000.000
187000.000
192200.000
180400.000
188000.000
178000.000
170200.000
176800.000
182800.000
188000.000
174600.000
173000.000
164000.000
175000.000
180600.000
186200.000
181600.000
176200.000
175600.000
180000.000
185400.000
183200.000
176000.000
181800.000
174800.000
173400.000
167200.000
180800.000
181600.000
181000.000
158200.000
157000.000
148600.000
149600.000
133600.000
135800.000
143000.000
149200.000
143600.000
144600.000
148800.000
139200.000
143800.000
155200.000
147000.000
153200.000
157200.000
168400.000
179600.000
177600.000
165800.000
163200.000
177800.000
170600.000
178600.000
193000.000
172400.000
181000.000
178400.000
181800.000
191400.000
175800.000
179800.000
176200.000
180800.000
180200.000
177200.000
186200.000
177800.000
179200.000
185200.000
192600.000
170000.000
177800.000
169800.000
175800.000
191400.000
189400.000
184800.000
170000.000
189600.000
189600.000
174000.000
180800.000
179400.000
179200.000
180200.000
170600.000
187200.000
183400.000
175800.000
189600.000
166400.000
179800.000
172800.000
187400.000
182600.000
184400.000
177400.000
185000.000
174600.000
170800.000
179600.000
183200.000
183400.000
176800.000
179800.000
177400.000
182800.000
178200.000
166800.000
177800.000
183200.000
163400.000
171600.000
179400.000
182200.000
180000.000
179800.000
199400.000
184000.000
178000.000
161000.000
164800.000
158600.000
157400.000
162000.000
176600.000
162800.000
184200.000
185200.000
180000.000
182600.000
176400.000
171400.000
180400.000
192000.000
183000.000
182800.000
172400.000
181200.000
176000.000
174000.000
178800.000
175400.000
170200.000
175000.000
161800.000
162400.000
155200.000
160200.000
177200.000
184200.000
170000.000
179400.000
176000.000
166200.000
175800.000
176400.000
172000.000
167800.000
165600.000
159600.000
175800.000
167800.000
168400.000
167200.000
176600.000
168400.000
171400.000
165000.000
159600.000
156200.000
168600.000
161200.000
169000.000
161400.000
170000.000
174400.000
164600.000
160600.000
152600.000
160000.000
157000.000
160200.000
165800.000
154400.000
165600.000
159000.000
161400.000
184800.000
178000.000
184200.000
189000.000
177200.000
177800.000
183400.000
191200.000
183000.000
175600.000
183000.000
178800.000
166600.000
179800.000
186200.000
186800.000
184400.000
174800.000
189400.000
191200.000
181400.000
181400.000
191200.000
173200.000
172000.000
181400.000
175800.000
182600.000
178400.000
175800.000
181600.000
166600.000
177000.000
166600.000
175200.000
163000.000
172200.000
175200.000
176800.000
167000.000
168400.000
170600.000
156600.000
149400.000
144600.000
138200.000
142200.000
143200.000
147800.000
154800.000
158000.000
151200.000
152000.000
149000.000
145600.000
154200.000
152000.000
166400.000
174800.000
185400.000
182600.000
178800.000
188600.000
181000.000
189200.000
185600.000
182200.000
179600.000
183800.000
187400.000
180800.000
183200.000
176200.000
176800.000
189400.000
183800.000
176200.000
181400.000
188800.000
177600.000
174800.000
178800.000
187800.000
185200.000
182800.000
178400.000
179800.000
175400.000
177800.000
192000.000
175200.000
180800.000
178000.000
182600.000
174600.000
173600.000
196600.000
173200.000
182800.000
171800.000
180400.000
188400.000
180000.000
175600.000
182800.000
181200.000
177400.000
184400.000
177400.000
182800.000
166600.000
183000.000
169800.000
177400.000
176400.000
181600.000
177200.000
183800.000
188200.000
184600.000
186400.000
179800.000
170800.000
174400.000
173200.000
179600.000
174800.000
175000.000
187800.000
184800.000
178400.000
184400.000
168600.000
162000.000
158000.000
152000.000
167600.000
159200.000
151800.000
180400.000
178000.000
179200.000
191600.000
185200.000
192200.000
181400.000
173200.000
182000.000
175600.000
179400.000
179000.000
176600.000
169000.000
169800.000
170400.000
180600.000
174600.000
184400.000
170600.000
164600.000
177000.000
162200.000
171400.000
169800.000
172400.000
181200.000
175200.000
176600.000
175400.000
172800.000
163000.000
171400.000
177000.000
169200.000
174600.000
168200.000
172200.000
175400.000
160000.000
165000.000
174000.000
167800.000
157400.000
165000.000
171000.000
171800.000
163400.000
164200.000
160800.000
158200.000
160000.000
159400.000
163000.000
159000.000
158600.000
166800.000
166000.000
159600.000
155800.000
163600.000
158200.000
186000.000
196200.000
191800.000
186000.000
189200.000
186000.000
173200.000
165200.000
182000.000
186000.000
177600.000
188400.000
189600.000
190000.000
190200.000
183200.000
185800.000
192200.000
183800.000
178200.000
182000.000
182800.000
187600.000
183800.000
176000.000
178600.000
186400.000
184600.000
176400.000
174400.000
173800.000
187400.000
184200.000
176400.000
172200.000
169000.000
165200.000
176000.000
175400.000
169400.000
175000.000
159200.000
155800.000
156000.000
145400.000
141800.000
144200.000
152200.000
158200.000
152600.000
158400.000
150600.000
152400.000
160200.000
157000.000
150600.000
166000.000
167400.000
165600.000
175000.000
179800.000
184600.000
178000.000
185400.000
175400.000
179600.000
183000.000
189400.000
173800.000
189000.000
186800.000
187000.000
191400.000
178200.000
184800.000
185600.000
183400.000
188800.000
189200.000
190800.000
176600.000
174400.000
187400.000
194600.000
184800.000
190400.000
185200.000
186800.000
183600.000
179800.000
181200.000
184200.000
178000.000
187800.000
181800.000
177400.000
186800.000
184000.000
185000.000
186000.000
189000.000
180000.000
188000.000
180400.000
184800.000
173200.000
187600.000
177600.000
186800.000
179400.000
183000.000
188800.000
182000.000
174000.000
172000.000
170000.000
179200.000
186200.000
189400.000
172000.000
181800.000
180800.000
188800.000
171000.000
173600.000
178200.000
181400.000
181800.000
177600.000
197600.000
187400.000
186800.000
184000.000
161200.000
155200.000
164600.000
165800.000
165000.000
173400.000
165200.000
188200.000
182200.000
169600.000
187000.000
174600.000
175400.000
175800.000
177200.000
178000.000
180400.000
179200.000
188400.000
179400.000
173200.000
185000.000
181200.000
178800.000
170400.000
177800.000
175400.000
168600.000
168800.000
176400.000
173600.000
169000.000
173000.000
174400.000
171400.000
181600.000
168200.000
168200.000
177400.000
165000.000
171200.000
175800.000
171000.000
169800.000
159200.000
162000.000
169800.000
162200.000
166200.000
163200.000
163800.000
166600.000
167600.000
174000.000
167200.000
166400.000
170800.000
165200.000
159600.000
164800.000
156800.000
158400.000
151600.000
164200.000
161800.000
151000.000
155000.000
150400.000
189600.000
187200.000
183800.000
195400.000
178800.000
181400.000
198800.000
184400.000
171000.000
184000.000
185400.000
197600.000
188600.000
187800.000
177600.000
182200.000
184800.000
175000.000
180800.000
189800.000
176600.000
181600.000
189800.000
181000.000
174600.000
167800.000
169400.000
176000.000
176200.000
173000.000
179200.000
174800.000
172600.000
186000.000
167000.000
178800.000
169800.000
174000.000
181600.000
174000.000
170000.000
166000.000
164600.000
159600.000
148600.000
156200.000
152200.000
160000.000
177200.000
160200.000
167000.000
163600.000
162800.000
171800.000
163200.000
180400.000
174800.000
180200.000
180800.000
185800.000
172600.000
171200.000
182400.000
184400.000
187400.000
184600.000
189000.000
196000.000
181800.000
183600.000
172000.000
182800.000
187800.000
191200.000
181800.000
190800.000
188200.000
182800.000
187600.000
195000.000
180600.000
181600.000
187000.000
192000.000
175000.000
193600.000
180800.000
172000.000
187800.000
187600.000
168800.000
184000.000
184400.000
194200.000
182600.000
182000.000
178600.000
181600.000
181000.000
182600.000
177600.000
184400.000
179600.000
184000.000
182800.000
168600.000
187000.000
181200.000
170800.000
192200.000
183000.000
191400.000
171800.000
180400.000
172000.000
178200.000
186600.000
187600.000
196000.000
177400.000
177800.000
175600.000
174200.000
181600.000
171400.000
187000.000
183600.000
192200.000
183800.000
192600.000
180200.000
182400.000
171800.000
163400.000
160400.000
171200.000
165400.000
170000.000
175400.000
176600.000
177600.000
177000.000
172400.000
179200.000
171800.000
184000.000
177600.000
177000.000
188000.000
177200.000
177400.000
180200.000
176400.000
172400.000
170400.000
171600.000
181000.000
164000.000
184400.000
176000.000
176000.000
170600.000
175400.000
175800.000
175000.000
170600.000
161600.000
181200.000
165200.000
171000.000
169200.000
172000.000
169000.000
163200.000
173600.000
170800.000
171600.000
168600.000
163600.000
170400.000
166600.000
162200.000
159800.000
173400.000
154800.000
160800.000
151000.000
169600.000
157800.000
160000.000
160400.000
170600.000
166800.000
153400.000
156400.000
160000.000
158200.000
160000.000
160600.000
166600.000
153200.000
193000.000
188400.000
190400.000
181000.000
186200.000
186400.000
187200.000
178000.000
182600.000
170600.000
177200.000
180000.000
183000.000
175400.000
179800.000
175200.000
172400.000
178200.000
182800.000
200200.000
186000.000
179000.000
181600.000
179600.000
175000.000
163000.000
174800.000
169800.000
169200.000
166600.000
173600.000
173000.000
187000.000
170000.000
180200.000
176600.000
176200.000
181000.000
172000.000
176000.000
177200.000
177000.000
167600.000
175000.000
164200.000
160800.000
169400.000
172800.000
169800.000
175800.000
172800.000
175000.000
191800.000
171600.000
172000.000
182400.000
169000.000
183200.000
176800.000
176200.000
187400.000
174000.000
184000.000
173600.000
183200.000
188800.000
171400.000
184600.000
183800.000
175600.000
175400.000
191600.000
180200.000
197400.000
182400.000
183000.000
180600.000
181800.000
188600.000
176200.000
191400.000
178400.000
181200.000
177400.000
170600.000
184400.000
179800.000
185200.000
184800.000
182600.000
172600.000
181000.000
182600.000
184200.000
186200.000
175200.000
192000.000
179600.000
177400.000
176400.000
187400.000
182400.000
183600.000
184000.000
179400.000
176400.000
174000.000
185200.000
176200.000
186600.000
182400.000
187000.000
166200.000
177000.000
177000.000
180000.000
181600.000
182600.000
177800.000
185200.000
185000.000
174600.000
162200.000
171000.000
170600.000
178800.000
174000.000
183800.000
185000.000
181600.000
182200.000
184200.000
183600.000
176800.000
160200.000
172600.000
166800.000
164200.000
178400.000
178800.000
161600.000
184200.000
174400.000
184000.000
184600.000
178000.000
177600.000
174200.000
180400.000
180800.000
177000.000
167200.000
186200.000
186000.000
170400.000
174600.000
173800.000
169800.000
181200.000
169000.000
163000.000
168200.000
175000.000
176200.000
179600.000
161600.000
170400.000
174200.000
186200.000
161400.000
167800.000
168800.000
177000.000
168600.000
166000.000
174600.000
169800.000
177600.000
161000.000
174600.000
160400.000
168600.000
168200.000
162000.000
169400.000
157400.000
165400.000
167600.000
160200.000
165200.000
162000.000
164000.000
156000.000
169400.000
161000.000
157400.000
169600.000
164200.000
151000.000
159800.000
152800.000
194600.000
183600.000
193000.000
190000.000
186000.000
187800.000
189200.000
175200.000
186600.000
179800.000
180000.000
191000.000
185200.000
180000.000
178600.000
188400.000
173400.000
191400.000
181800.000
179600.000
188400.000
177800.000
178000.000
172200.000
189200.000
176000.000
165600.000
168600.000
165000.000
167200.000
165600.000
167600.000
177000.000
178200.000
169800.000
184200.000
182800.000
173200.000
174600.000
175000.000
175400.000
174600.000
174200.000
171000.000
171600.000
162600.000
169000.000
166400.000
166000.000
178400.000
181800.000
176200.000
175400.000
184400.000
177200.000
189600.000
173000.000
181400.000
173800.000
171200.000
177800.000
195200.000
177200.000
188400.000
187600.000
191000.000
183400.000
182000.000
188800.000
187400.000
182800.000
174000.000
187000.000
185000.000
171200.000
191200.000
180400.000
184200.000
184600.000
178200.000
178200.000
188000.000
182800.000
188600.000
187600.000
175400.000
182200.000
180000.000
193200.000
184000.000
186600.000
182000.000
175600.000
184000.000
173800.000
189600.000
188600.000
184600.000
196200.000
183200.000
179400.000
170000.000
179400.000
187800.000
180000.000
173200.000
176600.000
177400.000
185200.000
183200.000
184400.000
173600.000
183400.000
180200.000
164800.000
171400.000
177600.000
165400.000
181600.000
180000.000
165200.000
166800.000
163800.000
178400.000
174800.000
169200.000
181800.000
188200.000
184000.000
197400.000
187600.000
177400.000
180600.000
168800.000
166200.000
173400.000
171800.000
182600.000
180800.000
162800.000
181200.000
192000.000
175800.000
169600.000
175400.000
173400.000
181800.000
189000.000
176200.000
174800.000
178600.000
181800.000
166000.000
175600.000
183800.000
164400.000
174800.000
168200.000
182600.000
170200.000
176200.000
174800.000
177200.000
178000.000
172400.000
178600.000
175200.000
166000.000
173400.000
170800.000
174800.000
173200.000
173200.000
166000.000
168000.000
172000.000
165000.000
176400.000
162400.000
172000.000
164400.000
171600.000
163000.000
161000.000
161200.000
152400.000
163800.000
164200.000
154600.000
166200.000
170000.000
162800.000
158200.000
156800.000
159600.000
163400.000
158000.000
158200.000
156400.000
161400.000
160600.000
204800.000
186200.000
191200.000
186200.000
188600.000
183000.000
176200.000
175000.000
177000.000
181400.000
177800.000
173800.000
194600.000
186800.000
181600.000
182000.000
177200.000
184000.000
177000.000
185600.000
173400.000
177400.000
172200.000
174600.000
171200.000
180200.000
164200.000
169000.000
174600.000
170800.000
163000.000
178200.000
173600.000
183600.000
179800.000
178600.000
174200.000
182400.000
178600.000
182600.000
168600.000
183400.000
181400.000
167800.000
183400.000
174000.000
174800.000
173400.000
176400.000
182600.000
175000.000
186600.000
183600.000
175400.000
178200.000
186600.000
177400.000
188000.000
197400.000
183000.000
179200.000
174200.000
187000.000
186200.000
178400.000
187000.000
181400.000
176200.000
191400.000
175400.000
175200.000
187200.000
185000.000
176400.000
170800.000
195200.000
192200.000
184400.000
179600.000
176000.000
176400.000
191800.000
189600.000
175400.000
187400.000
184600.000
187000.000
167000.000
177400.000
175600.000
182400.000
182200.000
177400.000
178000.000
187800.000
164200.000
178200.000
191000.000
189200.000
183600.000
179800.000
187200.000
179200.000
185800.000
179000.000
179400.000
183200.000
174600.000
180800.000
183400.000
197800.000
175800.000
176400.000
169600.000
179000.000
170400.000
176200.000
171600.000
177600.000
180800.000
160400.000
176400.000
163200.000
180800.000
184800.000
179200.000
185000.000
177600.000
169400.000
184600.000
185000.000
187200.000
184800.000
183000.000
181800.000
175200.000
175600.000
172000.000
173600.000
166200.000
167400.000
177800.000
171400.000
178200.000
176400.000
183200.000
175400.000
163600.000
173800.000
179800.000
179600.000
181600.000
177800.000
173600.000
175000.000
180600.000
178400.000
178400.000
164600.000
169800.000
166200.000
175000.000
181000.000
172600.000
169600.000
177000.000
166400.000
163200.000
166000.000
166400.000
172400.000
166800.000
176400.000
164600.000
170400.000
169200.000
175600.000
172200.000
172600.000
161400.000
164400.000
167400.000
165800.000
163000.000
156000.000
158000.000
171000.000
154800.000
154600.000
159800.000
151400.000
160600.000
162000.000
152000.000
164600.000
161400.000
147000.000
163200.000
148600.000
162600.000
156400.000
210200.000
197200.000
201200.000
199600.000
181800.000
189800.000
187400.000
181600.000
172800.000
191600.000
177000.000
185800.000
181800.000
193800.000
177400.000
182800.000
185200.000
190200.000
176200.000
178200.000
169600.000
181200.000
174200.000
187600.000
171800.000
172000.000
172600.000
158000.000
167000.000
165800.000
164600.000
172800.000
181600.000
175400.000
182000.000
181400.000
187800.000
183000.000
175400.000
181800.000
183800.000
177000.000
188000.000
180000.000
181200.000
178000.000
181000.000
179400.000
180200.000
179600.000
175400.000
192000.000
181800.000
177200.000
185200.000
184000.000
180200.000
183600.000
182800.000
180200.000
179400.000
192200.000
182800.000
183200.000
187600.000
185600.000
185800.000
184000.000
186600.000
193600.000
179800.000
173000.000
177800.000
188000.000
183200.000
171600.000
186800.000
180200.000
187200.000
182400.000
185400.000
178600.000
181600.000
182400.000
172200.000
184600.000
190600.000
179400.000
181400.000
194200.000
176400.000
177600.000
183400.000
184200.000
183800.000
179200.000
184600.000
179000.000
188000.000
180200.000
178800.000
177200.000
183200.000
187000.000
186600.000
184400.000
186000.000
181000.000
189600.000
173200.000
180800.000
176600.000
186400.000
165000.000
178200.000
167200.000
164600.000
172800.000
193600.000
181000.000
160800.000
178400.000
169800.000
170800.000
181200.000
180200.000
175200.000
175000.000
175000.000
178600.000
174200.000
178800.000
184400.000
190600.000
173000.000
169400.000
184800.000
184000.000
177600.000
176000.000
177600.000
187200.000
178200.000
187000.000
172200.000
188200.000
179800.000
172800.000
183000.000
177400.000
175400.000
175400.000
177000.000
168000.000
177400.000
175000.000
174800.000
174000.000
171400.000
169200.000
174600.000
170000.000
170000.000
177600.000
174000.000
173200.000
177800.000
172800.000
171000.000
169400.000
176000.000
165600.000
172000.000
171800.000
173000.000
165400.000
166800.000
179200.000
164600.000
162200.000
171000.000
151800.000
169000.000
163000.000
161400.000
167000.000
168000.000
162000.000
160800.000
161400.000
163000.000
150800.000
163200.000
167400.000
158600.000
161000.000
146000.000
154200.000
158800.000
157400.000
155000.000
215000.000
208800.000
199600.000
204000.000
195000.000
195000.000
182800.000
181800.000
175800.000
188400.000
193800.000
183400.000
176400.000
183600.000
176000.000
196600.000
181200.000
188400.000
179200.000
181600.000
181400.000
163400.000
182800.000
190800.000
181000.000
177800.000
174600.000
166600.000
172400.000
169200.000
167600.000
172600.000
181800.000
183200.000
166600.000
187600.000
182000.000
177000.000
166800.000
180400.000
167000.000
183800.000
186400.000
187400.000
174800.000
177200.000
179000.000
186000.000
172200.000
179600.000
180600.000
178200.000
192200.000
183800.000
185400.000
186400.000
175000.000
186800.000
185000.000
184200.000
185600.000
179200.000
180400.000
183000.000
179000.000
182400.000
177600.000
199800.000
186400.000
184800.000
190400.000
194800.000
174400.000
186000.000
172200.000
167800.000
174400.000
179200.000
187600.000
186600.000
182200.000
187400.000
188200.000
178000.000
187800.000
179200.000
194600.000
179800.000
181800.000
178000.000
174400.000
187200.000
175600.000
180000.000
183000.000
180200.000
182400.000
185400.000
178400.000
175400.000
179400.000
184200.000
178800.000
176000.000
176000.000
182000.000
188800.000
186400.000
190600.000
186400.000
188600.000
175600.000
187800.000
168400.000
174200.000
181000.000
185000.000
188000.000
168200.000
172000.000
170600.000
186200.000
184800.000
181400.000
175800.000
187000.000
180800.000
188600.000
178600.000
176600.000
175400.000
187600.000
182600.000
168400.000
187600.000
175000.000
174000.000
182600.000
186600.000
172400.000
178800.000
177600.000
186400.000
179400.000
172600.000
183800.000
185400.000
183600.000
184400.000
181600.000
177000.000
182600.000
177800.000
174200.000
174800.000
169400.000
169600.000
175400.000
166000.000
175400.000
183800.000
170000.000
171400.000
171200.000
165400.000
177400.000
158800.000
174200.000
168200.000
167600.000
176600.000
165000.000
173200.000
166400.000
173800.000
155600.000
164600.000
171400.000
165200.000
165800.000
165400.000
172600.000
168800.000
162800.000
171400.000
164200.000
160600.000
163800.000
161600.000
158600.000
164600.000
164600.000
152800.000
156600.000
150200.000
147400.000
153600.000
168000.000
158000.000
154000.000
151400.000

Notes: 
Time: 2025-08-26_10-14-48