VxRange in distance [um]: [-6.993007 6.993007] NVx:201 bFixVx:0 FixVx:-0.000000
VyRange in distance [um]: [-6.993007 6.993007] NVy:201 bFixVy:0 FixVy:-0.000000
VzRange: [15.000000 25.000000] NVz:21 bFixVz:1 FixVz:22.894700
DTRange: [0.001000 0.003000] NDT:10 bFixVDT:1 FixVDT:0.001000
Size: [201 201]
2625000.000
4520000.000
4540000.000
4783000.000
4782000.000
4743000.000
4797000.000
4598000.000
4577000.000
4421000.000
4382000.000
4386000.000
4279000.000
4316000.000
4393000.000
4398000.000
4271000.000
4502000.000
4582000.000
4574000.000
4646000.000
4699000.000
4875000.000
4792000.000
4875000.000
5003000.000
4985000.000
4887000.000
4749000.000
4829000.000
5022000.000
4854000.000
4947000.000
5054000.000
5107000.000
5052000.000
4888000.000
5021000.000
4914000.000
4940000.000
4877000.000
4929000.000
5003000.000
5077000.000
5036000.000
5015000.000
5118000.000
5073000.000
5152000.000
5416000.000
5334000.000
5412000.000
5450000.000
5524000.000
5444000.000
5427000.000
5324000.000
5273000.000
5009000.000
5011000.000
5054000.000
5020000.000
4993000.000
5066000.000
5000000.000
5101000.000
4977000.000
4879000.000
5042000.000
5038000.000
5059000.000
4986000.000
4964000.000
4959000.000
5134000.000
5067000.000
5292000.000
5300000.000
5354000.000
5385000.000
5285000.000
5363000.000
5409000.000
5211000.000
5183000.000
5033000.000
5142000.000
5121000.000
5215000.000
5127000.000
5215000.000
5194000.000
5311000.000
5348000.000
5360000.000
5212000.000
5238000.000
5215000.000
5249000.000
5263000.000
5179000.000
5176000.000
5115000.000
5126000.000
5003000.000
4999000.000
5098000.000
4957000.000
5039000.000
4913000.000
5059000.000
4978000.000
5121000.000
4998000.000
5060000.000
5031000.000
5015000.000
4952000.000
5028000.000
5027000.000
5016000.000
5035000.000
5066000.000
5009000.000
4980000.000
5122000.000
5056000.000
5069000.000
5048000.000
5040000.000
5000000.000
5007000.000
5023000.000
5001000.000
4888000.000
4916000.000
4936000.000
4995000.000
4953000.000
4980000.000
4904000.000
4982000.000
4903000.000
4891000.000
4907000.000
4870000.000
4855000.000
4973000.000
4971000.000
4926000.000
4793000.000
4811000.000
4797000.000
4872000.000
4751000.000
4829000.000
4780000.000
4844000.000
4752000.000
4807000.000
4992000.000
5072000.000
4935000.000
5066000.000
5084000.000
4877000.000
4906000.000
4773000.000
4884000.000
4774000.000
4801000.000
4760000.000
4881000.000
4919000.000
4881000.000
4890000.000
4884000.000
4993000.000
4927000.000
4995000.000
4957000.000
4969000.000
4964000.000
4965000.000
4885000.000
4844000.000
4913000.000
5017000.000
5016000.000
5171000.000
5173000.000
5000000.000
5078000.000
5116000.000
5089000.000
5141000.000
5138000.000
5182000.000
5042000.000
5022000.000
4903000.000
4675000.000
4685000.000
4691000.000
4622000.000
4681000.000
4573000.000
4583000.000
4608000.000
4452000.000
4429000.000
4368000.000
4323000.000
4250000.000
4303000.000
4354000.000
4398000.000
4429000.000
4474000.000
4560000.000
4642000.000
4762000.000
4736000.000
4814000.000
4955000.000
4977000.000
4977000.000
5019000.000
5019000.000
4874000.000
4759000.000
4867000.000
4845000.000
4868000.000
4891000.000
4939000.000
4933000.000
4828000.000
5007000.000
5010000.000
4885000.000
4915000.000
4941000.000
5005000.000
5103000.000
5129000.000
5180000.000
5197000.000
5182000.000
5371000.000
5329000.000
5344000.000
5362000.000
5522000.000
5599000.000
5527000.000
5441000.000
5361000.000
5161000.000
5058000.000
5029000.000
4979000.000
5042000.000
5006000.000
5080000.000
5029000.000
4972000.000
5056000.000
5056000.000
4965000.000
5050000.000
4984000.000
4957000.000
5070000.000
5110000.000
4986000.000
5184000.000
5314000.000
5274000.000
5276000.000
5303000.000
5300000.000
5337000.000
5321000.000
5216000.000
5106000.000
5073000.000
5006000.000
5153000.000
5128000.000
5203000.000
5286000.000
5282000.000
5305000.000
5325000.000
5277000.000
5350000.000
5280000.000
5158000.000
5219000.000
5239000.000
5127000.000
5181000.000
5155000.000
5058000.000
5117000.000
5095000.000
5092000.000
5008000.000
5032000.000
5028000.000
5129000.000
5097000.000
5067000.000
4958000.000
4888000.000
4888000.000
4952000.000
5090000.000
4991000.000
4965000.000
4893000.000
4966000.000
4976000.000
4934000.000
4962000.000
5003000.000
5059000.000
5012000.000
5025000.000
4931000.000
4986000.000
4944000.000
4908000.000
4876000.000
4992000.000
4890000.000
4900000.000
5031000.000
5067000.000
4811000.000
4974000.000
5037000.000
4838000.000
4883000.000
4842000.000
4827000.000
4830000.000
4925000.000
5030000.000
4801000.000
4806000.000
4837000.000
4890000.000
4786000.000
4772000.000
4737000.000
4766000.000
4667000.000
4806000.000
4877000.000
4912000.000
5082000.000
4991000.000
5023000.000
5024000.000
4944000.000
4832000.000
4776000.000
4792000.000
4828000.000
4852000.000
4872000.000
4842000.000
4882000.000
4859000.000
4851000.000
4952000.000
4932000.000
5064000.000
4956000.000
4957000.000
4944000.000
4933000.000
4851000.000
4940000.000
4938000.000
5022000.000
5023000.000
5046000.000
5130000.000
5070000.000
5045000.000
5159000.000
5036000.000
4980000.000
5084000.000
4968000.000
4942000.000
5067000.000
4965000.000
4959000.000
4662000.000
4637000.000
4661000.000
4630000.000
4760000.000
4866000.000
4636000.000
4570000.000
4623000.000
4492000.000
4417000.000
4375000.000
4324000.000
4290000.000
4244000.000
4280000.000
4372000.000
4573000.000
4515000.000
4517000.000
4644000.000
4667000.000
4852000.000
4883000.000
4896000.000
4752000.000
4858000.000
4790000.000
4831000.000
4814000.000
4763000.000
4804000.000
4892000.000
4821000.000
4867000.000
4958000.000
4975000.000
5022000.000
5071000.000
4991000.000
4924000.000
4895000.000
5015000.000
4969000.000
5035000.000
5112000.000
5132000.000
5321000.000
5192000.000
5202000.000
5350000.000
5462000.000
5406000.000
5401000.000
5331000.000
5459000.000
5327000.000
5145000.000
5165000.000
5067000.000
4967000.000
4967000.000
5007000.000
5067000.000
5098000.000
5053000.000
5063000.000
4976000.000
4916000.000
4977000.000
5055000.000
4953000.000
5128000.000
5115000.000
5160000.000
5173000.000
5206000.000
5175000.000
5331000.000
5344000.000
5274000.000
5118000.000
5164000.000
5094000.000
5090000.000
4998000.000
5090000.000
5101000.000
5179000.000
5179000.000
5163000.000
5189000.000
5199000.000
5211000.000
5256000.000
5120000.000
5260000.000
5264000.000
5118000.000
5047000.000
5039000.000
5189000.000
5137000.000
5228000.000
5071000.000
5100000.000
5116000.000
5019000.000
5047000.000
5053000.000
5096000.000
5097000.000
5076000.000
5095000.000
4934000.000
5000000.000
4995000.000
4938000.000
5005000.000
4967000.000
5061000.000
4925000.000
4943000.000
4945000.000
4977000.000
5033000.000
4902000.000
5093000.000
5035000.000
4982000.000
4955000.000
4991000.000
4997000.000
4976000.000
4947000.000
4935000.000
4988000.000
4932000.000
4944000.000
5024000.000
5038000.000
4983000.000
4916000.000
4997000.000
4987000.000
4863000.000
4980000.000
4923000.000
4837000.000
4882000.000
4976000.000
4913000.000
4842000.000
4877000.000
4853000.000
4822000.000
4914000.000
4794000.000
4869000.000
4890000.000
4889000.000
4985000.000
5019000.000
4970000.000
5055000.000
4861000.000
4901000.000
4882000.000
4867000.000
4849000.000
4891000.000
4932000.000
4839000.000
4817000.000
4804000.000
4893000.000
4933000.000
4893000.000
5096000.000
5026000.000
4954000.000
5020000.000
4933000.000
4864000.000
4961000.000
5057000.000
5041000.000
5049000.000
5114000.000
5113000.000
5075000.000
5081000.000
5117000.000
5211000.000
5096000.000
5168000.000
5133000.000
5006000.000
4999000.000
4971000.000
4830000.000
4617000.000
4598000.000
4702000.000
4690000.000
4718000.000
4693000.000
4544000.000
4556000.000
4500000.000
4374000.000
4344000.000
4256000.000
4139000.000
4205000.000
4314000.000
4352000.000
4488000.000
4515000.000
4566000.000
4653000.000
4803000.000
4814000.000
4775000.000
4874000.000
4854000.000
4755000.000
4543000.000
4571000.000
4608000.000
4735000.000
4717000.000
4754000.000
4826000.000
4972000.000
4879000.000
4818000.000
4993000.000
4949000.000
5032000.000
5004000.000
4975000.000
4888000.000
4939000.000
5015000.000
5068000.000
5186000.000
5218000.000
5182000.000
5208000.000
5237000.000
5451000.000
5501000.000
5376000.000
5439000.000
5395000.000
5276000.000
5173000.000
5116000.000
5147000.000
4948000.000
4983000.000
4989000.000
5115000.000
5064000.000
5075000.000
5034000.000
5002000.000
4996000.000
4995000.000
5029000.000
5129000.000
5064000.000
5145000.000
5119000.000
5196000.000
5224000.000
5414000.000
5284000.000
5321000.000
5271000.000
5283000.000
5202000.000
5043000.000
5014000.000
4910000.000
5083000.000
5097000.000
5117000.000
5148000.000
5100000.000
5064000.000
5174000.000
5204000.000
5243000.000
5217000.000
5206000.000
5243000.000
5239000.000
5020000.000
5212000.000
5136000.000
5057000.000
5240000.000
5186000.000
5211000.000
5189000.000
5086000.000
4973000.000
5027000.000
5021000.000
5103000.000
4971000.000
5036000.000
5119000.000
4847000.000
4910000.000
4912000.000
5004000.000
5150000.000
4970000.000
5038000.000
4878000.000
4984000.000
4867000.000
4966000.000
5043000.000
5042000.000
4934000.000
4994000.000
5052000.000
5117000.000
5019000.000
4984000.000
4999000.000
4977000.000
4968000.000
4974000.000
4980000.000
5130000.000
5119000.000
4962000.000
5081000.000
5007000.000
5058000.000
4771000.000
4937000.000
4903000.000
4940000.000
4977000.000
5002000.000
4895000.000
5030000.000
4759000.000
4833000.000
5008000.000
4821000.000
4935000.000
4860000.000
4910000.000
4979000.000
5109000.000
5028000.000
5118000.000
5029000.000
4967000.000
4924000.000
4920000.000
4958000.000
4973000.000
5010000.000
4906000.000
4938000.000
4914000.000
4864000.000
4854000.000
4928000.000
4934000.000
5004000.000
4967000.000
4985000.000
4916000.000
5024000.000
4892000.000
4955000.000
4934000.000
4880000.000
5018000.000
5217000.000
5109000.000
5165000.000
5072000.000
5060000.000
5208000.000
5236000.000
5008000.000
5176000.000
4984000.000
5014000.000
5004000.000
4942000.000
4948000.000
4642000.000
4631000.000
4686000.000
4738000.000
4757000.000
4818000.000
4597000.000
4583000.000
4590000.000
4511000.000
4342000.000
4388000.000
4215000.000
4214000.000
4298000.000
4336000.000
4452000.000
4548000.000
4636000.000
4577000.000
4773000.000
4765000.000
4876000.000
4713000.000
4876000.000
4608000.000
4533000.000
4409000.000
4510000.000
4583000.000
4679000.000
4621000.000
4881000.000
4960000.000
4946000.000
4892000.000
4946000.000
4933000.000
4882000.000
4906000.000
4791000.000
4884000.000
4880000.000
4949000.000
4953000.000
4965000.000
5084000.000
5189000.000
5047000.000
5308000.000
5311000.000
5383000.000
5452000.000
5434000.000
5351000.000
5358000.000
5255000.000
5236000.000
5215000.000
5049000.000
5055000.000
5098000.000
5100000.000
5046000.000
5096000.000
5164000.000
4997000.000
5001000.000
5027000.000
5136000.000
5095000.000
5122000.000
5000000.000
5079000.000
5262000.000
5198000.000
5217000.000
5397000.000
5215000.000
5244000.000
5214000.000
5252000.000
5107000.000
5021000.000
4978000.000
4978000.000
5022000.000
5051000.000
4965000.000
5047000.000
5141000.000
5069000.000
5098000.000
5202000.000
5260000.000
5283000.000
5139000.000
5108000.000
5010000.000
5034000.000
5168000.000
5214000.000
5283000.000
5220000.000
5130000.000
5235000.000
5195000.000
5061000.000
5135000.000
5098000.000
5110000.000
5044000.000
5098000.000
5015000.000
4920000.000
4948000.000
4928000.000
4819000.000
4814000.000
4847000.000
4974000.000
4976000.000
4947000.000
4887000.000
4925000.000
4981000.000
4938000.000
4940000.000
4901000.000
4991000.000
5094000.000
5032000.000
4986000.000
4940000.000
5090000.000
5063000.000
4912000.000
5037000.000
5129000.000
5119000.000
5083000.000
5132000.000
5105000.000
4955000.000
5050000.000
4865000.000
5013000.000
4927000.000
4894000.000
5061000.000
4970000.000
4969000.000
4885000.000
4966000.000
4959000.000
4911000.000
4982000.000
4907000.000
4973000.000
5002000.000
4922000.000
5005000.000
5012000.000
5037000.000
5027000.000
4994000.000
4907000.000
5014000.000
5079000.000
5030000.000
5078000.000
4920000.000
5034000.000
4921000.000
4922000.000
4923000.000
4864000.000
4953000.000
5050000.000
4983000.000
4964000.000
4965000.000
4895000.000
4993000.000
5005000.000
5082000.000
5104000.000
5144000.000
5128000.000
5248000.000
5192000.000
5268000.000
5136000.000
5130000.000
5140000.000
5147000.000
5041000.000
4963000.000
4972000.000
5099000.000
4978000.000
4612000.000
4726000.000
4621000.000
4808000.000
4860000.000
4749000.000
4510000.000
4567000.000
4467000.000
4393000.000
4306000.000
4358000.000
4341000.000
4312000.000
4416000.000
4624000.000
4405000.000
4542000.000
4633000.000
4673000.000
4714000.000
4633000.000
4753000.000
4710000.000
4564000.000
4507000.000
4423000.000
4576000.000
4687000.000
4769000.000
4751000.000
4830000.000
4833000.000
4938000.000
4896000.000
4848000.000
4876000.000
4760000.000
4787000.000
4928000.000
4823000.000
4950000.000
4948000.000
5021000.000
4957000.000
4971000.000
5064000.000
5118000.000
5272000.000
5204000.000
5142000.000
5200000.000
5250000.000
5292000.000
5287000.000
5380000.000
5265000.000
5149000.000
5135000.000
5153000.000
5180000.000
5106000.000
5071000.000
5062000.000
5017000.000
5022000.000
4934000.000
4971000.000
5046000.000
5044000.000
5101000.000
5069000.000
5082000.000
5144000.000
5190000.000
5310000.000
5290000.000
5312000.000
5248000.000
5219000.000
5137000.000
5086000.000
5047000.000
5005000.000
5067000.000
5018000.000
5206000.000
5177000.000
5179000.000
5094000.000
5022000.000
5119000.000
5126000.000
5131000.000
5190000.000
5129000.000
5070000.000
5044000.000
5074000.000
5096000.000
5136000.000
5205000.000
5254000.000
5418000.000
5251000.000
5149000.000
5332000.000
5163000.000
5167000.000
5269000.000
5251000.000
5058000.000
5030000.000
5068000.000
4951000.000
4827000.000
4922000.000
4919000.000
4906000.000
4937000.000
4868000.000
4897000.000
4941000.000
4916000.000
5099000.000
5114000.000
5121000.000
5060000.000
5148000.000
4936000.000
4882000.000
5038000.000
5033000.000
5130000.000
5025000.000
5098000.000
5112000.000
5074000.000
5157000.000
5159000.000
5066000.000
5144000.000
5144000.000
4955000.000
4968000.000
4904000.000
5067000.000
4974000.000
5001000.000
4944000.000
5099000.000
4927000.000
5011000.000
4989000.000
4994000.000
5044000.000
5130000.000
5158000.000
5064000.000
5035000.000
5107000.000
5018000.000
5030000.000
5013000.000
5012000.000
4953000.000
4895000.000
5032000.000
5081000.000
5028000.000
5045000.000
4953000.000
4959000.000
4885000.000
4936000.000
5026000.000
4937000.000
5056000.000
5056000.000
5095000.000
4910000.000
4918000.000
4973000.000
4897000.000
5015000.000
5054000.000
5258000.000
5131000.000
5129000.000
5244000.000
5209000.000
5316000.000
5174000.000
5125000.000
5212000.000
5100000.000
5169000.000
4924000.000
5000000.000
4995000.000
4861000.000
4649000.000
4758000.000
4592000.000
4817000.000
4673000.000
4833000.000
4708000.000
4653000.000
4653000.000
4497000.000
4374000.000
4320000.000
4352000.000
4459000.000
4462000.000
4460000.000
4469000.000
4588000.000
4521000.000
4598000.000
4670000.000
4695000.000
4741000.000
4713000.000
4636000.000
4505000.000
4595000.000
4470000.000
4642000.000
4739000.000
4791000.000
4915000.000
4908000.000
4943000.000
4881000.000
4764000.000
4903000.000
4848000.000
4737000.000
4771000.000
4913000.000
4847000.000
4940000.000
4962000.000
4966000.000
4992000.000
5070000.000
5017000.000
5113000.000
5174000.000
5129000.000
5184000.000
5269000.000
5235000.000
5348000.000
5351000.000
5294000.000
5222000.000
5233000.000
5150000.000
5012000.000
5036000.000
5216000.000
5199000.000
5109000.000
5036000.000
4976000.000
5068000.000
4994000.000
5061000.000
5033000.000
5068000.000
5106000.000
5051000.000
5309000.000
5242000.000
5275000.000
5326000.000
5227000.000
5243000.000
5266000.000
5077000.000
5095000.000
4935000.000
5049000.000
5128000.000
5067000.000
5116000.000
5156000.000
5197000.000
5130000.000
5080000.000
5035000.000
5160000.000
5069000.000
5216000.000
5052000.000
5064000.000
4958000.000
4921000.000
5128000.000
5299000.000
5247000.000
5288000.000
5208000.000
5303000.000
5285000.000
5210000.000
5269000.000
5311000.000
5177000.000
5093000.000
5203000.000
5163000.000
5019000.000
4991000.000
4981000.000
4964000.000
4931000.000
4844000.000
4866000.000
4815000.000
4760000.000
4879000.000
4986000.000
5001000.000
5106000.000
5113000.000
5040000.000
5034000.000
4998000.000
5076000.000
4997000.000
5039000.000
5113000.000
5077000.000
5143000.000
5258000.000
5209000.000
5221000.000
5172000.000
5137000.000
5073000.000
5016000.000
5047000.000
5042000.000
5015000.000
4979000.000
5077000.000
5087000.000
5037000.000
4922000.000
4978000.000
4938000.000
5041000.000
5106000.000
4998000.000
5062000.000
5061000.000
5177000.000
5024000.000
5114000.000
4992000.000
5070000.000
5022000.000
4960000.000
5000000.000
5058000.000
5142000.000
5047000.000
5018000.000
5143000.000
5170000.000
5048000.000
4884000.000
4876000.000
4976000.000
5010000.000
5030000.000
5016000.000
5007000.000
4846000.000
4975000.000
4895000.000
4847000.000
5167000.000
5127000.000
5021000.000
5170000.000
5160000.000
5275000.000
5199000.000
5246000.000
5242000.000
5160000.000
5087000.000
4966000.000
5050000.000
5020000.000
4921000.000
4861000.000
4561000.000
4574000.000
4708000.000
4624000.000
4748000.000
4726000.000
4587000.000
4458000.000
4481000.000
4581000.000
4441000.000
4486000.000
4443000.000
4689000.000
4562000.000
4704000.000
4630000.000
4560000.000
4618000.000
4604000.000
4636000.000
4737000.000
4779000.000
4854000.000
4681000.000
4813000.000
4780000.000
4785000.000
5042000.000
4867000.000
4950000.000
4973000.000
4909000.000
4974000.000
4880000.000
4808000.000
4778000.000
4783000.000
4906000.000
4742000.000
4747000.000
4935000.000
4920000.000
4926000.000
5061000.000
4962000.000
5028000.000
4994000.000
5074000.000
5205000.000
5153000.000
5248000.000
5223000.000
5354000.000
5332000.000
5260000.000
5173000.000
5202000.000
5173000.000
5112000.000
5087000.000
5113000.000
5165000.000
5177000.000
4947000.000
4883000.000
4880000.000
4957000.000
4960000.000
4968000.000
5046000.000
5084000.000
5052000.000
5067000.000
5141000.000
5137000.000
5186000.000
5083000.000
5064000.000
5115000.000
5160000.000
5256000.000
5216000.000
5035000.000
5176000.000
5158000.000
5155000.000
5236000.000
5117000.000
5033000.000
5025000.000
5017000.000
5085000.000
5146000.000
5003000.000
5030000.000
5120000.000
5019000.000
5110000.000
5178000.000
5141000.000
5220000.000
5305000.000
5294000.000
5282000.000
5218000.000
5246000.000
5230000.000
5273000.000
5282000.000
5298000.000
5237000.000
5201000.000
5013000.000
4983000.000
4984000.000
4969000.000
4936000.000
4922000.000
4901000.000
4851000.000
4871000.000
4914000.000
4905000.000
5039000.000
5066000.000
5027000.000
5154000.000
5044000.000
5054000.000
5082000.000
4961000.000
5135000.000
5148000.000
5117000.000
5150000.000
5182000.000
5204000.000
5233000.000
5167000.000
5181000.000
5107000.000
5002000.000
4983000.000
4938000.000
4923000.000
5008000.000
4993000.000
4955000.000
5032000.000
5099000.000
5059000.000
5001000.000
5024000.000
5135000.000
5097000.000
5176000.000
5171000.000
5097000.000
5081000.000
5065000.000
5006000.000
4946000.000
4971000.000
4953000.000
5063000.000
5110000.000
5248000.000
5294000.000
5160000.000
5129000.000
5072000.000
4917000.000
5025000.000
5087000.000
4989000.000
5095000.000
5069000.000
5094000.000
4973000.000
4976000.000
4997000.000
4972000.000
4841000.000
4896000.000
5018000.000
5110000.000
5163000.000
5125000.000
5249000.000
5202000.000
5269000.000
5157000.000
5255000.000
5076000.000
5112000.000
4965000.000
4917000.000
4912000.000
4905000.000
5053000.000
4602000.000
4713000.000
4697000.000
4748000.000
4740000.000
4702000.000
4665000.000
4657000.000
4495000.000
4589000.000
4425000.000
4599000.000
4676000.000
4537000.000
4619000.000
4670000.000
4713000.000
4643000.000
4681000.000
4720000.000
4662000.000
4757000.000
4664000.000
4737000.000
4739000.000
4777000.000
4838000.000
4824000.000
4830000.000
4947000.000
4880000.000
4831000.000
5075000.000
4955000.000
4930000.000
4788000.000
4920000.000
4801000.000
4837000.000
4822000.000
4752000.000
4797000.000
4762000.000
4813000.000
4884000.000
4883000.000
5130000.000
5046000.000
5137000.000
5092000.000
5251000.000
5214000.000
5241000.000
5093000.000
5290000.000
5212000.000
5278000.000
5123000.000
5248000.000
5180000.000
5109000.000
5252000.000
5165000.000
5160000.000
5111000.000
5080000.000
5136000.000
4906000.000
4824000.000
4919000.000
5006000.000
5032000.000
4978000.000
5043000.000
5199000.000
5127000.000
5165000.000
5145000.000
5210000.000
5169000.000
5165000.000
5117000.000
5020000.000
5082000.000
5153000.000
5089000.000
5170000.000
5189000.000
5122000.000
5101000.000
4977000.000
5127000.000
5263000.000
5061000.000
4965000.000
5033000.000
4958000.000
4987000.000
4968000.000
4962000.000
5043000.000
5157000.000
5281000.000
5170000.000
5322000.000
5324000.000
5201000.000
5272000.000
5279000.000
5453000.000
5281000.000
5270000.000
5367000.000
5114000.000
4987000.000
5097000.000
5034000.000
4997000.000
4838000.000
4884000.000
4885000.000
4718000.000
4816000.000
4814000.000
5010000.000
5042000.000
5027000.000
5115000.000
5061000.000
5084000.000
4987000.000
5129000.000
5145000.000
5107000.000
5154000.000
5227000.000
5219000.000
5269000.000
5280000.000
5349000.000
5246000.000
5124000.000
5152000.000
5013000.000
4927000.000
4851000.000
4965000.000
4778000.000
4927000.000
4927000.000
5042000.000
5056000.000
4907000.000
5040000.000
5045000.000
5031000.000
4974000.000
5069000.000
5085000.000
5115000.000
5112000.000
5076000.000
4992000.000
4977000.000
5111000.000
5101000.000
5167000.000
5235000.000
5091000.000
5223000.000
5193000.000
5143000.000
5175000.000
5121000.000
5105000.000
5029000.000
5044000.000
5063000.000
4993000.000
5134000.000
5035000.000
4940000.000
4926000.000
4923000.000
4978000.000
5065000.000
5117000.000
5186000.000
5112000.000
5205000.000
5234000.000
5313000.000
5289000.000
5148000.000
5127000.000
4996000.000
4994000.000
5031000.000
5047000.000
4917000.000
4978000.000
4685000.000
4746000.000
4691000.000
4723000.000
4574000.000
4578000.000
4557000.000
4592000.000
4595000.000
4500000.000
4737000.000
4801000.000
4821000.000
4924000.000
4847000.000
4728000.000
4777000.000
4646000.000
4758000.000
4718000.000
4727000.000
4779000.000
4798000.000
4879000.000
4915000.000
4988000.000
4958000.000
4994000.000
5071000.000
5067000.000
5036000.000
4965000.000
4942000.000
4876000.000
4930000.000
4791000.000
4885000.000
4679000.000
4775000.000
4792000.000
4661000.000
4804000.000
4844000.000
5013000.000
5108000.000
5008000.000
5017000.000
5193000.000
5133000.000
5287000.000
5300000.000
5195000.000
5240000.000
5214000.000
5137000.000
5118000.000
5197000.000
5063000.000
5034000.000
5122000.000
5106000.000
5034000.000
5110000.000
5016000.000
5114000.000
5003000.000
4808000.000
4879000.000
4951000.000
4904000.000
4985000.000
5013000.000
4905000.000
5140000.000
5099000.000
5070000.000
5127000.000
5093000.000
5183000.000
5105000.000
5092000.000
5190000.000
5189000.000
5146000.000
5178000.000
5230000.000
5180000.000
5096000.000
4962000.000
4922000.000
5008000.000
5066000.000
5130000.000
5099000.000
4968000.000
5002000.000
4944000.000
5025000.000
5019000.000
5136000.000
5086000.000
5238000.000
5296000.000
5288000.000
5305000.000
5352000.000
5181000.000
5411000.000
5318000.000
5423000.000
5366000.000
5316000.000
5167000.000
5152000.000
5021000.000
4955000.000
5017000.000
4920000.000
4864000.000
4838000.000
4814000.000
4845000.000
4820000.000
4948000.000
4939000.000
4932000.000
5107000.000
5101000.000
5011000.000
5094000.000
5019000.000
5142000.000
5127000.000
5233000.000
5288000.000
5283000.000
5164000.000
5350000.000
5271000.000
5309000.000
5148000.000
5175000.000
5079000.000
4989000.000
4962000.000
4890000.000
4975000.000
4994000.000
5040000.000
5130000.000
5077000.000
4971000.000
4993000.000
4974000.000
5015000.000
5072000.000
5030000.000
4983000.000
5082000.000
5184000.000
5092000.000
5264000.000
5000000.000
5137000.000
5136000.000
5216000.000
5221000.000
5311000.000
5214000.000
5232000.000
5198000.000
5135000.000
5086000.000
5051000.000
5087000.000
5035000.000
5122000.000
5146000.000
5120000.000
5007000.000
4903000.000
4997000.000
4951000.000
4999000.000
4968000.000
5063000.000
5093000.000
5232000.000
5201000.000
5232000.000
5250000.000
5247000.000
5272000.000
5100000.000
5100000.000
4990000.000
4961000.000
5016000.000
5053000.000
5025000.000
4920000.000
4748000.000
4781000.000
4813000.000
4868000.000
4675000.000
4716000.000
4645000.000
4630000.000
4591000.000
4614000.000
4708000.000
4741000.000
4825000.000
4946000.000
4860000.000
5069000.000
4880000.000
4875000.000
4770000.000
4827000.000
4755000.000
4734000.000
4906000.000
4826000.000
4905000.000
4994000.000
5011000.000
5180000.000
5120000.000
5164000.000
5165000.000
4973000.000
4964000.000
4949000.000
4752000.000
4853000.000
4877000.000
4804000.000
4563000.000
4739000.000
4734000.000
4780000.000
4979000.000
4980000.000
4980000.000
4919000.000
5115000.000
5110000.000
5098000.000
5068000.000
5185000.000
5268000.000
5169000.000
5261000.000
5229000.000
5172000.000
5135000.000
5084000.000
4969000.000
4999000.000
5090000.000
5211000.000
5060000.000
4951000.000
4983000.000
4923000.000
4834000.000
4950000.000
4831000.000
4806000.000
4816000.000
4879000.000
4973000.000
5121000.000
5085000.000
5147000.000
5120000.000
5245000.000
5165000.000
5150000.000
5205000.000
5053000.000
5065000.000
5201000.000
5129000.000
5009000.000
5086000.000
5134000.000
5073000.000
5041000.000
5029000.000
4893000.000
4978000.000
5060000.000
5020000.000
5058000.000
5061000.000
5094000.000
5098000.000
5080000.000
5253000.000
5253000.000
5196000.000
5215000.000
5366000.000
5277000.000
5375000.000
5230000.000
5418000.000
5306000.000
5385000.000
5342000.000
5223000.000
5257000.000
5090000.000
5171000.000
5064000.000
4979000.000
4933000.000
4965000.000
5033000.000
4868000.000
4883000.000
4853000.000
4942000.000
4883000.000
5032000.000
5102000.000
4994000.000
5001000.000
5124000.000
5111000.000
5130000.000
5309000.000
5306000.000
5314000.000
5322000.000
5275000.000
5290000.000
5284000.000
5268000.000
5225000.000
5110000.000
5050000.000
4905000.000
4923000.000
4842000.000
4864000.000
4831000.000
4968000.000
5134000.000
5091000.000
5034000.000
4930000.000
4966000.000
4959000.000
4938000.000
4922000.000
5069000.000
4956000.000
5101000.000
5124000.000
5156000.000
5167000.000
5196000.000
5141000.000
5222000.000
5196000.000
5232000.000
5250000.000
5159000.000
5180000.000
5184000.000
5122000.000
5187000.000
5055000.000
5110000.000
5218000.000
5222000.000
5158000.000
5119000.000
5129000.000
5145000.000
4948000.000
5119000.000
5121000.000
5188000.000
5248000.000
5308000.000
5212000.000
5228000.000
5207000.000
5195000.000
5280000.000
5156000.000
5034000.000
5124000.000
4992000.000
5114000.000
5065000.000
5011000.000
4725000.000
4853000.000
4721000.000
4728000.000
4620000.000
4648000.000
4638000.000
4544000.000
4769000.000
4738000.000
4764000.000
4954000.000
5036000.000
4926000.000
4947000.000
5026000.000
4896000.000
4703000.000
4754000.000
4898000.000
4873000.000
4932000.000
5091000.000
4975000.000
5069000.000
5167000.000
5129000.000
5110000.000
5080000.000
5120000.000
5028000.000
5075000.000
5003000.000
4939000.000
4783000.000
4837000.000
4685000.000
4795000.000
4790000.000
4696000.000
4746000.000
4853000.000
4905000.000
5095000.000
4996000.000
4986000.000
5069000.000
5076000.000
5196000.000
5192000.000
5321000.000
5287000.000
5206000.000
5162000.000
5141000.000
5047000.000
5013000.000
5086000.000
5003000.000
4960000.000
5026000.000
4945000.000
4985000.000
4974000.000
4896000.000
4968000.000
4907000.000
4860000.000
4912000.000
4885000.000
4912000.000
4987000.000
5053000.000
5137000.000
5287000.000
5249000.000
5181000.000
5138000.000
5218000.000
5243000.000
5144000.000
5139000.000
5231000.000
5073000.000
5081000.000
5109000.000
5092000.000
5089000.000
5040000.000
4829000.000
4993000.000
4977000.000
4972000.000
5036000.000
5026000.000
5080000.000
5199000.000
5174000.000
5160000.000
5233000.000
5340000.000
5246000.000
5301000.000
5367000.000
5278000.000
5238000.000
5260000.000
5329000.000
5297000.000
5274000.000
5234000.000
5345000.000
5258000.000
5068000.000
5209000.000
5071000.000
4972000.000
4952000.000
5009000.000
4992000.000
4873000.000
4763000.000
4804000.000
4822000.000
4957000.000
4936000.000
5017000.000
5049000.000
5058000.000
5178000.000
5155000.000
5241000.000
5196000.000
5275000.000
5395000.000
5358000.000
5314000.000
5285000.000
5298000.000
5295000.000
5123000.000
5105000.000
4961000.000
4900000.000
4898000.000
4829000.000
4947000.000
4948000.000
5014000.000
5086000.000
5099000.000
5014000.000
4975000.000
4915000.000
4831000.000
4969000.000
4846000.000
4970000.000
5064000.000
4949000.000
5068000.000
5045000.000
5182000.000
5187000.000
5273000.000
5197000.000
5293000.000
5261000.000
5129000.000
5200000.000
5149000.000
5083000.000
5227000.000
5152000.000
5181000.000
5239000.000
5303000.000
5185000.000
5192000.000
5077000.000
5076000.000
5044000.000
5176000.000
5146000.000
5121000.000
5078000.000
5132000.000
5267000.000
5155000.000
5223000.000
5294000.000
5166000.000
5036000.000
5165000.000
5102000.000
5088000.000
4982000.000
5010000.000
5094000.000
4964000.000
4897000.000
4817000.000
4738000.000
4715000.000
4627000.000
4701000.000
4500000.000
4684000.000
4777000.000
4697000.000
4682000.000
4697000.000
4816000.000
4967000.000
5013000.000
5010000.000
5023000.000
4979000.000
5046000.000
4995000.000
5031000.000
5017000.000
5028000.000
4946000.000
4968000.000
5034000.000
5058000.000
4953000.000
5108000.000
4996000.000
5175000.000
5021000.000
4989000.000
5050000.000
4974000.000
4878000.000
4792000.000
4718000.000
4889000.000
4739000.000
4622000.000
4733000.000
4785000.000
4842000.000
4970000.000
4959000.000
5045000.000
5001000.000
4940000.000
5140000.000
5087000.000
5218000.000
5235000.000
5232000.000
5141000.000
5243000.000
5212000.000
5060000.000
5095000.000
5002000.000
5003000.000
4920000.000
5048000.000
4934000.000
4972000.000
4960000.000
5004000.000
4987000.000
4911000.000
4944000.000
4901000.000
4854000.000
4942000.000
4944000.000
5201000.000
5149000.000
5386000.000
5303000.000
5330000.000
5194000.000
5241000.000
5190000.000
5202000.000
5124000.000
5191000.000
5236000.000
5077000.000
5161000.000
5047000.000
4880000.000
4975000.000
4971000.000
4927000.000
4913000.000
5082000.000
5106000.000
5075000.000
5140000.000
5179000.000
5089000.000
5167000.000
5088000.000
5217000.000
5119000.000
5269000.000
5225000.000
5283000.000
5352000.000
5412000.000
5253000.000
5249000.000
5236000.000
5216000.000
5329000.000
5253000.000
5205000.000
5210000.000
5018000.000
5095000.000
4956000.000
4979000.000
4911000.000
4894000.000
4877000.000
4814000.000
4950000.000
4925000.000
4942000.000
5090000.000
5024000.000
5061000.000
4988000.000
5100000.000
5283000.000
5289000.000
5275000.000
5236000.000
5291000.000
5291000.000
5350000.000
5286000.000
5218000.000
5046000.000
5099000.000
4959000.000
4837000.000
4779000.000
4818000.000
4928000.000
5078000.000
4998000.000
5094000.000
5081000.000
5048000.000
4960000.000
4883000.000
4934000.000
4951000.000
4778000.000
4730000.000
4903000.000
4982000.000
5171000.000
5155000.000
5199000.000
5144000.000
5170000.000
5197000.000
5243000.000
5241000.000
5294000.000
5177000.000
5080000.000
5273000.000
5056000.000
5099000.000
5123000.000
5061000.000
5274000.000
5246000.000
5237000.000
5329000.000
5212000.000
5262000.000
5246000.000
5263000.000
5357000.000
5153000.000
5133000.000
5180000.000
5192000.000
5116000.000
5198000.000
4989000.000
4980000.000
5000000.000
5110000.000
5040000.000
5027000.000
5125000.000
5085000.000
5055000.000
4855000.000
4726000.000
4661000.000
4575000.000
4607000.000
4663000.000
4708000.000
4627000.000
4753000.000
4850000.000
4907000.000
5060000.000
5099000.000
5122000.000
5115000.000
5088000.000
5084000.000
5042000.000
4972000.000
5133000.000
5070000.000
4991000.000
5085000.000
5085000.000
5066000.000
4987000.000
5000000.000
4957000.000
5067000.000
5082000.000
4971000.000
5124000.000
4995000.000
4818000.000
4795000.000
4880000.000
4720000.000
4753000.000
4827000.000
4739000.000
4787000.000
4999000.000
5019000.000
5013000.000
4940000.000
5002000.000
4985000.000
5021000.000
5099000.000
5076000.000
5140000.000
5286000.000
5220000.000
5180000.000
5199000.000
5064000.000
4974000.000
4993000.000
4855000.000
4904000.000
4882000.000
4903000.000
5016000.000
4890000.000
4962000.000
4916000.000
4872000.000
4883000.000
4797000.000
4848000.000
5012000.000
5000000.000
5073000.000
5145000.000
5189000.000
5293000.000
5388000.000
5281000.000
5186000.000
5162000.000
5136000.000
5143000.000
5097000.000
5141000.000
5128000.000
5034000.000
5041000.000
4890000.000
4906000.000
4895000.000
4754000.000
4985000.000
5047000.000
5062000.000
5126000.000
5150000.000
5200000.000
5056000.000
5214000.000
5148000.000
5129000.000
5205000.000
5164000.000
5142000.000
5174000.000
5180000.000
5165000.000
5291000.000
5179000.000
5165000.000
5212000.000
5027000.000
5139000.000
5039000.000
5033000.000
5029000.000
5003000.000
4994000.000
4955000.000
4971000.000
4834000.000
4860000.000
4883000.000
4834000.000
4831000.000
4970000.000
5058000.000
5126000.000
5132000.000
5188000.000
5130000.000
5205000.000
5137000.000
5251000.000
5175000.000
5205000.000
5227000.000
5289000.000
5076000.000
5113000.000
5088000.000
5065000.000
4944000.000
4805000.000
4851000.000
4892000.000
4971000.000
5028000.000
5029000.000
4921000.000
5056000.000
5210000.000
5013000.000
5023000.000
4880000.000
4840000.000
4767000.000
4812000.000
5013000.000
5020000.000
5139000.000
5177000.000
5164000.000
5348000.000
5164000.000
5226000.000
5164000.000
5189000.000
5000000.000
5099000.000
5198000.000
5123000.000
5095000.000
5138000.000
5267000.000
5324000.000
5239000.000
5260000.000
5353000.000
5479000.000
5315000.000
5359000.000
5391000.000
5381000.000
5351000.000
5356000.000
5189000.000
5232000.000
5118000.000
5175000.000
4887000.000
5012000.000
5004000.000
4941000.000
4992000.000
5102000.000
5063000.000
5095000.000
5090000.000
4946000.000
5090000.000
4709000.000
4605000.000
4624000.000
4667000.000
4650000.000
4594000.000
4554000.000
4783000.000
4665000.000
4714000.000
4687000.000
4783000.000
5084000.000
5010000.000
5030000.000
5064000.000
5058000.000
5087000.000
5009000.000
5100000.000
5160000.000
5004000.000
5046000.000
5099000.000
5132000.000
5047000.000
5137000.000
4975000.000
5024000.000
4870000.000
5138000.000
4992000.000
5042000.000
4994000.000
4903000.000
4815000.000
4822000.000
4761000.000
4790000.000
4718000.000
4820000.000
4797000.000
4874000.000
4945000.000
4977000.000
4947000.000
5116000.000
4976000.000
5033000.000
5122000.000
5107000.000
5190000.000
5183000.000
5308000.000
5265000.000
5093000.000
5071000.000
4997000.000
4907000.000
4946000.000
4990000.000
4898000.000
4975000.000
4957000.000
4927000.000
5135000.000
4980000.000
4954000.000
4824000.000
4866000.000
4839000.000
4812000.000
5023000.000
4935000.000
5210000.000
5239000.000
5257000.000
5336000.000
5274000.000
5176000.000
5105000.000
5103000.000
4998000.000
5084000.000
5086000.000
4988000.000
5094000.000
4976000.000
4883000.000
4919000.000
4952000.000
4879000.000
5007000.000
5143000.000
5059000.000
5227000.000
5212000.000
5200000.000
5196000.000
5223000.000
5195000.000
5157000.000
5170000.000
5125000.000
5206000.000
5161000.000
5215000.000
5070000.000
5328000.000
5147000.000
5100000.000
5102000.000
5044000.000
5066000.000
5112000.000
5013000.000
5059000.000
4904000.000
5071000.000
4900000.000
4946000.000
4912000.000
4787000.000
4874000.000
4813000.000
4839000.000
4904000.000
5013000.000
4879000.000
5044000.000
5076000.000
5194000.000
5073000.000
5158000.000
5115000.000
5109000.000
5298000.000
5235000.000
5170000.000
5195000.000
5168000.000
5046000.000
5013000.000
4876000.000
4904000.000
4897000.000
4844000.000
4910000.000
5063000.000
5076000.000
5087000.000
5108000.000
5103000.000
5023000.000
4923000.000
4862000.000
4859000.000
4878000.000
4838000.000
4906000.000
5042000.000
5109000.000
5142000.000
5125000.000
5216000.000
5175000.000
5071000.000
5103000.000
4970000.000
5046000.000
5020000.000
5044000.000
5001000.000
5192000.000
5152000.000
5228000.000
5344000.000
5323000.000
5490000.000
5411000.000
5550000.000
5644000.000
5658000.000
5599000.000
5492000.000
5420000.000
5395000.000
5377000.000
5225000.000
5088000.000
5035000.000
4986000.000
4902000.000
5012000.000
5019000.000
4953000.000
5175000.000
5156000.000
5089000.000
5111000.000
5093000.000
4646000.000
4594000.000
4608000.000
4568000.000
4614000.000
4534000.000
4618000.000
4605000.000
4654000.000
4788000.000
4819000.000
5034000.000
5078000.000
5061000.000
5106000.000
5096000.000
5068000.000
5102000.000
5165000.000
5060000.000
5093000.000
5054000.000
4959000.000
5065000.000
4864000.000
4829000.000
4922000.000
5008000.000
5048000.000
4954000.000
4996000.000
4859000.000
4929000.000
4797000.000
4815000.000
5003000.000
4763000.000
4670000.000
4758000.000
4823000.000
4918000.000
4803000.000
4848000.000
4931000.000
4953000.000
5019000.000
5007000.000
5044000.000
5099000.000
5175000.000
5186000.000
5127000.000
5194000.000
5143000.000
5087000.000
5077000.000
5005000.000
5041000.000
4956000.000
4984000.000
4909000.000
5014000.000
5034000.000
5089000.000
5115000.000
4973000.000
5171000.000
5117000.000
4947000.000
4848000.000
4970000.000
4937000.000
5149000.000
5227000.000
5218000.000
5332000.000
5166000.000
5242000.000
5137000.000
5136000.000
5122000.000
4955000.000
5129000.000
5025000.000
4969000.000
4948000.000
4882000.000
4849000.000
4838000.000
4905000.000
4814000.000
4987000.000
5120000.000
5224000.000
5300000.000
5354000.000
5227000.000
5209000.000
5208000.000
5111000.000
5104000.000
5176000.000
5140000.000
5217000.000
5126000.000
5160000.000
5106000.000
5052000.000
5005000.000
5121000.000
5098000.000
5104000.000
5039000.000
4938000.000
5088000.000
4978000.000
5055000.000
5072000.000
4962000.000
4901000.000
4855000.000
4818000.000
4752000.000
4880000.000
4834000.000
4767000.000
4834000.000
5015000.000
5007000.000
4950000.000
5063000.000
5278000.000
5005000.000
4954000.000
5130000.000
5088000.000
5055000.000
5147000.000
5073000.000
5105000.000
5020000.000
4903000.000
4797000.000
4753000.000
4802000.000
5020000.000
4985000.000
5117000.000
5121000.000
5173000.000
5090000.000
5182000.000
5057000.000
5052000.000
4942000.000
4763000.000
4772000.000
4834000.000
4976000.000
4961000.000
5045000.000
5062000.000
5135000.000
5093000.000
5063000.000
5069000.000
5043000.000
5059000.000
5047000.000
5034000.000
5032000.000
5129000.000
5179000.000
5145000.000
5142000.000
5286000.000
5306000.000
5488000.000
5587000.000
5587000.000
5524000.000
5607000.000
5545000.000
5496000.000
5544000.000
5381000.000
5392000.000
5132000.000
4993000.000
5143000.000
4997000.000
4831000.000
4940000.000
5021000.000
4912000.000
5026000.000
5041000.000
5071000.000
5016000.000
5064000.000
4963000.000
4678000.000
4732000.000
4585000.000
4455000.000
4534000.000
4620000.000
4676000.000
4702000.000
4693000.000
4765000.000
4730000.000
4821000.000
4926000.000
5015000.000
5145000.000
5127000.000
5105000.000
5188000.000
5026000.000
5053000.000
5100000.000
5146000.000
5010000.000
5064000.000
4934000.000
4876000.000
4925000.000
4897000.000
4883000.000
5027000.000
4880000.000
4964000.000
4849000.000
4846000.000
4911000.000
4825000.000
4790000.000
4853000.000
4701000.000
4774000.000
4741000.000
4756000.000
4878000.000
4850000.000
4786000.000
5012000.000
4953000.000
5046000.000
4975000.000
5008000.000
5049000.000
5085000.000
5079000.000
5151000.000
5169000.000
5183000.000
5110000.000
5097000.000
4972000.000
5097000.000
4959000.000
4999000.000
4872000.000
5081000.000
5041000.000
5020000.000
5171000.000
5172000.000
5142000.000
5078000.000
4961000.000
4987000.000
5115000.000
5141000.000
5176000.000
5368000.000
5330000.000
5348000.000
5242000.000
5218000.000
5108000.000
4974000.000
5086000.000
5050000.000
5051000.000
5019000.000
4942000.000
4844000.000
4867000.000
4881000.000
4963000.000
4880000.000
5081000.000
5213000.000
5274000.000
5239000.000
5393000.000
5382000.000
5257000.000
5294000.000
5329000.000
5124000.000
5081000.000
5245000.000
5151000.000
5152000.000
5049000.000
5080000.000
5082000.000
5044000.000
4967000.000
5041000.000
5031000.000
5017000.000
4936000.000
4932000.000
5020000.000
5065000.000
4862000.000
4979000.000
4907000.000
4901000.000
4915000.000
4812000.000
4821000.000
4764000.000
4851000.000
4869000.000
4954000.000
4903000.000
4923000.000
5099000.000
5091000.000
5100000.000
5123000.000
4963000.000
4960000.000
5095000.000
5198000.000
5112000.000
5061000.000
4984000.000
4915000.000
4757000.000
4700000.000
4900000.000
4987000.000
5017000.000
5107000.000
5071000.000
5319000.000
5266000.000
5103000.000
5080000.000
5057000.000
4959000.000
4949000.000
4863000.000
4863000.000
5060000.000
5116000.000
4947000.000
5153000.000
5126000.000
5043000.000
4948000.000
4934000.000
5002000.000
5005000.000
5033000.000
4995000.000
5121000.000
5014000.000
5049000.000
5238000.000
5193000.000
5373000.000
5434000.000
5533000.000
5642000.000
5723000.000
5753000.000
5589000.000
5625000.000
5534000.000
5400000.000
5266000.000
5274000.000
5090000.000
5053000.000
5021000.000
4969000.000
4818000.000
4939000.000
4999000.000
5001000.000
5073000.000
5052000.000
4971000.000
5096000.000
5043000.000
4534000.000
4496000.000
4554000.000
4609000.000
4683000.000
4692000.000
4634000.000
4741000.000
4792000.000
4845000.000
4848000.000
4770000.000
4827000.000
4940000.000
5000000.000
5063000.000
5155000.000
5100000.000
5018000.000
5079000.000
5138000.000
5032000.000
5137000.000
5090000.000
4817000.000
4914000.000
4782000.000
4819000.000
4751000.000
4959000.000
4860000.000
4960000.000
4930000.000
4912000.000
4775000.000
4807000.000
4907000.000
4805000.000
4682000.000
4879000.000
4777000.000
4767000.000
4851000.000
5068000.000
4952000.000
5105000.000
4978000.000
5067000.000
5054000.000
5048000.000
5038000.000
5103000.000
5133000.000
5196000.000
5065000.000
5162000.000
5113000.000
5027000.000
5098000.000
5024000.000
5090000.000
5085000.000
5160000.000
5174000.000
5264000.000
5178000.000
5097000.000
5052000.000
5220000.000
5142000.000
5084000.000
5155000.000
5186000.000
5244000.000
5214000.000
5079000.000
5248000.000
5056000.000
5057000.000
5133000.000
5007000.000
5106000.000
5019000.000
4969000.000
4953000.000
4940000.000
4857000.000
4903000.000
4853000.000
4840000.000
5110000.000
5258000.000
5371000.000
5370000.000
5414000.000
5311000.000
5360000.000
5321000.000
5156000.000
5299000.000
5243000.000
5235000.000
5277000.000
5178000.000
5252000.000
5109000.000
5135000.000
5102000.000
4922000.000
4960000.000
5074000.000
5092000.000
4986000.000
4986000.000
5071000.000
4990000.000
5072000.000
5113000.000
5011000.000
4944000.000
4985000.000
4929000.000
4801000.000
4825000.000
4773000.000
4717000.000
4888000.000
4822000.000
4869000.000
5014000.000
4986000.000
4999000.000
5065000.000
5035000.000
5043000.000
5002000.000
5044000.000
5091000.000
5007000.000
5024000.000
4864000.000
4842000.000
4758000.000
4858000.000
4865000.000
5038000.000
5108000.000
5125000.000
5146000.000
5150000.000
5142000.000
5102000.000
4959000.000
4966000.000
4907000.000
4820000.000
4832000.000
4818000.000
4934000.000
4909000.000
5106000.000
5017000.000
5001000.000
4927000.000
4893000.000
4903000.000
4867000.000
5004000.000
4936000.000
5043000.000
5073000.000
5046000.000
5108000.000
5173000.000
5404000.000
5369000.000
5437000.000
5608000.000
5749000.000
5832000.000
5780000.000
5684000.000
5560000.000
5542000.000
5441000.000
5302000.000
5147000.000
5019000.000
5134000.000
4984000.000
5023000.000
4894000.000
4974000.000
4927000.000
4972000.000
5084000.000
5046000.000
5106000.000
5063000.000
5094000.000
5054000.000
4585000.000
4561000.000
4505000.000
4476000.000
4604000.000
4636000.000
4691000.000
4752000.000
4738000.000
4741000.000
4873000.000
4910000.000
4848000.000
4812000.000
4810000.000
4882000.000
4979000.000
5060000.000
4992000.000
4966000.000
5026000.000
5082000.000
5158000.000
5101000.000
4976000.000
4902000.000
4867000.000
4877000.000
4780000.000
4753000.000
4814000.000
4747000.000
4799000.000
4838000.000
4768000.000
4800000.000
4913000.000
4887000.000
4926000.000
4766000.000
4720000.000
4769000.000
4821000.000
4897000.000
4841000.000
4946000.000
5077000.000
4971000.000
4888000.000
5109000.000
5014000.000
5030000.000
5060000.000
5131000.000
5196000.000
5169000.000
5150000.000
5069000.000
5245000.000
4948000.000
5011000.000
4958000.000
5170000.000
5121000.000
5067000.000
5220000.000
5262000.000
5310000.000
5175000.000
5242000.000
5315000.000
5226000.000
5242000.000
5168000.000
5169000.000
5217000.000
5094000.000
5138000.000
5174000.000
5131000.000
5105000.000
5008000.000
4999000.000
4990000.000
4993000.000
4977000.000
4982000.000
4993000.000
4721000.000
4863000.000
4918000.000
5088000.000
5139000.000
5179000.000
5355000.000
5406000.000
5360000.000
5308000.000
5322000.000
5191000.000
5204000.000
5207000.000
5303000.000
5266000.000
5377000.000
5161000.000
5151000.000
5021000.000
5060000.000
5032000.000
4939000.000
5007000.000
4932000.000
4944000.000
4963000.000
5025000.000
5070000.000
4946000.000
5025000.000
5031000.000
5081000.000
5032000.000
4973000.000
4910000.000
4794000.000
4758000.000
4787000.000
4738000.000
4790000.000
4829000.000
4932000.000
4934000.000
4953000.000
5062000.000
5111000.000
5054000.000
4977000.000
4986000.000
5020000.000
4964000.000
4907000.000
4938000.000
4810000.000
4813000.000
4855000.000
4842000.000
4989000.000
4993000.000
5075000.000
5292000.000
5196000.000
5255000.000
4953000.000
5025000.000
5000000.000
4929000.000
4892000.000
4857000.000
4955000.000
4935000.000
4979000.000
4906000.000
4918000.000
4864000.000
4829000.000
4891000.000
4793000.000
4990000.000
5009000.000
5003000.000
5004000.000
5017000.000
5206000.000
5165000.000
5170000.000
5260000.000
5346000.000
5528000.000
5612000.000
5620000.000
5741000.000
5720000.000
5693000.000
5539000.000
5424000.000
5346000.000
5258000.000
5040000.000
5094000.000
5042000.000
4915000.000
4957000.000
4842000.000
4774000.000
4892000.000
5003000.000
5002000.000
5031000.000
4980000.000
5022000.000
5007000.000
4659000.000
4542000.000
4653000.000
4601000.000
4701000.000
4675000.000
4723000.000
4809000.000
4738000.000
4665000.000
4722000.000
4805000.000
4835000.000
4849000.000
4955000.000
4839000.000
5013000.000
4885000.000
4946000.000
5147000.000
5061000.000
5164000.000
5086000.000
4932000.000
4900000.000
4845000.000
4846000.000
4777000.000
4863000.000
4844000.000
4855000.000
4774000.000
4901000.000
4876000.000
4803000.000
4670000.000
4874000.000
4724000.000
4754000.000
4714000.000
4858000.000
4848000.000
4941000.000
4868000.000
4985000.000
5062000.000
5121000.000
4977000.000
4979000.000
5076000.000
5050000.000
5041000.000
5098000.000
5143000.000
5264000.000
5163000.000
5288000.000
5058000.000
5049000.000
5061000.000
5089000.000
5130000.000
5219000.000
5221000.000
5225000.000
5263000.000
5307000.000
5247000.000
5249000.000
5185000.000
5187000.000
5050000.000
5163000.000
5093000.000
5213000.000
5157000.000
5030000.000
5009000.000
5168000.000
5093000.000
5018000.000
5122000.000
5081000.000
4999000.000
4889000.000
4921000.000
4844000.000
4894000.000
4904000.000
4944000.000
4989000.000
5139000.000
5366000.000
5472000.000
5495000.000
5392000.000
5375000.000
5263000.000
5166000.000
5291000.000
5248000.000
5325000.000
5275000.000
5339000.000
5238000.000
5102000.000
5115000.000
5030000.000
5005000.000
4977000.000
5100000.000
4953000.000
5016000.000
5130000.000
5051000.000
5021000.000
4920000.000
4995000.000
5062000.000
5074000.000
4991000.000
4950000.000
4927000.000
4841000.000
4811000.000
4749000.000
4839000.000
4823000.000
4871000.000
4866000.000
4999000.000
5043000.000
5076000.000
4969000.000
5025000.000
5045000.000
4998000.000
4984000.000
4927000.000
4943000.000
4790000.000
4793000.000
4805000.000
4818000.000
4878000.000
4893000.000
5038000.000
5139000.000
5128000.000
5080000.000
5042000.000
5010000.000
5045000.000
4979000.000
4916000.000
4961000.000
4898000.000
4944000.000
4849000.000
5046000.000
4994000.000
5027000.000
4883000.000
4848000.000
4861000.000
5015000.000
4957000.000
4882000.000
5058000.000
5084000.000
5078000.000
5190000.000
5193000.000
5196000.000
5265000.000
5354000.000
5621000.000
5503000.000
5622000.000
5728000.000
5699000.000
5613000.000
5662000.000
5512000.000
5284000.000
5217000.000
5054000.000
5023000.000
4999000.000
4921000.000
4787000.000
4855000.000
4873000.000
4894000.000
4887000.000
4961000.000
5118000.000
5063000.000
4930000.000
5089000.000
5110000.000
4656000.000
4638000.000
4677000.000
4730000.000
4709000.000
4649000.000
4681000.000
4856000.000
4835000.000
4768000.000
4722000.000
4841000.000
4810000.000
4861000.000
4727000.000
4931000.000
4820000.000
4919000.000
4955000.000
5019000.000
5060000.000
5057000.000
4890000.000
5179000.000
5082000.000
4908000.000
4802000.000
4790000.000
4928000.000
4875000.000
4894000.000
4850000.000
4864000.000
5044000.000
4854000.000
4819000.000
4802000.000
4752000.000
4770000.000
4790000.000
4760000.000
4779000.000
4900000.000
4936000.000
4987000.000
5034000.000
4982000.000
5185000.000
5005000.000
4981000.000
5052000.000
5142000.000
5218000.000
5113000.000
5347000.000
5225000.000
5075000.000
5302000.000
5109000.000
5051000.000
5126000.000
5078000.000
5136000.000
5194000.000
5312000.000
5328000.000
5434000.000
5376000.000
5305000.000
5187000.000
5245000.000
5216000.000
5192000.000
5255000.000
5127000.000
5070000.000
5140000.000
5180000.000
5075000.000
5125000.000
5174000.000
5165000.000
5100000.000
5144000.000
5006000.000
5082000.000
5074000.000
4974000.000
4880000.000
4925000.000
5031000.000
5110000.000
5327000.000
5296000.000
5483000.000
5485000.000
5517000.000
5425000.000
5300000.000
5294000.000
5258000.000
5387000.000
5369000.000
5327000.000
5374000.000
5358000.000
5143000.000
5308000.000
5173000.000
5097000.000
5068000.000
5089000.000
5003000.000
5034000.000
5163000.000
5032000.000
4965000.000
5057000.000
5228000.000
5084000.000
5081000.000
5061000.000
5003000.000
4960000.000
4949000.000
4843000.000
4845000.000
4828000.000
4801000.000
4792000.000
4858000.000
4902000.000
4975000.000
4996000.000
5058000.000
5032000.000
4973000.000
5152000.000
4939000.000
5032000.000
4923000.000
4914000.000
4821000.000
4869000.000
4828000.000
4915000.000
4964000.000
4931000.000
5104000.000
5146000.000
5165000.000
5047000.000
5081000.000
5023000.000
4839000.000
4976000.000
4976000.000
5071000.000
5022000.000
5030000.000
5211000.000
5052000.000
4948000.000
4904000.000
4936000.000
4915000.000
4793000.000
4892000.000
5016000.000
5122000.000
5149000.000
5176000.000
5210000.000
5030000.000
5213000.000
5335000.000
5339000.000
5486000.000
5542000.000
5553000.000
5599000.000
5705000.000
5571000.000
5470000.000
5331000.000
5291000.000
5071000.000
5095000.000
4994000.000
4984000.000
4910000.000
4890000.000
4822000.000
4740000.000
4897000.000
4908000.000
5034000.000
4967000.000
5016000.000
5094000.000
5058000.000
4674000.000
4765000.000
4623000.000
4649000.000
4798000.000
4799000.000
4788000.000
4734000.000
4776000.000
4853000.000
4761000.000
4762000.000
4719000.000
4726000.000
4780000.000
4850000.000
4830000.000
4783000.000
4956000.000
5064000.000
5052000.000
4979000.000
5080000.000
5027000.000
4937000.000
4812000.000
4950000.000
4897000.000
4920000.000
4943000.000
4974000.000
4955000.000
4934000.000
4881000.000
4868000.000
4891000.000
4799000.000
4850000.000
4864000.000
4841000.000
4893000.000
4797000.000
4978000.000
5012000.000
5015000.000
5059000.000
5042000.000
5138000.000
5030000.000
5192000.000
5095000.000
5077000.000
5336000.000
5219000.000
5150000.000
5114000.000
5170000.000
5034000.000
5106000.000
5061000.000
5061000.000
5230000.000
5196000.000
5325000.000
5288000.000
5387000.000
5284000.000
5259000.000
5268000.000
5214000.000
5116000.000
5169000.000
5125000.000
5130000.000
5171000.000
4913000.000
5080000.000
4986000.000
5098000.000
5152000.000
5165000.000
5104000.000
5054000.000
5079000.000
5011000.000
4954000.000
5103000.000
5145000.000
5030000.000
5040000.000
5279000.000
5183000.000
5364000.000
5508000.000
5472000.000
5385000.000
5323000.000
5295000.000
5255000.000
5184000.000
5477000.000
5464000.000
5466000.000
5497000.000
5428000.000
5309000.000
5189000.000
5232000.000
5107000.000
5144000.000
5157000.000
5130000.000
4997000.000
5116000.000
5101000.000
5131000.000
5103000.000
5010000.000
5018000.000
5024000.000
4917000.000
4970000.000
4980000.000
4832000.000
4851000.000
4917000.000
4943000.000
4839000.000
4876000.000
4837000.000
4815000.000
4929000.000
5040000.000
4905000.000
5107000.000
5118000.000
5099000.000
4937000.000
4992000.000
4907000.000
4996000.000
4833000.000
4785000.000
4811000.000
4804000.000
4825000.000
4941000.000
5050000.000
5056000.000
5140000.000
5015000.000
5029000.000
5001000.000
5044000.000
5091000.000
5114000.000
5132000.000
5113000.000
5191000.000
5098000.000
5049000.000
5066000.000
4980000.000
4848000.000
4828000.000
4855000.000
4979000.000
5019000.000
5178000.000
5125000.000
5162000.000
5236000.000
5184000.000
5314000.000
5233000.000
5312000.000
5298000.000
5394000.000
5660000.000
5497000.000
5550000.000
5546000.000
5466000.000
5363000.000
5211000.000
5140000.000
5026000.000
5008000.000
4959000.000
4904000.000
4928000.000
4767000.000
4751000.000
4858000.000
4903000.000
4829000.000
4997000.000
5135000.000
5147000.000
5110000.000
4965000.000
4729000.000
4703000.000
4716000.000
4701000.000
4725000.000
4850000.000
4734000.000
4819000.000
4945000.000
4851000.000
4797000.000
4778000.000
4769000.000
4795000.000
4780000.000
4786000.000
4928000.000
4825000.000
4884000.000
4886000.000
5037000.000
5059000.000
5097000.000
5084000.000
4997000.000
4981000.000
4755000.000
4885000.000
4865000.000
4965000.000
4948000.000
4915000.000
4964000.000
4956000.000
5008000.000
4894000.000
4829000.000
4851000.000
4813000.000
4694000.000
4900000.000
4900000.000
4781000.000
4984000.000
5021000.000
5046000.000
5114000.000
5128000.000
5103000.000
5217000.000
5109000.000
5177000.000
5110000.000
5114000.000
5146000.000
5045000.000
5217000.000
5160000.000
5067000.000
5092000.000
5219000.000
5123000.000
5197000.000
5128000.000
5349000.000
5267000.000
5409000.000
5342000.000
5084000.000
5277000.000
5232000.000
5201000.000
5043000.000
5099000.000
4962000.000
5059000.000
5040000.000
5054000.000
5156000.000
5032000.000
5133000.000
5198000.000
5083000.000
5095000.000
5121000.000
5177000.000
5140000.000
5004000.000
5060000.000
5186000.000
5309000.000
5286000.000
5350000.000
5365000.000
5413000.000
5472000.000
5519000.000
5367000.000
5268000.000
5243000.000
5423000.000
5336000.000
5436000.000
5506000.000
5454000.000
5525000.000
5295000.000
5220000.000
5153000.000
5171000.000
5140000.000
5066000.000
5097000.000
5064000.000
5136000.000
5079000.000
5068000.000
5035000.000
4975000.000
4919000.000
4895000.000
4972000.000
4921000.000
4838000.000
4959000.000
4894000.000
4886000.000
4852000.000
4830000.000
4874000.000
4910000.000
4829000.000
4882000.000
4908000.000
5091000.000
4979000.000
5082000.000
4940000.000
5028000.000
4885000.000
4944000.000
5036000.000
4841000.000
4897000.000
4802000.000
4847000.000
4818000.000
4909000.000
5163000.000
5156000.000
5168000.000
4990000.000
5031000.000
5041000.000
4923000.000
5012000.000
5030000.000
5127000.000
5106000.000
5284000.000
5186000.000
5140000.000
5065000.000
4997000.000
4867000.000
4914000.000
4909000.000
5131000.000
4950000.000
5016000.000
5204000.000
5165000.000
5331000.000
5235000.000
5287000.000
5256000.000
5279000.000
5396000.000
5449000.000
5400000.000
5466000.000
5441000.000
5531000.000
5425000.000
5380000.000
5164000.000
5144000.000
5182000.000
5029000.000
4995000.000
4837000.000
4875000.000
4789000.000
4748000.000
4712000.000
4744000.000
4923000.000
5102000.000
5061000.000
5210000.000
5216000.000
4701000.000
4720000.000
4716000.000
4673000.000
4743000.000
4776000.000
4732000.000
4883000.000
4721000.000
4822000.000
4800000.000
4851000.000
4701000.000
4713000.000
4736000.000
4815000.000
4730000.000
4870000.000
4919000.000
4954000.000
5048000.000
5135000.000
5091000.000
5089000.000
4954000.000
4776000.000
4982000.000
4913000.000
4959000.000
4940000.000
4883000.000
4933000.000
4981000.000
4910000.000
4924000.000
4940000.000
4882000.000
4877000.000
4833000.000
4856000.000
4799000.000
4914000.000
4973000.000
5057000.000
5100000.000
5069000.000
5112000.000
5139000.000
5144000.000
5140000.000
5235000.000
5216000.000
5070000.000
5153000.000
5089000.000
5074000.000
5069000.000
5068000.000
5079000.000
5111000.000
5062000.000
5260000.000
5258000.000
5296000.000
5276000.000
5287000.000
5156000.000
5222000.000
5108000.000
5133000.000
5220000.000
5070000.000
5013000.000
5124000.000
5044000.000
4929000.000
5026000.000
5121000.000
5005000.000
5192000.000
5116000.000
5216000.000
5265000.000
5052000.000
5034000.000
5118000.000
5195000.000
5175000.000
5272000.000
5174000.000
5343000.000
5288000.000
5308000.000
5490000.000
5426000.000
5456000.000
5275000.000
5272000.000
5308000.000
5185000.000
5405000.000
5528000.000
5443000.000
5418000.000
5430000.000
5290000.000
5247000.000
5205000.000
5103000.000
5265000.000
5289000.000
5062000.000
5199000.000
4977000.000
5084000.000
5045000.000
5110000.000
4979000.000
5091000.000
4979000.000
4976000.000
4930000.000
5012000.000
4895000.000
4971000.000
4975000.000
4920000.000
4820000.000
4918000.000
4870000.000
4910000.000
4994000.000
4936000.000
4976000.000
5032000.000
5006000.000
4993000.000
4992000.000
4944000.000
4954000.000
5053000.000
4853000.000
4840000.000
4825000.000
4910000.000
4932000.000
4999000.000
4996000.000
5060000.000
5133000.000
5057000.000
5050000.000
5095000.000
4943000.000
5027000.000
5023000.000
5141000.000
5216000.000
5215000.000
5276000.000
5142000.000
5002000.000
4926000.000
4779000.000
4826000.000
4900000.000
4949000.000
5023000.000
5132000.000
5157000.000
5124000.000
5244000.000
5094000.000
5224000.000
5302000.000
5139000.000
5304000.000
5253000.000
5361000.000
5525000.000
5544000.000
5545000.000
5481000.000
5478000.000
5342000.000
5172000.000
5125000.000
5081000.000
5054000.000
4927000.000
4779000.000
4901000.000
4795000.000
4809000.000
4912000.000
4899000.000
4992000.000
5085000.000
5138000.000
5210000.000
5274000.000
4730000.000
4745000.000
4658000.000
4699000.000
4683000.000
4760000.000
4679000.000
4744000.000
4836000.000
4886000.000
5007000.000
4919000.000
4676000.000
4734000.000
4806000.000
4806000.000
4652000.000
4865000.000
4851000.000
4979000.000
4993000.000
5005000.000
5064000.000
4967000.000
4973000.000
4928000.000
4847000.000
4843000.000
5043000.000
4921000.000
4966000.000
5001000.000
4967000.000
4922000.000
4917000.000
4969000.000
4947000.000
4891000.000
4923000.000
4880000.000
4936000.000
4852000.000
4987000.000
4973000.000
4947000.000
4987000.000
5107000.000
5199000.000
5012000.000
5124000.000
5039000.000
5073000.000
4968000.000
5085000.000
5038000.000
4908000.000
5032000.000
4915000.000
5076000.000
4967000.000
5008000.000
5099000.000
5119000.000
5114000.000
5229000.000
5328000.000
5199000.000
5274000.000
5256000.000
5200000.000
5200000.000
5161000.000
5048000.000
5036000.000
5057000.000
5101000.000
5037000.000
5024000.000
5129000.000
5127000.000
5252000.000
5146000.000
5177000.000
5133000.000
5201000.000
5187000.000
5125000.000
5072000.000
5137000.000
5157000.000
5296000.000
5297000.000
5156000.000
5376000.000
5397000.000
5420000.000
5471000.000
5347000.000
5290000.000
5263000.000
5204000.000
5341000.000
5427000.000
5471000.000
5431000.000
5316000.000
5371000.000
5132000.000
5180000.000
5226000.000
5162000.000
5091000.000
5069000.000
5051000.000
5020000.000
5140000.000
5091000.000
4928000.000
5010000.000
4851000.000
4953000.000
4996000.000
4907000.000
4940000.000
4974000.000
5018000.000
4950000.000
4958000.000
4993000.000
5070000.000
4916000.000
4965000.000
4887000.000
4931000.000
4862000.000
5003000.000
4937000.000
5018000.000
4907000.000
5050000.000
5052000.000
4926000.000
4926000.000
5014000.000
5054000.000
4935000.000
5004000.000
5046000.000
5038000.000
5171000.000
5165000.000
5127000.000
5030000.000
5053000.000
4973000.000
5082000.000
5101000.000
5111000.000
5233000.000
5250000.000
5166000.000
5258000.000
5104000.000
5053000.000
4933000.000
4934000.000
4911000.000
4959000.000
5003000.000
5118000.000
5106000.000
5091000.000
5200000.000
5248000.000
5292000.000
5228000.000
5188000.000
5216000.000
5268000.000
5361000.000
5488000.000
5537000.000
5592000.000
5593000.000
5452000.000
5325000.000
5243000.000
5260000.000
5166000.000
5075000.000
5133000.000
4964000.000
4763000.000
4776000.000
4896000.000
4914000.000
5036000.000
5063000.000
5156000.000
5242000.000
5202000.000
4683000.000
4652000.000
4618000.000
4629000.000
4645000.000
4628000.000
4786000.000
4814000.000
4710000.000
4855000.000
4721000.000
4800000.000
4778000.000
4813000.000
4710000.000
4803000.000
4866000.000
4951000.000
5071000.000
4897000.000
5024000.000
5033000.000
4942000.000
4902000.000
4869000.000
4875000.000
4815000.000
5014000.000
5068000.000
4926000.000
4970000.000
5162000.000
4893000.000
4966000.000
4952000.000
4928000.000
4824000.000
4959000.000
4857000.000
4956000.000
4882000.000
5036000.000
5040000.000
4975000.000
5067000.000
4978000.000
5170000.000
4997000.000
5130000.000
5117000.000
4981000.000
4947000.000
5029000.000
4965000.000
5041000.000
4921000.000
4914000.000
4825000.000
4898000.000
4944000.000
5060000.000
5093000.000
5124000.000
5155000.000
5165000.000
5284000.000
5283000.000
5320000.000
5190000.000
5186000.000
5116000.000
5159000.000
5112000.000
5221000.000
5160000.000
5205000.000
5141000.000
5276000.000
5269000.000
5205000.000
5236000.000
5267000.000
5250000.000
5180000.000
5266000.000
5169000.000
5280000.000
5208000.000
5273000.000
5273000.000
5357000.000
5245000.000
5364000.000
5516000.000
5451000.000
5452000.000
5352000.000
5343000.000
5217000.000
5269000.000
5296000.000
5265000.000
5387000.000
5484000.000
5272000.000
5141000.000
5229000.000
5192000.000
5194000.000
5137000.000
5120000.000
5179000.000
5137000.000
5047000.000
5113000.000
5049000.000
5144000.000
5047000.000
4884000.000
5010000.000
4954000.000
5071000.000
4948000.000
4938000.000
5132000.000
4979000.000
5086000.000
4961000.000
5069000.000
4828000.000
4950000.000
4899000.000
4894000.000
4783000.000
4878000.000
4976000.000
4998000.000
5054000.000
5069000.000
4985000.000
5016000.000
4984000.000
4954000.000
5053000.000
4979000.000
5010000.000
5099000.000
5078000.000
5231000.000
5035000.000
5159000.000
5084000.000
4990000.000
5050000.000
5060000.000
5214000.000
5324000.000
5226000.000
5310000.000
5298000.000
5187000.000
5040000.000
5040000.000
4842000.000
4832000.000
4901000.000
5024000.000
5181000.000
5115000.000
5005000.000
5213000.000
5173000.000
5203000.000
5214000.000
5195000.000
5183000.000
5260000.000
5295000.000
5425000.000
5546000.000
5523000.000
5643000.000
5623000.000
5595000.000
5478000.000
5358000.000
5162000.000
5177000.000
5110000.000
5043000.000
4903000.000
5073000.000
5075000.000
4880000.000
4970000.000
4992000.000
5065000.000
5069000.000
5249000.000
5225000.000
5198000.000
4759000.000
4750000.000
4795000.000
4635000.000
4632000.000
4703000.000
4677000.000
4806000.000
4911000.000
4724000.000
4667000.000
4664000.000
4773000.000
4695000.000
4775000.000
4772000.000
4711000.000
4773000.000
4778000.000
4827000.000
5137000.000
4986000.000
4961000.000
4973000.000
4901000.000
4991000.000
4967000.000
5021000.000
5022000.000
4996000.000
5026000.000
5042000.000
5025000.000
4974000.000
4892000.000
4991000.000
5000000.000
4951000.000
4913000.000
4831000.000
4803000.000
4934000.000
4935000.000
4962000.000
4898000.000
5039000.000
4947000.000
4971000.000
5062000.000
5065000.000
5021000.000
5079000.000
4950000.000
5079000.000
4988000.000
4875000.000
4922000.000
4917000.000
4751000.000
4778000.000
4949000.000
4864000.000
5066000.000
5167000.000
5170000.000
5172000.000
5228000.000
5334000.000
5171000.000
5193000.000
5209000.000
5029000.000
5213000.000
5110000.000
5317000.000
5066000.000
5173000.000
5218000.000
5237000.000
5287000.000
5423000.000
5302000.000
5252000.000
5249000.000
5198000.000
5303000.000
5297000.000
5090000.000
5191000.000
5388000.000
5276000.000
5258000.000
5332000.000
5436000.000
5303000.000
5475000.000
5466000.000
5270000.000
5324000.000
5247000.000
5185000.000
5159000.000
5237000.000
5264000.000
5398000.000
5251000.000
5182000.000
5204000.000
5152000.000
5195000.000
5123000.000
5223000.000
5168000.000
5148000.000
5231000.000
5116000.000
5153000.000
5081000.000
5005000.000
5103000.000
5031000.000
4971000.000
5138000.000
5130000.000
5091000.000
5047000.000
5132000.000
5059000.000
4972000.000
5054000.000
5029000.000
4988000.000
4987000.000
4907000.000
4909000.000
4965000.000
5093000.000
5024000.000
4996000.000
5040000.000
5011000.000
5083000.000
4958000.000
5037000.000
5096000.000
4940000.000
5022000.000
5033000.000
5081000.000
5110000.000
5087000.000
5090000.000
5107000.000
4990000.000
5049000.000
5090000.000
5143000.000
5178000.000
5236000.000
5271000.000
5199000.000
5121000.000
5115000.000
4954000.000
4822000.000
4862000.000
4895000.000
4800000.000
5058000.000
5128000.000
5261000.000
5106000.000
5193000.000
5268000.000
5144000.000
5069000.000
5248000.000
5179000.000
5286000.000
5497000.000
5757000.000
5728000.000
5657000.000
5689000.000
5550000.000
5451000.000
5274000.000
5204000.000
5132000.000
5207000.000
5108000.000
5149000.000
5123000.000
5113000.000
5132000.000
5096000.000
5119000.000
5144000.000
5354000.000
5359000.000
5324000.000
4715000.000
4696000.000
4701000.000
4657000.000
4595000.000
4702000.000
4649000.000
4776000.000
4699000.000
4748000.000
4708000.000
4764000.000
4915000.000
4802000.000
4824000.000
4703000.000
4864000.000
4944000.000
4939000.000
4973000.000
4970000.000
4930000.000
4968000.000
5039000.000
4898000.000
4930000.000
5067000.000
5047000.000
5031000.000
5069000.000
4985000.000
5019000.000
5059000.000
4934000.000
5049000.000
5069000.000
4935000.000
4939000.000
4906000.000
4870000.000
4869000.000
4958000.000
4913000.000
4923000.000
5136000.000
5061000.000
4988000.000
5000000.000
4895000.000
4899000.000
5023000.000
5093000.000
4928000.000
5003000.000
4820000.000
4954000.000
4840000.000
4875000.000
4856000.000
4976000.000
4911000.000
4976000.000
5115000.000
5119000.000
5160000.000
5253000.000
5274000.000
5196000.000
5153000.000
5231000.000
5262000.000
5206000.000
5177000.000
5188000.000
5330000.000
5442000.000
5295000.000
5350000.000
5289000.000
5316000.000
5235000.000
5269000.000
5331000.000
5241000.000
5330000.000
5307000.000
5320000.000
5323000.000
5223000.000
5280000.000
5232000.000
5313000.000
5310000.000
5379000.000
5469000.000
5383000.000
5292000.000
5219000.000
5149000.000
5232000.000
5183000.000
5152000.000
5316000.000
5293000.000
5178000.000
5209000.000
5248000.000
5205000.000
5190000.000
5136000.000
5130000.000
5128000.000
5127000.000
5078000.000
5084000.000
5135000.000
5165000.000
5110000.000
5120000.000
5093000.000
4981000.000
5066000.000
5157000.000
5124000.000
5028000.000
5192000.000
5056000.000
5019000.000
5015000.000
5007000.000
4900000.000
4944000.000
4963000.000
4852000.000
4891000.000
4906000.000
4986000.000
4951000.000
5090000.000
4989000.000
5125000.000
4990000.000
5090000.000
5131000.000
4962000.000
5059000.000
5185000.000
5155000.000
5072000.000
5084000.000
5154000.000
5154000.000
5019000.000
5054000.000
5153000.000
5344000.000
5143000.000
5236000.000
5157000.000
5170000.000
5154000.000
5024000.000
4895000.000
4876000.000
4821000.000
4861000.000
4882000.000
4979000.000
5023000.000
5041000.000
5144000.000
5176000.000
5164000.000
5031000.000
5101000.000
5153000.000
5162000.000
5201000.000
5392000.000
5591000.000
5786000.000
5782000.000
5790000.000
5638000.000
5544000.000
5316000.000
5221000.000
5108000.000
5108000.000
5207000.000
5145000.000
5191000.000
5097000.000
5162000.000
5197000.000
5108000.000
5218000.000
5261000.000
5335000.000
5345000.000
5203000.000
4673000.000
4711000.000
4660000.000
4688000.000
4709000.000
4689000.000
4714000.000
4666000.000
4740000.000
4650000.000
4794000.000
4792000.000
4884000.000
4777000.000
4863000.000
4846000.000
4874000.000
4945000.000
4951000.000
4870000.000
5013000.000
4962000.000
4926000.000
4951000.000
4963000.000
4853000.000
4960000.000
5034000.000
5064000.000
4931000.000
5099000.000
4910000.000
5030000.000
4928000.000
5038000.000
5089000.000
4949000.000
4993000.000
4999000.000
4778000.000
4854000.000
4874000.000
4774000.000
4912000.000
4882000.000
4931000.000
4957000.000
4949000.000
4933000.000
4962000.000
4938000.000
5021000.000
4900000.000
5017000.000
4905000.000
5034000.000
4890000.000
4896000.000
4779000.000
4851000.000
4744000.000
4900000.000
4965000.000
4857000.000
5132000.000
5092000.000
5148000.000
5300000.000
5310000.000
5186000.000
5212000.000
5369000.000
5200000.000
5282000.000
5243000.000
5292000.000
5435000.000
5290000.000
5390000.000
5349000.000
5386000.000
5362000.000
5328000.000
5318000.000
5307000.000
5220000.000
5265000.000
5367000.000
5315000.000
5293000.000
5205000.000
5206000.000
5241000.000
5347000.000
5361000.000
5311000.000
5254000.000
5306000.000
5309000.000
5138000.000
5222000.000
5136000.000
5216000.000
5184000.000
5152000.000
5240000.000
5202000.000
5136000.000
5157000.000
5136000.000
5125000.000
5106000.000
5043000.000
5095000.000
4997000.000
5140000.000
5105000.000
5048000.000
4996000.000
5074000.000
5099000.000
5088000.000
5208000.000
5067000.000
5218000.000
5283000.000
5225000.000
5061000.000
5013000.000
5049000.000
4960000.000
5000000.000
4932000.000
4917000.000
4948000.000
4967000.000
5013000.000
5005000.000
5005000.000
5017000.000
5134000.000
4972000.000
5073000.000
5024000.000
5088000.000
5023000.000
5182000.000
5065000.000
5100000.000
5094000.000
4945000.000
5120000.000
4957000.000
5035000.000
5045000.000
5118000.000
5080000.000
5242000.000
5261000.000
5192000.000
5181000.000
5029000.000
4984000.000
4815000.000
4939000.000
4783000.000
4956000.000
4955000.000
4846000.000
5063000.000
5147000.000
5108000.000
5111000.000
5073000.000
5073000.000
5193000.000
4880000.000
5119000.000
5318000.000
5431000.000
5569000.000
5732000.000
5841000.000
5785000.000
5723000.000
5420000.000
5300000.000
5216000.000
5077000.000
5152000.000
5223000.000
5098000.000
5129000.000
5138000.000
5359000.000
5296000.000
5330000.000
5397000.000
5297000.000
5325000.000
5289000.000
4629000.000
4766000.000
4744000.000
4738000.000
4693000.000
4666000.000
4663000.000
4820000.000
4701000.000
4632000.000
4713000.000
4800000.000
4715000.000
4662000.000
4946000.000
4896000.000
5023000.000
4915000.000
4945000.000
5137000.000
5027000.000
4961000.000
4975000.000
4762000.000
4988000.000
4896000.000
5056000.000
5078000.000
5039000.000
4926000.000
4976000.000
4930000.000
5063000.000
4898000.000
5016000.000
5022000.000
4988000.000
4868000.000
4832000.000
4828000.000
4897000.000
4820000.000
4810000.000
4831000.000
4853000.000
4815000.000
4857000.000
4916000.000
4970000.000
5078000.000
5093000.000
4991000.000
5055000.000
4924000.000
4981000.000
4901000.000
4829000.000
4878000.000
4768000.000
4733000.000
4808000.000
4920000.000
4980000.000
5126000.000
5067000.000
5171000.000
5241000.000
5136000.000
5176000.000
5207000.000
5308000.000
5231000.000
5263000.000
5277000.000
5353000.000
5438000.000
5391000.000
5431000.000
5327000.000
5355000.000
5374000.000
5246000.000
5266000.000
5301000.000
5225000.000
5271000.000
5286000.000
5222000.000
5287000.000
5151000.000
5269000.000
5293000.000
5254000.000
5381000.000
5294000.000
5359000.000
5221000.000
5272000.000
5213000.000
5165000.000
5110000.000
5032000.000
5046000.000
5169000.000
5275000.000
5110000.000
5195000.000
5152000.000
5172000.000
5030000.000
5016000.000
4945000.000
4928000.000
5038000.000
5129000.000
5143000.000
5165000.000
5097000.000
5104000.000
5168000.000
5099000.000
5252000.000
5330000.000
5222000.000
5212000.000
5134000.000
5106000.000
5018000.000
5108000.000
4900000.000
4958000.000
4914000.000
5010000.000
4864000.000
4919000.000
5001000.000
5106000.000
5004000.000
4902000.000
5087000.000
5064000.000
4873000.000
4935000.000
5184000.000
5078000.000
5149000.000
5019000.000
5254000.000
5216000.000
5127000.000
5016000.000
5104000.000
5091000.000
5000000.000
5020000.000
5064000.000
5126000.000
5130000.000
5062000.000
4998000.000
5033000.000
4878000.000
4962000.000
4912000.000
4857000.000
4771000.000
4973000.000
4958000.000
5105000.000
5004000.000
5096000.000
4998000.000
4975000.000
5060000.000
4970000.000
5015000.000
5148000.000
5196000.000
5451000.000
5672000.000
5758000.000
5739000.000
5722000.000
5611000.000
5403000.000
5375000.000
5241000.000
5103000.000
5119000.000
5253000.000
5265000.000
5346000.000
5204000.000
5278000.000
5300000.000
5351000.000
5328000.000
5456000.000
5360000.000
5356000.000
5213000.000
4749000.000
4724000.000
4827000.000
4713000.000
4760000.000
4679000.000
4711000.000
4771000.000
4717000.000
4657000.000
4680000.000
4762000.000
4798000.000
4712000.000
4869000.000
4908000.000
4987000.000
5074000.000
5053000.000
4969000.000
4954000.000
4871000.000
4889000.000
4866000.000
4843000.000
4840000.000
4954000.000
4956000.000
4973000.000
5062000.000
4976000.000
4925000.000
4969000.000
4987000.000
4903000.000
5050000.000
4896000.000
4875000.000
4861000.000
4824000.000
4870000.000
4755000.000
4804000.000
4730000.000
4838000.000
4867000.000
4845000.000
4868000.000
4850000.000
4903000.000
5001000.000
5161000.000
5038000.000
4980000.000
5020000.000
4987000.000
4834000.000
4913000.000
4777000.000
4727000.000
4769000.000
4944000.000
4917000.000
4923000.000
5070000.000
5217000.000
5179000.000
5117000.000
5081000.000
5182000.000
5196000.000
5253000.000
5296000.000
5159000.000
5278000.000
5347000.000
5427000.000
5302000.000
5434000.000
5369000.000
5390000.000
5347000.000
5200000.000
5326000.000
5276000.000
5211000.000
5218000.000
5341000.000
5248000.000
5302000.000
5244000.000
5277000.000
5280000.000
5236000.000
5297000.000
5331000.000
5337000.000
5303000.000
5215000.000
5250000.000
5245000.000
5234000.000
5257000.000
5152000.000
5169000.000
5144000.000
5103000.000
5095000.000
5152000.000
5070000.000
5016000.000
4989000.000
4934000.000
5120000.000
5048000.000
5079000.000
5153000.000
5183000.000
5198000.000
5236000.000
5130000.000
5157000.000
5176000.000
5227000.000
5284000.000
5363000.000
5294000.000
5237000.000
5236000.000
5111000.000
5064000.000
4842000.000
4942000.000
5010000.000
4966000.000
4956000.000
4958000.000
5104000.000
5134000.000
5054000.000
5066000.000
5028000.000
5006000.000
5106000.000
5145000.000
5098000.000
5209000.000
5012000.000
5186000.000
5205000.000
5104000.000
5083000.000
4990000.000
5062000.000
5073000.000
5051000.000
5082000.000
5083000.000
5193000.000
5013000.000
5097000.000
4946000.000
4961000.000
4816000.000
4959000.000
4768000.000
4995000.000
4977000.000
4963000.000
5021000.000
5127000.000
5038000.000
5023000.000
5137000.000
5032000.000
4994000.000
5123000.000
5235000.000
5223000.000
5374000.000
5571000.000
5713000.000
5774000.000
5720000.000
5576000.000
5528000.000
5274000.000
5189000.000
5202000.000
5195000.000
5135000.000
5184000.000
5316000.000
5284000.000
5363000.000
5253000.000
5401000.000
5417000.000
5512000.000
5371000.000
5451000.000
4771000.000
4687000.000
4755000.000
4667000.000
4751000.000
4802000.000
4777000.000
4742000.000
4788000.000
4752000.000
4626000.000
4796000.000
5007000.000
4833000.000
4890000.000
5025000.000
4988000.000
4966000.000
5087000.000
4922000.000
4927000.000
4755000.000
4851000.000
4754000.000
4913000.000
4936000.000
4938000.000
4983000.000
5019000.000
4950000.000
4887000.000
5059000.000
4928000.000
4879000.000
4903000.000
4858000.000
4933000.000
4872000.000
4947000.000
4849000.000
4838000.000
4890000.000
4756000.000
4887000.000
4628000.000
4881000.000
4896000.000
4802000.000
4978000.000
5089000.000
5065000.000
5050000.000
5135000.000
5126000.000
4961000.000
4887000.000
4907000.000
4751000.000
4813000.000
4779000.000
4635000.000
4949000.000
5030000.000
5020000.000
5159000.000
5213000.000
5141000.000
5148000.000
5140000.000
5181000.000
5171000.000
5059000.000
5207000.000
5131000.000
5255000.000
5356000.000
5352000.000
5391000.000
5455000.000
5422000.000
5311000.000
5419000.000
5318000.000
5362000.000
5316000.000
5281000.000
5238000.000
5240000.000
5295000.000
5263000.000
5342000.000
5234000.000
5347000.000
5367000.000
5384000.000
5353000.000
5347000.000
5399000.000
5312000.000
5390000.000
5329000.000
5243000.000
5158000.000
5251000.000
5325000.000
5274000.000
5301000.000
5154000.000
4972000.000
4972000.000
4959000.000
4964000.000
4902000.000
5054000.000
5104000.000
5139000.000
5087000.000
5171000.000
5131000.000
5122000.000
5209000.000
5125000.000
5329000.000
5328000.000
5391000.000
5229000.000
5265000.000
5209000.000
5223000.000
5011000.000
5067000.000
4904000.000
4943000.000
4889000.000
4923000.000
5102000.000
5160000.000
4968000.000
4958000.000
5191000.000
5052000.000
4945000.000
5096000.000
5069000.000
5074000.000
5131000.000
5132000.000
5137000.000
5189000.000
5199000.000
5113000.000
5085000.000
5051000.000
5024000.000
5120000.000
4989000.000
5027000.000
4972000.000
5057000.000
5000000.000
4935000.000
5104000.000
4850000.000
4942000.000
4892000.000
4915000.000
4927000.000
5040000.000
4986000.000
5032000.000
4954000.000
5014000.000
5165000.000
5028000.000
5010000.000
5039000.000
5053000.000
5147000.000
5262000.000
5272000.000
5369000.000
5431000.000
5515000.000
5409000.000
5324000.000
5295000.000
5101000.000
5233000.000
5154000.000
5176000.000
5166000.000
5339000.000
5264000.000
5495000.000
5462000.000
5565000.000
5587000.000
5410000.000
5361000.000
5377000.000
5398000.000
4667000.000
4666000.000
4737000.000
4827000.000
4772000.000
4805000.000
4922000.000
4755000.000
4828000.000
4728000.000
4765000.000
4859000.000
4800000.000
4742000.000
4933000.000
5006000.000
4922000.000
4902000.000
5065000.000
4908000.000
4836000.000
4892000.000
4848000.000
4791000.000
4816000.000
4779000.000
4735000.000
4781000.000
4917000.000
4944000.000
4869000.000
4959000.000
4828000.000
4974000.000
4821000.000
4955000.000
4908000.000
4903000.000
4827000.000
4760000.000
4778000.000
4814000.000
4895000.000
4849000.000
4811000.000
4939000.000
4946000.000
4908000.000
4973000.000
5074000.000
5062000.000
5071000.000
5152000.000
5075000.000
5102000.000
5025000.000
4862000.000
4871000.000
4843000.000
4776000.000
4805000.000
4976000.000
4969000.000
5015000.000
5136000.000
5184000.000
5027000.000
5076000.000
5085000.000
5274000.000
5133000.000
5100000.000
5332000.000
5251000.000
5240000.000
5151000.000
5190000.000
5346000.000
5293000.000
5462000.000
5392000.000
5475000.000
5418000.000
5312000.000
5316000.000
5295000.000
5332000.000
5325000.000
5369000.000
5361000.000
5355000.000
5357000.000
5355000.000
5280000.000
5294000.000
5470000.000
5498000.000
5491000.000
5359000.000
5300000.000
5277000.000
5248000.000
5220000.000
5308000.000
5275000.000
5222000.000
5315000.000
5189000.000
5089000.000
5038000.000
5037000.000
4858000.000
5036000.000
5000000.000
5093000.000
5157000.000
5173000.000
5177000.000
5181000.000
5164000.000
5096000.000
5167000.000
5323000.000
5298000.000
5283000.000
5542000.000
5270000.000
5295000.000
5123000.000
5153000.000
4931000.000
5049000.000
5008000.000
5018000.000
5018000.000
4995000.000
5065000.000
5046000.000
5177000.000
5007000.000
5012000.000
4968000.000
4995000.000
5025000.000
5031000.000
5139000.000
5119000.000
5005000.000
5237000.000
5180000.000
5168000.000
5111000.000
5099000.000
5068000.000
5164000.000
5018000.000
5099000.000
5032000.000
5000000.000
5002000.000
4965000.000
4902000.000
4992000.000
4843000.000
4873000.000
4830000.000
4928000.000
4956000.000
4936000.000
4877000.000
4950000.000
5031000.000
5079000.000
5119000.000
5112000.000
5066000.000
5047000.000
4914000.000
5151000.000
5233000.000
5321000.000
5424000.000
5277000.000
5398000.000
5438000.000
5277000.000
5133000.000
5169000.000
5193000.000
5189000.000
5267000.000
5496000.000
5312000.000
5373000.000
5455000.000
5534000.000
5588000.000
5620000.000
5444000.000
5560000.000
5464000.000
4777000.000
4731000.000
4692000.000
4897000.000
4775000.000
4797000.000
4761000.000
4866000.000
4806000.000
4914000.000
4888000.000
4933000.000
5018000.000
4962000.000
4995000.000
5009000.000
4908000.000
4977000.000
4883000.000
4854000.000
4786000.000
4799000.000
4774000.000
4687000.000
4608000.000
4751000.000
4791000.000
4895000.000
4890000.000
4960000.000
5029000.000
4968000.000
4943000.000
4877000.000
4887000.000
4935000.000
4826000.000
4828000.000
4900000.000
4950000.000
4905000.000
5049000.000
4941000.000
5019000.000
4951000.000
4951000.000
5136000.000
5024000.000
5099000.000
5062000.000
5108000.000
5023000.000
5205000.000
5080000.000
5030000.000
4980000.000
4924000.000
4904000.000
4885000.000
5011000.000
4922000.000
5111000.000
5047000.000
5059000.000
5027000.000
5096000.000
5132000.000
5128000.000
5175000.000
5244000.000
5175000.000
5308000.000
5156000.000
5310000.000
5262000.000
5185000.000
5269000.000
5393000.000
5439000.000
5497000.000
5551000.000
5506000.000
5284000.000
5276000.000
5315000.000
5313000.000
5364000.000
5358000.000
5378000.000
5353000.000
5271000.000
5397000.000
5328000.000
5439000.000
5485000.000
5607000.000
5425000.000
5555000.000
5495000.000
5368000.000
5415000.000
5376000.000
5239000.000
5280000.000
5278000.000
5166000.000
5098000.000
5103000.000
5199000.000
5018000.000
4808000.000
4921000.000
4775000.000
5005000.000
4965000.000
5067000.000
5072000.000
5200000.000
5106000.000
5139000.000
5246000.000
5271000.000
5442000.000
5406000.000
5424000.000
5213000.000
5278000.000
5170000.000
5139000.000
5042000.000
5029000.000
5030000.000
5032000.000
5062000.000
5107000.000
4991000.000
5015000.000
4920000.000
4933000.000
5074000.000
4942000.000
4881000.000
5015000.000
4950000.000
4997000.000
5080000.000
5100000.000
5114000.000
5167000.000
5151000.000
5143000.000
5128000.000
5097000.000
5024000.000
5024000.000
5030000.000
4969000.000
4970000.000
4913000.000
4808000.000
4956000.000
4854000.000
4843000.000
4839000.000
4772000.000
4797000.000
4785000.000
4882000.000
4868000.000
4895000.000
4997000.000
4969000.000
5027000.000
5065000.000
5145000.000
5062000.000
5121000.000
5020000.000
5077000.000
4994000.000
5131000.000
5297000.000
5295000.000
5189000.000
5270000.000
5100000.000
5169000.000
5220000.000
5214000.000
5350000.000
5385000.000
5285000.000
5405000.000
5450000.000
5565000.000
5646000.000
5497000.000
5500000.000
5474000.000
5415000.000
5344000.000
4708000.000
4727000.000
4727000.000
4672000.000
4668000.000
4919000.000
4792000.000
4937000.000
4934000.000
4986000.000
5007000.000
4973000.000
4978000.000
4943000.000
5009000.000
4932000.000
4910000.000
4907000.000
4782000.000
4695000.000
4834000.000
4702000.000
4781000.000
4813000.000
4638000.000
4735000.000
4760000.000
4946000.000
4783000.000
4784000.000
4881000.000
4956000.000
4848000.000
4895000.000
4970000.000
4946000.000
4886000.000
4971000.000
5004000.000
4909000.000
4971000.000
5036000.000
4928000.000
4963000.000
5086000.000
4975000.000
4943000.000
5017000.000
5027000.000
5023000.000
4950000.000
5122000.000
5159000.000
5083000.000
5136000.000
5048000.000
5095000.000
5006000.000
5061000.000
4921000.000
5016000.000
4996000.000
4964000.000
4943000.000
5037000.000
5026000.000
5084000.000
5137000.000
5117000.000
5133000.000
5185000.000
5320000.000
5227000.000
5192000.000
5155000.000
5223000.000
5193000.000
5107000.000
5347000.000
5371000.000
5554000.000
5543000.000
5425000.000
5454000.000
5378000.000
5397000.000
5350000.000
5428000.000
5381000.000
5389000.000
5434000.000
5450000.000
5491000.000
5481000.000
5469000.000
5420000.000
5412000.000
5535000.000
5497000.000
5536000.000
5479000.000
5524000.000
5453000.000
5304000.000
5298000.000
5343000.000
5345000.000
5239000.000
5111000.000
5077000.000
5050000.000
4988000.000
4911000.000
4919000.000
4942000.000
5048000.000
5028000.000
5102000.000
5071000.000
5182000.000
5277000.000
5284000.000
5375000.000
5294000.000
5374000.000
5435000.000
5415000.000
5316000.000
5209000.000
5094000.000
5161000.000
5145000.000
5046000.000
4999000.000
5041000.000
5014000.000
5088000.000
5076000.000
5117000.000
5041000.000
5134000.000
5086000.000
4962000.000
5080000.000
5050000.000
4952000.000
5073000.000
5134000.000
5097000.000
5076000.000
5112000.000
5110000.000
5094000.000
5089000.000
5087000.000
4945000.000
4921000.000
4974000.000
4906000.000
4912000.000
4933000.000
4820000.000
4846000.000
4961000.000
4926000.000
4836000.000
4862000.000
4838000.000
4770000.000
4916000.000
4928000.000
4930000.000
5143000.000
5029000.000
5100000.000
5090000.000
5156000.000
5026000.000
4969000.000
4925000.000
5029000.000
5074000.000
5085000.000
4956000.000
5069000.000
5052000.000
5095000.000
5067000.000
5291000.000
5249000.000
5091000.000
5243000.000
5179000.000
5432000.000
5394000.000
5532000.000
5573000.000
5513000.000
5395000.000
5347000.000
5332000.000
4718000.000
4654000.000
4836000.000
4795000.000
4871000.000
5049000.000
4969000.000
4923000.000
5012000.000
5050000.000
5001000.000
4987000.000
4959000.000
4990000.000
4815000.000
4957000.000
4818000.000
4906000.000
4837000.000
4811000.000
4749000.000
4713000.000
4729000.000
4761000.000
4776000.000
4674000.000
4655000.000
4792000.000
4833000.000
4919000.000
4914000.000
4905000.000
4929000.000
4933000.000
4979000.000
4961000.000
5025000.000
4848000.000
4931000.000
4844000.000
4977000.000
4985000.000
5042000.000
4974000.000
5007000.000
4975000.000
5110000.000
4990000.000
4940000.000
5060000.000
5108000.000
5198000.000
5145000.000
5031000.000
5087000.000
5018000.000
5087000.000
5076000.000
4980000.000
4966000.000
4962000.000
4988000.000
5117000.000
5091000.000
5013000.000
5164000.000
5148000.000
5138000.000
5171000.000
5174000.000
5297000.000
5317000.000
5210000.000
5116000.000
5091000.000
5062000.000
5177000.000
5329000.000
5379000.000
5489000.000
5547000.000
5524000.000
5384000.000
5307000.000
5390000.000
5283000.000
5306000.000
5356000.000
5469000.000
5506000.000
5492000.000
5397000.000
5496000.000
5494000.000
5499000.000
5578000.000
5496000.000
5587000.000
5625000.000
5578000.000
5452000.000
5373000.000
5281000.000
5266000.000
5275000.000
5221000.000
5074000.000
5156000.000
5053000.000
4905000.000
4909000.000
4810000.000
4755000.000
4811000.000
4904000.000
5052000.000
5088000.000
5163000.000
5095000.000
5267000.000
5289000.000
5429000.000
5342000.000
5415000.000
5288000.000
5290000.000
5283000.000
5153000.000
5051000.000
5031000.000
5052000.000
4911000.000
4935000.000
5005000.000
4980000.000
4972000.000
5186000.000
5190000.000
5043000.000
4958000.000
4946000.000
4903000.000
4894000.000
4976000.000
4989000.000
4966000.000
5102000.000
4923000.000
5073000.000
5091000.000
5168000.000
5203000.000
5135000.000
5179000.000
5208000.000
4995000.000
4946000.000
4861000.000
4934000.000
5052000.000
4878000.000
4978000.000
5016000.000
4953000.000
5004000.000
4956000.000
4831000.000
4751000.000
4810000.000
4803000.000
4958000.000
4876000.000
5032000.000
5079000.000
4983000.000
5028000.000
4995000.000
4985000.000
5005000.000
4985000.000
4991000.000
5022000.000
4980000.000
4983000.000
5045000.000
5023000.000
5104000.000
5184000.000
5148000.000
5035000.000
5229000.000
5238000.000
5410000.000
5528000.000
5490000.000
5451000.000
5362000.000
5394000.000
5431000.000
5330000.000
5245000.000
4732000.000
4577000.000
4649000.000
4841000.000
4632000.000
4901000.000
4830000.000
4873000.000
5018000.000
5090000.000
5093000.000
5085000.000
5113000.000
5142000.000
4948000.000
4991000.000
4816000.000
4726000.000
4765000.000
4775000.000
4738000.000
4796000.000
4777000.000
4878000.000
4996000.000
4751000.000
4836000.000
4791000.000
4749000.000
4710000.000
4886000.000
4838000.000
4810000.000
4980000.000
4986000.000
5014000.000
4987000.000
4990000.000
4896000.000
4996000.000
5027000.000
4970000.000
4911000.000
5055000.000
5035000.000
4963000.000
4968000.000
4921000.000
5064000.000
5006000.000
4957000.000
5080000.000
5056000.000
4996000.000
5043000.000
5033000.000
5146000.000
5231000.000
5042000.000
5069000.000
5044000.000
5126000.000
5114000.000
4982000.000
5027000.000
5035000.000
5233000.000
5156000.000
5199000.000
5249000.000
5297000.000
5509000.000
5289000.000
5250000.000
5130000.000
5033000.000
5041000.000
5114000.000
5172000.000
5255000.000
5479000.000
5423000.000
5261000.000
5423000.000
5338000.000
5358000.000
5289000.000
5442000.000
5370000.000
5430000.000
5401000.000
5353000.000
5498000.000
5478000.000
5500000.000
5528000.000
5602000.000
5751000.000
5647000.000
5632000.000
5543000.000
5526000.000
5336000.000
5319000.000
5249000.000
5236000.000
5146000.000
5112000.000
5125000.000
4989000.000
4948000.000
4928000.000
4817000.000
4803000.000
4756000.000
4863000.000
4857000.000
4828000.000
4988000.000
5097000.000
5263000.000
5339000.000
5334000.000
5397000.000
5400000.000
5367000.000
5180000.000
5173000.000
5156000.000
5134000.000
5116000.000
4975000.000
5006000.000
4938000.000
4985000.000
4949000.000
5010000.000
5072000.000
4959000.000
5047000.000
4867000.000
4953000.000
4881000.000
4914000.000
4826000.000
4985000.000
5081000.000
4960000.000
5089000.000
5045000.000
5158000.000
5163000.000
5133000.000
5175000.000
5115000.000
5005000.000
4947000.000
4979000.000
4975000.000
4965000.000
4959000.000
4953000.000
5001000.000
4964000.000
4876000.000
4832000.000
4749000.000
4770000.000
4875000.000
4848000.000
4853000.000
4945000.000
4960000.000
4922000.000
4982000.000
5050000.000
4990000.000
5022000.000
5118000.000
4889000.000
4944000.000
4789000.000
4909000.000
5024000.000
4842000.000
5011000.000
4956000.000
5028000.000
5039000.000
5041000.000
5101000.000
5079000.000
5234000.000
5226000.000
5411000.000
5405000.000
5392000.000
5348000.000
5378000.000
5217000.000
5210000.000
4726000.000
4701000.000
4709000.000
4760000.000
4894000.000
4839000.000
4930000.000
4824000.000
4946000.000
5019000.000
5081000.000
5128000.000
5129000.000
4886000.000
4975000.000
4998000.000
4764000.000
4748000.000
4748000.000
4843000.000
4768000.000
4774000.000
4805000.000
4880000.000
4891000.000
4797000.000
4715000.000
4795000.000
4929000.000
4931000.000
5086000.000
4984000.000
4995000.000
4948000.000
5031000.000
5029000.000
5038000.000
5077000.000
4929000.000
4935000.000
5047000.000
5182000.000
5012000.000
4978000.000
4902000.000
4927000.000
4900000.000
5025000.000
5102000.000
4953000.000
4948000.000
5015000.000
4968000.000
4926000.000
4998000.000
5019000.000
5081000.000
5024000.000
5133000.000
5009000.000
5255000.000
5058000.000
5112000.000
5068000.000
5181000.000
5095000.000
5199000.000
5142000.000
5159000.000
5240000.000
5207000.000
5226000.000
5135000.000
5123000.000
5178000.000
5008000.000
5094000.000
5181000.000
5347000.000
5297000.000
5375000.000
5346000.000
5271000.000
5221000.000
5257000.000
5382000.000
5412000.000
5350000.000
5377000.000
5437000.000
5276000.000
5432000.000
5559000.000
5347000.000
5463000.000
5632000.000
5610000.000
5595000.000
5573000.000
5601000.000
5410000.000
5356000.000
5179000.000
5124000.000
5162000.000
5202000.000
5178000.000
5042000.000
4987000.000
4838000.000
4889000.000
4818000.000
4720000.000
4796000.000
4797000.000
4934000.000
4909000.000
5028000.000
5219000.000
5247000.000
5278000.000
5334000.000
5359000.000
5271000.000
5427000.000
5320000.000
5147000.000
5113000.000
5114000.000
5164000.000
5013000.000
5021000.000
4948000.000
5057000.000
4998000.000
5110000.000
5029000.000
4954000.000
5040000.000
4902000.000
5022000.000
4863000.000
4964000.000
4926000.000
4923000.000
4999000.000
5074000.000
4968000.000
4997000.000
5022000.000
5123000.000
5104000.000
5129000.000
5077000.000
5203000.000
4988000.000
5046000.000
5002000.000
5032000.000
5040000.000
4952000.000
4980000.000
4970000.000
4798000.000
4788000.000
4788000.000
4711000.000
4848000.000
4775000.000
4856000.000
4926000.000
5016000.000
5013000.000
5121000.000
4969000.000
4979000.000
5071000.000
4890000.000
4887000.000
4773000.000
4755000.000
4895000.000
4814000.000
4860000.000
4955000.000
4892000.000
5002000.000
5062000.000
4995000.000
5088000.000
5176000.000
5258000.000
5257000.000
5204000.000
5341000.000
5211000.000
5305000.000
5308000.000
5286000.000
5288000.000
5069000.000
4724000.000
4685000.000
4692000.000
4710000.000
4821000.000
4831000.000
4802000.000
4954000.000
5046000.000
4967000.000
5102000.000
5155000.000
5236000.000
5271000.000
5034000.000
4998000.000
4871000.000
4823000.000
4920000.000
4799000.000
4769000.000
4887000.000
4982000.000
4954000.000
4924000.000
4903000.000
4846000.000
4943000.000
4792000.000
4907000.000
4960000.000
4923000.000
4939000.000
5034000.000
5136000.000
5109000.000
5048000.000
5082000.000
5074000.000
5033000.000
4974000.000
5140000.000
5079000.000
5163000.000
5036000.000
5146000.000
4951000.000
5020000.000
4879000.000
4926000.000
4874000.000
4910000.000
4870000.000
5039000.000
4962000.000
5059000.000
5069000.000
5087000.000
5188000.000
5120000.000
5063000.000
5133000.000
5026000.000
5053000.000
5058000.000
4999000.000
5107000.000
5152000.000
5179000.000
5194000.000
5373000.000
5324000.000
5172000.000
5164000.000
5250000.000
5257000.000
5127000.000
5120000.000
5080000.000
5241000.000
5168000.000
5348000.000
5306000.000
5387000.000
5231000.000
5368000.000
5242000.000
5392000.000
5394000.000
5350000.000
5324000.000
5369000.000
5255000.000
5431000.000
5418000.000
5650000.000
5621000.000
5539000.000
5559000.000
5569000.000
5357000.000
5260000.000
5261000.000
5233000.000
5189000.000
5089000.000
5143000.000
4920000.000
5018000.000
4784000.000
5013000.000
4893000.000
4818000.000
4678000.000
4825000.000
4788000.000
4832000.000
4995000.000
4971000.000
5154000.000
5089000.000
5182000.000
5278000.000
5421000.000
5422000.000
5287000.000
5241000.000
5313000.000
5074000.000
5140000.000
5020000.000
4932000.000
4859000.000
4957000.000
5017000.000
4983000.000
5130000.000
5041000.000
4963000.000
4965000.000
4962000.000
4975000.000
5006000.000
4880000.000
4998000.000
5015000.000
4969000.000
5039000.000
5096000.000
5005000.000
5040000.000
5188000.000
5264000.000
5196000.000
5152000.000
5097000.000
5059000.000
5159000.000
5140000.000
5125000.000
5060000.000
4978000.000
5033000.000
4997000.000
4988000.000
4862000.000
4782000.000
4820000.000
4898000.000
4861000.000
4931000.000
4852000.000
5041000.000
4930000.000
5015000.000
5075000.000
5038000.000
4872000.000
4818000.000
4884000.000
4811000.000
4891000.000
4826000.000
4807000.000
4761000.000
4876000.000
4833000.000
4907000.000
5028000.000
5093000.000
5119000.000
5119000.000
5121000.000
5188000.000
5250000.000
5233000.000
5281000.000
5172000.000
5222000.000
5245000.000
5144000.000
4494000.000
4559000.000
4659000.000
4666000.000
4736000.000
4777000.000
4815000.000
4958000.000
5028000.000
5194000.000
5046000.000
5181000.000
5183000.000
5181000.000
5195000.000
5001000.000
4901000.000
4788000.000
4950000.000
4963000.000
4965000.000
4951000.000
4991000.000
4897000.000
4929000.000
4895000.000
4834000.000
4809000.000
4806000.000
4856000.000
4827000.000
4931000.000
4992000.000
5137000.000
5136000.000
5198000.000
5154000.000
5071000.000
5179000.000
4997000.000
5008000.000
5059000.000
5185000.000
5056000.000
5082000.000
5045000.000
4980000.000
4888000.000
4829000.000
4774000.000
4791000.000
4787000.000
4866000.000
4944000.000
5034000.000
4987000.000
5133000.000
5010000.000
5081000.000
5090000.000
5093000.000
5037000.000
5007000.000
5061000.000
5026000.000
5122000.000
5076000.000
5194000.000
5262000.000
5346000.000
5309000.000
5312000.000
5323000.000
5227000.000
5054000.000
5044000.000
5167000.000
5076000.000
5208000.000
5256000.000
5260000.000
5298000.000
5284000.000
5329000.000
5358000.000
5106000.000
5354000.000
5157000.000
5321000.000
5164000.000
5374000.000
5247000.000
5292000.000
5269000.000
5366000.000
5597000.000
5577000.000
5485000.000
5520000.000
5399000.000
5312000.000
5295000.000
5184000.000
5091000.000
5097000.000
4953000.000
5017000.000
5062000.000
4846000.000
4946000.000
4887000.000
4773000.000
4710000.000
4725000.000
4774000.000
4766000.000
4952000.000
4985000.000
5060000.000
5216000.000
5326000.000
5270000.000
5197000.000
5390000.000
5317000.000
5253000.000
5319000.000
5154000.000
5126000.000
5015000.000
5115000.000
4897000.000
4978000.000
5009000.000
5003000.000
4987000.000
5004000.000
5016000.000
4991000.000
4873000.000
4803000.000
4815000.000
4842000.000
4969000.000
4960000.000
4996000.000
5052000.000
5097000.000
5052000.000
5036000.000
5232000.000
5200000.000
5297000.000
5251000.000
5255000.000
5115000.000
5146000.000
5038000.000
5113000.000
5134000.000
5088000.000
5173000.000
5030000.000
4767000.000
4819000.000
4775000.000
4805000.000
4782000.000
4830000.000
4938000.000
5005000.000
5027000.000
5081000.000
5060000.000
4924000.000
5097000.000
4925000.000
4890000.000
4897000.000
4772000.000
4745000.000
4729000.000
4812000.000
4773000.000
4841000.000
4898000.000
4895000.000
4970000.000
4976000.000
4935000.000
4996000.000
5083000.000
5125000.000
5271000.000
5138000.000
5067000.000
5109000.000
5084000.000
5171000.000
5208000.000
5230000.000
4560000.000
4614000.000
4686000.000
4592000.000
4622000.000
4663000.000
4740000.000
4926000.000
4955000.000
5081000.000
5104000.000
5216000.000
5154000.000
5220000.000
5139000.000
5053000.000
4950000.000
5071000.000
4934000.000
4925000.000
5026000.000
4980000.000
4980000.000
5098000.000
4983000.000
4939000.000
4873000.000
4898000.000
4814000.000
4882000.000
4966000.000
4873000.000
5083000.000
5044000.000
5027000.000
5111000.000
5014000.000
5157000.000
5092000.000
5049000.000
5088000.000
5076000.000
5118000.000
5065000.000
5096000.000
4952000.000
5099000.000
4841000.000
4846000.000
4870000.000
4798000.000
4861000.000
4890000.000
4946000.000
4800000.000
5028000.000
4987000.000
5075000.000
5246000.000
5124000.000
5096000.000
5050000.000
5024000.000
5013000.000
5053000.000
4996000.000
5147000.000
5183000.000
5130000.000
5388000.000
5366000.000
5387000.000
5303000.000
5291000.000
5241000.000
5207000.000
5176000.000
5186000.000
5182000.000
5209000.000
5196000.000
5276000.000
5351000.000
5321000.000
5170000.000
5241000.000
5259000.000
5111000.000
5292000.000
5211000.000
5293000.000
5204000.000
5304000.000
5425000.000
5515000.000
5496000.000
5482000.000
5436000.000
5454000.000
5449000.000
5418000.000
5279000.000
5181000.000
5060000.000
5075000.000
4985000.000
5056000.000
4995000.000
4971000.000
4907000.000
4971000.000
4818000.000
4820000.000
4702000.000
4724000.000
4807000.000
4802000.000
4902000.000
5024000.000
5042000.000
5264000.000
5113000.000
5332000.000
5346000.000
5211000.000
5232000.000
5307000.000
5186000.000
5260000.000
5104000.000
4961000.000
4942000.000
4983000.000
4975000.000
5030000.000
5065000.000
5057000.000
5075000.000
4909000.000
4983000.000
4901000.000
4820000.000
4861000.000
4933000.000
4985000.000
4981000.000
5098000.000
5059000.000
5059000.000
5063000.000
5098000.000
5188000.000
5190000.000
5224000.000
5230000.000
5078000.000
5161000.000
5171000.000
5058000.000
5175000.000
5088000.000
5125000.000
5002000.000
4927000.000
4840000.000
4669000.000
4711000.000
4771000.000
4748000.000
4917000.000
4891000.000
4978000.000
5134000.000
5034000.000
5001000.000
5116000.000
4955000.000
4992000.000
4977000.000
4958000.000
4879000.000
4788000.000
4715000.000
4739000.000
4773000.000
4893000.000
4849000.000
4865000.000
4885000.000
4967000.000
5031000.000
5032000.000
5145000.000
5064000.000
5089000.000
5108000.000
5178000.000
5221000.000
5172000.000
5130000.000
5221000.000
4698000.000
4563000.000
4677000.000
4641000.000
4648000.000
4823000.000
4874000.000
4934000.000
5032000.000
5158000.000
5148000.000
5353000.000
5273000.000
5148000.000
5082000.000
5090000.000
4936000.000
4904000.000
4990000.000
5039000.000
4901000.000
5193000.000
5004000.000
5006000.000
4963000.000
4858000.000
4940000.000
4818000.000
4870000.000
4793000.000
4964000.000
4967000.000
4930000.000
5044000.000
5008000.000
5043000.000
5094000.000
5222000.000
5138000.000
5032000.000
5045000.000
4991000.000
5098000.000
5138000.000
5106000.000
4920000.000
4883000.000
4888000.000
4850000.000
4833000.000
4919000.000
4872000.000
4843000.000
4940000.000
5083000.000
4980000.000
5023000.000
5056000.000
5013000.000
5100000.000
5157000.000
5172000.000
5034000.000
5112000.000
5029000.000
5224000.000
5248000.000
5359000.000
5391000.000
5523000.000
5515000.000
5426000.000
5303000.000
5384000.000
5304000.000
5289000.000
5235000.000
5326000.000
5221000.000
5276000.000
5316000.000
5298000.000
5186000.000
5191000.000
5279000.000
5078000.000
5132000.000
5104000.000
5225000.000
5269000.000
5275000.000
5252000.000
5325000.000
5300000.000
5370000.000
5333000.000
5440000.000
5348000.000
5401000.000
5369000.000
5210000.000
5241000.000
4988000.000
4930000.000
4887000.000
4899000.000
4931000.000
4963000.000
4867000.000
4920000.000
4963000.000
4925000.000
4878000.000
4752000.000
4830000.000
4830000.000
4888000.000
4925000.000
4964000.000
5111000.000
5146000.000
5216000.000
5164000.000
5312000.000
5368000.000
5363000.000
5354000.000
5221000.000
5264000.000
5061000.000
5025000.000
4989000.000
4962000.000
4954000.000
5055000.000
4992000.000
4985000.000
5051000.000
4932000.000
4957000.000
4828000.000
5027000.000
4951000.000
4998000.000
5053000.000
4937000.000
5029000.000
5092000.000
5079000.000
5137000.000
5101000.000
5074000.000
5239000.000
5203000.000
5230000.000
5152000.000
5198000.000
5223000.000
5121000.000
5197000.000
4972000.000
5080000.000
4926000.000
4786000.000
4663000.000
4718000.000
4783000.000
4955000.000
4940000.000
4960000.000
4997000.000
5023000.000
5181000.000
5016000.000
5166000.000
5024000.000
5012000.000
4987000.000
4921000.000
4821000.000
4927000.000
4752000.000
4778000.000
4767000.000
4840000.000
4931000.000
4929000.000
4976000.000
5077000.000
5039000.000
5121000.000
5170000.000
5113000.000
5227000.000
5119000.000
5166000.000
5069000.000
5129000.000
5102000.000
5167000.000
5174000.000
4663000.000
4670000.000
4700000.000
4712000.000
4748000.000
4832000.000
4715000.000
4857000.000
4931000.000
5077000.000
5026000.000
5197000.000
5207000.000
5225000.000
5245000.000
5112000.000
5069000.000
4940000.000
5004000.000
5049000.000
5055000.000
5010000.000
5083000.000
5098000.000
5076000.000
5031000.000
4969000.000
4900000.000
4927000.000
4833000.000
4946000.000
4951000.000
5055000.000
5089000.000
5095000.000
5012000.000
5100000.000
5076000.000
5133000.000
5071000.000
5115000.000
5152000.000
5008000.000
5064000.000
5069000.000
5184000.000
5062000.000
4908000.000
4954000.000
4851000.000
4917000.000
4961000.000
4898000.000
4788000.000
4946000.000
4893000.000
5046000.000
5085000.000
5045000.000
5065000.000
5130000.000
5109000.000
5123000.000
5077000.000
5170000.000
5306000.000
5218000.000
5365000.000
5334000.000
5590000.000
5637000.000
5665000.000
5591000.000
5535000.000
5601000.000
5403000.000
5458000.000
5501000.000
5564000.000
5560000.000
5362000.000
5389000.000
5192000.000
5185000.000
5200000.000
5116000.000
5030000.000
5045000.000
5135000.000
5152000.000
5218000.000
5182000.000
5222000.000
5235000.000
5317000.000
5298000.000
5413000.000
5337000.000
5355000.000
5301000.000
5251000.000
5199000.000
5143000.000
5197000.000
4967000.000
4919000.000
4979000.000
4845000.000
4922000.000
4984000.000
5028000.000
4927000.000
4997000.000
4967000.000
4898000.000
4874000.000
4944000.000
4969000.000
4836000.000
4882000.000
4949000.000
4931000.000
5283000.000
5158000.000
5368000.000
5403000.000
5448000.000
5396000.000
5377000.000
5241000.000
5085000.000
5033000.000
4972000.000
5061000.000
5171000.000
5036000.000
5101000.000
5130000.000
5087000.000
5071000.000
5020000.000
5056000.000
4943000.000
5157000.000
5048000.000
5046000.000
5106000.000
5091000.000
5271000.000
5082000.000
5213000.000
5159000.000
5202000.000
5208000.000
5198000.000
5234000.000
5174000.000
5251000.000
5124000.000
5133000.000
5028000.000
4968000.000
4858000.000
4664000.000
4655000.000
4795000.000
4703000.000
4845000.000
4930000.000
5086000.000
5029000.000
5261000.000
5182000.000
5271000.000
5364000.000
5384000.000
5329000.000
5144000.000
5296000.000
5033000.000
4961000.000
4931000.000
4931000.000
4907000.000
4925000.000
4839000.000
4794000.000
4916000.000
5225000.000
5107000.000
5294000.000
5327000.000
5106000.000
5141000.000
5138000.000
5120000.000
5155000.000
5107000.000
5068000.000
5284000.000
5180000.000
4749000.000
4821000.000
4751000.000
4774000.000
4785000.000
4800000.000
4842000.000
4933000.000
5067000.000
5013000.000
5230000.000
5201000.000
5241000.000
5221000.000
5135000.000
5149000.000
5014000.000
4868000.000
4951000.000
5012000.000
4941000.000
5095000.000
5038000.000
5098000.000
5132000.000
5045000.000
5005000.000
4928000.000
4964000.000
4882000.000
4897000.000
5027000.000
4999000.000
5110000.000
5057000.000
5059000.000
5163000.000
5150000.000
5107000.000
5017000.000
5137000.000
5173000.000
5213000.000
5101000.000
5035000.000
5085000.000
4966000.000
4886000.000
5006000.000
4989000.000
5011000.000
4965000.000
5034000.000
4983000.000
5019000.000
5022000.000
5029000.000
4993000.000
5145000.000
5046000.000
5117000.000
5085000.000
5092000.000
5110000.000
5162000.000
5171000.000
5498000.000
5502000.000
5594000.000
5568000.000
5780000.000
5742000.000
5689000.000
5722000.000
5643000.000
5632000.000
5763000.000
5688000.000
5660000.000
5684000.000
5438000.000
5394000.000
5216000.000
5185000.000
5111000.000
5018000.000
5029000.000
5149000.000
5172000.000
5141000.000
5183000.000
5305000.000
5247000.000
5244000.000
5198000.000
5347000.000
5403000.000
5398000.000
5240000.000
5229000.000
5088000.000
5126000.000
4994000.000
4948000.000
4969000.000
4987000.000
4923000.000
5023000.000
4952000.000
5060000.000
4998000.000
5021000.000
4970000.000
5008000.000
4965000.000
4818000.000
4871000.000
4906000.000
4965000.000
4874000.000
5011000.000
5161000.000
5138000.000
5295000.000
5382000.000
5430000.000
5374000.000
5378000.000
5210000.000
5090000.000
5055000.000
5102000.000
4953000.000
5184000.000
5118000.000
5157000.000
5175000.000
5048000.000
4965000.000
4966000.000
5074000.000
4999000.000
4983000.000
5118000.000
5066000.000
5119000.000
5119000.000
5236000.000
5032000.000
5027000.000
5101000.000
5157000.000
5287000.000
5221000.000
5089000.000
5278000.000
5114000.000
5103000.000
5117000.000
5080000.000
4995000.000
4799000.000
4751000.000
4621000.000
4674000.000
4733000.000
4879000.000
4917000.000
5020000.000
5000000.000
5288000.000
5295000.000
5223000.000
5156000.000
5321000.000
5273000.000
5407000.000
5205000.000
5169000.000
5182000.000
4963000.000
4860000.000
5040000.000
5026000.000
4945000.000
4989000.000
5053000.000
5167000.000
5218000.000
5274000.000
5283000.000
5323000.000
5230000.000
5066000.000
5170000.000
5098000.000
5131000.000
5068000.000
5258000.000
5177000.000
5252000.000
4653000.000
4749000.000
4834000.000
4827000.000
4892000.000
4907000.000
4809000.000
4890000.000
4802000.000
5042000.000
5079000.000
5051000.000
5064000.000
5090000.000
5124000.000
5081000.000
5075000.000
5035000.000
5062000.000
4937000.000
4828000.000
4986000.000
5025000.000
5176000.000
5103000.000
5089000.000
4999000.000
5105000.000
5016000.000
4951000.000
4954000.000
4954000.000
4902000.000
5004000.000
4970000.000
5051000.000
5019000.000
5143000.000
5148000.000
5121000.000
5089000.000
5176000.000
5031000.000
4987000.000
5020000.000
4979000.000
5044000.000
5026000.000
5033000.000
5017000.000
4945000.000
5060000.000
4973000.000
4909000.000
4931000.000
5009000.000
5107000.000
5001000.000
5010000.000
4980000.000
4984000.000
5124000.000
5178000.000
5202000.000
5292000.000
5366000.000
5412000.000
5512000.000
5575000.000
5665000.000
5679000.000
5697000.000
5737000.000
5847000.000
5923000.000
5901000.000
5855000.000
5853000.000
5855000.000
5658000.000
5587000.000
5488000.000
5397000.000
5206000.000
5159000.000
5038000.000
4961000.000
4986000.000
5050000.000
5174000.000
5155000.000
5109000.000
5158000.000
5256000.000
5086000.000
5213000.000
5258000.000
5307000.000
5364000.000
5267000.000
5170000.000
5174000.000
5198000.000
5161000.000
5010000.000
5064000.000
5010000.000
5044000.000
5021000.000
5062000.000
5095000.000
5035000.000
5040000.000
4964000.000
4933000.000
4996000.000
4957000.000
4968000.000
4906000.000
4873000.000
4842000.000
4936000.000
5081000.000
5105000.000
5271000.000
5309000.000
5416000.000
5509000.000
5367000.000
5168000.000
5167000.000
5192000.000
5062000.000
5123000.000
5137000.000
5189000.000
5243000.000
5121000.000
4966000.000
5123000.000
5081000.000
4981000.000
5128000.000
5108000.000
5131000.000
5141000.000
5109000.000
5108000.000
5061000.000
5020000.000
5073000.000
5217000.000
5128000.000
5055000.000
5121000.000
5078000.000
5099000.000
5127000.000
5002000.000
5072000.000
5068000.000
4969000.000
4808000.000
4769000.000
4783000.000
4758000.000
4948000.000
5016000.000
5026000.000
5053000.000
5264000.000
5232000.000
5397000.000
5229000.000
5261000.000
5440000.000
5474000.000
5458000.000
5443000.000
5158000.000
5312000.000
5036000.000
4955000.000
4968000.000
4970000.000
5057000.000
5044000.000
5033000.000
5135000.000
5133000.000
5256000.000
5299000.000
5235000.000
5147000.000
5266000.000
5080000.000
5077000.000
5067000.000
5192000.000
5137000.000
5239000.000
4840000.000
4955000.000
4918000.000
4921000.000
4958000.000
4922000.000
5011000.000
5026000.000
5038000.000
5005000.000
5071000.000
5049000.000
5074000.000
4954000.000
5020000.000
4990000.000
4814000.000
4859000.000
4875000.000
4891000.000
4947000.000
5157000.000
5086000.000
5126000.000
5250000.000
5041000.000
5107000.000
4995000.000
4990000.000
5008000.000
5015000.000
4978000.000
5057000.000
4991000.000
5040000.000
5051000.000
5023000.000
5082000.000
5081000.000
5058000.000
5016000.000
4977000.000
4941000.000
5069000.000
4926000.000
4959000.000
5001000.000
4993000.000
5039000.000
5055000.000
5064000.000
4971000.000
5009000.000
4914000.000
4940000.000
4970000.000
4988000.000
4927000.000
5117000.000
5032000.000
5114000.000
5130000.000
5210000.000
5299000.000
5262000.000
5449000.000
5521000.000
5580000.000
5595000.000
5740000.000
5778000.000
5802000.000
5857000.000
5844000.000
5940000.000
6073000.000
5860000.000
5843000.000
5800000.000
5606000.000
5542000.000
5467000.000
5271000.000
5192000.000
5032000.000
4920000.000
5039000.000
5013000.000
5043000.000
5060000.000
5044000.000
5179000.000
5213000.000
5197000.000
5201000.000
5222000.000
5315000.000
5294000.000
5347000.000
5344000.000
5087000.000
5148000.000
5066000.000
5150000.000
5158000.000
5028000.000
5127000.000
5052000.000
5105000.000
5082000.000
5047000.000
5047000.000
5043000.000
4985000.000
4927000.000
5033000.000
4941000.000
4985000.000
4898000.000
4750000.000
4930000.000
4946000.000
5093000.000
5142000.000
5351000.000
5357000.000
5414000.000
5345000.000
5306000.000
5238000.000
5235000.000
5064000.000
5131000.000
5212000.000
5198000.000
5196000.000
5246000.000
5106000.000
5135000.000
5057000.000
5067000.000
5093000.000
5177000.000
5209000.000
5098000.000
5181000.000
5080000.000
5011000.000
5176000.000
5226000.000
5251000.000
5072000.000
5060000.000
5045000.000
5011000.000
5119000.000
5114000.000
5138000.000
5035000.000
4966000.000
4922000.000
4853000.000
4771000.000
4837000.000
4834000.000
4888000.000
4960000.000
5159000.000
5167000.000
5157000.000
5295000.000
5371000.000
5432000.000
5417000.000
5523000.000
5354000.000
5321000.000
5363000.000
5355000.000
5273000.000
5209000.000
5080000.000
4969000.000
5068000.000
4934000.000
5036000.000
5034000.000
5100000.000
5225000.000
5231000.000
5242000.000
5317000.000
5227000.000
5231000.000
5199000.000
5161000.000
5136000.000
5057000.000
5101000.000
5119000.000
5109000.000
4915000.000
4889000.000
4927000.000
4889000.000
4932000.000
4931000.000
4871000.000
4933000.000
4948000.000
4942000.000
4991000.000
5147000.000
4974000.000
5010000.000
5070000.000
5014000.000
4994000.000
5007000.000
4831000.000
4768000.000
4987000.000
4975000.000
4928000.000
4991000.000
5051000.000
5107000.000
5111000.000
5039000.000
5112000.000
5085000.000
4980000.000
5012000.000
4955000.000
4995000.000
5048000.000
5084000.000
5099000.000
5030000.000
5140000.000
5084000.000
5108000.000
4937000.000
5030000.000
5115000.000
4862000.000
4931000.000
4967000.000
5096000.000
5095000.000
5082000.000
5000000.000
5107000.000
4948000.000
4977000.000
4954000.000
4887000.000
4827000.000
4994000.000
4944000.000
5078000.000
5048000.000
5085000.000
5099000.000
5294000.000
5292000.000
5334000.000
5499000.000
5589000.000
5616000.000
5665000.000
5835000.000
5835000.000
5803000.000
5900000.000
5924000.000
5921000.000
5936000.000
5905000.000
5801000.000
5768000.000
5574000.000
5548000.000
5371000.000
5132000.000
5137000.000
5128000.000
4955000.000
5129000.000
4982000.000
5005000.000
5088000.000
5083000.000
5108000.000
5121000.000
5090000.000
5272000.000
5222000.000
5326000.000
5310000.000
5349000.000
5291000.000
5205000.000
5178000.000
5141000.000
5312000.000
5258000.000
5307000.000
5183000.000
5239000.000
5169000.000
5194000.000
5083000.000
5162000.000
5182000.000
5017000.000
5044000.000
4989000.000
4925000.000
4868000.000
4916000.000
4762000.000
4804000.000
5011000.000
4914000.000
5015000.000
5253000.000
5293000.000
5348000.000
5440000.000
5307000.000
5169000.000
5217000.000
5263000.000
5248000.000
5377000.000
5157000.000
5228000.000
5077000.000
5081000.000
4987000.000
5125000.000
5022000.000
5168000.000
5200000.000
5227000.000
5121000.000
5179000.000
5095000.000
5114000.000
5112000.000
5017000.000
5137000.000
5078000.000
5033000.000
5005000.000
4925000.000
5012000.000
5025000.000
5008000.000
5013000.000
4996000.000
4933000.000
4962000.000
4807000.000
4791000.000
4872000.000
4922000.000
5083000.000
5124000.000
5128000.000
5216000.000
5326000.000
5388000.000
5407000.000
5492000.000
5383000.000
5372000.000
5415000.000
5387000.000
5270000.000
5270000.000
5248000.000
5094000.000
5066000.000
4967000.000
4948000.000
5021000.000
5010000.000
5102000.000
5178000.000
5372000.000
5214000.000
5249000.000
5230000.000
5163000.000
5093000.000
5024000.000
5117000.000
5235000.000
5113000.000
5159000.000
4883000.000
4939000.000
4939000.000
4995000.000
4810000.000
5052000.000
4976000.000
4998000.000
4910000.000
4890000.000
5037000.000
5009000.000
4975000.000
5017000.000
4952000.000
5067000.000
4957000.000
4915000.000
4914000.000
4954000.000
4957000.000
5011000.000
5066000.000
5041000.000
5181000.000
5184000.000
5081000.000
5190000.000
5011000.000
5035000.000
5077000.000
4993000.000
5135000.000
5048000.000
5132000.000
5380000.000
5179000.000
5174000.000
5159000.000
5082000.000
4910000.000
5015000.000
5044000.000
5077000.000
5043000.000
5105000.000
5061000.000
5080000.000
4992000.000
5060000.000
5045000.000
5002000.000
4964000.000
4905000.000
4956000.000
4878000.000
4776000.000
4956000.000
5040000.000
5098000.000
5177000.000
5282000.000
5227000.000
5422000.000
5361000.000
5452000.000
5508000.000
5685000.000
5660000.000
5684000.000
5688000.000
5861000.000
5753000.000
5874000.000
5863000.000
5922000.000
5723000.000
5726000.000
5677000.000
5457000.000
5434000.000
5363000.000
5387000.000
5197000.000
5132000.000
5136000.000
5128000.000
5052000.000
5000000.000
5100000.000
5119000.000
5192000.000
5218000.000
5142000.000
5268000.000
5412000.000
5447000.000
5291000.000
5388000.000
5402000.000
5275000.000
5235000.000
5238000.000
5284000.000
5317000.000
5321000.000
5326000.000
5325000.000
5288000.000
5124000.000
5169000.000
5215000.000
5169000.000
5115000.000
5071000.000
5086000.000
5106000.000
4935000.000
4969000.000
4872000.000
4731000.000
4790000.000
4809000.000
4997000.000
5085000.000
5249000.000
5192000.000
5255000.000
5335000.000
5315000.000
5205000.000
5226000.000
5366000.000
5428000.000
5392000.000
5210000.000
5161000.000
5087000.000
4975000.000
5040000.000
5139000.000
5154000.000
5151000.000
5197000.000
5213000.000
5071000.000
5103000.000
5142000.000
5003000.000
5017000.000
5060000.000
4969000.000
5003000.000
4889000.000
4871000.000
4879000.000
4889000.000
4984000.000
5074000.000
4958000.000
4942000.000
4908000.000
4949000.000
4852000.000
5072000.000
5057000.000
5074000.000
5140000.000
5101000.000
5201000.000
5197000.000
5360000.000
5405000.000
5422000.000
5388000.000
5463000.000
5347000.000
5272000.000
5354000.000
5233000.000
5222000.000
5135000.000
5074000.000
5034000.000
4984000.000
4970000.000
5033000.000
5133000.000
5130000.000
5272000.000
5206000.000
5233000.000
5289000.000
5118000.000
5212000.000
5244000.000
5228000.000
5117000.000
5298000.000
5278000.000
5178000.000
4990000.000
4877000.000
4872000.000
4955000.000
4964000.000
5032000.000
4909000.000
4852000.000
4763000.000
4915000.000
4986000.000
5128000.000
4970000.000
5072000.000
4936000.000
5017000.000
5066000.000
4955000.000
4957000.000
4863000.000
4953000.000
4863000.000
4951000.000
5098000.000
5048000.000
5105000.000
5211000.000
5175000.000
5215000.000
5133000.000
4986000.000
5068000.000
5076000.000
5096000.000
5203000.000
5187000.000
5132000.000
5233000.000
5221000.000
5165000.000
5040000.000
5000000.000
5011000.000
5008000.000
5046000.000
5057000.000
5020000.000
4987000.000
4999000.000
5131000.000
4964000.000
5026000.000
4841000.000
4864000.000
4979000.000
4824000.000
4988000.000
4901000.000
5003000.000
5025000.000
5297000.000
5111000.000
5236000.000
5240000.000
5368000.000
5474000.000
5473000.000
5590000.000
5578000.000
5679000.000
5836000.000
5786000.000
5791000.000
5687000.000
5686000.000
5824000.000
5845000.000
5847000.000
5634000.000
5543000.000
5414000.000
5307000.000
5344000.000
5298000.000
5173000.000
5136000.000
5149000.000
5155000.000
5048000.000
5122000.000
5083000.000
5088000.000
5123000.000
5179000.000
5144000.000
5261000.000
5393000.000
5361000.000
5399000.000
5526000.000
5334000.000
5248000.000
5238000.000
5302000.000
5254000.000
5331000.000
5209000.000
5442000.000
5389000.000
5243000.000
5279000.000
5198000.000
5119000.000
5193000.000
5028000.000
5173000.000
5112000.000
5022000.000
4981000.000
5057000.000
4854000.000
4862000.000
4778000.000
4775000.000
4947000.000
4985000.000
5256000.000
5258000.000
5233000.000
5239000.000
5295000.000
5303000.000
5349000.000
5293000.000
5486000.000
5284000.000
5234000.000
5214000.000
5015000.000
5019000.000
5103000.000
5092000.000
5063000.000
5207000.000
5152000.000
5129000.000
5126000.000
5046000.000
5155000.000
5042000.000
5068000.000
4918000.000
4848000.000
4969000.000
4915000.000
4915000.000
5026000.000
4922000.000
4993000.000
4881000.000
5030000.000
4931000.000
4933000.000
4933000.000
4923000.000
4922000.000
5061000.000
5024000.000
5191000.000
5288000.000
5252000.000
5218000.000
5284000.000
5432000.000
5483000.000
5351000.000
5429000.000
5396000.000
5377000.000
5378000.000
5276000.000
5247000.000
5139000.000
5081000.000
5065000.000
4867000.000
4995000.000
4983000.000
5104000.000
5024000.000
5162000.000
5278000.000
5159000.000
5145000.000
5202000.000
5181000.000
5232000.000
5243000.000
5278000.000
5250000.000
5223000.000
4746000.000
4913000.000
4938000.000
4928000.000
4972000.000
4902000.000
5050000.000
4984000.000
4883000.000
4853000.000
4990000.000
4923000.000
5066000.000
5061000.000
4980000.000
5121000.000
5067000.000
5031000.000
4948000.000
4923000.000
4980000.000
5077000.000
5106000.000
5164000.000
5182000.000
5089000.000
5015000.000
5105000.000
5045000.000
5057000.000
4976000.000
5120000.000
5145000.000
5333000.000
5282000.000
5442000.000
5224000.000
5223000.000
5337000.000
5153000.000
5184000.000
5061000.000
5029000.000
5002000.000
5033000.000
5117000.000
5102000.000
5032000.000
5126000.000
4957000.000
4979000.000
5032000.000
4895000.000
4896000.000
4850000.000
4896000.000
4993000.000
5003000.000
5080000.000
5033000.000
5225000.000
5294000.000
5475000.000
5356000.000
5362000.000
5448000.000
5509000.000
5374000.000
5571000.000
5597000.000
5616000.000
5662000.000
5715000.000
5735000.000
5596000.000
5459000.000
5385000.000
5485000.000
5367000.000
5198000.000
5341000.000
5153000.000
5140000.000
5274000.000
5124000.000
5145000.000
5150000.000
5093000.000
5054000.000
5170000.000
5064000.000
5056000.000
5255000.000
5271000.000
5367000.000
5366000.000
5437000.000
5431000.000
5412000.000
5424000.000
5342000.000
5357000.000
5347000.000
5367000.000
5317000.000
5396000.000
5500000.000
5347000.000
5302000.000
5232000.000
5308000.000
5310000.000
5213000.000
5283000.000
5260000.000
5184000.000
5152000.000
5010000.000
4891000.000
4707000.000
4673000.000
4809000.000
4833000.000
5007000.000
4973000.000
5158000.000
5059000.000
5348000.000
5265000.000
5351000.000
5398000.000
5378000.000
5513000.000
5466000.000
5302000.000
5281000.000
5199000.000
5160000.000
5088000.000
5023000.000
5129000.000
5123000.000
5149000.000
5139000.000
5088000.000
5100000.000
5148000.000
5105000.000
4984000.000
5039000.000
5010000.000
4842000.000
4937000.000
4832000.000
4905000.000
4869000.000
4927000.000
4949000.000
4883000.000
4919000.000
4924000.000
4960000.000
4960000.000
4923000.000
4861000.000
4970000.000
5052000.000
5085000.000
5244000.000
5299000.000
5159000.000
5237000.000
5261000.000
5323000.000
5322000.000
5295000.000
5446000.000
5314000.000
5309000.000
5430000.000
5328000.000
5282000.000
5083000.000
5072000.000
5035000.000
5041000.000
4995000.000
5089000.000
5026000.000
5177000.000
5206000.000
5193000.000
5249000.000
5191000.000
5235000.000
5277000.000
5202000.000
5312000.000
5175000.000
5314000.000
5174000.000
4849000.000
4765000.000
4866000.000
4873000.000
4985000.000
4867000.000
4925000.000
4962000.000
4942000.000
5041000.000
4925000.000
4887000.000
4861000.000
4847000.000
4912000.000
4898000.000
5036000.000
5052000.000
4976000.000
4877000.000
4934000.000
5007000.000
4942000.000
5101000.000
5078000.000
5080000.000
5131000.000
5046000.000
5155000.000
5040000.000
5136000.000
5063000.000
5106000.000
5212000.000
5219000.000
5310000.000
5323000.000
5311000.000
5344000.000
5261000.000
5243000.000
5081000.000
5082000.000
5116000.000
4967000.000
4897000.000
5094000.000
5063000.000
5136000.000
5123000.000
5044000.000
5014000.000
5033000.000
4847000.000
4816000.000
4916000.000
4843000.000
4992000.000
4993000.000
5093000.000
5132000.000
5244000.000
5266000.000
5327000.000
5334000.000
5410000.000
5377000.000
5498000.000
5565000.000
5598000.000
5409000.000
5550000.000
5704000.000
5577000.000
5706000.000
5666000.000
5457000.000
5355000.000
5372000.000
5326000.000
5448000.000
5378000.000
5338000.000
5232000.000
5208000.000
5219000.000
5222000.000
5114000.000
5168000.000
5138000.000
5105000.000
5128000.000
5104000.000
5121000.000
5152000.000
5288000.000
5344000.000
5455000.000
5385000.000
5462000.000
5331000.000
5364000.000
5407000.000
5435000.000
5422000.000
5462000.000
5435000.000
5448000.000
5416000.000
5351000.000
5345000.000
5284000.000
5196000.000
5249000.000
5292000.000
5215000.000
5316000.000
5078000.000
5070000.000
4975000.000
4902000.000
4837000.000
4745000.000
4733000.000
4885000.000
4985000.000
5097000.000
5197000.000
5250000.000
5137000.000
5383000.000
5425000.000
5431000.000
5329000.000
5530000.000
5334000.000
5317000.000
5094000.000
5252000.000
5135000.000
5032000.000
5127000.000
5136000.000
5147000.000
5070000.000
5130000.000
5208000.000
5103000.000
5013000.000
4999000.000
4999000.000
4871000.000
4912000.000
4885000.000
4822000.000
4874000.000
4921000.000
4802000.000
4897000.000
4869000.000
4911000.000
4915000.000
4922000.000
5014000.000
4887000.000
5009000.000
4893000.000
5022000.000
5082000.000
5091000.000
5260000.000
5263000.000
5209000.000
5256000.000
5400000.000
5380000.000
5357000.000
5426000.000
5475000.000
5431000.000
5258000.000
5345000.000
5292000.000
5154000.000
5025000.000
5150000.000
5059000.000
4977000.000
5237000.000
5255000.000
5135000.000
5334000.000
5135000.000
5145000.000
5118000.000
5208000.000
5241000.000
5230000.000
5378000.000
5354000.000
5207000.000
4725000.000
4768000.000
4643000.000
4687000.000
4927000.000
4947000.000
4908000.000
5037000.000
5015000.000
4836000.000
4868000.000
4887000.000
4971000.000
4845000.000
5005000.000
4935000.000
4853000.000
4954000.000
4965000.000
4982000.000
4987000.000
5043000.000
5033000.000
5088000.000
5083000.000
5134000.000
5033000.000
5064000.000
5037000.000
5057000.000
5220000.000
5194000.000
5196000.000
5339000.000
5508000.000
5407000.000
5501000.000
5337000.000
5335000.000
5192000.000
5123000.000
5053000.000
5072000.000
5074000.000
4986000.000
5013000.000
5103000.000
5111000.000
5133000.000
5090000.000
5079000.000
4968000.000
4867000.000
4802000.000
4844000.000
4920000.000
4869000.000
4771000.000
5030000.000
5123000.000
5299000.000
5334000.000
5419000.000
5443000.000
5337000.000
5454000.000
5488000.000
5529000.000
5534000.000
5469000.000
5541000.000
5441000.000
5388000.000
5398000.000
5444000.000
5373000.000
5284000.000
5222000.000
5265000.000
5293000.000
5191000.000
5245000.000
5208000.000
5262000.000
5311000.000
5248000.000
5211000.000
5074000.000
5233000.000
5074000.000
5084000.000
5205000.000
5176000.000
5227000.000
5254000.000
5430000.000
5443000.000
5452000.000
5467000.000
5403000.000
5336000.000
5308000.000
5375000.000
5409000.000
5503000.000
5489000.000
5496000.000
5495000.000
5431000.000
5490000.000
5294000.000
5319000.000
5488000.000
5286000.000
5244000.000
5323000.000
5166000.000
5103000.000
5011000.000
4894000.000
4732000.000
4748000.000
4771000.000
4893000.000
4979000.000
5172000.000
5256000.000
5196000.000
5213000.000
5378000.000
5362000.000
5577000.000
5392000.000
5446000.000
5439000.000
5224000.000
5242000.000
5126000.000
5125000.000
5157000.000
5085000.000
5112000.000
5178000.000
5066000.000
5112000.000
5190000.000
5090000.000
5107000.000
5035000.000
4945000.000
4960000.000
4861000.000
4986000.000
4953000.000
4838000.000
4821000.000
4807000.000
4711000.000
4776000.000
4896000.000
4954000.000
4920000.000
4895000.000
4930000.000
4870000.000
4896000.000
5067000.000
5116000.000
5151000.000
5189000.000
5128000.000
5167000.000
5154000.000
5316000.000
5412000.000
5335000.000
5458000.000
5304000.000
5449000.000
5413000.000
5380000.000
5362000.000
5290000.000
5251000.000
5151000.000
5191000.000
5120000.000
5135000.000
5189000.000
5122000.000
5041000.000
4990000.000
5113000.000
5115000.000
5299000.000
5226000.000
5235000.000
5264000.000
5261000.000
5210000.000
5196000.000
4727000.000
4547000.000
4699000.000
4622000.000
4691000.000
4738000.000
4893000.000
4794000.000
4836000.000
4792000.000
4942000.000
4929000.000
4902000.000
4977000.000
4947000.000
4914000.000
4848000.000
4981000.000
4867000.000
4992000.000
4912000.000
5105000.000
5004000.000
5029000.000
4985000.000
5012000.000
4966000.000
5055000.000
5015000.000
4932000.000
5116000.000
5086000.000
5120000.000
5279000.000
5338000.000
5368000.000
5468000.000
5407000.000
5396000.000
5329000.000
5136000.000
5098000.000
5043000.000
5125000.000
5059000.000
4863000.000
4991000.000
5105000.000
5042000.000
5166000.000
4949000.000
4940000.000
4964000.000
4901000.000
4965000.000
4892000.000
4802000.000
5046000.000
5009000.000
5065000.000
5176000.000
5340000.000
5329000.000
5406000.000
5364000.000
5422000.000
5417000.000
5703000.000
5627000.000
5651000.000
5553000.000
5473000.000
5455000.000
5370000.000
5305000.000
5229000.000
5307000.000
5209000.000
5213000.000
5098000.000
5382000.000
5339000.000
5358000.000
5349000.000
5248000.000
5251000.000
5246000.000
5250000.000
5185000.000
5134000.000
5172000.000
5070000.000
5166000.000
5238000.000
5254000.000
5120000.000
5379000.000
5392000.000
5400000.000
5279000.000
5293000.000
5297000.000
5268000.000
5398000.000
5433000.000
5462000.000
5478000.000
5466000.000
5429000.000
5484000.000
5511000.000
5423000.000
5412000.000
5413000.000
5474000.000
5277000.000
5162000.000
5159000.000
5119000.000
4933000.000
4821000.000
4897000.000
4843000.000
4832000.000
4963000.000
5025000.000
5066000.000
5121000.000
5208000.000
5238000.000
5330000.000
5374000.000
5463000.000
5339000.000
5382000.000
5355000.000
5313000.000
5344000.000
5288000.000
5108000.000
5172000.000
5259000.000
5174000.000
5136000.000
5199000.000
5087000.000
5108000.000
5158000.000
5037000.000
5130000.000
5069000.000
4904000.000
4835000.000
4824000.000
4814000.000
4874000.000
4766000.000
4741000.000
4735000.000
4832000.000
4909000.000
4867000.000
4899000.000
4944000.000
4899000.000
4872000.000
4937000.000
5012000.000
4928000.000
4886000.000
4948000.000
5014000.000
5090000.000
5117000.000
5058000.000
5264000.000
5245000.000
5302000.000
5390000.000
5415000.000
5420000.000
5399000.000
5271000.000
5246000.000
5243000.000
5255000.000
5169000.000
5214000.000
5195000.000
5221000.000
5126000.000
5070000.000
5066000.000
5018000.000
5074000.000
5157000.000
5289000.000
5382000.000
5171000.000
5172000.000
5185000.000
4569000.000
4615000.000
4642000.000
4591000.000
4681000.000
4816000.000
4773000.000
4863000.000
4955000.000
4943000.000
4881000.000
4914000.000
4881000.000
4843000.000
4909000.000
4764000.000
4883000.000
4925000.000
4881000.000
4986000.000
4878000.000
5084000.000
5052000.000
5042000.000
4954000.000
4956000.000
5015000.000
4923000.000
4955000.000
4861000.000
5128000.000
5075000.000
5327000.000
5295000.000
5437000.000
5381000.000
5461000.000
5382000.000
5276000.000
5197000.000
5105000.000
4999000.000
4939000.000
4920000.000
4946000.000
5018000.000
4929000.000
5005000.000
4976000.000
4893000.000
4997000.000
4897000.000
4993000.000
4891000.000
4984000.000
4926000.000
4975000.000
5039000.000
5156000.000
5170000.000
5304000.000
5329000.000
5480000.000
5433000.000
5455000.000
5575000.000
5529000.000
5445000.000
5350000.000
5541000.000
5344000.000
5362000.000
5366000.000
5255000.000
5250000.000
5303000.000
5115000.000
5286000.000
5317000.000
5291000.000
5304000.000
5202000.000
5285000.000
5211000.000
5307000.000
5136000.000
5178000.000
5231000.000
5124000.000
5084000.000
5239000.000
5144000.000
5209000.000
5189000.000
5295000.000
5284000.000
5199000.000
5308000.000
5143000.000
5256000.000
5268000.000
5280000.000
5260000.000
5345000.000
5312000.000
5428000.000
5429000.000
5423000.000
5455000.000
5456000.000
5474000.000
5498000.000
5439000.000
5437000.000
5432000.000
5366000.000
5160000.000
5032000.000
5108000.000
4858000.000
4889000.000
4801000.000
4832000.000
4973000.000
5142000.000
5238000.000
5177000.000
5357000.000
5192000.000
5320000.000
5379000.000
5378000.000
5449000.000
5419000.000
5420000.000
5286000.000
5225000.000
5309000.000
5216000.000
5213000.000
5191000.000
5063000.000
5313000.000
5136000.000
5138000.000
5166000.000
5093000.000
5135000.000
5043000.000
5075000.000
5009000.000
4876000.000
4850000.000
4923000.000
4795000.000
4799000.000
4934000.000
4847000.000
4760000.000
4819000.000
4941000.000
4833000.000
4946000.000
4956000.000
4796000.000
4835000.000
4916000.000
4874000.000
4995000.000
5030000.000
5108000.000
5124000.000
5036000.000
5079000.000
5187000.000
5098000.000
5437000.000
5369000.000
5513000.000
5374000.000
5486000.000
5328000.000
5385000.000
5311000.000
5274000.000
5174000.000
5130000.000
5132000.000
5288000.000
5121000.000
5114000.000
4997000.000
5024000.000
5151000.000
5035000.000
5262000.000
5238000.000
5201000.000
5211000.000
5094000.000
5039000.000
4557000.000
4687000.000
4448000.000
4505000.000
4495000.000
4742000.000
4766000.000
4773000.000
4816000.000
4933000.000
4912000.000
4842000.000
4857000.000
4729000.000
4817000.000
4807000.000
4851000.000
4943000.000
5004000.000
4929000.000
4898000.000
5045000.000
5004000.000
5032000.000
5040000.000
4934000.000
4955000.000
5034000.000
4989000.000
4981000.000
5033000.000
5054000.000
5251000.000
5208000.000
5493000.000
5386000.000
5407000.000
5328000.000
5319000.000
5332000.000
5147000.000
5037000.000
5122000.000
4916000.000
5042000.000
5019000.000
4986000.000
5052000.000
4947000.000
4972000.000
5085000.000
4994000.000
4871000.000
4955000.000
4960000.000
5027000.000
4996000.000
5108000.000
5004000.000
5152000.000
5308000.000
5152000.000
5410000.000
5348000.000
5512000.000
5432000.000
5596000.000
5575000.000
5416000.000
5436000.000
5361000.000
5453000.000
5386000.000
5276000.000
5360000.000
5263000.000
5270000.000
5350000.000
5283000.000
5303000.000
5399000.000
5335000.000
5398000.000
5366000.000
5309000.000
5221000.000
5280000.000
5169000.000
5256000.000
5226000.000
5101000.000
5252000.000
5194000.000
5243000.000
5182000.000
5118000.000
5269000.000
5306000.000
5223000.000
5238000.000
5221000.000
5135000.000
5268000.000
5082000.000
5246000.000
5420000.000
5373000.000
5463000.000
5456000.000
5558000.000
5560000.000
5591000.000
5487000.000
5516000.000
5452000.000
5451000.000
5348000.000
5164000.000
5063000.000
5057000.000
4958000.000
4948000.000
4969000.000
4975000.000
5024000.000
5060000.000
5190000.000
5311000.000
5282000.000
5296000.000
5400000.000
5258000.000
5368000.000
5258000.000
5236000.000
5276000.000
5290000.000
5269000.000
5217000.000
5194000.000
5241000.000
5146000.000
5213000.000
5188000.000
5082000.000
5140000.000
5184000.000
5177000.000
5131000.000
5099000.000
4995000.000
4936000.000
4969000.000
4947000.000
4904000.000
4892000.000
4794000.000
4811000.000
4757000.000
4758000.000
4820000.000
5016000.000
4862000.000
4916000.000
4852000.000
4962000.000
4863000.000
4797000.000
4787000.000
4933000.000
4990000.000
4910000.000
4976000.000
4981000.000
5216000.000
5212000.000
5309000.000
5330000.000
5372000.000
5302000.000
5370000.000
5306000.000
5225000.000
5211000.000
5179000.000
5250000.000
5243000.000
5321000.000
5230000.000
5253000.000
5085000.000
4999000.000
4987000.000
5004000.000
5042000.000
5122000.000
5210000.000
5283000.000
5197000.000
5169000.000
5098000.000
4581000.000
4500000.000
4555000.000
4557000.000
4800000.000
4790000.000
4818000.000
4776000.000
4735000.000
4896000.000
4832000.000
4825000.000
4910000.000
4906000.000
4996000.000
4896000.000
4920000.000
5010000.000
5041000.000
5021000.000
5124000.000
5105000.000
5014000.000
5048000.000
5015000.000
4932000.000
4924000.000
4998000.000
4917000.000
5029000.000
4978000.000
5055000.000
5331000.000
5250000.000
5254000.000
5190000.000
5227000.000
5246000.000
5198000.000
5048000.000
5093000.000
5176000.000
5013000.000
4993000.000
5004000.000
5046000.000
4985000.000
5057000.000
5046000.000
4967000.000
5031000.000
4883000.000
4935000.000
4920000.000
4994000.000
4994000.000
5091000.000
5047000.000
5223000.000
5273000.000
5332000.000
5394000.000
5330000.000
5480000.000
5421000.000
5522000.000
5402000.000
5473000.000
5380000.000
5460000.000
5361000.000
5409000.000
5362000.000
5344000.000
5357000.000
5274000.000
5311000.000
5381000.000
5284000.000
5469000.000
5392000.000
5475000.000
5480000.000
5330000.000
5269000.000
5223000.000
5295000.000
5191000.000
5238000.000
5228000.000
5186000.000
5322000.000
5212000.000
5208000.000
5146000.000
5177000.000
5334000.000
5307000.000
5181000.000
5031000.000
5065000.000
5051000.000
5128000.000
5173000.000
5197000.000
5359000.000
5432000.000
5510000.000
5474000.000
5673000.000
5657000.000
5563000.000
5543000.000
5446000.000
5428000.000
5247000.000
5283000.000
5125000.000
5030000.000
4981000.000
4970000.000
4921000.000
4933000.000
5173000.000
5112000.000
5277000.000
5308000.000
5252000.000
5308000.000
5307000.000
5301000.000
5268000.000
5199000.000
5271000.000
5395000.000
5429000.000
5366000.000
5298000.000
5246000.000
5292000.000
5226000.000
5187000.000
5130000.000
4997000.000
5091000.000
5006000.000
5034000.000
5052000.000
5162000.000
5008000.000
4904000.000
4951000.000
4956000.000
4966000.000
4902000.000
5013000.000
4918000.000
4915000.000
4980000.000
4827000.000
4918000.000
4875000.000
4946000.000
4875000.000
4850000.000
4757000.000
4875000.000
4827000.000
4860000.000
4940000.000
4970000.000
5064000.000
4877000.000
5017000.000
5157000.000
5324000.000
5240000.000
5227000.000
5346000.000
5302000.000
5189000.000
5137000.000
5353000.000
5097000.000
5132000.000
5286000.000
5111000.000
5145000.000
5150000.000
5110000.000
5093000.000
5135000.000
4968000.000
5185000.000
5042000.000
5095000.000
5195000.000
5140000.000
5022000.000
4960000.000
4946000.000
4645000.000
4453000.000
4561000.000
4651000.000
4577000.000
4616000.000
4741000.000
4820000.000
4857000.000
4835000.000
4843000.000
4764000.000
4722000.000
4858000.000
4908000.000
4916000.000
4999000.000
4872000.000
5006000.000
5043000.000
5076000.000
5039000.000
5063000.000
5040000.000
5007000.000
5124000.000
5046000.000
4879000.000
4925000.000
4973000.000
5010000.000
4937000.000
5087000.000
5293000.000
5253000.000
5272000.000
5197000.000
5267000.000
5178000.000
5041000.000
5163000.000
5208000.000
5066000.000
5166000.000
5078000.000
5070000.000
5071000.000
5016000.000
4998000.000
5051000.000
5068000.000
5126000.000
4957000.000
4941000.000
5007000.000
4982000.000
5125000.000
5128000.000
5253000.000
5228000.000
5344000.000
5413000.000
5379000.000
5419000.000
5492000.000
5265000.000
5467000.000
5466000.000
5567000.000
5398000.000
5431000.000
5542000.000
5382000.000
5408000.000
5415000.000
5374000.000
5323000.000
5448000.000
5542000.000
5632000.000
5524000.000
5612000.000
5374000.000
5414000.000
5394000.000
5291000.000
5384000.000
5202000.000
5218000.000
5249000.000
5237000.000
5297000.000
5180000.000
5341000.000
5294000.000
5260000.000
5222000.000
5255000.000
5197000.000
5195000.000
5043000.000
5097000.000
5102000.000
5089000.000
5261000.000
5291000.000
5358000.000
5399000.000
5595000.000
5602000.000
5612000.000
5605000.000
5535000.000
5596000.000
5390000.000
5267000.000
5216000.000
5148000.000
5121000.000
5065000.000
5035000.000
5053000.000
4967000.000
4974000.000
5016000.000
5161000.000
5256000.000
5262000.000
5221000.000
5326000.000
5216000.000
5304000.000
5285000.000
5438000.000
5256000.000
5279000.000
5401000.000
5280000.000
5292000.000
5270000.000
5214000.000
5218000.000
5215000.000
5093000.000
5106000.000
5068000.000
5039000.000
5083000.000
5090000.000
5017000.000
4981000.000
4950000.000
4905000.000
4973000.000
4922000.000
4915000.000
4821000.000
4873000.000
4978000.000
4760000.000
4919000.000
4958000.000
4887000.000
4970000.000
4867000.000
4882000.000
4860000.000
4871000.000
4782000.000
4885000.000
4927000.000
4881000.000
4942000.000
5020000.000
5085000.000
5153000.000
5206000.000
5189000.000
5241000.000
5268000.000
5222000.000
5344000.000
5302000.000
5274000.000
5029000.000
5156000.000
5116000.000
5167000.000
5233000.000
5216000.000
5147000.000
5109000.000
5031000.000
5042000.000
5061000.000
4959000.000
5067000.000
5138000.000
5103000.000
5067000.000
4925000.000
4633000.000
4664000.000
4614000.000
4630000.000
4633000.000
4699000.000
4810000.000
4744000.000
4843000.000
4925000.000
4768000.000
4915000.000
4931000.000
5034000.000
4995000.000
4950000.000
4971000.000
5005000.000
5028000.000
5116000.000
5141000.000
5015000.000
5183000.000
5048000.000
5069000.000
5118000.000
5032000.000
5045000.000
5080000.000
4947000.000
5027000.000
5041000.000
5186000.000
5159000.000
5095000.000
5147000.000
5176000.000
5135000.000
5086000.000
5149000.000
5092000.000
5126000.000
5151000.000
5088000.000
5001000.000
5123000.000
5129000.000
5079000.000
5083000.000
5176000.000
5247000.000
5137000.000
5118000.000
5179000.000
5124000.000
5273000.000
5300000.000
5354000.000
5404000.000
5357000.000
5385000.000
5455000.000
5377000.000
5372000.000
5402000.000
5323000.000
5449000.000
5433000.000
5439000.000
5446000.000
5442000.000
5427000.000
5486000.000
5468000.000
5487000.000
5625000.000
5605000.000
5685000.000
5528000.000
5638000.000
5597000.000
5509000.000
5343000.000
5313000.000
5325000.000
5288000.000
5148000.000
5278000.000
5348000.000
5297000.000
5315000.000
5259000.000
5301000.000
5390000.000
5306000.000
5302000.000
5272000.000
5294000.000
5162000.000
5024000.000
5162000.000
5038000.000
5121000.000
5168000.000
5119000.000
5320000.000
5368000.000
5517000.000
5551000.000
5676000.000
5502000.000
5545000.000
5402000.000
5380000.000
5272000.000
5282000.000
5153000.000
5112000.000
5115000.000
5122000.000
4990000.000
4942000.000
5031000.000
5082000.000
5224000.000
5272000.000
5224000.000
5216000.000
5297000.000
5310000.000
5187000.000
5187000.000
5335000.000
5290000.000
5339000.000
5353000.000
5342000.000
5320000.000
5280000.000
5288000.000
5251000.000
5216000.000
5078000.000
5111000.000
5014000.000
5033000.000
4998000.000
5045000.000
5061000.000
4928000.000
4903000.000
4908000.000
4905000.000
4957000.000
5009000.000
4948000.000
4932000.000
4981000.000
4911000.000
4906000.000
5028000.000
4927000.000
4940000.000
4976000.000
4892000.000
4874000.000
4925000.000
4842000.000
4879000.000
4939000.000
4912000.000
4869000.000
5083000.000
4985000.000
5046000.000
5071000.000
5192000.000
5241000.000
5280000.000
5290000.000
5330000.000
5226000.000
5141000.000
5164000.000
5079000.000
5089000.000
5151000.000
5190000.000
5169000.000
5141000.000
5007000.000
5071000.000
4987000.000
5104000.000
5161000.000
5097000.000
5002000.000
4989000.000
5022000.000
4989000.000
4962000.000
4628000.000
4728000.000
4582000.000
4642000.000
4867000.000
4761000.000
4813000.000
4779000.000
4712000.000
4791000.000
4812000.000
4738000.000
4819000.000
4875000.000
4928000.000
4898000.000
4924000.000
5040000.000
5066000.000
5103000.000
4984000.000
5083000.000
5043000.000
4996000.000
5042000.000
5108000.000
4962000.000
5055000.000
5075000.000
5026000.000
4966000.000
5062000.000
5096000.000
5057000.000
5134000.000
5109000.000
5244000.000
5194000.000
5138000.000
5097000.000
5251000.000
5222000.000
5098000.000
5095000.000
5085000.000
5147000.000
5208000.000
5108000.000
5146000.000
5201000.000
5184000.000
5030000.000
5210000.000
5226000.000
5106000.000
5206000.000
5348000.000
5339000.000
5339000.000
5424000.000
5419000.000
5351000.000
5395000.000
5196000.000
5537000.000
5392000.000
5306000.000
5328000.000
5321000.000
5426000.000
5582000.000
5449000.000
5508000.000
5369000.000
5421000.000
5481000.000
5570000.000
5564000.000
5645000.000
5552000.000
5452000.000
5658000.000
5400000.000
5322000.000
5377000.000
5423000.000
5218000.000
5293000.000
5309000.000
5250000.000
5317000.000
5284000.000
5349000.000
5332000.000
5435000.000
5282000.000
5278000.000
5215000.000
5227000.000
5100000.000
5138000.000
5066000.000
4999000.000
4978000.000
5062000.000
5125000.000
5321000.000
5429000.000
5518000.000
5609000.000
5496000.000
5600000.000
5536000.000
5409000.000
5373000.000
5324000.000
5223000.000
5098000.000
5030000.000
5021000.000
5008000.000
5006000.000
5044000.000
5066000.000
5134000.000
5219000.000
5198000.000
5146000.000
5243000.000
5245000.000
5233000.000
5188000.000
5167000.000
5273000.000
5354000.000
5368000.000
5353000.000
5353000.000
5323000.000
5270000.000
5358000.000
5286000.000
5109000.000
5191000.000
5095000.000
4917000.000
4870000.000
4999000.000
4996000.000
4999000.000
4803000.000
4957000.000
4915000.000
4878000.000
5047000.000
5087000.000
4858000.000
4945000.000
4938000.000
4936000.000
4900000.000
4999000.000
5016000.000
5032000.000
5011000.000
4998000.000
4890000.000
4964000.000
4760000.000
4905000.000
4802000.000
5017000.000
4927000.000
4965000.000
4924000.000
5133000.000
5164000.000
5187000.000
5281000.000
5137000.000
5336000.000
5156000.000
5267000.000
5081000.000
5134000.000
5153000.000
5243000.000
5067000.000
5196000.000
5206000.000
5100000.000
5009000.000
5090000.000
5108000.000
5057000.000
5066000.000
5019000.000
5098000.000
5016000.000
4985000.000
4935000.000
4807000.000
4753000.000
4840000.000
4850000.000
4865000.000
4913000.000
4788000.000
4770000.000
4820000.000
4781000.000
4768000.000
4810000.000
4821000.000
4896000.000
4959000.000
4876000.000
5014000.000
5088000.000
5001000.000
5068000.000
5022000.000
5035000.000
5127000.000
5159000.000
5025000.000
5145000.000
5040000.000
4917000.000
5053000.000
5063000.000
5070000.000
5033000.000
5114000.000
5101000.000
5088000.000
5094000.000
5007000.000
5075000.000
5048000.000
5042000.000
5148000.000
5153000.000
5039000.000
5182000.000
5199000.000
5250000.000
5256000.000
5230000.000
5296000.000
5271000.000
5175000.000
5358000.000
5269000.000
5465000.000
5469000.000
5453000.000
5454000.000
5422000.000
5438000.000
5459000.000
5308000.000
5122000.000
5169000.000
5284000.000
5290000.000
5349000.000
5433000.000
5450000.000
5417000.000
5423000.000
5467000.000
5477000.000
5498000.000
5425000.000
5535000.000
5549000.000
5616000.000
5599000.000
5658000.000
5614000.000
5486000.000
5395000.000
5305000.000
5212000.000
5195000.000
5134000.000
5147000.000
5309000.000
5256000.000
5202000.000
5437000.000
5436000.000
5485000.000
5457000.000
5459000.000
5424000.000
5185000.000
5249000.000
4976000.000
4963000.000
4955000.000
5037000.000
5081000.000
5144000.000
5108000.000
5261000.000
5343000.000
5458000.000
5554000.000
5507000.000
5469000.000
5433000.000
5377000.000
5257000.000
5347000.000
5208000.000
5145000.000
5029000.000
5117000.000
5079000.000
5073000.000
5057000.000
5188000.000
5234000.000
5255000.000
5190000.000
5275000.000
5233000.000
5177000.000
5173000.000
5289000.000
5204000.000
5285000.000
5273000.000
5271000.000
5339000.000
5302000.000
5366000.000
5269000.000
5149000.000
5081000.000
5117000.000
5132000.000
5016000.000
4982000.000
4982000.000
4971000.000
4951000.000
4971000.000
4926000.000
4897000.000
4884000.000
4831000.000
5038000.000
5035000.000
4887000.000
4927000.000
4932000.000
4982000.000
4990000.000
4941000.000
4991000.000
4985000.000
4995000.000
4992000.000
4965000.000
4810000.000
4869000.000
4939000.000
4980000.000
4935000.000
4881000.000
4936000.000
4993000.000
5059000.000
5043000.000
5094000.000
5194000.000
5130000.000
5253000.000
5146000.000
5221000.000
5110000.000
5100000.000
4994000.000
5112000.000
5073000.000
5002000.000
5038000.000
5192000.000
5158000.000
5020000.000
4990000.000
4918000.000
5034000.000
4886000.000
4951000.000
4881000.000
4988000.000
4859000.000
4916000.000
5040000.000
4996000.000
4814000.000
4875000.000
4781000.000
4829000.000
4805000.000
4930000.000
4850000.000
4818000.000
4855000.000
4816000.000
4783000.000
4830000.000
4981000.000
4899000.000
4919000.000
4931000.000
5105000.000
4941000.000
5012000.000
4954000.000
5053000.000
5060000.000
5048000.000
5184000.000
5006000.000
5024000.000
5081000.000
4958000.000
5075000.000
5077000.000
5130000.000
5119000.000
5111000.000
5039000.000
4953000.000
4983000.000
5021000.000
5049000.000
5080000.000
5085000.000
5153000.000
5079000.000
5159000.000
5230000.000
5204000.000
5188000.000
5323000.000
5517000.000
5484000.000
5466000.000
5457000.000
5498000.000
5416000.000
5642000.000
5547000.000
5616000.000
5568000.000
5487000.000
5425000.000
5300000.000
5379000.000
5241000.000
5151000.000
5276000.000
5260000.000
5485000.000
5383000.000
5406000.000
5523000.000
5520000.000
5538000.000
5353000.000
5541000.000
5543000.000
5348000.000
5579000.000
5540000.000
5507000.000
5344000.000
5454000.000
5369000.000
5185000.000
5202000.000
5215000.000
5060000.000
5117000.000
5256000.000
5317000.000
5334000.000
5297000.000
5566000.000
5404000.000
5428000.000
5372000.000
5212000.000
5189000.000
5121000.000
5006000.000
5042000.000
4986000.000
5173000.000
5040000.000
5109000.000
5160000.000
5309000.000
5347000.000
5376000.000
5509000.000
5547000.000
5397000.000
5363000.000
5331000.000
5209000.000
5206000.000
5289000.000
5107000.000
5029000.000
5113000.000
5118000.000
5240000.000
5213000.000
5083000.000
5132000.000
5309000.000
5248000.000
5237000.000
5228000.000
5233000.000
5144000.000
5233000.000
5240000.000
5298000.000
5139000.000
5178000.000
5195000.000
5279000.000
5400000.000
5222000.000
5211000.000
5162000.000
5087000.000
5064000.000
5011000.000
5053000.000
4938000.000
4991000.000
4826000.000
5013000.000
4926000.000
4900000.000
4930000.000
4892000.000
4936000.000
5018000.000
4879000.000
4930000.000
4991000.000
4974000.000
4926000.000
5047000.000
4953000.000
5050000.000
5060000.000
4974000.000
4956000.000
4861000.000
4937000.000
4888000.000
4931000.000
5011000.000
4921000.000
4964000.000
4962000.000
4973000.000
5032000.000
5113000.000
5099000.000
5105000.000
5204000.000
5188000.000
5196000.000
4966000.000
5108000.000
4979000.000
5022000.000
5051000.000
5101000.000
5094000.000
4975000.000
5097000.000
5034000.000
4938000.000
5020000.000
5132000.000
4934000.000
5026000.000
4900000.000
4838000.000
4923000.000
5094000.000
5028000.000
4912000.000
4792000.000
4879000.000
4853000.000
4845000.000
4845000.000
4744000.000
4764000.000
4770000.000
4786000.000
4762000.000
4787000.000
4747000.000
4769000.000
4882000.000
5012000.000
5044000.000
5075000.000
5050000.000
5007000.000
4966000.000
5118000.000
4984000.000
4995000.000
5087000.000
5056000.000
4993000.000
5135000.000
5100000.000
5105000.000
5110000.000
5140000.000
4997000.000
5055000.000
4997000.000
4955000.000
4947000.000
4993000.000
5005000.000
5037000.000
5120000.000
5151000.000
5241000.000
5335000.000
5317000.000
5366000.000
5415000.000
5484000.000
5554000.000
5577000.000
5545000.000
5476000.000
5634000.000
5593000.000
5702000.000
5571000.000
5574000.000
5516000.000
5429000.000
5231000.000
5204000.000
5168000.000
5251000.000
5236000.000
5363000.000
5315000.000
5492000.000
5410000.000
5506000.000
5440000.000
5283000.000
5388000.000
5344000.000
5538000.000
5405000.000
5581000.000
5419000.000
5420000.000
5413000.000
5322000.000
5215000.000
5208000.000
5128000.000
4994000.000
5189000.000
5255000.000
5267000.000
5250000.000
5436000.000
5371000.000
5484000.000
5546000.000
5477000.000
5427000.000
5197000.000
5266000.000
5010000.000
5170000.000
5055000.000
5101000.000
5192000.000
5186000.000
5170000.000
5191000.000
5389000.000
5325000.000
5338000.000
5475000.000
5404000.000
5481000.000
5361000.000
5259000.000
5101000.000
5173000.000
5270000.000
5087000.000
5056000.000
5360000.000
5286000.000
5316000.000
5370000.000
5351000.000
5305000.000
5327000.000
5257000.000
5232000.000
5193000.000
5206000.000
5278000.000
5269000.000
5213000.000
5266000.000
5244000.000
5250000.000
5141000.000
5084000.000
5259000.000
5087000.000
5227000.000
5209000.000
5044000.000
5084000.000
5027000.000
5015000.000
4959000.000
4972000.000
5005000.000
4917000.000
4814000.000
4990000.000
4871000.000
4934000.000
4892000.000
4942000.000
4935000.000
4950000.000
4955000.000
4918000.000
4937000.000
4961000.000
4932000.000
4983000.000
4942000.000
5031000.000
5033000.000
4963000.000
4917000.000
4907000.000
4809000.000
4867000.000
4899000.000
4942000.000
4936000.000
5049000.000
5135000.000
5079000.000
5178000.000
5214000.000
5188000.000
5141000.000
5156000.000
4973000.000
5116000.000
4950000.000
5027000.000
5133000.000
5047000.000
5247000.000
5079000.000
5041000.000
5009000.000
5067000.000
4977000.000
4987000.000
4961000.000
4891000.000
4916000.000
4817000.000
4944000.000
5148000.000
5038000.000
5000000.000
4894000.000
4907000.000
4937000.000
4888000.000
4831000.000
4808000.000
4899000.000
4773000.000
4756000.000
4849000.000
4701000.000
4752000.000
4852000.000
4885000.000
4909000.000
4896000.000
5082000.000
4929000.000
4927000.000
4943000.000
4996000.000
4943000.000
4910000.000
4983000.000
4926000.000
5093000.000
5030000.000
5068000.000
4974000.000
5117000.000
5119000.000
4991000.000
5018000.000
4964000.000
4908000.000
4967000.000
4907000.000
5020000.000
5082000.000
5101000.000
5068000.000
5082000.000
5111000.000
5228000.000
5274000.000
5434000.000
5421000.000
5419000.000
5629000.000
5640000.000
5551000.000
5626000.000
5694000.000
5683000.000
5645000.000
5582000.000
5357000.000
5446000.000
5287000.000
5154000.000
5149000.000
5221000.000
5130000.000
5252000.000
5363000.000
5386000.000
5438000.000
5585000.000
5515000.000
5436000.000
5370000.000
5389000.000
5433000.000
5413000.000
5421000.000
5461000.000
5380000.000
5457000.000
5357000.000
5277000.000
5226000.000
5111000.000
5060000.000
5010000.000
5098000.000
5242000.000
5200000.000
5215000.000
5305000.000
5446000.000
5428000.000
5514000.000
5403000.000
5362000.000
5274000.000
5212000.000
5130000.000
5136000.000
5280000.000
5258000.000
5049000.000
5155000.000
5105000.000
5239000.000
5331000.000
5294000.000
5442000.000
5520000.000
5447000.000
5381000.000
5335000.000
5203000.000
5095000.000
5176000.000
5205000.000
5078000.000
5262000.000
5350000.000
5283000.000
5389000.000
5360000.000
5366000.000
5290000.000
5311000.000
5377000.000
5232000.000
5272000.000
5330000.000
5258000.000
5245000.000
5130000.000
5208000.000
5292000.000
5226000.000
5103000.000
5260000.000
5160000.000
5141000.000
5144000.000
5164000.000
5152000.000
5137000.000
5105000.000
5020000.000
4996000.000
4980000.000
4970000.000
4901000.000
4790000.000
4906000.000
4749000.000
5037000.000
4924000.000
4900000.000
4937000.000
5038000.000
4902000.000
4934000.000
5004000.000
4988000.000
4968000.000
4920000.000
5023000.000
4968000.000
4889000.000
5025000.000
4952000.000
4853000.000
4770000.000
4879000.000
4684000.000
4738000.000
4844000.000
4921000.000
4906000.000
4975000.000
5134000.000
5119000.000
5071000.000
5141000.000
5049000.000
4957000.000
4962000.000
5099000.000
5008000.000
5049000.000
5103000.000
5056000.000
5037000.000
4956000.000
5026000.000
4924000.000
5035000.000
5007000.000
5088000.000
4985000.000
5073000.000
4932000.000
5118000.000
5086000.000
5067000.000
4929000.000
4944000.000
4849000.000
4897000.000
4825000.000
4817000.000
4716000.000
4734000.000
4758000.000
4627000.000
4666000.000
4786000.000
4827000.000
4809000.000
5019000.000
4903000.000
5027000.000
4982000.000
4915000.000
4896000.000
4858000.000
4967000.000
4952000.000
4966000.000
4924000.000
5007000.000
5039000.000
5122000.000
5025000.000
5052000.000
5070000.000
4980000.000
4995000.000
4970000.000
5000000.000
4911000.000
4965000.000
4872000.000
4973000.000
5014000.000
4943000.000
5163000.000
5135000.000
5389000.000
5418000.000
5554000.000
5532000.000
5575000.000
5577000.000
5629000.000
5646000.000
5740000.000
5621000.000
5634000.000
5551000.000
5546000.000
5365000.000
5291000.000
5130000.000
5061000.000
5182000.000
5104000.000
5200000.000
5352000.000
5429000.000
5563000.000
5513000.000
5609000.000
5460000.000
5443000.000
5374000.000
5361000.000
5335000.000
5432000.000
5368000.000
5469000.000
5441000.000
5444000.000
5204000.000
5032000.000
5044000.000
5019000.000
4903000.000
5058000.000
5095000.000
5228000.000
5117000.000
5408000.000
5469000.000
5400000.000
5442000.000
5442000.000
5337000.000
5245000.000
5270000.000
5163000.000
5208000.000
5099000.000
5152000.000
5186000.000
5196000.000
5238000.000
5167000.000
5321000.000
5347000.000
5385000.000
5398000.000
5386000.000
5366000.000
5222000.000
5184000.000
5205000.000
5072000.000
5273000.000
5188000.000
5282000.000
5350000.000
5237000.000
5402000.000
5448000.000
5493000.000
5506000.000
5358000.000
5387000.000
5212000.000
5313000.000
5181000.000
5288000.000
5222000.000
5242000.000
5183000.000
5176000.000
5146000.000
5074000.000
5083000.000
5200000.000
5228000.000
5251000.000
5198000.000
5215000.000
5161000.000
5041000.000
5061000.000
5018000.000
4932000.000
4837000.000
4948000.000
4825000.000
4779000.000
4915000.000
4804000.000
4832000.000
5059000.000
4965000.000
5119000.000
5075000.000
4950000.000
5067000.000
4933000.000
4975000.000
4977000.000
5029000.000
4848000.000
4976000.000
4923000.000
4915000.000
4825000.000
4781000.000
4788000.000
4809000.000
4757000.000
4809000.000
4950000.000
5022000.000
5003000.000
5158000.000
5049000.000
5148000.000
4943000.000
5036000.000
4976000.000
5065000.000
5029000.000
4907000.000
4957000.000
5014000.000
4940000.000
5076000.000
5025000.000
4948000.000
4990000.000
5077000.000
5051000.000
5032000.000
4934000.000
4981000.000
4888000.000
4959000.000
5196000.000
5029000.000
5074000.000
4879000.000
5030000.000
4916000.000
4866000.000
4882000.000
4852000.000
4859000.000
4770000.000
4780000.000
4814000.000
4697000.000
4706000.000
4757000.000
4794000.000
4845000.000
4895000.000
4861000.000
4994000.000
5000000.000
4987000.000
4896000.000
4924000.000
5054000.000
4892000.000
4912000.000
4890000.000
4947000.000
5019000.000
4958000.000
5025000.000
5033000.000
5028000.000
5047000.000
4889000.000
4847000.000
4981000.000
4916000.000
4862000.000
4887000.000
4818000.000
5039000.000
4943000.000
5083000.000
5301000.000
5229000.000
5398000.000
5433000.000
5528000.000
5561000.000
5632000.000
5526000.000
5661000.000
5604000.000
5496000.000
5596000.000
5599000.000
5526000.000
5473000.000
5307000.000
5126000.000
5154000.000
5289000.000
5301000.000
5207000.000
5409000.000
5433000.000
5622000.000
5550000.000
5488000.000
5553000.000
5493000.000
5373000.000
5356000.000
5362000.000
5356000.000
5299000.000
5313000.000
5399000.000
5219000.000
5222000.000
5161000.000
5203000.000
4960000.000
4994000.000
4970000.000
5110000.000
5286000.000
5245000.000
5438000.000
5429000.000
5387000.000
5519000.000
5458000.000
5421000.000
5372000.000
5289000.000
5481000.000
5328000.000
5369000.000
5270000.000
5304000.000
5167000.000
5194000.000
5286000.000
5316000.000
5297000.000
5411000.000
5489000.000
5337000.000
5332000.000
5197000.000
5134000.000
5146000.000
5180000.000
5208000.000
5368000.000
5271000.000
5299000.000
5460000.000
5499000.000
5539000.000
5486000.000
5513000.000
5406000.000
5272000.000
5228000.000
5260000.000
5295000.000
5169000.000
5217000.000
5164000.000
5288000.000
5244000.000
5257000.000
5283000.000
5212000.000
5259000.000
5279000.000
5360000.000
5281000.000
5204000.000
5130000.000
5101000.000
4997000.000
5054000.000
4966000.000
5089000.000
4925000.000
4887000.000
4825000.000
4840000.000
4702000.000
4743000.000
4946000.000
4994000.000
4943000.000
4967000.000
5002000.000
4998000.000
4915000.000
4868000.000
5030000.000
5048000.000
4964000.000
5024000.000
4878000.000
4940000.000
5013000.000
4842000.000
4754000.000
4823000.000
4658000.000
4860000.000
4840000.000
5015000.000
5015000.000
5106000.000
5007000.000
5053000.000
4991000.000
4900000.000
5007000.000
4928000.000
4901000.000
4908000.000
4885000.000
5028000.000
5059000.000
4986000.000
4963000.000
5040000.000
5088000.000
5062000.000
5091000.000
4997000.000
4963000.000
4991000.000
4944000.000
5231000.000
5055000.000
4958000.000
4987000.000
4982000.000
4979000.000
4958000.000
4889000.000
4861000.000
4819000.000
4723000.000
4805000.000
4746000.000
4809000.000
4620000.000
4729000.000
4791000.000
4799000.000
4865000.000
4863000.000
4993000.000
4929000.000
5065000.000
4952000.000
4818000.000
4834000.000
4907000.000
5030000.000
4864000.000
4877000.000
4919000.000
4946000.000
4847000.000
4951000.000
4904000.000
4933000.000
4936000.000
4891000.000
4828000.000
4930000.000
4970000.000
4914000.000
4965000.000
4996000.000
5050000.000
5241000.000
5220000.000
5291000.000
5348000.000
5469000.000
5472000.000
5420000.000
5565000.000
5645000.000
5592000.000
5505000.000
5459000.000
5464000.000
5454000.000
5394000.000
5254000.000
5258000.000
5190000.000
5290000.000
5270000.000
5306000.000
5437000.000
5522000.000
5477000.000
5433000.000
5499000.000
5518000.000
5424000.000
5548000.000
5405000.000
5435000.000
5323000.000
5251000.000
5324000.000
5244000.000
5177000.000
5374000.000
5133000.000
5047000.000
5034000.000
4961000.000
5006000.000
5129000.000
5219000.000
5259000.000
5385000.000
5344000.000
5324000.000
5463000.000
5426000.000
5369000.000
5357000.000
5436000.000
5487000.000
5384000.000
5551000.000
5382000.000
5353000.000
5342000.000
5248000.000
5260000.000
5337000.000
5240000.000
5309000.000
5458000.000
5572000.000
5289000.000
5165000.000
5252000.000
5061000.000
5155000.000
5134000.000
5234000.000
5272000.000
5408000.000
5354000.000
5434000.000
5536000.000
5503000.000
5497000.000
5431000.000
5330000.000
5268000.000
5209000.000
5087000.000
5229000.000
5251000.000
5174000.000
5298000.000
5311000.000
5257000.000
5311000.000
5187000.000
5392000.000
5298000.000
5243000.000
5296000.000
5094000.000
5156000.000
5106000.000
5018000.000
5117000.000
5103000.000
5000000.000
4868000.000
4830000.000
4763000.000
4877000.000
4730000.000
4899000.000
4846000.000
4960000.000
5045000.000
4951000.000
4900000.000
4985000.000
5020000.000
5063000.000
5007000.000
5146000.000
5056000.000
5040000.000
5066000.000
4935000.000
4908000.000
4853000.000
4637000.000
4705000.000
4685000.000
4743000.000
4829000.000
4894000.000
4892000.000
5033000.000
4956000.000
5085000.000
5112000.000
5113000.000
4877000.000
4944000.000
4957000.000
5009000.000
4812000.000
4974000.000
4962000.000
4970000.000
5023000.000
4976000.000
5023000.000
5088000.000
5044000.000
5015000.000
5063000.000
4991000.000
5102000.000
5059000.000
5129000.000
5153000.000
5075000.000
5021000.000
4911000.000
5045000.000
4924000.000
4899000.000
4862000.000
4748000.000
4713000.000
4836000.000
4815000.000
4716000.000
4620000.000
4688000.000
4737000.000
4851000.000
4889000.000
4901000.000
4899000.000
4935000.000
5041000.000
5012000.000
4833000.000
4899000.000
4908000.000
4885000.000
4896000.000
4907000.000
4915000.000
4910000.000
4903000.000
5066000.000
4917000.000
4946000.000
4882000.000
4882000.000
4848000.000
4898000.000
4913000.000
4815000.000
4893000.000
4994000.000
5077000.000
5104000.000
5209000.000
5245000.000
5436000.000
5478000.000
5545000.000
5471000.000
5425000.000
5562000.000
5457000.000
5573000.000
5513000.000
5524000.000
5570000.000
5378000.000
5284000.000
5252000.000
5186000.000
5270000.000
5292000.000
5307000.000
5467000.000
5425000.000
5433000.000
5561000.000
5552000.000
5578000.000
5449000.000
5527000.000
5552000.000
5400000.000
5389000.000
5315000.000
5305000.000
5270000.000
5250000.000
5248000.000
5199000.000
5143000.000
5030000.000
5120000.000
5069000.000
5142000.000
5187000.000
5157000.000
5254000.000
5281000.000
5361000.000
5403000.000
5405000.000
5443000.000
5407000.000
5430000.000
5443000.000
5561000.000
5504000.000
5492000.000
5512000.000
5460000.000
5323000.000
5345000.000
5342000.000
5392000.000
5308000.000
5363000.000
5424000.000
5433000.000
5391000.000
5434000.000
5316000.000
5106000.000
5179000.000
5294000.000
5173000.000
5255000.000
5358000.000
5463000.000
5430000.000
5432000.000
5480000.000
5517000.000
5544000.000
5354000.000
5388000.000
5164000.000
5165000.000
5231000.000
5133000.000
5261000.000
5235000.000
5272000.000
5319000.000
5236000.000
5270000.000
5301000.000
5439000.000
5241000.000
5267000.000
5129000.000
5151000.000
5199000.000
5139000.000
5087000.000
4918000.000
5021000.000
4841000.000
4839000.000
4821000.000
4800000.000
4868000.000
4807000.000
5034000.000
4957000.000
5044000.000
5037000.000
5051000.000
5031000.000
4922000.000
4965000.000
5060000.000
5010000.000
5006000.000
5154000.000
5056000.000
4972000.000
4948000.000
4776000.000
4691000.000
4704000.000
4633000.000
4749000.000
4804000.000
4879000.000
4927000.000
5102000.000
5074000.000
5029000.000
5068000.000
5059000.000
4942000.000
5029000.000
4757000.000
4850000.000
5018000.000
4941000.000
5035000.000
5070000.000
5036000.000
5044000.000
4960000.000
5097000.000
4945000.000
5019000.000
5060000.000
5077000.000
5074000.000
5095000.000
4988000.000
5022000.000
5047000.000
4912000.000
5040000.000
4947000.000
5098000.000
4907000.000
4898000.000
4867000.000
4925000.000
4811000.000
4837000.000
4871000.000
4883000.000
4851000.000
4919000.000
4930000.000
5030000.000
4973000.000
5015000.000
4979000.000
4807000.000
4853000.000
4920000.000
5025000.000
4929000.000
5025000.000
4969000.000
4793000.000
4960000.000
5052000.000
4921000.000
4956000.000
5037000.000
4945000.000
5053000.000
4939000.000
4930000.000
4903000.000
4931000.000
4968000.000
5029000.000
5059000.000
5302000.000
5255000.000
5284000.000
5394000.000
5429000.000
5430000.000
5443000.000
5453000.000
5513000.000
5380000.000
5389000.000
5395000.000
5442000.000
5403000.000
5333000.000
5312000.000
5102000.000
5245000.000
5418000.000
5365000.000
5404000.000
5461000.000
5539000.000
5603000.000
5500000.000
5518000.000
5589000.000
5506000.000
5496000.000
5420000.000
5433000.000
5330000.000
5434000.000
5368000.000
5228000.000
5184000.000
5282000.000
5065000.000
5064000.000
5090000.000
5130000.000
5069000.000
5157000.000
5239000.000
5263000.000
5261000.000
5282000.000
5394000.000
5507000.000
5498000.000
5445000.000
5545000.000
5542000.000
5541000.000
5587000.000
5589000.000
5452000.000
5415000.000
5297000.000
5309000.000
5318000.000
5450000.000
5256000.000
5441000.000
5340000.000
5453000.000
5335000.000
5270000.000
5217000.000
5121000.000
5024000.000
5215000.000
5109000.000
5214000.000
5249000.000
5298000.000
5429000.000
5409000.000
5447000.000
5395000.000
5277000.000
5315000.000
5203000.000
5182000.000
5233000.000
5103000.000
5161000.000
5212000.000
5233000.000
5271000.000
5288000.000
5190000.000
5407000.000
5395000.000
5104000.000
5179000.000
5193000.000
5249000.000
5031000.000
5108000.000
5153000.000
4951000.000
4986000.000
4944000.000
4912000.000
4868000.000
4794000.000
4843000.000
4878000.000
4886000.000
4866000.000
5088000.000
4975000.000
5035000.000
4954000.000
4917000.000
5063000.000
5041000.000
5039000.000
4891000.000
5079000.000
4980000.000
5070000.000
5092000.000
4963000.000
4834000.000
4857000.000
4848000.000
4701000.000
4916000.000
4808000.000
4825000.000
4987000.000
4999000.000
5094000.000
5018000.000
5009000.000
4987000.000
4926000.000
4848000.000
4985000.000
4886000.000
4883000.000
4906000.000
5075000.000
5023000.000
5044000.000
5017000.000
5079000.000
5033000.000
5065000.000
4988000.000
4978000.000
5093000.000
5118000.000
4981000.000
5016000.000
4954000.000
5063000.000
4988000.000
5055000.000
5058000.000
4883000.000
4989000.000
4920000.000
5008000.000
4917000.000
4910000.000
4823000.000
4920000.000
4883000.000
4945000.000
4809000.000
4897000.000
4921000.000
4912000.000
5038000.000
4982000.000
5029000.000
4967000.000
4938000.000
4921000.000
5097000.000
4884000.000
5059000.000
5054000.000
5002000.000
4906000.000
4983000.000
4977000.000
4939000.000
5011000.000
4967000.000
5011000.000
5092000.000
5005000.000
5074000.000
5111000.000
4975000.000
5060000.000
4970000.000
5133000.000
5255000.000
5292000.000
5333000.000
5259000.000
5375000.000
5423000.000
5387000.000
5341000.000
5300000.000
5270000.000
5321000.000
5306000.000
5316000.000
5345000.000
5290000.000
5266000.000
5242000.000
5329000.000
5344000.000
5350000.000
5414000.000
5475000.000
5571000.000
5599000.000
5580000.000
5569000.000
5564000.000
5637000.000
5514000.000
5554000.000
5459000.000
5548000.000
5310000.000
5332000.000
5204000.000
5204000.000
5140000.000
5101000.000
4992000.000
5113000.000
5068000.000
5138000.000
5157000.000
5234000.000
5128000.000
5228000.000
5344000.000
5334000.000
5424000.000
5334000.000
5504000.000
5601000.000
5450000.000
5588000.000
5511000.000
5380000.000
5353000.000
5327000.000
5291000.000
5317000.000
5316000.000
5363000.000
5429000.000
5421000.000
5418000.000
5390000.000
5335000.000
5230000.000
5239000.000
5110000.000
5178000.000
5108000.000
5080000.000
5007000.000
5006000.000
5318000.000
5350000.000
5255000.000
5198000.000
5219000.000
5391000.000
5179000.000
5216000.000
5237000.000
5067000.000
5130000.000
5108000.000
5182000.000
5123000.000
5207000.000
5265000.000
5315000.000
5248000.000
5185000.000
5165000.000
5184000.000
5215000.000
5079000.000
5190000.000
5082000.000
4996000.000
5020000.000
4985000.000
4935000.000
4992000.000
4920000.000
4849000.000
4795000.000
4895000.000
4848000.000
4957000.000
5038000.000
5035000.000
5042000.000
5032000.000
5084000.000
5048000.000
5037000.000
5088000.000
5195000.000
5103000.000
5099000.000
5150000.000
5118000.000
5071000.000
4976000.000
4876000.000
4957000.000
4842000.000
4835000.000
4904000.000
4807000.000
4943000.000
5077000.000
5037000.000
5066000.000
4895000.000
5093000.000
4912000.000
4898000.000
4970000.000
4876000.000
4891000.000
4990000.000
4918000.000
5017000.000
4947000.000
4937000.000
4931000.000
4999000.000
5055000.000
5079000.000
5087000.000
5108000.000
5117000.000
4895000.000
4914000.000
4880000.000
4922000.000
4979000.000
5022000.000
5007000.000
5009000.000
4960000.000
4916000.000
4918000.000
4868000.000
4826000.000
4843000.000
4923000.000
4841000.000
4921000.000
4951000.000
4887000.000
4981000.000
5004000.000
4991000.000
4942000.000
4919000.000
4863000.000
4978000.000
4972000.000
5082000.000
5107000.000
4914000.000
4940000.000
5118000.000
4878000.000
5074000.000
5037000.000
4945000.000
5099000.000
5000000.000
5069000.000
4939000.000
5003000.000
4996000.000
4934000.000
5178000.000
5258000.000
5237000.000
5264000.000
5285000.000
5430000.000
5324000.000
5377000.000
5386000.000
5405000.000
5304000.000
5365000.000
5320000.000
5365000.000
5411000.000
5349000.000
5204000.000
5285000.000
5261000.000
5324000.000
5315000.000
5472000.000
5477000.000
5530000.000
5623000.000
5591000.000
5556000.000
5553000.000
5487000.000
5633000.000
5543000.000
5564000.000
5565000.000
5413000.000
5273000.000
5240000.000
5157000.000
5119000.000
5156000.000
5043000.000
5235000.000
5115000.000
5065000.000
5185000.000
5059000.000
5131000.000
5285000.000
5270000.000
5279000.000
5519000.000
5381000.000
5443000.000
5515000.000
5473000.000
5576000.000
5660000.000
5610000.000
5429000.000
5376000.000
5182000.000
5185000.000
5222000.000
5323000.000
5413000.000
5332000.000
5539000.000
5448000.000
5522000.000
5429000.000
5275000.000
5064000.000
5133000.000
5126000.000
5065000.000
5050000.000
4970000.000
5087000.000
5149000.000
5034000.000
5073000.000
5187000.000
5355000.000
5272000.000
5321000.000
5228000.000
5209000.000
5174000.000
5086000.000
5087000.000
5133000.000
5135000.000
5304000.000
5146000.000
5210000.000
5095000.000
5216000.000
5189000.000
5055000.000
5140000.000
5136000.000
4969000.000
4931000.000
4909000.000
5018000.000
5029000.000
4951000.000
4903000.000
4920000.000
4905000.000
4814000.000
4864000.000
4938000.000
5084000.000
5140000.000
5036000.000
5138000.000
5106000.000
5162000.000
5122000.000
5102000.000
5169000.000
5128000.000
5224000.000
5243000.000
5207000.000
5114000.000
5052000.000
5069000.000
4987000.000
5108000.000
4954000.000
4882000.000
4961000.000
4952000.000
5042000.000
5030000.000
5108000.000
4963000.000
5048000.000
5017000.000
4890000.000
4901000.000
5064000.000
4946000.000
4916000.000
5074000.000
4930000.000
4932000.000
4919000.000
5055000.000
5003000.000
4917000.000
5080000.000
5103000.000
5196000.000
5034000.000
5045000.000
5116000.000
4936000.000
4814000.000
4827000.000
4919000.000
4860000.000
4934000.000
4939000.000
4883000.000
4908000.000
4910000.000
4961000.000
4959000.000
4965000.000
4923000.000
4935000.000
4981000.000
4944000.000
4963000.000
4980000.000
4994000.000
5029000.000
4966000.000
5000000.000
4993000.000
5033000.000
4981000.000
4965000.000
4999000.000
5023000.000
5001000.000
4991000.000
5073000.000
4973000.000
5156000.000
5022000.000
5054000.000
5133000.000
5258000.000
5132000.000
5115000.000
5073000.000
5034000.000
5014000.000
5029000.000
5141000.000
5216000.000
5289000.000
5231000.000
5160000.000
5340000.000
5320000.000
5252000.000
5276000.000
5334000.000
5310000.000
5336000.000
5433000.000
5312000.000
5274000.000
5318000.000
5223000.000
5245000.000
5325000.000
5221000.000
5396000.000
5497000.000
5550000.000
5631000.000
5613000.000
5673000.000
5565000.000
5634000.000
5689000.000
5562000.000
5549000.000
5567000.000
5407000.000
5390000.000
5269000.000
5056000.000
5006000.000
5070000.000
5096000.000
5144000.000
5069000.000
5103000.000
5084000.000
5105000.000
5021000.000
5124000.000
5129000.000
5199000.000
5339000.000
5241000.000
5431000.000
5415000.000
5498000.000
5531000.000
5661000.000
5539000.000
5361000.000
5329000.000
5332000.000
5349000.000
5198000.000
5251000.000
5450000.000
5408000.000
5436000.000
5530000.000
5543000.000
5400000.000
5414000.000
5311000.000
5260000.000
5207000.000
5216000.000
5043000.000
5059000.000
4861000.000
4852000.000
4906000.000
4826000.000
5099000.000
5177000.000
5110000.000
5181000.000
5171000.000
5219000.000
5190000.000
5119000.000
5111000.000
5088000.000
5080000.000
5144000.000
5129000.000
5176000.000
5261000.000
5185000.000
5174000.000
4915000.000
5019000.000
5014000.000
4878000.000
4944000.000
4940000.000
5065000.000
4848000.000
4950000.000
4814000.000
4831000.000
4830000.000
4846000.000
4939000.000
4850000.000
4969000.000
5100000.000
5053000.000
5080000.000
5070000.000
5000000.000
5083000.000
5038000.000
5107000.000
5253000.000
5192000.000
5244000.000
5256000.000
5208000.000
5130000.000
5071000.000
5132000.000
5007000.000
4936000.000
5032000.000
4909000.000
5089000.000
5062000.000
5069000.000
4984000.000
5016000.000
5090000.000
4986000.000
5036000.000
4911000.000
5078000.000
4898000.000
4917000.000
4855000.000
4918000.000
4927000.000
5000000.000
4944000.000
4951000.000
4943000.000
5030000.000
5060000.000
5112000.000
5091000.000
5046000.000
5152000.000
4879000.000
4865000.000
4941000.000
4985000.000
4883000.000
5055000.000
4953000.000
4983000.000
4862000.000
4771000.000
4896000.000
4915000.000
4972000.000
4902000.000
4955000.000
4928000.000
5002000.000
4989000.000
4880000.000
4999000.000
5002000.000
5056000.000
4984000.000
4982000.000
5080000.000
4960000.000
5041000.000
4955000.000
4892000.000
4994000.000
5101000.000
5036000.000
5039000.000
5183000.000
5121000.000
5042000.000
5118000.000
5146000.000
5223000.000
5037000.000
5097000.000
5047000.000
4999000.000
5072000.000
5126000.000
5274000.000
5212000.000
5366000.000
5251000.000
5348000.000
5347000.000
5305000.000
5318000.000
5330000.000
5319000.000
5203000.000
5275000.000
5297000.000
5206000.000
5227000.000
5276000.000
5324000.000
5406000.000
5330000.000
5486000.000
5614000.000
5677000.000
5598000.000
5635000.000
5604000.000
5625000.000
5723000.000
5600000.000
5625000.000
5475000.000
5403000.000
5201000.000
5080000.000
5080000.000
5043000.000
5111000.000
5048000.000
5002000.000
5127000.000
5171000.000
5190000.000
5168000.000
5063000.000
5155000.000
5121000.000
5291000.000
5283000.000
5313000.000
5380000.000
5389000.000
5574000.000
5640000.000
5631000.000
5540000.000
5535000.000
5349000.000
5267000.000
5229000.000
5278000.000
5174000.000
5310000.000
5444000.000
5381000.000
5491000.000
5474000.000
5510000.000
5422000.000
5354000.000
5229000.000
5181000.000
5237000.000
5124000.000
4898000.000
4956000.000
4832000.000
4750000.000
4823000.000
4993000.000
5064000.000
5033000.000
5105000.000
5080000.000
5108000.000
5142000.000
5185000.000
5047000.000
5178000.000
5051000.000
5087000.000
5170000.000
5235000.000
5143000.000
4976000.000
5092000.000
5079000.000
4998000.000
4928000.000
4935000.000
4899000.000
4907000.000
4945000.000
4909000.000
4791000.000
4930000.000
4908000.000
4830000.000
4829000.000
4753000.000
4870000.000
4890000.000
5103000.000
5076000.000
5189000.000
5195000.000
5088000.000
5072000.000
4998000.000
5054000.000
5154000.000
5214000.000
5273000.000
5150000.000
5201000.000
5162000.000
5127000.000
5029000.000
5104000.000
5022000.000
4986000.000
5168000.000
5104000.000
5128000.000
5013000.000
4955000.000
5046000.000
5165000.000
5012000.000
5072000.000
4930000.000
4934000.000
4974000.000
5001000.000
4989000.000
4997000.000
4875000.000
5053000.000
4903000.000
4974000.000
4997000.000
4978000.000
5066000.000
5016000.000
5030000.000
5112000.000
5067000.000
5006000.000
4881000.000
4787000.000
4842000.000
4795000.000
4902000.000
4979000.000
4935000.000
4886000.000
5021000.000
5032000.000
4874000.000
4921000.000
4896000.000
4989000.000
5120000.000
4891000.000
4988000.000
5032000.000
4916000.000
4991000.000
4953000.000
4930000.000
5110000.000
5128000.000
5112000.000
4981000.000
5073000.000
5007000.000
4909000.000
5032000.000
5037000.000
5009000.000
5052000.000
5028000.000
5055000.000
5033000.000
5075000.000
5073000.000
5105000.000
5067000.000
5055000.000
5059000.000
5115000.000
5151000.000
5221000.000
5190000.000
5157000.000
5195000.000
5167000.000
5326000.000
5185000.000
5189000.000
5291000.000
5207000.000
5288000.000
5304000.000
5280000.000
5332000.000
5240000.000
5277000.000
5408000.000
5197000.000
5278000.000
5138000.000
5345000.000
5476000.000
5646000.000
5681000.000
5826000.000
5800000.000
5787000.000
5670000.000
5640000.000
5681000.000
5505000.000
5354000.000
5323000.000
5316000.000
5179000.000
5132000.000
5094000.000
5061000.000
5079000.000
5301000.000
5250000.000
5214000.000
5255000.000
5126000.000
5176000.000
5101000.000
5100000.000
4992000.000
5055000.000
5103000.000
5381000.000
5339000.000
5550000.000
5593000.000
5482000.000
5561000.000
5456000.000
5199000.000
5134000.000
5236000.000
5157000.000
5202000.000
5192000.000
5270000.000
5453000.000
5478000.000
5471000.000
5573000.000
5372000.000
5343000.000
5421000.000
5313000.000
5335000.000
5139000.000
5037000.000
4978000.000
5000000.000
4844000.000
4849000.000
4688000.000
4838000.000
5021000.000
4972000.000
5005000.000
5069000.000
5080000.000
5074000.000
5078000.000
5131000.000
5072000.000
5144000.000
4946000.000
5082000.000
5114000.000
5074000.000
5090000.000
5106000.000
4987000.000
5025000.000
4911000.000
4910000.000
4859000.000
4859000.000
4887000.000
4935000.000
4766000.000
4792000.000
4871000.000
4908000.000
4905000.000
4874000.000
4934000.000
5182000.000
5199000.000
4990000.000
5069000.000
5139000.000
5092000.000
5063000.000
5226000.000
5220000.000
5179000.000
5030000.000
5038000.000
5106000.000
5040000.000
5121000.000
4982000.000
5085000.000
5134000.000
5025000.000
5128000.000
5083000.000
4950000.000
5045000.000
5007000.000
4929000.000
4958000.000
5073000.000
5121000.000
4971000.000
5032000.000
4952000.000
4902000.000
4955000.000
5117000.000
5008000.000
4882000.000
4963000.000
4901000.000
4975000.000
4948000.000
5081000.000
5049000.000
5121000.000
5046000.000
4936000.000
4915000.000
4915000.000
4822000.000
4930000.000
4982000.000
4780000.000
4885000.000
4874000.000
4928000.000
4908000.000
4894000.000
4901000.000
5009000.000
4886000.000
4948000.000
4945000.000
4990000.000
4962000.000
5103000.000
4991000.000
4958000.000
5065000.000
5087000.000
5127000.000
5142000.000
5022000.000
5052000.000
5014000.000
4953000.000
5080000.000
5076000.000
5149000.000
5117000.000
5219000.000
5191000.000
5066000.000
5050000.000
5029000.000
5151000.000
5083000.000
4974000.000
5207000.000
5083000.000
5046000.000
5115000.000
5112000.000
5080000.000
5124000.000
5190000.000
5192000.000
5219000.000
5228000.000
5172000.000
5046000.000
5246000.000
5223000.000
5383000.000
5344000.000
5331000.000
5310000.000
5286000.000
5245000.000
5310000.000
5439000.000
5584000.000
5667000.000
5730000.000
5720000.000
5784000.000
5835000.000
5625000.000
5674000.000
5687000.000
5580000.000
5454000.000
5323000.000
5243000.000
5036000.000
5060000.000
5127000.000
5154000.000
5326000.000
5431000.000
5428000.000
5289000.000
5367000.000
5295000.000
5235000.000
5204000.000
5013000.000
5114000.000
5103000.000
5297000.000
5425000.000
5446000.000
5382000.000
5455000.000
5485000.000
5366000.000
5333000.000
5291000.000
5364000.000
5122000.000
5149000.000
5107000.000
5299000.000
5338000.000
5375000.000
5427000.000
5398000.000
5368000.000
5201000.000
5335000.000
5283000.000
5289000.000
5180000.000
5238000.000
5175000.000
4999000.000
4898000.000
4867000.000
4917000.000
4859000.000
4896000.000
4964000.000
4995000.000
5078000.000
5018000.000
4981000.000
5130000.000
5006000.000
5009000.000
5110000.000
5039000.000
5035000.000
5038000.000
5124000.000
5067000.000
5060000.000
4961000.000
4899000.000
5012000.000
4882000.000
4803000.000
4919000.000
4911000.000
4950000.000
4868000.000
4810000.000
4829000.000
4793000.000
4803000.000
4828000.000
4933000.000
5042000.000
4972000.000
5181000.000
5094000.000
5247000.000
5125000.000
5132000.000
5007000.000
4999000.000
5057000.000
5117000.000
5022000.000
5099000.000
5083000.000
5081000.000
5031000.000
5072000.000
5099000.000
5190000.000
5138000.000
5202000.000
5075000.000
4937000.000
5177000.000
5002000.000
4972000.000
5039000.000
5055000.000
5078000.000
4996000.000
5076000.000
5079000.000
5078000.000
4960000.000
4986000.000
5051000.000
4957000.000
4912000.000
4904000.000
4905000.000
5048000.000
4994000.000
5016000.000
4978000.000
5009000.000
5068000.000
4964000.000
4880000.000
4890000.000
4948000.000
4948000.000
4993000.000
4897000.000
4910000.000
4875000.000
4895000.000
4858000.000
4872000.000
4922000.000
4934000.000
5049000.000
5074000.000
5029000.000
4953000.000
5044000.000
5019000.000
4970000.000
5044000.000
5047000.000
5201000.000
5193000.000
5186000.000
5048000.000
4981000.000
5099000.000
5112000.000
4951000.000
5024000.000
5114000.000
5144000.000
5211000.000
5158000.000
5144000.000
5194000.000
5061000.000
5043000.000
5120000.000
5014000.000
5047000.000
5089000.000
5145000.000
5158000.000
5072000.000
5122000.000
5079000.000
5063000.000
5076000.000
5157000.000
5165000.000
5202000.000
5141000.000
5129000.000
5265000.000
5304000.000
5374000.000
5399000.000
5396000.000
5270000.000
5355000.000
5371000.000
5350000.000
5524000.000
5463000.000
5705000.000
5764000.000
5809000.000
5775000.000
5781000.000
5641000.000
5734000.000
5659000.000
5639000.000
5478000.000
5318000.000
5071000.000
4974000.000
5137000.000
5120000.000
5144000.000
5284000.000
5496000.000
5518000.000
5470000.000
5384000.000
5349000.000
5181000.000
5155000.000
5265000.000
5091000.000
5179000.000
5226000.000
5250000.000
5525000.000
5511000.000
5585000.000
5474000.000
5416000.000
5356000.000
5272000.000
5250000.000
5170000.000
5104000.000
5211000.000
5184000.000
5413000.000
5398000.000
5451000.000
5442000.000
5376000.000
5447000.000
5332000.000
5465000.000
5174000.000
5305000.000
5220000.000
5081000.000
5089000.000
5094000.000
4865000.000
4861000.000
4879000.000
4938000.000
5007000.000
5044000.000
5030000.000
5081000.000
5004000.000
5080000.000
4980000.000
5106000.000
5106000.000
5038000.000
4984000.000
5159000.000
5180000.000
5130000.000
5045000.000
5081000.000
5046000.000
5038000.000
4882000.000
4997000.000
4978000.000
4800000.000
4899000.000
4920000.000
4913000.000
4913000.000
4815000.000
4842000.000
4850000.000
4911000.000
5008000.000
5142000.000
5124000.000
5161000.000
5105000.000
5175000.000
5124000.000
5084000.000
5112000.000
5097000.000
5139000.000
5103000.000
5080000.000
5196000.000
5123000.000
5183000.000
5073000.000
5082000.000
5149000.000
5187000.000
5201000.000
5225000.000
5159000.000
5030000.000
5134000.000
4986000.000
5034000.000
5052000.000
5062000.000
5051000.000
5106000.000
5019000.000
5064000.000
5153000.000
5047000.000
5017000.000
4973000.000
4910000.000
5019000.000
5048000.000
5020000.000
5038000.000
4974000.000
4988000.000
5042000.000
5098000.000
5057000.000
5046000.000
4983000.000
4979000.000
4937000.000
5020000.000
4888000.000
4936000.000
4867000.000
4875000.000
4874000.000
4892000.000
5052000.000
4996000.000
5161000.000
5135000.000
5006000.000
4938000.000
4925000.000
5030000.000
5121000.000
5142000.000
5218000.000
5112000.000
5133000.000
5127000.000
4996000.000
4968000.000
5014000.000
5133000.000
5121000.000
5173000.000
5198000.000
5152000.000
5200000.000
5137000.000
5118000.000
5139000.000
5027000.000
5045000.000
5199000.000
5141000.000
5216000.000
5197000.000
5196000.000
5081000.000
5095000.000
5151000.000
5060000.000
5259000.000
5088000.000
5120000.000
5087000.000
5291000.000
5298000.000
5239000.000
5335000.000
5304000.000
5293000.000
5258000.000
5357000.000
5339000.000
5360000.000
5442000.000
5585000.000
5556000.000
5694000.000
5700000.000
5850000.000
5740000.000
5775000.000
5660000.000
5518000.000
5490000.000
5438000.000
5284000.000
5132000.000
5085000.000
5083000.000
5166000.000
5359000.000
5378000.000
5470000.000
5681000.000
5592000.000
5475000.000
5349000.000
5247000.000
5160000.000
5137000.000
5121000.000
5222000.000
5097000.000
5224000.000
5331000.000
5413000.000
5387000.000
5554000.000
5462000.000
5305000.000
5271000.000
5389000.000
5209000.000
5169000.000
5231000.000
5376000.000
5413000.000
5279000.000
5447000.000
5357000.000
5433000.000
5337000.000
5347000.000
5447000.000
5268000.000
5400000.000
5337000.000
5299000.000
5273000.000
5025000.000
4932000.000
4887000.000
5049000.000
4967000.000
5022000.000
5068000.000
5036000.000
5018000.000
5012000.000
5031000.000
5109000.000
5083000.000
5039000.000
4947000.000
5088000.000
5257000.000
5162000.000
5242000.000
5109000.000
5115000.000
5087000.000
5150000.000
5084000.000
4957000.000
4984000.000
4884000.000
5025000.000
4908000.000
4937000.000
4812000.000
4935000.000
4890000.000
4969000.000
4962000.000
4989000.000
5129000.000
5140000.000
5198000.000
5131000.000
5134000.000
5128000.000
5078000.000
5134000.000
5069000.000
4991000.000
4979000.000
4949000.000
5077000.000
4977000.000
5073000.000
5183000.000
5118000.000
5084000.000
5183000.000
5069000.000
5146000.000
5175000.000
5037000.000
5123000.000
5062000.000
5131000.000
5070000.000
5121000.000
5110000.000
5144000.000
5097000.000
5143000.000
5046000.000
5070000.000
5181000.000
5098000.000
5119000.000
5049000.000
5159000.000
5079000.000
5040000.000
5043000.000
5059000.000
5082000.000
5086000.000
5019000.000
5023000.000
4996000.000
5026000.000
5052000.000
5081000.000
4985000.000
4913000.000
4809000.000
4915000.000
4772000.000
4814000.000
4890000.000
4966000.000
4937000.000
4992000.000
5089000.000
4995000.000
4909000.000
4865000.000
4850000.000
4969000.000
5169000.000
5214000.000
5108000.000
5163000.000
5172000.000
5056000.000
5057000.000
5067000.000
5030000.000
5162000.000
5221000.000
5162000.000
5257000.000
5191000.000
5213000.000
5146000.000
5144000.000
5186000.000
5102000.000
5112000.000
5176000.000
5168000.000
5145000.000
5149000.000
5075000.000
5019000.000
5077000.000
5000000.000
5135000.000
5106000.000
5203000.000
5185000.000
5275000.000
5230000.000
5215000.000
5226000.000
5286000.000
5381000.000
5413000.000
5353000.000
5322000.000
5382000.000
5302000.000
5423000.000
5491000.000
5610000.000
5605000.000
5567000.000
5630000.000
5570000.000
5496000.000
5470000.000
5341000.000
5325000.000
5119000.000
5319000.000
5132000.000
5137000.000
5031000.000
5345000.000
5344000.000
5490000.000
5612000.000
5551000.000
5605000.000
5321000.000
5197000.000
5178000.000
5153000.000
5124000.000
5135000.000
5095000.000
5248000.000
5205000.000
5224000.000
5332000.000
5469000.000
5398000.000
5334000.000
5349000.000
5251000.000
5310000.000
5151000.000
5262000.000
5263000.000
5289000.000
5246000.000
5337000.000
5478000.000
5461000.000
5464000.000
5340000.000
5342000.000
5451000.000
5316000.000
5245000.000
5394000.000
5134000.000
5165000.000
5264000.000
5035000.000
5080000.000
5033000.000
5025000.000
4979000.000
5033000.000
5189000.000
5080000.000
5055000.000
4996000.000
4967000.000
5102000.000
5075000.000
5048000.000
5206000.000
5106000.000
5308000.000
5239000.000
5310000.000
5123000.000
5194000.000
5093000.000
5086000.000
5146000.000
4949000.000
5056000.000
5001000.000
5005000.000
5030000.000
4911000.000
4947000.000
4951000.000
4939000.000
4960000.000
4958000.000
5032000.000
5042000.000
5131000.000
5112000.000
5086000.000
5064000.000
5110000.000
5017000.000
4975000.000
5004000.000
5057000.000
4907000.000
5034000.000
4971000.000
5069000.000
5034000.000
5185000.000
5126000.000
5161000.000
5217000.000
5278000.000
5079000.000
5212000.000
5217000.000
5262000.000
5153000.000
5147000.000
5236000.000
5181000.000
5149000.000
5029000.000
5060000.000
5094000.000
5080000.000
5199000.000
5185000.000
5218000.000
5225000.000
5133000.000
5066000.000
5013000.000
5017000.000
4994000.000
5030000.000
5014000.000
5121000.000
5022000.000
5010000.000
5125000.000
5084000.000
4978000.000
4961000.000
4960000.000
4888000.000
4907000.000
4922000.000
4909000.000
4928000.000
4938000.000
5037000.000
5074000.000
4963000.000
4796000.000
4991000.000
4992000.000
5009000.000
5134000.000
5200000.000
5147000.000
5184000.000
5091000.000
5121000.000
5080000.000
5143000.000
5173000.000
5183000.000
5222000.000
5368000.000
5342000.000
5294000.000
5269000.000
5101000.000
5146000.000
5026000.000
5118000.000
5064000.000
5178000.000
5077000.000
5143000.000
5184000.000
5061000.000
5138000.000
5075000.000
5101000.000
5175000.000
5244000.000
5183000.000
5198000.000
5149000.000
5371000.000
5241000.000
5238000.000
5315000.000
5375000.000
5318000.000
5317000.000
5255000.000
5399000.000
5400000.000
5387000.000
5601000.000
5567000.000
5558000.000
5451000.000
5424000.000
5421000.000
5388000.000
5354000.000
5271000.000
5210000.000
5120000.000
5133000.000
5077000.000
5075000.000
5273000.000
5339000.000
5447000.000
5568000.000
5587000.000
5404000.000
5505000.000
5472000.000
5220000.000
5183000.000
5118000.000
5019000.000
5145000.000
5026000.000
5076000.000
5234000.000
5152000.000
5349000.000
5298000.000
5279000.000
5236000.000
5390000.000
5168000.000
5261000.000
5220000.000
5223000.000
5175000.000
5341000.000
5421000.000
5328000.000
5443000.000
5329000.000
5235000.000
5316000.000
5302000.000
5335000.000
5356000.000
5204000.000
5269000.000
5126000.000
5171000.000
5034000.000
5032000.000
5047000.000
5035000.000
5027000.000
5063000.000
4908000.000
5065000.000
5029000.000
5068000.000
5165000.000
5130000.000
5117000.000
5202000.000
5155000.000
5229000.000
5208000.000
5299000.000
5253000.000
5299000.000
5207000.000
5260000.000
5143000.000
5084000.000
5049000.000
5136000.000
4979000.000
5143000.000
4984000.000
4956000.000
5028000.000
4822000.000
4954000.000
5082000.000
5131000.000
5067000.000
5125000.000
5073000.000
5105000.000
4958000.000
5006000.000
4987000.000
5109000.000
5046000.000
5014000.000
4941000.000
5019000.000
4972000.000
4891000.000
4965000.000
4988000.000
5104000.000
5122000.000
5164000.000
5208000.000
5262000.000
5330000.000
5134000.000
5200000.000
5288000.000
5287000.000
5306000.000
5202000.000
5101000.000
5269000.000
5083000.000
5061000.000
5146000.000
5082000.000
5181000.000
5181000.000
5275000.000
5174000.000
5219000.000
5324000.000
5093000.000
5145000.000
5103000.000
5003000.000
4992000.000
4946000.000
4978000.000
5065000.000
5093000.000
5097000.000
5018000.000
4939000.000
5001000.000
4997000.000
5010000.000
4950000.000
4839000.000
4982000.000
5016000.000
4957000.000
4966000.000
4967000.000
4962000.000
4903000.000
4902000.000
5016000.000
4912000.000
5006000.000
5129000.000
5269000.000
5102000.000
5191000.000
5147000.000
5176000.000
5087000.000
5054000.000
5149000.000
5198000.000
5256000.000
5296000.000
5344000.000
5412000.000
5328000.000
5250000.000
5209000.000
5161000.000
5174000.000
5099000.000
5293000.000
5091000.000
5171000.000
5074000.000
5069000.000
5055000.000
5086000.000
5041000.000
5215000.000
5205000.000
5162000.000
5308000.000
5298000.000
5251000.000
5299000.000
5302000.000
5357000.000
5325000.000
5411000.000
5236000.000
5343000.000
5464000.000
5433000.000
5440000.000
5425000.000
5501000.000
5343000.000
5390000.000
5195000.000
5174000.000
5243000.000
5255000.000
5251000.000
5159000.000
5126000.000
5091000.000
5240000.000
5157000.000
5291000.000
5402000.000
5539000.000
5476000.000
5426000.000
5403000.000
5374000.000
5133000.000
5120000.000
5023000.000
5130000.000
4889000.000
5128000.000
5126000.000
5243000.000
5212000.000
5259000.000
5218000.000
5097000.000
5323000.000
5178000.000
5234000.000
5258000.000
5219000.000
5191000.000
5210000.000
5289000.000
5252000.000
5414000.000
5336000.000
5285000.000
5417000.000
5368000.000
5393000.000
5228000.000
5185000.000
5247000.000
5340000.000
5289000.000
5231000.000
5194000.000
5023000.000
5008000.000
5123000.000
5044000.000
4989000.000
4938000.000
5102000.000
5044000.000
5153000.000
5115000.000
5294000.000
5210000.000
5214000.000
5276000.000
5311000.000
5211000.000
5200000.000
5301000.000
5280000.000
5197000.000
5239000.000
5198000.000
5235000.000
5280000.000
5225000.000
5201000.000
5193000.000
5059000.000
5072000.000
4983000.000
4985000.000
4983000.000
5126000.000
5101000.000
5202000.000
5018000.000
5127000.000
5195000.000
5079000.000
4975000.000
5067000.000
5069000.000
4950000.000
4848000.000
4909000.000
4926000.000
4961000.000
4934000.000
4864000.000
5031000.000
5098000.000
5112000.000
5256000.000
5274000.000
5333000.000
5313000.000
5387000.000
5228000.000
5383000.000
5434000.000
5390000.000
5238000.000
5228000.000
5297000.000
5194000.000
5137000.000
5146000.000
5101000.000
5169000.000
5236000.000
5276000.000
5230000.000
5311000.000
5378000.000
5313000.000
5255000.000
5110000.000
5005000.000
5093000.000
5006000.000
5024000.000
5101000.000
4985000.000
5050000.000
4982000.000
5036000.000
4985000.000
4917000.000
4820000.000
4867000.000
4872000.000
4918000.000
4897000.000
5043000.000
4938000.000
5065000.000
5089000.000
4963000.000
4945000.000
4956000.000
5075000.000
5079000.000
5211000.000
5200000.000
5174000.000
5105000.000
5020000.000
5052000.000
5087000.000
5080000.000
5111000.000
5241000.000
5484000.000
5392000.000
5349000.000
5371000.000
5300000.000
5281000.000
5251000.000
5085000.000
5166000.000
5117000.000
5115000.000
5106000.000
5077000.000
5151000.000
5029000.000
5027000.000
5120000.000
5204000.000
5303000.000
5220000.000
5410000.000
5282000.000
5393000.000
5265000.000
5300000.000
5307000.000
5167000.000
5276000.000
5319000.000
5412000.000
5369000.000
5491000.000
5502000.000
5426000.000
5414000.000
5420000.000
5263000.000
5390000.000
5224000.000
5212000.000
5097000.000
5206000.000
5098000.000
5151000.000
5043000.000
5146000.000
5178000.000
5191000.000
5422000.000
5535000.000
5445000.000
5408000.000
5418000.000
5247000.000
5279000.000
5078000.000
4990000.000
5096000.000
5071000.000
5033000.000
5122000.000
5171000.000
5168000.000
5064000.000
5206000.000
5261000.000
5248000.000
5261000.000
5130000.000
5140000.000
5169000.000
5322000.000
5191000.000
5286000.000
5346000.000
5399000.000
5367000.000
5340000.000
5413000.000
5254000.000
5192000.000
5330000.000
5291000.000
5204000.000
5178000.000
5238000.000
5234000.000
5182000.000
5245000.000
4959000.000
5072000.000
5117000.000
4873000.000
5049000.000
5035000.000
5003000.000
5100000.000
5225000.000
5160000.000
5176000.000
5272000.000
5339000.000
5305000.000
5391000.000
5398000.000
5207000.000
5224000.000
5221000.000
5260000.000
5253000.000
5343000.000
5246000.000
5250000.000
5149000.000
5101000.000
5232000.000
5057000.000
5060000.000
4948000.000
5102000.000
5056000.000
5212000.000
5056000.000
5074000.000
5126000.000
5073000.000
5098000.000
4902000.000
4998000.000
5098000.000
4918000.000
4980000.000
4989000.000
5030000.000
4930000.000
4949000.000
4905000.000
5081000.000
5082000.000
5270000.000
5250000.000
5178000.000
5407000.000
5288000.000
5455000.000
5353000.000
5533000.000
5437000.000
5498000.000
5302000.000
5401000.000
5229000.000
5299000.000
5205000.000
5183000.000
5162000.000
5164000.000
5266000.000
5390000.000
5308000.000
5465000.000
5284000.000
5300000.000
5136000.000
5177000.000
5063000.000
5107000.000
4908000.000
4893000.000
5010000.000
5005000.000
4958000.000
4943000.000
5115000.000
5056000.000
4969000.000
4912000.000
4959000.000
4828000.000
4905000.000
4956000.000
4951000.000
4968000.000
4933000.000
4968000.000
4932000.000
5003000.000
4894000.000
5042000.000
5079000.000
5137000.000
5118000.000
5207000.000
5200000.000
5234000.000
5004000.000
5163000.000
5048000.000
5096000.000
5001000.000
5163000.000
5122000.000
5395000.000
5366000.000
5430000.000
5408000.000
5399000.000
5343000.000
5314000.000
5216000.000
5094000.000
5164000.000
5019000.000
5105000.000
5055000.000
5134000.000
5095000.000
5174000.000
5281000.000
5234000.000
5365000.000
5295000.000
5400000.000
5294000.000
5270000.000
5218000.000
5073000.000
5094000.000
5242000.000
5369000.000
5249000.000
5335000.000
5215000.000
5450000.000
5503000.000
5308000.000
5268000.000
5243000.000
5205000.000
5263000.000
5172000.000
4944000.000
5028000.000
5050000.000
5108000.000
5061000.000
5147000.000
5141000.000
5110000.000
5241000.000
5353000.000
5332000.000
5397000.000
5332000.000
5299000.000
5337000.000
5248000.000
5036000.000
4977000.000
5078000.000
4924000.000
5082000.000
5076000.000
5160000.000
5213000.000
5172000.000
5082000.000
5100000.000
5178000.000
5174000.000
5024000.000
5104000.000
5109000.000
5136000.000
5186000.000
5141000.000
5240000.000
5180000.000
5286000.000
5367000.000
5249000.000
5320000.000
5258000.000
5208000.000
5144000.000
5179000.000
5236000.000
5138000.000
5135000.000
5100000.000
5120000.000
5073000.000
5056000.000
5087000.000
4969000.000
5002000.000
5098000.000
5065000.000
5394000.000
5368000.000
5289000.000
5335000.000
5362000.000
5389000.000
5258000.000
5264000.000
5286000.000
5229000.000
5230000.000
5292000.000
5409000.000
5284000.000
5205000.000
5201000.000
5221000.000
5169000.000
5179000.000
5070000.000
5030000.000
4957000.000
5011000.000
5039000.000
5046000.000
5143000.000
5154000.000
5153000.000
5153000.000
5105000.000
4932000.000
4995000.000
5068000.000
4867000.000
5005000.000
4896000.000
4967000.000
4976000.000
4926000.000
4902000.000
4930000.000
5131000.000
5240000.000
5363000.000
5194000.000
5358000.000
5323000.000
5435000.000
5477000.000
5504000.000
5526000.000
5520000.000
5354000.000
5293000.000
5343000.000
5264000.000
5315000.000
5306000.000
5199000.000
5197000.000
5218000.000
5342000.000
5413000.000
5375000.000
5434000.000
5303000.000
5433000.000
5257000.000
5109000.000
5021000.000
4914000.000
4852000.000
4960000.000
5035000.000
4991000.000
5041000.000
4973000.000
4926000.000
4866000.000
4810000.000
4813000.000
4885000.000
4795000.000
4878000.000
4833000.000
4981000.000
5102000.000
5074000.000
5081000.000
5026000.000
4948000.000
5068000.000
5162000.000
5118000.000
5300000.000
5246000.000
5274000.000
5137000.000
5173000.000
5205000.000
5190000.000
5215000.000
5139000.000
5322000.000
5381000.000
5420000.000
5458000.000
5463000.000
5502000.000
5386000.000
5409000.000
5224000.000
5205000.000
5026000.000
5037000.000
4945000.000
5012000.000
5216000.000
5211000.000
5304000.000
5385000.000
5428000.000
5377000.000
5363000.000
5418000.000
5326000.000
5333000.000
5267000.000
5171000.000
5135000.000
5207000.000
5266000.000
5300000.000
5318000.000
5234000.000
5422000.000
5201000.000
5345000.000
5199000.000
5140000.000
5031000.000
5007000.000
5070000.000
4874000.000
4992000.000
5008000.000
4984000.000
5113000.000
5017000.000
5200000.000
5142000.000
5262000.000
5314000.000
5318000.000
5307000.000
5451000.000
5482000.000
5241000.000
5235000.000
5214000.000
5186000.000
5083000.000
5041000.000
5027000.000
5185000.000
5135000.000
5266000.000
5226000.000
5226000.000
5083000.000
5166000.000
5081000.000
5043000.000
5045000.000
5059000.000
5136000.000
5310000.000
5206000.000
5126000.000
5254000.000
5313000.000
5255000.000
5248000.000
5155000.000
5102000.000
5169000.000
5090000.000
5161000.000
5099000.000
5164000.000
5072000.000
5155000.000
5081000.000
5046000.000
4955000.000
4960000.000
5134000.000
5111000.000
5157000.000
5346000.000
5299000.000
5408000.000
5467000.000
5566000.000
5386000.000
5359000.000
5333000.000
5369000.000
5162000.000
5225000.000
5098000.000
5249000.000
5233000.000
5381000.000
5225000.000
5141000.000
5361000.000
5237000.000
5176000.000
4965000.000
5002000.000
4937000.000
5059000.000
5039000.000
5000000.000
5049000.000
5154000.000
5234000.000
5037000.000
4981000.000
5021000.000
5016000.000
4951000.000
5000000.000
4946000.000
4988000.000
4896000.000
4788000.000
4913000.000
4969000.000
5010000.000
5025000.000
5212000.000
5205000.000
5350000.000
5445000.000
5475000.000
5584000.000
5641000.000
5591000.000
5563000.000
5580000.000
5502000.000
5495000.000
5525000.000
5387000.000
5248000.000
5104000.000
5276000.000
5182000.000
5213000.000
5242000.000
5444000.000
5358000.000
5481000.000
5376000.000
5396000.000
5207000.000
5133000.000
4962000.000
4929000.000
4870000.000
4781000.000
4996000.000
5022000.000
4889000.000
4980000.000
4845000.000
4922000.000
5003000.000
4951000.000
5032000.000
5034000.000
4924000.000
4910000.000
4899000.000
4924000.000
5031000.000
4987000.000
5004000.000
5101000.000
5039000.000
5045000.000
5116000.000
5179000.000
5199000.000
5165000.000
5224000.000
5158000.000
5157000.000
5114000.000
5095000.000
5000000.000
5212000.000
5145000.000
5397000.000
5492000.000
5345000.000
5502000.000
5451000.000
5556000.000
5336000.000
5316000.000
5241000.000
4963000.000
5035000.000
5051000.000
4910000.000
5099000.000
5166000.000
5145000.000
5278000.000
5347000.000
5368000.000
5362000.000
5481000.000
5447000.000
5388000.000
5289000.000
5177000.000
5229000.000
5193000.000
5167000.000
5190000.000
5219000.000
5165000.000
5229000.000
5209000.000
5395000.000
5267000.000
5248000.000
5074000.000
4993000.000
4978000.000
4913000.000
5032000.000
5101000.000
5015000.000
5140000.000
5065000.000
5052000.000
5180000.000
5191000.000
5315000.000
5399000.000
5371000.000
5368000.000
5391000.000
5387000.000
5340000.000
5334000.000
5316000.000
5219000.000
5204000.000
5151000.000
5235000.000
5112000.000
5135000.000
5121000.000
5198000.000
5076000.000
5135000.000
5140000.000
5206000.000
5128000.000
5096000.000
5224000.000
5201000.000
5099000.000
5136000.000
5132000.000
5161000.000
5192000.000
5264000.000
5252000.000
5217000.000
5243000.000
5135000.000
5167000.000
5201000.000
5092000.000
5061000.000
5107000.000
5260000.000
5096000.000
5076000.000
4996000.000
5014000.000
5129000.000
5099000.000
5229000.000
5123000.000
5423000.000
5508000.000
5585000.000
5512000.000
5412000.000
5420000.000
5264000.000
5204000.000
5136000.000
5224000.000
5291000.000
5270000.000
5264000.000
5353000.000
5216000.000
5253000.000
5179000.000
5172000.000
5160000.000
5050000.000
5010000.000
5036000.000
4910000.000
4835000.000
5085000.000
5046000.000
5111000.000
5151000.000
5051000.000
5003000.000
4922000.000
4966000.000
4948000.000
5032000.000
4957000.000
5017000.000
5042000.000
5035000.000
4955000.000
4941000.000
5190000.000
5087000.000
5223000.000
5462000.000
5289000.000
5454000.000
5466000.000
5524000.000
5584000.000
5590000.000
5545000.000
5595000.000
5368000.000
5501000.000
5415000.000
5379000.000
5377000.000
5336000.000
5280000.000
5254000.000
5300000.000
5454000.000
5382000.000
5410000.000
5443000.000
5386000.000
5315000.000
5359000.000
5147000.000
5030000.000
4918000.000
4925000.000
5024000.000
4930000.000
4867000.000
4887000.000
4980000.000
4882000.000
4981000.000
4893000.000
4804000.000
4928000.000
4898000.000
4948000.000
4988000.000
4940000.000
5126000.000
5169000.000
5071000.000
5092000.000
5230000.000
5153000.000
5109000.000
5260000.000
5249000.000
5247000.000
5228000.000
5185000.000
5211000.000
5197000.000
5062000.000
5196000.000
5241000.000
5218000.000
5353000.000
5379000.000
5422000.000
5417000.000
5402000.000
5340000.000
5144000.000
4958000.000
4809000.000
4915000.000
4890000.000
4905000.000
4979000.000
5242000.000
5253000.000
5465000.000
5495000.000
5442000.000
5583000.000
5461000.000
5467000.000
5307000.000
5299000.000
5292000.000
5052000.000
5178000.000
5073000.000
5195000.000
5146000.000
5090000.000
5180000.000
5272000.000
5129000.000
5177000.000
5049000.000
5067000.000
5038000.000
4999000.000
4895000.000
4963000.000
4897000.000
4914000.000
5103000.000
4945000.000
5094000.000
5117000.000
5169000.000
5268000.000
5308000.000
5400000.000
5353000.000
5371000.000
5438000.000
5463000.000
5315000.000
5229000.000
5238000.000
5252000.000
5168000.000
5198000.000
5129000.000
5221000.000
5213000.000
5205000.000
5251000.000
5169000.000
5109000.000
5093000.000
5082000.000
5224000.000
5204000.000
5101000.000
5167000.000
5136000.000
5116000.000
5171000.000
5301000.000
5260000.000
5294000.000
5212000.000
5282000.000
5080000.000
5145000.000
5061000.000
5023000.000
5096000.000
5213000.000
5189000.000
5061000.000
5085000.000
5084000.000
5118000.000
5286000.000
5318000.000
5328000.000
5361000.000
5368000.000
5569000.000
5477000.000
5483000.000
5322000.000
5291000.000
5300000.000
5298000.000
5100000.000
5276000.000
5237000.000
5209000.000
5292000.000
5278000.000
5270000.000
5184000.000
5206000.000
5064000.000
5082000.000
5047000.000
4883000.000
4924000.000
4864000.000
5048000.000
4969000.000
5089000.000
5047000.000
5176000.000
5080000.000
5080000.000
5033000.000
5034000.000
5075000.000
5121000.000
4983000.000
5104000.000
5088000.000
5058000.000
5025000.000
5125000.000
5017000.000
5118000.000
5224000.000
5310000.000
5439000.000
5315000.000
5507000.000
5497000.000
5554000.000
5542000.000
5491000.000
5476000.000
5514000.000
5480000.000
5443000.000
5456000.000
5352000.000
5315000.000
5223000.000
5236000.000
5250000.000
5286000.000
5393000.000
5452000.000
5355000.000
5370000.000
5335000.000
5255000.000
5239000.000
5020000.000
4962000.000
4962000.000
4949000.000
4922000.000
4960000.000
5003000.000
4978000.000
4986000.000
4900000.000
4928000.000
4928000.000
4823000.000
4821000.000
4827000.000
4730000.000
5052000.000
4977000.000
5097000.000
5069000.000
5158000.000
5198000.000
5073000.000
5153000.000
5176000.000
5212000.000
5296000.000
5306000.000
5246000.000
5268000.000
5212000.000
5054000.000
5114000.000
5254000.000
5145000.000
5174000.000
5235000.000
5316000.000
5292000.000
5225000.000
5304000.000
5232000.000
5202000.000
5129000.000
5019000.000
4881000.000
4663000.000
4750000.000
4864000.000
5030000.000
5163000.000
5210000.000
5362000.000
5525000.000
5541000.000
5576000.000
5522000.000
5477000.000
5390000.000
5180000.000
5204000.000
5028000.000
5129000.000
5161000.000
5185000.000
5113000.000
5062000.000
5194000.000
5097000.000
5064000.000
5107000.000
5051000.000
4990000.000
5062000.000
4931000.000
5074000.000
4911000.000
4940000.000
4949000.000
5092000.000
5065000.000
5012000.000
5213000.000
5235000.000
5296000.000
5262000.000
5360000.000
5438000.000
5422000.000
5416000.000
5382000.000
5340000.000
5276000.000
5345000.000
5237000.000
5198000.000
5099000.000
5120000.000
5215000.000
5170000.000
5137000.000
5245000.000
5090000.000
5089000.000
5071000.000
5139000.000
5200000.000
5198000.000
5023000.000
5234000.000
5142000.000
5101000.000
5169000.000
5167000.000
5166000.000
5102000.000
5152000.000
5138000.000
5091000.000
5029000.000
5119000.000
5064000.000
4986000.000
5154000.000
5052000.000
5127000.000
5042000.000
5106000.000
5025000.000
5281000.000
5233000.000
5414000.000
5444000.000
5477000.000
5477000.000
5494000.000
5436000.000
5332000.000
5276000.000
5103000.000
5135000.000
5211000.000
5172000.000
5223000.000
5423000.000
5273000.000
5364000.000
5230000.000
5251000.000
5201000.000
5075000.000
5088000.000
4985000.000
4788000.000
4846000.000
4896000.000
4937000.000
4886000.000
5043000.000
5087000.000
5060000.000
5044000.000
4916000.000
5067000.000
5015000.000
5043000.000
5093000.000
5077000.000
4957000.000
5028000.000
5006000.000
5158000.000
5134000.000
5211000.000
5125000.000
5384000.000
5354000.000
5386000.000
5558000.000
5537000.000
5379000.000
5492000.000
5373000.000
5475000.000
5472000.000
5424000.000
5462000.000
5356000.000
5291000.000
5394000.000
5362000.000
5317000.000
5261000.000
5332000.000
5300000.000
5320000.000
5332000.000
5299000.000
5371000.000
5221000.000
5275000.000
5094000.000
4959000.000
4981000.000
4954000.000
4940000.000
4924000.000
5019000.000
4988000.000
4947000.000
4975000.000
4838000.000
4831000.000
4699000.000
4819000.000
4822000.000
4965000.000
4974000.000
5022000.000
5112000.000
5139000.000
5182000.000
5198000.000
5229000.000
5238000.000
5246000.000
5261000.000
5358000.000
5325000.000
5372000.000
5226000.000
5217000.000
5120000.000
5218000.000
5100000.000
5141000.000
5218000.000
5210000.000
5217000.000
5224000.000
5148000.000
5046000.000
4895000.000
4971000.000
4624000.000
4618000.000
4519000.000
4465000.000
4790000.000
4968000.000
5171000.000
5337000.000
5417000.000
5605000.000
5381000.000
5449000.000
5414000.000
5314000.000
5421000.000
5313000.000
5181000.000
5088000.000
5015000.000
5129000.000
5106000.000
5152000.000
5231000.000
5070000.000
5000000.000
5053000.000
4956000.000
4948000.000
4940000.000
4971000.000
4942000.000
5008000.000
4942000.000
4937000.000
4987000.000
5048000.000
5099000.000
5272000.000
5215000.000
5278000.000
5340000.000
5253000.000
5384000.000
5489000.000
5344000.000
5382000.000
5425000.000
5425000.000
5298000.000
5382000.000
5173000.000
5339000.000
5247000.000
5304000.000
5357000.000
5236000.000
5232000.000
5162000.000
5166000.000
5164000.000
5110000.000
5199000.000
5099000.000
5117000.000
5159000.000
5145000.000
5238000.000
5236000.000
5320000.000
5063000.000
5319000.000
5296000.000
5279000.000
5084000.000
5094000.000
5149000.000
5052000.000
5013000.000
5036000.000
4919000.000
5192000.000
5181000.000
5181000.000
5243000.000
5145000.000
5248000.000
5254000.000
5320000.000
5432000.000
5459000.000
5445000.000
5413000.000
5308000.000
5298000.000
5118000.000
5014000.000
5017000.000
5042000.000
5128000.000
5080000.000
5079000.000
5267000.000
5226000.000
5130000.000
5265000.000
5183000.000
5021000.000
4977000.000
4961000.000
4914000.000
4845000.000
4896000.000
4976000.000
4935000.000
5042000.000
5138000.000
5082000.000
5168000.000
5068000.000
5036000.000
5013000.000
5037000.000
5153000.000
5234000.000
5117000.000
5094000.000
5091000.000
5098000.000
5238000.000
5198000.000
5226000.000
5297000.000
5316000.000
5349000.000
5348000.000
5364000.000
5471000.000
5389000.000
5285000.000
5336000.000
5397000.000
5343000.000
5266000.000
5311000.000
5245000.000
5248000.000
5348000.000
5230000.000
5265000.000
5259000.000
5357000.000
5382000.000
5350000.000
5288000.000
5361000.000
5303000.000
5196000.000
5094000.000
5102000.000
5035000.000
4917000.000
4899000.000
5053000.000
4990000.000
5064000.000
5025000.000
5004000.000
4953000.000
4815000.000
4836000.000
4809000.000
4832000.000
4992000.000
4977000.000
5073000.000
5034000.000
5104000.000
5150000.000
5133000.000
5092000.000
5141000.000
5173000.000
5167000.000
5271000.000
5220000.000
5383000.000
5280000.000
5185000.000
5170000.000
5102000.000
5165000.000
5096000.000
5084000.000
5060000.000
5127000.000
4942000.000
5013000.000
5123000.000
5010000.000
4898000.000
4613000.000
4404000.000
4269000.000
4296000.000
4345000.000
4651000.000
4723000.000
5108000.000
5440000.000
5421000.000
5636000.000
5577000.000
5525000.000
5531000.000
5491000.000
5388000.000
5309000.000
5196000.000
5122000.000
5103000.000
5087000.000
5128000.000
5084000.000
5099000.000
5049000.000
4995000.000
4984000.000
5031000.000
4980000.000
4892000.000
4967000.000
5020000.000
4881000.000
4896000.000
4924000.000
4896000.000
5036000.000
4995000.000
5060000.000
5123000.000
5159000.000
5275000.000
5234000.000
5295000.000
5385000.000
5315000.000
5410000.000
5389000.000
5409000.000
5421000.000
5376000.000
5224000.000
5314000.000
5239000.000
5183000.000
5192000.000
5261000.000
5292000.000
5216000.000
5308000.000
5283000.000
5225000.000
5128000.000
5198000.000
5064000.000
5106000.000
5135000.000
5210000.000
5107000.000
5202000.000
5320000.000
5202000.000
5352000.000
5266000.000
5242000.000
5109000.000
5138000.000
4944000.000
5006000.000
5029000.000
5131000.000
5143000.000
5139000.000
5025000.000
5118000.000
5124000.000
5213000.000
5268000.000
5309000.000
5449000.000
5337000.000
5218000.000
5176000.000
5153000.000
5142000.000
5143000.000
5028000.000
4924000.000
4905000.000
4908000.000
4969000.000
5002000.000
5111000.000
5205000.000
5161000.000
5217000.000
5006000.000
5105000.000
5085000.000
5013000.000
4886000.000
4760000.000
4883000.000
4893000.000
4806000.000
4861000.000
4935000.000
4995000.000
5061000.000
5025000.000
5151000.000
5231000.000
5111000.000
5287000.000
5217000.000
5207000.000
5150000.000
5295000.000
5091000.000
5029000.000
5191000.000
5124000.000
5266000.000
5345000.000
5329000.000
5376000.000
5382000.000
5424000.000
5278000.000
5303000.000
5341000.000
5142000.000
5143000.000
5230000.000
5335000.000
5304000.000
5294000.000
5244000.000
5159000.000
5122000.000
5313000.000
5314000.000
5235000.000
5217000.000
5318000.000
5235000.000
5203000.000
5215000.000
5050000.000
5123000.000
5031000.000
5007000.000
4892000.000
5067000.000
5007000.000
4976000.000
4963000.000
5004000.000
4911000.000
4838000.000
4939000.000
4799000.000
4907000.000
4946000.000
4973000.000
5009000.000
4988000.000
5068000.000
5038000.000
5060000.000
5201000.000
5159000.000
5181000.000
5286000.000
5325000.000
5314000.000
5392000.000
5190000.000
5065000.000
5030000.000
5017000.000
5048000.000
5149000.000
5099000.000
5101000.000
5067000.000
4894000.000
4927000.000
4782000.000
4716000.000
4495000.000
4321000.000
4194000.000
4215000.000
4341000.000
4570000.000
4828000.000
4971000.000
5169000.000
5331000.000
5527000.000
5634000.000
5463000.000
5377000.000
5403000.000
5309000.000
5282000.000
5052000.000
5130000.000
5118000.000
5104000.000
5093000.000
5175000.000
4976000.000
5081000.000
5048000.000
4961000.000
4967000.000
4900000.000
4941000.000
4914000.000
4797000.000
4889000.000
4812000.000
4844000.000
4848000.000
4962000.000
5098000.000
5102000.000
5066000.000
5092000.000
5056000.000
5293000.000
5170000.000
5342000.000
5281000.000
5294000.000
5304000.000
5375000.000
5409000.000
5200000.000
5265000.000
5173000.000
5238000.000
5260000.000
5279000.000
5270000.000
5243000.000
5192000.000
5260000.000
5173000.000
5146000.000
5069000.000
5241000.000
5139000.000
5113000.000
5104000.000
5255000.000
5330000.000
5299000.000
5380000.000
5300000.000
5355000.000
5356000.000
5204000.000
5138000.000
5102000.000
5123000.000
5062000.000
5078000.000
5105000.000
5026000.000
5016000.000
5113000.000
5210000.000
5124000.000
5108000.000
5243000.000
5166000.000
5326000.000
5408000.000
5347000.000
5209000.000
5194000.000
5036000.000
4967000.000
5023000.000
4931000.000
4867000.000
4913000.000
5002000.000
5014000.000
5071000.000
5151000.000
5233000.000
5134000.000
5167000.000
5034000.000
5028000.000
5103000.000
4999000.000
4838000.000
4831000.000
4788000.000
4937000.000
4896000.000
4990000.000
5101000.000
5205000.000
5099000.000
5044000.000
5099000.000
5275000.000
5228000.000
5264000.000
5217000.000
5216000.000
5190000.000
5241000.000
5214000.000
5220000.000
5220000.000
5298000.000
5300000.000
5265000.000
5332000.000
5281000.000
5207000.000
5323000.000
5230000.000
5177000.000
5178000.000
5219000.000
5171000.000
5146000.000
5161000.000
5134000.000
5161000.000
5119000.000
5143000.000
5116000.000
5235000.000
5297000.000
5375000.000
5211000.000
5297000.000
5323000.000
5170000.000
4985000.000
5017000.000
5030000.000
5073000.000
5015000.000
4985000.000
4961000.000
4999000.000
5128000.000
4956000.000
4870000.000
5081000.000
4908000.000
4879000.000
4877000.000
4862000.000
4847000.000
5048000.000
5074000.000
5143000.000
5086000.000
5149000.000
5080000.000
5108000.000
5030000.000
5079000.000
5151000.000
5110000.000
5302000.000
5279000.000
5267000.000
5127000.000
5098000.000
5010000.000
4984000.000
5016000.000
4977000.000
5036000.000
5103000.000
5071000.000
4974000.000
4792000.000
4710000.000
4761000.000
4584000.000
4422000.000
4218000.000
4347000.000
4447000.000
4623000.000
4932000.000
5052000.000
5231000.000
5492000.000
5476000.000
5484000.000
5571000.000
5400000.000
5393000.000
5292000.000
5139000.000
5155000.000
5095000.000
5090000.000
5177000.000
5075000.000
5054000.000
5085000.000
5052000.000
4937000.000
5122000.000
5069000.000
4934000.000
4930000.000
4908000.000
4934000.000
4985000.000
4878000.000
4988000.000
4796000.000
4951000.000
4911000.000
5110000.000
5070000.000
5100000.000
5105000.000
5213000.000
5265000.000
5263000.000
5373000.000
5385000.000
5417000.000
5252000.000
5339000.000
5344000.000
5136000.000
5191000.000
5172000.000
5198000.000
5311000.000
5174000.000
5306000.000
5135000.000
5100000.000
5202000.000
5133000.000
5214000.000
5108000.000
5147000.000
5052000.000
5147000.000
5178000.000
5378000.000
5397000.000
5487000.000
5428000.000
5544000.000
5336000.000
5418000.000
5270000.000
5105000.000
5097000.000
5101000.000
5051000.000
4949000.000
5131000.000
5006000.000
5066000.000
5111000.000
5144000.000
5121000.000
5147000.000
5237000.000
5160000.000
5199000.000
5174000.000
5098000.000
5094000.000
4957000.000
4939000.000
4938000.000
4950000.000
4849000.000
4946000.000
4951000.000
4940000.000
4953000.000
4949000.000
5060000.000
4991000.000
5115000.000
5135000.000
5103000.000
5061000.000
4973000.000
4919000.000
4879000.000
4838000.000
4922000.000
4887000.000
4962000.000
5025000.000
5093000.000
5154000.000
5144000.000
5208000.000
5194000.000
5306000.000
5355000.000
5290000.000
5255000.000
5290000.000
5232000.000
5117000.000
5212000.000
5195000.000
5182000.000
5258000.000
5333000.000
5306000.000
5233000.000
5186000.000
5128000.000
5149000.000
5139000.000
5130000.000
5011000.000
5052000.000
5087000.000
5097000.000
5082000.000
5155000.000
5116000.000
5118000.000
5078000.000
5194000.000
5252000.000
5236000.000
5218000.000
5130000.000
5137000.000
5191000.000
4994000.000
5115000.000
5041000.000
4945000.000
5083000.000
4990000.000
5149000.000
5011000.000
4910000.000
4908000.000
4929000.000
4935000.000
4920000.000
4924000.000
4956000.000
4970000.000
5029000.000
5051000.000
5097000.000
5162000.000
4987000.000
5065000.000
5170000.000
5171000.000
5135000.000
5186000.000
5266000.000
5223000.000
5081000.000
5065000.000
5014000.000
4909000.000
4936000.000
4941000.000
4957000.000
4898000.000
5101000.000
4985000.000
5061000.000
5034000.000
4852000.000
4731000.000
4626000.000
4541000.000
4478000.000
4457000.000
4462000.000
4705000.000
4937000.000
5220000.000
5358000.000
5441000.000
5505000.000
5545000.000
5555000.000
5396000.000
5175000.000
5227000.000
5226000.000
5116000.000
4968000.000
4914000.000
5077000.000
5115000.000
5089000.000
5047000.000
5141000.000
5125000.000
5257000.000
5058000.000
5072000.000
5060000.000
4892000.000
4943000.000
4971000.000
4805000.000
4867000.000
4914000.000
4908000.000
4880000.000
4915000.000
4950000.000
5058000.000
5094000.000
5099000.000
5181000.000
5372000.000
5343000.000
5303000.000
5271000.000
5275000.000
5156000.000
5225000.000
5033000.000
5051000.000
5340000.000
5122000.000
5202000.000
5210000.000
5109000.000
5162000.000
5151000.000
5216000.000
5180000.000
5073000.000
5053000.000
5194000.000
5125000.000
5283000.000
5331000.000
5403000.000
5597000.000
5548000.000
5583000.000
5511000.000
5423000.000
5381000.000
5306000.000
5211000.000
5104000.000
5062000.000
5104000.000
5126000.000
5044000.000
4954000.000
5082000.000
5012000.000
5151000.000
5122000.000
5201000.000
5117000.000
5146000.000
5190000.000
5093000.000
5074000.000
4944000.000
4974000.000
4852000.000
4921000.000
4944000.000
4930000.000
5005000.000
4902000.000
4956000.000
4973000.000
5048000.000
4935000.000
5047000.000
5270000.000
5266000.000
5097000.000
5120000.000
5041000.000
5010000.000
5080000.000
4947000.000
5020000.000
4999000.000
4924000.000
4962000.000
5143000.000
5018000.000
4982000.000
5158000.000
5266000.000
5235000.000
5235000.000
5312000.000
5266000.000
5352000.000
5187000.000
5291000.000
5184000.000
5256000.000
5375000.000
5201000.000
5269000.000
5258000.000
5203000.000
5300000.000
5276000.000
5206000.000
5112000.000
5069000.000
4996000.000
4937000.000
5000000.000
5117000.000
5029000.000
4904000.000
4930000.000
5007000.000
5074000.000
5225000.000
5215000.000
5182000.000
5269000.000
5331000.000
5126000.000
5135000.000
5027000.000
4991000.000
5079000.000
5061000.000
5084000.000
4890000.000
4984000.000
4918000.000
5016000.000
4932000.000
4931000.000
4943000.000
4885000.000
4952000.000
4900000.000
4956000.000
4981000.000
5018000.000
5148000.000
5092000.000
5118000.000
5155000.000
5167000.000
5015000.000
5028000.000
4999000.000
5091000.000
5164000.000
5163000.000
5088000.000
5010000.000
5052000.000
4953000.000
4987000.000
4820000.000
5001000.000
5026000.000
4996000.000
5104000.000
4948000.000
4975000.000
4974000.000
4931000.000
4891000.000
4694000.000
4715000.000
4557000.000
4737000.000
4672000.000
5136000.000
5193000.000
5304000.000
5354000.000
5429000.000
5527000.000
5506000.000
5447000.000
5436000.000
5368000.000
5203000.000
5197000.000
5152000.000
5084000.000
5013000.000
5060000.000
5004000.000
5234000.000
5053000.000
5109000.000
5227000.000
5051000.000
5211000.000
5048000.000
5108000.000
4938000.000
5015000.000
4962000.000
4978000.000
4885000.000
4938000.000
4862000.000
4998000.000
5011000.000
4962000.000
4939000.000
5070000.000
5196000.000
5224000.000
5240000.000
5397000.000
5328000.000
5302000.000
5287000.000
5204000.000
5130000.000
5097000.000
5023000.000
5108000.000
5134000.000
5116000.000
5044000.000
5131000.000
5231000.000
5124000.000
5177000.000
5250000.000
5151000.000
5039000.000
5107000.000
5112000.000
5303000.000
5318000.000
5469000.000
5480000.000
5648000.000
5560000.000
5464000.000
5450000.000
5407000.000
5276000.000
5123000.000
5124000.000
5023000.000
5103000.000
5069000.000
5064000.000
5028000.000
4903000.000
5142000.000
5078000.000
5125000.000
5142000.000
5057000.000
5044000.000
5134000.000
5115000.000
5023000.000
4950000.000
4869000.000
4862000.000
4878000.000
4924000.000
4910000.000
4895000.000
4946000.000
4930000.000
4917000.000
4901000.000
5027000.000
5012000.000
5233000.000
5188000.000
5173000.000
5157000.000
5084000.000
4890000.000
4983000.000
4965000.000
4894000.000
4995000.000
4839000.000
4955000.000
5062000.000
5037000.000
5027000.000
5096000.000
5249000.000
5194000.000
5227000.000
5284000.000
5221000.000
5348000.000
5285000.000
5308000.000
5340000.000
5349000.000
5304000.000
5325000.000
5243000.000
5237000.000
5221000.000
5234000.000
5164000.000
5109000.000
5024000.000
5016000.000
5096000.000
5088000.000
5024000.000
4893000.000
4982000.000
4956000.000
4923000.000
5038000.000
4976000.000
5160000.000
5227000.000
5212000.000
5205000.000
5106000.000
5174000.000
5087000.000
5069000.000
5065000.000
5019000.000
5041000.000
5041000.000
5048000.000
5033000.000
5076000.000
4928000.000
4991000.000
5050000.000
4961000.000
4927000.000
4862000.000
4896000.000
5058000.000
5025000.000
4972000.000
5062000.000
5177000.000
5111000.000
5078000.000
5132000.000
5065000.000
5149000.000
5097000.000
5025000.000
5023000.000
5039000.000
4962000.000
4873000.000
4849000.000
4865000.000
4993000.000
4977000.000
5019000.000
5143000.000
5042000.000
5035000.000
5088000.000
5090000.000
4950000.000
4876000.000
4780000.000
4856000.000
4965000.000
5060000.000
5331000.000
5286000.000
5270000.000
5250000.000
5329000.000
5415000.000
5340000.000
5195000.000
5296000.000
5236000.000
5198000.000
5085000.000
5071000.000
5004000.000
5004000.000
5014000.000
5008000.000
5177000.000
5010000.000
5189000.000
5197000.000
5219000.000
5160000.000
5270000.000
5067000.000
5017000.000
5104000.000
4984000.000
4891000.000
4946000.000
4946000.000
4918000.000
4961000.000
4896000.000
4948000.000
4953000.000
4935000.000
5149000.000
5198000.000
5227000.000
5303000.000
5311000.000
5360000.000
5307000.000
5242000.000
5135000.000
4994000.000
4996000.000
4878000.000
4930000.000
5022000.000
5139000.000
5032000.000
5134000.000
5065000.000
5188000.000
5182000.000
5149000.000
5115000.000
5103000.000
5262000.000
5329000.000
5335000.000
5519000.000
5557000.000
5586000.000
5655000.000
5538000.000
5500000.000
5429000.000
5243000.000
5178000.000
5109000.000
5056000.000
5006000.000
4967000.000
5032000.000
5006000.000
5061000.000
4943000.000
5014000.000
5128000.000
5170000.000
5016000.000
5037000.000
4936000.000
5074000.000
5087000.000
5054000.000
5002000.000
5027000.000
4908000.000
5024000.000
5009000.000
5140000.000
4888000.000
5007000.000
4922000.000
4993000.000
5001000.000
4950000.000
5203000.000
5141000.000
5154000.000
5228000.000
5196000.000
5070000.000
4970000.000
4980000.000
5013000.000
4959000.000
4919000.000
4894000.000
4924000.000
5008000.000
5013000.000
5073000.000
5139000.000
5132000.000
5154000.000
5225000.000
5391000.000
5227000.000
5300000.000
5280000.000
5446000.000
5473000.000
5406000.000
5366000.000
5238000.000
5233000.000
5275000.000
5210000.000
5191000.000
5165000.000
5045000.000
5060000.000
5091000.000
5001000.000
4952000.000
4902000.000
4837000.000
4915000.000
4975000.000
5034000.000
5062000.000
5102000.000
5163000.000
5207000.000
5298000.000
5172000.000
5018000.000
4959000.000
5069000.000
5083000.000
5085000.000
5029000.000
5051000.000
4960000.000
5045000.000
4949000.000
5087000.000
5008000.000
4826000.000
4935000.000
4849000.000
4794000.000
4965000.000
4800000.000
5033000.000
5043000.000
4971000.000
5134000.000
5225000.000
5134000.000
4999000.000
5042000.000
5005000.000
5160000.000
5164000.000
5040000.000
5173000.000
4999000.000
5036000.000
4929000.000
5002000.000
4997000.000
4878000.000
4913000.000
5042000.000
4974000.000
5080000.000
5070000.000
5017000.000
5197000.000
5083000.000
4945000.000
4921000.000
4943000.000
5188000.000
5151000.000
5197000.000
5369000.000
5282000.000
5266000.000
5255000.000
5298000.000
5181000.000
5256000.000
5330000.000
5270000.000
5221000.000
5066000.000
5106000.000
5064000.000
5119000.000
5058000.000
5077000.000
5065000.000
4996000.000
5091000.000
5202000.000
5200000.000
5230000.000
5220000.000
5248000.000
5123000.000
5044000.000
5039000.000
4989000.000
5066000.000
4992000.000
4897000.000
4877000.000
4861000.000
4738000.000
4963000.000
4964000.000
4910000.000
5050000.000
5227000.000
5366000.000
5275000.000
5472000.000
5303000.000
5292000.000
5301000.000
5129000.000
4882000.000
4942000.000
4901000.000
4916000.000
4980000.000
5146000.000
5041000.000
5157000.000
5059000.000
5139000.000
5262000.000
5225000.000
5206000.000
5249000.000
5302000.000
5390000.000
5498000.000
5453000.000
5541000.000
5685000.000
5615000.000
5570000.000
5515000.000
5537000.000
5282000.000
5127000.000
5042000.000
5021000.000
4950000.000
5061000.000
5008000.000
5001000.000
4964000.000
4972000.000
4992000.000
5086000.000
5036000.000
5068000.000
5035000.000
4981000.000
5138000.000
5008000.000
4947000.000
4882000.000
5007000.000
5011000.000
4997000.000
5020000.000
5054000.000
5168000.000
5065000.000
4991000.000
5024000.000
4942000.000
5021000.000
5100000.000
5086000.000
5152000.000
5122000.000
5048000.000
5286000.000
5052000.000
5082000.000
4800000.000
4844000.000
4821000.000
4888000.000
4982000.000
4957000.000
5149000.000
5111000.000
5156000.000
5189000.000
5285000.000
5261000.000
5221000.000
5327000.000
5376000.000
5378000.000
5551000.000
5335000.000
5407000.000
5344000.000
5307000.000
5290000.000
5216000.000
5212000.000
5159000.000
5214000.000
5209000.000
5257000.000
5085000.000
5017000.000
4940000.000
4982000.000
4925000.000
4918000.000
4861000.000
4934000.000
5034000.000
5110000.000
5199000.000
5219000.000
5204000.000
5276000.000
5195000.000
5106000.000
5040000.000
5038000.000
5051000.000
5079000.000
5037000.000
5054000.000
5023000.000
4904000.000
4916000.000
5001000.000
4923000.000
4941000.000
4980000.000
4968000.000
5067000.000
4997000.000
5054000.000
5107000.000
5194000.000
5137000.000
5190000.000
5129000.000
5235000.000
5117000.000
5090000.000
5108000.000
5028000.000
5110000.000
5002000.000
5047000.000
5058000.000
5006000.000
4997000.000
4991000.000
5091000.000
5172000.000
5101000.000
5064000.000
5041000.000
5075000.000
5149000.000
5117000.000
4997000.000
5202000.000
5164000.000
5172000.000
5125000.000
5353000.000
5197000.000
5365000.000
5314000.000
5382000.000
5149000.000
5296000.000
5261000.000
5166000.000
5173000.000
5181000.000
5075000.000
5017000.000
5066000.000
5054000.000
5018000.000
5156000.000
5197000.000
5249000.000
5276000.000
5300000.000
5246000.000
5267000.000
5280000.000
5263000.000
5190000.000
5231000.000
5060000.000
5070000.000
4972000.000
4958000.000
5034000.000
4982000.000
4963000.000
4975000.000
4916000.000
5061000.000
5245000.000
5226000.000
5303000.000
5402000.000
5501000.000
5401000.000
5374000.000
5429000.000
5100000.000
4957000.000
4931000.000
4856000.000
4790000.000
4924000.000
4953000.000
4952000.000
5093000.000
5162000.000
5258000.000
5171000.000
5071000.000
5417000.000
5458000.000
5411000.000
5448000.000
5416000.000
5608000.000
5586000.000
5713000.000
5648000.000
5649000.000
5540000.000
5318000.000
5394000.000
5093000.000
5000000.000
4994000.000
4983000.000
4974000.000
4985000.000
5013000.000
5010000.000
4967000.000
5004000.000
4950000.000
4998000.000
4980000.000
5132000.000
5028000.000
5161000.000
4981000.000
5052000.000
5053000.000
4924000.000
5093000.000
5057000.000
5216000.000
5209000.000
5168000.000
5123000.000
5069000.000
5096000.000
5069000.000
4921000.000
4992000.000
5109000.000
5085000.000
5207000.000
5074000.000
5085000.000
4951000.000
5041000.000
4929000.000
4830000.000
4838000.000
4847000.000
4809000.000
4849000.000
4947000.000
4897000.000
5014000.000
5025000.000
5131000.000
5127000.000
5249000.000
5122000.000
5298000.000
5448000.000
5268000.000
5362000.000
5496000.000
5382000.000
5335000.000
5381000.000
5231000.000
5239000.000
5221000.000
5245000.000
5033000.000
5204000.000
5008000.000
4945000.000
4858000.000
4885000.000
4930000.000
4885000.000
4840000.000
4842000.000
4949000.000
5054000.000
5161000.000
5224000.000
5333000.000
5216000.000
5253000.000
5197000.000
5156000.000
5049000.000
5041000.000
5202000.000
5224000.000
5134000.000
5015000.000
5037000.000
4914000.000
4859000.000
4861000.000
4927000.000
4916000.000
4868000.000
4832000.000
4940000.000
5030000.000
5099000.000
5067000.000
5162000.000
5108000.000
5240000.000
5212000.000
5132000.000
5169000.000
5168000.000
5162000.000
5098000.000
5062000.000
5034000.000
5070000.000
4988000.000
5022000.000
5011000.000
5009000.000
5059000.000
5180000.000
5015000.000
5075000.000
5192000.000
5097000.000
5198000.000
5158000.000
5172000.000
5302000.000
5221000.000
5206000.000
5315000.000
5270000.000
5350000.000
5344000.000
5277000.000
5225000.000
5237000.000
5278000.000
5144000.000
5150000.000
5160000.000
5177000.000
5073000.000
5045000.000
5043000.000
5079000.000
5116000.000
5153000.000
5168000.000
5147000.000
5216000.000
5358000.000
5306000.000
5374000.000
5284000.000
5325000.000
5198000.000
5261000.000
5145000.000
5198000.000
5088000.000
5063000.000
4927000.000
5039000.000
4995000.000
5030000.000
4968000.000
5037000.000
5303000.000
5202000.000
5272000.000
5415000.000
5481000.000
5530000.000
5466000.000
5365000.000
5250000.000
5071000.000
5021000.000
4904000.000
4798000.000
4828000.000
4818000.000
4929000.000
4899000.000
5179000.000
5050000.000
5211000.000
5356000.000
5230000.000
5346000.000
5366000.000
5398000.000
5481000.000
5503000.000
5518000.000
5594000.000
5677000.000
5555000.000
5616000.000
5475000.000
5346000.000
5211000.000
5000000.000
5019000.000
4937000.000
4977000.000
4952000.000
4940000.000
4969000.000
5073000.000
5010000.000
4969000.000
4949000.000
5095000.000
5051000.000
4971000.000
4994000.000
5134000.000
5011000.000
5141000.000
5139000.000
5085000.000
5129000.000
5144000.000
5281000.000
5240000.000
5159000.000
5035000.000
4990000.000
5007000.000
4903000.000
4886000.000
4897000.000
4998000.000
5068000.000
4969000.000
5006000.000
4893000.000
5026000.000
4962000.000
4985000.000
4871000.000
4800000.000
4904000.000
4796000.000
4873000.000
4867000.000
5028000.000
4937000.000
4968000.000
5084000.000
5171000.000
5181000.000
5232000.000
5248000.000
5351000.000
5466000.000
5310000.000
5385000.000
5267000.000
5345000.000
5217000.000
5142000.000
5126000.000
5267000.000
5080000.000
5138000.000
5099000.000
4939000.000
4872000.000
4925000.000
4761000.000
4820000.000
4842000.000
4878000.000
4938000.000
5041000.000
5078000.000
5245000.000
5276000.000
5258000.000
5394000.000
5249000.000
5222000.000
5286000.000
5164000.000
5284000.000
5186000.000
5254000.000
4980000.000
4837000.000
5005000.000
4921000.000
4859000.000
4920000.000
4883000.000
4896000.000
4922000.000
4900000.000
4927000.000
5023000.000
5149000.000
4957000.000
5090000.000
5202000.000
5296000.000
5211000.000
5198000.000
4992000.000
5138000.000
4937000.000
5087000.000
5046000.000
4999000.000
5032000.000
5096000.000
5124000.000
5063000.000
5005000.000
5020000.000
4903000.000
5020000.000
5016000.000
5003000.000
5138000.000
5217000.000
5285000.000
5200000.000
5247000.000
5221000.000
5239000.000
5147000.000
5306000.000
5327000.000
5290000.000
5272000.000
5172000.000
5167000.000
5134000.000
5018000.000
5171000.000
5094000.000
5101000.000
5131000.000
5079000.000
5036000.000
5066000.000
5086000.000
5107000.000
5218000.000
5332000.000
5314000.000
5319000.000
5411000.000
5415000.000
5468000.000
5166000.000
5144000.000
5119000.000
5123000.000
5165000.000
5126000.000
5040000.000
4928000.000
5168000.000
5113000.000
5066000.000
5244000.000
5216000.000
5427000.000
5472000.000
5559000.000
5493000.000
5589000.000
5572000.000
5329000.000
5065000.000
4985000.000
4934000.000
4823000.000
4794000.000
4725000.000
4874000.000
4949000.000
5024000.000
5140000.000
5258000.000
5194000.000
5288000.000
5421000.000
5360000.000
5444000.000
5477000.000
5387000.000
5533000.000
5570000.000
5608000.000
5715000.000
5646000.000
5650000.000
5331000.000
5256000.000
5029000.000
4896000.000
4967000.000
4923000.000
5032000.000
5055000.000
4903000.000
5017000.000
4958000.000
5014000.000
4930000.000
5058000.000
4939000.000
5102000.000
5113000.000
5019000.000
5011000.000
5073000.000
5064000.000
5020000.000
5103000.000
5121000.000
5195000.000
5153000.000
5278000.000
5134000.000
5055000.000
4978000.000
4808000.000
4881000.000
4905000.000
4965000.000
5024000.000
4925000.000
4958000.000
4972000.000
5001000.000
4844000.000
4826000.000
4956000.000
4839000.000
4871000.000
4821000.000
4830000.000
4869000.000
4841000.000
5078000.000
5040000.000
4991000.000
5072000.000
5115000.000
5187000.000
5323000.000
5357000.000
5416000.000
5292000.000
5236000.000
5310000.000
5262000.000
5218000.000
5181000.000
5188000.000
5127000.000
5218000.000
5013000.000
5058000.000
5061000.000
5023000.000
4898000.000
4934000.000
4839000.000
4823000.000
4870000.000
4858000.000
4999000.000
5169000.000
5201000.000
5288000.000
5207000.000
5258000.000
5152000.000
5240000.000
5228000.000
5176000.000
5123000.000
5246000.000
5196000.000
5239000.000
5049000.000
4888000.000
4818000.000
4819000.000
4816000.000
4924000.000
4830000.000
5006000.000
4980000.000
4830000.000
4983000.000
4917000.000
5113000.000
5089000.000
5164000.000
5167000.000
5207000.000
5295000.000
5246000.000
5174000.000
5136000.000
5080000.000
5128000.000
5166000.000
5141000.000
5045000.000
5167000.000
5132000.000
5031000.000
4996000.000
4997000.000
4966000.000
4929000.000
5035000.000
5072000.000
5137000.000
5106000.000
5234000.000
5221000.000
5273000.000
5210000.000
5372000.000
5294000.000
5398000.000
5329000.000
5285000.000
5218000.000
5254000.000
5152000.000
5231000.000
5058000.000
4901000.000
5047000.000
5103000.000
5112000.000
5033000.000
5016000.000
5148000.000
5081000.000
5055000.000
5079000.000
5144000.000
5392000.000
5300000.000
5263000.000
5373000.000
5274000.000
5244000.000
5248000.000
5257000.000
5238000.000
5229000.000
5132000.000
5092000.000
5261000.000
5252000.000
5158000.000
5283000.000
5301000.000
5256000.000
5468000.000
5590000.000
5610000.000
5623000.000
5587000.000
5645000.000
5526000.000
5273000.000
5149000.000
5016000.000
5044000.000
4860000.000
4855000.000
4891000.000
4875000.000
5069000.000
5077000.000
5200000.000
5269000.000
5299000.000
5360000.000
5447000.000
5401000.000
5348000.000
5249000.000
5413000.000
5528000.000
5552000.000
5637000.000
5555000.000
5618000.000
5413000.000
5331000.000
5317000.000
5043000.000
5027000.000
4859000.000
4905000.000
5096000.000
4923000.000
5116000.000
5015000.000
5043000.000
4957000.000
4871000.000
4979000.000
5185000.000
5043000.000
5020000.000
5042000.000
5103000.000
5200000.000
5038000.000
5036000.000
5118000.000
5209000.000
5107000.000
5270000.000
5263000.000
5191000.000
5009000.000
4929000.000
4933000.000
4684000.000
4779000.000
4833000.000
4695000.000
4820000.000
4927000.000
5038000.000
4836000.000
4972000.000
4913000.000
4963000.000
4860000.000
4918000.000
4868000.000
4924000.000
4819000.000
4805000.000
4852000.000
4959000.000
4995000.000
5101000.000
5109000.000
5158000.000
5281000.000
5238000.000
5320000.000
5200000.000
5325000.000
5279000.000
5168000.000
5199000.000
5287000.000
5146000.000
5050000.000
5026000.000
4958000.000
4967000.000
4909000.000
4854000.000
4915000.000
4928000.000
4799000.000
4891000.000
4783000.000
4848000.000
4894000.000
5029000.000
5256000.000
5027000.000
5253000.000
5175000.000
5132000.000
5224000.000
5237000.000
5214000.000
5280000.000
5335000.000
5325000.000
4916000.000
4839000.000
4882000.000
4834000.000
4979000.000
4937000.000
4749000.000
4757000.000
4916000.000
4901000.000
4882000.000
4985000.000
5123000.000
5011000.000
5100000.000
5244000.000
5238000.000
5253000.000
5209000.000
5039000.000
5064000.000
5109000.000
4998000.000
5228000.000
5225000.000
5127000.000
5080000.000
5110000.000
5124000.000
4977000.000
4885000.000
4918000.000
4953000.000
4881000.000
5125000.000
5133000.000
5225000.000
5176000.000
5211000.000
5239000.000
5123000.000
5247000.000
5304000.000
5159000.000
5248000.000
5208000.000
5201000.000
5161000.000
5089000.000
5093000.000
5156000.000
5067000.000
5166000.000
5076000.000
5190000.000
5088000.000
5040000.000
5064000.000
5109000.000
5217000.000
5210000.000
5345000.000
5315000.000
5305000.000
5273000.000
5254000.000
5207000.000
5247000.000
5323000.000
5310000.000
5237000.000
5298000.000
5236000.000
5113000.000
5212000.000
5306000.000
5342000.000
5273000.000
5263000.000
5480000.000
5589000.000
5625000.000
5789000.000
5586000.000
5569000.000
5561000.000
5472000.000
5206000.000
5067000.000
5001000.000
4910000.000
4894000.000
4856000.000
4894000.000
5078000.000
5007000.000
5207000.000
5306000.000
5323000.000
5272000.000
5352000.000
5260000.000
5327000.000
5332000.000
5429000.000
5462000.000
5606000.000
5605000.000
5432000.000
5413000.000
5432000.000
5391000.000
5170000.000
5046000.000
5050000.000
4952000.000
4996000.000
5042000.000
5079000.000
5031000.000
5054000.000
5024000.000
5015000.000
5058000.000
5069000.000
5040000.000
5124000.000
5151000.000
5063000.000
5094000.000
4983000.000
5078000.000
4997000.000
5039000.000
5148000.000
5286000.000
5194000.000
5290000.000
5123000.000
5067000.000
5100000.000
4969000.000
4840000.000
4807000.000
4886000.000
4818000.000
4898000.000
4960000.000
4938000.000
4908000.000
5036000.000
4939000.000
4967000.000
5108000.000
5021000.000
4783000.000
4770000.000
4915000.000
4807000.000
4892000.000
4852000.000
4906000.000
4967000.000
5049000.000
5156000.000
5238000.000
5152000.000
5198000.000
5264000.000
5215000.000
5262000.000
5083000.000
5288000.000
5184000.000
5034000.000
5097000.000
5008000.000
5061000.000
4961000.000
5048000.000
4923000.000
4871000.000
4865000.000
4766000.000
4776000.000
4811000.000
4846000.000
4939000.000
4954000.000
5076000.000
5156000.000
5234000.000
5317000.000
5230000.000
5197000.000
5243000.000
5272000.000
5223000.000
5316000.000
5292000.000
5354000.000
4832000.000
4897000.000
4894000.000
4909000.000
5016000.000
4905000.000
4943000.000
4975000.000
4875000.000
4852000.000
4824000.000
4828000.000
4853000.000
5021000.000
5045000.000
5126000.000
5199000.000
5208000.000
5113000.000
5216000.000
5096000.000
5156000.000
5096000.000
5171000.000
5142000.000
5164000.000
5118000.000
5050000.000
5108000.000
4994000.000
4868000.000
4779000.000
4993000.000
4949000.000
4996000.000
4972000.000
5046000.000
5072000.000
5160000.000
5323000.000
5256000.000
5296000.000
5187000.000
5177000.000
5213000.000
5192000.000
5134000.000
5275000.000
4991000.000
5078000.000
4977000.000
4999000.000
5005000.000
5017000.000
5128000.000
5091000.000
4906000.000
5021000.000
5051000.000
5197000.000
5128000.000
5196000.000
5242000.000
5372000.000
5213000.000
5241000.000
5199000.000
5298000.000
5175000.000
5110000.000
5263000.000
5266000.000
5269000.000
5297000.000
5337000.000
5340000.000
5532000.000
5440000.000
5578000.000
5604000.000
5698000.000
5709000.000
5747000.000
5734000.000
5702000.000
5584000.000
5534000.000
5325000.000
5181000.000
5083000.000
4832000.000
4940000.000
4994000.000
4892000.000
5028000.000
5132000.000
5184000.000
5149000.000
5197000.000
5249000.000
5286000.000
5394000.000
5120000.000
5254000.000
5224000.000
5335000.000
5406000.000
5563000.000
5589000.000
5503000.000
5372000.000
5289000.000
5105000.000
5175000.000
5036000.000
4939000.000
5026000.000
4973000.000
5072000.000
5072000.000
5246000.000
5112000.000
5101000.000
5035000.000
5025000.000
5089000.000
5043000.000
5046000.000
5178000.000
5158000.000
5082000.000
5099000.000
4983000.000
5030000.000
4897000.000
5177000.000
5241000.000
5187000.000
5217000.000
5168000.000
5082000.000
4993000.000
5016000.000
4897000.000
4797000.000
4743000.000
4775000.000
4766000.000
4903000.000
4867000.000
4859000.000
5135000.000
5017000.000
5013000.000
5033000.000
4984000.000
4956000.000
4944000.000
4861000.000
4838000.000
4742000.000
4943000.000
4823000.000
4996000.000
5162000.000
5212000.000
5166000.000
5064000.000
5241000.000
5313000.000
5213000.000
5105000.000
5049000.000
5118000.000
5085000.000
5072000.000
4986000.000
4988000.000
5122000.000
4889000.000
4869000.000
4826000.000
4899000.000
4944000.000
4894000.000
4975000.000
4867000.000
4964000.000
4942000.000
5043000.000
4965000.000
5133000.000
5219000.000
5218000.000
5150000.000
5201000.000
5185000.000
5200000.000
5190000.000
5369000.000
5297000.000
4876000.000
4933000.000
5047000.000
5020000.000
5024000.000
4955000.000
4978000.000
4938000.000
4888000.000
4886000.000
4860000.000
4999000.000
5073000.000
5188000.000
5115000.000
5185000.000
5176000.000
5218000.000
5120000.000
5196000.000
5184000.000
5118000.000
5250000.000
5214000.000
5159000.000
5223000.000
5198000.000
5111000.000
4953000.000
4912000.000
4870000.000
4817000.000
4864000.000
4978000.000
5026000.000
5096000.000
5172000.000
5135000.000
5269000.000
5301000.000
5260000.000
5247000.000
5241000.000
5222000.000
5181000.000
5223000.000
5292000.000
5086000.000
5030000.000
4983000.000
4978000.000
4932000.000
5012000.000
5104000.000
5095000.000
5084000.000
5042000.000
5117000.000
5136000.000
5061000.000
5153000.000
5207000.000
5262000.000
5224000.000
5148000.000
5170000.000
5109000.000
5166000.000
5260000.000
5259000.000
5334000.000
5246000.000
5408000.000
5454000.000
5449000.000
5300000.000
5558000.000
5569000.000
5744000.000
5770000.000
5876000.000
5863000.000
5733000.000
5665000.000
5586000.000
5403000.000
5264000.000
4941000.000
5024000.000
4998000.000
4878000.000
4967000.000
4979000.000
5130000.000
5140000.000
5247000.000
5164000.000
5335000.000
5166000.000
5198000.000
5205000.000
5090000.000
5127000.000
5197000.000
5293000.000
5224000.000
5215000.000
5249000.000
5274000.000
5265000.000
5208000.000
5219000.000
5090000.000
4998000.000
5078000.000
5047000.000
5113000.000
5127000.000
5264000.000
5225000.000
5242000.000
5122000.000
5177000.000
5025000.000
4998000.000
5056000.000
5118000.000
5214000.000
5184000.000
5055000.000
5109000.000
5017000.000
5013000.000
5100000.000
4977000.000
5180000.000
5257000.000
5119000.000
5214000.000
5185000.000
5161000.000
5101000.000
5175000.000
5004000.000
4980000.000
4829000.000
4840000.000
4872000.000
4951000.000
4942000.000
5141000.000
5102000.000
5213000.000
5096000.000
5137000.000
5061000.000
5016000.000
4925000.000
4833000.000
4907000.000
4926000.000
4914000.000
4985000.000
5091000.000
5145000.000
5136000.000
5133000.000
5198000.000
5190000.000
5136000.000
5172000.000
5105000.000
5135000.000
5124000.000
5062000.000
4998000.000
4842000.000
4876000.000
4929000.000
4954000.000
4827000.000
4915000.000
5007000.000
4903000.000
4918000.000
4868000.000
4940000.000
4812000.000
4925000.000
5036000.000
4968000.000
5148000.000
5228000.000
5184000.000
5244000.000
5207000.000
5199000.000
5292000.000
5247000.000
5379000.000
5221000.000
5019000.000
4985000.000
4943000.000
5039000.000
5096000.000
5022000.000
4901000.000
5053000.000
4839000.000
4965000.000
4927000.000
4902000.000
5067000.000
5023000.000
5068000.000
5131000.000
5139000.000
5156000.000
5274000.000
5219000.000
5199000.000
5206000.000
5280000.000
5202000.000
5197000.000
5313000.000
5159000.000
5132000.000
5150000.000
4975000.000
4795000.000
4882000.000
4879000.000
4893000.000
4883000.000
5076000.000
5061000.000
5140000.000
5135000.000
5144000.000
5254000.000
5206000.000
5146000.000
5282000.000
5289000.000
5258000.000
5261000.000
5149000.000
5264000.000
5066000.000
4966000.000
4920000.000
4949000.000
5029000.000
5148000.000
5035000.000
5162000.000
5120000.000
5063000.000
5036000.000
5051000.000
5152000.000
5181000.000
5259000.000
5124000.000
5161000.000
5100000.000
5163000.000
5133000.000
5272000.000
5276000.000
5382000.000
5294000.000
5420000.000
5379000.000
5408000.000
5511000.000
5517000.000
5627000.000
5748000.000
5669000.000
5749000.000
5836000.000
5643000.000
5628000.000
5499000.000
5314000.000
5246000.000
5056000.000
4954000.000
4946000.000
5031000.000
5033000.000
5133000.000
5109000.000
5081000.000
5235000.000
5245000.000
5262000.000
5187000.000
5118000.000
5106000.000
5080000.000
5141000.000
5282000.000
5197000.000
5182000.000
5199000.000
5253000.000
5276000.000
5313000.000
5203000.000
5135000.000
5078000.000
4972000.000
4978000.000
5014000.000
5146000.000
5119000.000
5230000.000
5273000.000
5157000.000
5129000.000
5217000.000
5089000.000
4974000.000
5192000.000
5107000.000
5285000.000
5153000.000
5174000.000
5043000.000
5091000.000
5027000.000
5007000.000
5005000.000
5000000.000
5012000.000
5124000.000
5248000.000
5134000.000
5116000.000
5185000.000
5063000.000
4998000.000
4849000.000
4859000.000
5011000.000
4894000.000
4935000.000
5030000.000
5143000.000
5018000.000
5097000.000
5175000.000
5053000.000
5088000.000
5088000.000
5020000.000
4983000.000
4994000.000
4988000.000
5084000.000
5132000.000
5100000.000
5128000.000
5275000.000
5197000.000
5114000.000
5203000.000
5284000.000
5228000.000
5114000.000
5147000.000
5063000.000
5009000.000
4993000.000
4898000.000
4911000.000
4958000.000
4883000.000
4906000.000
4915000.000
4918000.000
4944000.000
5037000.000
4834000.000
4866000.000
4966000.000
4993000.000
4973000.000
4989000.000
5070000.000
5007000.000
5210000.000
5220000.000
5175000.000
5217000.000
5260000.000
5385000.000
5273000.000
5044000.000
5074000.000
5100000.000
5113000.000
5175000.000
5075000.000
5095000.000
5042000.000
4991000.000
4898000.000
4904000.000
4978000.000
4986000.000
5065000.000
5178000.000
5283000.000
5208000.000
5249000.000
5279000.000
5265000.000
5314000.000
5249000.000
5275000.000
5222000.000
5324000.000
5238000.000
5053000.000
5074000.000
4962000.000
4906000.000
4724000.000
4856000.000
4864000.000
4943000.000
5059000.000
5095000.000
5053000.000
5235000.000
5181000.000
5275000.000
5029000.000
5051000.000
5071000.000
5159000.000
5215000.000
5236000.000
5244000.000
5074000.000
4879000.000
4938000.000
5057000.000
5081000.000
5005000.000
5100000.000
5140000.000
5138000.000
5040000.000
5078000.000
5063000.000
5040000.000
5019000.000
5051000.000
5055000.000
5239000.000
5096000.000
5060000.000
5117000.000
5139000.000
5195000.000
5258000.000
5262000.000
5375000.000
5339000.000
5310000.000
5426000.000
5472000.000
5531000.000
5534000.000
5654000.000
5747000.000
5647000.000
5669000.000
5491000.000
5396000.000
5290000.000
5189000.000
5293000.000
4942000.000
4905000.000
4894000.000
4870000.000
5047000.000
5090000.000
5156000.000
5114000.000
5267000.000
5213000.000
5198000.000
5065000.000
5188000.000
5034000.000
5119000.000
4956000.000
5074000.000
5132000.000
5064000.000
5203000.000
5165000.000
5217000.000
5229000.000
5111000.000
5117000.000
5108000.000
5028000.000
4955000.000
5033000.000
4978000.000
5150000.000
5211000.000
5284000.000
5109000.000
5204000.000
5179000.000
5201000.000
5180000.000
5148000.000
5235000.000
5260000.000
5230000.000
5069000.000
5117000.000
5071000.000
4974000.000
4962000.000
5009000.000
5128000.000
5142000.000
5050000.000
5273000.000
5176000.000
5265000.000
5206000.000
5111000.000
5028000.000
5098000.000
5036000.000
5044000.000
5027000.000
4973000.000
5130000.000
5188000.000
5174000.000
5225000.000
5372000.000
5210000.000
5209000.000
5165000.000
5094000.000
5035000.000
5033000.000
5013000.000
5116000.000
5226000.000
5105000.000
5248000.000
5101000.000
5171000.000
5076000.000
5152000.000
5101000.000
5210000.000
5097000.000
5037000.000
5056000.000
5099000.000
4840000.000
4837000.000
4977000.000
4814000.000
5033000.000
4947000.000
4935000.000
5009000.000
4883000.000
4926000.000
4934000.000
4922000.000
4870000.000
4963000.000
4991000.000
5009000.000
4960000.000
5146000.000
5172000.000
5131000.000
5132000.000
5126000.000
5223000.000
5288000.000
5143000.000
5322000.000
4956000.000
4967000.000
4960000.000
5107000.000
5172000.000
5070000.000
5261000.000
5107000.000
5041000.000
5024000.000
4940000.000
4942000.000
5084000.000
4988000.000
5117000.000
5177000.000
5109000.000
5180000.000
5195000.000
5293000.000
5156000.000
5348000.000
5325000.000
5326000.000
5317000.000
5188000.000
5238000.000
5128000.000
4963000.000
4958000.000
4887000.000
4842000.000
4764000.000
4905000.000
5019000.000
5079000.000
5126000.000
5191000.000
5074000.000
5019000.000
5178000.000
5022000.000
4996000.000
5045000.000
5130000.000
5224000.000
5229000.000
5172000.000
5091000.000
5084000.000
5059000.000
5007000.000
5016000.000
4950000.000
5025000.000
5160000.000
5161000.000
5134000.000
5167000.000
5087000.000
5030000.000
5037000.000
4967000.000
4991000.000
4999000.000
5025000.000
4967000.000
5017000.000
4929000.000
5086000.000
5318000.000
5178000.000
5306000.000
5398000.000
5287000.000
5270000.000
5393000.000
5326000.000
5501000.000
5569000.000
5567000.000
5586000.000
5476000.000
5365000.000
5347000.000
5238000.000
5273000.000
5121000.000
4916000.000
4956000.000
4917000.000
4908000.000
5075000.000
5033000.000
5168000.000
5261000.000
5229000.000
5126000.000
5263000.000
5179000.000
5038000.000
5002000.000
4919000.000
4996000.000
5026000.000
5057000.000
5275000.000
5145000.000
5222000.000
5184000.000
5267000.000
5089000.000
5174000.000
5143000.000
5119000.000
5048000.000
4941000.000
5044000.000
5125000.000
5074000.000
5180000.000
5184000.000
5195000.000
5240000.000
5286000.000
5210000.000
5315000.000
5301000.000
5162000.000
5223000.000
5166000.000
5135000.000
5052000.000
5044000.000
4900000.000
4932000.000
5050000.000
5124000.000
5209000.000
5336000.000
5195000.000
5234000.000
5227000.000
5254000.000
5112000.000
5143000.000
5108000.000
5143000.000
5270000.000
5164000.000
5077000.000
5207000.000
5360000.000
5306000.000
5365000.000
5336000.000
5301000.000
5274000.000
5195000.000
5185000.000
5107000.000
5166000.000
5111000.000
5130000.000
5183000.000
5020000.000
5229000.000
5124000.000
5126000.000
5195000.000
5244000.000
5150000.000
5091000.000
5096000.000
5107000.000
5033000.000
4931000.000
4998000.000
4967000.000
4981000.000
4935000.000
4959000.000
5124000.000
5073000.000
5057000.000
5081000.000
5016000.000
4940000.000
4928000.000
4823000.000
5015000.000
4982000.000
5014000.000
5032000.000
5038000.000
5007000.000
5162000.000
5306000.000
5285000.000
5244000.000
5233000.000
4941000.000
5075000.000
5079000.000
5160000.000
5112000.000
5068000.000
5154000.000
5081000.000
5072000.000
4995000.000
5021000.000
5114000.000
4913000.000
4914000.000
5150000.000
5232000.000
5197000.000
5232000.000
5242000.000
5246000.000
5307000.000
5378000.000
5422000.000
5295000.000
5336000.000
5168000.000
5206000.000
5033000.000
4864000.000
4851000.000
4784000.000
4736000.000
4934000.000
4879000.000
5037000.000
5121000.000
4995000.000
5216000.000
5086000.000
5023000.000
4944000.000
4986000.000
5074000.000
5159000.000
5127000.000
5264000.000
5217000.000
5131000.000
4967000.000
4978000.000
5047000.000
4981000.000
5007000.000
5026000.000
4979000.000
5213000.000
5147000.000
5129000.000
5190000.000
5025000.000
5088000.000
4953000.000
4948000.000
5008000.000
4929000.000
4920000.000
4913000.000
5046000.000
5059000.000
5131000.000
5273000.000
5329000.000
5222000.000
5228000.000
5207000.000
5333000.000
5297000.000
5478000.000
5327000.000
5465000.000
5411000.000
5351000.000
5338000.000
5294000.000
5130000.000
5153000.000
5001000.000
4944000.000
4924000.000
4914000.000
4966000.000
5033000.000
5210000.000
5320000.000
5075000.000
5235000.000
5035000.000
5190000.000
5093000.000
5093000.000
5009000.000
5035000.000
4935000.000
5029000.000
5101000.000
5074000.000
5073000.000
5178000.000
5275000.000
5193000.000
5203000.000
5142000.000
5033000.000
5043000.000
5003000.000
4988000.000
4990000.000
5018000.000
5194000.000
5146000.000
5207000.000
5230000.000
5293000.000
5173000.000
5235000.000
5333000.000
5301000.000
5279000.000
5149000.000
5109000.000
5223000.000
4969000.000
4959000.000
4907000.000
5019000.000
5081000.000
5117000.000
5164000.000
5229000.000
5264000.000
5273000.000
5287000.000
5240000.000
5285000.000
5336000.000
5199000.000
5108000.000
5187000.000
5172000.000
5254000.000
5291000.000
5335000.000
5307000.000
5399000.000
5324000.000
5415000.000
5233000.000
5102000.000
5229000.000
5127000.000
5052000.000
5091000.000
5214000.000
5158000.000
5133000.000
5228000.000
5066000.000
5199000.000
5136000.000
5141000.000
5310000.000
5109000.000
5105000.000
5110000.000
5104000.000
4900000.000
4960000.000
4914000.000
4959000.000
4941000.000
4986000.000
4980000.000
5015000.000
5093000.000
5119000.000
5108000.000
4974000.000
4962000.000
4928000.000
4909000.000
5007000.000
4980000.000
5022000.000
5050000.000
5023000.000
5146000.000
5121000.000
5064000.000
5258000.000
5300000.000
5175000.000
4979000.000
4963000.000
5015000.000
5053000.000
5127000.000
5194000.000
5040000.000
5092000.000
5105000.000
5117000.000
4978000.000
4942000.000
5054000.000
5011000.000
5172000.000
5134000.000
5216000.000
5372000.000
5273000.000
5092000.000
5421000.000
5248000.000
5426000.000
5435000.000
5457000.000
5474000.000
5282000.000
5212000.000
5019000.000
4905000.000
4721000.000
4726000.000
4802000.000
4898000.000
4953000.000
4947000.000
5163000.000
5257000.000
5290000.000
5070000.000
5024000.000
4982000.000
4937000.000
4997000.000
4986000.000
5169000.000
5172000.000
5141000.000
5077000.000
5167000.000
5040000.000
5023000.000
4962000.000
5006000.000
5043000.000
5102000.000
5152000.000
5024000.000
4970000.000
5127000.000
5188000.000
5025000.000
5022000.000
4943000.000
4929000.000
4925000.000
4985000.000
4973000.000
5004000.000
5184000.000
5188000.000
5172000.000
5206000.000
5172000.000
5179000.000
5084000.000
5267000.000
5253000.000
5258000.000
5221000.000
5333000.000
5295000.000
5209000.000
5098000.000
5103000.000
5097000.000
5166000.000
5074000.000
4986000.000
4909000.000
4957000.000
4906000.000
4949000.000
5069000.000
5190000.000
5260000.000
5104000.000
5167000.000
5228000.000
5216000.000
5168000.000
4980000.000
5034000.000
5042000.000
4946000.000
4918000.000
5062000.000
5057000.000
5146000.000
5105000.000
5164000.000
5223000.000
5169000.000
5138000.000
5013000.000
4910000.000
4989000.000
5023000.000
5108000.000
5068000.000
5153000.000
5177000.000
5180000.000
5160000.000
5151000.000
5254000.000
5244000.000
5286000.000
5138000.000
5168000.000
5090000.000
5064000.000
5026000.000
5027000.000
4941000.000
5025000.000
5011000.000
5105000.000
5140000.000
5216000.000
5262000.000
5277000.000
5291000.000
5170000.000
5301000.000
5235000.000
5354000.000
5224000.000
5159000.000
5295000.000
5410000.000
5353000.000
5300000.000
5390000.000
5342000.000
5460000.000
5282000.000
5319000.000
5245000.000
5158000.000
5163000.000
5075000.000
5062000.000
5223000.000
5105000.000
5257000.000
5033000.000
5185000.000
5087000.000
5017000.000
5043000.000
5185000.000
5140000.000
5092000.000
5042000.000
5044000.000
4994000.000
4908000.000
4857000.000
5037000.000
4931000.000
4951000.000
5057000.000
5093000.000
5170000.000
5059000.000
5123000.000
5108000.000
4953000.000
4946000.000
4935000.000
4909000.000
5052000.000
4864000.000
5008000.000
5022000.000
4994000.000
5123000.000
5083000.000
5061000.000
5140000.000
4916000.000
5116000.000
5098000.000
5139000.000
5065000.000
5192000.000
5201000.000
5209000.000
5004000.000
5113000.000
5152000.000
5088000.000
5119000.000
5069000.000
5128000.000
5200000.000
5325000.000
5260000.000
5243000.000
5247000.000
5255000.000
5502000.000
5566000.000
5500000.000
5420000.000
5360000.000
5224000.000
5183000.000
4966000.000
4870000.000
4706000.000
4766000.000
4873000.000
5048000.000
5252000.000
5250000.000
5109000.000
5054000.000
5077000.000
4974000.000
4899000.000
4830000.000
4947000.000
5081000.000
5126000.000
5113000.000
5121000.000
5075000.000
5011000.000
4981000.000
4939000.000
5120000.000
5048000.000
5031000.000
5067000.000
5119000.000
5064000.000
5121000.000
5106000.000
5066000.000
5071000.000
4963000.000
4968000.000
4998000.000
4856000.000
5011000.000
5195000.000
5116000.000
5162000.000
5178000.000
5208000.000
5222000.000
5084000.000
5118000.000
5116000.000
5062000.000
5187000.000
5186000.000
5144000.000
5293000.000
5263000.000
5227000.000
5227000.000
5077000.000
5081000.000
5019000.000
5031000.000
4875000.000
4815000.000
4957000.000
4829000.000
4949000.000
5071000.000
5217000.000
5160000.000
5259000.000
5080000.000
5210000.000
5157000.000
5090000.000
5140000.000
4899000.000
4903000.000
4943000.000
4974000.000
4981000.000
5095000.000
5047000.000
5219000.000
5204000.000
5169000.000
5146000.000
5072000.000
5017000.000
4992000.000
4865000.000
5076000.000
5033000.000
5001000.000
5119000.000
5136000.000
5195000.000
5246000.000
5323000.000
5272000.000
5214000.000
5171000.000
5209000.000
5165000.000
5209000.000
5190000.000
5092000.000
5067000.000
4975000.000
5120000.000
5129000.000
5132000.000
5261000.000
5232000.000
5238000.000
5408000.000
5379000.000
5291000.000
5234000.000
5347000.000
5353000.000
5287000.000
5402000.000
5283000.000
5328000.000
5419000.000
5398000.000
5438000.000
5382000.000
5452000.000
5263000.000
5231000.000
5171000.000
5124000.000
5094000.000
5117000.000
5168000.000
5256000.000
5140000.000
5120000.000
5038000.000
5075000.000
5010000.000
5082000.000
5041000.000
4987000.000
5007000.000
5073000.000
4951000.000
4844000.000
5081000.000
4885000.000
5017000.000
4735000.000
4963000.000
5015000.000
4986000.000
5096000.000
5014000.000
5140000.000
5168000.000
5008000.000
5044000.000
4831000.000
4768000.000
4869000.000
4940000.000
4968000.000
5048000.000
4876000.000
5062000.000
4897000.000
5023000.000
5169000.000
5143000.000
5158000.000
4925000.000
4989000.000
4954000.000
4995000.000
5067000.000
5119000.000
5168000.000
5224000.000
5169000.000
5244000.000
5111000.000
5087000.000
5109000.000
5194000.000
5205000.000
5119000.000
5187000.000
5155000.000
5122000.000
5194000.000
5343000.000
5296000.000
5548000.000
5557000.000
5647000.000
5611000.000
5529000.000
5314000.000
5185000.000
4858000.000
4775000.000
4696000.000
4780000.000
4929000.000
5062000.000
5138000.000
5226000.000
5131000.000
5135000.000
5035000.000
4995000.000
4936000.000
5072000.000
4945000.000
5034000.000
5143000.000
5094000.000
5189000.000
5037000.000
5160000.000
4974000.000
5022000.000
5061000.000
5009000.000
5080000.000
5135000.000
5118000.000
5045000.000
5006000.000
5011000.000
5030000.000
5000000.000
4984000.000
4904000.000
4863000.000
4895000.000
5032000.000
5019000.000
5193000.000
5275000.000
5228000.000
5122000.000
5198000.000
5098000.000
5142000.000
4912000.000
5093000.000
5094000.000
5041000.000
5170000.000
5182000.000
5269000.000
5229000.000
5114000.000
5135000.000
5049000.000
4975000.000
5034000.000
4858000.000
4922000.000
4735000.000
4891000.000
4948000.000
4997000.000
5019000.000
5129000.000
5066000.000
5208000.000
5175000.000
5227000.000
5184000.000
5032000.000
4906000.000
4854000.000
4853000.000
4998000.000
5007000.000
4981000.000
5122000.000
5212000.000
5203000.000
4994000.000
5099000.000
5096000.000
5042000.000
4982000.000
4990000.000
4998000.000
5080000.000
5103000.000
5216000.000
5197000.000
5151000.000
5266000.000
5233000.000
5238000.000
5171000.000
5172000.000
5108000.000
5093000.000
5065000.000
5028000.000
5092000.000
5060000.000
5275000.000
5124000.000
5158000.000
5216000.000
5252000.000
5479000.000
5352000.000
5363000.000
5352000.000
5341000.000
5340000.000
5468000.000
5439000.000
5407000.000
5388000.000
5349000.000
5395000.000
5448000.000
5474000.000
5537000.000
5442000.000
5449000.000
5320000.000
5305000.000
5188000.000
5061000.000
5084000.000
5187000.000
5200000.000
5134000.000
5109000.000
5126000.000
4967000.000
4926000.000
5021000.000
4993000.000
5070000.000
5179000.000
5096000.000
5099000.000
5000000.000
5006000.000
4969000.000
4981000.000
4968000.000
5020000.000
4987000.000
5030000.000
4977000.000
5101000.000
5152000.000
5173000.000
5040000.000
4970000.000
5088000.000
4972000.000
4948000.000
4877000.000
4811000.000
4821000.000
4891000.000
4881000.000
5107000.000
5036000.000
5045000.000
4983000.000
5015000.000
5029000.000
5127000.000
5129000.000
5234000.000
5265000.000
5306000.000
5260000.000
5231000.000
5200000.000
5134000.000
5192000.000
5158000.000
5195000.000
5276000.000
5128000.000
5169000.000
4999000.000
5077000.000
5004000.000
5299000.000
5429000.000
5491000.000
5730000.000
5707000.000
5743000.000
5691000.000
5601000.000
5297000.000
5057000.000
4994000.000
4841000.000
5003000.000
4943000.000
5106000.000
5065000.000
5169000.000
5140000.000
5163000.000
4978000.000
5094000.000
4925000.000
4939000.000
4917000.000
4906000.000
5054000.000
5179000.000
5137000.000
5111000.000
5067000.000
5000000.000
4987000.000
5081000.000
5079000.000
5071000.000
5089000.000
5077000.000
5068000.000
5078000.000
5040000.000
5047000.000
5018000.000
5013000.000
4930000.000
5050000.000
5055000.000
4999000.000
5084000.000
5182000.000
5103000.000
5205000.000
5141000.000
5155000.000
5065000.000
5093000.000
4935000.000
5001000.000
5090000.000
5057000.000
5166000.000
5287000.000
5236000.000
5202000.000
5195000.000
5219000.000
5106000.000
5089000.000
4953000.000
4769000.000
4812000.000
4915000.000
4767000.000
4756000.000
4940000.000
4944000.000
4999000.000
4945000.000
5189000.000
5121000.000
5134000.000
5076000.000
5033000.000
4982000.000
4981000.000
4880000.000
4817000.000
5003000.000
5002000.000
5077000.000
4986000.000
5078000.000
5181000.000
5138000.000
5106000.000
4920000.000
4950000.000
5093000.000
5116000.000
4997000.000
5087000.000
5167000.000
5151000.000
5147000.000
5212000.000
5335000.000
5157000.000
5163000.000
5142000.000
5137000.000
5091000.000
5004000.000
5057000.000
4999000.000
5220000.000
5143000.000
5338000.000
5350000.000
5419000.000
5468000.000
5324000.000
5346000.000
5384000.000
5441000.000
5349000.000
5388000.000
5551000.000
5543000.000
5509000.000
5542000.000
5464000.000
5544000.000
5412000.000
5590000.000
5403000.000
5544000.000
5480000.000
5294000.000
5283000.000
5197000.000
5161000.000
5172000.000
5153000.000
5072000.000
5169000.000
5111000.000
4899000.000
4982000.000
4825000.000
5022000.000
4968000.000
5023000.000
4963000.000
4993000.000
5048000.000
5104000.000
4973000.000
5045000.000
5041000.000
5048000.000
4848000.000
5117000.000
4990000.000
5073000.000
5100000.000
5197000.000
5104000.000
5056000.000
5058000.000
4977000.000
4864000.000
4864000.000
4909000.000
4707000.000
4812000.000
4774000.000
4903000.000
4973000.000
5046000.000
5001000.000
5067000.000
5121000.000
4949000.000
4985000.000
4970000.000
4969000.000
5033000.000
5204000.000
5223000.000
5296000.000
5347000.000
5354000.000
5252000.000
5340000.000
5362000.000
5214000.000
5148000.000
5298000.000
5143000.000
5079000.000
5018000.000
5018000.000
5067000.000
5225000.000
5299000.000
5566000.000
5602000.000
5739000.000
5748000.000
5622000.000
5508000.000
5251000.000
5085000.000
4920000.000
4857000.000
4939000.000
4970000.000
5052000.000
5156000.000
5199000.000
5112000.000
5189000.000
4988000.000
4966000.000
4945000.000
4983000.000
5160000.000
4993000.000
5110000.000
5119000.000
5155000.000
5225000.000
5108000.000
5066000.000
5033000.000
5073000.000
5108000.000
5142000.000
5180000.000
5120000.000
5075000.000
5020000.000
5096000.000
5076000.000
5059000.000
4994000.000
4966000.000
5011000.000
5007000.000
5050000.000
5126000.000
5083000.000
5280000.000
5157000.000
5051000.000
5031000.000
5090000.000
5017000.000
5003000.000
5012000.000
4954000.000
5085000.000
5281000.000
5380000.000
5299000.000
5263000.000
5134000.000
5204000.000
5126000.000
5070000.000
4958000.000
4868000.000
4840000.000
4828000.000
4705000.000
4793000.000
4758000.000
4780000.000
5034000.000
5078000.000
5145000.000
5113000.000
5091000.000
5100000.000
4949000.000
5002000.000
4772000.000
4893000.000
4921000.000
4875000.000
4891000.000
4978000.000
5091000.000
5144000.000
5072000.000
5153000.000
4981000.000
5026000.000
5000000.000
5044000.000
4974000.000
5134000.000
5204000.000
5114000.000
5289000.000
5240000.000
5293000.000
5230000.000
5189000.000
5161000.000
5058000.000
4997000.000
4971000.000
5007000.000
5012000.000
5199000.000
5176000.000
5336000.000
5338000.000
5395000.000
5301000.000
5358000.000
5388000.000
5362000.000
5544000.000
5547000.000
5453000.000
5536000.000
5534000.000
5630000.000
5468000.000
5612000.000
5686000.000
5556000.000
5443000.000
5418000.000
5395000.000
5343000.000
5311000.000
5140000.000
5229000.000
5170000.000
5047000.000
5174000.000
5135000.000
5193000.000
5149000.000
5005000.000
5041000.000
5068000.000
4952000.000
4821000.000
4937000.000
4988000.000
4940000.000
5010000.000
5047000.000
5012000.000
5034000.000
5104000.000
5049000.000
5018000.000
5053000.000
5011000.000
5088000.000
5082000.000
5164000.000
5086000.000
5074000.000
5020000.000
4961000.000
4962000.000
4820000.000
4704000.000
4730000.000
4716000.000
4620000.000
4765000.000
4811000.000
4922000.000
4967000.000
4892000.000
4974000.000
5019000.000
5217000.000
5149000.000
5068000.000
5294000.000
5244000.000
5300000.000
5303000.000
5383000.000
5285000.000
5257000.000
5286000.000
5247000.000
5257000.000
5235000.000
5167000.000
5132000.000
5138000.000
5059000.000
5140000.000
5319000.000
5395000.000
5672000.000
5626000.000
5742000.000
5776000.000
5659000.000
5592000.000
5357000.000
5207000.000
4969000.000
4985000.000
4958000.000
5111000.000
5096000.000
5151000.000
5086000.000
5078000.000
5174000.000
4945000.000
4994000.000
5006000.000
4937000.000
5033000.000
5013000.000
4896000.000
5080000.000
5061000.000
5133000.000
5046000.000
4992000.000
5032000.000
5035000.000
4971000.000
5122000.000
5118000.000
5110000.000
5022000.000
5200000.000
5079000.000
5104000.000
5038000.000
5129000.000
4998000.000
5041000.000
4973000.000
5087000.000
5005000.000
5027000.000
5148000.000
5089000.000
5094000.000
4951000.000
4939000.000
5117000.000
5052000.000
4980000.000
4971000.000
5054000.000
5243000.000
5345000.000
5328000.000
5268000.000
5268000.000
5118000.000
5162000.000
4974000.000
5051000.000
5052000.000
4842000.000
4779000.000
4801000.000
4705000.000
4718000.000
4714000.000
4896000.000
4971000.000
4954000.000
5095000.000
5011000.000
5013000.000
4954000.000
4959000.000
4868000.000
4863000.000
4796000.000
4822000.000
4933000.000
4947000.000
5031000.000
4952000.000
4999000.000
5103000.000
5085000.000
5046000.000
5148000.000
5141000.000
5106000.000
5220000.000
5333000.000
5256000.000
5208000.000
5320000.000
5228000.000
5131000.000
5122000.000
5180000.000
5036000.000
5056000.000
4990000.000
5132000.000
5071000.000
5215000.000
5281000.000
5335000.000
5481000.000
5523000.000
5428000.000
5443000.000
5440000.000
5330000.000
5646000.000
5661000.000
5549000.000
5641000.000
5662000.000
5646000.000
5703000.000
5651000.000
5542000.000
5640000.000
5479000.000
5525000.000
5372000.000
5377000.000
5242000.000
5285000.000
5248000.000
5131000.000
5186000.000
5101000.000
5144000.000
5153000.000
5114000.000
4947000.000
5015000.000
4796000.000
4908000.000
4895000.000
4821000.000
5044000.000
5027000.000
4939000.000
5032000.000
5095000.000
5142000.000
5088000.000
4941000.000
4986000.000
5026000.000
5034000.000
5174000.000
5135000.000
5026000.000
5073000.000
5046000.000
5015000.000
4893000.000
4926000.000
4771000.000
4790000.000
4753000.000
4773000.000
4720000.000
4744000.000
4749000.000
4777000.000
4689000.000
4845000.000
4862000.000
4953000.000
4860000.000
5068000.000
5181000.000
5151000.000
5200000.000
5248000.000
5328000.000
5292000.000
5433000.000
5379000.000
5439000.000
5347000.000
5287000.000
5287000.000
5161000.000
5181000.000
5105000.000
5050000.000
5022000.000
4941000.000
5152000.000
5241000.000
5428000.000
5417000.000
5631000.000
5718000.000
5600000.000
5591000.000
5563000.000
5367000.000
5179000.000
5121000.000
5168000.000
5052000.000
4913000.000
5178000.000
5105000.000
5024000.000
5151000.000
4951000.000
5046000.000
5024000.000
5074000.000
4964000.000
5005000.000
5052000.000
5064000.000
4961000.000
5066000.000
4937000.000
5065000.000
4989000.000
5111000.000
5039000.000
4941000.000
5079000.000
5232000.000
5194000.000
5135000.000
5093000.000
5203000.000
4940000.000
5054000.000
4962000.000
4920000.000
4935000.000
4972000.000
5023000.000
4966000.000
5064000.000
5027000.000
5054000.000
5049000.000
4958000.000
4991000.000
4903000.000
5022000.000
4947000.000
5081000.000
4975000.000
5224000.000
5322000.000
5277000.000
5271000.000
5325000.000
5254000.000
5295000.000
5156000.000
5200000.000
5008000.000
4965000.000
4965000.000
4744000.000
4814000.000
4722000.000
4716000.000
4812000.000
4924000.000
4920000.000
4971000.000
4992000.000
4902000.000
4904000.000
4847000.000
4934000.000
4920000.000
4815000.000
4780000.000
4719000.000
4858000.000
4997000.000
5024000.000
4985000.000
5028000.000
5072000.000
5110000.000
5019000.000
5093000.000
5178000.000
5110000.000
5135000.000
5220000.000
5208000.000
5268000.000
5199000.000
5096000.000
5235000.000
5028000.000
5030000.000
5134000.000
5088000.000
5266000.000
5308000.000
5463000.000
5468000.000
5569000.000
5623000.000
5547000.000
5636000.000
5641000.000
5583000.000
5558000.000
5543000.000
5600000.000
5650000.000
5638000.000
5695000.000
5866000.000
5756000.000
5681000.000
5715000.000
5544000.000
5362000.000
5455000.000
5397000.000
5335000.000
5294000.000
5315000.000
5239000.000
5173000.000
5137000.000
5058000.000
5018000.000
5129000.000
5099000.000
4851000.000
4743000.000
4845000.000
4929000.000
4863000.000
4857000.000
4933000.000
4838000.000
5032000.000
5121000.000
5089000.000
5065000.000
5015000.000
5006000.000
4996000.000
5018000.000
4976000.000
4974000.000
5062000.000
5082000.000
5020000.000
4941000.000
4863000.000
4960000.000
4931000.000
4746000.000
4716000.000
4710000.000
4663000.000
4679000.000
4785000.000
4818000.000
4807000.000
4873000.000
4858000.000
4838000.000
4736000.000
5115000.000
5140000.000
5192000.000
5305000.000
5347000.000
5358000.000
5453000.000
5420000.000
5385000.000
5357000.000
5317000.000
5448000.000
5259000.000
5199000.000
5065000.000
5049000.000
4968000.000
5078000.000
5054000.000
5318000.000
5443000.000
5350000.000
5513000.000
5592000.000
5663000.000
5592000.000
5500000.000
5368000.000
5289000.000
5236000.000
5221000.000
5079000.000
5082000.000
5110000.000
5020000.000
5018000.000
5135000.000
5159000.000
4975000.000
5039000.000
5036000.000
4968000.000
4986000.000
5014000.000
5119000.000
4998000.000
5001000.000
5050000.000
5106000.000
5057000.000
5017000.000
5039000.000
5047000.000
5123000.000
5120000.000
5123000.000
5126000.000
5211000.000
5158000.000
5002000.000
5002000.000
4837000.000
4989000.000
4893000.000
4982000.000
4967000.000
5025000.000
4962000.000
4882000.000
4974000.000
5104000.000
4985000.000
4963000.000
4926000.000
4868000.000
4924000.000
5075000.000
5072000.000
5173000.000
5303000.000
5403000.000
5341000.000
5345000.000
5264000.000
5148000.000
5259000.000
5073000.000
5141000.000
5016000.000
4979000.000
4936000.000
4801000.000
4767000.000
4795000.000
4854000.000
4801000.000
4860000.000
4976000.000
4949000.000
5044000.000
4936000.000
4983000.000
5015000.000
4872000.000
4911000.000
4977000.000
4826000.000
4982000.000
4974000.000
5020000.000
4983000.000
5023000.000
5137000.000
5037000.000
4977000.000
5071000.000
5185000.000
5147000.000
5139000.000
5219000.000
5269000.000
5094000.000
5172000.000
5184000.000
5218000.000
5184000.000
5143000.000
5115000.000
4987000.000
5222000.000
5265000.000
5488000.000
5507000.000
5641000.000
5630000.000
5570000.000
5649000.000
5687000.000
5674000.000
5687000.000
5563000.000
5672000.000
5626000.000
5708000.000
5817000.000
5698000.000
5836000.000
5655000.000
5616000.000
5550000.000
5558000.000
5438000.000
5412000.000
5506000.000
5314000.000
5287000.000
5215000.000
5315000.000
5136000.000
5087000.000
5199000.000
5144000.000
5104000.000
4881000.000
4942000.000
4793000.000
4855000.000
4858000.000
4854000.000
4925000.000
4965000.000
5045000.000
5012000.000
5049000.000
5132000.000
5094000.000
5070000.000
5075000.000
4954000.000
4930000.000
5022000.000
4975000.000
5000000.000
4969000.000
4943000.000
5011000.000
4931000.000
4860000.000
4850000.000
4667000.000
4699000.000
4649000.000
4684000.000
4705000.000
4749000.000
4818000.000
4731000.000
4908000.000
4790000.000
4793000.000
4815000.000
5088000.000
5158000.000
5112000.000
5244000.000
5364000.000
5270000.000
5313000.000
5452000.000
5351000.000
5374000.000
5418000.000
5316000.000
5308000.000
5423000.000
5233000.000
5083000.000
5070000.000
5089000.000
4978000.000
5315000.000
5348000.000
5362000.000
5416000.000
5469000.000
5503000.000
5714000.000
5565000.000
5487000.000
5356000.000
5299000.000
5264000.000
5217000.000
5002000.000
5160000.000
5178000.000
5076000.000
5083000.000
5096000.000
5045000.000
4994000.000
5013000.000
5048000.000
4967000.000
4980000.000
4918000.000
4974000.000
5032000.000
4939000.000
5058000.000
4920000.000
5039000.000
5050000.000
5042000.000
5151000.000
5088000.000
5122000.000
5273000.000
5112000.000
5167000.000
5089000.000
5036000.000
5056000.000
4785000.000
4786000.000
4891000.000
4830000.000
4888000.000
4900000.000
4868000.000
4884000.000
4829000.000
4933000.000
4849000.000
4916000.000
4820000.000
4936000.000
5015000.000
5024000.000
5049000.000
5222000.000
5356000.000
5421000.000
5260000.000
5290000.000
5269000.000
5323000.000
5237000.000
5204000.000
5051000.000
5198000.000
5128000.000
4950000.000
4922000.000
4918000.000
4765000.000
4877000.000
4929000.000
4918000.000
5050000.000
4980000.000
5004000.000
4971000.000
5009000.000
4868000.000
4908000.000
4841000.000
4843000.000
4949000.000
4945000.000
4973000.000
4945000.000
4995000.000
4903000.000
5034000.000
5084000.000
5013000.000
5118000.000
5231000.000
5161000.000
5179000.000
5050000.000
5148000.000
5239000.000
5226000.000
5282000.000
5094000.000
5196000.000
5241000.000
5140000.000
5162000.000
5414000.000
5461000.000
5605000.000
5679000.000
5715000.000
5636000.000
5732000.000
5578000.000
5575000.000
5448000.000
5620000.000
5525000.000
5588000.000
5694000.000
5654000.000
5653000.000
5723000.000
5622000.000
5577000.000
5531000.000
5519000.000
5485000.000
5379000.000
5355000.000
5302000.000
5247000.000
5305000.000
5207000.000
5149000.000
5151000.000
4980000.000
5083000.000
5072000.000
4948000.000
4926000.000
4945000.000
4866000.000
4893000.000
4847000.000
4802000.000
4905000.000
4901000.000
4909000.000
4965000.000
4992000.000
5051000.000
5070000.000
5109000.000
5068000.000
5119000.000
5018000.000
5078000.000
4988000.000
4902000.000
4966000.000
4930000.000
4895000.000
4886000.000
4849000.000
4765000.000
4791000.000
4796000.000
4665000.000
4725000.000
4643000.000
4774000.000
4722000.000
4809000.000
4789000.000
4799000.000
4816000.000
5090000.000
5221000.000
5211000.000
5203000.000
5205000.000
5329000.000
5325000.000
5329000.000
5480000.000
5352000.000
5246000.000
5322000.000
5230000.000
5242000.000
5136000.000
5287000.000
5137000.000
5266000.000
5374000.000
5313000.000
5355000.000
5443000.000
5345000.000
5547000.000
5633000.000
5365000.000
5414000.000
5484000.000
5367000.000
5374000.000
5223000.000
5245000.000
5194000.000
5203000.000
5131000.000
5001000.000
5050000.000
5095000.000
5085000.000
5042000.000
4944000.000
4977000.000
4960000.000
4930000.000
4914000.000
4889000.000
4893000.000
4997000.000
5021000.000
5155000.000
4969000.000
5097000.000
5060000.000
5129000.000
4992000.000
5115000.000
5169000.000
5269000.000
5053000.000
5010000.000
4925000.000
4888000.000
4812000.000
4832000.000
4908000.000
4794000.000
4779000.000
4940000.000
4827000.000
4871000.000
4847000.000
4905000.000
4944000.000
4926000.000
4939000.000
5004000.000
5079000.000
4956000.000
5223000.000
5334000.000
5346000.000
5328000.000
5335000.000
5314000.000
5350000.000
5219000.000
5319000.000
5310000.000
5189000.000
5213000.000
4951000.000
4876000.000
4941000.000
4875000.000
4862000.000
4968000.000
4998000.000
4971000.000
5028000.000
5030000.000
5071000.000
5122000.000
5011000.000
4914000.000
4816000.000
4796000.000
4887000.000
4927000.000
4901000.000
4948000.000
4924000.000
5153000.000
5030000.000
4979000.000
4999000.000
5073000.000
5034000.000
5185000.000
5109000.000
5138000.000
5003000.000
5216000.000
5184000.000
5162000.000
5161000.000
5222000.000
5187000.000
5139000.000
5305000.000
5491000.000
5614000.000
5479000.000
5562000.000
5745000.000
5696000.000
5657000.000
5657000.000
5443000.000
5438000.000
5592000.000
5488000.000
5538000.000
5612000.000
5603000.000
5683000.000
5737000.000
5594000.000
5616000.000
5400000.000
5433000.000
5384000.000
5351000.000
5316000.000
5409000.000
5385000.000
5230000.000
5261000.000
5138000.000
5161000.000
5053000.000
5120000.000
4982000.000
5013000.000
4956000.000
4847000.000
4833000.000
4802000.000
4798000.000
4816000.000
4856000.000
4950000.000
4977000.000
4944000.000
4996000.000
5018000.000
5024000.000
5053000.000
4989000.000
5008000.000
5005000.000
4991000.000
4967000.000
4936000.000
4994000.000
4982000.000
4948000.000
4915000.000
4782000.000
4744000.000
4736000.000
4823000.000
4647000.000
4728000.000
4648000.000
4733000.000
4789000.000
4630000.000
4755000.000
4805000.000
4766000.000
4826000.000
5221000.000
5087000.000
5166000.000
5198000.000
5298000.000
5275000.000
5414000.000
5328000.000
5206000.000
5462000.000
5326000.000
5299000.000
5333000.000
5238000.000
5196000.000
5344000.000
5251000.000
5393000.000
5426000.000
5487000.000
5557000.000
5486000.000
5419000.000
5443000.000
5360000.000
5419000.000
5269000.000
5326000.000
5349000.000
5300000.000
5352000.000
5210000.000
5224000.000
5162000.000
5223000.000
5108000.000
5011000.000
5046000.000
5069000.000
5025000.000
5025000.000
4953000.000
4947000.000
4958000.000
4933000.000
4860000.000
5075000.000
4928000.000
5088000.000
5110000.000
5112000.000
4997000.000
5179000.000
5112000.000
5215000.000
5198000.000
5148000.000
5170000.000
5182000.000
5122000.000
5012000.000
4942000.000
4830000.000
4763000.000
4728000.000
4743000.000
4735000.000
4759000.000
4816000.000
4732000.000
4976000.000
4976000.000
5005000.000
4989000.000
4924000.000
4851000.000
4998000.000
4949000.000
5134000.000
5279000.000
5227000.000
5301000.000
5245000.000
5207000.000
5277000.000
5290000.000
5268000.000
5425000.000
5286000.000
5201000.000
5262000.000
5154000.000
4968000.000
4875000.000
4918000.000
4791000.000
4824000.000
4827000.000
5002000.000
5125000.000
5066000.000
5104000.000
5038000.000
4992000.000
4912000.000
4800000.000
4896000.000
4777000.000
4909000.000
4829000.000
4959000.000
4919000.000
4925000.000
5023000.000
4880000.000
4986000.000
5110000.000
4903000.000
5196000.000
5073000.000
5185000.000
5093000.000
5122000.000
5167000.000
5113000.000
5189000.000
5224000.000
5339000.000
5371000.000
5445000.000
5507000.000
5588000.000
5646000.000
5574000.000
5727000.000
5527000.000
5497000.000
5391000.000
5415000.000
5387000.000
5439000.000
5520000.000
5345000.000
5416000.000
5610000.000
5529000.000
5556000.000
5599000.000
5540000.000
5239000.000
5234000.000
5315000.000
5342000.000
5410000.000
5347000.000
5369000.000
5318000.000
5205000.000
5235000.000
5183000.000
5048000.000
4915000.000
5011000.000
4948000.000
5039000.000
4875000.000
4924000.000
4904000.000
4930000.000
4913000.000
4917000.000
4895000.000
4957000.000
4974000.000
5123000.000
5005000.000
4991000.000
5029000.000
5004000.000
5059000.000
5037000.000
4924000.000
4932000.000
4893000.000
4903000.000
4950000.000
4948000.000
4854000.000
4889000.000
4816000.000
4875000.000
4714000.000
4771000.000
4701000.000
4632000.000
4657000.000
4658000.000
4801000.000
4792000.000
4761000.000
4854000.000
5041000.000
5227000.000
5099000.000
5248000.000
5132000.000
5190000.000
5220000.000
5190000.000
5224000.000
5244000.000
5313000.000
5379000.000
5310000.000
5321000.000
5294000.000
5334000.000
5422000.000
5415000.000
5558000.000
5597000.000
5590000.000
5581000.000
5581000.000
5306000.000
5305000.000
5431000.000
5279000.000
5272000.000
5224000.000
5239000.000
5217000.000
5311000.000
5227000.000
5125000.000
5176000.000
5143000.000
5115000.000
5123000.000
5170000.000
5101000.000
5007000.000
4942000.000
5008000.000
4945000.000
4993000.000
4959000.000
5061000.000
5058000.000
5135000.000
5104000.000
5085000.000
5198000.000
5039000.000
5114000.000
5251000.000
4984000.000
5190000.000
5178000.000
5097000.000
4910000.000
4922000.000
4718000.000
4700000.000
4634000.000
4554000.000
4644000.000
4725000.000
4809000.000
4929000.000
5004000.000
5126000.000
4905000.000
5026000.000
4917000.000
5003000.000
5015000.000
4943000.000
5159000.000
5184000.000
5219000.000
5332000.000
5288000.000
5058000.000
5186000.000
5248000.000
5160000.000
5362000.000
5221000.000
5205000.000
5329000.000
5214000.000
5042000.000
4990000.000
4948000.000
4779000.000
4945000.000
4961000.000
4947000.000
5255000.000
5074000.000
5183000.000
5097000.000
5053000.000
5024000.000
4875000.000
4876000.000
4849000.000
4779000.000
4980000.000
4906000.000
4849000.000
4857000.000
4916000.000
4899000.000
4999000.000
4983000.000
4966000.000
4977000.000
5100000.000
5218000.000
5142000.000
5170000.000
5095000.000
5204000.000
5205000.000
5299000.000
5553000.000
5415000.000
5452000.000
5587000.000
5601000.000
5643000.000
5765000.000
5585000.000
5601000.000
5517000.000
5437000.000
5282000.000
5308000.000
5259000.000
5378000.000
5427000.000
5474000.000
5449000.000
5426000.000
5438000.000
5404000.000
5273000.000
5380000.000
5300000.000
5279000.000
5350000.000
5278000.000
5287000.000
5162000.000
5266000.000
5253000.000
5099000.000
5183000.000
5155000.000
5059000.000
5019000.000
5021000.000
4928000.000
5013000.000
4840000.000
4935000.000
5059000.000
4836000.000
4920000.000
4805000.000
4955000.000
4898000.000
5092000.000
4990000.000
5141000.000
5072000.000
5057000.000
5113000.000
5054000.000
4882000.000
4901000.000
4858000.000
4815000.000
4940000.000
4942000.000
4951000.000
5090000.000
4957000.000
4793000.000
4744000.000
4685000.000
4572000.000
4630000.000
4593000.000
4614000.000
4732000.000
4738000.000
4886000.000
4887000.000
4857000.000
5068000.000
5131000.000
5182000.000
5179000.000
5140000.000
5118000.000
5238000.000
5132000.000
5309000.000
5171000.000
5292000.000
5214000.000
5277000.000
5293000.000
5245000.000
5385000.000
5330000.000
5514000.000
5471000.000
5732000.000
5634000.000
5675000.000
5583000.000
5427000.000
5389000.000
5170000.000
5251000.000
5210000.000
5195000.000
5163000.000
5264000.000
5214000.000
5319000.000
5219000.000
5189000.000
5170000.000
5088000.000
5135000.000
5089000.000
5211000.000
5080000.000
5014000.000
4982000.000
5054000.000
5028000.000
5019000.000
5168000.000
4999000.000
5155000.000
5171000.000
5170000.000
5129000.000
5078000.000
5120000.000
5079000.000
5119000.000
5059000.000
5248000.000
5049000.000
5117000.000
5055000.000
4838000.000
4785000.000
4661000.000
4669000.000
4567000.000
4680000.000
4701000.000
4866000.000
4926000.000
4963000.000
4985000.000
4986000.000
5086000.000
4955000.000
5035000.000
5060000.000
5103000.000
5255000.000
5269000.000
5294000.000
5248000.000
5224000.000
5200000.000
5156000.000
5134000.000
5230000.000
5424000.000
5298000.000
5281000.000
5203000.000
5110000.000
5069000.000
4975000.000
4864000.000
4795000.000
4795000.000
4919000.000
5015000.000
5080000.000
5133000.000
5144000.000
5047000.000
5166000.000
4908000.000
4914000.000
4840000.000
4880000.000
4900000.000
4822000.000
4959000.000
4819000.000
4868000.000
4828000.000
5005000.000
5043000.000
5072000.000
4964000.000
5173000.000
5194000.000
5193000.000
5091000.000
5138000.000
5096000.000
5147000.000
5158000.000
5158000.000
5267000.000
5389000.000
5625000.000
5723000.000
5783000.000
5794000.000
5591000.000
5606000.000
5408000.000
5298000.000
5302000.000
5204000.000
5072000.000
5258000.000
5241000.000
5479000.000
5437000.000
5419000.000
5452000.000
5279000.000
5288000.000
5323000.000
5231000.000
5225000.000
5168000.000
5279000.000
5260000.000
5305000.000
5397000.000
5263000.000
5168000.000
5182000.000
5073000.000
5122000.000
5147000.000
5082000.000
4983000.000
5006000.000
5092000.000
5069000.000
5013000.000
5056000.000
5048000.000
4963000.000
4858000.000
4961000.000
4952000.000
5048000.000
5159000.000
5096000.000
5169000.000
5038000.000
5115000.000
5055000.000
4931000.000
4978000.000
4885000.000
4903000.000
5041000.000
4874000.000
4929000.000
5059000.000
5023000.000
4885000.000
4810000.000
4798000.000
4663000.000
4630000.000
4699000.000
4715000.000
4722000.000
4845000.000
4922000.000
4855000.000
5108000.000
5087000.000
5091000.000
5079000.000
5032000.000
5124000.000
5174000.000
5134000.000
5207000.000
5071000.000
5131000.000
5086000.000
5138000.000
5219000.000
5471000.000
5328000.000
5462000.000
5568000.000
5519000.000
5685000.000
5555000.000
5519000.000
5508000.000
5314000.000
5137000.000
5174000.000
5221000.000
5247000.000
5276000.000
5227000.000
5188000.000
5254000.000
5139000.000
5179000.000
5068000.000
5199000.000
5123000.000
5129000.000
5056000.000
5151000.000
5058000.000
4977000.000
5118000.000
4945000.000
5075000.000
4945000.000
5257000.000
4989000.000
5058000.000
5249000.000
5057000.000
5101000.000
5039000.000
5127000.000
5130000.000
5159000.000
5151000.000
5138000.000
5117000.000
4983000.000
4922000.000
4842000.000
4730000.000
4777000.000
4598000.000
4665000.000
4701000.000
4859000.000
4860000.000
4988000.000
5079000.000
5168000.000
5057000.000
5097000.000
5119000.000
5059000.000
5051000.000
5184000.000
5134000.000
5253000.000
5249000.000
5187000.000
5145000.000
5250000.000
5099000.000
5211000.000
5306000.000
5278000.000
5310000.000
5191000.000
5214000.000
5100000.000
5064000.000
4944000.000
4796000.000
4825000.000
4719000.000
4939000.000
5094000.000
5134000.000
5095000.000
5104000.000
5078000.000
4949000.000
4887000.000
4928000.000
4801000.000
5005000.000
4891000.000
4892000.000
4673000.000
4895000.000
4705000.000
4847000.000
4952000.000
4856000.000
5036000.000
5015000.000
5091000.000
5037000.000
5110000.000
5117000.000
5064000.000
5069000.000
5153000.000
5346000.000
5297000.000
5373000.000
5416000.000
5626000.000
5671000.000
5787000.000
5529000.000
5496000.000
5466000.000
5276000.000
5037000.000
5021000.000
5082000.000
5060000.000
5163000.000
5214000.000
5292000.000
5242000.000
5270000.000
5313000.000
5155000.000
5270000.000
5223000.000
5330000.000
5374000.000
5349000.000
5293000.000
5295000.000
5229000.000
5344000.000
5172000.000
5142000.000
5117000.000
5173000.000
5117000.000
5035000.000
5161000.000
5004000.000
4954000.000
5170000.000
5055000.000
4978000.000
4983000.000
5022000.000
5093000.000
5000000.000
5032000.000
5026000.000
5078000.000
5224000.000
5211000.000
5299000.000
5096000.000
5042000.000
4934000.000
4973000.000
4892000.000
4997000.000
4995000.000
4949000.000
5020000.000
4937000.000
5054000.000
4894000.000
4903000.000
4777000.000
4684000.000
4703000.000
4738000.000
4598000.000
4810000.000
4769000.000
4881000.000
4881000.000
4924000.000
5038000.000
4996000.000
5052000.000
5007000.000
5123000.000
5011000.000
5051000.000
5207000.000
5011000.000
5130000.000
5121000.000
5090000.000
5015000.000
5302000.000
5238000.000
5315000.000
5337000.000
5570000.000
5675000.000
5675000.000
5766000.000
5585000.000
5511000.000
5460000.000
5333000.000
5231000.000
5095000.000
5262000.000
5226000.000
5234000.000
5262000.000
5256000.000
5263000.000
5267000.000
5143000.000
5151000.000
5212000.000
5160000.000
5017000.000
5115000.000
4996000.000
4982000.000
5013000.000
4928000.000
4967000.000
5007000.000
4896000.000
5048000.000
5129000.000
5068000.000
5131000.000
5018000.000
5086000.000
5133000.000
5064000.000
5185000.000
5151000.000
5136000.000
5110000.000
5178000.000
5037000.000
4930000.000
4754000.000
4620000.000
4677000.000
4693000.000
4672000.000
4789000.000
4732000.000
4882000.000
4947000.000
5035000.000
5096000.000
5047000.000
5043000.000
5075000.000
5116000.000
5275000.000
5244000.000
5419000.000
5267000.000
5234000.000
5246000.000
5191000.000
5109000.000
5095000.000
5155000.000
5212000.000
5304000.000
5301000.000
5183000.000
5107000.000
5074000.000
4976000.000
4786000.000
4789000.000
4868000.000
4780000.000
4970000.000
5006000.000
5052000.000
5152000.000
5093000.000
5025000.000
4950000.000
5038000.000
4899000.000
4987000.000
4877000.000
4895000.000
4844000.000
4888000.000
4721000.000
4810000.000
4756000.000
4908000.000
5034000.000
5016000.000
5046000.000
5067000.000
5150000.000
5127000.000
4995000.000
5178000.000
5177000.000
5071000.000
5293000.000
5230000.000
5367000.000
5489000.000
5491000.000
5637000.000
5732000.000
5655000.000
5381000.000
5251000.000
5275000.000
5157000.000
5148000.000
5074000.000
5106000.000
5064000.000
5192000.000
5233000.000
5298000.000
5352000.000
5228000.000
5276000.000
5397000.000
5297000.000
5300000.000
5372000.000
5365000.000
5296000.000
5358000.000
5294000.000
5320000.000
5337000.000
5254000.000
5122000.000
5125000.000
5200000.000
5162000.000
5124000.000
5138000.000
5036000.000
5055000.000
5092000.000
5044000.000
5011000.000
4866000.000
4922000.000
4999000.000
5027000.000
5031000.000
5097000.000
5203000.000
5257000.000
5264000.000
5085000.000
5081000.000
4962000.000
5035000.000
4944000.000
5034000.000
4946000.000
5062000.000
5044000.000
4966000.000
4886000.000
4828000.000
4953000.000
4751000.000
4740000.000
4693000.000
4699000.000
4677000.000
4876000.000
4871000.000
4958000.000
4809000.000
4913000.000
5013000.000
5067000.000
5135000.000
5071000.000
4992000.000
5177000.000
5249000.000
5098000.000
4919000.000
5072000.000
5035000.000
5134000.000
5157000.000
5273000.000
5394000.000
5565000.000
5672000.000
5810000.000
5769000.000
5600000.000
5543000.000
5308000.000
5256000.000
5200000.000
5093000.000
5081000.000
5063000.000
5251000.000
5168000.000
5321000.000
5269000.000
5181000.000
5113000.000
4958000.000
5133000.000
5154000.000
5018000.000
5161000.000
4957000.000
4959000.000
4964000.000
4882000.000
4898000.000
4962000.000
5063000.000
4978000.000
4925000.000
5020000.000
4875000.000
4999000.000
5086000.000
5014000.000
5062000.000
5119000.000
5163000.000
5195000.000
5307000.000
5122000.000
4953000.000
4954000.000
4790000.000
4788000.000
4727000.000
4742000.000
4672000.000
4685000.000
4897000.000
4940000.000
5081000.000
5043000.000
4986000.000
5095000.000
4958000.000
4930000.000
5125000.000
5218000.000
5363000.000
5263000.000
5240000.000
5295000.000
5229000.000
5122000.000
5236000.000
5197000.000
5194000.000
5238000.000
5267000.000
5262000.000
5174000.000
5102000.000
4957000.000
5021000.000
4867000.000
4841000.000
4942000.000
4866000.000
4843000.000
4978000.000
5006000.000
4995000.000
5048000.000
4986000.000
4995000.000
4961000.000
4911000.000
4981000.000
4931000.000
5003000.000
4906000.000
4909000.000
4776000.000
4896000.000
4903000.000
4968000.000
4987000.000
4859000.000
4974000.000
4995000.000
5063000.000
5089000.000
5099000.000
5034000.000
5113000.000
5070000.000
5164000.000
5257000.000
5393000.000
5529000.000
5662000.000
5736000.000
5535000.000
5518000.000
5387000.000
5360000.000
5101000.000
5029000.000
4947000.000
5108000.000
5187000.000
5238000.000
5260000.000
5192000.000
5193000.000
5225000.000
5310000.000
5318000.000
5361000.000
5242000.000
5357000.000
5390000.000
5484000.000
5447000.000
5588000.000
5476000.000
5429000.000
5385000.000
5259000.000
5270000.000
5140000.000
5124000.000
5152000.000
5166000.000
5164000.000
5100000.000
4982000.000
5057000.000
4986000.000
5084000.000
5085000.000
4951000.000
4844000.000
4873000.000
5002000.000
5057000.000
5077000.000
5265000.000
5184000.000
5219000.000
5163000.000
4998000.000
5023000.000
4966000.000
4872000.000
4971000.000
4947000.000
4973000.000
5029000.000
4931000.000
4901000.000
4810000.000
4833000.000
4745000.000
4668000.000
4768000.000
4811000.000
4752000.000
4807000.000
4845000.000
4770000.000
4990000.000
5033000.000
5063000.000
4992000.000
5081000.000
5079000.000
5009000.000
5064000.000
4980000.000
5061000.000
5154000.000
5013000.000
5117000.000
5139000.000
4985000.000
5146000.000
5217000.000
5347000.000
5560000.000
5597000.000
5580000.000
5610000.000
5686000.000
5435000.000
5343000.000
5202000.000
5185000.000
5159000.000
5082000.000
5190000.000
5136000.000
5139000.000
5225000.000
5191000.000
5085000.000
5065000.000
5047000.000
4980000.000
5107000.000
5138000.000
5016000.000
4929000.000
4962000.000
4873000.000
4955000.000
4798000.000
4953000.000
4864000.000
4878000.000
4938000.000
4945000.000
5127000.000
4978000.000
4912000.000
5063000.000
5096000.000
5035000.000
5281000.000
5295000.000
5147000.000
5240000.000
5188000.000
5085000.000
4890000.000
4895000.000
4742000.000
4886000.000
4803000.000
4887000.000
4986000.000
5008000.000
4893000.000
5032000.000
5103000.000
5044000.000
5021000.000
5100000.000
5231000.000
5172000.000
5317000.000
5346000.000
5203000.000
5334000.000
5292000.000
5237000.000
5248000.000
5282000.000
5354000.000
5267000.000
5339000.000
5228000.000
5219000.000
5095000.000
5102000.000
4993000.000
4790000.000
4847000.000
4815000.000
4921000.000
5054000.000
5162000.000
5176000.000
5249000.000
5144000.000
5120000.000
5042000.000
5167000.000
4982000.000
5008000.000
4919000.000
4991000.000
4906000.000
4964000.000
4898000.000
4843000.000
4829000.000
5047000.000
5053000.000
5237000.000
5130000.000
5026000.000
5084000.000
5000000.000
5040000.000
4985000.000
5064000.000
4996000.000
5151000.000
5236000.000
5385000.000
5462000.000
5525000.000
5668000.000
5561000.000
5476000.000
5367000.000
5348000.000
5171000.000
5019000.000
5051000.000
5082000.000
5079000.000
5169000.000
5229000.000
5276000.000
5361000.000
5302000.000
5351000.000
5291000.000
5424000.000
5307000.000
5539000.000
5581000.000
5696000.000
5647000.000
5687000.000
5606000.000
5486000.000
5457000.000
5312000.000
5232000.000
5147000.000
5270000.000
5225000.000
5069000.000
5155000.000
5281000.000
5038000.000
5032000.000
5114000.000
5110000.000
5024000.000
5070000.000
4983000.000
5197000.000
4998000.000
5067000.000
5194000.000
5231000.000
5280000.000
5307000.000
5180000.000
5160000.000
5013000.000
5012000.000
4909000.000
4957000.000
4953000.000
4961000.000
5109000.000
5095000.000
4935000.000
4863000.000
4903000.000
4892000.000
4938000.000
4856000.000
4843000.000
4844000.000
5002000.000
4932000.000
4939000.000
5209000.000
5097000.000
5062000.000
5015000.000
5132000.000
5063000.000
5003000.000
5091000.000
5004000.000
5107000.000
5046000.000
5062000.000
4992000.000
5092000.000
5201000.000
5315000.000
5369000.000
5514000.000
5516000.000
5627000.000
5443000.000
5431000.000
5256000.000
5257000.000
5164000.000
5203000.000
5107000.000
5174000.000
5205000.000
5134000.000
5089000.000
5027000.000
4993000.000
4983000.000
5055000.000
5019000.000
4905000.000
5035000.000
5174000.000
4998000.000
5050000.000
4937000.000
4872000.000
4801000.000
4953000.000
4810000.000
4916000.000
4984000.000
4950000.000
4886000.000
5010000.000
5019000.000
5099000.000
5056000.000
5051000.000
5119000.000
5212000.000
5171000.000
5215000.000
5249000.000
5072000.000
4964000.000
4911000.000
4862000.000
4681000.000
4942000.000
4906000.000
4914000.000
5072000.000
4935000.000
5108000.000
4992000.000
5056000.000
5090000.000
5130000.000
5142000.000
5193000.000
5269000.000
5172000.000
5285000.000
5232000.000
5363000.000
5362000.000
5284000.000
5266000.000
5359000.000
5388000.000
5399000.000
5328000.000
5326000.000
5149000.000
5050000.000
5033000.000
4925000.000
4985000.000
4883000.000
4926000.000
4983000.000
4883000.000
5004000.000
5176000.000
5106000.000
5122000.000
5201000.000
5110000.000
4993000.000
5050000.000
5010000.000
5006000.000
4916000.000
4948000.000
4912000.000
4977000.000
4993000.000
5053000.000
5211000.000
5282000.000
5186000.000
5114000.000
5107000.000
5157000.000
5030000.000
5059000.000
4954000.000
5151000.000
5105000.000
5178000.000
5433000.000
5479000.000
5509000.000
5441000.000
5471000.000
5452000.000
5506000.000
5182000.000
5192000.000
5126000.000
5021000.000
4998000.000
5107000.000
5179000.000
5177000.000
5284000.000
5421000.000
5388000.000
5426000.000
5324000.000
5284000.000
5495000.000
5473000.000
5554000.000
5727000.000
5746000.000
5699000.000
5629000.000
5542000.000
5431000.000
5416000.000
5149000.000
5178000.000
5061000.000
5081000.000
5107000.000
5046000.000
5102000.000
5124000.000
5044000.000
5045000.000
4997000.000
5097000.000
5111000.000
4988000.000
4998000.000
4996000.000
5119000.000
5242000.000
5224000.000
5156000.000
5303000.000
5223000.000
5078000.000
5002000.000
5007000.000
4960000.000
4939000.000
4983000.000
5083000.000
4990000.000
5008000.000
4997000.000
5032000.000
4961000.000
4960000.000
4887000.000
4859000.000
4922000.000
4881000.000
4801000.000
4873000.000
4904000.000
4910000.000
5068000.000
5069000.000
5170000.000
5103000.000
5144000.000
5163000.000
5049000.000
5152000.000
5135000.000
5055000.000
5031000.000
5021000.000
5080000.000
5119000.000
5044000.000
5174000.000
5265000.000
5386000.000
5519000.000
5588000.000
5581000.000
5525000.000
5477000.000
5249000.000
5315000.000
5114000.000
5055000.000
5062000.000
5129000.000
5143000.000
5137000.000
5018000.000
4983000.000
4977000.000
5050000.000
4999000.000
4966000.000
5085000.000
5087000.000
5034000.000
5050000.000
4922000.000
4947000.000
4944000.000
4881000.000
4842000.000
4903000.000
5062000.000
4993000.000
5006000.000
4951000.000
5007000.000
5027000.000
5010000.000
4990000.000
5081000.000
5108000.000
5094000.000
4980000.000
5006000.000
5076000.000
5137000.000
4983000.000
4941000.000
4984000.000
4892000.000
4752000.000
4884000.000
5025000.000
4994000.000
4921000.000
4983000.000
4940000.000
5002000.000
5034000.000
5079000.000
5181000.000
5258000.000
5119000.000
5176000.000
5161000.000
5191000.000
5273000.000
5283000.000
5338000.000
5406000.000
5478000.000
5408000.000
5406000.000
5333000.000
5186000.000
5183000.000
5094000.000
5008000.000
4910000.000
4938000.000
4841000.000
4944000.000
4985000.000
5046000.000
5258000.000
5195000.000
5132000.000
5152000.000
5150000.000
5166000.000
5094000.000
5157000.000
5033000.000
4964000.000
5042000.000
5081000.000
5016000.000
5069000.000
5134000.000
5190000.000
5253000.000
5200000.000
5253000.000
5296000.000
5214000.000
5405000.000
5147000.000
5059000.000
5177000.000
5201000.000
5210000.000
5242000.000
5435000.000
5521000.000
5330000.000
5475000.000
5423000.000
5413000.000
5300000.000
5043000.000
5023000.000
5032000.000
5035000.000
5020000.000
5078000.000
5271000.000
5244000.000
5247000.000
5396000.000
5351000.000
5417000.000
5393000.000
5415000.000
5388000.000
5509000.000
5607000.000
5489000.000
5652000.000
5690000.000
5700000.000
5654000.000
5419000.000
5403000.000
5198000.000
5216000.000
5177000.000
5203000.000
5126000.000
5210000.000
5137000.000
5179000.000
5094000.000
5082000.000
5146000.000
5146000.000
4969000.000
5068000.000
5017000.000
5009000.000
5078000.000
5194000.000
5203000.000
5260000.000
5209000.000
5150000.000
5108000.000
5004000.000
5150000.000
4915000.000
4996000.000
4994000.000
5015000.000
5012000.000
4983000.000
5223000.000
5083000.000
4977000.000
5017000.000
4896000.000
4830000.000
4860000.000
4993000.000
4990000.000
4972000.000
4965000.000
5140000.000
5124000.000
5135000.000
5066000.000
5134000.000
5221000.000
5111000.000
5013000.000
5062000.000
5029000.000
5003000.000
5052000.000
5042000.000
5119000.000
5158000.000
5295000.000
5363000.000
5435000.000
5437000.000
5559000.000
5386000.000
5218000.000
5243000.000
5155000.000
5113000.000
5065000.000
5140000.000
5199000.000
5204000.000
5169000.000
5009000.000
5001000.000
4934000.000
4939000.000
4963000.000
4932000.000
5075000.000
5081000.000
5097000.000
4989000.000
5064000.000
4940000.000
4924000.000
4956000.000
5073000.000
4983000.000
4956000.000
5064000.000
4929000.000
5012000.000
4943000.000
4967000.000
5082000.000
4925000.000
5082000.000
5030000.000
5002000.000
5034000.000
4927000.000
5129000.000
4991000.000
5007000.000
5005000.000
4985000.000
5012000.000
4868000.000
4853000.000
5072000.000
4967000.000
4898000.000
4884000.000
4951000.000
5054000.000
5128000.000
5090000.000
5224000.000
5172000.000
5082000.000
5039000.000
5077000.000
5118000.000
5079000.000
5254000.000
5269000.000
5369000.000
5408000.000
5410000.000
5482000.000
5326000.000
5356000.000
5113000.000
5115000.000
4998000.000
4962000.000
5072000.000
4922000.000
5006000.000
5194000.000
5075000.000
5197000.000
5120000.000
5194000.000
5079000.000
5117000.000
5130000.000
5204000.000
5086000.000
4975000.000
5078000.000
5117000.000
5084000.000
5102000.000
5281000.000
5317000.000
5370000.000
5221000.000
5344000.000
5483000.000
5473000.000
5359000.000
5483000.000
5227000.000
5223000.000
5159000.000
5154000.000
5272000.000
5402000.000
5473000.000
5374000.000
5328000.000
5472000.000
5403000.000
5261000.000
5171000.000
5064000.000
5023000.000
4941000.000
4880000.000
5049000.000
5021000.000
5304000.000
5279000.000
5417000.000
5468000.000
5518000.000
5475000.000
5288000.000
5200000.000
5391000.000
5486000.000
5530000.000
5631000.000
5577000.000
5668000.000
5694000.000
5669000.000
5475000.000
5451000.000
5276000.000
5136000.000
5340000.000
5289000.000
5148000.000
5150000.000
5187000.000
5253000.000
5187000.000
5167000.000
5138000.000
5089000.000
5139000.000
5015000.000
4998000.000
5129000.000
5196000.000
5089000.000
5181000.000
5124000.000
5214000.000
5148000.000
5024000.000
5010000.000
4945000.000
5002000.000
4906000.000
4976000.000
4916000.000
5169000.000
5122000.000
5016000.000
5094000.000
4985000.000
4988000.000
4918000.000
5020000.000
4971000.000
4915000.000
4928000.000
5026000.000
4973000.000
4949000.000
5180000.000
5324000.000
5163000.000
5094000.000
5130000.000
5202000.000
5111000.000
4961000.000
5173000.000
5149000.000
5117000.000
5084000.000
5203000.000
5013000.000
5169000.000
5110000.000
5276000.000
5350000.000
5306000.000
5301000.000
5157000.000
5338000.000
5244000.000
5115000.000
5197000.000
5198000.000
5157000.000
5122000.000
5222000.000
5120000.000
5077000.000
5049000.000
4964000.000
4867000.000
5048000.000
4991000.000
5129000.000
5108000.000
5187000.000
5094000.000
4984000.000
5047000.000
5008000.000
4990000.000
5039000.000
4964000.000
5041000.000
5067000.000
5017000.000
4962000.000
4972000.000
5074000.000
4900000.000
4998000.000
4955000.000
4910000.000
4957000.000
5002000.000
5132000.000
5064000.000
5026000.000
5090000.000
4974000.000
4925000.000
5000000.000
4929000.000
5028000.000
4910000.000
4862000.000
4939000.000
4916000.000
4924000.000
4787000.000
5041000.000
4969000.000
5038000.000
5017000.000
5060000.000
4986000.000
5000000.000
4981000.000
5076000.000
4983000.000
5103000.000
5131000.000
5325000.000
5496000.000
5456000.000
5295000.000
5230000.000
5206000.000
5107000.000
4983000.000
5108000.000
4960000.000
4956000.000
4950000.000
5152000.000
5025000.000
5056000.000
5250000.000
5150000.000
5153000.000
5048000.000
5128000.000
5020000.000
5150000.000
5171000.000
5009000.000
5172000.000
5195000.000
5082000.000
5165000.000
5253000.000
5269000.000
5326000.000
5353000.000
5508000.000
5510000.000
5359000.000
5378000.000
5444000.000
5344000.000
5237000.000
5238000.000
5270000.000
5164000.000
5298000.000
5415000.000
5418000.000
5462000.000
5325000.000
5203000.000
5337000.000
5170000.000
5160000.000
5082000.000
4983000.000
4953000.000
5075000.000
5108000.000
5152000.000
5294000.000
5408000.000
5487000.000
5479000.000
5422000.000
5447000.000
5384000.000
5452000.000
5511000.000
5475000.000
5545000.000
5523000.000
5506000.000
5643000.000
5549000.000
5460000.000
5481000.000
5368000.000
5200000.000
5221000.000
5302000.000
5216000.000
5238000.000
5299000.000
5091000.000
5153000.000
5166000.000
5211000.000
5172000.000
5041000.000
5147000.000
5116000.000
4981000.000
5148000.000
5121000.000
5076000.000
5143000.000
5121000.000
5215000.000
5001000.000
5010000.000
4948000.000
4960000.000
4831000.000
4857000.000
5061000.000
4999000.000
5102000.000
5034000.000
4974000.000
5115000.000
4993000.000
4901000.000
4981000.000
4954000.000
4964000.000
4922000.000
4900000.000
4935000.000
5236000.000
5056000.000
5112000.000
5035000.000
5102000.000
5116000.000
5029000.000
5052000.000
4966000.000
5136000.000
5057000.000
5118000.000
5127000.000
4991000.000
5032000.000
5127000.000
5118000.000
5209000.000
5219000.000
5169000.000
5166000.000
5089000.000
5120000.000
5077000.000
5019000.000
5019000.000
5029000.000
5118000.000
5144000.000
5071000.000
4961000.000
5003000.000
4986000.000
4977000.000
5069000.000
5098000.000
5118000.000
5146000.000
5109000.000
5155000.000
5082000.000
5018000.000
4969000.000
4968000.000
4866000.000
4992000.000
5184000.000
4967000.000
5142000.000
5103000.000
5013000.000
4966000.000
4959000.000
4797000.000
4912000.000
4957000.000
5033000.000
4994000.000
4899000.000
4961000.000
4949000.000
4954000.000
4973000.000
4947000.000
4911000.000
4976000.000
4915000.000
4917000.000
4831000.000
4886000.000
4950000.000
4990000.000
4961000.000
4992000.000
5092000.000
4988000.000
4995000.000
4929000.000
4914000.000
4912000.000
4914000.000
5079000.000
5123000.000
5249000.000
5232000.000
5484000.000
5404000.000
5366000.000
5333000.000
5242000.000
5243000.000
5087000.000
5126000.000
5021000.000
5058000.000
5191000.000
5147000.000
5063000.000
5190000.000
5230000.000
5033000.000
5091000.000
5025000.000
5054000.000
5091000.000
5055000.000
5087000.000
4995000.000
5089000.000
5224000.000
5183000.000
5174000.000
5411000.000
5329000.000
5354000.000
5335000.000
5485000.000
5472000.000
5681000.000
5542000.000
5508000.000
5296000.000
5492000.000
5279000.000
5448000.000
5358000.000
5260000.000
5329000.000
5311000.000
5350000.000
5342000.000
5210000.000
5195000.000
5062000.000
5082000.000
4995000.000
5002000.000
4998000.000
5030000.000
5194000.000
5273000.000
5242000.000
5403000.000
5463000.000
5509000.000
5506000.000
5513000.000
5473000.000
5348000.000
5385000.000
5498000.000
5430000.000
5517000.000
5523000.000
5520000.000
5428000.000
5543000.000
5388000.000
5415000.000
5339000.000
5326000.000
5287000.000
5228000.000
5307000.000
5331000.000
5018000.000
5164000.000
5091000.000
5152000.000
5148000.000
5118000.000
5102000.000
5120000.000
5163000.000
5043000.000
5130000.000
5114000.000
5175000.000
5138000.000
5073000.000
4989000.000
4881000.000
4938000.000
4938000.000
4935000.000
4929000.000
4957000.000
4996000.000
4919000.000
5012000.000
5021000.000
4940000.000
5014000.000
4982000.000
5009000.000
4928000.000
4880000.000
4980000.000
5011000.000
4901000.000
4848000.000
5084000.000
5125000.000
5177000.000
5128000.000
5070000.000
5073000.000
4954000.000
4967000.000
5145000.000
5202000.000
5147000.000
5109000.000
5097000.000
5148000.000
5062000.000
5106000.000
5110000.000
5102000.000
5183000.000
5210000.000
5084000.000
4982000.000
4948000.000
5027000.000
4997000.000
5006000.000
5120000.000
4991000.000
5089000.000
4992000.000
5117000.000
5056000.000
5063000.000
4905000.000
5006000.000
5078000.000
5106000.000
5168000.000
5095000.000
5180000.000
5121000.000
5017000.000
4984000.000
5079000.000
5036000.000
5070000.000
5142000.000
5017000.000
5029000.000
5109000.000
5081000.000
4946000.000
5037000.000
4956000.000
5014000.000
4980000.000
4979000.000
4959000.000
5079000.000
5023000.000
5013000.000
4978000.000
4994000.000
5005000.000
5042000.000
4982000.000
4998000.000
5001000.000
4862000.000
4820000.000
4889000.000
4941000.000
5026000.000
5011000.000
5060000.000
5091000.000
4994000.000
5038000.000
4907000.000
4896000.000
4830000.000
4823000.000
4915000.000
5118000.000
5179000.000
5219000.000
5219000.000
5355000.000
5269000.000
5291000.000
5242000.000
5176000.000
5210000.000
5091000.000
5178000.000
5159000.000
5058000.000
5171000.000
5122000.000
5108000.000
5194000.000
5016000.000
5073000.000
5083000.000
4941000.000
5050000.000
5046000.000
5112000.000
4971000.000
5043000.000
5138000.000
5184000.000
5178000.000
5276000.000
5334000.000
5360000.000
5418000.000
5404000.000
5508000.000
5588000.000
5472000.000
5556000.000
5401000.000
5412000.000
5315000.000
5328000.000
5289000.000
5310000.000
5359000.000
5374000.000
5267000.000
5341000.000
5139000.000
5262000.000
5205000.000
5083000.000
5049000.000
4995000.000
5024000.000
5058000.000
5059000.000
5244000.000
5335000.000
5501000.000
5390000.000
5419000.000
5424000.000
5312000.000
5510000.000
5339000.000
5426000.000
5362000.000
5436000.000
5483000.000
5486000.000
5546000.000
5632000.000
5572000.000
5450000.000
5503000.000
5377000.000
5312000.000
5262000.000
5155000.000
5219000.000
5228000.000
5134000.000
5205000.000
5201000.000
5113000.000
5116000.000
5212000.000
5130000.000
5121000.000
5072000.000
5195000.000
5035000.000
5172000.000
5126000.000
5078000.000
5182000.000
5093000.000
4989000.000
4939000.000
4899000.000
4816000.000
5081000.000
5063000.000
5108000.000
4918000.000
4956000.000
5027000.000
5024000.000
4990000.000
4961000.000
5059000.000
4927000.000
5015000.000
5060000.000
5028000.000
4962000.000
5165000.000
5143000.000
5045000.000
5029000.000
4941000.000
5101000.000
5064000.000
4937000.000
5029000.000
5083000.000
5149000.000
5133000.000
5090000.000
5038000.000
5026000.000
5037000.000
5015000.000
5196000.000
5071000.000
5153000.000
5046000.000
5078000.000
4935000.000
5023000.000
4947000.000
4987000.000
5038000.000
5129000.000
5165000.000
5053000.000
5162000.000
5080000.000
5148000.000
5115000.000
5126000.000
5178000.000
5122000.000
5083000.000
5051000.000
5056000.000
5010000.000
5010000.000
5002000.000
5101000.000
5094000.000
5129000.000
5167000.000
5209000.000
5145000.000
5107000.000
5000000.000
4940000.000
5017000.000
4989000.000
4902000.000
5016000.000
5017000.000
5072000.000
4900000.000
5008000.000
5054000.000
4989000.000
5061000.000
5075000.000
5012000.000
4995000.000
5026000.000
4849000.000
4896000.000
4886000.000
4807000.000
4940000.000
5010000.000
5026000.000
5113000.000
4928000.000
4910000.000
4803000.000
4772000.000
4902000.000
4881000.000
4939000.000
5037000.000
5073000.000
5216000.000
5310000.000
5358000.000
5318000.000
5274000.000
5306000.000
5182000.000
5248000.000
5218000.000
5169000.000
5220000.000
5270000.000
5139000.000
5101000.000
5118000.000
5104000.000
5067000.000
5075000.000
5068000.000
4949000.000
4908000.000
4909000.000
4996000.000
4967000.000
5159000.000
5109000.000
5219000.000
5240000.000
5211000.000
5280000.000
5299000.000
5250000.000
5503000.000
5537000.000
5648000.000
5542000.000
5548000.000
5439000.000
5505000.000
5375000.000
5304000.000
5337000.000
5352000.000
5284000.000
5241000.000
5048000.000
5150000.000
5293000.000
5178000.000
5261000.000
5161000.000
5079000.000
5089000.000
5082000.000
5121000.000
5208000.000
5179000.000
5219000.000
5359000.000
5347000.000
5385000.000
5388000.000
5349000.000
5430000.000
5253000.000
5383000.000
5308000.000
5480000.000
5416000.000
5431000.000
5451000.000
5547000.000
5629000.000
5590000.000
5498000.000
5364000.000
5306000.000
5182000.000
5193000.000
5207000.000
5084000.000
5145000.000
5130000.000
5078000.000
4996000.000
5099000.000
5118000.000
5132000.000
5104000.000
5243000.000
5071000.000
5044000.000
5005000.000
5044000.000
4932000.000
5037000.000
5035000.000
4984000.000
4995000.000
4999000.000
4966000.000
4917000.000
4987000.000
4935000.000
5092000.000
4963000.000
5024000.000
4931000.000
4992000.000
5013000.000
5076000.000
4975000.000
4923000.000
5009000.000
5034000.000
5050000.000
4837000.000
5213000.000
5102000.000
4982000.000
4909000.000
4907000.000
4909000.000
4928000.000
5047000.000
4949000.000
5182000.000
5143000.000
5052000.000
5082000.000
4955000.000
4989000.000
4934000.000
5001000.000
5059000.000
5273000.000
5175000.000
5107000.000
5179000.000
4987000.000
4998000.000
4995000.000
4956000.000
5066000.000
5074000.000
5177000.000
5129000.000
5122000.000
5093000.000
5111000.000
5118000.000
5109000.000
5190000.000
5250000.000
5022000.000
5143000.000
5115000.000
5153000.000
5014000.000
4991000.000
5155000.000
5018000.000
5071000.000
5200000.000
5096000.000
5104000.000
5109000.000
5090000.000
5101000.000
5112000.000
4919000.000
4940000.000
4963000.000
5080000.000
4948000.000
5065000.000
5015000.000
5163000.000
4955000.000
5038000.000
5130000.000
5016000.000
4963000.000
5000000.000
4999000.000
5045000.000
5005000.000
5055000.000
5088000.000
4998000.000
5049000.000
5000000.000
5005000.000
5027000.000
5049000.000
4853000.000
4821000.000
4909000.000
4797000.000
4970000.000
5076000.000
5138000.000
5195000.000
5198000.000
5215000.000
5371000.000
5345000.000
5226000.000
5286000.000
5235000.000
5268000.000
5159000.000
5353000.000
5246000.000
5322000.000
5144000.000
5195000.000
5190000.000
5067000.000
5143000.000
5023000.000
4908000.000
4908000.000
4900000.000
4997000.000
5001000.000
5106000.000
5133000.000
5139000.000
5185000.000
5321000.000
5257000.000
5336000.000
5250000.000
5390000.000
5402000.000
5510000.000
5521000.000
5557000.000
5466000.000
5414000.000
5459000.000
5248000.000
5253000.000
5259000.000
5322000.000
5142000.000
5282000.000
5220000.000
5188000.000
5093000.000
5305000.000
5240000.000
5148000.000
5275000.000
5236000.000
5059000.000
5178000.000
5183000.000
5150000.000
5261000.000
5158000.000
5204000.000
5485000.000
5252000.000
5463000.000
5263000.000
5179000.000
5345000.000
5304000.000
5287000.000
5352000.000
5483000.000
5492000.000
5533000.000
5470000.000
5460000.000
5415000.000
5325000.000
5158000.000
5171000.000
4927000.000
5017000.000
5136000.000
5031000.000
5040000.000
5145000.000
5193000.000
5127000.000
5119000.000
5120000.000
5121000.000
5088000.000
5064000.000
5138000.000
5062000.000
4915000.000
5005000.000
4951000.000
4957000.000
4978000.000
5060000.000
4915000.000
4910000.000
4884000.000
4994000.000
4823000.000
4862000.000
4944000.000
4943000.000
4844000.000
4970000.000
5010000.000
5006000.000
5045000.000
4879000.000
4962000.000
4867000.000
4861000.000
4891000.000
4894000.000
4986000.000
5015000.000
4897000.000
4999000.000
5057000.000
5073000.000
5075000.000
5131000.000
5055000.000
4959000.000
4922000.000
4988000.000
4989000.000
5075000.000
5163000.000
5119000.000
5328000.000
5276000.000
4943000.000
4938000.000
4966000.000
4929000.000
5037000.000
5176000.000
5169000.000
5147000.000
5012000.000
5164000.000
5111000.000
5085000.000
5113000.000
5115000.000
5127000.000
5164000.000
5046000.000
5181000.000
5017000.000
5036000.000
4996000.000
5077000.000
5007000.000
5136000.000
5006000.000
5078000.000
5170000.000
5154000.000
5241000.000
5088000.000
5141000.000
5040000.000
4988000.000
4984000.000
4938000.000
4977000.000
4993000.000
5026000.000
4969000.000
5063000.000
5024000.000
5146000.000
5041000.000
4979000.000
5069000.000
5132000.000
5076000.000
5134000.000
4955000.000
4935000.000
4960000.000
5063000.000
5010000.000
4990000.000
5061000.000
5060000.000
4886000.000
4863000.000
4913000.000
4891000.000
4975000.000
5052000.000
5112000.000
5087000.000
5315000.000
5274000.000
5449000.000
5320000.000
5408000.000
5324000.000
5390000.000
5396000.000
5367000.000
5269000.000
5295000.000
5329000.000
5213000.000
5225000.000
5149000.000
5082000.000
4975000.000
4947000.000
4941000.000
4920000.000
4923000.000
4997000.000
5048000.000
5022000.000
5091000.000
5191000.000
5190000.000
5240000.000
5209000.000
5227000.000
5252000.000
5383000.000
5357000.000
5471000.000
5497000.000
5452000.000
5491000.000
5476000.000
5332000.000
5300000.000
5207000.000
5219000.000
5194000.000
5276000.000
5209000.000
5242000.000
5187000.000
5179000.000
5162000.000
5214000.000
5181000.000
5209000.000
5188000.000
5296000.000
5127000.000
5230000.000
5184000.000
5175000.000
5259000.000
5282000.000
5296000.000
5296000.000
5272000.000
5231000.000
5211000.000
5145000.000
5130000.000
5322000.000
5359000.000
5381000.000
5583000.000
5486000.000
5530000.000
5333000.000
5346000.000
5157000.000
5123000.000
5126000.000
4991000.000
4956000.000
4930000.000
5087000.000
5033000.000
5143000.000
5257000.000
5145000.000
5174000.000
5248000.000
5218000.000
5140000.000
5225000.000
5011000.000
5194000.000
4976000.000
5044000.000
4967000.000
5004000.000
5020000.000
4978000.000
4917000.000
4906000.000
4979000.000
4733000.000
4845000.000
4921000.000
4903000.000
4991000.000
5014000.000
4941000.000
5043000.000
5025000.000
5014000.000
5017000.000
4889000.000
4896000.000
4975000.000
4821000.000
4757000.000
4877000.000
4827000.000
4923000.000
4913000.000
5030000.000
5004000.000
5096000.000
5080000.000
4996000.000
5128000.000
4930000.000
4903000.000
5069000.000
5029000.000
5029000.000
5100000.000
5145000.000
5271000.000
5247000.000
5236000.000
5022000.000
5041000.000
4950000.000
4943000.000
4930000.000
5028000.000
5144000.000
5277000.000
5236000.000
5084000.000
5055000.000
5066000.000
5090000.000
5064000.000
4944000.000
5010000.000
4946000.000
5057000.000
5124000.000
5059000.000
5087000.000
5038000.000
5099000.000
5102000.000
5197000.000
5115000.000
5126000.000
5126000.000
5085000.000
5132000.000
5090000.000
5032000.000
4910000.000
4989000.000
4982000.000
5019000.000
5126000.000
5050000.000
5054000.000
5049000.000
5051000.000
5099000.000
5084000.000
5154000.000
4965000.000
5033000.000
5128000.000
5101000.000
4971000.000
4965000.000
5096000.000
5111000.000
5048000.000
5015000.000
4949000.000
4909000.000
4828000.000
4976000.000
4761000.000
4881000.000
5012000.000
5207000.000
5192000.000
5262000.000
5416000.000
5380000.000
5457000.000
5405000.000
5446000.000
5457000.000
5292000.000
5421000.000
5354000.000
5329000.000
5379000.000
5326000.000
5290000.000
5296000.000
5103000.000
5158000.000
5047000.000
5038000.000
4954000.000
5088000.000
4927000.000
4981000.000
5063000.000
5149000.000
5136000.000
5146000.000
5255000.000
5083000.000
5167000.000
5100000.000
5229000.000
5234000.000
5302000.000
5283000.000
5389000.000
5326000.000
5371000.000
5413000.000
5366000.000
5294000.000
5141000.000
5157000.000
5250000.000
5201000.000
5205000.000
5226000.000
5117000.000
5260000.000
5220000.000
5347000.000
5239000.000
5240000.000
5204000.000
5229000.000
5165000.000
5164000.000
5050000.000
5055000.000
5092000.000
5145000.000
5087000.000
5104000.000
5077000.000
5146000.000
5163000.000
5047000.000
5147000.000
5223000.000
5281000.000
5333000.000
5408000.000
5473000.000
5384000.000
5205000.000
5094000.000
5145000.000
5022000.000
5009000.000
4992000.000
4965000.000
4934000.000
4958000.000
4967000.000
5009000.000
5042000.000
5116000.000
5188000.000
5145000.000
5250000.000
5217000.000
5201000.000
5027000.000
4975000.000
4972000.000
4953000.000
5071000.000
4956000.000
5019000.000
4966000.000
4883000.000
4893000.000
4760000.000
4784000.000
4865000.000
4767000.000
4877000.000
4870000.000
5052000.000
4959000.000
4960000.000
4907000.000
5069000.000
5096000.000
4881000.000
4922000.000
4749000.000
4836000.000
4828000.000
4912000.000
4922000.000
5034000.000
4982000.000
5023000.000
5064000.000
5020000.000
5130000.000
5144000.000
4987000.000
4978000.000
5016000.000
5156000.000
5150000.000
5103000.000
5238000.000
5217000.000
5261000.000
5148000.000
5042000.000
5108000.000
5010000.000
5091000.000
5063000.000
5158000.000
5095000.000
5203000.000
5109000.000
5084000.000
5061000.000
5145000.000
5011000.000
4998000.000
4957000.000
5070000.000
4968000.000
5078000.000
5042000.000
5006000.000
5144000.000
5136000.000
5096000.000
4881000.000
5118000.000
5042000.000
5223000.000
5116000.000
5107000.000
4928000.000
4942000.000
5090000.000
4959000.000
5102000.000
5004000.000
5013000.000
5055000.000
5078000.000
5078000.000
4995000.000
5032000.000
5055000.000
5251000.000
5068000.000
5151000.000
5049000.000
5073000.000
4877000.000
4948000.000
5012000.000
5018000.000
4922000.000
4976000.000
4981000.000
4861000.000
4869000.000
4850000.000
4912000.000
4971000.000
5063000.000
5148000.000
5323000.000
5302000.000
5364000.000
5467000.000
5394000.000
5413000.000
5519000.000
5383000.000
5348000.000
5382000.000
5296000.000
5336000.000
5325000.000
5412000.000
5277000.000
5417000.000
5327000.000
5052000.000
4980000.000
4994000.000
4948000.000
5058000.000
5054000.000
5014000.000
5051000.000
5072000.000
5105000.000
5159000.000
5193000.000
5206000.000
5262000.000
5251000.000
5242000.000
5302000.000
5262000.000
5335000.000
5350000.000
5356000.000
5191000.000
5207000.000
5245000.000
5244000.000
5204000.000
5122000.000
5198000.000
5185000.000
5202000.000
5208000.000
5170000.000
5336000.000
5180000.000
5314000.000
5320000.000
5224000.000
5173000.000
5225000.000
5188000.000
5175000.000
5165000.000
5135000.000
5157000.000
5093000.000
5173000.000
5045000.000
5111000.000
5172000.000
5080000.000
5075000.000
5165000.000
5205000.000
5263000.000
5290000.000
5353000.000
5346000.000
5352000.000
5325000.000
5158000.000
5174000.000
5134000.000
5128000.000
4905000.000
4907000.000
4925000.000
4915000.000
4983000.000
5004000.000
5004000.000
5057000.000
5164000.000
5238000.000
5275000.000
5167000.000
5185000.000
4990000.000
4986000.000
4928000.000
4935000.000
4894000.000
4909000.000
4987000.000
4934000.000
4884000.000
4820000.000
4883000.000
4805000.000
4782000.000
4923000.000
4876000.000
4828000.000
5029000.000
4986000.000
4858000.000
5048000.000
4948000.000
4945000.000
4954000.000
5034000.000
4786000.000
4769000.000
4748000.000
4762000.000
4839000.000
4796000.000
4893000.000
4992000.000
4968000.000
4891000.000
5018000.000
5052000.000
4995000.000
5077000.000
5022000.000
4914000.000
5085000.000
5121000.000
5231000.000
5226000.000
5301000.000
5330000.000
5248000.000
5196000.000
5089000.000
5134000.000
5013000.000
4997000.000
5136000.000
5039000.000
5177000.000
5137000.000
5044000.000
5007000.000
4988000.000
4974000.000
5034000.000
5037000.000
5107000.000
4988000.000
5118000.000
5088000.000
5103000.000
5109000.000
5013000.000
5135000.000
5043000.000
5053000.000
5132000.000
4996000.000
5073000.000
5030000.000
5127000.000
5117000.000
5017000.000
4959000.000
4929000.000
5002000.000
5137000.000
5114000.000
5035000.000
5082000.000
4946000.000
5118000.000
5051000.000
5153000.000
5097000.000
5096000.000
5141000.000
5117000.000
5008000.000
5008000.000
4953000.000
5033000.000
4962000.000
4881000.000
4841000.000
4885000.000
4832000.000
4825000.000
4957000.000
4931000.000
5000000.000
5059000.000
5190000.000
5294000.000
5438000.000
5464000.000
5519000.000
5524000.000
5530000.000
5335000.000
5428000.000
5339000.000
5359000.000
5267000.000
5227000.000
5230000.000
5287000.000
5413000.000
5229000.000
5199000.000
5114000.000
4993000.000
5037000.000
5058000.000
4943000.000
5050000.000
4891000.000
5034000.000
5008000.000
5166000.000
5205000.000
5060000.000
5135000.000
5091000.000
5106000.000
5168000.000
5129000.000
5281000.000
5228000.000
5247000.000
5198000.000
5208000.000
5221000.000
5199000.000
5274000.000
5139000.000
5236000.000
5072000.000
5124000.000
5179000.000
5209000.000
5180000.000
5299000.000
5150000.000
5207000.000
5380000.000
5289000.000
5206000.000
5139000.000
5167000.000
5252000.000
5173000.000
5063000.000
5105000.000
5077000.000
5154000.000
5056000.000
5143000.000
4995000.000
5107000.000
5140000.000
5189000.000
5195000.000
5214000.000
5145000.000
5143000.000
5219000.000
5281000.000
5116000.000
5170000.000
5144000.000
5057000.000
4960000.000
5021000.000
4959000.000
4995000.000
4933000.000
4983000.000
5003000.000
5008000.000
4958000.000
4976000.000
5054000.000
5060000.000
5114000.000
5053000.000
5024000.000
5035000.000
4938000.000
5107000.000
4870000.000
4936000.000
4883000.000
4934000.000
5000000.000
4793000.000
4589000.000
4736000.000
4773000.000
4839000.000
4878000.000
4911000.000
5068000.000
4996000.000
5014000.000
5037000.000
4916000.000
5008000.000
4953000.000
4927000.000
4658000.000
4785000.000
4852000.000
4884000.000
4896000.000
5040000.000
5017000.000
4993000.000
4991000.000
5017000.000
5028000.000
5010000.000
5112000.000
4982000.000
4968000.000
5123000.000
5087000.000
5261000.000
5307000.000
5223000.000
5161000.000
5280000.000
5043000.000
5214000.000
4996000.000
5168000.000
5041000.000
5101000.000
5101000.000
5056000.000
4984000.000
4949000.000
4955000.000
5058000.000
5114000.000
4935000.000
5015000.000
5176000.000
5206000.000
5215000.000
5120000.000
5104000.000
5172000.000
5075000.000
5022000.000
5025000.000
5049000.000
4980000.000
4947000.000
4917000.000
5049000.000
5087000.000
5023000.000
4989000.000
4994000.000
5007000.000
4941000.000
5030000.000
5096000.000
5056000.000
5187000.000
4958000.000
5000000.000
4912000.000
5075000.000
5085000.000
5166000.000
5099000.000
4986000.000
4901000.000
4900000.000
4924000.000
4909000.000
4897000.000
4942000.000
4908000.000
4875000.000
4834000.000
4885000.000
4787000.000
4923000.000
4998000.000
5279000.000
5367000.000
5274000.000
5440000.000
5474000.000
5426000.000
5527000.000
5299000.000
5437000.000
5293000.000
5107000.000
5180000.000
5184000.000
5222000.000
5220000.000
5258000.000
5088000.000
5204000.000
5098000.000
5018000.000
5038000.000
4994000.000
4899000.000
4879000.000
4971000.000
4910000.000
5003000.000
4997000.000
4982000.000
5034000.000
5088000.000
5101000.000
5105000.000
4981000.000
5139000.000
5049000.000
5208000.000
5218000.000
5193000.000
5207000.000
5115000.000
5136000.000
5153000.000
5097000.000
5044000.000
5224000.000
5290000.000
5124000.000
5172000.000
5215000.000
5220000.000
5130000.000
5141000.000
5187000.000
5285000.000
5218000.000
5106000.000
5091000.000
5246000.000
5052000.000
5148000.000
5024000.000
4920000.000
5064000.000
4977000.000
5108000.000
5074000.000
5141000.000
5186000.000
5096000.000
5133000.000
5120000.000
5017000.000
5101000.000
5148000.000
5184000.000
5031000.000
5126000.000
5143000.000
5035000.000
5100000.000
5015000.000
5048000.000
4997000.000
4949000.000
4965000.000
4994000.000
4855000.000
4793000.000
4947000.000
4998000.000
5061000.000
5147000.000
5074000.000
5145000.000
5034000.000
5044000.000
5010000.000
4928000.000
4982000.000
4931000.000
4922000.000
4862000.000
4786000.000
4817000.000
4664000.000
4697000.000
4768000.000
4789000.000
4945000.000
4970000.000
5010000.000
4945000.000
5058000.000
4994000.000
5033000.000
4930000.000
5065000.000
4967000.000
4540000.000
4778000.000
4668000.000
4871000.000
4861000.000
4962000.000
5033000.000
4852000.000
5028000.000
5043000.000
5014000.000
5023000.000
5047000.000
5101000.000
5078000.000
5046000.000
5038000.000
5201000.000
5310000.000
5182000.000
5382000.000
5326000.000
5230000.000
5147000.000
5136000.000
5156000.000
4976000.000
5078000.000
5112000.000
4977000.000
5037000.000
5013000.000
5031000.000
4874000.000
5006000.000
5118000.000
4992000.000
5119000.000
5212000.000
5300000.000
5062000.000
5154000.000
5086000.000
5154000.000
5126000.000
5028000.000
4980000.000
5031000.000
4885000.000
5075000.000
5054000.000
5021000.000
5110000.000
5099000.000
4861000.000
5057000.000
5051000.000
5144000.000
5068000.000
5070000.000
5068000.000
5171000.000
5128000.000
5066000.000
5023000.000
5096000.000
5118000.000
5079000.000
4932000.000
4975000.000
4955000.000
4960000.000
4957000.000
4847000.000
4885000.000
4934000.000
4942000.000
4867000.000
4853000.000
4721000.000
4877000.000
4981000.000
5051000.000
5220000.000
5311000.000
5388000.000
5404000.000
5441000.000
5342000.000
5380000.000
5311000.000
5379000.000
5169000.000
5216000.000
5185000.000
5058000.000
5203000.000
5202000.000
5077000.000
5123000.000
5232000.000
5167000.000
5130000.000
5061000.000
4901000.000
4873000.000
4882000.000
4919000.000
4930000.000
5013000.000
4945000.000
4985000.000
4973000.000
5067000.000
4947000.000
4971000.000
5026000.000
5146000.000
5042000.000
5195000.000
5152000.000
5170000.000
5222000.000
5114000.000
5147000.000
5051000.000
5077000.000
5181000.000
5241000.000
5315000.000
5260000.000
5295000.000
5259000.000
5247000.000
5280000.000
5212000.000
5224000.000
5193000.000
5177000.000
5116000.000
5169000.000
5227000.000
5031000.000
5046000.000
5113000.000
5092000.000
5059000.000
5091000.000
5069000.000
5001000.000
5120000.000
5069000.000
5079000.000
5144000.000
5190000.000
5125000.000
5146000.000
5075000.000
5158000.000
5123000.000
4965000.000
5144000.000
5058000.000
4996000.000
5057000.000
5167000.000
4974000.000
4951000.000
4981000.000
4803000.000
4926000.000
4938000.000
4912000.000
4950000.000
4962000.000
5143000.000
5093000.000
5117000.000
5071000.000
5049000.000
4995000.000
4841000.000
5035000.000
4913000.000
4882000.000
4922000.000
4831000.000
4690000.000
4613000.000
4636000.000
4695000.000
4720000.000
5004000.000
4923000.000
4905000.000
5042000.000
5064000.000
4940000.000
5070000.000
5005000.000
4981000.000
4624000.000
4773000.000
4975000.000
5008000.000
5032000.000
5028000.000
4998000.000
4905000.000
4990000.000
4947000.000
5007000.000
5066000.000
5018000.000
5031000.000
5112000.000
5004000.000
5098000.000
5176000.000
5209000.000
5259000.000
5296000.000
5210000.000
5182000.000
5112000.000
5158000.000
5039000.000
4965000.000
5068000.000
5037000.000
5041000.000
4987000.000
4989000.000
4849000.000
5008000.000
4942000.000
5082000.000
5131000.000
5302000.000
5247000.000
5173000.000
5171000.000
5262000.000
5127000.000
5101000.000
4993000.000
5122000.000
4991000.000
5001000.000
4975000.000
5148000.000
5047000.000
5039000.000
5034000.000
5231000.000
5094000.000
5050000.000
5141000.000
5178000.000
5208000.000
5024000.000
5061000.000
5079000.000
5174000.000
5146000.000
5134000.000
5117000.000
4982000.000
5014000.000
4994000.000
4909000.000
4911000.000
4766000.000
4791000.000
4874000.000
4926000.000
4856000.000
4846000.000
4805000.000
4883000.000
4757000.000
4966000.000
4949000.000
5084000.000
5203000.000
5316000.000
5449000.000
5343000.000
5314000.000
5346000.000
5229000.000
5218000.000
5153000.000
5137000.000
5040000.000
5110000.000
5029000.000
5158000.000
5236000.000
5010000.000
5030000.000
5025000.000
5138000.000
5064000.000
5034000.000
4964000.000
4838000.000
4812000.000
4762000.000
4893000.000
4856000.000
4951000.000
4990000.000
4890000.000
4891000.000
5016000.000
4894000.000
5082000.000
5221000.000
5158000.000
5140000.000
5147000.000
5130000.000
5246000.000
5087000.000
5123000.000
5118000.000
5140000.000
5187000.000
5205000.000
5162000.000
5197000.000
5178000.000
5302000.000
5163000.000
5249000.000
5300000.000
5166000.000
5222000.000
5157000.000
5056000.000
5093000.000
5141000.000
5097000.000
5001000.000
5098000.000
4994000.000
5040000.000
5072000.000
5110000.000
5243000.000
5224000.000
5194000.000
5158000.000
5091000.000
5082000.000
4946000.000
5128000.000
4962000.000
5037000.000
5030000.000
5077000.000
5183000.000
5021000.000
5224000.000
5302000.000
5065000.000
5052000.000
4913000.000
4856000.000
4882000.000
4842000.000
4779000.000
4994000.000
5015000.000
5047000.000
5118000.000
5025000.000
5189000.000
5139000.000
4927000.000
5012000.000
4988000.000
4913000.000
5012000.000
4849000.000
4787000.000
4722000.000
4682000.000
4749000.000
4835000.000
4848000.000
4963000.000
4973000.000
5113000.000
4951000.000
4932000.000
4949000.000
4918000.000
4874000.000
4940000.000
4864000.000
4703000.000
4867000.000
4863000.000
4995000.000
5130000.000
5069000.000
5093000.000
5028000.000
4886000.000
5156000.000
5024000.000
5177000.000
5057000.000
5221000.000
5094000.000
5248000.000
5122000.000
5128000.000
5153000.000
5251000.000
5269000.000
5106000.000
5057000.000
5258000.000
5094000.000
5062000.000
5055000.000
4984000.000
5119000.000
5049000.000
4922000.000
4943000.000
4961000.000
5014000.000
4914000.000
5164000.000
5158000.000
5190000.000
5209000.000
5385000.000
5314000.000
5223000.000
5180000.000
5165000.000
5246000.000
5071000.000
5015000.000
4976000.000
4932000.000
5034000.000
5146000.000
5097000.000
5085000.000
5042000.000
5017000.000
4993000.000
5204000.000
5167000.000
5015000.000
5030000.000
5206000.000
5050000.000
5116000.000
5055000.000
5105000.000
5064000.000
5242000.000
5094000.000
5004000.000
4857000.000
4767000.000
4914000.000
4824000.000
4843000.000
4803000.000
4853000.000
4952000.000
4926000.000
4844000.000
4905000.000
4948000.000
5006000.000
4951000.000
5093000.000
5209000.000
5062000.000
5188000.000
5214000.000
5281000.000
5270000.000
5214000.000
5120000.000
4913000.000
4893000.000
4957000.000
4981000.000
4993000.000
5070000.000
5098000.000
5075000.000
4961000.000
4991000.000
5020000.000
4883000.000
4925000.000
4793000.000
4861000.000
4814000.000
4699000.000
4692000.000
4756000.000
4855000.000
4751000.000
4970000.000
4869000.000
4965000.000
4951000.000
4968000.000
5117000.000
5253000.000
5155000.000
5164000.000
5120000.000
5045000.000
5051000.000
5069000.000
5195000.000
5092000.000
5237000.000
5312000.000
5259000.000
5184000.000
5262000.000
5304000.000
5271000.000
5195000.000
5173000.000
5125000.000
5211000.000
5114000.000
5053000.000
5003000.000
5062000.000
5011000.000
4945000.000
4946000.000
4989000.000
5035000.000
5180000.000
5193000.000
5232000.000
5318000.000
5156000.000
5275000.000
5117000.000
5028000.000
5074000.000
4943000.000
4977000.000
5060000.000
5082000.000
5170000.000
5185000.000
5246000.000
5183000.000
5101000.000
5142000.000
5076000.000
5013000.000
4840000.000
4851000.000
4905000.000
4821000.000
4860000.000
5165000.000
5085000.000
5093000.000
5187000.000
5111000.000
5095000.000
5069000.000
4990000.000
4982000.000
4952000.000
4966000.000
4983000.000
4863000.000
4839000.000
4691000.000
4758000.000
4937000.000
4884000.000
5024000.000
5059000.000
5093000.000
5135000.000
5014000.000
5024000.000
4747000.000
4882000.000
4975000.000
4876000.000
5036000.000
5073000.000
5047000.000
5047000.000
5136000.000
5072000.000
5066000.000
5085000.000
5124000.000
5188000.000
5287000.000
5086000.000
5066000.000
5101000.000
5029000.000
5180000.000
5217000.000
5181000.000
5214000.000
5268000.000
5155000.000
5144000.000
5158000.000
5036000.000
4978000.000
5034000.000
5146000.000
5055000.000
4987000.000
4948000.000
5023000.000
5042000.000
5007000.000
5032000.000
5144000.000
5135000.000
5263000.000
5241000.000
5262000.000
5327000.000
5240000.000
5256000.000
5038000.000
5012000.000
4954000.000
4994000.000
5015000.000
5067000.000
5074000.000
5088000.000
5073000.000
5197000.000
5175000.000
5064000.000
5072000.000
5177000.000
5197000.000
5209000.000
5086000.000
5065000.000
5182000.000
5067000.000
5012000.000
5074000.000
5068000.000
5093000.000
4979000.000
4924000.000
4922000.000
4882000.000
4820000.000
4881000.000
4810000.000
4837000.000
4876000.000
4979000.000
4826000.000
4888000.000
4986000.000
4871000.000
5012000.000
4989000.000
5234000.000
5217000.000
5240000.000
5176000.000
5147000.000
5260000.000
5196000.000
5090000.000
4869000.000
4948000.000
4876000.000
4868000.000
4934000.000
5078000.000
4986000.000
5010000.000
5023000.000
5043000.000
4943000.000
4910000.000
4894000.000
4852000.000
4807000.000
4832000.000
4786000.000
4730000.000
4913000.000
4756000.000
4702000.000
4770000.000
4683000.000
4873000.000
4902000.000
4999000.000
5070000.000
5092000.000
5226000.000
5087000.000
5099000.000
5097000.000
5182000.000
5024000.000
5150000.000
5261000.000
5278000.000
5285000.000
5301000.000
5345000.000
5232000.000
5214000.000
5174000.000
5197000.000
5286000.000
5192000.000
5148000.000
5117000.000
4954000.000
5099000.000
4959000.000
5046000.000
4896000.000
4992000.000
5051000.000
5086000.000
5112000.000
5176000.000
5304000.000
5300000.000
5245000.000
5163000.000
5205000.000
5037000.000
5009000.000
4939000.000
5073000.000
5050000.000
5090000.000
5024000.000
5262000.000
5147000.000
5149000.000
5124000.000
5218000.000
5123000.000
5021000.000
5012000.000
4950000.000
4830000.000
4951000.000
4983000.000
5145000.000
5117000.000
5187000.000
5193000.000
5171000.000
5131000.000
5090000.000
5077000.000
5108000.000
5067000.000
4940000.000
4981000.000
4842000.000
4806000.000
4754000.000
4851000.000
4829000.000
4827000.000
5067000.000
5038000.000
5070000.000
5058000.000
4967000.000
4866000.000
4886000.000
4936000.000
4933000.000
4989000.000
4826000.000
4977000.000
5001000.000
5093000.000
5166000.000
5222000.000
5200000.000
5048000.000
5049000.000
5167000.000
5101000.000
5181000.000
5189000.000
5160000.000
5129000.000
5211000.000
5147000.000
5383000.000
5257000.000
5230000.000
5171000.000
5255000.000
5189000.000
5084000.000
5035000.000
5026000.000
5076000.000
5014000.000
5070000.000
5133000.000
4907000.000
5042000.000
4930000.000
4830000.000
4874000.000
5030000.000
4991000.000
5214000.000
5247000.000
5198000.000
5236000.000
5213000.000
5256000.000
5270000.000
5085000.000
5051000.000
5090000.000
5065000.000
4824000.000
5071000.000
5115000.000
4979000.000
4983000.000
5106000.000
5164000.000
5114000.000
5089000.000
5164000.000
5086000.000
5088000.000
5034000.000
5047000.000
4932000.000
5056000.000
5100000.000
4998000.000
5051000.000
4982000.000
5002000.000
4928000.000
4868000.000
4789000.000
4824000.000
4800000.000
4894000.000
4932000.000
4887000.000
4938000.000
4962000.000
4883000.000
4922000.000
4897000.000
4875000.000
5009000.000
5115000.000
5133000.000
5205000.000
5160000.000
5150000.000
5057000.000
4983000.000
4920000.000
4934000.000
4907000.000
4896000.000
4999000.000
4970000.000
5074000.000
5057000.000
5090000.000
4933000.000
5089000.000
5000000.000
4951000.000
4862000.000
4807000.000
4874000.000
4802000.000
4724000.000
4757000.000
4731000.000
4683000.000
4816000.000
4684000.000
4861000.000
4810000.000
4992000.000
5006000.000
4979000.000
4945000.000
5051000.000
5170000.000
4998000.000
5038000.000
5010000.000
5008000.000
5135000.000
5058000.000
5286000.000
5243000.000
5271000.000
5257000.000
5203000.000
5233000.000
5295000.000
5258000.000
5287000.000
5148000.000
5048000.000
5043000.000
5091000.000
4904000.000
5040000.000
4948000.000
4926000.000
4980000.000
5098000.000
5020000.000
5098000.000
5215000.000
5293000.000
5357000.000
5256000.000
5126000.000
5075000.000
5023000.000
5029000.000
4955000.000
5053000.000
4980000.000
5100000.000
5181000.000
5187000.000
5156000.000
5140000.000
5106000.000
5089000.000
4985000.000
5103000.000
5090000.000
5011000.000
5039000.000
4978000.000
5076000.000
5153000.000
5174000.000
5200000.000
5150000.000
5152000.000
5186000.000
5127000.000
5081000.000
5192000.000
5033000.000
4934000.000
4955000.000
4900000.000
4887000.000
4938000.000
4909000.000
4956000.000
4938000.000
4984000.000
5026000.000
4956000.000
4948000.000
4952000.000
4846000.000
4855000.000
4819000.000
4985000.000
5079000.000
5128000.000
5254000.000
5147000.000
5161000.000
5195000.000
5182000.000
5093000.000
5227000.000
5125000.000
5128000.000
5142000.000
5195000.000
5234000.000
5263000.000
5173000.000
5279000.000
5293000.000
5432000.000
5229000.000
5234000.000
5167000.000
5036000.000
5014000.000
5082000.000
5108000.000
5153000.000
5033000.000
5029000.000
5118000.000
4951000.000
4998000.000
4989000.000
5022000.000
5071000.000
5028000.000
5087000.000
5120000.000
5255000.000
5286000.000
5250000.000
5290000.000
5320000.000
5209000.000
5066000.000
5020000.000
5085000.000
4915000.000
5046000.000
5086000.000
5069000.000
4994000.000
5131000.000
5087000.000
5128000.000
5022000.000
5004000.000
5126000.000
5134000.000
5119000.000
5023000.000
4977000.000
5025000.000
4962000.000
4955000.000
5088000.000
4946000.000
4888000.000
4897000.000
4812000.000
4959000.000
4945000.000
4798000.000
4882000.000
4922000.000
4984000.000
5007000.000
4964000.000
4928000.000
4994000.000
4964000.000
4910000.000
5089000.000
5095000.000
5177000.000
5118000.000
5197000.000
4996000.000
5053000.000
5084000.000
4939000.000
5034000.000
4912000.000
5057000.000
5035000.000
5011000.000
5119000.000
5013000.000
5197000.000
5091000.000
5168000.000
4994000.000
4983000.000
5069000.000
4893000.000
4918000.000
4752000.000
4775000.000
4667000.000
4721000.000
4712000.000
4813000.000
4718000.000
4793000.000
4760000.000
4892000.000
4962000.000
4981000.000
4968000.000
4982000.000
5004000.000
5028000.000
5007000.000
5132000.000
5007000.000
5110000.000
5182000.000
5131000.000
5249000.000
5191000.000
5261000.000
5269000.000
5163000.000
5191000.000
5187000.000
5272000.000
5245000.000
5070000.000
5113000.000
5082000.000
5012000.000
4921000.000
4895000.000
4994000.000
5037000.000
5022000.000
5041000.000
5190000.000
5200000.000
5226000.000
5219000.000
5184000.000
5316000.000
5132000.000
5075000.000
5060000.000
4856000.000
4999000.000
5126000.000
5070000.000
5036000.000
5040000.000
5197000.000
5258000.000
5248000.000
5114000.000
5169000.000
5089000.000
5011000.000
5146000.000
5096000.000
5070000.000
5156000.000
5253000.000
5117000.000
5215000.000
5161000.000
5157000.000
5052000.000
5075000.000
5135000.000
5162000.000
5011000.000
5060000.000
4861000.000
4975000.000
5050000.000
4873000.000
4873000.000
4948000.000
4945000.000
4989000.000
5025000.000
4949000.000
4908000.000
4877000.000
4812000.000
4831000.000
4928000.000
4981000.000
4859000.000
5017000.000
5219000.000
5172000.000
5115000.000
5140000.000
5147000.000
5230000.000
5233000.000
5136000.000
5140000.000
5159000.000
5234000.000
5244000.000
5328000.000
5248000.000
5358000.000
5232000.000
5425000.000
5346000.000
5289000.000
5215000.000
5184000.000
5138000.000
4976000.000
4872000.000
4928000.000
4982000.000
5059000.000
5097000.000
5122000.000
5040000.000
4991000.000
5035000.000
5057000.000
4987000.000
4956000.000
5039000.000
5094000.000
5212000.000
5260000.000
5274000.000
5277000.000
5117000.000
5187000.000
5135000.000
5087000.000
5061000.000
5113000.000
5100000.000
5097000.000
4949000.000
4911000.000
4986000.000
5035000.000
5019000.000
5052000.000
5127000.000
5118000.000
5038000.000
5045000.000
5020000.000
5019000.000
4870000.000
4975000.000
4905000.000
4926000.000
4889000.000
4851000.000
4864000.000
4948000.000
4836000.000
4844000.000
4908000.000
4744000.000
4834000.000
4883000.000
4899000.000
4927000.000
4885000.000
4833000.000
4951000.000
5000000.000
4929000.000
5010000.000
5072000.000
5139000.000
5122000.000
5031000.000
4959000.000
5101000.000
4971000.000
5095000.000
5034000.000
4969000.000
5070000.000
5049000.000
5147000.000
5061000.000
5239000.000
5266000.000
5116000.000
5069000.000
5191000.000
5066000.000
5054000.000
4987000.000
4898000.000
4917000.000
4769000.000
4770000.000
4741000.000
4709000.000
4729000.000
4736000.000
4867000.000
4834000.000
4822000.000
4911000.000
5093000.000
4874000.000
4839000.000
5077000.000
4908000.000
5068000.000
5029000.000
4961000.000
5130000.000
5200000.000
5123000.000
5091000.000
5340000.000
5199000.000
5321000.000
5195000.000
5266000.000
5277000.000
5274000.000
5203000.000
5247000.000
5091000.000
5076000.000
4920000.000
5070000.000
4973000.000
4861000.000
4967000.000
5062000.000
5197000.000
5214000.000
5181000.000
5237000.000
5259000.000
5187000.000
5122000.000
5181000.000
4985000.000
4945000.000
4988000.000
5007000.000
5131000.000
5044000.000
5078000.000
5057000.000
5048000.000
4976000.000
5133000.000
5104000.000
5138000.000
5262000.000
5147000.000
5127000.000
5210000.000
5244000.000
5313000.000
5252000.000
5263000.000
5258000.000
5244000.000
5274000.000
5261000.000
5139000.000
5277000.000
5170000.000
5135000.000
5139000.000
5114000.000
4989000.000
5026000.000
4931000.000
5035000.000
4957000.000
4998000.000
4987000.000
5022000.000
4923000.000
4822000.000
4981000.000
4978000.000
4858000.000
4971000.000
4928000.000
5149000.000
5140000.000
5186000.000
5100000.000
5183000.000
5106000.000
5002000.000
5056000.000
5136000.000
5242000.000
5220000.000
5277000.000
5239000.000
5381000.000
5354000.000
5416000.000
5424000.000
5371000.000
5432000.000
5348000.000
5120000.000
4957000.000
4878000.000
4967000.000
4929000.000
4991000.000
4901000.000
5102000.000
5052000.000
5037000.000
4897000.000
5032000.000
4997000.000
4966000.000
4909000.000
5017000.000
4997000.000
5202000.000
5158000.000
5204000.000
5292000.000
5180000.000
5185000.000
5177000.000
5084000.000
5080000.000
5048000.000
5003000.000
5020000.000
4969000.000
4914000.000
4898000.000
4864000.000
4925000.000
4968000.000
4869000.000
5039000.000
5111000.000
5041000.000
4968000.000
4979000.000
4915000.000
4851000.000
4879000.000
4791000.000
4881000.000
4905000.000
4884000.000
4825000.000
4857000.000
4806000.000
4829000.000
4894000.000
4723000.000
4876000.000
4833000.000
4806000.000
4908000.000
4772000.000
4870000.000
4894000.000
4916000.000
5036000.000
5065000.000
5087000.000
5026000.000
5139000.000
5052000.000
5051000.000
5025000.000
5103000.000
4959000.000
4978000.000
5086000.000
5032000.000
4986000.000
5171000.000
5177000.000
5083000.000
5124000.000
5113000.000
5088000.000
5020000.000
4942000.000
4971000.000
4874000.000
4824000.000
4808000.000
4809000.000
4831000.000
4794000.000
4710000.000
4850000.000
5045000.000
4889000.000
4904000.000
4914000.000
4872000.000
4911000.000
4956000.000
4893000.000
4880000.000
4944000.000
4958000.000
5023000.000
5074000.000
5114000.000
5133000.000
5163000.000
5169000.000
5178000.000
5091000.000
5196000.000
5240000.000
5192000.000
5307000.000
5310000.000
5170000.000
5101000.000
5021000.000
5009000.000
5056000.000
4958000.000
4919000.000
5070000.000
5181000.000
5142000.000
5137000.000
5141000.000
5210000.000
5136000.000
5076000.000
5100000.000
5052000.000
4862000.000
4859000.000
4869000.000
4849000.000
5081000.000
5024000.000
4880000.000
4897000.000
5009000.000
4925000.000
5059000.000
5078000.000
5109000.000
5166000.000
5174000.000
5238000.000
5332000.000
5138000.000
5210000.000
5253000.000
5192000.000
5249000.000
5324000.000
5257000.000
5220000.000
5112000.000
5238000.000
5174000.000
5255000.000
5166000.000
5191000.000
5083000.000
5164000.000
5149000.000
5150000.000
5204000.000
5076000.000
5028000.000
5098000.000
4976000.000
4927000.000
4842000.000
4811000.000
4835000.000
4830000.000
4942000.000
5016000.000
5149000.000
5207000.000
5111000.000
5222000.000
5151000.000
5115000.000
5200000.000
5168000.000
5092000.000
5182000.000
5110000.000
5269000.000
5341000.000
5381000.000
5357000.000
5288000.000
5399000.000
5446000.000
5344000.000
5309000.000
5195000.000
5216000.000
5082000.000
4986000.000
5028000.000
4895000.000
4973000.000
4956000.000
5054000.000
5096000.000
4935000.000
5090000.000
5071000.000
4997000.000
4950000.000
5018000.000
5010000.000
5047000.000
5152000.000
5237000.000
5089000.000
5172000.000
5233000.000
5165000.000
5152000.000
5161000.000
5108000.000
5080000.000
5083000.000
4958000.000
4882000.000
4997000.000
4878000.000
4887000.000
4974000.000
5004000.000
5035000.000
5152000.000
5032000.000
5018000.000
5093000.000
4943000.000
4863000.000
4893000.000
4772000.000
4911000.000
4861000.000
4834000.000
4767000.000
4803000.000
4968000.000
4909000.000
4810000.000
4859000.000
4779000.000
4785000.000
4872000.000
4831000.000
4897000.000
4872000.000
4874000.000
4983000.000
4854000.000
4942000.000
5035000.000
5109000.000
5084000.000
5105000.000
5124000.000
5023000.000
5001000.000
4958000.000
5022000.000
5032000.000
5005000.000
5031000.000
5072000.000
5070000.000
5148000.000
5206000.000
5120000.000
5160000.000
5219000.000
4898000.000
4939000.000
5029000.000
4892000.000
4812000.000
4705000.000
4757000.000
4846000.000
4784000.000
4839000.000
4829000.000
4959000.000
4928000.000
4985000.000
5034000.000
4881000.000
4985000.000
4851000.000
5026000.000
4965000.000
5014000.000
4957000.000
4990000.000
5044000.000
5068000.000
5130000.000
5204000.000
5201000.000
5227000.000
5106000.000
5175000.000
5211000.000
5254000.000
5196000.000
5230000.000
5165000.000
5203000.000
5027000.000
5026000.000
4913000.000
4997000.000
5028000.000
5066000.000
5155000.000
5047000.000
5134000.000
5171000.000
5206000.000
5069000.000
5087000.000
4944000.000
5023000.000
4948000.000
4832000.000
4866000.000
4801000.000
4932000.000
4916000.000
4904000.000
4910000.000
5011000.000
4998000.000
4964000.000
5151000.000
5146000.000
5200000.000
5156000.000
5140000.000
5216000.000
5343000.000
5319000.000
5218000.000
5153000.000
5324000.000
5314000.000
5225000.000
5126000.000
5160000.000
5377000.000
5204000.000
5004000.000
5063000.000
5139000.000
5234000.000
5270000.000
5107000.000
5162000.000
5170000.000
4948000.000
5045000.000
4981000.000
4942000.000
4920000.000
4815000.000
4953000.000
4918000.000
4955000.000
4921000.000
5322000.000
5193000.000
5105000.000
5090000.000
5034000.000
5165000.000
5066000.000
5133000.000
5203000.000
5287000.000
5289000.000
5303000.000
5277000.000
5304000.000
5393000.000
5483000.000
5379000.000
5311000.000
5431000.000
5251000.000
5111000.000
5074000.000
4920000.000
4980000.000
4796000.000
4900000.000
4872000.000
5017000.000
5052000.000
4940000.000
4899000.000
4921000.000
4914000.000
5121000.000
5040000.000
5087000.000
5136000.000
5124000.000
5167000.000
5157000.000
5083000.000
5045000.000
5148000.000
5109000.000
5215000.000
5156000.000
5138000.000
5099000.000
4973000.000
4936000.000
4794000.000
4829000.000
4771000.000
4967000.000
5006000.000
5029000.000
5115000.000
5021000.000
5095000.000
4927000.000
4994000.000
4884000.000
4890000.000
4845000.000
4824000.000
4731000.000
4806000.000
4801000.000
4802000.000
4795000.000
4898000.000
4789000.000
4866000.000
4922000.000
4860000.000
4773000.000
4827000.000
4878000.000
4721000.000
4840000.000
4985000.000
4967000.000
4932000.000
4976000.000
5198000.000
5138000.000
5062000.000
5099000.000
5159000.000
5076000.000
5105000.000
4940000.000
5026000.000
5064000.000
5139000.000
5059000.000
5030000.000
5152000.000
5178000.000
5032000.000
5055000.000
4965000.000
4992000.000
4975000.000
4949000.000
4971000.000
4905000.000
4794000.000
4794000.000
4860000.000
4903000.000
4863000.000
5003000.000
4972000.000
5025000.000
5061000.000
4949000.000
4980000.000
4946000.000
4972000.000
4842000.000
4819000.000
4871000.000
5127000.000
4903000.000
5001000.000
5058000.000
5157000.000
5081000.000
5185000.000
5215000.000
5172000.000
5181000.000
5120000.000
5155000.000
5154000.000
5201000.000
5251000.000
5108000.000
5158000.000
4963000.000
5052000.000
5084000.000
5053000.000
5135000.000
5063000.000
5064000.000
5172000.000
5200000.000
5177000.000
5083000.000
4905000.000
4998000.000
4935000.000
4999000.000
4812000.000
4845000.000
4940000.000
4933000.000
4947000.000
4946000.000
4891000.000
5070000.000
4935000.000
4941000.000
5095000.000
5102000.000
5210000.000
5216000.000
5308000.000
5254000.000
5292000.000
5182000.000
5260000.000
5171000.000
5105000.000
5221000.000
5179000.000
5230000.000
5287000.000
5184000.000
5222000.000
5161000.000
5215000.000
5095000.000
5230000.000
5339000.000
5184000.000
5208000.000
5079000.000
5248000.000
5112000.000
5053000.000
5097000.000
5112000.000
4956000.000
4944000.000
4777000.000
4946000.000
4896000.000
5100000.000
5234000.000
5176000.000
5230000.000
5237000.000
5178000.000
5210000.000
5120000.000
5225000.000
5172000.000
5232000.000
5193000.000
5242000.000
5384000.000
5408000.000
5345000.000
5431000.000
5451000.000
5357000.000
5332000.000
5229000.000
5183000.000
5146000.000
5008000.000
4974000.000
4992000.000
5021000.000
4912000.000
4871000.000
4917000.000
4995000.000
4969000.000
4894000.000
5008000.000
5032000.000
5165000.000
5140000.000
5078000.000
5156000.000
5237000.000
5226000.000
5065000.000
5184000.000
5094000.000
4990000.000
5108000.000
5229000.000
5163000.000
5138000.000
5039000.000
4938000.000
4890000.000
4815000.000
4876000.000
4854000.000
4947000.000
4992000.000
4961000.000
5052000.000
5051000.000
5086000.000
5033000.000
4912000.000
4834000.000
4909000.000
4881000.000
4717000.000
4859000.000
4751000.000
4806000.000
4863000.000
4850000.000
4895000.000
5000000.000
4986000.000
4804000.000
4840000.000
4856000.000
4818000.000
4841000.000
4926000.000
4849000.000
4890000.000
4896000.000
5002000.000
5043000.000
5073000.000
5195000.000
5296000.000
5277000.000
5078000.000
5202000.000
5168000.000
5048000.000
5188000.000
5013000.000
5102000.000
5175000.000
5064000.000
5233000.000
4932000.000
5023000.000
4968000.000
5070000.000
5008000.000
4925000.000
5017000.000
4876000.000
4932000.000
4906000.000
4930000.000
4923000.000
5013000.000
5045000.000
5074000.000
5137000.000
5116000.000
5131000.000
5043000.000
5024000.000
5009000.000
4968000.000
4908000.000
4949000.000
4973000.000
5042000.000
4991000.000
4901000.000
5062000.000
5017000.000
5062000.000
5072000.000
5242000.000
5168000.000
5161000.000
5219000.000
5169000.000
5245000.000
5311000.000
5110000.000
5190000.000
5062000.000
5136000.000
4964000.000
4981000.000
5068000.000
5026000.000
5107000.000
5079000.000
5095000.000
5108000.000
5121000.000
5048000.000
4971000.000
4937000.000
4967000.000
5006000.000
4881000.000
4875000.000
4831000.000
4894000.000
4908000.000
4991000.000
4958000.000
5029000.000
4980000.000
4986000.000
5060000.000
5206000.000
5238000.000
5259000.000
5200000.000
5238000.000
5192000.000
5115000.000
5196000.000
5272000.000
5048000.000
5124000.000
5094000.000
5171000.000
5283000.000
5297000.000
5198000.000
5188000.000
5191000.000
5243000.000
5206000.000
5240000.000
5203000.000
5334000.000
5286000.000
5294000.000
5324000.000
5248000.000
5212000.000
5119000.000
5011000.000
4971000.000
5004000.000
4989000.000
5083000.000
5194000.000
5201000.000
5200000.000
5189000.000
5175000.000
5084000.000
5070000.000
5279000.000
5250000.000
5371000.000
5331000.000
5474000.000
5450000.000
5487000.000
5415000.000
5382000.000
5335000.000
5275000.000
5311000.000
5222000.000
5094000.000
5086000.000
5077000.000
5022000.000
4856000.000
4911000.000
4921000.000
4812000.000
4969000.000
4901000.000
4874000.000
4907000.000
5069000.000
5073000.000
5193000.000
5139000.000
5230000.000
5218000.000
5075000.000
5242000.000
5195000.000
5233000.000
5121000.000
5165000.000
5081000.000
5086000.000
5178000.000
5000000.000
5090000.000
4954000.000
4857000.000
4984000.000
4884000.000
5005000.000
5069000.000
5005000.000
5047000.000
5079000.000
5050000.000
4935000.000
4918000.000
4836000.000
4886000.000
4929000.000
4804000.000
4871000.000
4723000.000
4888000.000
4950000.000
4809000.000
4862000.000
4908000.000
5003000.000
4902000.000
4931000.000
4931000.000
4907000.000
4892000.000
4828000.000
4790000.000
4852000.000
4819000.000
5040000.000
5081000.000
5122000.000
5212000.000
5240000.000
5124000.000
5119000.000
5174000.000
5054000.000
5218000.000
5077000.000
5080000.000
5106000.000
5134000.000
5002000.000
5146000.000
5018000.000
4902000.000
5017000.000
5019000.000
4959000.000
5059000.000
5114000.000
5015000.000
5037000.000
5039000.000
4957000.000
4918000.000
5015000.000
5065000.000
4946000.000
5122000.000
5156000.000
5010000.000
5105000.000
4981000.000
4995000.000
4921000.000
4957000.000
4977000.000
4870000.000
4940000.000
5087000.000
4974000.000
5022000.000
5013000.000
5103000.000
5210000.000
5110000.000
5180000.000
5207000.000
5227000.000
5301000.000
5271000.000
5231000.000
5246000.000
5181000.000
5134000.000
5108000.000
5122000.000
5043000.000
5015000.000
5058000.000
5130000.000
5031000.000
5093000.000
5044000.000
5043000.000
5006000.000
5127000.000
5007000.000
4996000.000
4904000.000
4829000.000
4822000.000
4783000.000
4815000.000
4893000.000
4968000.000
4939000.000
4985000.000
5035000.000
4934000.000
5054000.000
5124000.000
5285000.000
5298000.000
5276000.000
5269000.000
5351000.000
5305000.000
5115000.000
5051000.000
4980000.000
5135000.000
5173000.000
5176000.000
5211000.000
5347000.000
5239000.000
5151000.000
5148000.000
5311000.000
5178000.000
5277000.000
5182000.000
5277000.000
5324000.000
5176000.000
5279000.000
5319000.000
5128000.000
5146000.000
5058000.000
4996000.000
5085000.000
5040000.000
5096000.000
5127000.000
5124000.000
5283000.000
5183000.000
5235000.000
5229000.000
5226000.000
5219000.000
5293000.000
5213000.000
5387000.000
5247000.000
5418000.000
5415000.000
5470000.000
5332000.000
5388000.000
5395000.000
5142000.000
5159000.000
5231000.000
5344000.000
5093000.000
5111000.000
5016000.000
5017000.000
4985000.000
4929000.000
4962000.000
4828000.000
4934000.000
4897000.000
4870000.000
5002000.000
5067000.000
5120000.000
5100000.000
5098000.000
5253000.000
5077000.000
5197000.000
5123000.000
5070000.000
5146000.000
5220000.000
5042000.000
5135000.000
5095000.000
5153000.000
5046000.000
4996000.000
4946000.000
4969000.000
5097000.000
5038000.000
5026000.000
5068000.000
5069000.000
4994000.000
5000000.000
4862000.000
4885000.000
5096000.000
4865000.000
4991000.000
4910000.000
4845000.000
4888000.000
4877000.000
4868000.000
4823000.000
4816000.000
4902000.000
4922000.000
5038000.000
5055000.000
5001000.000
4964000.000
4975000.000
4819000.000
4780000.000
4795000.000
4809000.000
4846000.000
4949000.000
4984000.000
5146000.000
5197000.000
5365000.000
5301000.000
5401000.000
5334000.000
5383000.000
5217000.000
5107000.000
5127000.000
5051000.000
5103000.000
4945000.000
4901000.000
4965000.000
4928000.000
5003000.000
5084000.000
5021000.000
4974000.000
4962000.000
4976000.000
5051000.000
4962000.000
4978000.000
5100000.000
5036000.000
5132000.000
5110000.000
5089000.000
5163000.000
5117000.000
5029000.000
5046000.000
4968000.000
4982000.000
4926000.000
4884000.000
4926000.000
4884000.000
4964000.000
4961000.000
4979000.000
5040000.000
4974000.000
5088000.000
5094000.000
5102000.000
5128000.000
5121000.000
5192000.000
5176000.000
5262000.000
5327000.000
5205000.000
5154000.000
4969000.000
4993000.000
5032000.000
5027000.000
4990000.000
4989000.000
4910000.000
4944000.000
5035000.000
4939000.000
5031000.000
4977000.000
5018000.000
5000000.000
4888000.000
4855000.000
4916000.000
4884000.000
4919000.000
5020000.000
5036000.000
5057000.000
4893000.000
5083000.000
5129000.000
5173000.000
5159000.000
5167000.000
5120000.000
5303000.000
5218000.000
5205000.000
5065000.000
5160000.000
5094000.000
5067000.000
5162000.000
5086000.000
5192000.000
5213000.000
5191000.000
5146000.000
5186000.000
5215000.000
5188000.000
5253000.000
5075000.000
5140000.000
5214000.000
5226000.000
5127000.000
5130000.000
5285000.000
5102000.000
5031000.000
5002000.000
5111000.000
5036000.000
5025000.000
5056000.000
5221000.000
5122000.000
5165000.000
5119000.000
5172000.000
5294000.000
5195000.000
5199000.000
5243000.000
5347000.000
5407000.000
5440000.000
5422000.000
5419000.000
5456000.000
5302000.000
5247000.000
5223000.000
5170000.000
5199000.000
5094000.000
5123000.000
5108000.000
4977000.000
5062000.000
4976000.000
4960000.000
4944000.000
4964000.000
5002000.000
4953000.000
4990000.000
4991000.000
4997000.000
5042000.000
5247000.000
5170000.000
5130000.000
5145000.000
5180000.000
4982000.000
5075000.000
5107000.000
5189000.000
5082000.000
5176000.000
5160000.000
5089000.000
5068000.000
5020000.000
4907000.000
4981000.000
5138000.000
5070000.000
5097000.000
5048000.000
4977000.000
4981000.000
4984000.000
5019000.000
4961000.000
4970000.000
4870000.000
4979000.000
5034000.000
4918000.000
4924000.000
4861000.000
5004000.000
4875000.000
4962000.000
4814000.000
5061000.000
4932000.000
4996000.000
4990000.000
4916000.000
4825000.000
4869000.000
4837000.000
4789000.000
4844000.000
4935000.000
5090000.000
5041000.000
5322000.000
5274000.000
5298000.000
5407000.000
5428000.000
5326000.000
5200000.000
5244000.000
5076000.000
5074000.000
5007000.000
4932000.000
4911000.000
4949000.000
5011000.000
4978000.000
4989000.000
5049000.000
5044000.000
5053000.000
4967000.000
4986000.000
5086000.000
5075000.000
5220000.000
5027000.000
5131000.000
5149000.000
5085000.000
5040000.000
5026000.000
5150000.000
4956000.000
5010000.000
5076000.000
5047000.000
4903000.000
5030000.000
5044000.000
4977000.000
4977000.000
5084000.000
5045000.000
5102000.000
5147000.000
5118000.000
5125000.000
5045000.000
5214000.000
5150000.000
5263000.000
5227000.000
5245000.000
5070000.000
5070000.000
5073000.000
5111000.000
5021000.000
4935000.000
4946000.000
4945000.000
5087000.000
5093000.000
4953000.000
4928000.000
5056000.000
5010000.000
5039000.000
5103000.000
4911000.000
4906000.000
4900000.000
4936000.000
4895000.000
4999000.000
4971000.000
4961000.000
5039000.000
5057000.000
4955000.000
5065000.000
5059000.000
5140000.000
5155000.000
5169000.000
5142000.000
5190000.000
5186000.000
5174000.000
5172000.000
5050000.000
5046000.000
5155000.000
5180000.000
5322000.000
5194000.000
5095000.000
5176000.000
5105000.000
5079000.000
5088000.000
5062000.000
5147000.000
5280000.000
5148000.000
5191000.000
5160000.000
5106000.000
5108000.000
5216000.000
5012000.000
5051000.000
5008000.000
4966000.000
5044000.000
4973000.000
4935000.000
4985000.000
5038000.000
5098000.000
5185000.000
5251000.000
5189000.000
5197000.000
5248000.000
5271000.000
5366000.000
5275000.000
5484000.000
5419000.000
5352000.000
5302000.000
5342000.000
5109000.000
5239000.000
5185000.000
5137000.000
5204000.000
5190000.000
5163000.000
5009000.000
5084000.000
5067000.000
5004000.000
4979000.000
4945000.000
4897000.000
4944000.000
4979000.000
4986000.000
4960000.000
5086000.000
5146000.000
5122000.000
5188000.000
5192000.000
5122000.000
5060000.000
5105000.000
5126000.000
5057000.000
5145000.000
5110000.000
5171000.000
5118000.000
5052000.000
5055000.000
5012000.000
5192000.000
5206000.000
5116000.000
5183000.000
5022000.000
5066000.000
4949000.000
5035000.000
4968000.000
4940000.000
5001000.000
5154000.000
5163000.000
5100000.000
4968000.000
5014000.000
4992000.000
4920000.000
4821000.000
5018000.000
4959000.000
5053000.000
5120000.000
5098000.000
5086000.000
5115000.000
5012000.000
4872000.000
4719000.000
4830000.000
4795000.000
4976000.000
5129000.000
5157000.000
5339000.000
5387000.000
5486000.000
5478000.000
5438000.000
5315000.000
5166000.000
5104000.000
5072000.000
4992000.000
5104000.000
5049000.000
4908000.000
4969000.000
4926000.000
4981000.000
5015000.000
5069000.000
5113000.000
5011000.000
5135000.000
5071000.000
5122000.000
5097000.000
5149000.000
5078000.000
5139000.000
5189000.000
5018000.000
5074000.000
5185000.000
5119000.000
5166000.000
5029000.000
5080000.000
5006000.000
5000000.000
5046000.000
5085000.000
5067000.000
5048000.000
5198000.000
5113000.000
5057000.000
4973000.000
5096000.000
5031000.000
4974000.000
5059000.000
5093000.000
5182000.000
5150000.000
5352000.000
5248000.000
5311000.000
5250000.000
5103000.000
5131000.000
4974000.000
4939000.000
4913000.000
4957000.000
4949000.000
5000000.000
4954000.000
5051000.000
4856000.000
5214000.000
5066000.000
5082000.000
5117000.000
5026000.000
4975000.000
5040000.000
5043000.000
5227000.000
5070000.000
5169000.000
4975000.000
5073000.000
5155000.000
5123000.000
5200000.000
5227000.000
5227000.000
5200000.000
5084000.000
5252000.000
5196000.000
5154000.000
5288000.000
5092000.000
5142000.000
5163000.000
5255000.000
5088000.000
5137000.000
5163000.000
5096000.000
5134000.000
5153000.000
5057000.000
5156000.000
5141000.000
5154000.000
5107000.000
5181000.000
5193000.000
5068000.000
5083000.000
4966000.000
4988000.000
5007000.000
5055000.000
5028000.000
4941000.000
4981000.000
5112000.000
5164000.000
5287000.000
5223000.000
5204000.000
5280000.000
5296000.000
5242000.000
5372000.000
5379000.000
5361000.000
5338000.000
5402000.000
5334000.000
5301000.000
5317000.000
5221000.000
5134000.000
5187000.000
5077000.000
5056000.000
5169000.000
5122000.000
5024000.000
5107000.000
5015000.000
4940000.000
4980000.000
4798000.000
4850000.000
5002000.000
4868000.000
4992000.000
5113000.000
5104000.000
5051000.000
4995000.000
5020000.000
4996000.000
5079000.000
5046000.000
5086000.000
5146000.000
5080000.000
5115000.000
5150000.000
5064000.000
5099000.000
5271000.000
5228000.000
5163000.000
5147000.000
5127000.000
5054000.000
5007000.000
4983000.000
4955000.000
5087000.000
4951000.000
5053000.000
5179000.000
5134000.000
5064000.000
5050000.000
5078000.000
5037000.000
5016000.000
4905000.000
5002000.000
5163000.000
5189000.000
5036000.000
5083000.000
5013000.000
5032000.000
4912000.000
5019000.000
4827000.000
4846000.000
4888000.000
4897000.000
5152000.000
5128000.000
5278000.000
5374000.000
5533000.000
5451000.000
5411000.000
5313000.000
5224000.000
5156000.000
5049000.000
5044000.000
5005000.000
4925000.000
4906000.000
4881000.000
5072000.000
4967000.000
5031000.000
5127000.000
5125000.000
5125000.000
5224000.000
5099000.000
5158000.000
5081000.000
5162000.000
5239000.000
5132000.000
5080000.000
5183000.000
5099000.000
5216000.000
5087000.000
5076000.000
5170000.000
5100000.000
5163000.000
5078000.000
5164000.000
5053000.000
4995000.000
5118000.000
5077000.000
5080000.000
5047000.000
5067000.000
5100000.000
5018000.000
5050000.000
5036000.000
5197000.000
5455000.000
5282000.000
5363000.000
5326000.000
5238000.000
5134000.000
5062000.000
5013000.000
4897000.000
5006000.000
4886000.000
4916000.000
4765000.000
4932000.000
4944000.000
4967000.000
5094000.000
5054000.000
5154000.000
5117000.000
5136000.000
5101000.000
5094000.000
5022000.000
5091000.000
5090000.000
5119000.000
5179000.000
5154000.000
5067000.000
5034000.000
5146000.000
5177000.000
5236000.000
5309000.000
5259000.000
5324000.000
5257000.000
5227000.000
5330000.000
5152000.000
5170000.000
5174000.000
5094000.000
5208000.000
5090000.000
5079000.000
5015000.000
4983000.000
4914000.000
5055000.000
5020000.000
4994000.000
5040000.000
5064000.000
5069000.000
5084000.000
5108000.000
5133000.000
5075000.000
4963000.000
4959000.000
4935000.000
5023000.000
5038000.000
5000000.000
4987000.000
4955000.000
5130000.000
5094000.000
5192000.000
5157000.000
5309000.000
5146000.000
5251000.000
5144000.000
5237000.000
5277000.000
5302000.000
5317000.000
5302000.000
5396000.000
5291000.000
5242000.000
5185000.000
5243000.000
5190000.000
5125000.000
5255000.000
5187000.000
5079000.000
5013000.000
5026000.000
4997000.000
4991000.000
4963000.000
4850000.000
4884000.000
4861000.000
4898000.000
4959000.000
4941000.000
5003000.000
5132000.000
5132000.000
5046000.000
4967000.000
5031000.000
4909000.000
4902000.000
5085000.000
5011000.000
5132000.000
5080000.000
5082000.000
5088000.000
5080000.000
5164000.000
5109000.000
5302000.000
5078000.000
5074000.000
4975000.000
4999000.000
4936000.000
4966000.000
5043000.000
5041000.000
5079000.000
5124000.000
5179000.000
5149000.000
5114000.000
5165000.000
5079000.000
5059000.000
5090000.000
5100000.000
5081000.000
5175000.000
5202000.000
5142000.000
5050000.000
4939000.000
5013000.000
4924000.000
4859000.000
4743000.000
4881000.000
4931000.000
5002000.000
5068000.000
5249000.000
5326000.000
5484000.000
5508000.000
5369000.000
5409000.000
5348000.000
5092000.000
4963000.000
5019000.000
5044000.000
4961000.000
4915000.000
4855000.000
4994000.000
5057000.000
5030000.000
5026000.000
5238000.000
5253000.000
5193000.000
5136000.000
5036000.000
5168000.000
5139000.000
5154000.000
5040000.000
5077000.000
5123000.000
5091000.000
5056000.000
5180000.000
5154000.000
5130000.000
5101000.000
5055000.000
5078000.000
5143000.000
5093000.000
5086000.000
5061000.000
5074000.000
5005000.000
5120000.000
5045000.000
5019000.000
4973000.000
5139000.000
5035000.000
5244000.000
5198000.000
5325000.000
5307000.000
5275000.000
5335000.000
5290000.000
5003000.000
4898000.000
4838000.000
4931000.000
4791000.000
4961000.000
4920000.000
4921000.000
4981000.000
5070000.000
5113000.000
5252000.000
5165000.000
5124000.000
5130000.000
5131000.000
5066000.000
5089000.000
5139000.000
5099000.000
5180000.000
5013000.000
5220000.000
5098000.000
5122000.000
5124000.000
5225000.000
5307000.000
5200000.000
5327000.000
5276000.000
5327000.000
5102000.000
5137000.000
5196000.000
5137000.000
5157000.000
5077000.000
5058000.000
4969000.000
5005000.000
4993000.000
5029000.000
4935000.000
5006000.000
4962000.000
5042000.000
4958000.000
5041000.000
5031000.000
5032000.000
5039000.000
4917000.000
4856000.000
4916000.000
4934000.000
4996000.000
5076000.000
5001000.000
5047000.000
5102000.000
5200000.000
5173000.000
5226000.000
5199000.000
5124000.000
5243000.000
5249000.000
5218000.000
5302000.000
5229000.000
5210000.000
5158000.000
5175000.000
5335000.000
5172000.000
5112000.000
5138000.000
5148000.000
5140000.000
5157000.000
5112000.000
4998000.000
4985000.000
5046000.000
4894000.000
4805000.000
4880000.000
4890000.000
4966000.000
4870000.000
4880000.000
4977000.000
4961000.000
4986000.000
5026000.000
5049000.000
4970000.000
5013000.000
4857000.000
4951000.000
5039000.000
5043000.000
5100000.000
5118000.000
4999000.000
5192000.000
5113000.000
5133000.000
5234000.000
5211000.000
5234000.000
5267000.000
5187000.000
5114000.000
5010000.000
5101000.000
4972000.000
4955000.000
5073000.000
5135000.000
5114000.000
5246000.000
5185000.000
5221000.000
5132000.000
5115000.000
5262000.000
5176000.000
5167000.000
5165000.000
5195000.000
5240000.000
5287000.000
5154000.000
5077000.000
5015000.000
4900000.000
4868000.000
4856000.000
4841000.000
4856000.000
4910000.000
5130000.000
5271000.000
5368000.000
5492000.000
5455000.000
5424000.000
5406000.000
5294000.000
5174000.000
5073000.000
4983000.000
4991000.000
4903000.000
4949000.000
5027000.000
5083000.000
5045000.000
5049000.000
5188000.000
5185000.000
5116000.000
5166000.000
5150000.000
5048000.000
5202000.000
5037000.000
5166000.000
5108000.000
5145000.000
5066000.000
5072000.000
4982000.000
5058000.000
5029000.000
5191000.000
5060000.000
5102000.000
5134000.000
5198000.000
5113000.000
5185000.000
5121000.000
5230000.000
5081000.000
5050000.000
5070000.000
5164000.000
5110000.000
5164000.000
5193000.000
5181000.000
5391000.000
5372000.000
5278000.000
5297000.000
5158000.000
5152000.000
4971000.000
4870000.000
4847000.000
4942000.000
5015000.000
4988000.000
4928000.000
5050000.000
5064000.000
5075000.000
5179000.000
5149000.000
5152000.000
5231000.000
5030000.000
5126000.000
5128000.000
5048000.000
5116000.000
5162000.000
5075000.000
5154000.000
5174000.000
5104000.000
5170000.000
5194000.000
5145000.000
5168000.000
5375000.000
5245000.000
5354000.000
5281000.000
5193000.000
5266000.000
5143000.000
5122000.000
5110000.000
5088000.000
5072000.000
4935000.000
5014000.000
4978000.000
4944000.000
5043000.000
4892000.000
4951000.000
4929000.000
4984000.000
4982000.000
5041000.000
5015000.000
4919000.000
4839000.000
4908000.000
5008000.000
4934000.000
4974000.000
5051000.000
5037000.000
4957000.000
5090000.000
5058000.000
5129000.000
5191000.000
5074000.000
5219000.000
5192000.000
5116000.000
5204000.000
5066000.000
5175000.000
5158000.000
5179000.000
5308000.000
5231000.000
5161000.000
5264000.000
5300000.000
5119000.000
5159000.000
5104000.000
5129000.000
5025000.000
5086000.000
5126000.000
5076000.000
5081000.000
4997000.000
4881000.000
4743000.000
4936000.000
4955000.000
4956000.000
4940000.000
4986000.000
5002000.000
5050000.000
5000000.000
5082000.000
5050000.000
4964000.000
4965000.000
5018000.000
5109000.000
5092000.000
5164000.000
5125000.000
5125000.000
5255000.000
5203000.000
5270000.000
5295000.000
5324000.000
5244000.000
5135000.000
5101000.000
5144000.000
5094000.000
5066000.000
5021000.000
5093000.000
5061000.000
5051000.000
5149000.000
5203000.000
5208000.000
5187000.000
5315000.000
5156000.000
5124000.000
5157000.000
5216000.000
5098000.000
5307000.000
5147000.000
5180000.000
5039000.000
5173000.000
5006000.000
4935000.000
4803000.000
4785000.000
4838000.000
4863000.000
4945000.000
5047000.000
5086000.000
5234000.000
5553000.000
5463000.000
5383000.000
5271000.000
5261000.000
5169000.000
5007000.000
5123000.000
4904000.000
5030000.000
5010000.000
4971000.000
4975000.000
5106000.000
5193000.000
5254000.000
5204000.000
5204000.000
5098000.000
5181000.000
5172000.000
5208000.000
5141000.000
5164000.000
5029000.000
5053000.000
5030000.000
5029000.000
5207000.000
5133000.000
5162000.000
5141000.000
5034000.000
5085000.000
5099000.000
5089000.000
5175000.000
5065000.000
4984000.000
5236000.000
5162000.000
5105000.000
5133000.000
5047000.000
5089000.000
5069000.000
5208000.000
5311000.000
5220000.000
5265000.000
5350000.000
5160000.000
5074000.000
5068000.000
4880000.000
4979000.000
4818000.000
4906000.000
4979000.000
4971000.000
4921000.000
5062000.000
5110000.000
5158000.000
5135000.000
5178000.000
5200000.000
5158000.000
5227000.000
5054000.000
5137000.000
5133000.000
5070000.000
5128000.000
5272000.000
5184000.000
5256000.000
5158000.000
5105000.000
5129000.000
5052000.000
5305000.000
5287000.000
5214000.000
5259000.000
5269000.000
5200000.000
5161000.000
5139000.000
5102000.000
5068000.000
5029000.000
5152000.000
4956000.000
4944000.000
5013000.000
4941000.000
5057000.000
4909000.000
4892000.000
4981000.000
4983000.000
5017000.000
5085000.000
5059000.000
4896000.000
4958000.000
4904000.000
4944000.000
4925000.000
4881000.000
4880000.000
4955000.000
5239000.000
5173000.000
5269000.000
5260000.000
5247000.000
5289000.000
5223000.000
5131000.000
5148000.000
5023000.000
5173000.000
5150000.000
5150000.000
5204000.000
5110000.000
5073000.000
5172000.000
5132000.000
5218000.000
5023000.000
5109000.000
5033000.000
5072000.000
4996000.000
5016000.000
4968000.000
4895000.000
4852000.000
4901000.000
4845000.000
4893000.000
4813000.000
4922000.000
4919000.000
5047000.000
5060000.000
5079000.000
5065000.000
4998000.000
4926000.000
4956000.000
4909000.000
5045000.000
5233000.000
5122000.000
5139000.000
5353000.000
5368000.000
5268000.000
5289000.000
5322000.000
5265000.000
5338000.000
5112000.000
5098000.000
5100000.000
5001000.000
5145000.000
5166000.000
5066000.000
4844000.000
5054000.000
5075000.000
5138000.000
5211000.000
5209000.000
5203000.000
5305000.000
5288000.000
5278000.000
5090000.000
5236000.000
5155000.000
5084000.000
5097000.000
4988000.000
5013000.000
4949000.000
4935000.000
4774000.000
4807000.000
4950000.000
4841000.000
5007000.000
5008000.000
5230000.000
5223000.000
5376000.000
5309000.000
5325000.000
5343000.000
5362000.000
5276000.000
5242000.000
5102000.000
5049000.000
5089000.000
4930000.000
4944000.000
5042000.000
5026000.000
5105000.000
5204000.000
5212000.000
5198000.000
5166000.000
5104000.000
5094000.000
5110000.000
5101000.000
5062000.000
5082000.000
5086000.000
5009000.000
5010000.000
5084000.000
5115000.000
5130000.000
5074000.000
5105000.000
5170000.000
5129000.000
5048000.000
5046000.000
5105000.000
5224000.000
5042000.000
5168000.000
5147000.000
5070000.000
5186000.000
5137000.000
5245000.000
5186000.000
5359000.000
5173000.000
5237000.000
5258000.000
5281000.000
5082000.000
4963000.000
4912000.000
4796000.000
4879000.000
4946000.000
4963000.000
4979000.000
5148000.000
5015000.000
5156000.000
5095000.000
5183000.000
5102000.000
5141000.000
5192000.000
5122000.000
5121000.000
5097000.000
5180000.000
5164000.000
5217000.000
5167000.000
5185000.000
5206000.000
5308000.000
5123000.000
5200000.000
5199000.000
5152000.000
5338000.000
5180000.000
5239000.000
5155000.000
5255000.000
5205000.000
5058000.000
5066000.000
4971000.000
4996000.000
5049000.000
4959000.000
4990000.000
4908000.000
4882000.000
4982000.000
4933000.000
4908000.000
4910000.000
4944000.000
5073000.000
5035000.000
5060000.000
4989000.000
5060000.000
4836000.000
4962000.000
4853000.000
4958000.000
4942000.000
4926000.000
4985000.000
5135000.000
5241000.000
5241000.000
5331000.000
5397000.000
5330000.000
5280000.000
5281000.000
5219000.000
5071000.000
5033000.000
4988000.000
5084000.000
5147000.000
5075000.000
5176000.000
5164000.000
5158000.000
5063000.000
5103000.000
5103000.000
4940000.000
5036000.000
4964000.000
4971000.000
5017000.000
5077000.000
4953000.000
4810000.000
4952000.000
4882000.000
4806000.000
5008000.000
4971000.000
4945000.000
5036000.000
5047000.000
5040000.000
5011000.000
5016000.000
4976000.000
4917000.000
4913000.000
5033000.000
5082000.000
5141000.000
5291000.000
5393000.000
5404000.000
5426000.000
5512000.000
5407000.000
5388000.000
5278000.000
5208000.000
5179000.000
5104000.000
5242000.000
5083000.000
5028000.000
5100000.000
4995000.000
4997000.000
5111000.000
5128000.000
5245000.000
5231000.000
5128000.000
5158000.000
5196000.000
5243000.000
5227000.000
5147000.000
5208000.000
5160000.000
5065000.000
5103000.000
5050000.000
4846000.000
4911000.000
4892000.000
4822000.000
4863000.000
5043000.000
4907000.000
5113000.000
5146000.000
5220000.000
5258000.000
5378000.000
5382000.000
5313000.000
5329000.000
5291000.000
5156000.000
5227000.000
5143000.000
5056000.000
5049000.000
5001000.000
5068000.000
4955000.000
4997000.000
5036000.000
5205000.000
5171000.000
5174000.000
5104000.000
5050000.000
5107000.000
5094000.000
5079000.000
5086000.000
5126000.000
5101000.000
5008000.000
5021000.000
5132000.000
5112000.000
5149000.000
5231000.000
5154000.000
5115000.000
5084000.000
5057000.000
4989000.000
5009000.000
5077000.000
5211000.000
5110000.000
5237000.000
5196000.000
5176000.000
5181000.000
5313000.000
5244000.000
5259000.000
5306000.000
5104000.000
5032000.000
5032000.000
4869000.000
4908000.000
4869000.000
4842000.000
4988000.000
4972000.000
5036000.000
5050000.000
5046000.000
5072000.000
4959000.000
4991000.000
5145000.000
5062000.000
5137000.000
5082000.000
5039000.000
5136000.000
5190000.000
5151000.000
5154000.000
5257000.000
5223000.000
5281000.000
5177000.000
5280000.000
5127000.000
5157000.000
5275000.000
5133000.000
5186000.000
5185000.000
5184000.000
5147000.000
5100000.000
5071000.000
4863000.000
4976000.000
4877000.000
5023000.000
5003000.000
4975000.000
4949000.000
5000000.000
4889000.000
4905000.000
4967000.000
4890000.000
4996000.000
4924000.000
5056000.000
5090000.000
5136000.000
5032000.000
4890000.000
4898000.000
4972000.000
4869000.000
4951000.000
5023000.000
5437000.000
5391000.000
5382000.000
5295000.000
5231000.000
5302000.000
5283000.000
5298000.000
5189000.000
5150000.000
5004000.000
5078000.000
5027000.000
5177000.000
5131000.000
5156000.000
5206000.000
5088000.000
5092000.000
5075000.000
4975000.000
4983000.000
5025000.000
4995000.000
5064000.000
4930000.000
4916000.000
5015000.000
4854000.000
4953000.000
4989000.000
4947000.000
4870000.000
4926000.000
5060000.000
5094000.000
5023000.000
5003000.000
5014000.000
4993000.000
4982000.000
5102000.000
5016000.000
5256000.000
5369000.000
5471000.000
5448000.000
5457000.000
5538000.000
5514000.000
5352000.000
5343000.000
5403000.000
5196000.000
5221000.000
5286000.000
5199000.000
5114000.000
5055000.000
5061000.000
5130000.000
5022000.000
5001000.000
4939000.000
5067000.000
5203000.000
5184000.000
5192000.000
5237000.000
5081000.000
5232000.000
5180000.000
5166000.000
5119000.000
5049000.000
5014000.000
4838000.000
4906000.000
4827000.000
4856000.000
4828000.000
4871000.000
5051000.000
5028000.000
5051000.000
5124000.000
5232000.000
5236000.000
5422000.000
5524000.000
5484000.000
5387000.000
5275000.000
5328000.000
5342000.000
5142000.000
5025000.000
5025000.000
5023000.000
4913000.000
5039000.000
5019000.000
5088000.000
5136000.000
5102000.000
5124000.000
5128000.000
5042000.000
5172000.000
5051000.000
5002000.000
4969000.000
5016000.000
5048000.000
5062000.000
5032000.000
5184000.000
5099000.000
5252000.000
5354000.000
5177000.000
5181000.000
5079000.000
5084000.000
5068000.000
5129000.000
5158000.000
5160000.000
5238000.000
5177000.000
5285000.000
5171000.000
5211000.000
5191000.000
5212000.000
5243000.000
5208000.000
5231000.000
5046000.000
4935000.000
4832000.000
4825000.000
4869000.000
4906000.000
4958000.000
4996000.000
5020000.000
5162000.000
5026000.000
5036000.000
5062000.000
5070000.000
4955000.000
5111000.000
5019000.000
5084000.000
5100000.000
5027000.000
5150000.000
5187000.000
5185000.000
5213000.000
5226000.000
5327000.000
5223000.000
5128000.000
5134000.000
5153000.000
5202000.000
5169000.000
5208000.000
5174000.000
5254000.000
5234000.000
5061000.000
5001000.000
5081000.000
4957000.000
4986000.000
4951000.000
4975000.000
4922000.000
5104000.000
4875000.000
4867000.000
5031000.000
4984000.000
4981000.000
4836000.000
4995000.000
4945000.000
5159000.000
5086000.000
5146000.000
5073000.000
5111000.000
5016000.000
4930000.000
5055000.000
4984000.000
4890000.000
5314000.000
5456000.000
5464000.000
5392000.000
5392000.000
5415000.000
5438000.000
5411000.000
5218000.000
5125000.000
5083000.000
5099000.000
5094000.000
5162000.000
5147000.000
5149000.000
5179000.000
4977000.000
5121000.000
4919000.000
4981000.000
5124000.000
4992000.000
5029000.000
5057000.000
5044000.000
5017000.000
4868000.000
4935000.000
4993000.000
4895000.000
4939000.000
4984000.000
4997000.000
5042000.000
5013000.000
5134000.000
5031000.000
5042000.000
5170000.000
5014000.000
5080000.000
5052000.000
5265000.000
5190000.000
5230000.000
5313000.000
5480000.000
5397000.000
5540000.000
5466000.000
5464000.000
5488000.000
5321000.000
5288000.000
5129000.000
5094000.000
5303000.000
5221000.000
5111000.000
5090000.000
4991000.000
4994000.000
4905000.000
5049000.000
4958000.000
5122000.000
5217000.000
5152000.000
5219000.000
5269000.000
5214000.000
5314000.000
5220000.000
5084000.000
4978000.000
4728000.000
5043000.000
5004000.000
4979000.000
5035000.000
4955000.000
5050000.000
5048000.000
5141000.000
5120000.000
5232000.000
5103000.000
5363000.000
5451000.000
5544000.000
5573000.000
5549000.000
5431000.000
5353000.000
5219000.000
5264000.000
5146000.000
5042000.000
5094000.000
4969000.000
4907000.000
5017000.000
5006000.000
5029000.000
5036000.000
4929000.000
5041000.000
4993000.000
5006000.000
5015000.000
5057000.000
5043000.000
5033000.000
4970000.000
5058000.000
5139000.000
5208000.000
5226000.000
5247000.000
5252000.000
5283000.000
5188000.000
5204000.000
4975000.000
5015000.000
5181000.000
5137000.000
5162000.000
5231000.000
5033000.000
5084000.000
5171000.000
5210000.000
5117000.000
5121000.000
5176000.000
5061000.000
5065000.000
4979000.000
4949000.000
4925000.000
4821000.000
4845000.000
5004000.000
4974000.000
5154000.000
5061000.000
5119000.000
5076000.000
5124000.000
5036000.000
4963000.000
4934000.000
4985000.000
5040000.000
5104000.000
5040000.000
5119000.000
5081000.000
5170000.000
5219000.000
5285000.000
5234000.000
5286000.000
5200000.000
5134000.000
5004000.000
5099000.000
5037000.000
5214000.000
5083000.000
5061000.000
5145000.000
5082000.000
5026000.000
5066000.000
4955000.000
5026000.000
4986000.000
5019000.000
4923000.000
5064000.000
4922000.000
4950000.000
4929000.000
4888000.000
5051000.000
4959000.000
4973000.000
4982000.000
5088000.000
5081000.000
5154000.000
5170000.000
5225000.000
5200000.000
5079000.000
4930000.000
4966000.000
4889000.000
5437000.000
5426000.000
5431000.000
5518000.000
5465000.000
5483000.000
5441000.000
5310000.000
5391000.000
5135000.000
5175000.000
5112000.000
5028000.000
5054000.000
4990000.000
5063000.000
5091000.000
5014000.000
5108000.000
4894000.000
4882000.000
4999000.000
5018000.000
5088000.000
5146000.000
5072000.000
5047000.000
4944000.000
5018000.000
5081000.000
5092000.000
4988000.000
5086000.000
5114000.000
5122000.000
5205000.000
5110000.000
5092000.000
5062000.000
5028000.000
5074000.000
5077000.000
5054000.000
5193000.000
5254000.000
5411000.000
5466000.000
5563000.000
5619000.000
5557000.000
5554000.000
5337000.000
5245000.000
5165000.000
5033000.000
5234000.000
5209000.000
5101000.000
5048000.000
4994000.000
4981000.000
4974000.000
4997000.000
4964000.000
4951000.000
4941000.000
5118000.000
5176000.000
5174000.000
5229000.000
5277000.000
5176000.000
5116000.000
5083000.000
4999000.000
4882000.000
4989000.000
4973000.000
4901000.000
5156000.000
5261000.000
5069000.000
5160000.000
5125000.000
5017000.000
5162000.000
5216000.000
5556000.000
5497000.000
5517000.000
5580000.000
5533000.000
5411000.000
5462000.000
5373000.000
5247000.000
5157000.000
5206000.000
5066000.000
5042000.000
4835000.000
4902000.000
4973000.000
4967000.000
5039000.000
4964000.000
4978000.000
4998000.000
5004000.000
5056000.000
4970000.000
5021000.000
4948000.000
5061000.000
5014000.000
5080000.000
5132000.000
5238000.000
5323000.000
5382000.000
5235000.000
5289000.000
5172000.000
5037000.000
5048000.000
5090000.000
4996000.000
5063000.000
5131000.000
5169000.000
5141000.000
5080000.000
5204000.000
5199000.000
5194000.000
5132000.000
5088000.000
5055000.000
5010000.000
5001000.000
4819000.000
4907000.000
4949000.000
4992000.000
4889000.000
4931000.000
5020000.000
5048000.000
4946000.000
4907000.000
4918000.000
4910000.000
4964000.000
4859000.000
4978000.000
4948000.000
5035000.000
5187000.000
5211000.000
5237000.000
5239000.000
5130000.000
5232000.000
5103000.000
5127000.000
5126000.000
5030000.000
5053000.000
4877000.000
5072000.000
5039000.000
5094000.000
5080000.000
5078000.000
5037000.000
5215000.000
4982000.000
5006000.000
5159000.000
5079000.000
5138000.000
4994000.000
4997000.000
5072000.000
5010000.000
4978000.000
4938000.000
4982000.000
4912000.000
5093000.000
5054000.000
5102000.000
5179000.000
5177000.000
5044000.000
5043000.000
5078000.000
4965000.000
4917000.000
4852000.000
4947000.000
5441000.000
5494000.000
5594000.000
5593000.000
5509000.000
5530000.000
5404000.000
5302000.000
5385000.000
5205000.000
5214000.000
5085000.000
5107000.000
4988000.000
5014000.000
5133000.000
5035000.000
5021000.000
4999000.000
5073000.000
4993000.000
4954000.000
5022000.000
5047000.000
5005000.000
5102000.000
5104000.000
4958000.000
4966000.000
5005000.000
4981000.000
5170000.000
4990000.000
5119000.000
5159000.000
5212000.000
5139000.000
5078000.000
5160000.000
5084000.000
5198000.000
5114000.000
5168000.000
4987000.000
5178000.000
5212000.000
5426000.000
5529000.000
5529000.000
5597000.000
5510000.000
5468000.000
5265000.000
5099000.000
5175000.000
5167000.000
5246000.000
5099000.000
5093000.000
5099000.000
4997000.000
5109000.000
4947000.000
4911000.000
4934000.000
4923000.000
4882000.000
5040000.000
5113000.000
5167000.000
5120000.000
5190000.000
5255000.000
5205000.000
5182000.000
4911000.000
4978000.000
4968000.000
5009000.000
5094000.000
5242000.000
5213000.000
5161000.000
5084000.000
5112000.000
5113000.000
5291000.000
5300000.000
5256000.000
5396000.000
5542000.000
5507000.000
5587000.000
5417000.000
5454000.000
5307000.000
5196000.000
5231000.000
5214000.000
5036000.000
5090000.000
4987000.000
4970000.000
4871000.000
5000000.000
5001000.000
5032000.000
4873000.000
5014000.000
4978000.000
4982000.000
5010000.000
4977000.000
4992000.000
4882000.000
5047000.000
4995000.000
5124000.000
5187000.000
5219000.000
5223000.000
5295000.000
5300000.000
5254000.000
5023000.000
5004000.000
4938000.000
5004000.000
5176000.000
5200000.000
5108000.000
5222000.000
5200000.000
5103000.000
5237000.000
5061000.000
5179000.000
4999000.000
4978000.000
4974000.000
4884000.000
4938000.000
4914000.000
4925000.000
4847000.000
4958000.000
5105000.000
5033000.000
4975000.000
5080000.000
4946000.000
4861000.000
4947000.000
4926000.000
4898000.000
4909000.000
5077000.000
5040000.000
5218000.000
5185000.000
5178000.000
5265000.000
5134000.000
5155000.000
5205000.000
5122000.000
4997000.000
5068000.000
4981000.000
4969000.000
5091000.000
5017000.000
5021000.000
4976000.000
5014000.000
4997000.000
5089000.000
5124000.000
5173000.000
5042000.000
5012000.000
5153000.000
5110000.000
5123000.000
4885000.000
4989000.000
4931000.000
5005000.000
5008000.000
5071000.000
5046000.000
5072000.000
5227000.000
5160000.000
5168000.000
5240000.000
4973000.000
5018000.000
5047000.000
4957000.000
4892000.000
5598000.000
5769000.000
5664000.000
5701000.000
5552000.000
5551000.000
5442000.000
5397000.000
5268000.000
5195000.000
5234000.000
5058000.000
4970000.000
4974000.000
5042000.000
4999000.000
4969000.000
5021000.000
5076000.000
4996000.000
5025000.000
5045000.000
5200000.000
5093000.000
5106000.000
5077000.000
5211000.000
5101000.000
4960000.000
5070000.000
5135000.000
5119000.000
5189000.000
5285000.000
5298000.000
5291000.000
5272000.000
5278000.000
5119000.000
5220000.000
5088000.000
5262000.000
4983000.000
5091000.000
5183000.000
5420000.000
5560000.000
5507000.000
5559000.000
5407000.000
5271000.000
5313000.000
5259000.000
5202000.000
5126000.000
5144000.000
5090000.000
5018000.000
5105000.000
5217000.000
4932000.000
4897000.000
4877000.000
4901000.000
4955000.000
5080000.000
5089000.000
5222000.000
5166000.000
5226000.000
5260000.000
5248000.000
5178000.000
5303000.000
5142000.000
5119000.000
4942000.000
5098000.000
5273000.000
5208000.000
5200000.000
5255000.000
5156000.000
5225000.000
5124000.000
5101000.000
5291000.000
5383000.000
5428000.000
5477000.000
5523000.000
5419000.000
5332000.000
5395000.000
5306000.000
5293000.000
5297000.000
5264000.000
5097000.000
5068000.000
5014000.000
4971000.000
4980000.000
5009000.000
4974000.000
4961000.000
4910000.000
5041000.000
5077000.000
4975000.000
4976000.000
4933000.000
4855000.000
5072000.000
4893000.000
5068000.000
5264000.000
5175000.000
5275000.000
5297000.000
5234000.000
5268000.000
5165000.000
5109000.000
5178000.000
5065000.000
5008000.000
5075000.000
5034000.000
5010000.000
5173000.000
5130000.000
5202000.000
5147000.000
5160000.000
5126000.000
5077000.000
5161000.000
5004000.000
5022000.000
4941000.000
5015000.000
5007000.000
5086000.000
5067000.000
5041000.000
5040000.000
5057000.000
4834000.000
4859000.000
4941000.000
4966000.000
4989000.000
4954000.000
5041000.000
5105000.000
5155000.000
5121000.000
5161000.000
5171000.000
5029000.000
5033000.000
5235000.000
5259000.000
5172000.000
5034000.000
5116000.000
4998000.000
5067000.000
4924000.000
5049000.000
5113000.000
5098000.000
4978000.000
5002000.000
5096000.000
5188000.000
5116000.000
5084000.000
5124000.000
5089000.000
5164000.000
4958000.000
5085000.000
5005000.000
4921000.000
4989000.000
4999000.000
5130000.000
5040000.000
5130000.000
5127000.000
5254000.000
5109000.000
5258000.000
5182000.000
5061000.000
5025000.000
5116000.000
4950000.000
4983000.000
5481000.000
5590000.000
5750000.000
5727000.000
5703000.000
5713000.000
5667000.000
5458000.000
5517000.000
5303000.000
5236000.000
5066000.000
5099000.000
4950000.000
5080000.000
5014000.000
4937000.000
5018000.000
5148000.000
5084000.000
5015000.000
4917000.000
5075000.000
4977000.000
5150000.000
5229000.000
5128000.000
5114000.000
5095000.000
5093000.000
5130000.000
5100000.000
5184000.000
5190000.000
5259000.000
5189000.000
5272000.000
5331000.000
5223000.000
5102000.000
5108000.000
5123000.000
4995000.000
5118000.000
5132000.000
5174000.000
5293000.000
5431000.000
5497000.000
5554000.000
5403000.000
5330000.000
5350000.000
5204000.000
5149000.000
4998000.000
5163000.000
5161000.000
5101000.000
5007000.000
4895000.000
4813000.000
4831000.000
4929000.000
5002000.000
4914000.000
5117000.000
5145000.000
5034000.000
5126000.000
5229000.000
5311000.000
5256000.000
5199000.000
5013000.000
5154000.000
4971000.000
5003000.000
5052000.000
5089000.000
5215000.000
5270000.000
5254000.000
5147000.000
5172000.000
5165000.000
5255000.000
5151000.000
5322000.000
5452000.000
5446000.000
5510000.000
5505000.000
5408000.000
5423000.000
5339000.000
5228000.000
5197000.000
5242000.000
5134000.000
4925000.000
5035000.000
4943000.000
4979000.000
4950000.000
4915000.000
4967000.000
5060000.000
5017000.000
4963000.000
4889000.000
4900000.000
4891000.000
4968000.000
5041000.000
5014000.000
4912000.000
5085000.000
5021000.000
5194000.000
5298000.000
5300000.000
5227000.000
5204000.000
5097000.000
4972000.000
5037000.000
4985000.000
5056000.000
4958000.000
5063000.000
5178000.000
5178000.000
5178000.000
5196000.000
5115000.000
5123000.000
5113000.000
5129000.000
5059000.000
5096000.000
4943000.000
4999000.000
4883000.000
4946000.000
4993000.000
5023000.000
4984000.000
4892000.000
4957000.000
4913000.000
4971000.000
4979000.000
4989000.000
4981000.000
5089000.000
5053000.000
5000000.000
5162000.000
5006000.000
5033000.000
5081000.000
5112000.000
5172000.000
5087000.000
5098000.000
5065000.000
5038000.000
4987000.000
4968000.000
4999000.000
5030000.000
5024000.000
5128000.000
5021000.000
5094000.000
5056000.000
5040000.000
5122000.000
5129000.000
5184000.000
5120000.000
5043000.000
5041000.000
4987000.000
5134000.000
5042000.000
5053000.000
4974000.000
5018000.000
5153000.000
5112000.000
5073000.000
5059000.000
5162000.000
5095000.000
5094000.000
5090000.000
4935000.000
4978000.000
5047000.000
5605000.000
5693000.000
5745000.000
5790000.000
5673000.000
5665000.000
5661000.000
5350000.000
5216000.000
5174000.000
5129000.000
5130000.000
5035000.000
4986000.000
5116000.000
5114000.000
4998000.000
4921000.000
5060000.000
5127000.000
5011000.000
5087000.000
5193000.000
5249000.000
5157000.000
5215000.000
5187000.000
5193000.000
5191000.000
5202000.000
5120000.000
5227000.000
5271000.000
5327000.000
5394000.000
5346000.000
5363000.000
5317000.000
5235000.000
5182000.000
5009000.000
5135000.000
5020000.000
5131000.000
5067000.000
5247000.000
5430000.000
5448000.000
5379000.000
5298000.000
5254000.000
5147000.000
5135000.000
5164000.000
5118000.000
5033000.000
5023000.000
5047000.000
4887000.000
4883000.000
4872000.000
4916000.000
4792000.000
4947000.000
4940000.000
5003000.000
5078000.000
5217000.000
5070000.000
5139000.000
5230000.000
5273000.000
5111000.000
5146000.000
5100000.000
5049000.000
4970000.000
5187000.000
5095000.000
5191000.000
5067000.000
5205000.000
5283000.000
5277000.000
5217000.000
5205000.000
5238000.000
5178000.000
5137000.000
5360000.000
5308000.000
5389000.000
5410000.000
5327000.000
5284000.000
5287000.000
5265000.000
5236000.000
5078000.000
4986000.000
5059000.000
5011000.000
5013000.000
5073000.000
5137000.000
4982000.000
4872000.000
4905000.000
5002000.000
4951000.000
4935000.000
4939000.000
4870000.000
4910000.000
5029000.000
5023000.000
5017000.000
5062000.000
5143000.000
5206000.000
5147000.000
5293000.000
5138000.000
5004000.000
5094000.000
5023000.000
4926000.000
5058000.000
5067000.000
5126000.000
5080000.000
5160000.000
5172000.000
5157000.000
5176000.000
5173000.000
5236000.000
5045000.000
5008000.000
4968000.000
4932000.000
5017000.000
4903000.000
5095000.000
5038000.000
4950000.000
4965000.000
4966000.000
5035000.000
4828000.000
4935000.000
4969000.000
4961000.000
5054000.000
4944000.000
5020000.000
4983000.000
4860000.000
5055000.000
5044000.000
5077000.000
5088000.000
5159000.000
5138000.000
5102000.000
5061000.000
5015000.000
4916000.000
4975000.000
5014000.000
5069000.000
5081000.000
5131000.000
5114000.000
5183000.000
5069000.000
5145000.000
5121000.000
5202000.000
5085000.000
4992000.000
5173000.000
5097000.000
5092000.000
5000000.000
5053000.000
5122000.000
5109000.000
5110000.000
5144000.000
4997000.000
5078000.000
4978000.000
5173000.000
5016000.000
4913000.000
4986000.000
4878000.000
4892000.000
5033000.000
4948000.000
5592000.000
5627000.000
5649000.000
5763000.000
5785000.000
5734000.000
5562000.000
5410000.000
5491000.000
5305000.000
5212000.000
5072000.000
5041000.000
5094000.000
5166000.000
5168000.000
5049000.000
5012000.000
5068000.000
5199000.000
5154000.000
5050000.000
5321000.000
5275000.000
5244000.000
5233000.000
5272000.000
5288000.000
5293000.000
5317000.000
5198000.000
5293000.000
5344000.000
5301000.000
5277000.000
5250000.000
5255000.000
5282000.000
5258000.000
5267000.000
5156000.000
4972000.000
4956000.000
4958000.000
5056000.000
5131000.000
5305000.000
5295000.000
5378000.000
5209000.000
5170000.000
5187000.000
5058000.000
5012000.000
5084000.000
5051000.000
5112000.000
4957000.000
4986000.000
4962000.000
4912000.000
4810000.000
4805000.000
4844000.000
5033000.000
4998000.000
4975000.000
5128000.000
5074000.000
5165000.000
5178000.000
5062000.000
5200000.000
5163000.000
5097000.000
5055000.000
5096000.000
5172000.000
5172000.000
5147000.000
5180000.000
5222000.000
5220000.000
5123000.000
5073000.000
5223000.000
5075000.000
5145000.000
5085000.000
5106000.000
5127000.000
5127000.000
5111000.000
5214000.000
5383000.000
5308000.000
5230000.000
5137000.000
5174000.000
5139000.000
5112000.000
5067000.000
5057000.000
4986000.000
4882000.000
5068000.000
4952000.000
4879000.000
5076000.000
4849000.000
4807000.000
4893000.000
4951000.000
4860000.000
4849000.000
4932000.000
5011000.000
4960000.000
5004000.000
5094000.000
5171000.000
5040000.000
5167000.000
5217000.000
5053000.000
5013000.000
4955000.000
4944000.000
4984000.000
5070000.000
5162000.000
5010000.000
4942000.000
5106000.000
5233000.000
5163000.000
5136000.000
5210000.000
5229000.000
5109000.000
5152000.000
4985000.000
5063000.000
5106000.000
5127000.000
5086000.000
4884000.000
4936000.000
4921000.000
4920000.000
4936000.000
4874000.000
5010000.000
4918000.000
5029000.000
5029000.000
4940000.000
4945000.000
4992000.000
4892000.000
4910000.000
4872000.000
5087000.000
4915000.000
5007000.000
4994000.000
5051000.000
5039000.000
5063000.000
5094000.000
4983000.000
5059000.000
5046000.000
5150000.000
5078000.000
5138000.000
5198000.000
5163000.000
5171000.000
5043000.000
5003000.000
5070000.000
5026000.000
4926000.000
5168000.000
5053000.000
4995000.000
5021000.000
5150000.000
5036000.000
4928000.000
4941000.000
4935000.000
5002000.000
4956000.000
5022000.000
5033000.000
5004000.000
5125000.000
5035000.000
5079000.000
5578000.000
5711000.000
5668000.000
5782000.000
5618000.000
5662000.000
5605000.000
5408000.000
5320000.000
5244000.000
5276000.000
5157000.000
5231000.000
5076000.000
5183000.000
5092000.000
5207000.000
5123000.000
5122000.000
5103000.000
5187000.000
5124000.000
5247000.000
5169000.000
5248000.000
5328000.000
5243000.000
5330000.000
5199000.000
5189000.000
5297000.000
5202000.000
5234000.000
5259000.000
5226000.000
5316000.000
5337000.000
5164000.000
5230000.000
5147000.000
5061000.000
5014000.000
4915000.000
4979000.000
5032000.000
5049000.000
5349000.000
5323000.000
5230000.000
5228000.000
5152000.000
5059000.000
5124000.000
4984000.000
5046000.000
5114000.000
5014000.000
4992000.000
4897000.000
4905000.000
4863000.000
4876000.000
4946000.000
4918000.000
4992000.000
4947000.000
5038000.000
5041000.000
5137000.000
5072000.000
5114000.000
5108000.000
5122000.000
5133000.000
5122000.000
5161000.000
5106000.000
5212000.000
5126000.000
5171000.000
5261000.000
5187000.000
5173000.000
5089000.000
5112000.000
5158000.000
5100000.000
5120000.000
5078000.000
5137000.000
5134000.000
5320000.000
5215000.000
5290000.000
5279000.000
5237000.000
5248000.000
5320000.000
5019000.000
5137000.000
4962000.000
5021000.000
4970000.000
5036000.000
5025000.000
5032000.000
5048000.000
4999000.000
4950000.000
5051000.000
4914000.000
4814000.000
4941000.000
4878000.000
4906000.000
4949000.000
4906000.000
4940000.000
5056000.000
4960000.000
5114000.000
5204000.000
5097000.000
5143000.000
5040000.000
5014000.000
5014000.000
4938000.000
4985000.000
4992000.000
5104000.000
5081000.000
5286000.000
5155000.000
5250000.000
5288000.000
5264000.000
5128000.000
5112000.000
5055000.000
5028000.000
5103000.000
4962000.000
4987000.000
4988000.000
4911000.000
4935000.000
4938000.000
4849000.000
4824000.000
4934000.000
5006000.000
4925000.000
4948000.000
4947000.000
4963000.000
4984000.000
5006000.000
4999000.000
4990000.000
4845000.000
5005000.000
4975000.000
5093000.000
5024000.000
4991000.000
5071000.000
5027000.000
5028000.000
5046000.000
5157000.000
5113000.000
5138000.000
5113000.000
5097000.000
5127000.000
5100000.000
5056000.000
5070000.000
5003000.000
5035000.000
4948000.000
5037000.000
5113000.000
5005000.000
5167000.000
5160000.000
5065000.000
5079000.000
4957000.000
4932000.000
4952000.000
5010000.000
4994000.000
5036000.000
4992000.000
4956000.000
5048000.000
5111000.000
5177000.000
5062000.000
5636000.000
5700000.000
5698000.000
5632000.000
5707000.000
5614000.000
5687000.000
5467000.000
5505000.000
5306000.000
5348000.000
5287000.000
5352000.000
5317000.000
5304000.000
5219000.000
5147000.000
5092000.000
5293000.000
5302000.000
5123000.000
5223000.000
5177000.000
5239000.000
5253000.000
5215000.000
5298000.000
5191000.000
5177000.000
5103000.000
5088000.000
5068000.000
5111000.000
5085000.000
5132000.000
5283000.000
5168000.000
5161000.000
5261000.000
5224000.000
5098000.000
4975000.000
4909000.000
4976000.000
5009000.000
5046000.000
5089000.000
5113000.000
5144000.000
5143000.000
5115000.000
5170000.000
5073000.000
4982000.000
5095000.000
4961000.000
5121000.000
5016000.000
5054000.000
5027000.000
4919000.000
4829000.000
4813000.000
5029000.000
4951000.000
4965000.000
4923000.000
5051000.000
5064000.000
5011000.000
5021000.000
4989000.000
4917000.000
4954000.000
5049000.000
4966000.000
4963000.000
5051000.000
5053000.000
5139000.000
5113000.000
5136000.000
5029000.000
5239000.000
5253000.000
5153000.000
5078000.000
4993000.000
5024000.000
5071000.000
5135000.000
5120000.000
5298000.000
5269000.000
5351000.000
5456000.000
5335000.000
5209000.000
5305000.000
5104000.000
5140000.000
5026000.000
5004000.000
4955000.000
4933000.000
4973000.000
4992000.000
5035000.000
4976000.000
5101000.000
4954000.000
4865000.000
4885000.000
4847000.000
4809000.000
4912000.000
4945000.000
4909000.000
4920000.000
5047000.000
4988000.000
5052000.000
5160000.000
5126000.000
5164000.000
5095000.000
5012000.000
5010000.000
4961000.000
5131000.000
4952000.000
5121000.000
5147000.000
5147000.000
5220000.000
5166000.000
5358000.000
5230000.000
5160000.000
5195000.000
5196000.000
5134000.000
4910000.000
5036000.000
5023000.000
4845000.000
4877000.000
4944000.000
4847000.000
4847000.000
4968000.000
4904000.000
5014000.000
4919000.000
5057000.000
5005000.000
4994000.000
4946000.000
4933000.000
4901000.000
5041000.000
5050000.000
4966000.000
4934000.000
5024000.000
4981000.000
5079000.000
4994000.000
4994000.000
5013000.000
5211000.000
5066000.000
5109000.000
5275000.000
5208000.000
4963000.000
5084000.000
5046000.000
5046000.000
4937000.000
4895000.000
5047000.000
4961000.000
5027000.000
5121000.000
5053000.000
4969000.000
5114000.000
4913000.000
4849000.000
4882000.000
4789000.000
4822000.000
4824000.000
4959000.000
4990000.000
4980000.000
4955000.000
5046000.000
5172000.000
5369000.000
5436000.000
5540000.000
5590000.000
5621000.000
5575000.000
5417000.000
5535000.000
5385000.000
5568000.000
5363000.000
5424000.000
5406000.000
5276000.000
5445000.000
5257000.000
5246000.000
5222000.000
5190000.000
5260000.000
5362000.000
5287000.000
5285000.000
5189000.000
5210000.000
5195000.000
5104000.000
5200000.000
4943000.000
5028000.000
5135000.000
5178000.000
5095000.000
4996000.000
5078000.000
5174000.000
5151000.000
5260000.000
5196000.000
5195000.000
5014000.000
4969000.000
4927000.000
4959000.000
4826000.000
4936000.000
5070000.000
5141000.000
5105000.000
5128000.000
5082000.000
5085000.000
4968000.000
4950000.000
5014000.000
5028000.000
4938000.000
5106000.000
5128000.000
5103000.000
4964000.000
5055000.000
5034000.000
4944000.000
4943000.000
4914000.000
4999000.000
4973000.000
5030000.000
5030000.000
4958000.000
4941000.000
4982000.000
5029000.000
5037000.000
5095000.000
5135000.000
5092000.000
5114000.000
5009000.000
5233000.000
5103000.000
5176000.000
5101000.000
5220000.000
5227000.000
5143000.000
5113000.000
5044000.000
5052000.000
5225000.000
5206000.000
5230000.000
5238000.000
5353000.000
5277000.000
5363000.000
5415000.000
5231000.000
5333000.000
5184000.000
5118000.000
5091000.000
5065000.000
4988000.000
5093000.000
5129000.000
4988000.000
5008000.000
5128000.000
4980000.000
4900000.000
4885000.000
4873000.000
4855000.000
4874000.000
4795000.000
4930000.000
5011000.000
5010000.000
5091000.000
5117000.000
5052000.000
5181000.000
5057000.000
5109000.000
5015000.000
5126000.000
5049000.000
5067000.000
4962000.000
5122000.000
5290000.000
5310000.000
5163000.000
5309000.000
5243000.000
5363000.000
5197000.000
5180000.000
5158000.000
5141000.000
5053000.000
4991000.000
5004000.000
4897000.000
4770000.000
4792000.000
4929000.000
4836000.000
4903000.000
4896000.000
4974000.000
4931000.000
4974000.000
4980000.000
4923000.000
4927000.000
4945000.000
4873000.000
4976000.000
5020000.000
5049000.000
5062000.000
5109000.000
5024000.000
5019000.000
5036000.000
5057000.000
4908000.000
5046000.000
5023000.000
5020000.000
5050000.000
5011000.000
4996000.000
5043000.000
5050000.000
4949000.000
5016000.000
4962000.000
4961000.000
4851000.000
5042000.000
4984000.000
4865000.000
5076000.000
4930000.000
4971000.000
4927000.000
4804000.000
4763000.000
4913000.000
4853000.000
4901000.000
5047000.000
5019000.000
5042000.000
5118000.000
5396000.000
5373000.000
5350000.000
5424000.000
5476000.000
5503000.000
5530000.000
5651000.000
5596000.000
5575000.000
5539000.000
5470000.000
5555000.000
5553000.000
5453000.000
5465000.000
5456000.000
5470000.000
5385000.000
5335000.000
5246000.000
5246000.000
5320000.000
5247000.000
5243000.000
5167000.000
5246000.000
5180000.000
5259000.000
5127000.000
5070000.000
4973000.000
4931000.000
4956000.000
4940000.000
5069000.000
5009000.000
5022000.000
5076000.000
5121000.000
5188000.000
5095000.000
5060000.000
4950000.000
4967000.000
4961000.000
4932000.000
5009000.000
5008000.000
5027000.000
5180000.000
5048000.000
5220000.000
4966000.000
4965000.000
5027000.000
4853000.000
4995000.000
4956000.000
5156000.000
5117000.000
5068000.000
5088000.000
4985000.000
5032000.000
4945000.000
4949000.000
4843000.000
5008000.000
4923000.000
4987000.000
5000000.000
4880000.000
5029000.000
5036000.000
5000000.000
5008000.000
5169000.000
5029000.000
5145000.000
5032000.000
5042000.000
4990000.000
5043000.000
5181000.000
5199000.000
5155000.000
5212000.000
5063000.000
5120000.000
5215000.000
5105000.000
5062000.000
5144000.000
5214000.000
5298000.000
5341000.000
5336000.000
5314000.000
5252000.000
5219000.000
5389000.000
5210000.000
5164000.000
5046000.000
5037000.000
5047000.000
5011000.000
5183000.000
5120000.000
5046000.000
4989000.000
4977000.000
5006000.000
4861000.000
4933000.000
4756000.000
4895000.000
4943000.000
4922000.000
4997000.000
5034000.000
5166000.000
5068000.000
5147000.000
5080000.000
5124000.000
5209000.000
5168000.000
5134000.000
5114000.000
5072000.000
5150000.000
5028000.000
5132000.000
5104000.000
5230000.000
5204000.000
5406000.000
5374000.000
5165000.000
5202000.000
5252000.000
5210000.000
5034000.000
5054000.000
4927000.000
4980000.000
4897000.000
4805000.000
4829000.000
4826000.000
4830000.000
4843000.000
4905000.000
4985000.000
4996000.000
5002000.000
5016000.000
4934000.000
4947000.000
5088000.000
4965000.000
4929000.000
5025000.000
5097000.000
5087000.000
5035000.000
4960000.000
5057000.000
4972000.000
5028000.000
4934000.000
4878000.000
4992000.000
5064000.000
5064000.000
5088000.000
4984000.000
5177000.000
4889000.000
4964000.000
5022000.000
5010000.000
4897000.000
4986000.000
5044000.000
5115000.000
5075000.000
5087000.000
5069000.000
4981000.000
4952000.000
4871000.000
4854000.000
4896000.000
4902000.000
4975000.000
5024000.000
4975000.000
5104000.000
5137000.000
5157000.000
5279000.000
5406000.000
5357000.000
5482000.000
5579000.000
5572000.000
5587000.000
5565000.000
5677000.000
5514000.000
5538000.000
5537000.000
5525000.000
5407000.000
5446000.000
5498000.000
5407000.000
5393000.000
5227000.000
5247000.000
5277000.000
5282000.000
5219000.000
5262000.000
5274000.000
5062000.000
5216000.000
5188000.000
4999000.000
4971000.000
4892000.000
4915000.000
4900000.000
4941000.000
4992000.000
5105000.000
5119000.000
5102000.000
5126000.000
5084000.000
4989000.000
4852000.000
4907000.000
4979000.000
4907000.000
5016000.000
5037000.000
5094000.000
5136000.000
5017000.000
5040000.000
5021000.000
4837000.000
5044000.000
4996000.000
4952000.000
4982000.000
5054000.000
5203000.000
5034000.000
5029000.000
5024000.000
4829000.000
4890000.000
4949000.000
4886000.000
4818000.000
4981000.000
4892000.000
4883000.000
4877000.000
5068000.000
4986000.000
4930000.000
5109000.000
5099000.000
5074000.000
5138000.000
5003000.000
4997000.000
4986000.000
5141000.000
5101000.000
5240000.000
5107000.000
5146000.000
5214000.000
5116000.000
5294000.000
5274000.000
5168000.000
5313000.000
5458000.000
5509000.000
5367000.000
5452000.000
5392000.000
5281000.000
5229000.000
5400000.000
5332000.000
5272000.000
5183000.000
5131000.000
5194000.000
5085000.000
5074000.000
5200000.000
5056000.000
5001000.000
4916000.000
4828000.000
4979000.000
4849000.000
4921000.000
5023000.000
4946000.000
5067000.000
5021000.000
5081000.000
5065000.000
5194000.000
5123000.000
5192000.000
5139000.000
5117000.000
5202000.000
5098000.000
5041000.000
5154000.000
5092000.000
5094000.000
5273000.000
5163000.000
5193000.000
5257000.000
5241000.000
5247000.000
5305000.000
5249000.000
5132000.000
5193000.000
5074000.000
4939000.000
4931000.000
4795000.000
4912000.000
4860000.000
4744000.000
4903000.000
4859000.000
4945000.000
5022000.000
5129000.000
5027000.000
4983000.000
5105000.000
4977000.000
4975000.000
4944000.000
5013000.000
4967000.000
5119000.000
5005000.000
5094000.000
5065000.000
4982000.000
5014000.000
4928000.000
4850000.000
4916000.000
4863000.000
5047000.000
5037000.000
5059000.000
5095000.000
5010000.000
5064000.000
5045000.000
4946000.000
5031000.000
5001000.000
5081000.000
5002000.000
5118000.000
5046000.000
5054000.000
5027000.000
4928000.000
4905000.000
4982000.000
4877000.000
4993000.000
5033000.000
4922000.000
4971000.000
5032000.000
5159000.000
5150000.000
5385000.000
5449000.000
5569000.000
5414000.000
5450000.000
5440000.000
5515000.000
5499000.000
5428000.000
5527000.000
5554000.000
5596000.000
5556000.000
5548000.000
5484000.000
5539000.000
5621000.000
5511000.000
5382000.000
5382000.000
5317000.000
5220000.000
5203000.000
5132000.000
5184000.000
5222000.000
5144000.000
5136000.000
5184000.000
5151000.000
5168000.000
5035000.000
5114000.000
5017000.000
4955000.000
5002000.000
4942000.000
4907000.000
5043000.000
5102000.000
5255000.000
4992000.000
5137000.000
5017000.000
5020000.000
4961000.000
4940000.000
4924000.000
4981000.000
5031000.000
5101000.000
5070000.000
5017000.000
5086000.000
4933000.000
4845000.000
5003000.000
5083000.000
5016000.000
5128000.000
5148000.000
5082000.000
5024000.000
5028000.000
5048000.000
4859000.000
4906000.000
4963000.000
4842000.000
4922000.000
4926000.000
4878000.000
4937000.000
4915000.000
5017000.000
5044000.000
5083000.000
4993000.000
5053000.000
5023000.000
5136000.000
5064000.000
5039000.000
5077000.000
5158000.000
5162000.000
5233000.000
5149000.000
5060000.000
5133000.000
5195000.000
5267000.000
5347000.000
5396000.000
5323000.000
5428000.000
5387000.000
5447000.000
5546000.000
5439000.000
5371000.000
5259000.000
5334000.000
5297000.000
5418000.000
5216000.000
5147000.000
5163000.000
5023000.000
5088000.000
5206000.000
5232000.000
4913000.000
4940000.000
4942000.000
4924000.000
4794000.000
4823000.000
4927000.000
5067000.000
5117000.000
5039000.000
5090000.000
4946000.000
5022000.000
5029000.000
5200000.000
5194000.000
5201000.000
5217000.000
5206000.000
5130000.000
5203000.000
5056000.000
5159000.000
5315000.000
5156000.000
5275000.000
5249000.000
5275000.000
5224000.000
5239000.000
5183000.000
5236000.000
5198000.000
5236000.000
5020000.000
4984000.000
4939000.000
4934000.000
4858000.000
4692000.000
4924000.000
4963000.000
4959000.000
4982000.000
5017000.000
5069000.000
5151000.000
5128000.000
5099000.000
5079000.000
5059000.000
4949000.000
5092000.000
5050000.000
5056000.000
4956000.000
5083000.000
5047000.000
4926000.000
4971000.000
4891000.000
4840000.000
4761000.000
5013000.000
5009000.000
5111000.000
5021000.000
5064000.000
5023000.000
4983000.000
5010000.000
5023000.000
5071000.000
5040000.000
5148000.000
5068000.000
5073000.000
5023000.000
5028000.000
4960000.000
5121000.000
5011000.000
5163000.000
5048000.000
5064000.000
4995000.000
4925000.000
5049000.000
5150000.000
5297000.000
5357000.000
5633000.000
5241000.000
5267000.000
5311000.000
5350000.000
5581000.000
5432000.000
5461000.000
5499000.000
5454000.000
5524000.000
5488000.000
5465000.000
5322000.000
5394000.000
5396000.000
5309000.000
5320000.000
5252000.000
5230000.000
5097000.000
5194000.000
5213000.000
5213000.000
5157000.000
5367000.000
5153000.000
5174000.000
5185000.000
5060000.000
5012000.000
4999000.000
4912000.000
4900000.000
5051000.000
5101000.000
5113000.000
5197000.000
5047000.000
5110000.000
4906000.000
5077000.000
5011000.000
5090000.000
5059000.000
5068000.000
5121000.000
5089000.000
5168000.000
5015000.000
4989000.000
4993000.000
5011000.000
4968000.000
4977000.000
4815000.000
4898000.000
4969000.000
4983000.000
4895000.000
4974000.000
4853000.000
4839000.000
4880000.000
4768000.000
4805000.000
4907000.000
4893000.000
4845000.000
4874000.000
4982000.000
5037000.000
4978000.000
5015000.000
5024000.000
5113000.000
5043000.000
5140000.000
5070000.000
4903000.000
5052000.000
5090000.000
5141000.000
5087000.000
5196000.000
5148000.000
5111000.000
5208000.000
5216000.000
5177000.000
5446000.000
5367000.000
5446000.000
5525000.000
5445000.000
5509000.000
5326000.000
5514000.000
5375000.000
5354000.000
5458000.000
5324000.000
5194000.000
5283000.000
5157000.000
5124000.000
5135000.000
5180000.000
5054000.000
5032000.000
4920000.000
4922000.000
4976000.000
4923000.000
5042000.000
5066000.000
5089000.000
5169000.000
5158000.000
5140000.000
5071000.000
5028000.000
5092000.000
5170000.000
5182000.000
5173000.000
5274000.000
5149000.000
5095000.000
5020000.000
5128000.000
5202000.000
5131000.000
5224000.000
5274000.000
5269000.000
5358000.000
5277000.000
5318000.000
5298000.000
5214000.000
5190000.000
5207000.000
5096000.000
5035000.000
4909000.000
4858000.000
4846000.000
4825000.000
4931000.000
4918000.000
4890000.000
5047000.000
5071000.000
5085000.000
5229000.000
5143000.000
5060000.000
4994000.000
5079000.000
5130000.000
5156000.000
5087000.000
5049000.000
5044000.000
4953000.000
4889000.000
4789000.000
4723000.000
4826000.000
4763000.000
4798000.000
4937000.000
4966000.000
4863000.000
5011000.000
4934000.000
5048000.000
5030000.000
4927000.000
4947000.000
5139000.000
4966000.000
5065000.000
5030000.000
5046000.000
5005000.000
5108000.000
5050000.000
5118000.000
5221000.000
5113000.000
5065000.000
5098000.000
5211000.000
5040000.000
5159000.000
5296000.000
5203000.000
5546000.000
5589000.000
5521000.000
5225000.000
5217000.000
5308000.000
5364000.000
5431000.000
5328000.000
5340000.000
5435000.000
5364000.000
5465000.000
5453000.000
5424000.000
5356000.000
5414000.000
5363000.000
5400000.000
5393000.000
5217000.000
5227000.000
5174000.000
5144000.000
5160000.000
5258000.000
5203000.000
5188000.000
5211000.000
5221000.000
5309000.000
5094000.000
5081000.000
5075000.000
4872000.000
5004000.000
4881000.000
5002000.000
5064000.000
5079000.000
5097000.000
5075000.000
5112000.000
5109000.000
4948000.000
5014000.000
5109000.000
4990000.000
5055000.000
5077000.000
5196000.000
5053000.000
4953000.000
5108000.000
4952000.000
5013000.000
4966000.000
4994000.000
4961000.000
4969000.000
5006000.000
4989000.000
4973000.000
4944000.000
4925000.000
4797000.000
4813000.000
4926000.000
4787000.000
4876000.000
4806000.000
4888000.000
4877000.000
4982000.000
5049000.000
4951000.000
5023000.000
5070000.000
4939000.000
5026000.000
4935000.000
4904000.000
5030000.000
4908000.000
5088000.000
5022000.000
5096000.000
5055000.000
5233000.000
5204000.000
5251000.000
5240000.000
5419000.000
5516000.000
5389000.000
5474000.000
5422000.000
5430000.000
5275000.000
5449000.000
5362000.000
5421000.000
5438000.000
5398000.000
5400000.000
5349000.000
5210000.000
5232000.000
5207000.000
5154000.000
5084000.000
5008000.000
5038000.000
5050000.000
4973000.000
4956000.000
4870000.000
5014000.000
5088000.000
5032000.000
5075000.000
5112000.000
5043000.000
5002000.000
5136000.000
5060000.000
5041000.000
5202000.000
5168000.000
5230000.000
5123000.000
5139000.000
5078000.000
5098000.000
5120000.000
5074000.000
5123000.000
5262000.000
5237000.000
5328000.000
5264000.000
5310000.000
5334000.000
5368000.000
5437000.000
5071000.000
5050000.000
4963000.000
5022000.000
4837000.000
4893000.000
5052000.000
4885000.000
4977000.000
5008000.000
5098000.000
5054000.000
5272000.000
5130000.000
5199000.000
5150000.000
5095000.000
5157000.000
5084000.000
5140000.000
5196000.000
5092000.000
4982000.000
4984000.000
4914000.000
4882000.000
4842000.000
4934000.000
4759000.000
4838000.000
4832000.000
4895000.000
4865000.000
4815000.000
5016000.000
4989000.000
5020000.000
4941000.000
5037000.000
4876000.000
5029000.000
5058000.000
5046000.000
5105000.000
5128000.000
5170000.000
5147000.000
5276000.000
5243000.000
5265000.000
5209000.000
5301000.000
5196000.000
5244000.000
5128000.000
5094000.000
5240000.000
5400000.000
5485000.000
5392000.000
5234000.000
5315000.000
5320000.000
5324000.000
5346000.000
5266000.000
5412000.000
5337000.000
5374000.000
5346000.000
5332000.000
5344000.000
5288000.000
5362000.000
5285000.000
5215000.000
5161000.000
5105000.000
5130000.000
5185000.000
5181000.000
5156000.000
5221000.000
5276000.000
5186000.000
5150000.000
5210000.000
5219000.000
5061000.000
5083000.000
5032000.000
5026000.000
5074000.000
5164000.000
5113000.000
5188000.000
5038000.000
5115000.000
5132000.000
5181000.000
5008000.000
4966000.000
5068000.000
5114000.000
5060000.000
5121000.000
5081000.000
5037000.000
5088000.000
4980000.000
4895000.000
4948000.000
4920000.000
4972000.000
4979000.000
4961000.000
4974000.000
5030000.000
4880000.000
4877000.000
4827000.000
4909000.000
4891000.000
4814000.000
4835000.000
4906000.000
4903000.000
4934000.000
4946000.000
4924000.000
4962000.000
4955000.000
4988000.000
5010000.000
5051000.000
4833000.000
4960000.000
4958000.000
5100000.000
5196000.000
5144000.000
5082000.000
5145000.000
5242000.000
5342000.000
5169000.000
5210000.000
5397000.000
5418000.000
5410000.000
5329000.000
5443000.000
5478000.000
5377000.000
5265000.000
5277000.000
5382000.000
5313000.000
5386000.000
5409000.000
5287000.000
5169000.000
5168000.000
5230000.000
5255000.000
5096000.000
5110000.000
5102000.000
4950000.000
5085000.000
4990000.000
4911000.000
4967000.000
5004000.000
5077000.000
5069000.000
4999000.000
5139000.000
5061000.000
5070000.000
5124000.000
5110000.000
5185000.000
5163000.000
5276000.000
5153000.000
5066000.000
5096000.000
5005000.000
5076000.000
5181000.000
5076000.000
5182000.000
5274000.000
5350000.000
5444000.000
5288000.000
5338000.000
5268000.000
5295000.000
5251000.000
5151000.000
4950000.000
4936000.000
4876000.000
4926000.000
4952000.000
4988000.000
5070000.000
5025000.000
5037000.000
5119000.000
5128000.000
5084000.000
5117000.000
5081000.000
5145000.000
5102000.000
5152000.000
5025000.000
5064000.000
5080000.000
5133000.000
4998000.000
4975000.000
4970000.000
4819000.000
4749000.000
4707000.000
4825000.000
4765000.000
4814000.000
4868000.000
4933000.000
4968000.000
4836000.000
4999000.000
5024000.000
4919000.000
4951000.000
4937000.000
4870000.000
5004000.000
4998000.000
4989000.000
5059000.000
5064000.000
5161000.000
5221000.000
5365000.000
5182000.000
5200000.000
5282000.000
5281000.000
5109000.000
5240000.000
5280000.000
5325000.000
5419000.000
5534000.000
5284000.000
5241000.000
5132000.000
5160000.000
5273000.000
5304000.000
5248000.000
5287000.000
5299000.000
5277000.000
5428000.000
5342000.000
5263000.000
5421000.000
5247000.000
5277000.000
5194000.000
5138000.000
5095000.000
5134000.000
5081000.000
5176000.000
4959000.000
5156000.000
5271000.000
5248000.000
5223000.000
5255000.000
5196000.000
5099000.000
5219000.000
5095000.000
5053000.000
5024000.000
5005000.000
5030000.000
5103000.000
5212000.000
5254000.000
5197000.000
5058000.000
5062000.000
4971000.000
4961000.000
4883000.000
5039000.000
5137000.000
5210000.000
5156000.000
5143000.000
5067000.000
5030000.000
5081000.000
4945000.000
5002000.000
4892000.000
4891000.000
4993000.000
5140000.000
4970000.000
4933000.000
4950000.000
4820000.000
4835000.000
4867000.000
4951000.000
4896000.000
4939000.000
4726000.000
4898000.000
4843000.000
4921000.000
4940000.000
4957000.000
4873000.000
5021000.000
4889000.000
4871000.000
4888000.000
4849000.000
4979000.000
5051000.000
5077000.000
5072000.000
5080000.000
5175000.000
5166000.000
5245000.000
5274000.000
5285000.000
5406000.000
5493000.000
5329000.000
5354000.000
5438000.000
5461000.000
5208000.000
5307000.000
5386000.000
5382000.000
5349000.000
5314000.000
5223000.000
5198000.000
5168000.000
5224000.000
4955000.000
5177000.000
5157000.000
4997000.000
4913000.000
5003000.000
4966000.000
5173000.000
5039000.000
5138000.000
5040000.000
5136000.000
5277000.000
4999000.000
5054000.000
5052000.000
5043000.000
5101000.000
5147000.000
5188000.000
5161000.000
5105000.000
5110000.000
5030000.000
5082000.000
4997000.000
5182000.000
5143000.000
5234000.000
5187000.000
5319000.000
5411000.000
5229000.000
5343000.000
5312000.000
5278000.000
5161000.000
5085000.000
5126000.000
5097000.000
4951000.000
4939000.000
5063000.000
4937000.000
4992000.000
4934000.000
5073000.000
5208000.000
5170000.000
5229000.000
5145000.000
5174000.000
5078000.000
5170000.000
5086000.000
5033000.000
5083000.000
5215000.000
5113000.000
5048000.000
4970000.000
4949000.000
4828000.000
4840000.000
4978000.000
4783000.000
4823000.000
4896000.000
4931000.000
4896000.000
5002000.000
5062000.000
4921000.000
4877000.000
4974000.000
4952000.000
4985000.000
4969000.000
4930000.000
5003000.000
5006000.000
5105000.000
5205000.000
5277000.000
5346000.000
5353000.000
5310000.000
5235000.000
5226000.000
5292000.000
5164000.000
5266000.000
5154000.000
5244000.000
5344000.000
5081000.000
5120000.000
5152000.000
5136000.000
5169000.000
5284000.000
5312000.000
5242000.000
5225000.000
5280000.000
5267000.000
5235000.000
5241000.000
5320000.000
5195000.000
5184000.000
5175000.000
5143000.000
5025000.000
5002000.000
5143000.000
5044000.000
5136000.000
5084000.000
5162000.000
5156000.000
5152000.000
5203000.000
5086000.000
5143000.000
5057000.000
5045000.000
5071000.000
5039000.000
5077000.000
5101000.000
5116000.000
5058000.000
5071000.000
5085000.000
4951000.000
4943000.000
4969000.000
4921000.000
4926000.000
5119000.000
5140000.000
5083000.000
5046000.000
5138000.000
5059000.000
5023000.000
4973000.000
4992000.000
5021000.000
4932000.000
4991000.000
4951000.000
4884000.000
4920000.000
5029000.000
4855000.000
4946000.000
4881000.000
4905000.000
4943000.000
4890000.000
4832000.000
4973000.000
4766000.000
4963000.000
4938000.000
4919000.000
4950000.000
4933000.000
4953000.000
4836000.000
4816000.000
4925000.000
5017000.000
5004000.000
5076000.000
5129000.000
5123000.000
5146000.000
5195000.000
5129000.000
5270000.000
5268000.000
5308000.000
5390000.000
5453000.000
5401000.000
5297000.000
5230000.000
5328000.000
5234000.000
5248000.000
5372000.000
5340000.000
5239000.000
5169000.000
5170000.000
5155000.000
5005000.000
5120000.000
5066000.000
5090000.000
4875000.000
4909000.000
4940000.000
5110000.000
5023000.000
5002000.000
5023000.000
5135000.000
5008000.000
5099000.000
5018000.000
5027000.000
5072000.000
5160000.000
5159000.000
5253000.000
5211000.000
5074000.000
5084000.000
5014000.000
5025000.000
5087000.000
5133000.000
5084000.000
5128000.000
5167000.000
5301000.000
5236000.000
5429000.000
5333000.000
5302000.000
5204000.000
5221000.000
5179000.000
5109000.000
5029000.000
4991000.000
5022000.000
5087000.000
5026000.000
5004000.000
5008000.000
5033000.000
5021000.000
5090000.000
5307000.000
5294000.000
5259000.000
5183000.000
5172000.000
5122000.000
4991000.000
5120000.000
5144000.000
5173000.000
5063000.000
4980000.000
5041000.000
4875000.000
4888000.000
4938000.000
4825000.000
5023000.000
4808000.000
4764000.000
4917000.000
4971000.000
4858000.000
4936000.000
5045000.000
5051000.000
4937000.000
4878000.000
4793000.000
4873000.000
4947000.000
5117000.000
5152000.000
5112000.000
5133000.000
5314000.000
5421000.000
5356000.000
5334000.000
5333000.000
5218000.000
5188000.000
5199000.000
5168000.000
5182000.000
5249000.000
5196000.000
5348000.000
5105000.000
5104000.000
5041000.000
5156000.000
5125000.000
5069000.000
5100000.000
5128000.000
5213000.000
5162000.000
5278000.000
5256000.000
5166000.000
5308000.000
5224000.000
5220000.000
5187000.000
5004000.000
5132000.000
5019000.000
5047000.000
4975000.000
5066000.000
5052000.000
5100000.000
5164000.000
5024000.000
5241000.000
5165000.000
5114000.000
5121000.000
4957000.000
5037000.000
5002000.000
5152000.000
5233000.000
5086000.000
5143000.000
5141000.000
5114000.000
5108000.000
4970000.000
5020000.000
4972000.000
5063000.000
5023000.000
5075000.000
5157000.000
5067000.000
5225000.000
5026000.000
5067000.000
5146000.000
5130000.000
5116000.000
4978000.000
4995000.000
5068000.000
5046000.000
5056000.000
4936000.000
4996000.000
5080000.000
5043000.000
4849000.000
5031000.000
4883000.000
4890000.000
4852000.000
4824000.000
4880000.000
4842000.000
4845000.000
4892000.000
4846000.000
4895000.000
4866000.000
4850000.000
4818000.000
4784000.000
4850000.000
4989000.000
5027000.000
5040000.000
4979000.000
5147000.000
5127000.000
5156000.000
5248000.000
5349000.000
5291000.000
5357000.000
5482000.000
5461000.000
5372000.000
5362000.000
5245000.000
5394000.000
5219000.000
5268000.000
5167000.000
5226000.000
5079000.000
5120000.000
5042000.000
5031000.000
4893000.000
5085000.000
4984000.000
5081000.000
5054000.000
4976000.000
5107000.000
5058000.000
5018000.000
5086000.000
5111000.000
5040000.000
5046000.000
5144000.000
5065000.000
5097000.000
5103000.000
5201000.000
5152000.000
5216000.000
5076000.000
5103000.000
5096000.000
5010000.000
4983000.000
5132000.000
5162000.000
5200000.000
5212000.000
5348000.000
5389000.000
5379000.000
5179000.000
5185000.000
5224000.000
5036000.000
5220000.000
5097000.000
5102000.000
5115000.000
5172000.000
5102000.000
5115000.000
5177000.000
5045000.000
5191000.000
5082000.000
5209000.000
5296000.000
5293000.000
5269000.000
5282000.000
5259000.000
5206000.000
5165000.000
5023000.000
5140000.000
5229000.000
5024000.000
5026000.000
5025000.000
4981000.000
4886000.000
4922000.000
4842000.000
4893000.000
4960000.000
4944000.000
5031000.000
4944000.000
4956000.000
5038000.000
5066000.000
5017000.000
5009000.000
4957000.000
4841000.000
4912000.000
4952000.000
4905000.000
5056000.000
4989000.000
5173000.000
5209000.000
5335000.000
5435000.000
5358000.000
5311000.000
5350000.000
5251000.000
5207000.000
5293000.000
5085000.000
5121000.000
5149000.000
4974000.000
4956000.000
5076000.000
5038000.000
5076000.000
4951000.000
5090000.000
5162000.000
5182000.000
5117000.000
5144000.000
5288000.000
5274000.000
5189000.000
5258000.000
5272000.000
5091000.000
5133000.000
4975000.000
5050000.000
5018000.000
4998000.000
4929000.000
5121000.000
5059000.000
5144000.000
5241000.000
5310000.000
5190000.000
5086000.000
5115000.000
5154000.000
5140000.000
5055000.000
5174000.000
5062000.000
5213000.000
5133000.000
5123000.000
5036000.000
4963000.000
5005000.000
4991000.000
5088000.000
4983000.000
5113000.000
5076000.000
5020000.000
5088000.000
5145000.000
5182000.000
5191000.000
5204000.000
5170000.000
5129000.000
5008000.000
5014000.000
5046000.000
4974000.000
5037000.000
5020000.000
5211000.000
5060000.000
5051000.000
5145000.000
4939000.000
4973000.000
4842000.000
4833000.000
4868000.000
4823000.000
4975000.000
4850000.000
4830000.000
4847000.000
4896000.000
4747000.000
4910000.000
4847000.000
5026000.000
5007000.000
4973000.000
5098000.000
5039000.000
5163000.000
5297000.000
5202000.000
5253000.000
5397000.000
5465000.000
5374000.000
5532000.000
5451000.000
5335000.000
5378000.000
5288000.000
5339000.000
5250000.000
5263000.000
5196000.000
5083000.000
5046000.000
5097000.000
4961000.000
5032000.000
4971000.000
5015000.000
5070000.000
4957000.000
5234000.000
5124000.000
5115000.000
4980000.000
5091000.000
5101000.000
5091000.000
5066000.000
5099000.000
5006000.000
5109000.000
5037000.000
5083000.000
5209000.000
5069000.000
5145000.000
5127000.000
5028000.000
5154000.000
5028000.000
5024000.000
5080000.000
5089000.000
5221000.000
5348000.000
5215000.000
5284000.000
5194000.000
5259000.000
5168000.000
5147000.000
5195000.000
5256000.000
5190000.000
5176000.000
5175000.000
5286000.000
5283000.000
5173000.000
5169000.000
5091000.000
5195000.000
5196000.000
5288000.000
5336000.000
5353000.000
5433000.000
5475000.000
5452000.000
5346000.000
5258000.000
5323000.000
5301000.000
5137000.000
5131000.000
5107000.000
4927000.000
4953000.000
4977000.000
5000000.000
4946000.000
4910000.000
4810000.000
5027000.000
4908000.000
5077000.000
4968000.000
5060000.000
4948000.000
5145000.000
5102000.000
5006000.000
5071000.000
4949000.000
4830000.000
4792000.000
5025000.000
5023000.000
4994000.000
5192000.000
5201000.000
5314000.000
5347000.000
5309000.000
5260000.000
5261000.000
5190000.000
5080000.000
4955000.000
5019000.000
4910000.000
5007000.000
4991000.000
5004000.000
5008000.000
5037000.000
4935000.000
5020000.000
5116000.000
5190000.000
5137000.000
5076000.000
5145000.000
5187000.000
5201000.000
5188000.000
5273000.000
5314000.000
5207000.000
5128000.000
5067000.000
4985000.000
4972000.000
4959000.000
4977000.000
4945000.000
4989000.000
5114000.000
5053000.000
5255000.000
5262000.000
5260000.000
5173000.000
5199000.000
5102000.000
5165000.000
5131000.000
5133000.000
5162000.000
4941000.000
5115000.000
5163000.000
5041000.000
5103000.000
5087000.000
4928000.000
4971000.000
5101000.000
5100000.000
5174000.000
5155000.000
5180000.000
5145000.000
5103000.000
5120000.000
5247000.000
5006000.000
5179000.000
5069000.000
5075000.000
5094000.000
5168000.000
5178000.000
5186000.000
5088000.000
5173000.000
5158000.000
5090000.000
5024000.000
4910000.000
4997000.000
4839000.000
4827000.000
4921000.000
4905000.000
4914000.000
4885000.000
4915000.000
4818000.000
4940000.000
4851000.000
4932000.000
4963000.000
4908000.000
4989000.000
5061000.000
5044000.000
5283000.000
5262000.000
5297000.000
5274000.000
5320000.000
5417000.000
5455000.000
5410000.000
5399000.000
5346000.000
5298000.000
5304000.000
5280000.000
5213000.000
5242000.000
5116000.000
5051000.000
5011000.000
5004000.000
4926000.000
4926000.000
4881000.000
4976000.000
4994000.000
5144000.000
5101000.000
5174000.000
5164000.000
5043000.000
5173000.000
5073000.000
5010000.000
5057000.000
5063000.000
5093000.000
5040000.000
5024000.000
5107000.000
5068000.000
5190000.000
5161000.000
5099000.000
4956000.000
5062000.000
4986000.000
4988000.000
5037000.000
5158000.000
5215000.000
5151000.000
5203000.000
5256000.000
5177000.000
5232000.000
5303000.000
5201000.000
5057000.000
5056000.000
5158000.000
5145000.000
5121000.000
5191000.000
5169000.000
5209000.000
5162000.000
5300000.000
5177000.000
5171000.000
5369000.000
5404000.000
5466000.000
5486000.000
5343000.000
5377000.000
5331000.000
5265000.000
5293000.000
5264000.000
5200000.000
5098000.000
4995000.000
5046000.000
5045000.000
4974000.000
4871000.000
4918000.000
4968000.000
4914000.000
4953000.000
4878000.000
5028000.000
5072000.000
5083000.000
5109000.000
5065000.000
5075000.000
4958000.000
4976000.000
4831000.000
4922000.000
4894000.000
4888000.000
5061000.000
5133000.000
5058000.000
5182000.000
5303000.000
5269000.000
5359000.000
5377000.000
5278000.000
5264000.000
5133000.000
5025000.000
4890000.000
4886000.000
5018000.000
4975000.000
4980000.000
5036000.000
4980000.000
4956000.000
5040000.000
5068000.000
5047000.000
5163000.000
5125000.000
5183000.000
5226000.000
5253000.000
5329000.000
5164000.000
5043000.000
5171000.000
5040000.000
4870000.000
4825000.000
4919000.000
4891000.000
4898000.000
5053000.000
5201000.000
5126000.000
5235000.000
5268000.000
5357000.000
5240000.000
5137000.000
5216000.000
5140000.000
4974000.000
4973000.000
4991000.000
5073000.000
5063000.000
5050000.000
4942000.000
4966000.000
5014000.000
4953000.000
4979000.000
4976000.000
5103000.000
5046000.000
5088000.000
5081000.000
5009000.000
5148000.000
5140000.000
5122000.000
5126000.000
5064000.000
5018000.000
5114000.000
5086000.000
5229000.000
5146000.000
5124000.000
5004000.000
5168000.000
5075000.000
4984000.000
5027000.000
4938000.000
4895000.000
4929000.000
4898000.000
5010000.000
4943000.000
4921000.000
4899000.000
4824000.000
4897000.000
4868000.000
4891000.000
4957000.000
4982000.000
5026000.000
5165000.000
5100000.000
5210000.000
5276000.000
5249000.000
5401000.000
5426000.000
5405000.000
5464000.000
5358000.000
5345000.000
5363000.000
5367000.000
5288000.000
5214000.000
5155000.000
5241000.000
5000000.000
5012000.000
4980000.000
4917000.000
4985000.000
4875000.000
4891000.000
4887000.000
4933000.000
5094000.000
5120000.000
5096000.000
5200000.000
5127000.000
5056000.000
5101000.000
5141000.000
5107000.000
4938000.000
5012000.000
5035000.000
5087000.000
4938000.000
5046000.000
5085000.000
5025000.000
5036000.000
4968000.000
5119000.000
5045000.000
5109000.000
5142000.000
5154000.000
5178000.000
5216000.000
5306000.000
5282000.000
5310000.000
5076000.000
5328000.000
5277000.000
5131000.000
5154000.000
5123000.000
5282000.000
5217000.000
5265000.000
5248000.000
5375000.000
5324000.000
5337000.000
5355000.000
5325000.000
5579000.000
5430000.000
5489000.000
5646000.000
5668000.000
5687000.000
5544000.000
5510000.000
5332000.000
5343000.000
5327000.000
5183000.000
5206000.000
5029000.000
5010000.000
4990000.000
4940000.000
4968000.000
4922000.000
4901000.000
5001000.000
5007000.000
4938000.000
5044000.000
5117000.000
5090000.000
5093000.000
5132000.000
5053000.000
4830000.000
4966000.000
4950000.000
4907000.000
4907000.000
5010000.000
5110000.000
5127000.000
5218000.000
5250000.000
5258000.000
5330000.000
5262000.000
5393000.000
5185000.000
5127000.000
4976000.000
4935000.000
4923000.000
4868000.000
4829000.000
5022000.000
5027000.000
4951000.000
4998000.000
4892000.000
4994000.000
4974000.000
5149000.000
5184000.000
5093000.000
5115000.000
5147000.000
5188000.000
5277000.000
5145000.000
5268000.000
5163000.000
5140000.000
5083000.000
4974000.000
4892000.000
4964000.000
4883000.000
4959000.000
5031000.000
4999000.000
5192000.000
5302000.000
5170000.000
5149000.000
5227000.000
5208000.000
5006000.000
5152000.000
5053000.000
5128000.000
5059000.000
5054000.000
5043000.000
4944000.000
4913000.000
4890000.000
4929000.000
4896000.000
5027000.000
4985000.000
5052000.000
5079000.000
5036000.000
5042000.000
5162000.000
5121000.000
5131000.000
5258000.000
5148000.000
5096000.000
5134000.000
4994000.000
5162000.000
5075000.000
5129000.000
5079000.000
5262000.000
5194000.000
5079000.000
5031000.000
4967000.000
5040000.000
4886000.000
5024000.000
4940000.000
5105000.000
5045000.000
5082000.000
5010000.000
4968000.000
4996000.000
4838000.000
4904000.000
4970000.000
5035000.000
5085000.000
5037000.000
5245000.000
5251000.000
5251000.000
5295000.000
5410000.000
5331000.000
5417000.000
5373000.000
5322000.000
5332000.000
5270000.000
5328000.000
5322000.000
5267000.000
5285000.000
5076000.000
5022000.000
4992000.000
4930000.000
4870000.000
4894000.000
4891000.000
4860000.000
4884000.000
4973000.000
5035000.000
5135000.000
5214000.000
5114000.000
5061000.000
5132000.000
5084000.000
5016000.000
5071000.000
5016000.000
4991000.000
4984000.000
4972000.000
5028000.000
4942000.000
5002000.000
5028000.000
5031000.000
4952000.000
5050000.000
5037000.000
5078000.000
5115000.000
5115000.000
5178000.000
5198000.000
5222000.000
5326000.000
5155000.000
5258000.000
5218000.000
5182000.000
5325000.000
5212000.000
5274000.000
5338000.000
5331000.000
5392000.000
5283000.000
5262000.000
5253000.000
5358000.000
5424000.000
5452000.000
5593000.000
5568000.000
5659000.000
5655000.000
5695000.000
5722000.000
5641000.000
5594000.000
5445000.000
5382000.000
5242000.000
5067000.000
4945000.000
5040000.000
5025000.000
4936000.000
4834000.000
4813000.000
4888000.000
4914000.000
5005000.000
5066000.000
5035000.000
4928000.000
4965000.000
5137000.000
5229000.000
5126000.000
5024000.000
4993000.000
4967000.000
4955000.000
4951000.000
4981000.000
5081000.000
5106000.000
5122000.000
5174000.000
5187000.000
5325000.000
5204000.000
5254000.000
5180000.000
5179000.000
5058000.000
4959000.000
4832000.000
4907000.000
5085000.000
4956000.000
5089000.000
5061000.000
5043000.000
5072000.000
5066000.000
5159000.000
5081000.000
5054000.000
4985000.000
5212000.000
5177000.000
5169000.000
5189000.000
5429000.000
5168000.000
5226000.000
5058000.000
4888000.000
4964000.000
4972000.000
4875000.000
5008000.000
5030000.000
5174000.000
5156000.000
5244000.000
5270000.000
5373000.000
5227000.000
5140000.000
5128000.000
5101000.000
5154000.000
5078000.000
5071000.000
5092000.000
4928000.000
5104000.000
4946000.000
4907000.000
4859000.000
5018000.000
4885000.000
4846000.000
4987000.000
5017000.000
5096000.000
5177000.000
5205000.000
5151000.000
5208000.000
5092000.000
5164000.000
4956000.000
5086000.000
5076000.000
5146000.000
5221000.000
5243000.000
5172000.000
5190000.000
5053000.000
5087000.000
5053000.000
4998000.000
5009000.000
4901000.000
5090000.000
5092000.000
5128000.000
5187000.000
5146000.000
5073000.000
5093000.000
5066000.000
4955000.000
4923000.000
5097000.000
4931000.000
5118000.000
5136000.000
5175000.000
5302000.000
5401000.000
5347000.000
5389000.000
5325000.000
5442000.000
5481000.000
5333000.000
5280000.000
5330000.000
5307000.000
5143000.000
5265000.000
5105000.000
5036000.000
5093000.000
5023000.000
4931000.000
4972000.000
4901000.000
4902000.000
4911000.000
4901000.000
4953000.000
4988000.000
5030000.000
5173000.000
5200000.000
4991000.000
5093000.000
5109000.000
5102000.000
5032000.000
5018000.000
4832000.000
4899000.000
4898000.000
4951000.000
4929000.000
5055000.000
5120000.000
5073000.000
4930000.000
4948000.000
5002000.000
5035000.000
5132000.000
5175000.000
5181000.000
5156000.000
5180000.000
5331000.000
5242000.000
5221000.000
5324000.000
5264000.000
5114000.000
5142000.000
5327000.000
5295000.000
5214000.000
5373000.000
5265000.000
5342000.000
5328000.000
5299000.000
5335000.000
5468000.000
5581000.000
5612000.000
5814000.000
5815000.000
5804000.000
5852000.000
5676000.000
5541000.000
5537000.000
5431000.000
5344000.000
5143000.000
4972000.000
4967000.000
4900000.000
4933000.000
4893000.000
4851000.000
4856000.000
4878000.000
4870000.000
4893000.000
4933000.000
5112000.000
5100000.000
5194000.000
5164000.000
5049000.000
4887000.000
4940000.000
4893000.000
4964000.000
5019000.000
5034000.000
5076000.000
5160000.000
5137000.000
5230000.000
5243000.000
5305000.000
5266000.000
5177000.000
5092000.000
5142000.000
5124000.000
4881000.000
4905000.000
4803000.000
4722000.000
5051000.000
5023000.000
5007000.000
5041000.000
4992000.000
5141000.000
5017000.000
5023000.000
5066000.000
5056000.000
5105000.000
5096000.000
5100000.000
5194000.000
5204000.000
5201000.000
5275000.000
5124000.000
5123000.000
5025000.000
5105000.000
4941000.000
5069000.000
4962000.000
5054000.000
5126000.000
5271000.000
5279000.000
5237000.000
5283000.000
5248000.000
5269000.000
5208000.000
5071000.000
5129000.000
5139000.000
5117000.000
5029000.000
4905000.000
4914000.000
4920000.000
4890000.000
4966000.000
4917000.000
4867000.000
4922000.000
4878000.000
5004000.000
4922000.000
5100000.000
5156000.000
5051000.000
5212000.000
5230000.000
5182000.000
5045000.000
5039000.000
4878000.000
5143000.000
5014000.000
5174000.000
5084000.000
5279000.000
5045000.000
5068000.000
4970000.000
5021000.000
4986000.000
4979000.000
5079000.000
5176000.000
5163000.000
5108000.000
5099000.000
5096000.000
5139000.000
5037000.000
5011000.000
5054000.000
5085000.000
5114000.000
5076000.000
5075000.000
5101000.000
5225000.000
5138000.000
5276000.000
5338000.000
5518000.000
5422000.000
5320000.000
5429000.000
5353000.000
5397000.000
5405000.000
5335000.000
5213000.000
5189000.000
5123000.000
5067000.000
5138000.000
4964000.000
4914000.000
4914000.000
4908000.000
4919000.000
4772000.000
4843000.000
4930000.000
4989000.000
4983000.000
5067000.000
5151000.000
5125000.000
5122000.000
5057000.000
5119000.000
5067000.000
5019000.000
5032000.000
4890000.000
4985000.000
4971000.000
4927000.000
5076000.000
5052000.000
4944000.000
5043000.000
4936000.000
4936000.000
4967000.000
4981000.000
5134000.000
5097000.000
5259000.000
5215000.000
5298000.000
5178000.000
5384000.000
5351000.000
5281000.000
5170000.000
5361000.000
5253000.000
5253000.000
5295000.000
5160000.000
5099000.000
5268000.000
5284000.000
5389000.000
5385000.000
5532000.000
5567000.000
5615000.000
5764000.000
5762000.000
5751000.000
5794000.000
5670000.000
5499000.000
5388000.000
5228000.000
5053000.000
4982000.000
5035000.000
5022000.000
4939000.000
4861000.000
4892000.000
4863000.000
4824000.000
4832000.000
4844000.000
4965000.000
4907000.000
4953000.000
5027000.000
5116000.000
5214000.000
5034000.000
5173000.000
5133000.000
5008000.000
5032000.000
5104000.000
5076000.000
5218000.000
5298000.000
5320000.000
5382000.000
5292000.000
5277000.000
5171000.000
5188000.000
4989000.000
4976000.000
4900000.000
4928000.000
4861000.000
4815000.000
5111000.000
5099000.000
5165000.000
5048000.000
5065000.000
5204000.000
5126000.000
5079000.000
5074000.000
5034000.000
5130000.000
5099000.000
5076000.000
5187000.000
5150000.000
5250000.000
5249000.000
5092000.000
5141000.000
5050000.000
4939000.000
5040000.000
4943000.000
5166000.000
5161000.000
5141000.000
5269000.000
5298000.000
5281000.000
5207000.000
5237000.000
5172000.000
5211000.000
5206000.000
5067000.000
5063000.000
4892000.000
4948000.000
4916000.000
4956000.000
4908000.000
4881000.000
4911000.000
4898000.000
4975000.000
4938000.000
5058000.000
4931000.000
5010000.000
5163000.000
5173000.000
5211000.000
5172000.000
5184000.000
5025000.000
5019000.000
5001000.000
5071000.000
5045000.000
5125000.000
5183000.000
5149000.000
5129000.000
5040000.000
5123000.000
4870000.000
4910000.000
4936000.000
5109000.000
5198000.000
5228000.000
5158000.000
5136000.000
5226000.000
5128000.000
5109000.000
5030000.000
5142000.000
5150000.000
5131000.000
4946000.000
5078000.000
5120000.000
5162000.000
5234000.000
5326000.000
5299000.000
5479000.000
5384000.000
5447000.000
5437000.000
5417000.000
5503000.000
5382000.000
5394000.000
5289000.000
5190000.000
5149000.000
5105000.000
5047000.000
5009000.000
4895000.000
4888000.000
4924000.000
4899000.000
4881000.000
4920000.000
4935000.000
4941000.000
4857000.000
5008000.000
4988000.000
5058000.000
5099000.000
5029000.000
5022000.000
4976000.000
4985000.000
5111000.000
4961000.000
4886000.000
4961000.000
4954000.000
4871000.000
4858000.000
4996000.000
4899000.000
4982000.000
4858000.000
4868000.000
4953000.000
5073000.000
5096000.000
5182000.000
5245000.000
5264000.000
5278000.000
5309000.000
5219000.000
5259000.000
5302000.000
5366000.000
5274000.000
5266000.000
5219000.000
5378000.000
5276000.000
5287000.000
5348000.000
5309000.000
5432000.000
5587000.000
5543000.000
5730000.000
5730000.000
5706000.000
5650000.000
5677000.000
5573000.000
5552000.000
5435000.000
5255000.000
5232000.000
5074000.000
4938000.000
4908000.000
4854000.000
4840000.000
4825000.000
4818000.000
4839000.000
4838000.000
4887000.000
4792000.000
4938000.000
4947000.000
4933000.000
5093000.000
5061000.000
5144000.000
5102000.000
5138000.000
5060000.000
5231000.000
5160000.000
5180000.000
5259000.000
5262000.000
5309000.000
5284000.000
5320000.000
5218000.000
5151000.000
5063000.000
5065000.000
4944000.000
4841000.000
4788000.000
4818000.000
4801000.000
4751000.000
5106000.000
5133000.000
5135000.000
5143000.000
5287000.000
5179000.000
5113000.000
5154000.000
5096000.000
5012000.000
4953000.000
5091000.000
5091000.000
5128000.000
5170000.000
5185000.000
5190000.000
5076000.000
5168000.000
5132000.000
5096000.000
5049000.000
5031000.000
5094000.000
5147000.000
5136000.000
5274000.000
5234000.000
5146000.000
5240000.000
5187000.000
5218000.000
5198000.000
5156000.000
5233000.000
5117000.000
5047000.000
4977000.000
4876000.000
4965000.000
4918000.000
4907000.000
5030000.000
4912000.000
5048000.000
4976000.000
5027000.000
4930000.000
5093000.000
5118000.000
5279000.000
5135000.000
5236000.000
5079000.000
5132000.000
5012000.000
4907000.000
4934000.000
4922000.000
5075000.000
5084000.000
5107000.000
5013000.000
5071000.000
5106000.000
4934000.000
4929000.000
4889000.000
4983000.000
5010000.000
5156000.000
5081000.000
5119000.000
5082000.000
5134000.000
5249000.000
5119000.000
5082000.000
5044000.000
5034000.000
4961000.000
5005000.000
4964000.000
5084000.000
5089000.000
5025000.000
5193000.000
5357000.000
5424000.000
5464000.000
5449000.000
5507000.000
5479000.000
5422000.000
5501000.000
5354000.000
5235000.000
5097000.000
5172000.000
5049000.000
4931000.000
4946000.000
4904000.000
4957000.000
5021000.000
4970000.000
4880000.000
5000000.000
5016000.000
4861000.000
5054000.000
4971000.000
5039000.000
4956000.000
5066000.000
4998000.000
5049000.000
4985000.000
5130000.000
5031000.000
5105000.000
4934000.000
5034000.000
4984000.000
4929000.000
4948000.000
4864000.000
4927000.000
4936000.000
4890000.000
4927000.000
4921000.000
5018000.000
5060000.000
5150000.000
5194000.000
5188000.000
5330000.000
5260000.000
5308000.000
5226000.000
5211000.000
5299000.000
5120000.000
5156000.000
5044000.000
5194000.000
5226000.000
5117000.000
5226000.000
5143000.000
5307000.000
5485000.000
5531000.000
5535000.000
5533000.000
5535000.000
5519000.000
5392000.000
5416000.000
5263000.000
5286000.000
5198000.000
5112000.000
5025000.000
4922000.000
4942000.000
4863000.000
4906000.000
4837000.000
4866000.000
4911000.000
4902000.000
4848000.000
4935000.000
4886000.000
5006000.000
4923000.000
5136000.000
5089000.000
5079000.000
5116000.000
5053000.000
5074000.000
5198000.000
5282000.000
5244000.000
5353000.000
5407000.000
5567000.000
5388000.000
5339000.000
5144000.000
5090000.000
4990000.000
4963000.000
4938000.000
4821000.000
4870000.000
4821000.000
4878000.000
5196000.000
5207000.000
5192000.000
5226000.000
5230000.000
5085000.000
5185000.000
5167000.000
5119000.000
4962000.000
5166000.000
5098000.000
5135000.000
5211000.000
5155000.000
5260000.000
5177000.000
5202000.000
5220000.000
5189000.000
5088000.000
5146000.000
5157000.000
5112000.000
5204000.000
5337000.000
5205000.000
5269000.000
5165000.000
5258000.000
5157000.000
5355000.000
5038000.000
5167000.000
5023000.000
4972000.000
4962000.000
4872000.000
5002000.000
4972000.000
4956000.000
4995000.000
5054000.000
5017000.000
4951000.000
4998000.000
5038000.000
4903000.000
4979000.000
5105000.000
5154000.000
5218000.000
5163000.000
5056000.000
4906000.000
4942000.000
4880000.000
5082000.000
4998000.000
5097000.000
5137000.000
5174000.000
5047000.000
5094000.000
4991000.000
4953000.000
4961000.000
4911000.000
4982000.000
5004000.000
5130000.000
5200000.000
5064000.000
5132000.000
5063000.000
5098000.000
5203000.000
5215000.000
4989000.000
4959000.000
4997000.000
4774000.000
4905000.000
4960000.000
4987000.000
5067000.000
5306000.000
5338000.000
5522000.000
5624000.000
5636000.000
5629000.000
5602000.000
5347000.000
5363000.000
5190000.000
5031000.000
5043000.000
4929000.000
4911000.000
4870000.000
5086000.000
5039000.000
4942000.000
5118000.000
4973000.000
4909000.000
4885000.000
5002000.000
4975000.000
4926000.000
5015000.000
4990000.000
5083000.000
4923000.000
5131000.000
4968000.000
5022000.000
5059000.000
5031000.000
4859000.000
5030000.000
5082000.000
4955000.000
4959000.000
5029000.000
4979000.000
4963000.000
4891000.000
4775000.000
4948000.000
4893000.000
4955000.000
5119000.000
5227000.000
5177000.000
5208000.000
5435000.000
5186000.000
5186000.000
5217000.000
5096000.000
5079000.000
5196000.000
5162000.000
5166000.000
5175000.000
5084000.000
5021000.000
5082000.000
5275000.000
5198000.000
5336000.000
5349000.000
5324000.000
5332000.000
5353000.000
5420000.000
5336000.000
5229000.000
5125000.000
5161000.000
5006000.000
4950000.000
4934000.000
4916000.000
4937000.000
4938000.000
4837000.000
4788000.000
4929000.000
4880000.000
4836000.000
4864000.000
4951000.000
4900000.000
5046000.000
5071000.000
5069000.000
5115000.000
5130000.000
5045000.000
5167000.000
5209000.000
5197000.000
5298000.000
5494000.000
5480000.000
5477000.000
5451000.000
5369000.000
5256000.000
5149000.000
5018000.000
5020000.000
4984000.000
4942000.000
4716000.000
4962000.000
4787000.000
4799000.000
5279000.000
5312000.000
5194000.000
5231000.000
5267000.000
5232000.000
5257000.000
5168000.000
5187000.000
5022000.000
5019000.000
5077000.000
5074000.000
5153000.000
5118000.000
5090000.000
5074000.000
5139000.000
5174000.000
5228000.000
5195000.000
5124000.000
5116000.000
5197000.000
5130000.000
5109000.000
5258000.000
5082000.000
5184000.000
5277000.000
5151000.000
5212000.000
5196000.000
5190000.000
5066000.000
5084000.000
5057000.000
4916000.000
4866000.000
4961000.000
4960000.000
5091000.000
5064000.000
5060000.000
5102000.000
5068000.000
4845000.000
4978000.000
4967000.000
5085000.000
5128000.000
5083000.000
5202000.000
5077000.000
5025000.000
4970000.000
4975000.000
4911000.000
4918000.000
5032000.000
4969000.000
5038000.000
5097000.000
4981000.000
5079000.000
4972000.000
4846000.000
4972000.000
4929000.000
5067000.000
4974000.000
5084000.000
5070000.000
5128000.000
5181000.000
5045000.000
5056000.000
5146000.000
5053000.000
5121000.000
4999000.000
5017000.000
4889000.000
4826000.000
4739000.000
4983000.000
5148000.000
5194000.000
5333000.000
5557000.000
5700000.000
5628000.000
5693000.000
5722000.000
5629000.000
5324000.000
5191000.000
5067000.000
5045000.000
5015000.000
4989000.000
5038000.000
5010000.000
5022000.000
4974000.000
5036000.000
5014000.000
5010000.000
4911000.000
4953000.000
4923000.000
4955000.000
4983000.000
5011000.000
5045000.000
5023000.000
4978000.000
5009000.000
4970000.000
4938000.000
4970000.000
4956000.000
5103000.000
5005000.000
4933000.000
4965000.000
4932000.000
4932000.000
4899000.000
4897000.000
4916000.000
4844000.000
4983000.000
4883000.000
5068000.000
5250000.000
5308000.000
5222000.000
5231000.000
5168000.000
5099000.000
5015000.000
5172000.000
5229000.000
5129000.000
5131000.000
5117000.000
5108000.000
5061000.000
5161000.000
5187000.000
5274000.000
5281000.000
5230000.000
5320000.000
5373000.000
5383000.000
5279000.000
5238000.000
5116000.000
5075000.000
5111000.000
4979000.000
5051000.000
5011000.000
4998000.000
4940000.000
5069000.000
4950000.000
4881000.000
4884000.000
4787000.000
4812000.000
4899000.000
4926000.000
4897000.000
4958000.000
4966000.000
5133000.000
5072000.000
5093000.000
5111000.000
5099000.000
5085000.000
5197000.000
5335000.000
5503000.000
5500000.000
5612000.000
5431000.000
5374000.000
5434000.000
5231000.000
5246000.000
5035000.000
4904000.000
4921000.000
4912000.000
4856000.000
4929000.000
4907000.000
5313000.000
5269000.000
5169000.000
5160000.000
5266000.000
5233000.000
5193000.000
5055000.000
5186000.000
5138000.000
4920000.000
5016000.000
4964000.000
5121000.000
5105000.000
5167000.000
5096000.000
5193000.000
5253000.000
5103000.000
5180000.000
5100000.000
5147000.000
5148000.000
5102000.000
5113000.000
5038000.000
5069000.000
5067000.000
5148000.000
5093000.000
5146000.000
4937000.000
5113000.000
5041000.000
5075000.000
5090000.000
4931000.000
4971000.000
5015000.000
5197000.000
5180000.000
5112000.000
5165000.000
5140000.000
5240000.000
5218000.000
5024000.000
5147000.000
5144000.000
5090000.000
5191000.000
5105000.000
5027000.000
4989000.000
4951000.000
4830000.000
4885000.000
4964000.000
5052000.000
5052000.000
5142000.000
5035000.000
5010000.000
4978000.000
4966000.000
4916000.000
5009000.000
5000000.000
4977000.000
5022000.000
5081000.000
4989000.000
5033000.000
5068000.000
5184000.000
4988000.000
5029000.000
4962000.000
4926000.000
4818000.000
4805000.000
4822000.000
4821000.000
4922000.000
5006000.000
5087000.000
5376000.000
5452000.000
5571000.000
5636000.000
5675000.000
5610000.000
5428000.000
5426000.000
5260000.000
5111000.000
4993000.000
4941000.000
5005000.000
5062000.000
5077000.000
5030000.000
4975000.000
4974000.000
5018000.000
4983000.000
4855000.000
4943000.000
4873000.000
5034000.000
4948000.000
4933000.000
4935000.000
4970000.000
4889000.000
5000000.000
4883000.000
4971000.000
5018000.000
4906000.000
5030000.000
4931000.000
4999000.000
5055000.000
5010000.000
4976000.000
4888000.000
5105000.000
4989000.000
4869000.000
4883000.000
4958000.000
5104000.000
5106000.000
5199000.000
5209000.000
5225000.000
5079000.000
5071000.000
5001000.000
5090000.000
5134000.000
5131000.000
5095000.000
5021000.000
5052000.000
4944000.000
5079000.000
4998000.000
5130000.000
5078000.000
5194000.000
5252000.000
5302000.000
5239000.000
5114000.000
5001000.000
5023000.000
5095000.000
5016000.000
4966000.000
5110000.000
4947000.000
4982000.000
4953000.000
4974000.000
4903000.000
4894000.000
4989000.000
4881000.000
4868000.000
4901000.000
4914000.000
4898000.000
4985000.000
4916000.000
5109000.000
5062000.000
5157000.000
5115000.000
5129000.000
5104000.000
5175000.000
5172000.000
5290000.000
5442000.000
5349000.000
5407000.000
5357000.000
5364000.000
5355000.000
5125000.000
5123000.000
5120000.000
5058000.000
4976000.000
4972000.000
4950000.000
4954000.000
4892000.000
5328000.000
5299000.000
5242000.000
5268000.000
5204000.000
5170000.000
5209000.000
5102000.000
5092000.000
4992000.000
5154000.000
5179000.000
5102000.000
5076000.000
5099000.000
5121000.000
5089000.000
5166000.000
5131000.000
5113000.000
5201000.000
5152000.000
5112000.000
5117000.000
5117000.000
5154000.000
5212000.000
5103000.000
5042000.000
4943000.000
4940000.000
4974000.000
4973000.000
5146000.000
5018000.000
5047000.000
4979000.000
4934000.000
4905000.000
4974000.000
5096000.000
5071000.000
5123000.000
5227000.000
5179000.000
5277000.000
5172000.000
5131000.000
5008000.000
5072000.000
5060000.000
5111000.000
5112000.000
5142000.000
5016000.000
4935000.000
4959000.000
4916000.000
4871000.000
4987000.000
4946000.000
5085000.000
5003000.000
4996000.000
4965000.000
4977000.000
4959000.000
4900000.000
4851000.000
4889000.000
4953000.000
4911000.000
4936000.000
5082000.000
4952000.000
4960000.000
5207000.000
5128000.000
5056000.000
4989000.000
4958000.000
4904000.000
4914000.000
4754000.000
4661000.000
4808000.000
5002000.000
5199000.000
5324000.000
5395000.000
5565000.000
5610000.000
5580000.000
5615000.000
5511000.000
5340000.000
5235000.000
5051000.000
4973000.000
4999000.000
4984000.000
5071000.000
5042000.000
5077000.000
5100000.000
5081000.000
5006000.000
5037000.000
4948000.000
4859000.000
4877000.000
4847000.000
4961000.000
5006000.000
5003000.000
4894000.000
4857000.000
4960000.000
5005000.000
4938000.000
4910000.000
4975000.000
5027000.000
4970000.000
5041000.000
5095000.000
4988000.000
4966000.000
4969000.000
5019000.000
4838000.000
4973000.000
4872000.000
4864000.000
5038000.000
5010000.000
5032000.000
5079000.000
5097000.000
5152000.000
4938000.000
4944000.000
4887000.000
4898000.000
5013000.000
5016000.000
5088000.000
5069000.000
5102000.000
5049000.000
5101000.000
5063000.000
5254000.000
5277000.000
5263000.000
5088000.000
5131000.000
5069000.000
4983000.000
5011000.000
5007000.000
4920000.000
4953000.000
4977000.000
5045000.000
5148000.000
4964000.000
4948000.000
4916000.000
4859000.000
4950000.000
5006000.000
4801000.000
4850000.000
4957000.000
4880000.000
5020000.000
5123000.000
5146000.000
5123000.000
5059000.000
5055000.000
5130000.000
5103000.000
5135000.000
5202000.000
5412000.000
5404000.000
5356000.000
5326000.000
5290000.000
5188000.000
5266000.000
5113000.000
5041000.000
5123000.000
5064000.000
5090000.000
5090000.000
5083000.000
4953000.000
5316000.000
5140000.000
5175000.000
5191000.000
5197000.000
5237000.000
5234000.000
5147000.000
5115000.000
5147000.000
5193000.000
5113000.000
4993000.000
4975000.000
5007000.000
5028000.000
4976000.000
5081000.000
5073000.000
5202000.000
5169000.000
5143000.000
5123000.000
5037000.000
5109000.000
5069000.000
5069000.000
5011000.000
5038000.000
5039000.000
4918000.000
5142000.000
5167000.000
5078000.000
5108000.000
5032000.000
5063000.000
5119000.000
5051000.000
4991000.000
5067000.000
5162000.000
5175000.000
5335000.000
5292000.000
5133000.000
5341000.000
5247000.000
5084000.000
5212000.000
5253000.000
5160000.000
5063000.000
5010000.000
5072000.000
5071000.000
4978000.000
4973000.000
4965000.000
5015000.000
5073000.000
5152000.000
5083000.000
5079000.000
4958000.000
4986000.000
4859000.000
4948000.000
4924000.000
4869000.000
5094000.000
5002000.000
5137000.000
5094000.000
5013000.000
5132000.000
5258000.000
5185000.000
5071000.000
4934000.000
4953000.000
4935000.000
4788000.000
4845000.000
4892000.000
5069000.000
5141000.000
5283000.000
5480000.000
5569000.000
5609000.000
5540000.000
5532000.000
5393000.000
5484000.000
5302000.000
5109000.000
5108000.000
4956000.000
4967000.000
5086000.000
5055000.000
5004000.000
4973000.000
5046000.000
4992000.000
4935000.000
4973000.000
4858000.000
4890000.000
4948000.000
4924000.000
4925000.000
4913000.000
4858000.000
4972000.000
4924000.000
4926000.000
4810000.000
4962000.000
5007000.000
4974000.000
5040000.000
4956000.000
5028000.000
5032000.000
5073000.000
5016000.000
5001000.000
4980000.000
4883000.000
4913000.000
5021000.000
5015000.000
5113000.000
5132000.000
5050000.000
4999000.000
4923000.000
4880000.000
4810000.000
4695000.000
4852000.000
4840000.000
5081000.000
4986000.000
5071000.000
5117000.000
5073000.000
5179000.000
5182000.000
5218000.000
5109000.000
5289000.000
5089000.000
5096000.000
5038000.000
5006000.000
5028000.000
4890000.000
4916000.000
5011000.000
4954000.000
4893000.000
4918000.000
4921000.000
4869000.000
4853000.000
4853000.000
4829000.000
4721000.000
4897000.000
4951000.000
4891000.000
4890000.000
4932000.000
4991000.000
5040000.000
5113000.000
5051000.000
5221000.000
5152000.000
5080000.000
5240000.000
5058000.000
5289000.000
5273000.000
5333000.000
5281000.000
5302000.000
5152000.000
5338000.000
5089000.000
5119000.000
5284000.000
5186000.000
5133000.000
5185000.000
5013000.000
4955000.000
4788000.000
5290000.000
5161000.000
5168000.000
5087000.000
5091000.000
5087000.000
5228000.000
5110000.000
5110000.000
5167000.000
5179000.000
5136000.000
4994000.000
4984000.000
4913000.000
4910000.000
5008000.000
4973000.000
4974000.000
4999000.000
5075000.000
5192000.000
5192000.000
5234000.000
5075000.000
5215000.000
5248000.000
5105000.000
5148000.000
4990000.000
4998000.000
5095000.000
5061000.000
5040000.000
5064000.000
5129000.000
5052000.000
4938000.000
4980000.000
5125000.000
5115000.000
5197000.000
5190000.000
5257000.000
5347000.000
5253000.000
5300000.000
5212000.000
5318000.000
5246000.000
5246000.000
5226000.000
5214000.000
5124000.000
5133000.000
5121000.000
5097000.000
5095000.000
5076000.000
5112000.000
5032000.000
5193000.000
5007000.000
5083000.000
5032000.000
4950000.000
4989000.000
5021000.000
5120000.000
5034000.000
5121000.000
5090000.000
5084000.000
5129000.000
5137000.000
5222000.000
5199000.000
5172000.000
5222000.000
5021000.000
5007000.000
4951000.000
4977000.000
4908000.000
4982000.000
4951000.000
5014000.000
5193000.000
5340000.000
5229000.000
5333000.000
5392000.000
5464000.000
5457000.000
5481000.000
5401000.000
5012000.000
5124000.000
5069000.000
4944000.000
5093000.000
4900000.000
4973000.000
4927000.000
4883000.000
5017000.000
4912000.000
4942000.000
4947000.000
4888000.000
4884000.000
4818000.000
4970000.000
4979000.000
5035000.000
4848000.000
5066000.000
4912000.000
4953000.000
4960000.000
4850000.000
4965000.000
5086000.000
5019000.000
5018000.000
5028000.000
5061000.000
5038000.000
5003000.000
4904000.000
5003000.000
4995000.000
5032000.000
5056000.000
5071000.000
5041000.000
4981000.000
4920000.000
4766000.000
4765000.000
4651000.000
4754000.000
4849000.000
4852000.000
4918000.000
4979000.000
5013000.000
4971000.000
4990000.000
5020000.000
5187000.000
5103000.000
5194000.000
5128000.000
5180000.000
5238000.000
5110000.000
4926000.000
5000000.000
4826000.000
4947000.000
4857000.000
4933000.000
4989000.000
5068000.000
4830000.000
4958000.000
4874000.000
4819000.000
4760000.000
4803000.000
4760000.000
4785000.000
4795000.000
4947000.000
4870000.000
5030000.000
5013000.000
5075000.000
5106000.000
5075000.000
5113000.000
5196000.000
5065000.000
5017000.000
5135000.000
5035000.000
5076000.000
5071000.000
5096000.000
5203000.000
5278000.000
5096000.000
5136000.000
5164000.000
5193000.000
5129000.000
5070000.000
5062000.000
5111000.000
5011000.000
5202000.000
5151000.000
5162000.000
5090000.000
5103000.000
5047000.000
5228000.000
5153000.000
5171000.000
5281000.000
5077000.000
4919000.000
4895000.000
4859000.000
4974000.000
4904000.000
5052000.000
5013000.000
4912000.000
5089000.000
5117000.000
5262000.000
5179000.000
5146000.000
5131000.000
5068000.000
5173000.000
5166000.000
5035000.000
5060000.000
5112000.000
5098000.000
5188000.000
5181000.000
5105000.000
5053000.000
5105000.000
5165000.000
5112000.000
5117000.000
5033000.000
5105000.000
5255000.000
5346000.000
5240000.000
5237000.000
5218000.000
5226000.000
5188000.000
5235000.000
5141000.000
5208000.000
5219000.000
5122000.000
5143000.000
5070000.000
5114000.000
5044000.000
5017000.000
5121000.000
5205000.000
5087000.000
5161000.000
5150000.000
4969000.000
5073000.000
5029000.000
5076000.000
5060000.000
5089000.000
5176000.000
5023000.000
5084000.000
5118000.000
5202000.000
5150000.000
5250000.000
5149000.000
5096000.000
5070000.000
5134000.000
5103000.000
5063000.000
4960000.000
5107000.000
5134000.000
5117000.000
5231000.000
5185000.000
5321000.000
5368000.000
5483000.000
5354000.000
5355000.000
5388000.000
5198000.000
5068000.000
5056000.000
5068000.000
5119000.000
5058000.000
4992000.000
4976000.000
5038000.000
4989000.000
4914000.000
4895000.000
4980000.000
4888000.000
4907000.000
4988000.000
4968000.000
4880000.000
4957000.000
4900000.000
4942000.000
4914000.000
4877000.000
5014000.000
5054000.000
5015000.000
5087000.000
5079000.000
4989000.000
5112000.000
5120000.000
4980000.000
5021000.000
4972000.000
5016000.000
5125000.000
4981000.000
5057000.000
5038000.000
5062000.000
4932000.000
4836000.000
4865000.000
4728000.000
4813000.000
4770000.000
4740000.000
4844000.000
4893000.000
5011000.000
4951000.000
5033000.000
5174000.000
5098000.000
5149000.000
5232000.000
5244000.000
5274000.000
4983000.000
5112000.000
5035000.000
4994000.000
4960000.000
4824000.000
4917000.000
4880000.000
4909000.000
4908000.000
4809000.000
4899000.000
4847000.000
4845000.000
4743000.000
4768000.000
4823000.000
4809000.000
4695000.000
4924000.000
4759000.000
4889000.000
4854000.000
5038000.000
4983000.000
5004000.000
5067000.000
5121000.000
5019000.000
4995000.000
4966000.000
5121000.000
5071000.000
5028000.000
5131000.000
5117000.000
5161000.000
5169000.000
5092000.000
5130000.000
5074000.000
5171000.000
5182000.000
5046000.000
5146000.000
4985000.000
5041000.000
4974000.000
5230000.000
5178000.000
5027000.000
5050000.000
5041000.000
5070000.000
5151000.000
5036000.000
5251000.000
5255000.000
5181000.000
5025000.000
4985000.000
4963000.000
4857000.000
4831000.000
4756000.000
4854000.000
4859000.000
5005000.000
5067000.000
5084000.000
5106000.000
5242000.000
5283000.000
5217000.000
5213000.000
5161000.000
5237000.000
5264000.000
5257000.000
5209000.000
5072000.000
5153000.000
5117000.000
5139000.000
5145000.000
5058000.000
5118000.000
4979000.000
5031000.000
5057000.000
4997000.000
5167000.000
5210000.000
5352000.000
5278000.000
5289000.000
5286000.000
5201000.000
5356000.000
5185000.000
5124000.000
5178000.000
5185000.000
5197000.000
5079000.000
5107000.000
5181000.000
5156000.000
5089000.000
5150000.000
5191000.000
5127000.000
5175000.000
5022000.000
5127000.000
5041000.000
5160000.000
5192000.000
5094000.000
5091000.000
5103000.000
5078000.000
5117000.000
5269000.000
5054000.000
5122000.000
5189000.000
5096000.000
5096000.000
5087000.000
5042000.000
5057000.000
5099000.000
5191000.000
5066000.000
5220000.000
5336000.000
5306000.000
5227000.000
5236000.000
5175000.000
5251000.000
5307000.000
5195000.000
5083000.000
5103000.000
4974000.000
5129000.000
5032000.000
5078000.000
4978000.000
5030000.000
5013000.000
4956000.000
4994000.000
4913000.000
4990000.000
4948000.000
4907000.000
4951000.000
4918000.000
5016000.000
4975000.000
4920000.000
4983000.000
4981000.000
4967000.000
4948000.000
5157000.000
4999000.000
5145000.000
5077000.000
5055000.000
5107000.000
5010000.000
5057000.000
5109000.000
4988000.000
4916000.000
5081000.000
4983000.000
5012000.000
4932000.000
5087000.000
5005000.000
4888000.000
4829000.000
4763000.000
4724000.000
4714000.000
4848000.000
4716000.000
4892000.000
4971000.000
5049000.000
5044000.000
5157000.000
5108000.000
5242000.000
5211000.000
5291000.000
5208000.000
5089000.000
5233000.000
5030000.000
5012000.000
4913000.000
4891000.000
4831000.000
4805000.000
4801000.000
4831000.000
5003000.000
4859000.000
4749000.000
4842000.000
4676000.000
4788000.000
4611000.000
4680000.000
4668000.000
4746000.000
4789000.000
4780000.000
4885000.000
4981000.000
4897000.000
4962000.000
4987000.000
4962000.000
5096000.000
5012000.000
5053000.000
4956000.000
4983000.000
5088000.000
5103000.000
5092000.000
5047000.000
5135000.000
4993000.000
5083000.000
5155000.000
5143000.000
5002000.000
4964000.000
5130000.000
4981000.000
4992000.000
5064000.000
5041000.000
5012000.000
5049000.000
4943000.000
5068000.000
5130000.000
5066000.000
5049000.000
5162000.000
5049000.000
4909000.000
4867000.000
4812000.000
4758000.000
4901000.000
4880000.000
4902000.000
5103000.000
4957000.000
5080000.000
5242000.000
5273000.000
5343000.000
5253000.000
5125000.000
5342000.000
5221000.000
5252000.000
5280000.000
5227000.000
5260000.000
5192000.000
5256000.000
5076000.000
5088000.000
5026000.000
5127000.000
5136000.000
4978000.000
4997000.000
5067000.000
4958000.000
5132000.000
5163000.000
5158000.000
5185000.000
5209000.000
5175000.000
5202000.000
5168000.000
5089000.000
5167000.000
5076000.000
5112000.000
5122000.000
5321000.000
5195000.000
5185000.000
5167000.000
5063000.000
5000000.000
5115000.000
5112000.000
5246000.000
5110000.000
5162000.000
5248000.000
5270000.000
5183000.000
5200000.000
5159000.000
5133000.000
5175000.000
5109000.000
5190000.000
5130000.000
5032000.000
4981000.000
4946000.000
4938000.000
5037000.000
5094000.000
5148000.000
5159000.000
5194000.000
5178000.000
5314000.000
5283000.000
5201000.000
5224000.000
5312000.000
5261000.000
5260000.000
5191000.000
5141000.000
5151000.000
5097000.000
5105000.000
4993000.000
4950000.000
5037000.000
4931000.000
5028000.000
4872000.000
4896000.000
5021000.000
5097000.000
4953000.000
4859000.000
4981000.000
4815000.000
4874000.000
4950000.000
4967000.000
4954000.000
4955000.000
4940000.000
5028000.000
5123000.000
5121000.000
5144000.000
5113000.000
5110000.000
5048000.000
5028000.000
4939000.000
5004000.000
5003000.000
4998000.000
5063000.000
5048000.000
5081000.000
5105000.000
5153000.000
4928000.000
4981000.000
4838000.000
4802000.000
4854000.000
4796000.000
4846000.000
4850000.000
4872000.000
5013000.000
4986000.000
5092000.000
5059000.000
5263000.000
5121000.000
5169000.000
5210000.000
5198000.000
5159000.000
5292000.000
5138000.000
5171000.000
5099000.000
5042000.000
4891000.000
4932000.000
4967000.000
4885000.000
4884000.000
4880000.000
4980000.000
4800000.000
4828000.000
4707000.000
4700000.000
4720000.000
4679000.000
4723000.000
4788000.000
4851000.000
4900000.000
4869000.000
4819000.000
4920000.000
4976000.000
5139000.000
4954000.000
4990000.000
5003000.000
5027000.000
5015000.000
4908000.000
4955000.000
5018000.000
4907000.000
4937000.000
5049000.000
5049000.000
5093000.000
5148000.000
5169000.000
4951000.000
5059000.000
5110000.000
5005000.000
4978000.000
5023000.000
5065000.000
5012000.000
4939000.000
4915000.000
4952000.000
5101000.000
5037000.000
5119000.000
5177000.000
4970000.000
4987000.000
4876000.000
4824000.000
4738000.000
4865000.000
4808000.000
4827000.000
4933000.000
4780000.000
5013000.000
5150000.000
5230000.000
5367000.000
5223000.000
5329000.000
5347000.000
5300000.000
5334000.000
5352000.000
5412000.000
5354000.000
5270000.000
5160000.000
5121000.000
5116000.000
5088000.000
5135000.000
5104000.000
5035000.000
5158000.000
4986000.000
5085000.000
5012000.000
5031000.000
5105000.000
5125000.000
5120000.000
5354000.000
5231000.000
5213000.000
5213000.000
5099000.000
5225000.000
5105000.000
5166000.000
5141000.000
5162000.000
5279000.000
5096000.000
5081000.000
5189000.000
5071000.000
5037000.000
5019000.000
5156000.000
5194000.000
5251000.000
5241000.000
5247000.000
5232000.000
5161000.000
5149000.000
5044000.000
5106000.000
5027000.000
5042000.000
5023000.000
5057000.000
5012000.000
4992000.000
4970000.000
5060000.000
5192000.000
5083000.000
5163000.000
5174000.000
5168000.000
5222000.000
5192000.000
5201000.000
5312000.000
5324000.000
5240000.000
5198000.000
5294000.000
5205000.000
5157000.000
5196000.000
5076000.000
5024000.000
5125000.000
5096000.000
4958000.000
4990000.000
5022000.000
4965000.000
5004000.000
5127000.000
5013000.000
4939000.000
4979000.000
4956000.000
4882000.000
4902000.000
4935000.000
4993000.000
4935000.000
4986000.000
5005000.000
5016000.000
5079000.000
5106000.000
4862000.000
5153000.000
5083000.000
5030000.000
4984000.000
4997000.000
5067000.000
5195000.000
5145000.000
5032000.000
5134000.000
5000000.000
4998000.000
4954000.000
4955000.000
4844000.000
4814000.000
4909000.000
4728000.000
4764000.000
4914000.000
4889000.000
5041000.000
4985000.000
5093000.000
5091000.000
5128000.000
5229000.000
5163000.000
5176000.000
5231000.000
5229000.000
5178000.000
5244000.000
5171000.000
5123000.000
4943000.000
4960000.000
4925000.000
4895000.000
4797000.000
4794000.000
4866000.000
4825000.000
4822000.000
4804000.000
4742000.000
4721000.000
4742000.000
4736000.000
4779000.000
4782000.000
4818000.000
4925000.000
4925000.000
4990000.000
5057000.000
5109000.000
5053000.000
5071000.000
5045000.000
4932000.000
4964000.000
4935000.000
4956000.000
5010000.000
5024000.000
4915000.000
4900000.000
5022000.000
5027000.000
5083000.000
5129000.000
5064000.000
4993000.000
5158000.000
4974000.000
5041000.000
5038000.000
5012000.000
5043000.000
4948000.000
4968000.000
4917000.000
5036000.000
5082000.000
5121000.000
5207000.000
5146000.000
4998000.000
4924000.000
4955000.000
4956000.000
4891000.000
4953000.000
4987000.000
4975000.000
5141000.000
5169000.000
5269000.000
5265000.000
5404000.000
5323000.000
5332000.000
5324000.000
5374000.000
5311000.000
5359000.000
5233000.000
5237000.000
5180000.000
5154000.000
5183000.000
5245000.000
5158000.000
5054000.000
4949000.000
5013000.000
4948000.000
4924000.000
4992000.000
5062000.000
5059000.000
5246000.000
5314000.000
5225000.000
5101000.000
5188000.000
5182000.000
5142000.000
5152000.000
5205000.000
5287000.000
5184000.000
5263000.000
5227000.000
5245000.000
5074000.000
5017000.000
5078000.000
5122000.000
5145000.000
5178000.000
5077000.000
5254000.000
5278000.000
5248000.000
5226000.000
5224000.000
5183000.000
5039000.000
5011000.000
5055000.000
4903000.000
4877000.000
4996000.000
5015000.000
5062000.000
4957000.000
5045000.000
5193000.000
5188000.000
5202000.000
5216000.000
5210000.000
5215000.000
5299000.000
5290000.000
5329000.000
5246000.000
5334000.000
5270000.000
5224000.000
5271000.000
5131000.000
5077000.000
4947000.000
5147000.000
4973000.000
5035000.000
5060000.000
5018000.000
5052000.000
5021000.000
4970000.000
5008000.000
5076000.000
5020000.000
5064000.000
4940000.000
4951000.000
4934000.000
4885000.000
5016000.000
4978000.000
5008000.000
5034000.000
5139000.000
5261000.000
5067000.000
5141000.000
5116000.000
5052000.000
5025000.000
5020000.000
5080000.000
5151000.000
5117000.000
5173000.000
5146000.000
5127000.000
5074000.000
5011000.000
4860000.000
4878000.000
4920000.000
4738000.000
4810000.000
4907000.000
4902000.000
4990000.000
4907000.000
4903000.000
5127000.000
5071000.000
5080000.000
5181000.000
5228000.000
5145000.000
5281000.000
5190000.000
5232000.000
5209000.000
5334000.000
5148000.000
5102000.000
5105000.000
5017000.000
5045000.000
4965000.000
4970000.000
4857000.000
4883000.000
4884000.000
4850000.000
4871000.000
4773000.000
4685000.000
4811000.000
4814000.000
4947000.000
4796000.000
4925000.000
4853000.000
4872000.000
4939000.000
5035000.000
5109000.000
4982000.000
5101000.000
5014000.000
4986000.000
4953000.000
5011000.000
4905000.000
4891000.000
4790000.000
4984000.000
4977000.000
5005000.000
4920000.000
5001000.000
5062000.000
5046000.000
4950000.000
5036000.000
5078000.000
4990000.000
5120000.000
5133000.000
4952000.000
4970000.000
4899000.000
5133000.000
4921000.000
5022000.000
5138000.000
5156000.000
5078000.000
5205000.000
5005000.000
5071000.000
5019000.000
4827000.000
4980000.000
4942000.000
4928000.000
4983000.000
5075000.000
4948000.000
5138000.000
5309000.000
5287000.000
5235000.000
5311000.000
5379000.000
5382000.000
5280000.000
5215000.000
5260000.000
5173000.000
5172000.000
5183000.000
5161000.000
5202000.000
5120000.000
5038000.000
5099000.000
5033000.000
4949000.000
4964000.000
4957000.000
4897000.000
5019000.000
5062000.000
5159000.000
5240000.000
5122000.000
5187000.000
5183000.000
5084000.000
5118000.000
5180000.000
5139000.000
5308000.000
5357000.000
5167000.000
5325000.000
5244000.000
5118000.000
5053000.000
5092000.000
5190000.000
5192000.000
5212000.000
5203000.000
5144000.000
5325000.000
5386000.000
5251000.000
5276000.000
5158000.000
5021000.000
4996000.000
5088000.000
5011000.000
4908000.000
4967000.000
4948000.000
5141000.000
5155000.000
5035000.000
5259000.000
5196000.000
5327000.000
5222000.000
5275000.000
5327000.000
5279000.000
5297000.000
5355000.000
5273000.000
5416000.000
5268000.000
5228000.000
5329000.000
5235000.000
5115000.000
5088000.000
5100000.000
5036000.000
5030000.000
4936000.000
5087000.000
5091000.000
5016000.000
4990000.000
5024000.000
5056000.000
5029000.000
5014000.000
5062000.000
4966000.000
4901000.000
4920000.000
4881000.000
4963000.000
5019000.000
5000000.000
5056000.000
5113000.000
5013000.000
5184000.000
5082000.000
5092000.000
5043000.000
5090000.000
5023000.000
5040000.000
5137000.000
5093000.000
5110000.000
5062000.000
5089000.000
5008000.000
4820000.000
5060000.000
4861000.000
4890000.000
4946000.000
4933000.000
5044000.000
4945000.000
4984000.000
5028000.000
5130000.000
5118000.000
5057000.000
5098000.000
5209000.000
5305000.000
5264000.000
5145000.000
5341000.000
5190000.000
5275000.000
5237000.000
5133000.000
5103000.000
5085000.000
5063000.000
4787000.000
4914000.000
4870000.000
4941000.000
4912000.000
4826000.000
4851000.000
4885000.000
4807000.000
4845000.000
4764000.000
4803000.000
4817000.000
4864000.000
5051000.000
4973000.000
4979000.000
4972000.000
5030000.000
5035000.000
5111000.000
5027000.000
4936000.000
4969000.000
4958000.000
4927000.000
4929000.000
4980000.000
4903000.000
4975000.000
5037000.000
4945000.000
5038000.000
4951000.000
5059000.000
5178000.000
5177000.000
5092000.000
4936000.000
4994000.000
4879000.000
4898000.000
4957000.000
5035000.000
4948000.000
5103000.000
5069000.000
5110000.000
5188000.000
5128000.000
5193000.000
5049000.000
4945000.000
4996000.000
5023000.000
5069000.000
5067000.000
5155000.000
5195000.000
5259000.000
5365000.000
5256000.000
5411000.000
5385000.000
5307000.000
5301000.000
5246000.000
5246000.000
5209000.000
5178000.000
5102000.000
5057000.000
5262000.000
5097000.000
5167000.000
5257000.000
5070000.000
5066000.000
4967000.000
4886000.000
4930000.000
4943000.000
5114000.000
5055000.000
5022000.000
5054000.000
5155000.000
5076000.000
5175000.000
5115000.000
5092000.000
5098000.000
5243000.000
5214000.000
5249000.000
5212000.000
5327000.000
5157000.000
5165000.000
5132000.000
5008000.000
5072000.000
5146000.000
5057000.000
5186000.000
5183000.000
5240000.000
5234000.000
5080000.000
5122000.000
5026000.000
4917000.000
4998000.000
4982000.000
4934000.000
4935000.000
4919000.000
5025000.000
5078000.000
5081000.000
5146000.000
5123000.000
5205000.000
5247000.000
5324000.000
5257000.000
5360000.000
5296000.000
5318000.000
5327000.000
5367000.000
5324000.000
5551000.000
5351000.000
5236000.000
5218000.000
5182000.000
5173000.000
5270000.000
5130000.000
5063000.000
5045000.000
5075000.000
5035000.000
5104000.000
5153000.000
5119000.000
5159000.000
5052000.000
5099000.000
5054000.000
5091000.000
5073000.000
4928000.000
4872000.000
4930000.000
4984000.000
5078000.000
5046000.000
5121000.000
5075000.000
5101000.000
5040000.000
4975000.000
5010000.000
5136000.000
5088000.000
5134000.000
5070000.000
5106000.000
5120000.000
5100000.000
4985000.000
4961000.000
4864000.000
4821000.000
4982000.000
4859000.000
4925000.000
4917000.000
4892000.000
5042000.000
4871000.000
4947000.000
5068000.000
5051000.000
5069000.000
5075000.000
5122000.000
5068000.000
5139000.000
5215000.000
5216000.000
5311000.000
5168000.000
5075000.000
5200000.000
5188000.000
4959000.000
4909000.000
4891000.000
4843000.000
4747000.000
4811000.000
4905000.000
4941000.000
4869000.000
4879000.000
4748000.000
4911000.000
4954000.000
4930000.000
4899000.000
4980000.000
4976000.000
4926000.000
4942000.000
5083000.000
5004000.000
5071000.000
5096000.000
5021000.000
4992000.000
4906000.000
4923000.000
4942000.000
4882000.000
4838000.000
4859000.000
4885000.000
4990000.000
4950000.000
5045000.000
5063000.000
5149000.000
5046000.000
5238000.000
5099000.000
5154000.000
4982000.000
5011000.000
4915000.000
4959000.000
4883000.000
4905000.000
5023000.000
5040000.000
5124000.000
5131000.000
5144000.000
5079000.000
5179000.000
5280000.000
5105000.000
5038000.000
4978000.000
5047000.000
5102000.000
5077000.000
5243000.000
5146000.000
5205000.000
5186000.000
5319000.000
5237000.000
5216000.000
5237000.000
5168000.000
5088000.000
5067000.000
5051000.000
5068000.000
4989000.000
4956000.000
4969000.000
5025000.000
5069000.000
5117000.000
5179000.000
5199000.000
5033000.000
4997000.000
4967000.000
4944000.000
5063000.000
5013000.000
5073000.000
5086000.000
5118000.000
5075000.000
5112000.000
5121000.000
5035000.000
5132000.000
5093000.000
5232000.000
5273000.000
5270000.000
5371000.000
5226000.000
5209000.000
5274000.000
5098000.000
5154000.000
5140000.000
5139000.000
5083000.000
5092000.000
5089000.000
5055000.000
5120000.000
5145000.000
5032000.000
5016000.000
4860000.000
5014000.000
4898000.000
4963000.000
4910000.000
5075000.000
5031000.000
5197000.000
5127000.000
5153000.000
5191000.000
5235000.000
5265000.000
5304000.000
5292000.000
5410000.000
5316000.000
5411000.000
5475000.000
5518000.000
5506000.000
5571000.000
5432000.000
5348000.000
5154000.000
5209000.000
5173000.000
5203000.000
5162000.000
5055000.000
5085000.000
4983000.000
5198000.000
5045000.000
5055000.000
5215000.000
5125000.000
5177000.000
5134000.000
5076000.000
5020000.000
4958000.000
4914000.000
4967000.000
4938000.000
4940000.000
5006000.000
5046000.000
4971000.000
4964000.000
4995000.000
5052000.000
5058000.000
5010000.000
5133000.000
5058000.000
5020000.000
5086000.000
5079000.000
4994000.000
4987000.000
4949000.000
4914000.000
4891000.000
4743000.000
4889000.000
4930000.000
4926000.000
5063000.000
5019000.000
4966000.000
5021000.000
4998000.000
4984000.000
5003000.000
5050000.000
5064000.000
5068000.000
4978000.000
5136000.000
5215000.000
5146000.000
5235000.000
5225000.000
5083000.000
5012000.000
4887000.000
4856000.000
4804000.000
4749000.000
4766000.000
4745000.000
4760000.000
4855000.000
4785000.000
4831000.000
4954000.000
4906000.000
4853000.000
4942000.000
4831000.000
4739000.000
4956000.000
4960000.000
4883000.000
5054000.000
4971000.000
4978000.000
5022000.000
5015000.000
4939000.000
4903000.000
4921000.000
4858000.000
4940000.000
4917000.000
4877000.000
5052000.000
5010000.000
4966000.000
5094000.000
5112000.000
5202000.000
5124000.000
5095000.000
5250000.000
5175000.000
4931000.000
4976000.000
4962000.000
4962000.000
4956000.000
5007000.000
5096000.000
5157000.000
5166000.000
5074000.000
5202000.000
5166000.000
5116000.000
5073000.000
5107000.000
4999000.000
5096000.000
5088000.000
5142000.000
5159000.000
5179000.000
5288000.000
5273000.000
5151000.000
5308000.000
5187000.000
5193000.000
5049000.000
5083000.000
5137000.000
5067000.000
5044000.000
4970000.000
4966000.000
5172000.000
5178000.000
5130000.000
5150000.000
5171000.000
5122000.000
5085000.000
4989000.000
4993000.000
5012000.000
4967000.000
5082000.000
5060000.000
5003000.000
5044000.000
5094000.000
5105000.000
5112000.000
5129000.000
5223000.000
5146000.000
5266000.000
5315000.000
5263000.000
5227000.000
5201000.000
5191000.000
5054000.000
5204000.000
5172000.000
5062000.000
5180000.000
5157000.000
5196000.000
5085000.000
5039000.000
5072000.000
4906000.000
5001000.000
4932000.000
4975000.000
4943000.000
4867000.000
4882000.000
5016000.000
5011000.000
5064000.000
5156000.000
5239000.000
5281000.000
5302000.000
5211000.000
5343000.000
5281000.000
5284000.000
5386000.000
5445000.000
5529000.000
5459000.000
5412000.000
5572000.000
5477000.000
5448000.000
5353000.000
5286000.000
5143000.000
5111000.000
5145000.000
5179000.000
5057000.000
5068000.000
5138000.000
5015000.000
5126000.000
5123000.000
5209000.000
5151000.000
5140000.000
5126000.000
5071000.000
5104000.000
4901000.000
4888000.000
4830000.000
4864000.000
4945000.000
5121000.000
5015000.000
5187000.000
5047000.000
5103000.000
5144000.000
4981000.000
4969000.000
5147000.000
5043000.000
5044000.000
5094000.000
4937000.000
5048000.000
4977000.000
4946000.000
4944000.000
4903000.000
4998000.000
4876000.000
4917000.000
4936000.000
4966000.000
4986000.000
5069000.000
5025000.000
4894000.000
5022000.000
4967000.000
5044000.000
5067000.000
4983000.000
4998000.000
5039000.000
5135000.000
5158000.000
5227000.000
5148000.000
5064000.000
4977000.000
4922000.000
4869000.000
4776000.000
4780000.000
4750000.000
4750000.000
4775000.000
4717000.000
4817000.000
4734000.000
4851000.000
4962000.000
4889000.000
4913000.000
4934000.000
4913000.000
4931000.000
4966000.000
4984000.000
4961000.000
5011000.000
5085000.000
5030000.000
4879000.000
4975000.000
4889000.000
4995000.000
4979000.000
5017000.000
4908000.000
4846000.000
4972000.000
5062000.000
5086000.000
5087000.000
5228000.000
5049000.000
5247000.000
5152000.000
5114000.000
5094000.000
4971000.000
4961000.000
4890000.000
4905000.000
4896000.000
5017000.000
5068000.000
4990000.000
5194000.000
5059000.000
5250000.000
5104000.000
5140000.000
5139000.000
5110000.000
5141000.000
5137000.000
5049000.000
4987000.000
5023000.000
5154000.000
5202000.000
5160000.000
5233000.000
5168000.000
5110000.000
5096000.000
5093000.000
5156000.000
5068000.000
5043000.000
4990000.000
5000000.000
4900000.000
5108000.000
5101000.000
5081000.000
5075000.000
5218000.000
5135000.000
5235000.000
5161000.000
5124000.000
5029000.000
5099000.000
5095000.000
5139000.000
5146000.000
4975000.000
4993000.000
5050000.000
5075000.000
5162000.000
5146000.000
5153000.000
5261000.000
5229000.000
5268000.000
5172000.000
5208000.000
5280000.000
5203000.000
5207000.000
5141000.000
5118000.000
5124000.000
5257000.000
5077000.000
5173000.000
5066000.000
5030000.000
5069000.000
5148000.000
4949000.000
5024000.000
4900000.000
4994000.000
4964000.000
4841000.000
4953000.000
5123000.000
4982000.000
5099000.000
5085000.000
5210000.000
5276000.000
5323000.000
5322000.000
5245000.000
5286000.000
5357000.000
5318000.000
5423000.000
5569000.000
5499000.000
5617000.000
5471000.000
5596000.000
5394000.000
5317000.000
5215000.000
5103000.000
5072000.000
5158000.000
5204000.000
5144000.000
5071000.000
5157000.000
5249000.000
5124000.000
5105000.000
5178000.000
5158000.000
5071000.000
5073000.000
5056000.000
4937000.000
5027000.000
4869000.000
4977000.000
5097000.000
5043000.000
5134000.000
4964000.000
4843000.000
5057000.000
5142000.000
5109000.000
5045000.000
5131000.000
5019000.000
4990000.000
4948000.000
4930000.000
5025000.000
4932000.000
4915000.000
4919000.000
4900000.000
4961000.000
5071000.000
4995000.000
4988000.000
5052000.000
5056000.000
5012000.000
4956000.000
5014000.000
4992000.000
4984000.000
5061000.000
4979000.000
5101000.000
4969000.000
5107000.000
5234000.000
5129000.000
5197000.000
4999000.000
5032000.000
4865000.000
4847000.000
4861000.000
4713000.000
4654000.000
4753000.000
4749000.000
4812000.000
4693000.000
4835000.000
4854000.000
4865000.000
4988000.000
4888000.000
4855000.000
4881000.000
4929000.000
4905000.000
4985000.000
4891000.000
5075000.000
4996000.000
4998000.000
4990000.000
4914000.000
4828000.000
4869000.000
4932000.000
4916000.000
4983000.000
4966000.000
5019000.000
5061000.000
5149000.000
5081000.000
5141000.000
5147000.000
5151000.000
5245000.000
5216000.000
5172000.000
4926000.000
5081000.000
4918000.000
4892000.000
4882000.000
4935000.000
5132000.000
5142000.000
5157000.000
5059000.000
5252000.000
5154000.000
5122000.000
5157000.000
5087000.000
4959000.000
5069000.000
4986000.000
5135000.000
5086000.000
5183000.000
5095000.000
5083000.000
5116000.000
5071000.000
5080000.000
5051000.000
5013000.000
5160000.000
5027000.000
4902000.000
4980000.000
4905000.000
4953000.000
5141000.000
5141000.000
5210000.000
5245000.000
5261000.000
5126000.000
5155000.000
5242000.000
5148000.000
5112000.000
4960000.000
5064000.000
5155000.000
4959000.000
4989000.000
5141000.000
5018000.000
4952000.000
5105000.000
5122000.000
5193000.000
5223000.000
5308000.000
5334000.000
5134000.000
5321000.000
5181000.000
5191000.000
5167000.000
5196000.000
5195000.000
5263000.000
5196000.000
5304000.000
4998000.000
5020000.000
4938000.000
4916000.000
4900000.000
5025000.000
4926000.000
4948000.000
4990000.000
4918000.000
4923000.000
4948000.000
4847000.000
5071000.000
5141000.000
5293000.000
5336000.000
5260000.000
5289000.000
5170000.000
5380000.000
5318000.000
5407000.000
5473000.000
5630000.000
5668000.000
5543000.000
5597000.000
5613000.000
5401000.000
5411000.000
5337000.000
5186000.000
5289000.000
5091000.000
5209000.000
5178000.000
5109000.000
5103000.000
5133000.000
5148000.000
5278000.000
5178000.000
5223000.000
5126000.000
5189000.000
5070000.000
4990000.000
5041000.000
4987000.000
4975000.000
4990000.000
5001000.000
5106000.000
4970000.000
5059000.000
5138000.000
5128000.000
5089000.000
4978000.000
5091000.000
4968000.000
5043000.000
4953000.000
4929000.000
5057000.000
4988000.000
4944000.000
5054000.000
4957000.000
4999000.000
5105000.000
5124000.000
5022000.000
5158000.000
4987000.000
5086000.000
5097000.000
5004000.000
4937000.000
4889000.000
4903000.000
4920000.000
4857000.000
4963000.000
4972000.000
5162000.000
5010000.000
4910000.000
5022000.000
4824000.000
4820000.000
4703000.000
4799000.000
4811000.000
4569000.000
4709000.000
4867000.000
4775000.000
4801000.000
4744000.000
5012000.000
4847000.000
4923000.000
4942000.000
4954000.000
4827000.000
4866000.000
4930000.000
4896000.000
4880000.000
5023000.000
4886000.000
4965000.000
4926000.000
4763000.000
4926000.000
4767000.000
4874000.000
4914000.000
4875000.000
5054000.000
4900000.000
5015000.000
5018000.000
5091000.000
5133000.000
5206000.000
5193000.000
5171000.000
5191000.000
5273000.000
5044000.000
4915000.000
4921000.000
4905000.000
5002000.000
4983000.000
5024000.000
5006000.000
5201000.000
5003000.000
5172000.000
5111000.000
5284000.000
5095000.000
5046000.000
5069000.000
5026000.000
5064000.000
5013000.000
5135000.000
5015000.000
5133000.000
5132000.000
5052000.000
5063000.000
5059000.000
4936000.000
5023000.000
5094000.000
5030000.000
5092000.000
5035000.000
4866000.000
4967000.000
5044000.000
4973000.000
5108000.000
5122000.000
5161000.000
5180000.000
5215000.000
5384000.000
5193000.000
5085000.000
5038000.000
4944000.000
5028000.000
5038000.000
4984000.000
5024000.000
4929000.000
5072000.000
5059000.000
5100000.000
5084000.000
5156000.000
5056000.000
5200000.000
5293000.000
5354000.000
5231000.000
5144000.000
5161000.000
5134000.000
5328000.000
5212000.000
5187000.000
5249000.000
5338000.000
5194000.000
5046000.000
5122000.000
4967000.000
5028000.000
5047000.000
5032000.000
4925000.000
5062000.000
4971000.000
4886000.000
4877000.000
4920000.000
4928000.000
5009000.000
5151000.000
5109000.000
5171000.000
5258000.000
5223000.000
5304000.000
5179000.000
5296000.000
5289000.000
5478000.000
5644000.000
5565000.000
5656000.000
5575000.000
5674000.000
5492000.000
5451000.000
5409000.000
5235000.000
5214000.000
5251000.000
5133000.000
5109000.000
5193000.000
5233000.000
5138000.000
5261000.000
5179000.000
5201000.000
5372000.000
5205000.000
5089000.000
4998000.000
5049000.000
5010000.000
5068000.000
5007000.000
5034000.000
5037000.000
4988000.000
5020000.000
5076000.000
5110000.000
5102000.000
5009000.000
5033000.000
5037000.000
4990000.000
4979000.000
5043000.000
5002000.000
4989000.000
4972000.000
5013000.000
4987000.000
5075000.000
4938000.000
5029000.000
4974000.000
5092000.000
5125000.000
5145000.000
5075000.000
5103000.000
5041000.000
4971000.000
4994000.000
4888000.000
4870000.000
4897000.000
4894000.000
4979000.000
5016000.000
4994000.000
4991000.000
4816000.000
4890000.000
4797000.000
4754000.000
4799000.000
4709000.000
4664000.000
4829000.000
4773000.000
4757000.000
4709000.000
4747000.000
4795000.000
4853000.000
4893000.000
4828000.000
4862000.000
4911000.000
4968000.000
4883000.000
4933000.000
4889000.000
4975000.000
4954000.000
4919000.000
4808000.000
4811000.000
4868000.000
4796000.000
4946000.000
4937000.000
4902000.000
5020000.000
5066000.000
5068000.000
5175000.000
5070000.000
5127000.000
5208000.000
5114000.000
5168000.000
5057000.000
5111000.000

Notes: 
Time: 2025-10-22_18-00-55