VxRange in distance [um]: [64.895105 92.867133] NVx:201 bFixVx:0 FixVx:0.564000
VyRange in distance [um]: [-20.827972 7.144056] NVy:201 bFixVy:0 FixVy:-0.048920
VzRange: [40.000000 60.000000] NVz:41 bFixVz:1 FixVz:49.000000
DTRange: [0.001000 0.003000] NDT:10 bFixVDT:1 FixVDT:0.005000
Size: [201 201]
113600.000
68800.000
68400.000
69800.000
69200.000
75400.000
74000.000
69400.000
78000.000
78000.000
86000.000
77600.000
73000.000
81000.000
76600.000
86400.000
74000.000
76000.000
85600.000
85400.000
82400.000
84800.000
83000.000
86400.000
86400.000
85800.000
85400.000
79400.000
88600.000
89400.000
84800.000
87000.000
87200.000
89800.000
82000.000
91000.000
93000.000
98000.000
98000.000
98000.000
90400.000
90800.000
101800.000
90200.000
92800.000
97000.000
105800.000
110600.000
103000.000
115800.000
105800.000
107600.000
108600.000
113200.000
107200.000
111800.000
111400.000
110800.000
120600.000
123200.000
113400.000
128600.000
128600.000
128600.000
138800.000
131200.000
152600.000
147000.000
138400.000
149000.000
155800.000
157600.000
163200.000
155800.000
157600.000
172400.000
176000.000
177000.000
180800.000
182600.000
188400.000
191400.000
201800.000
198600.000
192200.000
212200.000
222400.000
234200.000
240200.000
243200.000
253600.000
269600.000
280800.000
280400.000
276600.000
284800.000
291800.000
296200.000
295400.000
305000.000
307800.000
320200.000
323000.000
326000.000
343200.000
344000.000
341800.000
325400.000
331000.000
349200.000
343000.000
335000.000
339000.000
344400.000
364600.000
369000.000
382200.000
369000.000
375800.000
364800.000
369600.000
372600.000
385800.000
388200.000
386800.000
384600.000
414000.000
404200.000
430000.000
426000.000
434800.000
429400.000
433000.000
447000.000
432800.000
467600.000
464800.000
445400.000
470800.000
469000.000
454600.000
465400.000
444600.000
462600.000
463400.000
472000.000
484600.000
477800.000
484000.000
497400.000
521000.000
518800.000
525400.000
571800.000
563000.000
560600.000
569400.000
566000.000
573200.000
551800.000
565200.000
579800.000
551600.000
576800.000
562200.000
562000.000
594200.000
594400.000
585800.000
603800.000
628000.000
637800.000
632600.000
634000.000
642600.000
652200.000
646200.000
659200.000
667400.000
662000.000
656000.000
677600.000
675600.000
674400.000
693000.000
692600.000
703200.000
708400.000
683400.000
691800.000
703400.000
704200.000
712000.000
717400.000
739000.000
737200.000
747800.000
771200.000
781000.000
775200.000
754600.000
67800.000
74400.000
75800.000
72800.000
70600.000
83200.000
71400.000
73800.000
74200.000
81800.000
79800.000
70400.000
73600.000
77800.000
75400.000
83600.000
84000.000
83600.000
86000.000
84000.000
80600.000
79200.000
88400.000
76600.000
82400.000
81000.000
84800.000
84800.000
90800.000
95800.000
93400.000
89000.000
92000.000
95400.000
96600.000
90800.000
98400.000
95000.000
104200.000
92600.000
105000.000
97200.000
99600.000
98200.000
106400.000
104200.000
97200.000
114800.000
113000.000
110200.000
110400.000
108400.000
107800.000
118600.000
118600.000
128000.000
136200.000
126800.000
132200.000
128400.000
136200.000
128000.000
148200.000
150200.000
155200.000
160600.000
156600.000
163000.000
171000.000
180600.000
173400.000
188400.000
189200.000
191000.000
193000.000
198400.000
204400.000
210000.000
202800.000
226200.000
224800.000
232000.000
241800.000
221000.000
246800.000
249600.000
257600.000
254000.000
267200.000
283800.000
296800.000
308400.000
316200.000
332800.000
330600.000
312000.000
321400.000
324200.000
333800.000
339800.000
354200.000
337000.000
351400.000
332400.000
354600.000
353200.000
357000.000
348600.000
375800.000
356000.000
367000.000
358200.000
359400.000
365400.000
379800.000
388600.000
380400.000
388400.000
393400.000
394200.000
398000.000
416800.000
422000.000
423400.000
419800.000
411400.000
411600.000
431400.000
423200.000
440400.000
463000.000
471000.000
479200.000
484200.000
477000.000
473000.000
494600.000
481000.000
471200.000
482400.000
486600.000
484400.000
494200.000
500200.000
506800.000
513000.000
518000.000
502600.000
529400.000
555000.000
565000.000
539800.000
555200.000
562600.000
584800.000
582200.000
597200.000
597200.000
597200.000
610200.000
597800.000
601200.000
601800.000
608600.000
610600.000
613200.000
630800.000
630400.000
630000.000
613800.000
647400.000
667800.000
666800.000
663000.000
647600.000
675400.000
638000.000
687800.000
683000.000
671800.000
669800.000
676400.000
686400.000
687400.000
693400.000
686200.000
700200.000
710400.000
740000.000
754400.000
727400.000
728200.000
731600.000
712400.000
735400.000
756000.000
777600.000
793200.000
787600.000
770800.000
766200.000
73600.000
76600.000
74800.000
80400.000
76400.000
72600.000
80800.000
89800.000
77400.000
83200.000
81800.000
77400.000
86600.000
81000.000
86600.000
82400.000
81000.000
86200.000
80800.000
89400.000
91600.000
91600.000
91200.000
88000.000
88600.000
96000.000
88800.000
91200.000
94800.000
84400.000
87800.000
99000.000
96800.000
96800.000
96600.000
98800.000
93600.000
96000.000
98800.000
95000.000
105400.000
108200.000
110000.000
115600.000
107400.000
106200.000
112600.000
114600.000
117200.000
133000.000
132600.000
119800.000
131800.000
127000.000
129600.000
137800.000
139600.000
138000.000
139400.000
139600.000
144200.000
150200.000
163600.000
162400.000
169400.000
170400.000
187600.000
183800.000
183800.000
186600.000
196800.000
204800.000
214000.000
204000.000
223400.000
225800.000
238600.000
246000.000
251200.000
259000.000
265400.000
260000.000
259200.000
269600.000
279400.000
275000.000
296800.000
303000.000
298000.000
300200.000
330400.000
337800.000
332600.000
337600.000
353600.000
345000.000
339800.000
359800.000
352800.000
362400.000
359200.000
363800.000
346800.000
346600.000
368200.000
360400.000
368000.000
367400.000
376000.000
345400.000
373200.000
380200.000
374800.000
394800.000
397000.000
404800.000
400400.000
393400.000
400000.000
407600.000
419400.000
448200.000
419600.000
422200.000
434800.000
427400.000
432200.000
458000.000
461200.000
472000.000
489800.000
468000.000
501800.000
493600.000
504400.000
512000.000
510200.000
535800.000
522000.000
514000.000
514600.000
544800.000
522200.000
539800.000
535000.000
522600.000
540000.000
566800.000
553200.000
585200.000
583600.000
583000.000
566800.000
587600.000
623000.000
618400.000
597000.000
633400.000
633000.000
654400.000
647400.000
648200.000
647000.000
638000.000
635800.000
638800.000
631200.000
653000.000
659800.000
663200.000
674800.000
711400.000
692000.000
681200.000
685000.000
716800.000
711000.000
674600.000
733000.000
713200.000
688400.000
675600.000
672400.000
695400.000
728000.000
713400.000
719600.000
747600.000
744800.000
749400.000
751800.000
731000.000
761800.000
772000.000
774200.000
781000.000
797400.000
820000.000
808200.000
833600.000
818600.000
77400.000
81400.000
81600.000
79200.000
83600.000
78400.000
77000.000
89000.000
78200.000
80200.000
83600.000
83800.000
83000.000
85200.000
83400.000
82600.000
83800.000
85000.000
93600.000
92200.000
82800.000
90800.000
85200.000
88400.000
91400.000
87800.000
98400.000
98200.000
98600.000
102800.000
97000.000
102600.000
90600.000
105800.000
101200.000
99000.000
96600.000
105200.000
112800.000
106600.000
107200.000
105000.000
107800.000
112400.000
118000.000
124800.000
121800.000
124000.000
133200.000
131800.000
123400.000
136000.000
139200.000
144000.000
150400.000
140600.000
149800.000
148800.000
174400.000
163200.000
167000.000
179000.000
193200.000
195200.000
192000.000
199600.000
207400.000
220800.000
219400.000
207600.000
241800.000
242800.000
230800.000
238800.000
247800.000
262600.000
258400.000
270400.000
281200.000
288600.000
298600.000
290400.000
300400.000
292200.000
301800.000
310400.000
303000.000
324000.000
325200.000
354400.000
353400.000
361600.000
352200.000
377200.000
362000.000
358000.000
356800.000
348800.000
356200.000
370400.000
357800.000
367600.000
374000.000
374400.000
379800.000
384200.000
372200.000
375800.000
376400.000
381800.000
384400.000
397600.000
403400.000
415400.000
409400.000
412600.000
425200.000
431000.000
414600.000
423200.000
435800.000
432200.000
442000.000
448200.000
449200.000
473800.000
457800.000
497400.000
479000.000
487800.000
511400.000
494000.000
511600.000
537600.000
531000.000
528400.000
537200.000
558200.000
520400.000
562400.000
546000.000
535800.000
551600.000
573600.000
574200.000
587200.000
598600.000
586000.000
588400.000
595200.000
611400.000
622200.000
620800.000
626400.000
659200.000
667800.000
655600.000
664400.000
663600.000
677200.000
645800.000
661200.000
674800.000
649400.000
681000.000
670600.000
663800.000
676600.000
675200.000
703000.000
697400.000
702600.000
712600.000
702000.000
718000.000
710600.000
709600.000
697600.000
734600.000
726600.000
719400.000
717000.000
737800.000
736200.000
734600.000
753400.000
739600.000
748800.000
750400.000
766000.000
785400.000
775400.000
760800.000
782600.000
796000.000
797800.000
811200.000
836800.000
823600.000
832400.000
801000.000
75400.000
70000.000
86000.000
83400.000
89000.000
84600.000
83400.000
89800.000
79200.000
91800.000
88000.000
85800.000
85200.000
89600.000
86600.000
88600.000
90800.000
90600.000
89400.000
102600.000
88800.000
97200.000
93200.000
94000.000
100200.000
96400.000
95400.000
106200.000
99200.000
109800.000
96400.000
96800.000
99400.000
97800.000
114200.000
118400.000
109600.000
110000.000
122200.000
119800.000
112800.000
117400.000
122200.000
128400.000
122600.000
131400.000
134400.000
143800.000
143000.000
141000.000
140600.000
146200.000
150600.000
151800.000
158200.000
170200.000
172600.000
178000.000
192200.000
185600.000
193400.000
207000.000
209000.000
220200.000
223800.000
232200.000
241000.000
245000.000
256400.000
251600.000
271200.000
273200.000
271600.000
279600.000
282400.000
291000.000
291200.000
301800.000
311000.000
323000.000
322800.000
324000.000
313000.000
321600.000
326600.000
331200.000
332400.000
343600.000
346600.000
345200.000
359600.000
359800.000
378200.000
350600.000
371200.000
357200.000
359000.000
347400.000
381400.000
372800.000
381200.000
389200.000
376000.000
390600.000
371800.000
391400.000
399600.000
402000.000
389200.000
401200.000
397000.000
404200.000
421800.000
437200.000
419400.000
447000.000
433000.000
428600.000
433400.000
438400.000
432800.000
455400.000
445800.000
478600.000
455600.000
481800.000
462400.000
479400.000
492400.000
509400.000
514200.000
522800.000
549600.000
558600.000
562000.000
538200.000
564400.000
560400.000
549800.000
575000.000
558800.000
561600.000
575400.000
585600.000
592000.000
599200.000
612200.000
632200.000
634600.000
608400.000
615800.000
623600.000
629800.000
654400.000
642600.000
673600.000
677400.000
635400.000
695000.000
694600.000
682000.000
669600.000
686000.000
690200.000
686000.000
719200.000
706600.000
698000.000
718000.000
735400.000
716000.000
740800.000
716800.000
713000.000
715000.000
702600.000
742200.000
751000.000
753400.000
734800.000
755400.000
729400.000
736000.000
746200.000
754800.000
772600.000
772800.000
770400.000
765800.000
785200.000
784600.000
762600.000
784000.000
780400.000
787000.000
776600.000
814400.000
837400.000
853800.000
833600.000
858800.000
85600.000
88800.000
82600.000
82000.000
85200.000
78400.000
84000.000
83000.000
84200.000
86800.000
88800.000
90000.000
93600.000
92200.000
92000.000
89000.000
97800.000
92000.000
105400.000
94400.000
90600.000
101000.000
102200.000
110200.000
102800.000
97400.000
102400.000
100400.000
108000.000
103000.000
107000.000
122200.000
111800.000
123400.000
115600.000
117200.000
118200.000
129600.000
119800.000
128000.000
133400.000
141600.000
133200.000
132000.000
134400.000
145000.000
150200.000
151200.000
161400.000
163800.000
165400.000
175200.000
174600.000
181000.000
179600.000
181400.000
197800.000
210600.000
223600.000
223000.000
224600.000
238400.000
243000.000
243800.000
257400.000
267800.000
273000.000
283800.000
285000.000
290000.000
301200.000
299400.000
326200.000
328800.000
328000.000
330600.000
344000.000
317600.000
348800.000
351200.000
369200.000
363600.000
354800.000
333800.000
360200.000
374400.000
346600.000
375600.000
371200.000
367600.000
375600.000
395400.000
382800.000
397400.000
381600.000
388000.000
391000.000
381400.000
393200.000
389200.000
400200.000
424000.000
419400.000
429600.000
423600.000
398000.000
404800.000
425200.000
430800.000
417600.000
432200.000
437800.000
447000.000
456600.000
476800.000
476400.000
456800.000
461400.000
444200.000
476800.000
486000.000
488000.000
491200.000
490200.000
491400.000
500800.000
505600.000
525200.000
554800.000
549800.000
564000.000
568000.000
566400.000
585000.000
588600.000
621400.000
594000.000
621200.000
578200.000
604000.000
616800.000
642000.000
622800.000
614600.000
645000.000
666400.000
640400.000
678200.000
646400.000
662200.000
654200.000
678000.000
674000.000
690200.000
679000.000
706200.000
713000.000
719000.000
731000.000
707800.000
716000.000
726800.000
729600.000
729200.000
718800.000
736800.000
730600.000
737600.000
755000.000
757000.000
759800.000
770000.000
761200.000
758200.000
751800.000
773400.000
777000.000
782200.000
779400.000
782200.000
773400.000
778400.000
783000.000
754400.000
802000.000
784200.000
781400.000
772600.000
797200.000
785600.000
805200.000
767200.000
787600.000
804400.000
793400.000
825400.000
831800.000
847000.000
852200.000
844200.000
829600.000
82000.000
88600.000
83400.000
83400.000
94000.000
90000.000
88600.000
88800.000
92600.000
95400.000
90200.000
86800.000
99800.000
93000.000
96200.000
88600.000
106800.000
102400.000
99600.000
105200.000
98800.000
101400.000
105600.000
109800.000
99600.000
102200.000
111000.000
117200.000
105800.000
108400.000
121600.000
115200.000
120200.000
119800.000
132600.000
131800.000
120600.000
132200.000
135000.000
142000.000
144800.000
142400.000
148800.000
147800.000
152800.000
155400.000
171200.000
158200.000
165800.000
186000.000
180200.000
189000.000
198200.000
199600.000
213800.000
213000.000
228600.000
233000.000
243000.000
246200.000
267400.000
256600.000
264800.000
290200.000
270000.000
290600.000
283400.000
298800.000
307600.000
310000.000
317400.000
324400.000
322200.000
334800.000
335200.000
335600.000
347400.000
344800.000
357600.000
366600.000
361000.000
352800.000
361200.000
369800.000
365200.000
351600.000
371200.000
377200.000
367200.000
372600.000
375600.000
390200.000
382200.000
394200.000
391000.000
400000.000
409600.000
408000.000
404000.000
415600.000
419600.000
424000.000
424800.000
454600.000
443200.000
447200.000
432000.000
457600.000
421200.000
438800.000
445200.000
477400.000
466000.000
458600.000
483200.000
468600.000
482000.000
465800.000
467200.000
467000.000
474200.000
494200.000
481600.000
484600.000
496200.000
527200.000
508400.000
537800.000
530400.000
560000.000
536400.000
572800.000
600200.000
589000.000
603200.000
634000.000
630800.000
651000.000
626200.000
609800.000
639000.000
629800.000
640800.000
637600.000
660400.000
656400.000
666400.000
658200.000
665600.000
672800.000
667600.000
685400.000
662400.000
675800.000
668000.000
693800.000
695800.000
731800.000
732800.000
745200.000
738400.000
729400.000
734000.000
731400.000
734000.000
724400.000
733000.000
750800.000
759800.000
752800.000
755800.000
760000.000
768800.000
781200.000
781800.000
757600.000
776800.000
781800.000
786600.000
783800.000
778400.000
771200.000
791400.000
772800.000
789800.000
788000.000
780200.000
771600.000
807000.000
783600.000
778400.000
772600.000
802600.000
793400.000
779200.000
815200.000
822600.000
840800.000
839600.000
820400.000
829600.000
94000.000
90000.000
83800.000
87200.000
91000.000
84600.000
89000.000
93400.000
93600.000
100200.000
94600.000
84800.000
91000.000
96000.000
96000.000
95200.000
106400.000
107000.000
104200.000
108400.000
103800.000
107000.000
113800.000
110200.000
115800.000
117800.000
125600.000
120800.000
124000.000
124600.000
118800.000
133000.000
140400.000
126200.000
133000.000
136600.000
137400.000
149000.000
157000.000
153800.000
154200.000
167600.000
152600.000
176200.000
177800.000
176400.000
184400.000
191200.000
205400.000
215000.000
207200.000
229200.000
229800.000
227600.000
250800.000
261000.000
255600.000
264400.000
289000.000
288200.000
299800.000
301000.000
300800.000
303600.000
315000.000
309600.000
317400.000
326000.000
309200.000
336200.000
340200.000
338200.000
337600.000
338800.000
349600.000
358400.000
352400.000
366600.000
381600.000
374800.000
391200.000
391800.000
371000.000
370600.000
373600.000
368800.000
390000.000
396000.000
402600.000
400600.000
405000.000
421000.000
404600.000
419600.000
415400.000
444800.000
438400.000
424000.000
425000.000
419800.000
449800.000
444600.000
452400.000
474000.000
458400.000
465000.000
463400.000
449000.000
463800.000
482000.000
481000.000
492200.000
479200.000
501000.000
511800.000
504600.000
485600.000
502800.000
476800.000
516200.000
506600.000
515600.000
513200.000
519600.000
535400.000
533200.000
550000.000
552600.000
573200.000
579600.000
607000.000
602800.000
608200.000
626800.000
657600.000
656000.000
641800.000
656600.000
662000.000
649800.000
667600.000
675000.000
681000.000
687800.000
708200.000
673600.000
685000.000
691400.000
668000.000
691400.000
673800.000
703400.000
708400.000
710600.000
715200.000
731000.000
733600.000
775600.000
772600.000
748400.000
740800.000
761800.000
774600.000
750400.000
764600.000
752600.000
770200.000
751800.000
785400.000
789800.000
789600.000
775200.000
773600.000
777000.000
770000.000
813800.000
794600.000
813600.000
805600.000
789400.000
771000.000
809000.000
759600.000
786200.000
769400.000
782800.000
789400.000
801600.000
791600.000
775600.000
763800.000
799400.000
779000.000
818600.000
781800.000
816800.000
818000.000
832400.000
834200.000
846600.000
855000.000
88400.000
98600.000
101800.000
91600.000
91600.000
96600.000
100200.000
103600.000
101400.000
102000.000
103200.000
97800.000
104800.000
109400.000
105000.000
99800.000
102200.000
113200.000
108200.000
111800.000
125600.000
111000.000
115000.000
121800.000
124200.000
118000.000
123400.000
122000.000
132200.000
130600.000
131600.000
132600.000
143600.000
145400.000
148600.000
157600.000
145000.000
152200.000
164200.000
168600.000
166800.000
176000.000
191600.000
193400.000
202400.000
189400.000
203000.000
203600.000
217000.000
231800.000
233800.000
250200.000
263200.000
251400.000
259000.000
276800.000
295800.000
312400.000
326400.000
322600.000
307400.000
325800.000
318600.000
324400.000
331200.000
341000.000
336000.000
337000.000
342200.000
320600.000
344200.000
344600.000
351000.000
340200.000
354400.000
373800.000
380800.000
397600.000
399800.000
387000.000
411200.000
395000.000
391800.000
382000.000
394400.000
394600.000
397000.000
404000.000
406200.000
395000.000
421800.000
410200.000
414200.000
444800.000
443000.000
425200.000
426400.000
451400.000
435200.000
453800.000
467200.000
467800.000
473200.000
470000.000
472400.000
491000.000
467400.000
486800.000
460800.000
493200.000
472800.000
505000.000
498800.000
548200.000
518200.000
529400.000
518400.000
522200.000
520400.000
520800.000
521000.000
543000.000
559200.000
549200.000
549600.000
572400.000
563600.000
570000.000
571600.000
579800.000
618600.000
586200.000
636600.000
670200.000
625600.000
689800.000
688400.000
663800.000
664800.000
675400.000
690800.000
679000.000
689200.000
708800.000
712000.000
709000.000
730000.000
699400.000
703800.000
706600.000
699000.000
730600.000
732600.000
734600.000
748800.000
750400.000
746000.000
786600.000
771600.000
785000.000
762800.000
791600.000
788000.000
788800.000
778200.000
796400.000
817600.000
783200.000
804600.000
800600.000
790800.000
815600.000
801800.000
810000.000
813400.000
811400.000
820800.000
805600.000
819200.000
836200.000
804800.000
804200.000
790400.000
765000.000
804200.000
793600.000
801800.000
828400.000
802400.000
793600.000
774600.000
800400.000
812800.000
786200.000
815400.000
811200.000
801000.000
845200.000
851800.000
844200.000
859600.000
98600.000
102400.000
98400.000
90800.000
90800.000
99800.000
97800.000
100800.000
105800.000
114000.000
107200.000
106000.000
111200.000
105800.000
110600.000
110800.000
118800.000
115400.000
124600.000
124000.000
131200.000
112800.000
124600.000
134000.000
133600.000
133000.000
150200.000
144400.000
144400.000
155800.000
158600.000
162200.000
171000.000
165000.000
173200.000
183400.000
177400.000
189000.000
193200.000
201600.000
206000.000
208600.000
232000.000
237400.000
233200.000
235200.000
241600.000
262600.000
262800.000
282200.000
291000.000
294000.000
290200.000
314400.000
289200.000
319600.000
336400.000
358200.000
344000.000
343000.000
346800.000
347800.000
333600.000
344800.000
342400.000
337600.000
337200.000
353000.000
359800.000
344200.000
336600.000
350600.000
361200.000
358800.000
365400.000
382400.000
385400.000
402800.000
423000.000
410000.000
451800.000
418800.000
431200.000
414800.000
432400.000
415400.000
417800.000
422200.000
444200.000
423200.000
447400.000
445600.000
450000.000
471000.000
468000.000
459800.000
455000.000
479600.000
477800.000
480800.000
489400.000
474600.000
497600.000
501000.000
514400.000
506000.000
481800.000
484000.000
511400.000
518600.000
542400.000
533800.000
569200.000
564200.000
563200.000
540400.000
542000.000
557200.000
554000.000
552200.000
555600.000
549000.000
565000.000
575000.000
578600.000
588200.000
614600.000
596800.000
588600.000
609000.000
653800.000
635800.000
672200.000
683600.000
701400.000
697600.000
698800.000
727600.000
724000.000
717400.000
714600.000
710200.000
738400.000
741800.000
729600.000
733800.000
739800.000
735800.000
724800.000
731800.000
757200.000
730200.000
751000.000
751600.000
789200.000
764200.000
812200.000
811800.000
841200.000
828000.000
807000.000
808000.000
814000.000
790600.000
823600.000
816600.000
833600.000
830800.000
847400.000
837600.000
838800.000
839000.000
856800.000
831200.000
841600.000
852600.000
849600.000
864000.000
835400.000
831200.000
851200.000
821200.000
821800.000
801600.000
814800.000
817400.000
862000.000
816600.000
826600.000
799200.000
806000.000
784000.000
803600.000
816600.000
811000.000
801800.000
838800.000
830800.000
835200.000
852200.000
858600.000
100800.000
111000.000
103000.000
116800.000
113800.000
108000.000
98000.000
107400.000
116200.000
107800.000
118600.000
116600.000
112600.000
121800.000
124200.000
125000.000
127000.000
131600.000
130800.000
132400.000
136200.000
140800.000
147600.000
150200.000
156600.000
152800.000
167800.000
160400.000
178800.000
167000.000
174400.000
179600.000
188200.000
201000.000
212000.000
196000.000
201600.000
206800.000
221800.000
220000.000
232400.000
228200.000
244200.000
252400.000
265400.000
279800.000
274400.000
282600.000
291800.000
301800.000
308800.000
319200.000
317800.000
318400.000
336600.000
351200.000
363600.000
359800.000
342400.000
363800.000
362000.000
338200.000
342600.000
335200.000
353200.000
346000.000
350000.000
350000.000
355400.000
360600.000
366200.000
357600.000
374800.000
368600.000
379000.000
386400.000
417200.000
409200.000
407600.000
436800.000
442000.000
446000.000
435000.000
459200.000
449800.000
456600.000
449800.000
453800.000
453000.000
444600.000
463600.000
465800.000
475200.000
475600.000
480400.000
498600.000
482800.000
486600.000
494200.000
510800.000
507200.000
524000.000
533600.000
538200.000
540200.000
532400.000
539600.000
523000.000
542800.000
560400.000
553800.000
560200.000
585000.000
585000.000
585200.000
586000.000
572400.000
584800.000
572400.000
588400.000
588600.000
598400.000
604800.000
602800.000
608000.000
617800.000
619200.000
618000.000
619000.000
627400.000
607000.000
661400.000
687600.000
708800.000
706200.000
725600.000
754600.000
741000.000
763800.000
771000.000
750200.000
774200.000
741800.000
731000.000
754200.000
772600.000
765000.000
770200.000
760400.000
756000.000
774200.000
759800.000
781200.000
762600.000
796400.000
808600.000
823200.000
828200.000
840600.000
857000.000
844400.000
826600.000
859600.000
870600.000
847400.000
819600.000
871200.000
849200.000
854200.000
840200.000
843400.000
867200.000
847400.000
866600.000
865000.000
835600.000
858800.000
866200.000
877800.000
862800.000
857600.000
843400.000
843800.000
856800.000
822000.000
852000.000
889200.000
837400.000
824600.000
822600.000
849000.000
833000.000
810600.000
816000.000
822000.000
841200.000
833600.000
833200.000
850600.000
835600.000
871200.000
108000.000
113200.000
106000.000
101200.000
106200.000
115800.000
112000.000
116000.000
117200.000
115000.000
125400.000
130000.000
127600.000
131000.000
135800.000
135200.000
142800.000
130400.000
142200.000
143400.000
154600.000
148400.000
155000.000
155600.000
173400.000
163200.000
164400.000
181600.000
188000.000
177200.000
191000.000
199400.000
218600.000
219600.000
212800.000
215800.000
229400.000
239400.000
233600.000
241000.000
263800.000
275400.000
265000.000
286400.000
302400.000
308800.000
305800.000
315800.000
321200.000
330000.000
333000.000
348200.000
344400.000
345600.000
358400.000
372000.000
371000.000
360400.000
367200.000
364200.000
372200.000
358000.000
348800.000
360400.000
377400.000
354200.000
361800.000
364600.000
363600.000
370600.000
378600.000
365600.000
378400.000
392600.000
413600.000
408400.000
418400.000
438400.000
426200.000
437400.000
433800.000
449600.000
444400.000
464200.000
451400.000
451200.000
452800.000
468600.000
464800.000
466800.000
484600.000
482800.000
488400.000
486600.000
484600.000
504800.000
487200.000
500200.000
520000.000
528200.000
534800.000
541400.000
531400.000
565200.000
542800.000
545800.000
547400.000
577000.000
561200.000
589200.000
576000.000
584200.000
603600.000
595800.000
601000.000
598400.000
564400.000
601200.000
612000.000
601000.000
599400.000
611200.000
615400.000
646600.000
637400.000
645000.000
642400.000
625800.000
638000.000
684200.000
665600.000
700600.000
701400.000
716000.000
768000.000
748000.000
785600.000
778400.000
774600.000
770600.000
788200.000
789000.000
768800.000
765600.000
782400.000
764000.000
778200.000
757600.000
759400.000
797800.000
796200.000
768800.000
809800.000
815800.000
819000.000
841400.000
873200.000
865000.000
868200.000
857000.000
866000.000
864400.000
838200.000
856600.000
874200.000
868800.000
860200.000
859200.000
851400.000
842400.000
868400.000
857000.000
859000.000
856400.000
886200.000
893600.000
912600.000
873000.000
859800.000
871400.000
875800.000
868800.000
877800.000
858200.000
852200.000
851600.000
853600.000
825400.000
831400.000
827400.000
861200.000
838800.000
847400.000
832400.000
823800.000
840000.000
833400.000
839000.000
862600.000
882800.000
884400.000
112800.000
116600.000
124800.000
112600.000
124000.000
128000.000
120000.000
128600.000
127200.000
131200.000
128000.000
135200.000
131200.000
144200.000
144600.000
141600.000
154600.000
152400.000
160600.000
156800.000
170800.000
180800.000
164600.000
184000.000
193600.000
188400.000
186000.000
199000.000
199400.000
215000.000
219800.000
222400.000
232800.000
230800.000
235200.000
245800.000
259400.000
266800.000
272400.000
270000.000
286000.000
294200.000
296600.000
324800.000
315600.000
324800.000
329200.000
337000.000
339000.000
339400.000
332800.000
348800.000
357000.000
348400.000
353800.000
359600.000
369200.000
383600.000
360200.000
368600.000
367200.000
364200.000
369200.000
374200.000
370600.000
373000.000
385600.000
388000.000
387000.000
378400.000
390000.000
391800.000
394000.000
422200.000
428200.000
420600.000
439400.000
441600.000
463000.000
461000.000
456800.000
466200.000
492200.000
463800.000
493400.000
469200.000
501800.000
490400.000
493200.000
491200.000
475600.000
522200.000
524400.000
512400.000
540000.000
551600.000
545000.000
525800.000
532200.000
541000.000
562200.000
568600.000
560600.000
566600.000
570800.000
563600.000
557200.000
595200.000
591200.000
585200.000
613400.000
591400.000
639400.000
617200.000
610000.000
617800.000
611800.000
629600.000
615800.000
620400.000
620800.000
641800.000
642200.000
654000.000
650800.000
638600.000
654000.000
655400.000
671800.000
659200.000
655200.000
687400.000
716800.000
761000.000
755400.000
784200.000
794600.000
793600.000
786600.000
807200.000
793000.000
795200.000
804000.000
772400.000
811000.000
777600.000
796400.000
792200.000
775000.000
801200.000
809800.000
807800.000
797000.000
839400.000
832200.000
862000.000
847200.000
867800.000
859600.000
880800.000
859600.000
861600.000
876400.000
872800.000
857400.000
873000.000
858200.000
864800.000
877800.000
870200.000
868200.000
861000.000
896000.000
897000.000
895000.000
872000.000
877200.000
884200.000
873600.000
861000.000
874000.000
854400.000
889800.000
868200.000
860200.000
866400.000
890400.000
866800.000
837200.000
844800.000
808000.000
831000.000
843800.000
830800.000
845800.000
825600.000
855000.000
846000.000
839600.000
855800.000
905400.000
120800.000
126000.000
134600.000
127000.000
126200.000
138600.000
147800.000
127400.000
143800.000
146400.000
164000.000
158400.000
156600.000
164600.000
168200.000
171200.000
173000.000
180000.000
186000.000
187000.000
202800.000
203600.000
197200.000
212800.000
222000.000
221000.000
226400.000
253000.000
241400.000
250000.000
262800.000
255200.000
291400.000
296200.000
292600.000
284400.000
308600.000
309600.000
320600.000
324600.000
334600.000
326800.000
341600.000
335200.000
346800.000
366000.000
368400.000
354800.000
361800.000
361600.000
361400.000
347000.000
355400.000
369200.000
383800.000
393200.000
393000.000
381600.000
389200.000
389200.000
406200.000
406800.000
390200.000
388400.000
385000.000
400000.000
407600.000
398000.000
414400.000
415200.000
411400.000
426200.000
420800.000
443000.000
446600.000
463800.000
488400.000
472000.000
470400.000
487400.000
495400.000
509600.000
513800.000
515600.000
523800.000
508000.000
518800.000
530400.000
545200.000
550400.000
550000.000
554200.000
564000.000
554000.000
568000.000
572000.000
568800.000
556000.000
581800.000
579600.000
620000.000
598800.000
596800.000
585000.000
593800.000
590200.000
614200.000
632200.000
611600.000
623600.000
632200.000
644000.000
636800.000
670000.000
653600.000
650800.000
650800.000
677000.000
673800.000
672800.000
672400.000
699400.000
680000.000
697000.000
667800.000
672400.000
688200.000
685000.000
702600.000
735000.000
701200.000
722800.000
745400.000
790200.000
789600.000
815800.000
816800.000
810000.000
827800.000
819800.000
818400.000
810400.000
823400.000
830000.000
794400.000
811600.000
829600.000
822600.000
843000.000
877800.000
835400.000
833800.000
841800.000
851000.000
865400.000
886400.000
878200.000
885000.000
880600.000
901200.000
895200.000
900200.000
856400.000
895400.000
901200.000
878600.000
899800.000
895200.000
854800.000
876200.000
877400.000
911800.000
914400.000
890400.000
895800.000
919200.000
897200.000
886000.000
906800.000
918600.000
898600.000
885400.000
893200.000
875400.000
912000.000
895800.000
893600.000
887600.000
885200.000
874400.000
875000.000
882600.000
857600.000
879200.000
855800.000
856200.000
834400.000
873600.000
874400.000
894600.000
907000.000
142200.000
132200.000
136600.000
140600.000
139200.000
152000.000
141000.000
144200.000
154800.000
168200.000
167800.000
172400.000
176200.000
176600.000
184200.000
197000.000
191000.000
199400.000
207000.000
215400.000
231400.000
226000.000
236600.000
229800.000
250200.000
243400.000
266600.000
258000.000
290200.000
274600.000
283000.000
293800.000
305800.000
301800.000
319400.000
313200.000
325600.000
322800.000
325800.000
326800.000
347600.000
335400.000
346000.000
367200.000
365800.000
361400.000
361400.000
382600.000
363400.000
364000.000
369800.000
375200.000
365000.000
368000.000
385200.000
385600.000
391000.000
396200.000
390600.000
387000.000
412000.000
401800.000
422400.000
413600.000
407200.000
412000.000
424400.000
421400.000
413600.000
442000.000
423400.000
442400.000
438200.000
453200.000
456000.000
469600.000
485400.000
491000.000
521200.000
478200.000
511800.000
510800.000
511200.000
506200.000
520000.000
539800.000
524400.000
539400.000
546000.000
561400.000
559400.000
563400.000
584800.000
572800.000
599200.000
567400.000
588800.000
573000.000
581400.000
617400.000
598800.000
606800.000
588800.000
621600.000
633600.000
622200.000
623400.000
610800.000
654000.000
643000.000
650000.000
636200.000
655000.000
650800.000
638800.000
644800.000
663400.000
676400.000
685800.000
692400.000
699400.000
700400.000
689000.000
666200.000
697800.000
665600.000
699800.000
681000.000
698800.000
704600.000
725400.000
752600.000
756000.000
759600.000
800200.000
793200.000
824200.000
827800.000
836800.000
829400.000
818600.000
819200.000
818400.000
840000.000
817400.000
794400.000
868800.000
833000.000
798200.000
821200.000
852400.000
820200.000
818400.000
844800.000
857000.000
862000.000
827800.000
872200.000
859200.000
882400.000
875000.000
869200.000
904000.000
887000.000
858200.000
857000.000
874800.000
892000.000
872600.000
901600.000
898800.000
887200.000
903400.000
890600.000
857200.000
910000.000
869800.000
929200.000
896800.000
900400.000
908600.000
919600.000
906800.000
908400.000
905200.000
893800.000
864200.000
884000.000
892200.000
911800.000
914600.000
895000.000
898800.000
892600.000
868000.000
886400.000
868400.000
882400.000
896200.000
912000.000
933400.000
144400.000
142000.000
148800.000
156800.000
158000.000
155600.000
161800.000
173600.000
178000.000
183400.000
177200.000
194600.000
204600.000
205200.000
216400.000
215200.000
218800.000
220200.000
230800.000
242000.000
237400.000
258600.000
258800.000
272600.000
264000.000
261600.000
279400.000
291800.000
303000.000
306400.000
316000.000
319000.000
326800.000
322600.000
318600.000
341600.000
347200.000
342600.000
347600.000
339800.000
360400.000
371400.000
363200.000
375200.000
364400.000
376600.000
363400.000
373600.000
387200.000
378400.000
379600.000
381800.000
398400.000
392200.000
407000.000
409800.000
400600.000
410800.000
424800.000
417800.000
435600.000
436200.000
446600.000
432600.000
430600.000
428800.000
441600.000
438800.000
438400.000
457600.000
445400.000
457600.000
493800.000
485200.000
495000.000
512200.000
502800.000
494200.000
512200.000
514400.000
518400.000
511000.000
536400.000
541200.000
558800.000
540600.000
552800.000
568800.000
576000.000
584200.000
595200.000
600800.000
608200.000
581400.000
589600.000
597000.000
603200.000
614000.000
619400.000
621600.000
616400.000
634800.000
651200.000
623200.000
643600.000
648400.000
642200.000
655800.000
653200.000
673600.000
678600.000
682600.000
664600.000
666600.000
700800.000
693600.000
715200.000
694800.000
707600.000
726200.000
701400.000
701200.000
712600.000
720400.000
704400.000
719800.000
702000.000
707600.000
712200.000
755200.000
746400.000
772600.000
746800.000
794000.000
803800.000
840400.000
835600.000
848800.000
851400.000
855000.000
831000.000
835800.000
839800.000
849400.000
836400.000
862400.000
857200.000
852800.000
854600.000
854200.000
857600.000
853400.000
855200.000
852200.000
841200.000
869000.000
866000.000
887600.000
886200.000
883400.000
891000.000
886600.000
898200.000
883800.000
884000.000
871600.000
908000.000
881400.000
896800.000
904400.000
919200.000
937600.000
919000.000
916800.000
898200.000
915200.000
927400.000
919600.000
920600.000
937800.000
939600.000
938000.000
925800.000
910200.000
938800.000
948200.000
922400.000
923600.000
928800.000
938400.000
939800.000
927800.000
907400.000
899400.000
913400.000
914400.000
926600.000
901000.000
943600.000
943800.000
981800.000
165200.000
167000.000
169000.000
172200.000
174400.000
168000.000
175200.000
194800.000
197200.000
207800.000
200200.000
222400.000
226200.000
216800.000
234200.000
249200.000
242000.000
258200.000
261800.000
275400.000
288200.000
284200.000
294400.000
317400.000
315000.000
318600.000
320000.000
324600.000
322400.000
319400.000
354400.000
330000.000
334200.000
351200.000
344800.000
343200.000
356200.000
366800.000
352200.000
353600.000
363200.000
361000.000
382000.000
382200.000
382800.000
394800.000
393400.000
389600.000
383800.000
393200.000
390200.000
413800.000
419600.000
414200.000
421200.000
425000.000
421600.000
419800.000
432200.000
447800.000
452800.000
444600.000
468000.000
461800.000
464800.000
464600.000
469200.000
469000.000
477800.000
475400.000
494200.000
496200.000
497400.000
507600.000
506200.000
537800.000
540400.000
527200.000
534200.000
540800.000
550600.000
530200.000
544800.000
562400.000
580600.000
580600.000
572400.000
591000.000
589800.000
608800.000
628800.000
623800.000
648800.000
633400.000
639200.000
608400.000
655400.000
621800.000
655000.000
648600.000
676200.000
660800.000
660600.000
663400.000
666400.000
684600.000
658800.000
681200.000
682200.000
695000.000
701000.000
720200.000
711200.000
707000.000
712600.000
700600.000
711600.000
731600.000
751600.000
731000.000
749200.000
731400.000
752800.000
756400.000
775800.000
709400.000
743600.000
756200.000
772800.000
742200.000
755400.000
782200.000
758200.000
797000.000
832400.000
842600.000
873800.000
845400.000
863200.000
850200.000
853200.000
841800.000
868800.000
864200.000
865200.000
857200.000
864000.000
856000.000
851000.000
877600.000
868400.000
860400.000
880600.000
860800.000
855200.000
860000.000
873400.000
869800.000
910400.000
884400.000
895000.000
887400.000
909400.000
904400.000
907800.000
915400.000
927800.000
924400.000
909000.000
950800.000
965400.000
938000.000
933600.000
944600.000
926800.000
930400.000
932600.000
903200.000
938600.000
917800.000
937400.000
946400.000
938600.000
934600.000
942400.000
932000.000
930200.000
943000.000
962200.000
950800.000
956000.000
947200.000
946200.000
928000.000
948600.000
937400.000
969200.000
937400.000
974600.000
984800.000
1029200.000
186600.000
181200.000
184800.000
183400.000
191800.000
198400.000
195200.000
217600.000
216400.000
231600.000
226200.000
241800.000
253000.000
249400.000
274400.000
271600.000
302400.000
294600.000
306200.000
315600.000
312800.000
318200.000
325400.000
328400.000
322200.000
340800.000
341400.000
326200.000
333600.000
335400.000
348600.000
339400.000
355200.000
344200.000
348400.000
349600.000
374000.000
360000.000
360800.000
358800.000
389800.000
377600.000
374000.000
402600.000
408400.000
398400.000
407200.000
415800.000
394000.000
404200.000
425600.000
429600.000
431000.000
425000.000
456000.000
439200.000
446200.000
467200.000
460200.000
477800.000
487200.000
497000.000
480600.000
494800.000
475800.000
482400.000
511600.000
497800.000
486600.000
500400.000
507000.000
517600.000
548400.000
546600.000
543800.000
556200.000
549400.000
546800.000
538000.000
556400.000
556200.000
561800.000
578200.000
583200.000
591400.000
589600.000
596600.000
616400.000
612000.000
615000.000
628800.000
668600.000
631600.000
659800.000
662800.000
626400.000
659800.000
662400.000
656000.000
670600.000
671000.000
670600.000
675000.000
682200.000
704200.000
691400.000
682800.000
694000.000
730400.000
714800.000
721400.000
726200.000
696200.000
734800.000
711400.000
734400.000
747000.000
751600.000
762800.000
780200.000
767200.000
780600.000
797600.000
763400.000
768600.000
784400.000
776800.000
756600.000
767200.000
814200.000
799600.000
771400.000
776200.000
817800.000
819200.000
877400.000
882800.000
839200.000
879800.000
839600.000
854600.000
865000.000
868400.000
874200.000
898200.000
900400.000
874000.000
883200.000
870200.000
889000.000
876800.000
879800.000
881200.000
884000.000
920200.000
909200.000
901400.000
907800.000
926800.000
925400.000
890000.000
905000.000
940400.000
917400.000
913400.000
908000.000
911000.000
939800.000
947400.000
948000.000
951000.000
945600.000
931000.000
931000.000
929200.000
934800.000
943600.000
932800.000
954800.000
943800.000
962200.000
955600.000
963400.000
966200.000
960600.000
996000.000
935200.000
981200.000
967600.000
1006200.000
984600.000
972400.000
932000.000
941200.000
931400.000
959800.000
970600.000
998400.000
986800.000
1033400.000
1023400.000
199400.000
213600.000
213600.000
214600.000
233000.000
235200.000
234400.000
253600.000
255000.000
263400.000
274800.000
288400.000
289600.000
288800.000
302000.000
315200.000
303400.000
316400.000
343200.000
359600.000
355800.000
352200.000
353000.000
352400.000
356800.000
354200.000
369600.000
349800.000
366800.000
351800.000
367600.000
366000.000
359200.000
366600.000
367400.000
380400.000
392800.000
379400.000
385000.000
380000.000
410800.000
400400.000
404400.000
405800.000
418400.000
432600.000
437200.000
420000.000
427600.000
431400.000
431600.000
439000.000
444200.000
441600.000
467000.000
450200.000
455600.000
454800.000
465400.000
492200.000
496800.000
512000.000
517200.000
511600.000
536400.000
521400.000
548800.000
512200.000
547400.000
542400.000
544400.000
559000.000
585200.000
573200.000
590000.000
596200.000
572200.000
588200.000
586400.000
576400.000
567800.000
578800.000
598000.000
610400.000
617400.000
647800.000
644600.000
636400.000
621800.000
634400.000
673400.000
674200.000
663400.000
665200.000
667000.000
672000.000
701200.000
672000.000
687400.000
696000.000
719400.000
714800.000
724800.000
722400.000
733000.000
723800.000
734600.000
742400.000
728600.000
736800.000
760800.000
746200.000
765800.000
766000.000
777800.000
777600.000
787200.000
805000.000
830600.000
811600.000
821200.000
813800.000
778000.000
779600.000
814800.000
809400.000
801600.000
824200.000
818000.000
822800.000
801800.000
819200.000
813800.000
831800.000
866600.000
873800.000
889200.000
895400.000
895600.000
869800.000
892400.000
881800.000
909400.000
902600.000
899000.000
896400.000
873200.000
915800.000
917000.000
889400.000
888800.000
907200.000
906600.000
891000.000
911600.000
907400.000
913200.000
942600.000
915000.000
948000.000
928200.000
910000.000
947400.000
904400.000
900000.000
923600.000
946600.000
941200.000
953200.000
960800.000
975800.000
953200.000
956800.000
965800.000
982200.000
942400.000
949200.000
970200.000
962200.000
959200.000
978200.000
983200.000
974400.000
974800.000
999400.000
982200.000
998800.000
972200.000
978200.000
1008000.000
984600.000
957600.000
952200.000
957600.000
946200.000
983600.000
992000.000
1014600.000
1045000.000
1054000.000
1076400.000
245000.000
239200.000
239600.000
243800.000
263400.000
272200.000
283000.000
291200.000
296400.000
307000.000
308200.000
312000.000
311000.000
323200.000
330800.000
340800.000
358400.000
361200.000
348200.000
366600.000
354400.000
374200.000
377000.000
369400.000
360200.000
379400.000
380200.000
379800.000
371600.000
394400.000
359200.000
384800.000
376800.000
362000.000
388600.000
387200.000
386200.000
414600.000
400600.000
415200.000
404800.000
432000.000
435200.000
425200.000
441400.000
438600.000
462000.000
462200.000
472000.000
459400.000
473800.000
446400.000
478200.000
478600.000
493800.000
490600.000
495800.000
496800.000
490600.000
525800.000
515000.000
523400.000
543800.000
541600.000
514200.000
554800.000
562600.000
566000.000
566400.000
560600.000
590400.000
568000.000
620600.000
624000.000
630600.000
610800.000
640000.000
604600.000
614200.000
609600.000
607200.000
633400.000
634000.000
622400.000
619800.000
653600.000
679200.000
661600.000
682600.000
668800.000
677800.000
678200.000
716600.000
699400.000
701000.000
709400.000
698800.000
696400.000
708800.000
718600.000
747000.000
739800.000
753400.000
727200.000
743000.000
762600.000
754400.000
767400.000
739800.000
771400.000
774600.000
777400.000
743400.000
775800.000
801800.000
798600.000
836200.000
799800.000
825200.000
821400.000
837600.000
838200.000
848200.000
831400.000
820800.000
820000.000
832600.000
841000.000
825000.000
831800.000
860000.000
817600.000
842800.000
852000.000
906800.000
886800.000
897000.000
891800.000
926800.000
878800.000
900800.000
865200.000
928000.000
913800.000
925400.000
905400.000
905400.000
937000.000
880000.000
908200.000
888800.000
908200.000
906400.000
936200.000
921400.000
935800.000
941400.000
966400.000
927600.000
931800.000
960000.000
927200.000
959800.000
955800.000
951800.000
949200.000
945600.000
955000.000
962200.000
953600.000
961200.000
947800.000
960600.000
954400.000
970800.000
980200.000
959200.000
957000.000
970600.000
984600.000
984000.000
1009400.000
1017400.000
1011400.000
990800.000
982400.000
988800.000
996600.000
995000.000
981000.000
953800.000
960600.000
978600.000
980600.000
975000.000
973000.000
988000.000
1011800.000
1024200.000
1075400.000
1079400.000
249400.000
267800.000
264000.000
278000.000
284800.000
279200.000
297600.000
318000.000
316000.000
330600.000
331600.000
335400.000
333400.000
346200.000
350800.000
354400.000
358000.000
370800.000
364000.000
349600.000
366400.000
375800.000
372600.000
382400.000
376200.000
367800.000
385600.000
379400.000
385800.000
382000.000
390400.000
392200.000
387400.000
413400.000
397000.000
401000.000
414600.000
416600.000
421200.000
427400.000
430400.000
442000.000
435000.000
446800.000
451200.000
456800.000
447200.000
476400.000
478600.000
453000.000
467600.000
490600.000
486400.000
489600.000
500600.000
506800.000
507800.000
525400.000
520000.000
554400.000
545800.000
561600.000
559600.000
543400.000
561200.000
569200.000
586800.000
584800.000
592400.000
593600.000
590200.000
587400.000
625000.000
636000.000
633400.000
643000.000
627400.000
628200.000
636600.000
629600.000
646200.000
644200.000
668600.000
653000.000
689600.000
682000.000
686400.000
681600.000
685000.000
660800.000
677200.000
678200.000
699200.000
698600.000
703200.000
713400.000
717600.000
720200.000
722800.000
728800.000
747600.000
741000.000
748600.000
745600.000
733200.000
759000.000
779200.000
758600.000
777000.000
753400.000
788200.000
776000.000
813600.000
817200.000
809400.000
828600.000
830600.000
837200.000
855800.000
833800.000
856200.000
864000.000
848600.000
851600.000
838400.000
859200.000
851800.000
833800.000
855600.000
868800.000
856400.000
868000.000
881600.000
869200.000
894600.000
906200.000
926600.000
938600.000
910800.000
909400.000
910400.000
915000.000
925000.000
935000.000
919800.000
918600.000
941800.000
913800.000
877800.000
927800.000
916800.000
912000.000
897000.000
920000.000
947800.000
979000.000
936600.000
960200.000
966600.000
953600.000
963400.000
973800.000
948600.000
963000.000
949800.000
956200.000
973800.000
955200.000
985800.000
996800.000
1005400.000
992800.000
951800.000
984800.000
954400.000
957800.000
980200.000
973800.000
975800.000
1000600.000
995600.000
1016000.000
1003200.000
993600.000
967800.000
976400.000
989400.000
938400.000
972600.000
963600.000
959800.000
978800.000
979800.000
941600.000
972400.000
981400.000
1000400.000
1025400.000
1072000.000
1063000.000
1071400.000
284200.000
314000.000
300000.000
323200.000
320800.000
326600.000
328600.000
332200.000
347000.000
360400.000
337000.000
362600.000
358400.000
359600.000
363800.000
357000.000
385600.000
361200.000
371600.000
382800.000
387000.000
385000.000
404600.000
388000.000
384400.000
378800.000
393600.000
406800.000
396200.000
412200.000
408800.000
416600.000
418800.000
406000.000
418200.000
430200.000
431200.000
444600.000
441400.000
457400.000
451600.000
472400.000
473400.000
465200.000
484800.000
488200.000
469200.000
491000.000
486400.000
489400.000
488600.000
504800.000
509800.000
518600.000
541800.000
533400.000
519200.000
539200.000
559200.000
595400.000
580600.000
586400.000
595000.000
582600.000
594400.000
582400.000
604400.000
611400.000
608200.000
630800.000
639000.000
662800.000
664800.000
671200.000
689400.000
694000.000
689800.000
683600.000
671400.000
673800.000
675200.000
666400.000
674200.000
702000.000
717400.000
697800.000
698000.000
688400.000
727400.000
716600.000
718800.000
727800.000
743400.000
755400.000
764000.000
767600.000
772800.000
761000.000
789600.000
754000.000
785000.000
781000.000
767400.000
765800.000
780600.000
791000.000
826600.000
794800.000
776800.000
778200.000
803800.000
815200.000
828600.000
833200.000
848200.000
856200.000
863800.000
893000.000
907000.000
912200.000
890800.000
909200.000
896400.000
907000.000
873400.000
871000.000
881000.000
903800.000
884000.000
883600.000
878000.000
872800.000
896600.000
904200.000
920600.000
944000.000
935600.000
950000.000
927800.000
925600.000
918800.000
939200.000
958200.000
964000.000
944400.000
905800.000
932000.000
959200.000
936400.000
938400.000
916600.000
916200.000
930000.000
930200.000
942200.000
974200.000
950200.000
973800.000
966200.000
987800.000
981400.000
980400.000
971400.000
948000.000
957200.000
944400.000
982600.000
930600.000
981200.000
997000.000
973600.000
973800.000
968000.000
979800.000
955000.000
956400.000
1000400.000
963600.000
1009200.000
969600.000
1004400.000
990400.000
982600.000
982200.000
965600.000
961200.000
1005400.000
969000.000
959000.000
970800.000
935200.000
961800.000
949200.000
952200.000
983000.000
962800.000
1008600.000
1057200.000
1043800.000
1051400.000
1063600.000
310800.000
327400.000
317400.000
340800.000
349000.000
351400.000
365400.000
363000.000
367400.000
340200.000
352400.000
372000.000
368000.000
376800.000
364400.000
393800.000
394600.000
386600.000
408400.000
389200.000
390200.000
391400.000
413000.000
410000.000
403200.000
425000.000
414000.000
416800.000
428400.000
437600.000
432400.000
423000.000
440200.000
444200.000
461800.000
452200.000
444400.000
452600.000
470600.000
473600.000
481800.000
489400.000
508400.000
499200.000
520000.000
510600.000
519800.000
522400.000
526000.000
499800.000
532600.000
540200.000
529600.000
546000.000
552800.000
569600.000
584200.000
563600.000
578000.000
599600.000
613600.000
615600.000
614600.000
609400.000
622200.000
636800.000
632400.000
625600.000
625400.000
653000.000
644800.000
661400.000
672400.000
692200.000
711600.000
703600.000
709200.000
720200.000
717800.000
708000.000
736000.000
709800.000
730000.000
728800.000
750200.000
724000.000
712200.000
728200.000
735600.000
754000.000
728400.000
769600.000
769000.000
770200.000
771000.000
784600.000
756200.000
797200.000
790000.000
776800.000
795000.000
792600.000
782800.000
781800.000
789400.000
796800.000
803400.000
806000.000
791400.000
799200.000
811200.000
834000.000
842000.000
824800.000
871600.000
890800.000
874800.000
902000.000
896600.000
907400.000
910800.000
895200.000
916800.000
916200.000
906800.000
900000.000
894400.000
911000.000
934600.000
884600.000
926400.000
893000.000
916000.000
918200.000
906600.000
925400.000
921800.000
925000.000
927600.000
944600.000
930800.000
961400.000
966800.000
969400.000
951200.000
966400.000
939200.000
952600.000
942600.000
934600.000
963600.000
938200.000
928000.000
941000.000
970800.000
968800.000
997600.000
977400.000
985000.000
1004800.000
982000.000
1006200.000
951200.000
975800.000
961200.000
960000.000
955600.000
966000.000
991200.000
971600.000
1007600.000
987600.000
986400.000
973400.000
967000.000
994000.000
986400.000
971800.000
991200.000
1041400.000
1015600.000
984400.000
971400.000
1008400.000
991800.000
953000.000
967000.000
990000.000
960400.000
952400.000
973000.000
978800.000
938600.000
955000.000
996800.000
975400.000
1014600.000
1024400.000
1034000.000
1080600.000
1068400.000
339200.000
338000.000
344800.000
341200.000
363000.000
347400.000
357000.000
371600.000
377200.000
362600.000
374800.000
386400.000
382000.000
390200.000
407000.000
412000.000
418600.000
406400.000
419800.000
406200.000
407400.000
420800.000
417600.000
421800.000
433600.000
435800.000
442000.000
452400.000
447200.000
450600.000
481000.000
459000.000
464600.000
464600.000
459600.000
471400.000
476000.000
487600.000
485400.000
499400.000
510400.000
530800.000
516200.000
524000.000
519000.000
529600.000
527800.000
543400.000
564800.000
546800.000
564600.000
568200.000
559200.000
581400.000
579800.000
589200.000
580600.000
611200.000
628400.000
620600.000
651800.000
644000.000
640200.000
680200.000
644600.000
648600.000
652000.000
670000.000
681800.000
667400.000
705600.000
703800.000
719400.000
759000.000
722400.000
742400.000
725800.000
724400.000
759600.000
753000.000
745600.000
776200.000
753600.000
754000.000
771400.000
758400.000
779600.000
778400.000
768000.000
761000.000
807000.000
792400.000
797400.000
819200.000
784000.000
800800.000
810000.000
790600.000
805200.000
802200.000
837000.000
804400.000
811400.000
856000.000
852000.000
863200.000
812400.000
849200.000
823800.000
859600.000
848200.000
884000.000
870000.000
924600.000
909200.000
902200.000
923200.000
958400.000
951400.000
975200.000
964400.000
941800.000
934400.000
930600.000
953400.000
930200.000
922200.000
922600.000
936200.000
951600.000
945600.000
946600.000
967200.000
956400.000
944200.000
946000.000
960600.000
927000.000
947200.000
968800.000
969200.000
968400.000
997800.000
987800.000
981600.000
962200.000
980800.000
980800.000
942200.000
958200.000
932000.000
949000.000
965800.000
965200.000
978000.000
961800.000
985200.000
978400.000
1018200.000
1009000.000
1011400.000
1007200.000
979000.000
969600.000
983600.000
938600.000
974400.000
969600.000
987600.000
993200.000
993400.000
1003200.000
1005400.000
1007600.000
991400.000
996400.000
1005600.000
1000800.000
1031800.000
1017000.000
1023400.000
1009400.000
999400.000
980200.000
978400.000
998400.000
963000.000
960600.000
946200.000
954000.000
923600.000
935400.000
977000.000
942800.000
959000.000
984400.000
1017200.000
1044400.000
1030600.000
1022200.000
1041800.000
344600.000
354000.000
355600.000
391000.000
362400.000
361400.000
369600.000
375200.000
380600.000
388400.000
386200.000
401000.000
394000.000
396800.000
414000.000
416800.000
426200.000
430400.000
422800.000
422200.000
429000.000
430000.000
429600.000
443800.000
443800.000
452200.000
459800.000
466800.000
447200.000
463200.000
476200.000
472400.000
476000.000
465800.000
493800.000
469600.000
510200.000
498600.000
513800.000
510600.000
536400.000
529400.000
552800.000
566400.000
557400.000
547000.000
559200.000
559600.000
556800.000
599000.000
589000.000
573600.000
602200.000
594800.000
612400.000
596000.000
628200.000
617600.000
636600.000
665400.000
665000.000
645800.000
651400.000
669400.000
675200.000
665400.000
665800.000
650600.000
671800.000
685000.000
703800.000
707200.000
715800.000
773800.000
753000.000
733600.000
756800.000
744800.000
742200.000
746400.000
745800.000
792200.000
751800.000
770400.000
788000.000
784400.000
786600.000
791000.000
783800.000
809200.000
782000.000
808000.000
812800.000
816200.000
815200.000
827600.000
826400.000
816000.000
787000.000
821600.000
813200.000
806400.000
825200.000
808400.000
838400.000
844800.000
837400.000
816400.000
851600.000
801200.000
836400.000
870800.000
902400.000
897000.000
898200.000
932200.000
941000.000
937800.000
967600.000
945000.000
976600.000
956200.000
958200.000
907000.000
940200.000
929400.000
912400.000
946800.000
919600.000
954800.000
930200.000
942400.000
954600.000
947600.000
935800.000
938200.000
934800.000
949400.000
952000.000
944000.000
963800.000
996600.000
980400.000
981000.000
980000.000
992000.000
973600.000
959600.000
981600.000
992600.000
915200.000
992000.000
984200.000
966200.000
994200.000
989600.000
993400.000
1015800.000
975800.000
1038200.000
1049600.000
994600.000
980600.000
984000.000
969600.000
957000.000
994400.000
963400.000
979000.000
987200.000
989800.000
981000.000
995000.000
1001400.000
978800.000
978600.000
1019600.000
996000.000
991000.000
1027000.000
1012600.000
1024000.000
1011000.000
973200.000
972800.000
1001400.000
968000.000
947200.000
955600.000
936200.000
924800.000
913600.000
928400.000
950000.000
945000.000
949200.000
1002200.000
1013600.000
1018400.000
1007000.000
1006800.000
358400.000
352400.000
385600.000
358200.000
377600.000
376200.000
374200.000
387800.000
380200.000
412200.000
387400.000
425400.000
417200.000
431600.000
426200.000
442600.000
454200.000
453200.000
428200.000
436400.000
438000.000
442600.000
445000.000
465400.000
446000.000
490600.000
478400.000
478000.000
483400.000
491000.000
498000.000
492800.000
511600.000
509400.000
490800.000
489600.000
513600.000
522200.000
533200.000
531200.000
554800.000
552800.000
550200.000
567000.000
559600.000
574800.000
575200.000
564000.000
575800.000
592600.000
576400.000
606200.000
621400.000
628200.000
618000.000
633000.000
629000.000
640800.000
663400.000
674600.000
666800.000
665400.000
685000.000
665600.000
679000.000
680000.000
693400.000
679600.000
681400.000
675800.000
707800.000
710000.000
723800.000
751400.000
771200.000
751200.000
762000.000
767600.000
752800.000
792800.000
787400.000
797800.000
805200.000
788600.000
779200.000
824800.000
791200.000
825800.000
798600.000
800400.000
813000.000
834800.000
839600.000
839600.000
808400.000
806000.000
841800.000
819200.000
803000.000
824200.000
823400.000
821400.000
847200.000
843600.000
846000.000
866200.000
841200.000
858600.000
864000.000
859600.000
873000.000
888400.000
892000.000
916600.000
922600.000
938000.000
924200.000
956000.000
942600.000
952800.000
952800.000
951000.000
918000.000
927800.000
937800.000
901000.000
934200.000
945000.000
938200.000
948600.000
974000.000
935400.000
964000.000
938800.000
970200.000
944000.000
950400.000
946200.000
967600.000
970200.000
976800.000
1005000.000
978600.000
1013400.000
992200.000
988600.000
976600.000
975000.000
987800.000
980400.000
955400.000
960200.000
989800.000
986800.000
1001800.000
992400.000
986000.000
998800.000
1047800.000
1000800.000
982800.000
984400.000
995000.000
956800.000
970600.000
979800.000
993600.000
971800.000
993600.000
1023800.000
1013400.000
1019200.000
989800.000
1009000.000
1008000.000
1001200.000
1001800.000
1016600.000
1030000.000
1028800.000
1040200.000
1027600.000
1018200.000
987600.000
985800.000
998800.000
970200.000
958000.000
963600.000
937800.000
950600.000
936400.000
955200.000
937800.000
961400.000
988600.000
1029200.000
1005200.000
1031800.000
1011800.000
1010000.000
368800.000
380800.000
384400.000
372400.000
393200.000
393000.000
399200.000
418600.000
397200.000
421400.000
426000.000
438600.000
443800.000
450200.000
460800.000
465400.000
459600.000
471000.000
466200.000
451000.000
459400.000
474400.000
484000.000
464400.000
478400.000
498800.000
480000.000
505600.000
502800.000
494000.000
510800.000
533000.000
540600.000
537000.000
522000.000
525800.000
543000.000
562000.000
561400.000
582400.000
572200.000
585400.000
593000.000
592200.000
603800.000
606400.000
592800.000
596400.000
610600.000
612000.000
624200.000
625000.000
633400.000
649000.000
652400.000
647800.000
657600.000
666800.000
671600.000
698400.000
712000.000
669400.000
709400.000
707400.000
691200.000
688000.000
712000.000
720600.000
699600.000
716800.000
723000.000
703600.000
745200.000
750600.000
782800.000
778200.000
787600.000
778400.000
778200.000
788200.000
792400.000
814000.000
799600.000
813000.000
793600.000
801600.000
817000.000
816000.000
823200.000
830800.000
840400.000
851400.000
850800.000
838200.000
850200.000
833000.000
830600.000
850600.000
836000.000
836000.000
859200.000
864400.000
856000.000
859800.000
873800.000
880600.000
868000.000
869200.000
881400.000
887000.000
890400.000
901400.000
914200.000
920400.000
910200.000
942800.000
942600.000
950200.000
944800.000
981800.000
962600.000
932200.000
944400.000
948200.000
934400.000
929400.000
934000.000
931800.000
953200.000
994200.000
1010000.000
964400.000
966600.000
957400.000
937000.000
954600.000
941000.000
961000.000
948800.000
970400.000
967600.000
1003200.000
1006400.000
990200.000
996800.000
996800.000
1001400.000
956800.000
953600.000
959600.000
949000.000
987200.000
976200.000
976200.000
977000.000
1002200.000
1004800.000
993000.000
995000.000
1021400.000
997000.000
1010000.000
984200.000
978000.000
945600.000
991400.000
982400.000
986600.000
980800.000
992800.000
972600.000
1000800.000
1013200.000
998600.000
993800.000
1003200.000
968800.000
994000.000
1030200.000
1030000.000
1046400.000
1000800.000
1007600.000
1000200.000
1001200.000
992000.000
983000.000
971400.000
936000.000
956400.000
993000.000
969000.000
953800.000
961400.000
971000.000
972600.000
1011200.000
993600.000
1014800.000
1009800.000
1034000.000
386200.000
395600.000
405200.000
421400.000
407000.000
419400.000
413400.000
430400.000
423000.000
446200.000
462600.000
455800.000
451800.000
482800.000
500800.000
496400.000
481000.000
484400.000
465000.000
475000.000
508000.000
510000.000
499400.000
509000.000
519600.000
530800.000
507200.000
526600.000
546800.000
536000.000
550400.000
544400.000
574000.000
565800.000
553400.000
563800.000
570600.000
580400.000
593800.000
602800.000
593800.000
603000.000
601600.000
619200.000
638400.000
611600.000
640800.000
624200.000
637600.000
660800.000
680000.000
651800.000
673800.000
675200.000
689400.000
687600.000
697800.000
705800.000
714800.000
711200.000
712000.000
723200.000
704000.000
709000.000
742200.000
717200.000
730400.000
723800.000
753200.000
745400.000
755800.000
746800.000
772200.000
767200.000
795200.000
803000.000
802800.000
805200.000
838200.000
817200.000
833200.000
812200.000
833600.000
830400.000
818000.000
830400.000
845600.000
854400.000
858400.000
863200.000
884600.000
861200.000
860400.000
888000.000
884600.000
828800.000
842200.000
841400.000
848000.000
860200.000
891200.000
863400.000
854400.000
880600.000
889400.000
901400.000
897600.000
904800.000
882200.000
925200.000
910200.000
947200.000
947000.000
940000.000
954600.000
946200.000
958600.000
968400.000
974200.000
979800.000
960400.000
989200.000
961800.000
964800.000
949400.000
971200.000
965800.000
970000.000
990400.000
1019200.000
1008000.000
1012200.000
998400.000
959800.000
1010200.000
959600.000
973600.000
982600.000
987400.000
1019000.000
1011600.000
990800.000
1029000.000
1038800.000
1039200.000
1005200.000
984600.000
1001000.000
973000.000
989000.000
996800.000
997800.000
1012200.000
1003000.000
1034400.000
1027800.000
1025800.000
1013400.000
1023800.000
1029200.000
1046200.000
1030200.000
1016200.000
992000.000
984400.000
994800.000
1025800.000
997200.000
1015200.000
991000.000
1009600.000
1018200.000
1000000.000
1012600.000
1032000.000
1011400.000
986600.000
1038000.000
1061600.000
1038800.000
994000.000
1018000.000
1012400.000
1024200.000
1019600.000
1019000.000
1014800.000
979000.000
974200.000
987000.000
978600.000
981800.000
982400.000
987400.000
962800.000
999400.000
988800.000
996000.000
1028600.000
1020600.000
1033000.000
414600.000
420000.000
426000.000
419000.000
424400.000
444800.000
428000.000
441600.000
446200.000
454200.000
451400.000
471000.000
466600.000
501000.000
503000.000
503800.000
477800.000
493000.000
512200.000
496800.000
492800.000
510200.000
520800.000
536800.000
540800.000
555000.000
543800.000
546800.000
560800.000
571000.000
559800.000
589400.000
592600.000
572800.000
560800.000
580400.000
590600.000
570600.000
604400.000
619200.000
636200.000
622200.000
648400.000
658000.000
629200.000
673000.000
657000.000
641000.000
661800.000
683000.000
667200.000
701200.000
703600.000
699200.000
717000.000
709000.000
707600.000
716600.000
729400.000
733000.000
715800.000
714000.000
735200.000
739000.000
747400.000
735000.000
757000.000
763600.000
739600.000
742400.000
766200.000
752600.000
769800.000
771000.000
796400.000
812800.000
805000.000
806200.000
842200.000
836600.000
836200.000
841200.000
835000.000
828200.000
845600.000
834800.000
844600.000
854000.000
873400.000
860800.000
882800.000
874600.000
890200.000
878200.000
879000.000
887400.000
898800.000
861400.000
865000.000
873200.000
877800.000
867400.000
912000.000
891600.000
907200.000
905800.000
909800.000
914000.000
898400.000
922600.000
915000.000
936000.000
933200.000
948600.000
960200.000
956400.000
959400.000
982200.000
956600.000
983400.000
959400.000
971200.000
956600.000
963200.000
953800.000
973400.000
958400.000
973800.000
982400.000
1036000.000
996000.000
984400.000
1016400.000
975400.000
974000.000
939000.000
977800.000
967600.000
979400.000
982600.000
1022400.000
1009800.000
1018400.000
1016600.000
1019000.000
1037400.000
1013600.000
1006600.000
1009600.000
987000.000
999600.000
1005600.000
982200.000
1014000.000
1003400.000
1026000.000
1018800.000
1012200.000
1021600.000
1049600.000
1042600.000
1028400.000
1004000.000
1026200.000
995800.000
1012800.000
1007200.000
1008200.000
1001400.000
989000.000
1012400.000
1015000.000
1038800.000
1033400.000
1004200.000
1000400.000
1011000.000
979000.000
1028800.000
1026000.000
1046200.000
1015800.000
1019600.000
998000.000
1034800.000
1014200.000
1024800.000
1016200.000
996600.000
1007400.000
1010200.000
988400.000
1017600.000
993600.000
987800.000
1021800.000
1014000.000
1016400.000
1034200.000
1045000.000
1051200.000
441400.000
450600.000
449000.000
453600.000
468400.000
446600.000
455800.000
470200.000
489000.000
488400.000
486200.000
500200.000
492200.000
518400.000
501600.000
512800.000
523400.000
535600.000
528600.000
529000.000
522600.000
537800.000
541000.000
556000.000
592800.000
579400.000
571000.000
579600.000
587400.000
600800.000
582800.000
619000.000
607600.000
615600.000
621000.000
616000.000
629600.000
645200.000
642000.000
658800.000
660200.000
678800.000
666600.000
670600.000
688600.000
669400.000
689600.000
684600.000
695800.000
705400.000
697400.000
720800.000
723600.000
735400.000
713200.000
719800.000
744400.000
752600.000
762000.000
769400.000
758800.000
744800.000
764200.000
772000.000
767800.000
798600.000
768600.000
787000.000
754800.000
763200.000
787400.000
802200.000
796800.000
810800.000
835600.000
839800.000
840400.000
831400.000
848600.000
855800.000
868400.000
838200.000
838800.000
848800.000
856800.000
863200.000
853400.000
873000.000
906600.000
921200.000
902000.000
934000.000
897800.000
927200.000
900400.000
902400.000
873800.000
885600.000
926200.000
904800.000
937400.000
937400.000
921200.000
922800.000
932000.000
976800.000
949000.000
943600.000
940000.000
941000.000
938800.000
950800.000
999800.000
989000.000
983200.000
974600.000
979600.000
986800.000
1017600.000
975000.000
988800.000
991600.000
962800.000
954800.000
1005200.000
965000.000
954800.000
988400.000
1001800.000
1035000.000
1026800.000
1016200.000
1005600.000
992200.000
977800.000
995600.000
975000.000
989400.000
1022600.000
1013800.000
1032800.000
1036600.000
1039200.000
1048600.000
1048200.000
1060800.000
1033000.000
1014200.000
1024000.000
1034400.000
1015000.000
998000.000
1009000.000
1006200.000
1017200.000
1011600.000
1050000.000
1040800.000
1062200.000
1046000.000
1038000.000
1044200.000
1049800.000
1009600.000
1013000.000
1000800.000
1037000.000
1022200.000
1015000.000
1042600.000
1042200.000
1042200.000
1017400.000
1002000.000
1017800.000
1035200.000
1053400.000
1013000.000
1042000.000
1033400.000
1027400.000
1038600.000
1034200.000
1025000.000
1031800.000
1018800.000
1010800.000
1019400.000
1023800.000
1030800.000
1008400.000
1022400.000
1002000.000
1002600.000
1023200.000
1026200.000
1025000.000
1037600.000
1031800.000
1063200.000
1053600.000
474400.000
469000.000
469200.000
469600.000
475800.000
478000.000
492800.000
498000.000
513800.000
490600.000
534800.000
530200.000
540400.000
540800.000
532400.000
533400.000
549800.000
552200.000
539400.000
538000.000
564400.000
558600.000
577200.000
569400.000
588600.000
595000.000
595800.000
611800.000
623600.000
610000.000
625000.000
647600.000
653800.000
634400.000
614600.000
637000.000
656200.000
664600.000
646800.000
696400.000
687000.000
677200.000
707800.000
706200.000
692800.000
702600.000
717000.000
720200.000
723000.000
734200.000
748000.000
735600.000
753800.000
743200.000
766400.000
775200.000
762200.000
794400.000
792800.000
781000.000
768200.000
794200.000
814600.000
788800.000
789600.000
814000.000
806200.000
803600.000
782200.000
798400.000
803000.000
814000.000
821000.000
825800.000
844000.000
886600.000
867000.000
848400.000
858600.000
864200.000
870800.000
872400.000
875000.000
871000.000
887200.000
914600.000
909000.000
908600.000
919600.000
924200.000
939800.000
951800.000
941400.000
931400.000
903400.000
911400.000
914600.000
903400.000
917800.000
932800.000
938200.000
952600.000
935200.000
931600.000
947400.000
938400.000
942400.000
938600.000
918600.000
966000.000
943800.000
952200.000
967400.000
954400.000
960800.000
963400.000
985200.000
994400.000
995000.000
998400.000
963600.000
997400.000
994200.000
968000.000
963000.000
963800.000
974400.000
993800.000
1002800.000
1033000.000
1029400.000
1032400.000
1020600.000
993200.000
965200.000
960000.000
989600.000
983000.000
989000.000
985800.000
1044200.000
1035600.000
1052600.000
1059400.000
1055400.000
1036200.000
1029200.000
995000.000
1018400.000
989200.000
1008200.000
1012000.000
1013600.000
987800.000
1043000.000
1009200.000
1015600.000
1039600.000
1029600.000
1046800.000
1053600.000
1027800.000
1024400.000
1006600.000
1024600.000
1044000.000
1021000.000
1026800.000
1020600.000
1029200.000
1042600.000
1016800.000
1032800.000
1015200.000
1021000.000
1002200.000
1001200.000
998200.000
1030400.000
1015600.000
998400.000
1010200.000
1030800.000
1053600.000
1015800.000
1006400.000
1001200.000
1016000.000
1006800.000
1032600.000
1010000.000
1024600.000
1009400.000
1034200.000
1049400.000
1012200.000
1027800.000
1042400.000
1037800.000
1050000.000
1037400.000
499800.000
491000.000
499200.000
499000.000
494800.000
509000.000
506400.000
508600.000
524000.000
522000.000
556200.000
555400.000
573600.000
549600.000
580000.000
574600.000
579000.000
573800.000
580200.000
592400.000
603800.000
597000.000
613400.000
628600.000
617600.000
642200.000
623600.000
632400.000
654400.000
667600.000
648200.000
662400.000
668600.000
683000.000
668600.000
670600.000
687400.000
686600.000
709400.000
708600.000
730800.000
732000.000
742800.000
710000.000
723400.000
729000.000
733400.000
736400.000
749400.000
735600.000
754800.000
746000.000
761800.000
760600.000
757400.000
779400.000
772000.000
789200.000
800400.000
806400.000
820200.000
851200.000
819200.000
811800.000
822800.000
833000.000
817200.000
824000.000
823200.000
824400.000
807600.000
825200.000
812600.000
848200.000
875600.000
872600.000
896400.000
896200.000
897000.000
875600.000
910200.000
889600.000
883400.000
906400.000
933000.000
922200.000
937000.000
937800.000
930800.000
959200.000
932200.000
984400.000
950800.000
970000.000
945600.000
935200.000
934400.000
925800.000
945800.000
967200.000
967000.000
976800.000
999800.000
994600.000
1001200.000
961400.000
949400.000
962400.000
970200.000
939800.000
984600.000
995200.000
1001800.000
979000.000
990200.000
1009200.000
997600.000
1036000.000
1014000.000
1032000.000
1026800.000
976800.000
992200.000
996200.000
974600.000
1010000.000
993000.000
1043200.000
1061400.000
1035600.000
1033600.000
1034200.000
1020200.000
1015400.000
998600.000
1001600.000
1012600.000
1016600.000
982200.000
1023600.000
1036600.000
1038600.000
1065200.000
1046800.000
1059000.000
1035600.000
1053000.000
1033600.000
1001200.000
1036800.000
1010800.000
1018000.000
1037400.000
1011400.000
1015800.000
1046600.000
1044200.000
1036400.000
1063200.000
1056000.000
1053200.000
1032800.000
1027800.000
1026200.000
1042000.000
1025400.000
1038400.000
1046600.000
1056200.000
1023800.000
1014000.000
1052600.000
1022600.000
1027600.000
1017800.000
999200.000
992600.000
1023800.000
1001800.000
1044200.000
1000400.000
993600.000
1026200.000
1039600.000
998200.000
1023800.000
1007400.000
1014800.000
1054600.000
1049800.000
1029200.000
1036800.000
1005400.000
1028200.000
985600.000
1052000.000
1032200.000
1049000.000
1053000.000
1036000.000
1029400.000
499000.000
499000.000
528000.000
519000.000
547800.000
514600.000
532600.000
537000.000
544600.000
554800.000
575800.000
572600.000
582200.000
576600.000
573800.000
569200.000
586600.000
582600.000
613000.000
589000.000
628200.000
621200.000
598400.000
635800.000
646200.000
635400.000
659400.000
633400.000
656000.000
650200.000
681000.000
667600.000
680400.000
682800.000
661800.000
661000.000
707600.000
703800.000
701400.000
690600.000
707600.000
721000.000
732800.000
727400.000
749600.000
716200.000
723600.000
731200.000
738200.000
756000.000
730400.000
769600.000
758000.000
788200.000
794800.000
795400.000
800000.000
816400.000
814600.000
806000.000
816200.000
824200.000
823800.000
836600.000
836000.000
840400.000
838000.000
858400.000
838800.000
830200.000
838400.000
822600.000
852200.000
878200.000
873800.000
894800.000
896600.000
879800.000
900400.000
929800.000
918800.000
914200.000
918200.000
906800.000
901000.000
927600.000
920800.000
971600.000
967200.000
963800.000
961000.000
967600.000
935400.000
950800.000
947400.000
919800.000
939600.000
930600.000
959000.000
972800.000
981400.000
990600.000
974200.000
984400.000
978000.000
993200.000
945600.000
965800.000
954800.000
974600.000
949000.000
963600.000
978600.000
976200.000
1004600.000
992400.000
1015600.000
1012800.000
1004400.000
977200.000
1003600.000
970600.000
1016000.000
974200.000
1011200.000
1016200.000
1000400.000
1049200.000
1016800.000
1011800.000
1030200.000
1034400.000
989000.000
1015000.000
1009800.000
991600.000
1020400.000
1015000.000
998600.000
1029800.000
1040000.000
1061000.000
1031200.000
1074000.000
1070800.000
1036800.000
1027800.000
1047000.000
1020800.000
987200.000
1016400.000
1038000.000
1026800.000
1027400.000
1045800.000
1049800.000
1047200.000
1065600.000
1080000.000
1100800.000
1061400.000
1076000.000
1074400.000
1046200.000
1063800.000
1070800.000
1047000.000
1049400.000
1049600.000
1039800.000
1072400.000
1052600.000
1038600.000
1022200.000
1040600.000
1018200.000
1041800.000
1025600.000
1006000.000
1037400.000
1034800.000
1037400.000
1049400.000
1044400.000
1041800.000
1040200.000
1036400.000
1035800.000
1049200.000
1055200.000
1062000.000
1069400.000
1054200.000
1050800.000
1058800.000
1074200.000
1049000.000
1047000.000
1052200.000
1055400.000
1061800.000
531400.000
533400.000
531600.000
549200.000
555400.000
532400.000
574200.000
561800.000
589200.000
579600.000
580000.000
603600.000
607000.000
595400.000
615000.000
619000.000
613600.000
620200.000
643600.000
631200.000
646400.000
679200.000
658400.000
679000.000
670400.000
689000.000
695000.000
683800.000
701200.000
704400.000
691200.000
684000.000
681400.000
715600.000
703000.000
717400.000
714400.000
734800.000
733000.000
748000.000
738400.000
740000.000
739400.000
732600.000
729000.000
739000.000
773600.000
789600.000
778800.000
769000.000
776200.000
778400.000
782000.000
781400.000
782200.000
805600.000
835400.000
818400.000
840400.000
865800.000
844800.000
823800.000
861200.000
832800.000
847400.000
835400.000
873600.000
844000.000
822600.000
837000.000
842800.000
839600.000
862600.000
859000.000
890600.000
882800.000
891000.000
881000.000
904400.000
912000.000
921800.000
931200.000
950200.000
927400.000
925600.000
938400.000
941800.000
983000.000
991000.000
1009400.000
997400.000
992000.000
968400.000
953600.000
950800.000
976600.000
995800.000
987000.000
993400.000
1012800.000
1016400.000
1014000.000
1032600.000
1016200.000
1023400.000
1000200.000
992200.000
950000.000
997800.000
981600.000
993200.000
1028000.000
1008400.000
1010800.000
1013000.000
1044400.000
1026600.000
1037000.000
1024400.000
1049000.000
1043600.000
1058200.000
1016800.000
1023200.000
1045000.000
1046800.000
1058200.000
1082400.000
1067200.000
1066200.000
1043600.000
1052400.000
1030400.000
1042000.000
1038400.000
1055800.000
1002800.000
1041200.000
1056000.000
1056000.000
1087200.000
1077200.000
1069600.000
1073800.000
1096400.000
1060800.000
1067800.000
1045000.000
1028200.000
1055200.000
1030600.000
1037200.000
1053400.000
1060600.000
1040200.000
1052000.000
1078200.000
1078400.000
1069200.000
1086000.000
1057600.000
1065200.000
1078200.000
1070600.000
1105800.000
1082600.000
1099400.000
1073800.000
1074400.000
1062200.000
1063800.000
1062800.000
1040000.000
1056000.000
1029600.000
1015200.000
1020600.000
1042000.000
1044000.000
1055600.000
1050600.000
1067800.000
1049400.000
1040200.000
1008000.000
1008000.000
1047000.000
1071000.000
1042600.000
1055400.000
1053800.000
1055800.000
1062800.000
1034800.000
1060600.000
1076800.000
1041600.000
1053000.000
1071600.000
1075800.000
1053800.000
535000.000
571400.000
570200.000
563400.000
590600.000
579200.000
582400.000
600000.000
605200.000
595000.000
605400.000
613800.000
631200.000
623000.000
621800.000
621000.000
617200.000
635600.000
632800.000
648200.000
690200.000
670800.000
651000.000
694400.000
679400.000
691800.000
697600.000
686000.000
706400.000
702400.000
707800.000
717800.000
718800.000
730400.000
723400.000
735400.000
746400.000
731800.000
751600.000
745400.000
744800.000
754000.000
751000.000
743600.000
748200.000
777200.000
799200.000
778800.000
794600.000
759200.000
805800.000
803600.000
824400.000
788000.000
810800.000
808000.000
819800.000
837800.000
839800.000
850600.000
874200.000
879800.000
888800.000
872600.000
887200.000
882000.000
878600.000
883800.000
857000.000
860000.000
873800.000
885600.000
903200.000
911000.000
907800.000
912200.000
896400.000
899800.000
920000.000
915600.000
941000.000
933400.000
941800.000
932000.000
964800.000
946400.000
971000.000
967000.000
1000800.000
996000.000
987000.000
990200.000
981600.000
964800.000
931000.000
953800.000
982200.000
981200.000
992000.000
1026400.000
1008200.000
1013000.000
984000.000
1020400.000
997400.000
987400.000
981400.000
980800.000
976000.000
984800.000
991200.000
970200.000
965800.000
986800.000
1012600.000
1006000.000
999600.000
1006800.000
1029800.000
1049000.000
1031400.000
1020600.000
1029000.000
1023600.000
1035600.000
1018200.000
1058200.000
1027000.000
1053600.000
1024800.000
1027000.000
1030600.000
1009800.000
1021000.000
1014000.000
1009000.000
1050000.000
1020000.000
1053400.000
1051000.000
1064200.000
1062200.000
1067800.000
1090800.000
1104600.000
1070600.000
1047600.000
1044200.000
1000600.000
1028400.000
1053200.000
1035200.000
1043400.000
1021000.000
1034000.000
1046200.000
1046600.000
1065000.000
1091600.000
1064400.000
1054000.000
1050600.000
1056600.000
1082600.000
1083800.000
1074600.000
1077800.000
1081600.000
1063400.000
1073600.000
1073600.000
1039800.000
1053600.000
996400.000
1012600.000
1012400.000
997000.000
1023600.000
1008200.000
1017800.000
1000000.000
1020200.000
1026400.000
999200.000
1033800.000
1011200.000
1031400.000
1030000.000
1037400.000
1054000.000
1042800.000
1032200.000
1011000.000
1056800.000
1046800.000
1037400.000
1026000.000
1045800.000
1057200.000
1057000.000
1048000.000
592800.000
599000.000
612600.000
602400.000
615400.000
613400.000
612800.000
611800.000
637000.000
635000.000
660200.000
681600.000
651800.000
665400.000
653600.000
661200.000
665000.000
674400.000
687400.000
691600.000
676000.000
696800.000
690800.000
698200.000
704800.000
729800.000
748800.000
725400.000
743200.000
728800.000
744800.000
755400.000
753200.000
734200.000
758800.000
782400.000
775400.000
790200.000
773400.000
778000.000
778200.000
786800.000
797400.000
795600.000
795800.000
803800.000
801200.000
815000.000
827000.000
847800.000
827400.000
861200.000
829600.000
850600.000
873000.000
856200.000
868800.000
887400.000
881000.000
880800.000
884600.000
883400.000
874800.000
881600.000
922200.000
877800.000
903400.000
882200.000
893200.000
892000.000
895200.000
905000.000
901000.000
925800.000
920000.000
926400.000
922400.000
925800.000
936800.000
954400.000
962800.000
935200.000
960800.000
955200.000
970000.000
983800.000
985400.000
1017400.000
1029600.000
1006400.000
1026800.000
1010200.000
989800.000
993000.000
1007000.000
1005800.000
1003400.000
1018400.000
1029800.000
1045600.000
1008400.000
1067800.000
1028000.000
1028200.000
1028200.000
1018800.000
1024400.000
1025400.000
1004400.000
1010600.000
993400.000
986800.000
1018600.000
1042600.000
1049600.000
1013200.000
1067200.000
1037600.000
1056600.000
1022000.000
1040600.000
1056800.000
1052200.000
1053600.000
1057200.000
1044200.000
1068200.000
1056800.000
1040000.000
1028800.000
1025400.000
1019800.000
1034400.000
1012400.000
1028200.000
1023200.000
1045600.000
1034800.000
1037200.000
1062600.000
1087000.000
1066600.000
1073200.000
1064600.000
1060000.000
1075000.000
1046000.000
1044200.000
1049400.000
1042200.000
1044800.000
1043400.000
1040000.000
1040600.000
1045800.000
1064600.000
1089800.000
1092400.000
1049400.000
1078400.000
1072600.000
1061400.000
1074000.000
1095600.000
1096200.000
1115400.000
1073600.000
1090200.000
1077000.000
1081200.000
1046600.000
1047600.000
1016000.000
1030400.000
1002600.000
1003200.000
1010000.000
1035400.000
1040400.000
1029600.000
1007400.000
997400.000
970000.000
988200.000
985600.000
1024800.000
1022000.000
1026600.000
1011400.000
1018600.000
1035000.000
1043400.000
1056000.000
1021800.000
1084200.000
1038000.000
1059200.000
1036600.000
1051600.000
1043200.000
1041200.000
610600.000
599400.000
615200.000
623400.000
622600.000
629600.000
632200.000
655400.000
667000.000
663000.000
675200.000
637600.000
670200.000
695000.000
685200.000
679800.000
690400.000
682000.000
704600.000
714000.000
733000.000
727200.000
716400.000
722600.000
727800.000
746400.000
778000.000
745800.000
762000.000
768600.000
786800.000
777600.000
772000.000
762000.000
764800.000
764000.000
805400.000
786800.000
787200.000
779400.000
834000.000
813200.000
807800.000
811200.000
786400.000
815200.000
834400.000
846600.000
824800.000
828600.000
830400.000
842200.000
848200.000
843400.000
880000.000
865800.000
885000.000
894000.000
860600.000
892600.000
883200.000
901200.000
903000.000
916600.000
900400.000
916800.000
924600.000
894400.000
915400.000
907200.000
894800.000
918800.000
935800.000
912800.000
935800.000
905400.000
929200.000
935600.000
956800.000
978000.000
979200.000
961800.000
956400.000
977800.000
971600.000
982400.000
979600.000
991800.000
1014200.000
1030400.000
1014200.000
1011400.000
1003600.000
1002200.000
982400.000
1011200.000
990400.000
1036000.000
1053400.000
1064400.000
1039200.000
1060000.000
1051000.000
1039000.000
1043000.000
1049800.000
1017800.000
1031400.000
1020800.000
994400.000
1024800.000
1015600.000
1047000.000
1028600.000
1045200.000
1051000.000
1068600.000
1082000.000
1066000.000
1060800.000
1051600.000
1054800.000
1068000.000
1061400.000
1055200.000
1096800.000
1063000.000
1048000.000
1065000.000
1059800.000
1050400.000
1018400.000
1061200.000
1059400.000
1036200.000
1067600.000
1063600.000
1058000.000
1092200.000
1070400.000
1089400.000
1075400.000
1100200.000
1072800.000
1073600.000
1073200.000
1047600.000
1060400.000
1046000.000
1031800.000
1054800.000
1027800.000
1037800.000
1023600.000
1052200.000
1071600.000
1083000.000
1058600.000
1077000.000
1054600.000
1049800.000
1068600.000
1106600.000
1066600.000
1087400.000
1095000.000
1058200.000
1061000.000
1086400.000
1083600.000
1063200.000
1065400.000
1048400.000
1064200.000
1023600.000
1035200.000
1027200.000
1018200.000
1027200.000
1028800.000
1045600.000
989400.000
1023400.000
1009200.000
1016200.000
1030800.000
1009000.000
1046000.000
1019200.000
1017000.000
1036000.000
1032800.000
1040000.000
1062400.000
1060200.000
1041200.000
1066600.000
1062000.000
1107800.000
1101600.000
1071800.000
615400.000
643000.000
627200.000
634000.000
650400.000
643600.000
639200.000
675800.000
668600.000
666400.000
668600.000
715600.000
674400.000
708000.000
687400.000
702200.000
712600.000
697400.000
704200.000
723200.000
719000.000
743400.000
710400.000
746200.000
763200.000
780800.000
767200.000
777400.000
771600.000
801600.000
782400.000
784800.000
807600.000
807000.000
819200.000
817400.000
801000.000
797800.000
801400.000
814000.000
828400.000
846200.000
831400.000
831000.000
808800.000
840800.000
823400.000
856400.000
838800.000
836000.000
846400.000
834000.000
872600.000
870000.000
867800.000
865600.000
911000.000
868800.000
901800.000
893000.000
911200.000
930400.000
919000.000
928000.000
917600.000
902200.000
903800.000
908200.000
914400.000
895200.000
923600.000
932400.000
957600.000
941000.000
991600.000
941800.000
960400.000
943400.000
970400.000
983000.000
992400.000
996000.000
974200.000
992200.000
1004400.000
996600.000
993800.000
1075000.000
1056800.000
1055600.000
995400.000
1005600.000
995200.000
1025400.000
1033000.000
1013600.000
1022600.000
1047600.000
1047400.000
1036600.000
1059200.000
1062600.000
1046200.000
1078600.000
1075000.000
1059000.000
1060200.000
1020800.000
1007800.000
1047000.000
1020000.000
1045600.000
1060000.000
1069400.000
1057400.000
1079400.000
1097200.000
1070800.000
1088800.000
1088800.000
1072200.000
1087400.000
1040200.000
1098400.000
1082800.000
1096800.000
1050400.000
1069200.000
1035000.000
1034200.000
1035600.000
1046800.000
1046800.000
1066000.000
1064000.000
1071600.000
1063600.000
1052400.000
1095600.000
1067000.000
1079200.000
1086000.000
1078000.000
1093800.000
1081400.000
1072600.000
1111000.000
1056400.000
1053600.000
1050600.000
1002200.000
1070200.000
1040800.000
1060000.000
1043800.000
1072400.000
1069400.000
1082000.000
1106600.000
1073400.000
1060200.000
1078200.000
1108000.000
1098200.000
1106400.000
1119200.000
1076400.000
1098200.000
1072200.000
1073800.000
1083800.000
1041600.000
1038200.000
1053600.000
1015200.000
1025800.000
1037400.000
1022400.000
1039400.000
1024400.000
1007200.000
981800.000
1022000.000
998400.000
1013800.000
970000.000
990600.000
1005600.000
996400.000
1004400.000
1005000.000
1005600.000
1015800.000
1060200.000
1051600.000
1061000.000
1056400.000
1090000.000
1093600.000
1085800.000
1071800.000
652800.000
653600.000
650000.000
666200.000
641800.000
652600.000
658200.000
672400.000
680800.000
698000.000
695600.000
714800.000
688400.000
722000.000
708200.000
705400.000
723400.000
711600.000
747400.000
737400.000
748800.000
747000.000
763600.000
755200.000
779200.000
780400.000
786600.000
791400.000
820400.000
790000.000
797600.000
807200.000
793800.000
827600.000
835800.000
811400.000
827400.000
832200.000
848800.000
813800.000
859400.000
863200.000
850600.000
865600.000
842200.000
851000.000
845800.000
868000.000
875400.000
840400.000
850000.000
880600.000
860000.000
910200.000
894800.000
904200.000
913800.000
908200.000
924600.000
920200.000
900600.000
928200.000
963200.000
938200.000
948200.000
966600.000
925400.000
915000.000
925400.000
943200.000
933400.000
943000.000
966800.000
971400.000
963200.000
967200.000
974600.000
937600.000
973600.000
976600.000
991200.000
963800.000
988800.000
966600.000
973800.000
964200.000
1028200.000
1029000.000
1076000.000
1039200.000
1066200.000
1049400.000
1033400.000
1024200.000
1002400.000
1020200.000
1033200.000
1046800.000
1050600.000
1075200.000
1054600.000
1045400.000
1046800.000
1047800.000
1035800.000
1054200.000
1037800.000
1011200.000
1034400.000
1050400.000
1017000.000
1029200.000
1060600.000
1031400.000
1056000.000
1041600.000
1053000.000
1074600.000
1081200.000
1082600.000
1065400.000
1084200.000
1048200.000
1068400.000
1083200.000
1059000.000
1029800.000
1055800.000
1074600.000
1025600.000
1015200.000
1052600.000
1055000.000
1038800.000
1082000.000
1094000.000
1056800.000
1060000.000
1079200.000
1053200.000
1056200.000
1068800.000
1081200.000
1057800.000
1068600.000
1089400.000
1060800.000
1033400.000
1038600.000
1019000.000
1030400.000
1043200.000
1014400.000
1070600.000
1070800.000
1070600.000
1076600.000
1083400.000
1072800.000
1062600.000
1052000.000
1058600.000
1083400.000
1076400.000
1132000.000
1125600.000
1092200.000
1100600.000
1085000.000
1091000.000
1038200.000
1053400.000
1009000.000
1034800.000
1035600.000
1035000.000
1056200.000
1062800.000
1104000.000
1026600.000
1014600.000
1000400.000
1012800.000
993800.000
999000.000
979600.000
1009200.000
992000.000
1009000.000
1003200.000
991400.000
1013400.000
1013400.000
1023400.000
1046000.000
1064600.000
1088200.000
1111400.000
1129600.000
1096200.000
1069200.000
701400.000
670000.000
671000.000
686200.000
691600.000
682000.000
679400.000
698400.000
722600.000
727600.000
710000.000
741000.000
695400.000
741000.000
751800.000
738800.000
738000.000
744800.000
752600.000
752600.000
766000.000
766800.000
769000.000
777000.000
816000.000
811000.000
816200.000
810800.000
830600.000
823600.000
816600.000
839200.000
836200.000
842800.000
860800.000
847800.000
874200.000
864800.000
837000.000
837800.000
877400.000
895800.000
894000.000
864600.000
860800.000
857600.000
860200.000
872000.000
857800.000
889200.000
861200.000
881600.000
868000.000
889000.000
888200.000
916400.000
937200.000
937200.000
934200.000
908200.000
970600.000
962600.000
935800.000
939400.000
915200.000
967600.000
928200.000
968800.000
944000.000
991800.000
989200.000
971800.000
950400.000
936400.000
984800.000
981200.000
969400.000
985400.000
992400.000
1010000.000
1019400.000
1006000.000
1017200.000
978600.000
1004000.000
1016200.000
1033200.000
1044600.000
1055000.000
1047200.000
1036600.000
1031800.000
1002600.000
1018400.000
1010600.000
1065200.000
1011600.000
1046800.000
1039200.000
1048400.000
1074600.000
1054200.000
1044800.000
1056000.000
1076400.000
1061400.000
1026200.000
1027800.000
1022800.000
1020000.000
1043000.000
1055200.000
1055000.000
1050800.000
1034000.000
1071600.000
1075200.000
1090400.000
1119200.000
1082800.000
1092400.000
1075000.000
1106200.000
1059600.000
1066600.000
1069600.000
1051200.000
1087000.000
1038200.000
1065000.000
1027000.000
1044400.000
1069000.000
1097000.000
1083400.000
1097200.000
1094200.000
1088600.000
1077000.000
1087800.000
1085000.000
1101000.000
1080400.000
1085600.000
1080400.000
1118600.000
1081200.000
1067000.000
1041200.000
1045400.000
1056400.000
1067600.000
1071200.000
1027400.000
1084800.000
1037800.000
1099600.000
1071600.000
1089800.000
1058200.000
1061600.000
1091000.000
1092600.000
1140800.000
1104800.000
1122000.000
1127400.000
1084800.000
1097600.000
1082400.000
1070800.000
1057200.000
1044600.000
1033600.000
1077600.000
1050600.000
1067800.000
1040800.000
1034000.000
1040400.000
1004200.000
1008200.000
998200.000
1018600.000
983600.000
983200.000
956600.000
998400.000
965400.000
954600.000
996800.000
1007600.000
1052800.000
1041200.000
1045600.000
1091000.000
1100800.000
1144400.000
1111800.000
1144200.000
1088200.000
692200.000
681400.000
669800.000
707400.000
701800.000
723400.000
738400.000
742400.000
767400.000
761600.000
722800.000
746400.000
738600.000
768000.000
753600.000
750600.000
759800.000
785600.000
784600.000
766600.000
806200.000
795000.000
805600.000
820600.000
804200.000
824000.000
822800.000
818400.000
828400.000
840600.000
820200.000
840400.000
869400.000
837400.000
856200.000
860600.000
882600.000
860400.000
889600.000
889800.000
886600.000
906800.000
881800.000
909800.000
888600.000
898200.000
898400.000
889200.000
885000.000
904000.000
879800.000
911600.000
896800.000
907200.000
939800.000
922000.000
917800.000
928600.000
941600.000
931000.000
924000.000
960000.000
945400.000
945000.000
943800.000
967400.000
932400.000
948400.000
953200.000
960400.000
967200.000
978800.000
939400.000
972800.000
987600.000
936600.000
980000.000
960600.000
964800.000
989800.000
995800.000
1027000.000
1032000.000
1022400.000
1004000.000
1014200.000
1035600.000
1056600.000
1070200.000
1058000.000
1055600.000
1052400.000
1033000.000
1012600.000
1010400.000
1043400.000
1062600.000
1060200.000
1063000.000
1030200.000
1040600.000
1054600.000
1071800.000
1102800.000
1039800.000
1039400.000
1033600.000
1035400.000
1046000.000
1022000.000
1043400.000
1028000.000
1024000.000
1049600.000
1043200.000
1037800.000
1067000.000
1087400.000
1076800.000
1080000.000
1067800.000
1089000.000
1084600.000
1089000.000
1038400.000
1056800.000
1028400.000
1050400.000
1042200.000
1026000.000
1041400.000
1063400.000
1079400.000
1067800.000
1083400.000
1064600.000
1084200.000
1063000.000
1046400.000
1051000.000
1072000.000
1081800.000
1096000.000
1080200.000
1116200.000
1075400.000
1037400.000
1056600.000
1034600.000
1035200.000
1011600.000
1046200.000
1050000.000
1064000.000
1069200.000
1069400.000
1072800.000
1086200.000
1081000.000
1054200.000
1082200.000
1100600.000
1098800.000
1062200.000
1091800.000
1103200.000
1130600.000
1082000.000
1064600.000
1073200.000
1018000.000
999400.000
1032200.000
1045400.000
1025600.000
1005800.000
1062600.000
1012000.000
993800.000
1039000.000
993000.000
989200.000
989600.000
1021600.000
981800.000
954800.000
969600.000
968800.000
955600.000
942800.000
970800.000
989000.000
992000.000
1042200.000
1031400.000
1095400.000
1125200.000
1099200.000
1083200.000
1081600.000
1125600.000
750600.000
728000.000
723400.000
739600.000
746800.000
762600.000
734600.000
762600.000
755800.000
780000.000
782800.000
790600.000
777000.000
760800.000
778800.000
760800.000
773600.000
790800.000
781200.000
790800.000
798400.000
808000.000
799800.000
817600.000
821400.000
815400.000
845000.000
862800.000
846400.000
850200.000
852200.000
869400.000
860400.000
875800.000
883600.000
891200.000
886600.000
873000.000
897600.000
892200.000
914400.000
915000.000
922800.000
921400.000
896400.000
898600.000
907800.000
896400.000
929600.000
925800.000
923200.000
919000.000
925800.000
919600.000
935800.000
927600.000
963400.000
945400.000
961600.000
972400.000
960600.000
965400.000
970200.000
969000.000
977000.000
931600.000
952200.000
971600.000
956000.000
988000.000
968200.000
972400.000
996800.000
1002800.000
1007400.000
994800.000
988200.000
1000400.000
1008000.000
1050200.000
1027000.000
1056600.000
1042600.000
1016600.000
1004200.000
1034800.000
1052200.000
1051800.000
1079200.000
1053600.000
1048400.000
1061600.000
1025600.000
1013400.000
1050000.000
1034600.000
1040400.000
1079600.000
1056800.000
1070800.000
1073600.000
1074400.000
1069400.000
1037800.000
1088200.000
1059600.000
1047200.000
995000.000
1040000.000
1046000.000
1066200.000
1044800.000
1035000.000
1049000.000
1067600.000
1078200.000
1092200.000
1115800.000
1074000.000
1113400.000
1123800.000
1107600.000
1112200.000
1097200.000
1080200.000
1056200.000
1082800.000
1065600.000
1052200.000
1092600.000
1069800.000
1044000.000
1075600.000
1082000.000
1088400.000
1135600.000
1096600.000
1106200.000
1069200.000
1069400.000
1081400.000
1103200.000
1104200.000
1132800.000
1097600.000
1085800.000
1058800.000
1037000.000
1053200.000
1039600.000
1060600.000
1077000.000
1058600.000
1066200.000
1059400.000
1087200.000
1101000.000
1077600.000
1070600.000
1065600.000
1082600.000
1066600.000
1080000.000
1099000.000
1117200.000
1111000.000
1117600.000
1091200.000
1046400.000
1063200.000
1051000.000
1038600.000
1029000.000
1041200.000
1055200.000
1034400.000
1063200.000
1053200.000
1018400.000
1033800.000
1039200.000
1010400.000
998800.000
1005800.000
985000.000
956600.000
963200.000
955800.000
983000.000
978400.000
1024000.000
1003600.000
1031200.000
1073000.000
1085200.000
1121400.000
1122600.000
1128800.000
1116600.000
1078800.000
1101600.000
736600.000
726000.000
745000.000
784000.000
763600.000
782200.000
783200.000
771000.000
803000.000
779800.000
786400.000
784000.000
789000.000
796800.000
787600.000
805600.000
785600.000
807800.000
814800.000
805600.000
819800.000
827800.000
817000.000
817800.000
853000.000
843200.000
863200.000
847000.000
862000.000
871200.000
848000.000
880800.000
891200.000
893000.000
912600.000
904400.000
899800.000
912000.000
896400.000
910400.000
925000.000
921200.000
942000.000
930400.000
914400.000
908600.000
915800.000
895200.000
914600.000
892800.000
923800.000
937200.000
909800.000
911800.000
944800.000
943200.000
917000.000
942600.000
986400.000
962600.000
976400.000
959200.000
1000000.000
978400.000
963200.000
973200.000
976200.000
984800.000
971400.000
1016800.000
1006200.000
963000.000
1003400.000
988800.000
1007800.000
1016200.000
992200.000
964800.000
1001400.000
1030000.000
1046000.000
1063200.000
1057800.000
1025800.000
1051400.000
1047800.000
1052200.000
1066600.000
1085000.000
1078800.000
1045200.000
1035000.000
1033400.000
1013800.000
1034800.000
1029600.000
1044200.000
1043200.000
1048200.000
1052800.000
1059400.000
1087600.000
1032400.000
1060600.000
1040800.000
1056000.000
1044800.000
1030400.000
1005200.000
1056400.000
1047800.000
1053000.000
1029400.000
1078800.000
1065800.000
1093000.000
1076600.000
1120800.000
1101200.000
1116000.000
1093400.000
1087800.000
1059200.000
1131800.000
1100200.000
1057200.000
1075400.000
1068800.000
1054400.000
1070600.000
1051800.000
1051800.000
1088600.000
1076200.000
1096600.000
1066600.000
1103400.000
1090200.000
1064400.000
1070000.000
1069400.000
1085800.000
1070600.000
1130200.000
1131600.000
1102200.000
1068800.000
1053400.000
1054400.000
1033600.000
1045400.000
1066600.000
1078600.000
1053400.000
1077000.000
1083800.000
1096200.000
1083600.000
1108200.000
1079000.000
1094000.000
1104400.000
1071400.000
1097600.000
1122800.000
1149000.000
1107600.000
1109200.000
1085000.000
1091800.000
1054200.000
1071600.000
1048000.000
1047200.000
1032200.000
1062000.000
1063800.000
1040200.000
1026800.000
1040000.000
1028200.000
1030800.000
1014600.000
1000000.000
1018200.000
986600.000
971800.000
963000.000
964000.000
999200.000
1025000.000
1064400.000
1054800.000
1055800.000
1082800.000
1087800.000
1111600.000
1117200.000
1083800.000
1109000.000
1104600.000
762800.000
774600.000
808200.000
813600.000
799400.000
781400.000
798000.000
808200.000
784600.000
831800.000
811400.000
801600.000
808200.000
825400.000
825800.000
825800.000
851400.000
846000.000
844000.000
841600.000
828200.000
829600.000
871200.000
874800.000
861200.000
873200.000
891600.000
903400.000
894600.000
915000.000
891400.000
899800.000
927600.000
917600.000
915600.000
932600.000
901200.000
925400.000
967200.000
965800.000
954400.000
958600.000
943400.000
945800.000
930400.000
897600.000
921600.000
920600.000
907000.000
940600.000
924800.000
929000.000
908400.000
930200.000
956600.000
934400.000
954400.000
977800.000
973800.000
957200.000
988400.000
1013600.000
988600.000
978000.000
964400.000
989800.000
972400.000
1043200.000
1003000.000
1006800.000
998200.000
1001000.000
1033200.000
1005800.000
1003400.000
1016600.000
1005200.000
1041400.000
1017200.000
1065400.000
1074800.000
1057000.000
1037400.000
1056600.000
1056000.000
1032000.000
1063600.000
1038200.000
1059600.000
1049800.000
1043000.000
1051800.000
1042200.000
1026800.000
1056200.000
1042600.000
1058200.000
1062600.000
1075000.000
1084600.000
1051600.000
1048200.000
1075200.000
1056600.000
1067400.000
1040600.000
1049400.000
1063800.000
1014800.000
1041000.000
1050800.000
1052400.000
1084600.000
1049400.000
1058600.000
1099000.000
1096200.000
1086600.000
1102800.000
1108000.000
1081000.000
1084600.000
1101600.000
1126400.000
1098800.000
1095000.000
1067800.000
1090600.000
1095200.000
1083200.000
1087800.000
1095400.000
1129200.000
1153400.000
1097000.000
1111000.000
1140400.000
1094800.000
1087400.000
1095000.000
1086400.000
1110800.000
1103400.000
1118800.000
1119800.000
1076400.000
1077800.000
1064800.000
1063200.000
1074000.000
1060800.000
1083400.000
1062400.000
1093800.000
1081800.000
1082600.000
1076000.000
1117200.000
1071600.000
1073200.000
1110000.000
1083400.000
1068600.000
1104800.000
1129800.000
1141800.000
1133400.000
1114600.000
1068200.000
1055400.000
1046800.000
1041200.000
1041000.000
1062200.000
1038400.000
1057800.000
1079600.000
1080800.000
1069000.000
1052000.000
1041600.000
1043600.000
1052400.000
1010800.000
1008200.000
1010000.000
1030800.000
988600.000
1019400.000
1034600.000
1046000.000
1058800.000
1065200.000
1118800.000
1123200.000
1113200.000
1113200.000
1067400.000
1085600.000
1110000.000
1107000.000
773800.000
780600.000
784200.000
798000.000
828800.000
821000.000
831600.000
859600.000
811000.000
829200.000
842800.000
838400.000
820400.000
825600.000
822000.000
827600.000
842400.000
858200.000
870200.000
869000.000
843400.000
881600.000
839000.000
887200.000
862400.000
894000.000
889400.000
904400.000
913400.000
925200.000
898200.000
898400.000
937000.000
960800.000
935800.000
932800.000
933200.000
976400.000
974800.000
992800.000
1025800.000
999800.000
966000.000
944400.000
938200.000
943800.000
910400.000
941000.000
928000.000
923600.000
941000.000
964600.000
929000.000
948600.000
980600.000
966000.000
964400.000
960200.000
994200.000
1024800.000
1015000.000
1005400.000
1017400.000
1005800.000
1003600.000
1005800.000
999800.000
1039600.000
1011600.000
1061200.000
1017400.000
1040400.000
1016800.000
1048000.000
1037400.000
1008000.000
1040600.000
1015600.000
1029600.000
1055800.000
1057200.000
1063800.000
1077600.000
1034800.000
1049800.000
1057000.000
1073200.000
1067000.000
1114000.000
1066000.000
1054400.000
1059200.000
1050600.000
1075200.000
1067200.000
1073400.000
1076800.000
1076000.000
1068200.000
1057200.000
1066800.000
1064000.000
1063800.000
1044600.000
1068800.000
1078400.000
1017400.000
1047200.000
1039400.000
1053800.000
1057000.000
1076000.000
1065800.000
1075200.000
1074600.000
1091600.000
1103000.000
1091200.000
1075400.000
1090400.000
1134200.000
1096400.000
1097600.000
1127000.000
1113800.000
1099200.000
1078000.000
1098600.000
1116200.000
1090600.000
1101600.000
1121000.000
1146600.000
1133800.000
1123600.000
1130000.000
1085200.000
1131000.000
1118400.000
1098000.000
1111600.000
1128600.000
1146400.000
1123200.000
1126000.000
1125600.000
1106600.000
1076000.000
1063800.000
1084000.000
1076000.000
1118400.000
1095000.000
1116000.000
1095000.000
1094200.000
1078200.000
1105600.000
1096400.000
1108400.000
1096400.000
1098000.000
1081800.000
1109200.000
1161400.000
1139400.000
1122200.000
1134800.000
1067000.000
1079000.000
1079000.000
1087600.000
1076800.000
1055600.000
1062200.000
1088200.000
1092800.000
1076800.000
1113000.000
1086200.000
1098400.000
1078800.000
1062000.000
1038600.000
1051200.000
1047600.000
1029200.000
1010200.000
1024200.000
1071800.000
1067600.000
1074400.000
1083200.000
1095200.000
1127400.000
1140400.000
1127000.000
1105600.000
1132800.000
1098400.000
1130800.000
776400.000
798200.000
875800.000
852800.000
842800.000
828400.000
839000.000
825400.000
845000.000
825000.000
827800.000
869200.000
861600.000
858400.000
841000.000
875800.000
854600.000
882000.000
877200.000
866600.000
853400.000
877600.000
866200.000
894600.000
866400.000
892800.000
880000.000
922800.000
882200.000
914400.000
938400.000
948400.000
933200.000
922400.000
956600.000
941800.000
945400.000
973600.000
984000.000
1011000.000
1009200.000
1000800.000
984400.000
948600.000
929600.000
937000.000
932000.000
959200.000
944200.000
946200.000
960800.000
959600.000
1001400.000
1008000.000
1001400.000
983400.000
985400.000
999000.000
1013600.000
997800.000
1005400.000
1024800.000
990400.000
1010200.000
1017600.000
1016800.000
1037800.000
1034800.000
1039000.000
1028600.000
1066400.000
1036600.000
1033200.000
1062000.000
1017000.000
1024000.000
1026400.000
1014000.000
1047000.000
1058000.000
1095000.000
1079600.000
1031800.000
1064200.000
1043000.000
1053200.000
1041400.000
1073600.000
1079600.000
1054400.000
1037600.000
1047800.000
1060600.000
1071400.000
1056400.000
1051600.000
1055200.000
1069600.000
1050400.000
1045400.000
1067400.000
1050400.000
1058000.000
1063600.000
1052000.000
1042400.000
1055200.000
1029800.000
1048600.000
1034800.000
1060200.000
1064600.000
1071000.000
1074200.000
1070800.000
1082800.000
1076600.000
1108800.000
1087200.000
1041400.000
1089000.000
1127600.000
1117800.000
1105400.000
1096800.000
1120400.000
1106400.000
1068400.000
1098400.000
1100200.000
1101000.000
1141800.000
1103600.000
1157000.000
1123800.000
1110600.000
1087400.000
1100800.000
1115800.000
1087200.000
1127000.000
1132400.000
1122600.000
1122800.000
1121600.000
1104200.000
1100200.000
1102400.000
1064000.000
1089000.000
1082800.000
1095800.000
1074800.000
1094800.000
1087200.000
1083800.000
1096400.000
1084800.000
1118800.000
1113200.000
1106600.000
1090200.000
1101400.000
1133400.000
1140800.000
1141200.000
1125000.000
1096600.000
1082600.000
1096000.000
1057000.000
1075800.000
1076000.000
1084000.000
1061000.000
1066200.000
1096000.000
1100200.000
1098600.000
1068600.000
1121000.000
1039200.000
1044000.000
1048000.000
1054600.000
1058400.000
1063600.000
1067600.000
1074000.000
1081200.000
1072200.000
1084400.000
1097600.000
1116800.000
1104200.000
1123600.000
1093800.000
1125200.000
1132200.000
1103200.000
1160400.000
827600.000
834000.000
841200.000
856400.000
856200.000
850200.000
823800.000
850400.000
867400.000
848000.000
857200.000
856800.000
849200.000
851800.000
863400.000
891600.000
897200.000
891000.000
879600.000
906400.000
876000.000
910000.000
859800.000
894200.000
899000.000
911800.000
915400.000
920200.000
943800.000
967400.000
953800.000
936800.000
953600.000
963800.000
961400.000
970000.000
968200.000
1015800.000
1015000.000
1014000.000
1041400.000
998600.000
1005000.000
1001000.000
947200.000
959800.000
974400.000
980600.000
952400.000
951000.000
979400.000
982600.000
971200.000
966800.000
1005800.000
1011600.000
975400.000
999000.000
1011000.000
996800.000
1000000.000
1023800.000
1011400.000
1010400.000
1016200.000
1052600.000
1020000.000
1041600.000
1056400.000
1056800.000
1030200.000
1029200.000
1030600.000
1065600.000
1026200.000
1035000.000
1015600.000
1031800.000
1047800.000
1023400.000
1103200.000
1066800.000
1071600.000
1062600.000
1046600.000
1055800.000
1072800.000
1059200.000
1058200.000
1059200.000
1060400.000
1030800.000
1034400.000
1046400.000
1028800.000
1043800.000
1086000.000
1039000.000
1040200.000
1036800.000
1037600.000
1049000.000
1056000.000
1040200.000
1019400.000
1057800.000
1037800.000
1031000.000
1038600.000
1024800.000
1026800.000
1037400.000
1050600.000
1065600.000
1063600.000
1070600.000
1075000.000
1054800.000
1084400.000
1070000.000
1062800.000
1067000.000
1092800.000
1116600.000
1114400.000
1098600.000
1099800.000
1068200.000
1113000.000
1080400.000
1102000.000
1083400.000
1125200.000
1105600.000
1079400.000
1088400.000
1077600.000
1100000.000
1067200.000
1111600.000
1124000.000
1116000.000
1111800.000
1123000.000
1078200.000
1113000.000
1076200.000
1062600.000
1072200.000
1059800.000
1068400.000
1060800.000
1058600.000
1070600.000
1079800.000
1067200.000
1074400.000
1094800.000
1077200.000
1051200.000
1053600.000
1070800.000
1059800.000
1085200.000
1102400.000
1113200.000
1113800.000
1099000.000
1070600.000
1035400.000
1076400.000
1021600.000
1045200.000
1044400.000
1057200.000
1062800.000
1063000.000
1072800.000
1109200.000
1090000.000
1047600.000
1064000.000
1055600.000
1065200.000
1039000.000
1037000.000
1036600.000
1039800.000
1080600.000
1071800.000
1058200.000
1073400.000
1056600.000
1068000.000
1058400.000
1105600.000
1068400.000
1051400.000
1081200.000
1123600.000
1100800.000
876200.000
867600.000
846200.000
881800.000
854800.000
872400.000
879000.000
898800.000
868800.000
877200.000
869600.000
860600.000
886400.000
874200.000
888600.000
898200.000
878600.000
898800.000
904400.000
876800.000
899800.000
900400.000
889400.000
895800.000
899600.000
915400.000
922000.000
955600.000
927000.000
929400.000
953800.000
919400.000
949200.000
977000.000
936600.000
984000.000
968400.000
1001000.000
1002000.000
1032400.000
1007200.000
998800.000
1000400.000
981400.000
928800.000
968600.000
936800.000
951400.000
953800.000
986200.000
967400.000
1024000.000
970000.000
990600.000
991000.000
1000600.000
992800.000
999600.000
1009000.000
1035800.000
1013400.000
1031000.000
1004400.000
993800.000
1005400.000
1017400.000
1020400.000
1060800.000
1056600.000
1050600.000
1046800.000
1038800.000
1005000.000
1004400.000
1004400.000
1013800.000
1024000.000
1019400.000
1050800.000
1020800.000
1034200.000
1031600.000
1028200.000
1038200.000
1032000.000
1063400.000
1042200.000
1043000.000
1072400.000
1052600.000
1042200.000
1033800.000
1046200.000
1056600.000
1063400.000
1044400.000
1029400.000
1043600.000
1062000.000
1048600.000
1071400.000
1068600.000
1065200.000
1030400.000
1057400.000
1027400.000
1054000.000
1017800.000
1052000.000
1044000.000
1028000.000
1034200.000
1033200.000
1074600.000
1015800.000
1073000.000
1043000.000
1060800.000
1054400.000
1052200.000
1085000.000
1079200.000
1100600.000
1091200.000
1116000.000
1096000.000
1086600.000
1121200.000
1092400.000
1144200.000
1119400.000
1137000.000
1127200.000
1099400.000
1076000.000
1065000.000
1082000.000
1060000.000
1082400.000
1116000.000
1090800.000
1124400.000
1092200.000
1109000.000
1094400.000
1049600.000
1066800.000
1074400.000
1042200.000
1056400.000
1073400.000
1063600.000
1066800.000
1070800.000
1056800.000
1061600.000
1066800.000
1050600.000
1079000.000
1044000.000
1089600.000
1083600.000
1075000.000
1104800.000
1123400.000
1163000.000
1079000.000
1087800.000
1057800.000
1052000.000
1044200.000
1030000.000
1048000.000
1037200.000
1029800.000
1051400.000
1098000.000
1088800.000
1039800.000
1088800.000
1078200.000
1067600.000
1082800.000
1043600.000
1068000.000
1050200.000
1070200.000
1076400.000
1052400.000
1069400.000
1043000.000
1051800.000
1052000.000
1024800.000
1045400.000
1049600.000
1075200.000
1078400.000
1108200.000
1136400.000
1117000.000
870000.000
874000.000
904800.000
869600.000
901800.000
883200.000
873400.000
881200.000
881000.000
893400.000
910400.000
887600.000
888000.000
881600.000
899000.000
916400.000
912200.000
911200.000
889000.000
905800.000
904200.000
875200.000
918800.000
895000.000
928800.000
926400.000
930800.000
953400.000
962000.000
944400.000
950800.000
978800.000
969200.000
978400.000
975800.000
971600.000
1010400.000
1020400.000
1037000.000
1043400.000
1034200.000
1011400.000
987600.000
982200.000
980600.000
960600.000
980600.000
977600.000
980800.000
977800.000
994200.000
1003800.000
1001000.000
1012800.000
1009600.000
1017800.000
1001600.000
999400.000
1022800.000
1013400.000
1000000.000
1016400.000
1016600.000
1022600.000
1035000.000
1018600.000
1041400.000
1049000.000
1071400.000
1025000.000
1058800.000
1045600.000
1039000.000
1037000.000
1034800.000
1049600.000
1017000.000
1028200.000
1034800.000
1011000.000
1018400.000
1016000.000
1012600.000
1000600.000
1007600.000
1054800.000
1061400.000
1068000.000
1078800.000
1070400.000
1059200.000
1025400.000
1016200.000
1019000.000
1023400.000
1043200.000
1027600.000
1036000.000
1032800.000
1036800.000
1077000.000
1042800.000
1054200.000
1034600.000
1045600.000
1031600.000
1040400.000
1039000.000
1040200.000
1026200.000
1043200.000
1018400.000
1029400.000
1043000.000
1059400.000
1038600.000
1029000.000
1043000.000
1032000.000
1036600.000
1030800.000
1052800.000
1094400.000
1079400.000
1093200.000
1094400.000
1129600.000
1120600.000
1114600.000
1120200.000
1141000.000
1096600.000
1091400.000
1106600.000
1103200.000
1060800.000
1066000.000
1080600.000
1104200.000
1085200.000
1073800.000
1128600.000
1093600.000
1125400.000
1093000.000
1105600.000
1084200.000
1070800.000
1068600.000
1078200.000
1092800.000
1080800.000
1064600.000
1053400.000
1031600.000
1074000.000
1040600.000
1085000.000
1048800.000
1073200.000
1061000.000
1066800.000
1089600.000
1091200.000
1094200.000
1100600.000
1083800.000
1083800.000
1074200.000
1061000.000
1054400.000
1018600.000
984600.000
1059800.000
1059800.000
1077200.000
1039400.000
1098400.000
1085200.000
1081400.000
1073400.000
1056200.000
1081000.000
1069400.000
1059200.000
1031600.000
1030800.000
1073400.000
1061200.000
1072800.000
1070200.000
1045600.000
1029000.000
1039200.000
1056200.000
1052800.000
1087200.000
1086400.000
1090000.000
1105600.000
1122600.000
894800.000
915800.000
890400.000
893600.000
902000.000
885200.000
878400.000
882800.000
885200.000
913200.000
893200.000
925200.000
911600.000
920400.000
901800.000
906600.000
897400.000
926800.000
919200.000
882800.000
906000.000
926000.000
908000.000
910600.000
913200.000
936600.000
928000.000
975800.000
988000.000
1003400.000
958400.000
978800.000
982200.000
973400.000
993200.000
1014000.000
1011400.000
999000.000
1032000.000
1030800.000
1008200.000
1011000.000
1014800.000
975400.000
986200.000
984600.000
1006400.000
1011800.000
984400.000
1020800.000
1020800.000
1020400.000
1042800.000
998200.000
1021600.000
1007600.000
1039600.000
1047200.000
1011000.000
1050600.000
1052200.000
1003800.000
1036600.000
1022200.000
1026600.000
1037600.000
1022600.000
1079400.000
1067000.000
1056000.000
1035400.000
1057800.000
1034600.000
1052200.000
1073200.000
1058600.000
1056600.000
1032600.000
1044600.000
1055400.000
1056400.000
1060800.000
1079000.000
1070600.000
1079000.000
1053000.000
1070200.000
1062600.000
1078400.000
1083800.000
1082800.000
1045000.000
1055000.000
1083400.000
1070400.000
1065400.000
1050200.000
1023200.000
1074400.000
1056600.000
1086600.000
1056200.000
1081600.000
1036000.000
1044400.000
1062400.000
1026000.000
1030400.000
1028800.000
1039600.000
1047800.000
1068200.000
1016000.000
1035800.000
1085000.000
1029000.000
1048000.000
1037400.000
1056800.000
1013200.000
1083600.000
1070000.000
1076800.000
1122600.000
1116200.000
1135600.000
1140600.000
1142600.000
1140000.000
1135600.000
1164200.000
1148400.000
1121800.000
1115000.000
1087000.000
1106800.000
1116400.000
1097600.000
1098400.000
1094200.000
1121200.000
1101400.000
1083400.000
1125000.000
1114600.000
1084800.000
1075400.000
1111000.000
1090600.000
1107400.000
1101400.000
1083000.000
1067800.000
1066400.000
1054800.000
1094800.000
1112400.000
1082000.000
1080400.000
1080600.000
1089200.000
1092400.000
1132400.000
1098800.000
1116200.000
1099400.000
1086600.000
1098000.000
1071600.000
1049800.000
1037200.000
1045400.000
1057600.000
1032800.000
1053000.000
1060200.000
1091600.000
1093000.000
1064200.000
1055800.000
1052400.000
1078200.000
1049600.000
1083800.000
1074000.000
1049600.000
1050600.000
1058600.000
1059200.000
1069400.000
1029200.000
999600.000
1026000.000
1032600.000
1001800.000
1008000.000
1079200.000
1081400.000
1118000.000
1141200.000
1124600.000
912600.000
908800.000
949800.000
903000.000
921800.000
896000.000
881600.000
872600.000
897400.000
907800.000
914600.000
906800.000
933600.000
909200.000
902400.000
934800.000
941000.000
938200.000
902000.000
895000.000
899600.000
896000.000
904800.000
920400.000
907800.000
953600.000
954400.000
980600.000
982200.000
982800.000
969600.000
982600.000
987800.000
978800.000
975800.000
1009800.000
1026600.000
1024200.000
1040000.000
1061400.000
993600.000
1008000.000
992400.000
974800.000
968400.000
980600.000
983600.000
988600.000
995600.000
1001200.000
1003800.000
1013800.000
1033800.000
1026600.000
1046800.000
1028000.000
1010000.000
1046200.000
1020600.000
1029800.000
1064600.000
1051000.000
1055000.000
1048000.000
1014600.000
1038400.000
1032000.000
1065600.000
1078000.000
1055400.000
1062600.000
1049200.000
1045000.000
1027800.000
1018000.000
1037400.000
1002400.000
1043600.000
1042400.000
1023000.000
1022600.000
1021200.000
1047600.000
1044400.000
1023800.000
1057400.000
1060000.000
1084000.000
1076400.000
1067000.000
1033200.000
1062000.000
1030200.000
1051800.000
1049000.000
1060000.000
1061400.000
1025200.000
1050200.000
1055400.000
1041800.000
1062000.000
1074600.000
1065000.000
1041800.000
1015400.000
1037800.000
1052400.000
1065400.000
1029400.000
1039000.000
1015000.000
1026600.000
1018800.000
1039200.000
1002200.000
1023800.000
1027600.000
1016600.000
1013000.000
1054200.000
1065800.000
1109600.000
1108000.000
1139000.000
1149800.000
1149800.000
1132800.000
1178600.000
1168400.000
1181200.000
1136000.000
1129400.000
1112000.000
1119200.000
1090000.000
1133600.000
1075600.000
1085000.000
1086600.000
1097400.000
1126800.000
1149600.000
1123000.000
1113000.000
1098000.000
1106800.000
1101800.000
1083000.000
1090800.000
1097600.000
1082600.000
1087200.000
1087000.000
1078800.000
1074200.000
1075600.000
1103200.000
1078400.000
1065400.000
1066600.000
1106800.000
1094600.000
1096800.000
1090800.000
1083400.000
1079800.000
1092800.000
1058600.000
1072000.000
1064600.000
1057000.000
1033400.000
1065000.000
1062400.000
1057600.000
1088800.000
1058200.000
1066400.000
1070400.000
1061600.000
1081200.000
1086000.000
1071000.000
1079200.000
1048000.000
1058400.000
1057600.000
1048000.000
1033000.000
1041600.000
1018800.000
1014200.000
1032600.000
1043800.000
1046400.000
1064400.000
1090600.000
1110400.000
1106000.000
1109000.000
939600.000
932600.000
934000.000
945400.000
937600.000
946400.000
939200.000
945600.000
916200.000
935200.000
957600.000
934400.000
966200.000
939000.000
930000.000
928800.000
931800.000
938200.000
949400.000
948400.000
961400.000
926800.000
943400.000
969800.000
951000.000
979200.000
996400.000
977000.000
989200.000
979800.000
981200.000
991200.000
1007800.000
1012200.000
1001600.000
1022200.000
1052000.000
1042400.000
1063800.000
1063200.000
1029800.000
1001200.000
1008800.000
991200.000
985400.000
993800.000
990200.000
1013000.000
1031600.000
1035800.000
1020200.000
1043800.000
1069400.000
1019600.000
1025800.000
1028200.000
1060400.000
1059000.000
1069000.000
1051200.000
1074000.000
1030400.000
1052800.000
1058600.000
1030000.000
1046800.000
1069400.000
1057000.000
1050600.000
1054400.000
1053200.000
1060600.000
1057400.000
1049400.000
1040600.000
1033200.000
1036200.000
1040600.000
1045400.000
1024400.000
1042400.000
1062600.000
1025400.000
1050400.000
1070600.000
1064200.000
1072400.000
1084200.000
1079800.000
1056800.000
1066000.000
1065200.000
1036200.000
1062800.000
1081600.000
1077600.000
1073000.000
1085800.000
1061800.000
1075600.000
1059000.000
1081000.000
1074600.000
1075200.000
1060600.000
1053800.000
1058400.000
1049600.000
1049000.000
1056000.000
1077000.000
1051600.000
1023200.000
1038800.000
1006200.000
1006000.000
1018200.000
1014800.000
1023400.000
1057600.000
1046400.000
1081000.000
1099800.000
1118200.000
1171400.000
1174800.000
1171600.000
1184000.000
1204200.000
1167200.000
1190400.000
1144000.000
1152600.000
1106800.000
1108800.000
1125000.000
1118400.000
1126600.000
1143400.000
1125200.000
1116200.000
1103400.000
1139800.000
1108200.000
1140600.000
1102400.000
1110200.000
1107000.000
1106800.000
1093000.000
1124000.000
1060600.000
1074800.000
1070200.000
1077600.000
1079000.000
1082600.000
1073000.000
1072600.000
1097200.000
1110600.000
1104600.000
1089800.000
1102800.000
1091600.000
1075000.000
1114000.000
1070400.000
1052600.000
1059400.000
1062200.000
1040000.000
1048000.000
1041400.000
1075600.000
1078600.000
1061600.000
1061600.000
1043000.000
1034400.000
1079800.000
1064800.000
1071200.000
1055400.000
1071000.000
1064000.000
1074000.000
1067400.000
1039600.000
1029000.000
997800.000
1014000.000
1015200.000
1019600.000
1033800.000
1048600.000
1086000.000
1110800.000
1085800.000
1101400.000
1129800.000
952200.000
938200.000
948800.000
947800.000
958400.000
962000.000
943800.000
936200.000
934400.000
947800.000
945000.000
936400.000
1002600.000
943400.000
963200.000
957600.000
944200.000
970800.000
940400.000
955800.000
983800.000
955200.000
986200.000
987600.000
975800.000
982200.000
1037400.000
1019800.000
1010800.000
991600.000
1000000.000
990000.000
986000.000
1006000.000
1008600.000
1001800.000
1053400.000
1057200.000
1068400.000
1061800.000
1034600.000
1008400.000
1009800.000
1004200.000
1001600.000
1030200.000
1012000.000
1001400.000
1011200.000
1036000.000
1037000.000
1039800.000
1037000.000
1043400.000
1029000.000
1036800.000
1054800.000
1055800.000
1060800.000
1054400.000
1061000.000
1056400.000
1038200.000
1042200.000
1048400.000
1061000.000
1081200.000
1080200.000
1079800.000
1085200.000
1052600.000
1072800.000
1056400.000
1058600.000
1064600.000
1062600.000
1040000.000
1072400.000
1038000.000
1043400.000
1045600.000
1011800.000
1051400.000
1037000.000
1076200.000
1070200.000
1090200.000
1066200.000
1088600.000
1085000.000
1063600.000
1101600.000
1085600.000
1086800.000
1086400.000
1058000.000
1077800.000
1080200.000
1108400.000
1112800.000
1120600.000
1099600.000
1090600.000
1061800.000
1090400.000
1080400.000
1055000.000
1101600.000
1070200.000
1098600.000
1077800.000
1058400.000
1044200.000
1039000.000
1027000.000
1037600.000
1014200.000
1000800.000
1028200.000
1051800.000
1050600.000
1058800.000
1105000.000
1123200.000
1164200.000
1216600.000
1188800.000
1174200.000
1194600.000
1163600.000
1185800.000
1128600.000
1162200.000
1088000.000
1118400.000
1113000.000
1104600.000
1119000.000
1113200.000
1121200.000
1127200.000
1129000.000
1105000.000
1131800.000
1133000.000
1098800.000
1090400.000
1110200.000
1100200.000
1086800.000
1110200.000
1090600.000
1076200.000
1061000.000
1078400.000
1094000.000
1084600.000
1091600.000
1092200.000
1092400.000
1090800.000
1111000.000
1105800.000
1077600.000
1094000.000
1077800.000
1067200.000
1097400.000
1094600.000
1047600.000
1060600.000
1054200.000
1061000.000
1053400.000
1061200.000
1044000.000
1049600.000
1048800.000
1050600.000
1053400.000
1040600.000
1086800.000
1092200.000
1060200.000
1046800.000
1062000.000
1038400.000
1014400.000
1024400.000
1043000.000
1008200.000
1012400.000
1019000.000
1027400.000
1006600.000
1032400.000
1046000.000
1050000.000
1069200.000
1076000.000
1082600.000
972600.000
955200.000
964600.000
975600.000
944400.000
975200.000
964000.000
950000.000
968000.000
953800.000
970200.000
970200.000
939800.000
946800.000
936400.000
905000.000
968200.000
953600.000
946200.000
954000.000
979000.000
967400.000
974200.000
964400.000
964400.000
994600.000
1028800.000
1001200.000
1023400.000
989400.000
1000800.000
968600.000
973800.000
987600.000
994400.000
1045600.000
1018000.000
1073200.000
1064800.000
1067200.000
1035800.000
1015600.000
1015800.000
976600.000
1045800.000
998800.000
1009200.000
1035200.000
1027800.000
1044600.000
1050400.000
1024400.000
1046400.000
1038600.000
1063600.000
1050600.000
1067800.000
1082200.000
1053800.000
1083600.000
1071800.000
1085400.000
1060200.000
1074400.000
1059000.000
1086800.000
1088600.000
1068000.000
1058000.000
1079400.000
1071800.000
1062000.000
1037200.000
1065800.000
1047800.000
1043800.000
1063400.000
1044600.000
1060200.000
1032800.000
1057000.000
1034200.000
1060200.000
1044800.000
1080400.000
1068400.000
1093000.000
1092800.000
1087800.000
1066000.000
1042400.000
1075600.000
1084800.000
1074400.000
1078400.000
1090400.000
1093800.000
1125400.000
1085400.000
1118800.000
1097600.000
1097000.000
1087000.000
1075200.000
1090600.000
1080800.000
1099200.000
1083600.000
1073400.000
1073600.000
1078600.000
1035200.000
1050000.000
1048000.000
1034200.000
1046200.000
1015200.000
997200.000
1022600.000
1023200.000
1054000.000
1089600.000
1126800.000
1185600.000
1189200.000
1197600.000
1208000.000
1183600.000
1161600.000
1164000.000
1127400.000
1128800.000
1124800.000
1119400.000
1117800.000
1126200.000
1136000.000
1096800.000
1119200.000
1107600.000
1109600.000
1092000.000
1108200.000
1114800.000
1116200.000
1108800.000
1107800.000
1095400.000
1071200.000
1114600.000
1066800.000
1070000.000
1072400.000
1085200.000
1098200.000
1056600.000
1053600.000
1086400.000
1079200.000
1108000.000
1087600.000
1111000.000
1105600.000
1093600.000
1087600.000
1057000.000
1066800.000
1084800.000
1038200.000
1053000.000
1031800.000
1069000.000
1050000.000
1084200.000
1049200.000
1053400.000
1053400.000
1039800.000
1027200.000
1060000.000
1042000.000
1070600.000
1032200.000
1013000.000
1024200.000
1021400.000
1032000.000
1024200.000
1005800.000
1039000.000
1000400.000
982000.000
993800.000
1009600.000
998000.000
1021400.000
1066200.000
1000400.000
1060600.000
1062600.000
1068000.000
950600.000
977000.000
940800.000
978800.000
975200.000
941600.000
962000.000
948600.000
955400.000
965400.000
955200.000
979600.000
979400.000
949800.000
958200.000
954400.000
951800.000
968200.000
979200.000
972200.000
969000.000
981000.000
987800.000
997000.000
1013600.000
994000.000
1015800.000
1023000.000
987200.000
991400.000
962800.000
961200.000
982600.000
970600.000
1007400.000
1021400.000
1039000.000
1032000.000
1093000.000
1075600.000
1060600.000
1006000.000
1010600.000
990400.000
998400.000
1034000.000
1025200.000
1031400.000
1024800.000
1040400.000
1045800.000
1074600.000
1039400.000
1049800.000
1022400.000
1069400.000
1035400.000
1091000.000
1081600.000
1049600.000
1076000.000
1066200.000
1099000.000
1068600.000
1079600.000
1094600.000
1096400.000
1073400.000
1073200.000
1069800.000
1060800.000
1047600.000
1017600.000
1071200.000
1042600.000
1047000.000
1052600.000
1049800.000
1030000.000
1043400.000
1039000.000
1023600.000
1080600.000
1066400.000
1060800.000
1045200.000
1086000.000
1067800.000
1094000.000
1106200.000
1036800.000
1070000.000
1068200.000
1083600.000
1088200.000
1068800.000
1102000.000
1094800.000
1093000.000
1122400.000
1079400.000
1081200.000
1065600.000
1051800.000
1109800.000
1117800.000
1103400.000
1093800.000
1100400.000
1094600.000
1104600.000
1033800.000
1083600.000
1054800.000
1050200.000
1041200.000
1024200.000
1030200.000
1010800.000
1043600.000
1079200.000
1076200.000
1152600.000
1153800.000
1198800.000
1225800.000
1195400.000
1175600.000
1169800.000
1150800.000
1130800.000
1115000.000
1126200.000
1102000.000
1140000.000
1123000.000
1105600.000
1130800.000
1106000.000
1124600.000
1080600.000
1082600.000
1100200.000
1116600.000
1086200.000
1085200.000
1105200.000
1083200.000
1093000.000
1084200.000
1073400.000
1078200.000
1054600.000
1096600.000
1092200.000
1071600.000
1070600.000
1086000.000
1095000.000
1078400.000
1092000.000
1094400.000
1107200.000
1076400.000
1089000.000
1061400.000
1062400.000
1044000.000
1072200.000
1070200.000
1025800.000
1054200.000
1054400.000
1044800.000
1059400.000
1047000.000
1070600.000
1080200.000
1070400.000
1056400.000
1056000.000
1078800.000
1076200.000
1073000.000
1042000.000
1044600.000
1058400.000
1067800.000
1023600.000
1058200.000
1014400.000
1002400.000
1005200.000
993800.000
1010400.000
1011400.000
1030800.000
1030600.000
1074200.000
1067000.000
1063000.000
990200.000
988800.000
956400.000
968400.000
983200.000
980600.000
970000.000
985200.000
978000.000
986400.000
1002600.000
999200.000
994600.000
968200.000
1002600.000
989800.000
978800.000
982800.000
1028800.000
1018600.000
1015000.000
1017600.000
1008600.000
1000600.000
1029800.000
1019800.000
1013800.000
1004200.000
983200.000
979800.000
970600.000
964000.000
972000.000
980000.000
979600.000
1031000.000
1036200.000
1069400.000
1112000.000
1068600.000
1051600.000
1011400.000
1007400.000
1002000.000
1047600.000
1027200.000
1020200.000
1039600.000
1046600.000
1030200.000
1058200.000
1055000.000
1047800.000
1075800.000
1061200.000
1062000.000
1050200.000
1070000.000
1064600.000
1054400.000
1053200.000
1069000.000
1062400.000
1042800.000
1058800.000
1060400.000
1068400.000
1043800.000
1073000.000
1077600.000
1059600.000
1062200.000
1043000.000
1054800.000
1023400.000
1051400.000
1069200.000
1057800.000
1045000.000
1055400.000
1027000.000
1049600.000
1070800.000
1053800.000
1093800.000
1068200.000
1077600.000
1092200.000
1071400.000
1089200.000
1076600.000
1086600.000
1055200.000
1095000.000
1073000.000
1101000.000
1120200.000
1104400.000
1117000.000
1104400.000
1084000.000
1109000.000
1125400.000
1109200.000
1115800.000
1107400.000
1114200.000
1108000.000
1106200.000
1087600.000
1084600.000
1081400.000
1079000.000
1052800.000
1099200.000
1039400.000
1055600.000
1052800.000
1084800.000
1063000.000
1105000.000
1114600.000
1167400.000
1173400.000
1213400.000
1217000.000
1175400.000
1169000.000
1175200.000
1155200.000
1113600.000
1145600.000
1119400.000
1120800.000
1116000.000
1123000.000
1104200.000
1101600.000
1093000.000
1123800.000
1091000.000
1096800.000
1087400.000
1092800.000
1100000.000
1113800.000
1083600.000
1094000.000
1084400.000
1088600.000
1073000.000
1065200.000
1066200.000
1061800.000
1073400.000
1089600.000
1070800.000
1049000.000
1091800.000
1108000.000
1078200.000
1104200.000
1102200.000
1097200.000
1081400.000
1079000.000
1043000.000
1060800.000
1049400.000
1080600.000
1059800.000
1043800.000
1047800.000
1058600.000
1065000.000
1066600.000
1052800.000
1087600.000
1078400.000
1044000.000
1049800.000
1039400.000
1058000.000
1065000.000
1056600.000
1023000.000
1036200.000
1039200.000
1000000.000
986600.000
990800.000
994000.000
992600.000
1003800.000
996000.000
1001400.000
1024200.000
1030200.000
1025400.000
1043600.000
1051200.000
955200.000
998200.000
975800.000
1015200.000
986200.000
999600.000
976200.000
996000.000
980800.000
1009800.000
975200.000
992400.000
994200.000
983200.000
977000.000
991000.000
1023800.000
1014200.000
1036600.000
1032000.000
1046000.000
1030200.000
1063200.000
1035800.000
1032000.000
1046000.000
1035000.000
1004200.000
986400.000
970000.000
972000.000
975600.000
965200.000
992400.000
1006000.000
1032000.000
1055600.000
1099400.000
1110800.000
1093400.000
1071200.000
1052400.000
1035000.000
1052200.000
1025200.000
1035000.000
999400.000
1019200.000
1036800.000
1046800.000
1043000.000
1047000.000
1060200.000
1067400.000
1057600.000
1084400.000
1076200.000
1055200.000
1078600.000
1081600.000
1090000.000
1070400.000
1090600.000
1069200.000
1079200.000
1052000.000
1080600.000
1103000.000
1066400.000
1050600.000
1061400.000
1053600.000
1035400.000
1069400.000
1059000.000
1067000.000
1071000.000
1078400.000
1056400.000
1065200.000
1088600.000
1060400.000
1048000.000
1068800.000
1081200.000
1070400.000
1079200.000
1066200.000
1098400.000
1092400.000
1128400.000
1091400.000
1101800.000
1083600.000
1101800.000
1094400.000
1127000.000
1107800.000
1093200.000
1082800.000
1064600.000
1097200.000
1088800.000
1107200.000
1144200.000
1139600.000
1115000.000
1102600.000
1108400.000
1115000.000
1115600.000
1117000.000
1119600.000
1082200.000
1095800.000
1086800.000
1100600.000
1109600.000
1112400.000
1146000.000
1140600.000
1164800.000
1168800.000
1228000.000
1196200.000
1199800.000
1173200.000
1171000.000
1136600.000
1150400.000
1119600.000
1137000.000
1140400.000
1134200.000
1107000.000
1175200.000
1135800.000
1121800.000
1142800.000
1106200.000
1112200.000
1084600.000
1090400.000
1102000.000
1118200.000
1096200.000
1095200.000
1074800.000
1049600.000
1075600.000
1052200.000
1092800.000
1068400.000
1045000.000
1068200.000
1062800.000
1084600.000
1061000.000
1074400.000
1072200.000
1087800.000
1091400.000
1089600.000
1079400.000
1063000.000
1051800.000
1083400.000
1055200.000
1076800.000
1064200.000
1076600.000
1066600.000
1040400.000
1035800.000
1030400.000
1051600.000
1042400.000
1061600.000
1048400.000
1057200.000
1036400.000
1038200.000
1079800.000
1041200.000
1042000.000
1059400.000
1038600.000
1032600.000
995800.000
1011400.000
1001200.000
1009400.000
992800.000
980000.000
960000.000
991800.000
995200.000
995600.000
1014000.000
1001000.000
1043400.000
989800.000
980600.000
1010400.000
1007400.000
1005000.000
1011000.000
1011600.000
1010800.000
980400.000
1015600.000
1040200.000
1021800.000
1024200.000
1004400.000
1010000.000
988000.000
1016600.000
1046000.000
1049200.000
1054200.000
1054800.000
1088400.000
1103600.000
1053600.000
1037200.000
1002200.000
1015000.000
1010400.000
974600.000
973000.000
941000.000
970600.000
965800.000
998200.000
996400.000
1008800.000
1064800.000
1109600.000
1115200.000
1111200.000
1078400.000
1028000.000
1021200.000
1024600.000
1051200.000
1030200.000
1045400.000
1040000.000
1020000.000
1035400.000
1050600.000
1072600.000
1053400.000
1054600.000
1059000.000
1071000.000
1080200.000
1072200.000
1098600.000
1074000.000
1073600.000
1118400.000
1084200.000
1070800.000
1074600.000
1060600.000
1090600.000
1058600.000
1067400.000
1092200.000
1065000.000
1036400.000
1073400.000
1065800.000
1048200.000
1046200.000
1053400.000
1019000.000
1043400.000
1061200.000
1065800.000
1054800.000
1042800.000
1070800.000
1076400.000
1085000.000
1049800.000
1092400.000
1080800.000
1076000.000
1065200.000
1118000.000
1095200.000
1110000.000
1080400.000
1121400.000
1109600.000
1119800.000
1115800.000
1109600.000
1117400.000
1090000.000
1128000.000
1154400.000
1123800.000
1150000.000
1132800.000
1158600.000
1139800.000
1128200.000
1115000.000
1115600.000
1133400.000
1123200.000
1108200.000
1132000.000
1137800.000
1126600.000
1149800.000
1177400.000
1178400.000
1199400.000
1197200.000
1193800.000
1166800.000
1183800.000
1138000.000
1132600.000
1146800.000
1135600.000
1158000.000
1162400.000
1126800.000
1142000.000
1140400.000
1121400.000
1104600.000
1141200.000
1107200.000
1088800.000
1103000.000
1093000.000
1078000.000
1078400.000
1080000.000
1112000.000
1054400.000
1073400.000
1080600.000
1047000.000
1044800.000
1038800.000
1064600.000
1043400.000
1068400.000
1068400.000
1097000.000
1097200.000
1098400.000
1072600.000
1069400.000
1050200.000
1063400.000
1102400.000
1075400.000
1090600.000
1101400.000
1078400.000
1060400.000
1056000.000
1046400.000
1064400.000
1033000.000
1052400.000
1039600.000
1060200.000
1065800.000
1060400.000
1057800.000
1060000.000
1053400.000
1070800.000
1041200.000
1068600.000
1050000.000
1053800.000
1055000.000
1019800.000
1008200.000
1008600.000
1003800.000
989800.000
987000.000
980400.000
999600.000
983600.000
984800.000
1002600.000
1027400.000
1024400.000
1005000.000
992200.000
990000.000
1005400.000
1023200.000
1019600.000
1011200.000
1018000.000
1022000.000
1011400.000
1011600.000
1034600.000
1027000.000
1022400.000
1022600.000
1042400.000
1049600.000
1025200.000
1019600.000
1031200.000
1101200.000
1115800.000
1142600.000
1108400.000
1087800.000
1055200.000
1045600.000
1037200.000
1020800.000
1000800.000
1009200.000
981400.000
984200.000
976400.000
1007000.000
1026400.000
1055000.000
1099600.000
1127000.000
1151400.000
1122800.000
1101600.000
1061600.000
1059000.000
1032400.000
1056400.000
1070400.000
1082200.000
1061400.000
1050400.000
1051800.000
1076800.000
1071600.000
1066400.000
1085600.000
1097600.000
1096600.000
1113000.000
1110600.000
1075000.000
1090600.000
1104200.000
1115800.000
1095800.000
1100600.000
1074800.000
1098000.000
1094800.000
1097200.000
1093400.000
1112400.000
1105600.000
1075400.000
1091400.000
1097800.000
1084200.000
1091800.000
1092800.000
1070800.000
1080400.000
1057000.000
1080200.000
1071200.000
1080000.000
1101000.000
1093800.000
1092800.000
1098400.000
1079600.000
1156000.000
1137400.000
1101600.000
1083200.000
1123400.000
1118200.000
1141800.000
1129000.000
1147800.000
1122200.000
1136600.000
1151000.000
1151200.000
1139800.000
1146400.000
1154000.000
1165000.000
1126200.000
1164000.000
1137800.000
1109000.000
1149200.000
1131800.000
1139600.000
1161800.000
1135000.000
1145200.000
1131600.000
1156000.000
1171600.000
1182400.000
1201400.000
1201200.000
1199600.000
1196800.000
1185800.000
1173600.000
1153200.000
1172600.000
1120800.000
1104200.000
1139200.000
1163200.000
1160000.000
1155600.000
1140000.000
1126000.000
1111000.000
1138400.000
1101800.000
1132800.000
1099200.000
1090400.000
1095600.000
1125800.000
1079400.000
1115800.000
1086200.000
1069800.000
1074000.000
1085400.000
1045800.000
1042000.000
1066800.000
1024200.000
1062600.000
1080000.000
1090800.000
1064200.000
1083800.000
1092200.000
1100200.000
1084200.000
1093600.000
1087000.000
1079800.000
1087400.000
1086000.000
1093800.000
1099600.000
1073200.000
1078800.000
1065200.000
1065800.000
1042400.000
1044200.000
1022000.000
1043600.000
1055600.000
1046800.000
1017000.000
1058000.000
1040600.000
1084400.000
1055600.000
1036400.000
1042200.000
1028800.000
1029000.000
1040600.000
1010200.000
1007200.000
981800.000
999200.000
1004400.000
998600.000
978000.000
1003600.000
1021200.000
998600.000
999800.000
1014800.000
999400.000
992600.000
1017800.000
1013200.000
1003600.000
990200.000
1025000.000
1015000.000
1015800.000
1050000.000
1026600.000
1021400.000
1045600.000
1047400.000
1033600.000
1055800.000
1042600.000
1059800.000
1078600.000
1069800.000
1130200.000
1146200.000
1139000.000
1084400.000
1081200.000
1061000.000
1047200.000
1008800.000
1006600.000
983000.000
953600.000
975600.000
989000.000
974400.000
1008000.000
1032800.000
1080000.000
1089400.000
1111800.000
1121200.000
1089400.000
1049200.000
1021000.000
1038400.000
1039400.000
1009400.000
1029200.000
1037200.000
1026000.000
1058800.000
1054600.000
1039400.000
1036800.000
1051600.000
1073200.000
1079800.000
1064800.000
1086200.000
1068600.000
1075200.000
1095000.000
1061400.000
1080000.000
1070200.000
1049200.000
1051600.000
1050600.000
1079200.000
1048800.000
1073800.000
1084800.000
1080000.000
1058200.000
1083000.000
1057800.000
1065800.000
1075800.000
1043400.000
1048600.000
1065000.000
1056600.000
1026200.000
1061800.000
1067000.000
1056000.000
1084200.000
1075400.000
1078000.000
1086600.000
1089200.000
1098000.000
1120200.000
1113400.000
1132200.000
1090800.000
1102400.000
1107200.000
1151600.000
1122000.000
1127600.000
1143400.000
1115000.000
1134600.000
1133000.000
1134800.000
1129200.000
1120600.000
1149600.000
1123200.000
1131000.000
1117200.000
1158400.000
1158800.000
1131800.000
1167000.000
1183000.000
1159600.000
1172600.000
1183000.000
1221000.000
1219400.000
1225400.000
1197600.000
1194600.000
1143600.000
1161600.000
1147000.000
1139200.000
1123000.000
1112400.000
1125400.000
1169800.000
1144400.000
1136800.000
1127000.000
1113800.000
1130600.000
1140200.000
1134200.000
1110000.000
1093400.000
1066600.000
1063400.000
1083800.000
1086800.000
1090400.000
1092400.000
1088800.000
1066200.000
1051200.000
1052800.000
1066600.000
1031200.000
1045000.000
1069800.000
1082200.000
1063200.000
1130400.000
1095800.000
1093000.000
1119000.000
1083600.000
1064400.000
1051600.000
1085800.000
1106200.000
1099600.000
1091400.000
1064600.000
1093400.000
1053000.000
1054600.000
1017200.000
1051400.000
1062200.000
1027400.000
1057400.000
1039400.000
1035200.000
1070400.000
1058600.000
1047000.000
1071000.000
1063800.000
1069400.000
1032400.000
1065800.000
1055200.000
1030400.000
1009400.000
1047000.000
987400.000
977800.000
991600.000
966200.000
982400.000
1017200.000
1023600.000
1015800.000
1021200.000
1008800.000
998600.000
976000.000
986400.000
995400.000
1005800.000
1018600.000
1046200.000
1042000.000
1052600.000
981200.000
1029200.000
1040600.000
1043400.000
1049400.000
1052800.000
1048400.000
1083200.000
1068600.000
1074400.000
1107200.000
1129600.000
1144200.000
1141600.000
1129800.000
1092400.000
1059400.000
1042800.000
1017800.000
1016600.000
988200.000
938800.000
992000.000
971800.000
1017200.000
1055000.000
1061600.000
1110000.000
1093400.000
1130200.000
1133400.000
1116200.000
1088000.000
1052000.000
1048200.000
1061000.000
1044400.000
1061000.000
1041000.000
1047000.000
1064200.000
1031000.000
1069600.000
1051600.000
1092800.000
1093400.000
1093800.000
1085400.000
1095600.000
1067800.000
1088200.000
1091200.000
1114600.000
1066200.000
1091600.000
1060000.000
1060200.000
1061000.000
1064600.000
1105600.000
1108600.000
1088000.000
1095400.000
1064600.000
1058800.000
1054800.000
1059000.000
1089000.000
1080200.000
1043200.000
1072800.000
1077400.000
1060800.000
1075400.000
1067000.000
1091600.000
1102000.000
1086400.000
1108200.000
1126200.000
1110800.000
1147200.000
1144600.000
1138800.000
1144000.000
1151200.000
1133600.000
1141600.000
1158400.000
1152000.000
1163600.000
1123800.000
1142400.000
1163400.000
1175600.000
1158600.000
1141000.000
1166800.000
1153000.000
1135800.000
1138000.000
1145400.000
1160600.000
1181400.000
1153800.000
1150200.000
1155000.000
1184200.000
1189400.000
1216200.000
1256600.000
1236600.000
1245400.000
1253400.000
1182400.000
1155000.000
1171600.000
1127800.000
1161600.000
1107200.000
1125400.000
1154000.000
1152400.000
1163400.000
1119600.000
1110600.000
1151200.000
1097400.000
1140400.000
1143800.000
1102400.000
1083600.000
1094800.000
1107200.000
1098800.000
1085600.000
1074200.000
1107600.000
1089000.000
1078400.000
1077800.000
1044800.000
1020000.000
1025600.000
1046000.000
1046800.000
1092400.000
1076400.000
1095800.000
1096200.000
1107000.000
1078200.000
1079800.000
1078800.000
1086200.000
1073200.000
1099200.000
1068800.000
1112400.000
1064400.000
1071000.000
1047800.000
1062800.000
1042200.000
1045200.000
1057400.000
1042000.000
1045600.000
1060800.000
1077000.000
1050200.000
1024800.000
1076200.000
1050600.000
1064800.000
1077600.000
1068800.000
1049400.000
1055800.000
1015800.000
1020800.000
1024600.000
1014600.000
1019000.000
1017000.000
1005800.000
1001000.000
1011800.000
1003600.000
998200.000
1012200.000
1026400.000
1026800.000
966000.000
998800.000
1012200.000
1022600.000
1026800.000
1019000.000
1050400.000
1033200.000
1023400.000
1036400.000
1029600.000
1069600.000
1062000.000
1070000.000
1066200.000
1077200.000
1077600.000
1098600.000
1110600.000
1173800.000
1135000.000
1138800.000
1129800.000
1102600.000
1085800.000
1017600.000
1014600.000
1017400.000
1010800.000
1010600.000
1032800.000
1015000.000
1026400.000
1067600.000
1090800.000
1076400.000
1108600.000
1125800.000
1100400.000
1069400.000
1062400.000
1037800.000
1056600.000
1032200.000
1032000.000
1064400.000
1033400.000
1048200.000
1064800.000
1100200.000
1079400.000
1042800.000
1083000.000
1067400.000
1099600.000
1059000.000
1066600.000
1077400.000
1070800.000
1058000.000
1066600.000
1049200.000
1049800.000
1072800.000
1051000.000
1082400.000
1109200.000
1106600.000
1081200.000
1046800.000
1076400.000
1070800.000
1062600.000
1075200.000
1067400.000
1079600.000
1057000.000
1099200.000
1089000.000
1077600.000
1053400.000
1074800.000
1056800.000
1082400.000
1105600.000
1104400.000
1082000.000
1106800.000
1107200.000
1143200.000
1160800.000
1141200.000
1133200.000
1166400.000
1153000.000
1145600.000
1185400.000
1158600.000
1120800.000
1157400.000
1157600.000
1176600.000
1153600.000
1163000.000
1177800.000
1173400.000
1152000.000
1142800.000
1129000.000
1152000.000
1174000.000
1167400.000
1151800.000
1159000.000
1191200.000
1195600.000
1178000.000
1243000.000
1231400.000
1241200.000
1198200.000
1173000.000
1156800.000
1168800.000
1160200.000
1137800.000
1114000.000
1134200.000
1146200.000
1177600.000
1108000.000
1138600.000
1090000.000
1128200.000
1120000.000
1127000.000
1166200.000
1141600.000
1108600.000
1091200.000
1131400.000
1081200.000
1078200.000
1097200.000
1083600.000
1089400.000
1065000.000
1065200.000
1075800.000
1025800.000
1052200.000
1056200.000
1040600.000
1047400.000
1074800.000
1093600.000
1063000.000
1078800.000
1097600.000
1101200.000
1080600.000
1088200.000
1115200.000
1069200.000
1088200.000
1103000.000
1092000.000
1095600.000
1077200.000
1063000.000
1089600.000
1054200.000
1053800.000
1094200.000
1031200.000
1050800.000
1058400.000
1041000.000
1035400.000
1063800.000
1061400.000
1069000.000
1050400.000
1054400.000
1061600.000
1055600.000
1047600.000
1038600.000
1037200.000
1030600.000
1024600.000
1018600.000
1005800.000
1035200.000
1032000.000
1034600.000
1030000.000
1022800.000
1031200.000
1035600.000
991400.000
963000.000
1025600.000
986000.000
1014400.000
1000000.000
1023600.000
1026600.000
1037200.000
1035800.000
1068200.000
1044800.000
1074200.000
1089600.000
1092800.000
1097400.000
1072200.000
1075600.000
1109600.000
1138200.000
1175800.000
1139000.000
1139400.000
1132600.000
1095000.000
1096800.000
1029400.000
1044800.000
992600.000
1035400.000
1020600.000
1032800.000
1026400.000
1062400.000
1078600.000
1072600.000
1111600.000
1118800.000
1089000.000
1105800.000
1062800.000
1050800.000
1070200.000
1058800.000
1046000.000
1048600.000
1066800.000
1055600.000
1069400.000
1070200.000
1078600.000
1073400.000
1087600.000
1087000.000
1070000.000
1088400.000
1077400.000
1068200.000
1085400.000
1078200.000
1059600.000
1075200.000
1092000.000
1061400.000
1032400.000
1066200.000
1042200.000
1077600.000
1103600.000
1084000.000
1075600.000
1053600.000
1048800.000
1075600.000
1075400.000
1072200.000
1092200.000
1074800.000
1068800.000
1087600.000
1062800.000
1091000.000
1051800.000
1089600.000
1068000.000
1092400.000
1090400.000
1090000.000
1110600.000
1117400.000
1134000.000
1155600.000
1144600.000
1156200.000
1160800.000
1169800.000
1195800.000
1174800.000
1169800.000
1171600.000
1143400.000
1150200.000
1143000.000
1163200.000
1196800.000
1187200.000
1182000.000
1165200.000
1145400.000
1168200.000
1140400.000
1196000.000
1164800.000
1183000.000
1163000.000
1186800.000
1174000.000
1211400.000
1210000.000
1276000.000
1256600.000
1217000.000
1199200.000
1207400.000
1163400.000
1140600.000
1121400.000
1138000.000
1118400.000
1138400.000
1141600.000
1153000.000
1139400.000
1137200.000
1112400.000
1111000.000
1125000.000
1110600.000
1112000.000
1077400.000
1118800.000
1080200.000
1070600.000
1110200.000
1077600.000
1082000.000
1085600.000
1070200.000
1061800.000
1053800.000
1079000.000
1048400.000
1066800.000
1060400.000
1079600.000
1101600.000
1095400.000
1082800.000
1108800.000
1082000.000
1107600.000
1119400.000
1096600.000
1090400.000
1095800.000
1106000.000
1109800.000
1077600.000
1089800.000
1082800.000
1081600.000
1069800.000
1084200.000
1074800.000
1055600.000
1055800.000
1048200.000
1040000.000
1037000.000
1032400.000
1021800.000
1035400.000
1054200.000
1082000.000
1057200.000
1067600.000
1053600.000
1064400.000
1024600.000
1035200.000
1032600.000
995200.000
1018000.000
1045200.000
1049800.000
1045400.000
1051400.000
1020600.000
1056200.000
1032000.000
1001000.000
1011000.000
979600.000
997600.000
969600.000
988200.000
991800.000
1035800.000
1046400.000
1062600.000
1038000.000
1057200.000
1045800.000
1055200.000
1091200.000
1100800.000
1087600.000
1092600.000
1092800.000
1147800.000
1188400.000
1176800.000
1161200.000
1148000.000
1125000.000
1121200.000
1080400.000
1064000.000
1038600.000
1039200.000
1027400.000
1048200.000
1048600.000
1079600.000
1082600.000
1098200.000
1150200.000
1095000.000
1124600.000
1113000.000
1074000.000
1078800.000
1075600.000
1063600.000
1078600.000
1068200.000
1045000.000
1059600.000
1041400.000
1076000.000
1061800.000
1077000.000
1083800.000
1058000.000
1106400.000
1110200.000
1090400.000
1082400.000
1073800.000
1079000.000
1061400.000
1068800.000
1052600.000
1075800.000
1069800.000
1077000.000
1064600.000
1069000.000
1105800.000
1089400.000
1103000.000
1083600.000
1096800.000
1077000.000
1094000.000
1088400.000
1071400.000
1083400.000
1099200.000
1085200.000
1047000.000
1084200.000
1048800.000
1071000.000
1096400.000
1089000.000
1105200.000
1082000.000
1121600.000
1129000.000
1153600.000
1145800.000
1116200.000
1146400.000
1157400.000
1182200.000
1186600.000
1215000.000
1194200.000
1160600.000
1197000.000
1158400.000
1161400.000
1144000.000
1198000.000
1195800.000
1172200.000
1171600.000
1195600.000
1163800.000
1149600.000
1155200.000
1156800.000
1167400.000
1208600.000
1176200.000
1175800.000
1187200.000
1200400.000
1219600.000
1237200.000
1264800.000
1193200.000
1194000.000
1156400.000
1179600.000
1161600.000
1144000.000
1119400.000
1116800.000
1125400.000
1152800.000
1140400.000
1121600.000
1086600.000
1056000.000
1102800.000
1078200.000
1084400.000
1059200.000
1078200.000
1079800.000
1043200.000
1092800.000
1055200.000
1073800.000
1082800.000
1065000.000
1055600.000
1068000.000
1046800.000
1070200.000
1054400.000
1068400.000
1066400.000
1081000.000
1097200.000
1099000.000
1117800.000
1104200.000
1117200.000
1077000.000
1107200.000
1099000.000
1100600.000
1076600.000
1068400.000
1080200.000
1098000.000
1077600.000
1094800.000
1075800.000
1057800.000
1054000.000
1066800.000
1065800.000
1071600.000
1081400.000
1039000.000
1037800.000
1035200.000
1058600.000
1043400.000
1050800.000
1057200.000
1064600.000
1072000.000
1076200.000
1049400.000
1055400.000
1044200.000
1048800.000
1037600.000
1075400.000
1038600.000
1077200.000
1053800.000
1041600.000
1035000.000
995800.000
1035600.000
1029400.000
1026000.000
983800.000
967800.000
991400.000
980800.000
1008600.000
1024400.000
1004600.000
1021200.000
1043200.000
1027600.000
1051000.000
1093000.000
1093600.000
1078200.000
1090600.000
1125400.000
1101800.000
1124000.000
1163000.000
1148800.000
1155200.000
1140000.000
1101600.000
1105200.000
1098400.000
1072800.000
1052600.000
1022400.000
1038200.000
1075800.000
1104000.000
1090400.000
1110800.000
1127200.000
1123400.000
1139000.000
1085400.000
1082600.000
1089600.000
1050800.000
1079000.000
1093600.000
1079800.000
1105600.000
1073600.000
1058400.000
1075600.000
1048600.000
1068400.000
1066400.000
1080800.000
1074600.000
1085800.000
1097200.000
1054400.000
1071400.000
1123200.000
1082600.000
1070400.000
1045000.000
1045200.000
1082200.000
1042800.000
1061600.000
1085400.000
1091600.000
1113600.000
1081800.000
1080600.000
1075400.000
1072800.000
1044600.000
1113000.000
1079400.000
1084000.000
1088400.000
1079400.000
1106400.000
1085200.000
1081000.000
1040600.000
1090800.000
1078000.000
1099600.000
1085800.000
1124600.000
1120600.000
1134800.000
1147200.000
1163400.000
1163400.000
1191800.000
1150200.000
1194200.000
1165600.000
1206000.000
1211600.000
1216400.000
1179000.000
1162000.000
1134800.000
1181000.000
1188600.000
1173800.000
1209600.000
1195600.000
1161400.000
1142000.000
1166400.000
1176000.000
1208000.000
1176800.000
1211200.000
1204200.000
1207000.000
1208200.000
1208400.000
1205200.000
1216400.000
1229200.000
1207400.000
1186600.000
1187000.000
1182400.000
1180400.000
1143200.000
1104000.000
1116000.000
1145000.000
1137400.000
1134000.000
1135600.000
1119800.000
1080800.000
1109000.000
1079000.000
1041000.000
1078200.000
1100000.000
1089200.000
1092000.000
1084400.000
1072800.000
1086600.000
1110600.000
1077600.000
1058200.000
1045000.000
1087200.000
1061600.000
1054200.000
1076600.000
1071200.000
1111600.000
1103000.000
1101400.000
1124600.000
1098800.000
1090000.000
1101200.000
1092000.000
1094000.000
1099800.000
1110000.000
1103400.000
1095400.000
1097600.000
1089200.000
1092800.000
1098000.000
1081400.000
1072000.000
1067800.000
1088000.000
1088000.000
1065200.000
1047000.000
1055600.000
1059200.000
1042800.000
1095000.000
1083800.000
1089000.000
1101400.000
1049600.000
1060400.000
1072800.000
1053200.000
1069200.000
1070200.000
1074600.000
1096200.000
1087600.000
1090400.000
1042400.000
1059400.000
1040200.000
1021800.000
1022400.000
1018400.000
1056400.000
981000.000
1000000.000
977600.000
970600.000
1024800.000
1007200.000
1007000.000
1031600.000
1023800.000
1053800.000
1036000.000
1054000.000
1102000.000
1102000.000
1108800.000
1145000.000
1127600.000
1164400.000
1143000.000
1142600.000
1145600.000
1119000.000
1108000.000
1111000.000
1111200.000
1086200.000
1081200.000
1037600.000
1066000.000
1054400.000
1077200.000
1099400.000
1114200.000
1119200.000
1109600.000
1091400.000
1077400.000
1092000.000
1066200.000
1094200.000
1073000.000
1114200.000
1089200.000
1072000.000
1045400.000
1082600.000
1074000.000
1084800.000
1086000.000
1084800.000
1094800.000
1108600.000
1091800.000
1087000.000
1075600.000
1075600.000
1071200.000
1075800.000
1062000.000
1083200.000
1065800.000
1080800.000
1062200.000
1064200.000
1092000.000
1094400.000
1114000.000
1064800.000
1059800.000
1077000.000
1078000.000
1069000.000
1089600.000
1094400.000
1065800.000
1071600.000
1089800.000
1090200.000
1081400.000
1086400.000
1091800.000
1065600.000
1090600.000
1081200.000
1077800.000
1112800.000
1115400.000
1112200.000
1157400.000
1167600.000
1172400.000
1173800.000
1175600.000
1223200.000
1208000.000
1194200.000
1193600.000
1204600.000
1159400.000
1170000.000
1133400.000
1204000.000
1179400.000
1198400.000
1175400.000
1157200.000
1136000.000
1132400.000
1131000.000
1155600.000
1163600.000
1197400.000
1223800.000
1190000.000
1227400.000
1198800.000
1219800.000
1191600.000
1183600.000
1210200.000
1188200.000
1150200.000
1144000.000
1131200.000
1125000.000
1113000.000
1079600.000
1110800.000
1111200.000
1120800.000
1135000.000
1109600.000
1053600.000
1056800.000
1059400.000
1046800.000
1072800.000
1069400.000
1063800.000
1067600.000
1081200.000
1068200.000
1069800.000
1036600.000
1068000.000
1034200.000
1101000.000
1076600.000
1065200.000
1049000.000
1091600.000
1088400.000
1075600.000
1109800.000
1090400.000
1085200.000
1111800.000
1119000.000
1116800.000
1102600.000
1092800.000
1100600.000
1125800.000
1088600.000
1097000.000
1116600.000
1085400.000
1119800.000
1069800.000
1094200.000
1062200.000
1085800.000
1063000.000
1091000.000
1080800.000
1089600.000
1041600.000
1063800.000
1023400.000
1054000.000
1082800.000
1077200.000
1083000.000
1083200.000
1074200.000
1088600.000
1070000.000
1080200.000
1074600.000
1088800.000
1103000.000
1083000.000
1077400.000
1090000.000
1073600.000
1052600.000
1034800.000
1044600.000
1039000.000
1034200.000
1073400.000
981600.000
990000.000
976600.000
992200.000
967600.000
997800.000
987600.000
1003200.000
1014000.000
1018600.000
1028000.000
1073400.000
1092600.000
1096600.000
1136000.000
1140800.000
1142600.000
1172000.000
1163400.000
1162400.000
1141600.000
1128600.000
1124800.000
1127800.000
1113200.000
1094000.000
1074600.000
1067200.000
1056600.000
1071800.000
1091800.000
1099000.000
1102800.000
1083400.000
1125600.000
1098400.000
1086400.000
1106000.000
1089800.000
1044600.000
1087600.000
1119200.000
1092000.000
1104000.000
1093000.000
1082800.000
1081800.000
1086200.000
1077800.000
1097600.000
1085800.000
1121400.000
1070000.000
1091600.000
1094800.000
1081200.000
1079800.000
1076800.000
1084800.000
1057000.000
1082000.000
1064400.000
1087600.000
1094000.000
1090600.000
1121000.000
1096000.000
1110000.000
1058800.000
1068000.000
1058200.000
1092800.000
1088200.000
1102000.000
1091000.000
1097800.000
1082400.000
1081600.000
1068000.000
1081000.000
1096600.000
1075600.000
1072600.000
1122200.000
1107200.000
1114400.000
1128200.000
1132200.000
1190800.000
1183000.000
1175600.000
1191200.000
1175000.000
1233800.000
1261600.000
1237800.000
1222200.000
1227200.000
1187600.000
1171200.000
1136600.000
1198600.000
1184600.000
1232200.000
1202600.000
1169400.000
1168400.000
1180800.000
1149800.000
1164800.000
1173200.000
1200200.000
1206200.000
1237600.000
1218400.000
1206400.000
1203400.000
1188600.000
1179400.000
1215600.000
1186800.000
1192200.000
1150000.000
1159200.000
1130000.000
1128000.000
1117200.000
1114200.000
1120600.000
1129400.000
1090200.000
1081600.000
1114400.000
1071400.000
1074000.000
1092200.000
1090600.000
1072000.000
1066600.000
1081400.000
1085200.000
1061200.000
1082600.000
1049200.000
1063200.000
1083800.000
1090400.000
1057400.000
1075000.000
1114200.000
1082200.000
1071000.000
1098800.000
1114000.000
1096600.000
1084200.000
1102000.000
1102000.000
1110600.000
1110600.000
1107800.000
1106000.000
1091000.000
1106400.000
1104000.000
1129600.000
1113600.000
1100800.000
1084600.000
1043000.000
1055400.000
1076800.000
1079000.000
1101000.000
1102600.000
1071200.000
1081800.000
1060600.000
1074200.000
1089400.000
1088400.000
1099600.000
1102200.000
1083200.000
1097200.000
1053800.000
1055200.000
1105400.000
1081400.000
1074600.000
1105800.000
1132600.000
1124600.000
1092000.000
1077800.000
1091800.000
1063600.000
1048600.000
1069200.000
1050800.000
1088400.000
982800.000
994800.000
975400.000
997600.000
991200.000
959800.000
980600.000
992800.000
981000.000
1024200.000
1027600.000
1060400.000
1117600.000
1119600.000
1120800.000
1147600.000
1165800.000
1160600.000
1136200.000
1087800.000
1130400.000
1105800.000
1120200.000
1132000.000
1124200.000
1107800.000
1078000.000
1098400.000
1070800.000
1080000.000
1101000.000
1122800.000
1086400.000
1090600.000
1102800.000
1088000.000
1089400.000
1070800.000
1086000.000
1092600.000
1096600.000
1068400.000
1075400.000
1104000.000
1079800.000
1103400.000
1104000.000
1109800.000
1106200.000
1128200.000
1102400.000
1091400.000
1122200.000
1101600.000
1096400.000
1095000.000
1085600.000
1059800.000
1077600.000
1096800.000
1108400.000
1070800.000
1086400.000
1119000.000
1107600.000
1090000.000
1098400.000
1110400.000
1058800.000
1078800.000
1108200.000
1104000.000
1058400.000
1103600.000
1085400.000
1131600.000
1109400.000
1090600.000
1102200.000
1118200.000
1059600.000
1067200.000
1078000.000
1086600.000
1090800.000
1127400.000
1126800.000
1166000.000
1125400.000
1178600.000
1193000.000
1159000.000
1242200.000
1238000.000
1246400.000
1249200.000
1187600.000
1175400.000
1161600.000
1144800.000
1176400.000
1156200.000
1183000.000
1176400.000
1164800.000
1162200.000
1133600.000
1113600.000
1154000.000
1150400.000
1179000.000
1213400.000
1211000.000
1225000.000
1192200.000
1183800.000
1188600.000
1189000.000
1168800.000
1182800.000
1177400.000
1149800.000
1144000.000
1120600.000
1103600.000
1123200.000
1135200.000
1123200.000
1141600.000
1131600.000
1091800.000
1096000.000
1089000.000
1052600.000
1063000.000
1056200.000
1063000.000
1050800.000
1103800.000
1051400.000
1059000.000
1087000.000
1058600.000
1055400.000
1058000.000
1083800.000
1043600.000
1064000.000
1096400.000
1088800.000
1090000.000
1082600.000
1118800.000
1105600.000
1123400.000
1123200.000
1124400.000
1112400.000
1105200.000
1141400.000
1110600.000
1080600.000
1135600.000
1105600.000
1134000.000
1107600.000
1147600.000
1139400.000
1078600.000
1084200.000
1069600.000
1126600.000
1114400.000
1101200.000
1133200.000
1100800.000
1089600.000
1077000.000
1074000.000
1077800.000
1060200.000
1073800.000
1076400.000
1051000.000
1099400.000
1063400.000
1117400.000
1068600.000
1078200.000
1114600.000
1097800.000
1078600.000
1086400.000
1125600.000
1072400.000
1062800.000
1092400.000
1102600.000
1084800.000
1092200.000
1119000.000
1003200.000
966600.000
984000.000
968400.000
965000.000
970200.000
950000.000
963200.000
962200.000
971400.000
1016400.000
1042000.000
1073000.000
1079000.000
1143800.000
1146200.000
1144200.000
1140200.000
1145400.000
1144800.000
1098400.000
1091600.000
1123800.000
1151400.000
1122000.000
1132400.000
1110800.000
1116400.000
1110600.000
1097800.000
1095000.000
1083200.000
1084000.000
1098200.000
1065600.000
1084600.000
1107000.000
1095600.000
1077400.000
1116400.000
1102000.000
1105800.000
1108200.000
1081200.000
1100000.000
1098400.000
1107600.000
1129600.000
1112000.000
1127000.000
1112200.000
1101200.000
1109000.000
1093000.000
1077800.000
1066400.000
1108800.000
1070800.000
1071600.000
1096800.000
1094200.000
1128800.000
1108000.000
1110400.000
1118000.000
1081200.000
1088000.000
1098800.000
1098000.000
1086200.000
1099800.000
1117800.000
1103400.000
1107000.000
1126000.000
1138800.000
1083200.000
1108200.000
1118200.000
1102600.000
1108600.000
1100200.000
1096800.000
1113800.000
1127200.000
1119400.000
1127000.000
1171400.000
1141400.000
1151000.000
1158400.000
1214800.000
1190600.000
1227600.000
1258000.000
1288200.000
1227600.000
1188600.000
1177600.000
1143000.000
1175000.000
1216600.000
1191800.000
1224400.000
1163000.000
1168600.000
1137200.000
1181800.000
1183200.000
1171800.000
1192400.000
1218400.000
1214400.000
1193800.000
1186600.000
1158000.000
1182200.000
1182400.000
1204200.000
1191800.000
1190200.000
1160200.000
1150000.000
1141400.000
1110400.000
1120800.000
1100800.000
1110200.000
1101400.000
1094800.000
1082600.000
1086000.000
1068800.000
1054000.000
1073400.000
1055200.000
1057400.000
1120600.000
1077600.000
1093600.000
1046000.000
1060600.000
1073800.000
1067200.000
1059400.000
1081400.000
1053800.000
1108000.000
1087000.000
1057400.000
1123000.000
1100400.000
1090000.000
1078200.000
1104800.000
1103200.000
1145800.000
1141000.000
1112000.000
1123800.000
1126800.000
1110600.000
1147800.000
1152200.000
1141400.000
1118200.000
1111400.000
1115200.000
1104800.000
1111600.000
1097600.000
1118600.000
1115200.000
1110200.000
1147800.000
1140800.000
1102400.000
1073400.000
1080600.000
1104000.000
1065400.000
1083000.000
1078600.000
1070000.000
1108600.000
1080800.000
1093200.000
1066800.000
1097400.000
1088400.000
1133400.000
1136400.000
1137200.000
1131800.000
1135400.000
1150000.000
1106800.000
1126000.000
1117800.000
1106200.000
1131400.000
976200.000
958000.000
942200.000
962600.000
960400.000
941800.000
976200.000
962400.000
983600.000
952000.000
986600.000
1046200.000
1049800.000
1124200.000
1118400.000
1163000.000
1175400.000
1157800.000
1193000.000
1103200.000
1141400.000
1099200.000
1124600.000
1150200.000
1116600.000
1152800.000
1097200.000
1082800.000
1094600.000
1080000.000
1087200.000
1094400.000
1096200.000
1109000.000
1112600.000
1109000.000
1092000.000
1107200.000
1106400.000
1108800.000
1104400.000
1085200.000
1117600.000
1117400.000
1109400.000
1126800.000
1148200.000
1130600.000
1139800.000
1120000.000
1093800.000
1111800.000
1123200.000
1079600.000
1092000.000
1103200.000
1128600.000
1095400.000
1083000.000
1085000.000
1127000.000
1116000.000
1132000.000
1148400.000
1137400.000
1084000.000
1088800.000
1107400.000
1108800.000
1097800.000
1118800.000
1102000.000
1138000.000
1156000.000
1131200.000
1150000.000
1124000.000
1133400.000
1142400.000
1123000.000
1117800.000
1141600.000
1108000.000
1109400.000
1111400.000
1149200.000
1165600.000
1142200.000
1166800.000
1177000.000
1154000.000
1237200.000
1234600.000
1297000.000
1285800.000
1229600.000
1219800.000
1174200.000
1178400.000
1184800.000
1218800.000
1245200.000
1204000.000
1203400.000
1178000.000
1166400.000
1143200.000
1173400.000
1188600.000
1191000.000
1240000.000
1234800.000
1199800.000
1209200.000
1175000.000
1169400.000
1171200.000
1223000.000
1175200.000
1179600.000
1150600.000
1138600.000
1150400.000
1110400.000
1110200.000
1095600.000
1118800.000
1114600.000
1111600.000
1106200.000
1105800.000
1068000.000
1067200.000
1053800.000
1046000.000
1066000.000
1093600.000
1091600.000
1102600.000
1090800.000
1089000.000
1067000.000
1072200.000
1064400.000
1072000.000
1083800.000
1116000.000
1107200.000
1109200.000
1081400.000
1091600.000
1126400.000
1104800.000
1121800.000
1158800.000
1171200.000
1149800.000
1136800.000
1128000.000
1145400.000
1135800.000
1140200.000
1173200.000
1156200.000
1146400.000
1145600.000
1132000.000
1135400.000
1134400.000
1093400.000
1113400.000
1102000.000
1118800.000
1131600.000
1163600.000
1134200.000
1096200.000
1094200.000
1105200.000
1110200.000
1084800.000
1100800.000
1090000.000
1098600.000
1125200.000
1089000.000
1084600.000
1083000.000
1105400.000
1136400.000
1129200.000
1154200.000
1140400.000
1152200.000
1133800.000
1118000.000
1125200.000
1126200.000
1143200.000
1124200.000
1137800.000
983000.000
989800.000
979200.000
965400.000
954800.000
950400.000
941000.000
930400.000
953000.000
935800.000
981000.000
1005400.000
1067200.000
1121400.000
1135200.000
1172800.000
1154000.000
1164000.000
1173200.000
1119800.000
1135800.000
1115600.000
1117000.000
1152000.000
1156600.000
1164800.000
1116600.000
1125400.000
1118800.000
1109000.000
1097400.000
1094000.000
1107800.000
1113000.000
1109400.000
1134800.000
1108200.000
1142200.000
1104800.000
1122000.000
1122600.000
1137000.000
1125200.000
1105400.000
1114800.000
1123400.000
1101200.000
1128400.000
1149000.000
1142400.000
1128000.000
1104400.000
1103400.000
1115000.000
1096600.000
1108600.000
1110000.000
1121200.000
1109000.000
1118000.000
1128400.000
1162400.000
1142600.000
1182400.000
1185400.000
1117800.000
1099200.000
1121000.000
1108600.000
1148000.000
1111400.000
1107200.000
1133600.000
1142800.000
1146200.000
1138800.000
1155200.000
1122200.000
1141400.000
1142000.000
1132800.000
1128000.000
1126400.000
1120800.000
1113200.000
1128600.000
1173400.000
1154200.000
1170200.000
1148000.000
1155400.000
1201400.000
1252600.000
1287400.000
1274600.000
1246000.000
1194000.000
1183600.000
1193800.000
1221800.000
1201200.000
1183600.000
1179400.000
1188200.000
1167800.000
1150600.000
1169000.000
1160400.000
1174600.000
1215200.000
1218600.000
1213000.000
1207000.000
1220200.000
1184000.000
1164200.000
1173200.000
1151800.000
1159200.000
1185600.000
1138800.000
1107800.000
1134800.000
1125200.000
1133000.000
1123000.000
1114400.000
1114000.000
1121200.000
1104600.000
1096000.000
1072400.000
1059800.000
1063200.000
1053400.000
1057600.000
1078200.000
1082800.000
1078800.000
1078200.000
1077000.000
1046400.000
1059200.000
1068800.000
1051400.000
1077000.000
1088000.000
1085400.000
1075800.000
1112800.000
1076800.000
1108000.000
1082600.000
1107200.000
1121800.000
1124600.000
1134000.000
1126200.000
1133000.000
1104600.000
1126400.000
1150200.000
1122400.000
1153200.000
1144200.000
1140800.000
1125200.000
1121600.000
1090000.000
1105600.000
1105400.000
1127200.000
1120600.000
1139000.000
1124800.000
1125400.000
1122800.000
1101400.000
1094600.000
1091800.000
1079600.000
1066400.000
1078600.000
1083400.000
1080400.000
1078400.000
1072400.000
1083400.000
1087600.000
1097800.000
1135200.000
1122400.000
1135400.000
1123800.000
1144800.000
1132000.000
1136000.000
1118800.000
1124000.000
1135600.000
1142200.000
994200.000
991000.000
959000.000
935800.000
925000.000
927800.000
929800.000
899200.000
912800.000
943000.000
972200.000
1009800.000
1035000.000
1058000.000
1095000.000
1143400.000
1156800.000
1166800.000
1144000.000
1081600.000
1108400.000
1106800.000
1130000.000
1109600.000
1135800.000
1100400.000
1088800.000
1083600.000
1074200.000
1051600.000
1081600.000
1103400.000
1067800.000
1101400.000
1079000.000
1092200.000
1107800.000
1084800.000
1115800.000
1115000.000
1110200.000
1097400.000
1071400.000
1077600.000
1101600.000
1114800.000
1097000.000
1146200.000
1143600.000
1114200.000
1111200.000
1094200.000
1089200.000
1074000.000
1108200.000
1068600.000
1083800.000
1096800.000
1092000.000
1139000.000
1130600.000
1167800.000
1130800.000
1140600.000
1123400.000
1097000.000
1101200.000
1084400.000
1076600.000
1111000.000
1093200.000
1111800.000
1113200.000
1129600.000
1188000.000
1126200.000
1136200.000
1130400.000
1125000.000
1116200.000
1114400.000
1116200.000
1092600.000
1084400.000
1100800.000
1094200.000
1116400.000
1098800.000
1097400.000
1104800.000
1125400.000
1174800.000
1205200.000
1231000.000
1239000.000
1238200.000
1177200.000
1192000.000
1157000.000
1176800.000
1184400.000
1165400.000
1190400.000
1126400.000
1158000.000
1167200.000
1145800.000
1168000.000
1201200.000
1170800.000
1213200.000
1205200.000
1153400.000
1151400.000
1166000.000
1156000.000
1136200.000
1159600.000
1150200.000
1148400.000
1120200.000
1122800.000
1129600.000
1093800.000
1098400.000
1096600.000
1096800.000
1102600.000
1085000.000
1095800.000
1092400.000
1050200.000
1052200.000
1019800.000
1046000.000
1071600.000
1109400.000
1092200.000
1090000.000
1085200.000
1080000.000
1067600.000
1082200.000
1065400.000
1087400.000
1091200.000
1122400.000
1103600.000
1103000.000
1105200.000
1109200.000
1080600.000
1075200.000
1087400.000
1116000.000
1120000.000
1088400.000
1124400.000
1124800.000
1118000.000
1146800.000
1137800.000
1139600.000
1145800.000
1131000.000
1136600.000
1116200.000
1109400.000
1084800.000
1099000.000
1115000.000
1113200.000
1119400.000
1094000.000
1103400.000
1110800.000
1104600.000
1095600.000
1087600.000
1077400.000
1086200.000
1054200.000
1067800.000
1077000.000
1060200.000
1090400.000
1094000.000
1081200.000
1094600.000
1094400.000
1137400.000
1128600.000
1124600.000
1118400.000
1094000.000
1109000.000
1109600.000
1124800.000
1103800.000
1137600.000
1166600.000
974400.000
972600.000
951400.000
948600.000
897400.000
912800.000
930600.000
916400.000
920600.000
932800.000
969200.000
1019600.000
1045000.000
1075000.000
1105200.000
1152400.000
1168600.000
1140800.000
1131000.000
1092800.000
1123800.000
1128000.000
1137200.000
1087000.000
1098400.000
1058600.000
1090400.000
1072800.000
1072800.000
1069200.000
1095400.000
1088600.000
1094400.000
1100800.000
1104800.000
1080600.000
1081000.000
1102800.000
1121400.000
1116400.000
1116000.000
1096400.000
1097600.000
1100400.000
1102000.000
1110200.000
1107200.000
1124000.000
1147600.000
1134400.000
1126200.000
1109400.000
1101400.000
1076800.000
1110000.000
1110200.000
1112200.000
1122200.000
1123000.000
1147000.000
1154600.000
1177800.000
1155400.000
1153200.000
1145800.000
1144600.000
1106600.000
1113400.000
1098200.000
1112800.000
1160600.000
1148800.000
1138000.000
1135800.000
1153000.000
1153600.000
1155600.000
1129800.000
1134200.000
1166600.000
1179600.000
1139600.000
1110600.000
1091800.000
1101200.000
1110000.000
1098800.000
1071800.000
1111600.000
1106800.000
1091800.000
1162000.000
1227200.000
1255600.000
1262400.000
1226200.000
1248000.000
1218200.000
1199200.000
1161600.000
1201600.000
1220800.000
1207600.000
1168800.000
1167400.000
1147400.000
1192800.000
1164800.000
1184800.000
1169800.000
1206200.000
1221800.000
1187600.000
1164000.000
1201600.000
1196600.000
1159800.000
1160200.000
1163200.000
1133000.000
1122200.000
1124600.000
1091600.000
1128200.000
1107400.000
1087200.000
1104000.000
1139600.000
1117600.000
1112600.000
1101600.000
1092400.000
1049800.000
1090200.000
1082400.000
1094400.000
1119800.000
1099000.000
1102200.000
1107000.000
1093200.000
1053800.000
1089600.000
1066400.000
1077400.000
1070200.000
1090400.000
1090000.000
1080400.000
1126600.000
1097600.000
1118400.000
1067200.000
1106400.000
1088400.000
1108000.000
1111600.000
1112600.000
1122000.000
1111000.000
1132000.000
1135000.000
1166400.000
1141000.000
1136600.000
1121600.000
1110600.000
1127400.000
1109200.000
1127600.000
1133200.000
1134800.000
1133600.000
1127600.000
1104400.000
1119000.000
1084000.000
1118000.000
1068000.000
1058400.000
1061400.000
1066600.000
1072200.000
1074000.000
1077000.000
1075200.000
1081200.000
1076800.000
1075200.000
1107800.000
1110000.000
1133200.000
1126600.000
1109800.000
1100400.000
1113800.000
1126600.000
1107000.000
1110800.000
1147600.000
1147000.000
1007200.000
992600.000
961200.000
947800.000
953000.000
960200.000
949600.000
924800.000
948400.000
989800.000
1030600.000
1028200.000
1072000.000
1093200.000
1176600.000
1171200.000
1152800.000
1154800.000
1154800.000
1178600.000
1153600.000
1147800.000
1153000.000
1131400.000
1152800.000
1103200.000
1120600.000
1109800.000
1083800.000
1088400.000
1103800.000
1097200.000
1126200.000
1090400.000
1140400.000
1091600.000
1117400.000
1115200.000
1111800.000
1103400.000
1119000.000
1112000.000
1104800.000
1103400.000
1123800.000
1118800.000
1117400.000
1170000.000
1117400.000
1153000.000
1109000.000
1105000.000
1090200.000
1076000.000
1099000.000
1117800.000
1150200.000
1145200.000
1164600.000
1173600.000
1187400.000
1210200.000
1223000.000
1206400.000
1182800.000
1149400.000
1116400.000
1138600.000
1118600.000
1126600.000
1137000.000
1161200.000
1150400.000
1157000.000
1159800.000
1147000.000
1179600.000
1177600.000
1175400.000
1201600.000
1186200.000
1141400.000
1129200.000
1106600.000
1079400.000
1076800.000
1080800.000
1091200.000
1084800.000
1120800.000
1128200.000
1180200.000
1233000.000
1278600.000
1254200.000
1230800.000
1214200.000
1217000.000
1168800.000
1206400.000
1171600.000
1201800.000
1191000.000
1170600.000
1157200.000
1147400.000
1174600.000
1191800.000
1196000.000
1199400.000
1184200.000
1199800.000
1194800.000
1167600.000
1180400.000
1169000.000
1166400.000
1148200.000
1137800.000
1127400.000
1113400.000
1114200.000
1120400.000
1092800.000
1085400.000
1082000.000
1101200.000
1104200.000
1116600.000
1094400.000
1102600.000
1088200.000
1102400.000
1112000.000
1071200.000
1107600.000
1075000.000
1087600.000
1107800.000
1071800.000
1083000.000
1071200.000
1056000.000
1110200.000
1099600.000
1102000.000
1099200.000
1108600.000
1092400.000
1101200.000
1123400.000
1093200.000
1105600.000
1109400.000
1097400.000
1124400.000
1106600.000
1146200.000
1110200.000
1119000.000
1139800.000
1153800.000
1150000.000
1184000.000
1169400.000
1151400.000
1133800.000
1101000.000
1131200.000
1129200.000
1136800.000
1156600.000
1136600.000
1126600.000
1143000.000
1118200.000
1111800.000
1094400.000
1104200.000
1084200.000
1077800.000
1079400.000
1083200.000
1100000.000
1096000.000
1126800.000
1117000.000
1071200.000
1101400.000
1098800.000
1128600.000
1129200.000
1125800.000
1093600.000
1074400.000
1096800.000
1120000.000
1110000.000
1112200.000
1140200.000
1136600.000
996600.000
987600.000
990200.000
955400.000
948800.000
965400.000
964000.000
994600.000
1001600.000
1032200.000
993000.000
1023400.000
1116400.000
1129000.000
1151400.000
1147400.000
1156800.000
1171000.000
1146000.000
1155400.000
1140600.000
1140200.000
1136800.000
1122600.000
1113600.000
1090400.000
1081800.000
1088400.000
1059000.000
1074600.000
1080200.000
1067600.000
1106600.000
1111000.000
1097800.000
1068200.000
1101800.000
1133400.000
1103400.000
1085800.000
1087600.000
1123400.000
1089000.000
1125200.000
1087400.000
1098200.000
1121000.000
1129000.000
1096800.000
1128000.000
1105800.000
1070400.000
1088400.000
1097400.000
1077200.000
1137400.000
1163400.000
1136600.000
1180400.000
1161800.000
1138800.000
1175200.000
1196000.000
1173600.000
1184600.000
1182600.000
1104000.000
1115200.000
1120800.000
1103000.000
1126000.000
1141400.000
1129800.000
1179600.000
1159200.000
1150000.000
1144200.000
1165400.000
1180600.000
1202400.000
1183200.000
1139400.000
1108600.000
1095200.000
1065000.000
1056800.000
1068600.000
1070600.000
1069600.000
1097000.000
1093600.000
1146400.000
1187200.000
1205200.000
1222000.000
1205600.000
1190200.000
1179800.000
1147000.000
1172000.000
1172200.000
1161600.000
1180200.000
1136200.000
1133400.000
1152800.000
1152000.000
1157800.000
1190600.000
1202800.000
1170200.000
1180800.000
1149600.000
1173800.000
1156800.000
1177800.000
1152200.000
1130600.000
1142600.000
1142200.000
1130000.000
1114000.000
1110800.000
1109000.000
1101600.000
1103000.000
1076200.000
1101200.000
1086800.000
1099200.000
1068400.000
1083000.000
1094000.000
1115600.000
1119400.000
1103400.000
1107200.000
1094800.000
1092800.000
1104200.000
1108600.000
1094400.000
1115000.000
1088000.000
1092400.000
1100200.000
1121600.000
1106600.000
1058400.000
1098800.000
1069200.000
1079800.000
1084400.000
1105000.000
1082400.000
1103800.000
1064000.000
1114200.000
1094800.000
1122600.000
1120200.000
1152800.000
1167200.000
1175600.000
1167600.000
1131600.000
1113200.000
1160400.000
1133800.000
1143200.000
1115000.000
1171000.000
1167000.000
1151000.000
1145800.000
1134600.000
1109200.000
1104200.000
1121200.000
1099800.000
1050400.000
1074800.000
1086800.000
1084400.000
1088400.000
1123400.000
1112800.000
1072200.000
1105200.000
1132600.000
1098000.000
1116800.000
1100000.000
1102000.000
1115200.000
1076400.000
1116400.000
1131000.000
1113000.000
1117600.000
1119800.000
1011200.000
1003600.000
994400.000
988400.000
1002000.000
976800.000
999200.000
1019400.000
1014400.000
1019600.000
1049200.000
1077200.000
1109600.000
1146600.000
1128800.000
1125200.000
1167800.000
1161000.000
1161400.000
1124600.000
1149000.000
1140800.000
1148800.000
1115800.000
1112800.000
1057000.000
1082800.000
1064800.000
1057600.000
1089800.000
1092200.000
1077600.000
1088400.000
1055000.000
1095600.000
1115000.000
1073000.000
1118400.000
1070600.000
1093400.000
1092400.000
1087800.000
1079600.000
1106400.000
1106600.000
1100600.000
1094600.000
1120800.000
1121200.000
1111000.000
1094200.000
1090000.000
1067200.000
1114800.000
1100800.000
1117000.000
1142600.000
1164200.000
1148400.000
1184400.000
1177800.000
1169800.000
1187400.000
1199000.000
1178200.000
1160200.000
1173200.000
1133800.000
1147600.000
1131600.000
1147200.000
1157200.000
1119000.000
1160000.000
1146800.000
1151000.000
1173000.000
1187400.000
1190400.000
1199400.000
1183200.000
1153600.000
1099600.000
1082800.000
1081000.000
1053000.000
1072600.000
1067200.000
1061200.000
1086400.000
1129400.000
1174000.000
1183400.000
1197200.000
1215000.000
1218000.000
1202000.000
1170000.000
1182200.000
1184600.000
1162600.000
1165000.000
1153000.000
1126200.000
1119400.000
1140000.000
1160600.000
1170000.000
1169000.000
1161800.000
1149800.000
1157000.000
1177200.000
1157800.000
1143000.000
1143000.000
1124200.000
1123200.000
1126400.000
1143400.000
1105400.000
1084800.000
1098200.000
1079800.000
1082600.000
1084800.000
1112400.000
1090400.000
1117400.000
1079600.000
1077400.000
1099800.000
1131200.000
1086000.000
1106200.000
1122400.000
1118400.000
1102600.000
1066000.000
1080000.000
1098000.000
1090600.000
1087000.000
1091600.000
1119800.000
1085000.000
1122000.000
1095200.000
1083000.000
1082200.000
1066800.000
1081000.000
1106400.000
1073400.000
1098200.000
1099000.000
1070000.000
1093800.000
1076000.000
1113800.000
1122000.000
1157800.000
1188200.000
1193200.000
1180200.000
1131800.000
1119200.000
1136200.000
1147200.000
1143400.000
1149000.000
1161600.000
1136600.000
1174400.000
1190000.000
1121000.000
1131000.000
1136200.000
1092200.000
1121200.000
1086200.000
1086800.000
1118200.000
1106400.000
1092000.000
1123000.000
1093800.000
1099800.000
1115000.000
1121000.000
1112600.000
1106400.000
1130000.000
1089600.000
1103400.000
1107400.000
1115600.000
1139200.000
1122600.000
1140800.000
1141000.000
1026600.000
1023000.000
1015000.000
997400.000
1028400.000
1022400.000
1012000.000
1038600.000
1036800.000
1071600.000
1073600.000
1116400.000
1126800.000
1122000.000
1111200.000
1123600.000
1131800.000
1117800.000
1121800.000
1125000.000
1146000.000
1134600.000
1130200.000
1118600.000
1094600.000
1083800.000
1066200.000
1071400.000
1049400.000
1057000.000
1095400.000
1091000.000
1085400.000
1074000.000
1069400.000
1086200.000
1077200.000
1076600.000
1083000.000
1111600.000
1068600.000
1051600.000
1105600.000
1095000.000
1104600.000
1100200.000
1122000.000
1145000.000
1113600.000
1112400.000
1085200.000
1085600.000
1084800.000
1088200.000
1104400.000
1117400.000
1125400.000
1148200.000
1173000.000
1207400.000
1145800.000
1198600.000
1223600.000
1225600.000
1204200.000
1178000.000
1143400.000
1158400.000
1112800.000
1108000.000
1111400.000
1173200.000
1143400.000
1149000.000
1157400.000
1139400.000
1180400.000
1183000.000
1217600.000
1185800.000
1189400.000
1146000.000
1121200.000
1066400.000
1086800.000
1096400.000
1057800.000
1051600.000
1065400.000
1095000.000
1074800.000
1200400.000
1202200.000
1205000.000
1197000.000
1204800.000
1171200.000
1162800.000
1143400.000
1129800.000
1147800.000
1188200.000
1162400.000
1124000.000
1133000.000
1144000.000
1128800.000
1181000.000
1165600.000
1137400.000
1154400.000
1147400.000
1168800.000
1132800.000
1134000.000
1126000.000
1111200.000
1129600.000
1091200.000
1103600.000
1111600.000
1099000.000
1091800.000
1089800.000
1148800.000
1111000.000
1102800.000
1099800.000
1093000.000
1076200.000
1098600.000
1064800.000
1100800.000
1108000.000
1121000.000
1132600.000
1093600.000
1125000.000
1097400.000
1083800.000
1079000.000
1086800.000
1075000.000
1080600.000
1097600.000
1068000.000
1075400.000
1092200.000
1084400.000
1069400.000
1055400.000
1071200.000
1053800.000
1044200.000
1078000.000
1082400.000
1084200.000
1047200.000
1066400.000
1079400.000
1085600.000
1113200.000
1128000.000
1147000.000
1131600.000
1128600.000
1142600.000
1114000.000
1086400.000
1149200.000
1146200.000
1120400.000
1137400.000
1117400.000
1111200.000
1108000.000
1123000.000
1093600.000
1080000.000
1064400.000
1064400.000
1062600.000
1077800.000
1061200.000
1089600.000
1102200.000
1080000.000
1100000.000
1103200.000
1093800.000
1092000.000
1111400.000
1120800.000
1107000.000
1091800.000
1102800.000
1075000.000
1086600.000
1090400.000
1073400.000
1092800.000
1064400.000
1040800.000
1055400.000
1088400.000
1058400.000
1053200.000
1098600.000
1077600.000
1097800.000
1107000.000
1087600.000
1118000.000
1147200.000
1100000.000
1100200.000
1099600.000
1092600.000
1116000.000
1128400.000
1133400.000
1119000.000
1140200.000
1117800.000
1087600.000
1044200.000
1081600.000
1043400.000
1085200.000
1080800.000
1048800.000
1070800.000
1077200.000
1068600.000
1070200.000
1085800.000
1064400.000
1084200.000
1078600.000
1061200.000
1133400.000
1079200.000
1099000.000
1073400.000
1104000.000
1093400.000
1108200.000
1095400.000
1120200.000
1113600.000
1078800.000
1084400.000
1070400.000
1045600.000
1076200.000
1082000.000
1127200.000
1131400.000
1123000.000
1130400.000
1140200.000
1139000.000
1176800.000
1222800.000
1247000.000
1214200.000
1178400.000
1158800.000
1154600.000
1125200.000
1147400.000
1125000.000
1138400.000
1160800.000
1195000.000
1168200.000
1187200.000
1206600.000
1228800.000
1248000.000
1233600.000
1166200.000
1159600.000
1165800.000
1120600.000
1116800.000
1068200.000
1076600.000
1069400.000
1090800.000
1141800.000
1174600.000
1220000.000
1221000.000
1257000.000
1204000.000
1211200.000
1196400.000
1172600.000
1147400.000
1186800.000
1155000.000
1186600.000
1173400.000
1143400.000
1169400.000
1151600.000
1160400.000
1165800.000
1141200.000
1140600.000
1146800.000
1163000.000
1164000.000
1148000.000
1107200.000
1139400.000
1139200.000
1155600.000
1111600.000
1134000.000
1124200.000
1108200.000
1099400.000
1139800.000
1110000.000
1113000.000
1115400.000
1102800.000
1086000.000
1108400.000
1081800.000
1121800.000
1113800.000
1103800.000
1092400.000
1121600.000
1100200.000
1097000.000
1075000.000
1092000.000
1108200.000
1097800.000
1085200.000
1101000.000
1085800.000
1095200.000
1092800.000
1069400.000
1049600.000
1073600.000
1069800.000
1046800.000
1076000.000
1086600.000
1098000.000
1076400.000
1045600.000
1077200.000
1045000.000
1099800.000
1112600.000
1119400.000
1130800.000
1109600.000
1106000.000
1113800.000
1118600.000
1129000.000
1127000.000
1136200.000
1125400.000
1117400.000
1119000.000
1104000.000
1135400.000
1097200.000
1079200.000
1094600.000
1061000.000
1087000.000
1102800.000
1094200.000
1079600.000
1085400.000
1082600.000
1080400.000
1080400.000
1079400.000
1077400.000
1077000.000
1081200.000
1086400.000
1084000.000
1071200.000
1075200.000
1110800.000
1115600.000
1099800.000
1087600.000
1108800.000
1065200.000
1066200.000
1068000.000
1030200.000
1066400.000
1093800.000
1090400.000
1102000.000
1131600.000
1091400.000
1145600.000
1115000.000
1123600.000
1129400.000
1102200.000
1086200.000
1101800.000
1089000.000
1096000.000
1123800.000
1162000.000
1136000.000
1127600.000
1116200.000
1098000.000
1072400.000
1092600.000
1098400.000
1093000.000
1078400.000
1087400.000
1069600.000
1079600.000
1065400.000
1063600.000
1080800.000
1104000.000
1072400.000
1093200.000
1114000.000
1078600.000
1112800.000
1100800.000
1087800.000
1098200.000
1111400.000
1103000.000
1080800.000
1098800.000
1116200.000
1075600.000
1092400.000
1086600.000
1075400.000
1066200.000
1090200.000
1093000.000
1087400.000
1106600.000
1130400.000
1151400.000
1134800.000
1174200.000
1192200.000
1210400.000
1203800.000
1192200.000
1172200.000
1171600.000
1148600.000
1099200.000
1106000.000
1137000.000
1125600.000
1150000.000
1169600.000
1201600.000
1183600.000
1196800.000
1232200.000
1201800.000
1200000.000
1149400.000
1146800.000
1111600.000
1142200.000
1077800.000
1102800.000
1053200.000
1092800.000
1136000.000
1155600.000
1219800.000
1221000.000
1237600.000
1222200.000
1181600.000
1163600.000
1164600.000
1143800.000
1137800.000
1168800.000
1130400.000
1157600.000
1143200.000
1127600.000
1156800.000
1154000.000
1124800.000
1128600.000
1116800.000
1127400.000
1135600.000
1164000.000
1122800.000
1133600.000
1130200.000
1102600.000
1136000.000
1119200.000
1149800.000
1109600.000
1098600.000
1114000.000
1115400.000
1090800.000
1101200.000
1091000.000
1073000.000
1086400.000
1103000.000
1100400.000
1100200.000
1109200.000
1121800.000
1094000.000
1110800.000
1073400.000
1093600.000
1065000.000
1077600.000
1064200.000
1091200.000
1098200.000
1089600.000
1102000.000
1078000.000
1058400.000
1067400.000
1039200.000
1053000.000
1058000.000
1046200.000
1063400.000
1081400.000
1030800.000
1073200.000
1046800.000
1028800.000
1062400.000
1063000.000
1104200.000
1096800.000
1090000.000
1122800.000
1122600.000
1102400.000
1148600.000
1125000.000
1134600.000
1133000.000
1137200.000
1130200.000
1107200.000
1123000.000
1111600.000
1111600.000
1121200.000
1101200.000
1131400.000
1083800.000
1073200.000
1102400.000
1073800.000
1101800.000
1075600.000
1086800.000
1098000.000
1102200.000
1081400.000
1110200.000
1099200.000
1089200.000
1129400.000
1064200.000
1105800.000
1091600.000
1095000.000
1097000.000
1059400.000
1035800.000
1040000.000
1080200.000
1084600.000
1106800.000
1102400.000
1109000.000
1103000.000
1133000.000
1126000.000
1115000.000
1137200.000
1128600.000
1110800.000
1122600.000
1080000.000
1062600.000
1103600.000
1103000.000
1133600.000
1128800.000
1130600.000
1107400.000
1103200.000
1106800.000
1091200.000
1088200.000
1092200.000
1080400.000
1055000.000
1067800.000
1082600.000
1085600.000
1098800.000
1077200.000
1098000.000
1075600.000
1077600.000
1100000.000
1131000.000
1128200.000
1131600.000
1100600.000
1108800.000
1131800.000
1134600.000
1117600.000
1151600.000
1114200.000
1127400.000
1135000.000
1112200.000
1079600.000
1065200.000
1049400.000
1060200.000
1092800.000
1066600.000
1105400.000
1093800.000
1132400.000
1145400.000
1154200.000
1240000.000
1222600.000
1238400.000
1248400.000
1209400.000
1185600.000
1159800.000
1141600.000
1138200.000
1153200.000
1144000.000
1135000.000
1144200.000
1191600.000
1219200.000
1202600.000
1211600.000
1243400.000
1231000.000
1188600.000
1130600.000
1165800.000
1166200.000
1132200.000
1137400.000
1115400.000
1110000.000
1125600.000
1189800.000
1191800.000
1210600.000
1231000.000
1217000.000
1187200.000
1174000.000
1155200.000
1148600.000
1193800.000
1156600.000
1148600.000
1139400.000
1165600.000
1136600.000
1153200.000
1121400.000
1169600.000
1148600.000
1138200.000
1154000.000
1137800.000
1141200.000
1115800.000
1141400.000
1119800.000
1137000.000
1132400.000
1186600.000
1126800.000
1083800.000
1109400.000
1135200.000
1129000.000
1113800.000
1124000.000
1080000.000
1065800.000
1105200.000
1097200.000
1095000.000
1101800.000
1114800.000
1112200.000
1128200.000
1094600.000
1127600.000
1077200.000
1091000.000
1076000.000
1045400.000
1061800.000
1089000.000
1069400.000
1078800.000
1097200.000
1066800.000
1064200.000
1070600.000
1065800.000
1071200.000
1035800.000
1057400.000
1076400.000
1058200.000
1067000.000
1039200.000
1055000.000
1063200.000
1053200.000
1043200.000
1082400.000
1116800.000
1080600.000
1113600.000
1137600.000
1127800.000
1151200.000
1126400.000
1115400.000
1089000.000
1132000.000
1122600.000
1108000.000
1084200.000
1082600.000
1116200.000
1103800.000
1128000.000
1103800.000
1091400.000
1112800.000
1075000.000
1098800.000
1123800.000
1076400.000
1106800.000
1100800.000
1082800.000
1103400.000
1103400.000
1099600.000
1092400.000
1066600.000
1065600.000
1093400.000
1091800.000
1069600.000
1100000.000
1030200.000
1050200.000
1038200.000
1097400.000
1097000.000
1082800.000
1103000.000
1124800.000
1132800.000
1123400.000
1134400.000
1102400.000
1115200.000
1124800.000
1104200.000
1092800.000
1075600.000
1090200.000
1075400.000
1076800.000
1081000.000
1129600.000
1129200.000
1111600.000
1081800.000
1136400.000
1091000.000
1102200.000
1086600.000
1062800.000
1101000.000
1041400.000
1100200.000
1066000.000
1046200.000
1075400.000
1072200.000
1066800.000
1086600.000
1080200.000
1096600.000
1100200.000
1122800.000
1108400.000
1106200.000
1106000.000
1116200.000
1097400.000
1146800.000
1124800.000
1128800.000
1113200.000
1070400.000
1075400.000
1035000.000
1033400.000
1025800.000
1022000.000
1049000.000
1035600.000
1062200.000
1062600.000
1078800.000
1146200.000
1160800.000
1191800.000
1247400.000
1218200.000
1218000.000
1210600.000
1177400.000
1181800.000
1142800.000
1145600.000
1126600.000
1147000.000
1159800.000
1156400.000
1186200.000
1213000.000
1219400.000
1245200.000
1263200.000
1221400.000
1190600.000
1157800.000
1171800.000
1168800.000
1134400.000
1159400.000
1107000.000
1136600.000
1195200.000
1194400.000
1218200.000
1214400.000
1239400.000
1204400.000
1169000.000
1164200.000
1145000.000
1159600.000
1141400.000
1159000.000
1151400.000
1182400.000
1148400.000
1175400.000
1160600.000
1151400.000
1129600.000
1136400.000
1126000.000
1142000.000
1128800.000
1142600.000
1143600.000
1137400.000
1137400.000
1137800.000
1145800.000
1136200.000
1125400.000
1105600.000
1145600.000
1105600.000
1149200.000
1133000.000
1098200.000
1110800.000
1089800.000
1101000.000
1101200.000
1082800.000
1141800.000
1106600.000
1094400.000
1090400.000
1097200.000
1092600.000
1112800.000
1089200.000
1084000.000
1089200.000
1062600.000
1074600.000
1124800.000
1106600.000
1091600.000
1088600.000
1072600.000
1093400.000
1074000.000
1055400.000
1069800.000
1062800.000
1089800.000
1109600.000
1067600.000
1048200.000
1046400.000
1057200.000
1069400.000
1074200.000
1080200.000
1074000.000
1126400.000
1129200.000
1132400.000
1152000.000
1140200.000
1146200.000
1086000.000
1107800.000
1098600.000
1123000.000
1088200.000
1092600.000
1106000.000
1109000.000
1110000.000
1103200.000
1099200.000
1098600.000
1113600.000
1118600.000
1106400.000
1072000.000
1082000.000
1115800.000
1102200.000
1119600.000
1113400.000
1121600.000
1098600.000
1088200.000
1092400.000
1094600.000
1076800.000
1080200.000
1081000.000
1029400.000
1032800.000
1003200.000
1103600.000
1119600.000
1115600.000
1106800.000
1131200.000
1142600.000
1131200.000
1136600.000
1111600.000
1120200.000
1119800.000
1125000.000
1106800.000
1064600.000
1078000.000
1082200.000
1098400.000
1113800.000
1119000.000
1119200.000
1117000.000
1112800.000
1105600.000
1106800.000
1108800.000
1129200.000
1124200.000
1099000.000
1097000.000
1064600.000
1088200.000
1059400.000
1051800.000
1055400.000
1091200.000
1083400.000
1091200.000
1098200.000
1146600.000
1146400.000
1128000.000
1132000.000
1120800.000
1133400.000
1165200.000
1131400.000
1122600.000
1144200.000
1125800.000
1124800.000
1084600.000
1051600.000
1031000.000
1005600.000
1023200.000
1020800.000
1007800.000
997600.000
1052000.000
1103000.000
1122800.000
1142000.000
1188400.000
1245600.000
1239600.000
1233600.000
1190600.000
1219800.000
1164600.000
1111400.000
1155200.000
1184200.000
1169600.000
1142400.000
1159200.000
1199800.000
1218200.000
1241600.000
1218000.000
1251000.000
1214600.000
1188400.000
1179200.000
1239800.000
1177400.000
1172200.000
1172800.000
1179600.000
1180200.000
1193600.000
1224000.000
1189600.000
1188400.000
1161800.000
1166800.000
1138400.000
1128600.000
1176800.000
1170200.000
1176200.000
1167600.000
1159800.000
1147000.000
1164000.000
1151000.000
1160200.000
1142400.000
1143600.000
1130400.000
1109200.000
1140200.000
1089800.000
1125400.000
1123000.000
1129600.000
1124600.000
1135000.000
1117600.000
1115800.000
1092600.000
1101800.000
1113600.000
1132600.000
1103800.000
1111400.000
1117600.000
1091800.000
1114400.000
1088200.000
1120200.000
1127000.000
1111000.000
1097800.000
1077000.000
1046800.000
1077800.000
1078000.000
1086600.000
1085400.000
1081200.000
1079600.000
1100200.000
1093800.000
1108400.000
1102400.000
1083400.000
1063800.000
1060800.000
1066400.000
1079600.000
1098800.000
1079800.000
1095400.000
1103600.000
1076000.000
1093400.000
1064800.000
1048200.000
1091800.000
1046800.000
1068400.000
1093600.000
1117000.000
1122400.000
1174600.000
1141200.000
1141400.000
1148600.000
1125400.000
1110000.000
1098600.000
1083200.000
1077400.000
1098800.000
1081600.000
1098400.000
1119200.000
1113400.000
1108800.000
1095200.000
1106200.000
1116000.000
1130200.000
1100400.000
1106600.000
1076200.000
1109400.000
1095800.000
1109200.000
1092200.000
1117000.000
1135800.000
1097600.000
1120200.000
1077400.000
1070400.000
1061200.000
1062200.000
1047000.000
1019000.000
1011200.000
1101600.000
1095600.000
1098000.000
1122400.000
1108000.000
1099000.000
1119400.000
1129200.000
1113600.000
1133200.000
1115000.000
1118400.000
1128200.000
1067800.000
1055200.000
1092200.000
1089200.000
1118200.000
1123200.000
1136800.000
1115600.000
1111600.000
1096200.000
1100600.000
1106400.000
1082000.000
1118800.000
1114600.000
1118200.000
1103200.000
1092800.000
1090200.000
1070200.000
1091600.000
1077600.000
1105400.000
1134000.000
1107200.000
1106400.000
1146000.000
1137400.000
1138600.000
1135800.000
1154000.000
1145200.000
1155600.000
1158600.000
1146600.000
1143400.000
1135800.000
1105200.000
1078000.000
1052200.000
1006800.000
983800.000
984800.000
985000.000
986600.000
1008000.000
1027200.000
1063600.000
1123800.000
1199200.000
1210600.000
1217600.000
1257600.000
1209800.000
1242200.000
1182200.000
1153800.000
1138600.000
1153200.000
1150000.000
1184600.000
1128800.000
1167400.000
1186800.000
1184600.000
1232400.000
1231400.000
1194800.000
1203200.000
1218800.000
1228600.000
1200600.000
1192600.000
1174600.000
1201800.000
1204800.000
1208800.000
1222400.000
1197000.000
1161800.000
1171800.000
1100000.000
1128400.000
1126400.000
1133000.000
1155200.000
1133400.000
1121800.000
1164200.000
1150200.000
1142000.000
1140800.000
1134200.000
1121400.000
1107000.000
1109000.000
1092800.000
1117600.000
1113800.000
1111400.000
1114000.000
1103400.000
1132200.000
1112800.000
1118800.000
1121200.000
1100600.000
1079800.000
1108600.000
1111000.000
1112000.000
1096800.000
1086800.000
1090600.000
1093600.000
1100200.000
1106800.000
1100600.000
1090000.000
1106200.000
1064600.000
1077200.000
1064200.000
1092400.000
1062800.000
1087600.000
1076800.000
1098000.000
1090400.000
1103800.000
1094400.000
1096400.000
1065800.000
1079600.000
1061200.000
1073000.000
1055000.000
1080800.000
1092400.000
1095800.000
1078400.000
1090000.000
1132400.000
1082600.000
1093200.000
1055200.000
1059200.000
1078600.000
1101800.000
1088200.000
1099400.000
1104600.000
1117200.000
1164400.000
1137400.000
1125800.000
1085400.000
1086200.000
1068400.000
1099400.000
1078800.000
1096600.000
1087000.000
1095800.000
1124800.000
1108600.000
1139000.000
1124400.000
1142800.000
1110600.000
1108000.000
1091400.000
1079400.000
1118800.000
1106000.000
1132000.000
1125800.000
1109800.000
1134600.000
1089600.000
1098600.000
1101200.000
1077000.000
1081400.000
1036000.000
1063800.000
1007200.000
1003200.000
1076200.000
1091800.000
1132400.000
1140200.000
1117000.000
1098800.000
1109200.000
1134400.000
1112800.000
1112000.000
1105800.000
1077000.000
1082200.000
1098600.000
1087000.000
1097600.000
1078200.000
1115800.000
1089600.000
1111400.000
1136800.000
1141600.000
1122200.000
1111800.000
1105600.000
1099000.000
1094000.000
1108200.000
1126600.000
1088600.000
1085200.000
1113400.000
1077400.000
1086200.000
1087800.000
1094200.000
1113000.000
1137600.000
1169800.000
1171000.000
1152000.000
1159800.000
1162000.000
1190600.000
1199600.000
1184000.000
1155600.000
1182200.000
1147400.000
1149200.000
1106000.000
1093000.000
1045400.000
998000.000
981600.000
995200.000
987200.000
1007000.000
1052800.000
1041200.000
1072200.000
1149800.000
1180200.000
1195600.000
1272800.000
1238600.000
1254400.000
1213200.000
1204000.000
1155600.000
1181800.000
1161000.000
1125600.000
1140800.000
1165600.000
1151200.000
1153800.000
1219800.000
1211600.000
1211200.000
1216600.000
1190000.000
1238600.000
1221800.000
1220600.000
1249200.000
1192800.000
1201400.000
1190800.000
1244000.000
1188600.000
1152000.000
1125600.000
1145800.000
1154600.000
1130800.000
1139400.000
1160000.000
1136000.000
1131600.000
1144400.000
1159600.000
1161000.000
1135800.000
1105200.000
1135600.000
1127000.000
1124000.000
1089200.000
1086000.000
1104600.000
1112200.000
1114200.000
1116800.000
1128400.000
1126200.000
1107800.000
1114800.000
1117800.000
1102000.000
1114600.000
1136600.000
1132200.000
1107200.000
1097600.000
1128800.000
1091200.000
1110800.000
1101400.000
1115200.000
1094000.000
1111600.000
1075800.000
1080800.000
1066600.000
1065000.000
1091400.000
1095400.000
1106800.000
1087400.000
1101000.000
1103200.000
1099800.000
1099000.000
1071200.000
1100800.000
1097400.000
1057800.000
1093200.000
1084800.000
1068000.000
1119800.000
1104200.000
1121000.000
1124200.000
1079200.000
1088200.000
1078000.000
1114200.000
1090800.000
1111400.000
1080800.000
1127400.000
1115200.000
1172200.000
1164600.000
1167600.000
1114600.000
1113600.000
1078600.000
1081400.000
1084600.000
1062200.000
1091400.000
1115400.000
1106000.000
1117400.000
1146200.000
1147000.000
1126800.000
1155000.000
1127800.000
1110600.000
1110400.000
1110200.000
1078400.000
1093600.000
1119000.000
1133000.000
1134800.000
1130600.000
1106800.000
1121000.000
1085400.000
1095600.000
1079200.000
1054600.000
1074600.000
1042800.000
1028600.000
1018400.000
1106800.000
1109000.000
1094800.000
1130200.000
1104200.000
1114600.000
1127400.000
1084000.000
1109000.000
1109800.000
1092200.000
1080800.000
1074000.000
1063600.000
1093000.000
1089800.000
1126800.000
1123600.000
1102200.000
1128400.000
1118400.000
1119200.000
1117000.000
1093800.000
1109800.000
1136600.000
1117000.000
1112800.000
1096600.000
1126800.000
1114600.000
1105400.000
1084000.000
1068800.000
1106000.000
1104600.000
1118600.000
1141000.000
1152400.000
1153600.000
1156200.000
1151000.000
1189000.000
1182600.000
1173200.000
1185600.000
1161800.000
1176800.000
1178200.000
1189600.000
1112600.000
1066000.000
1039600.000
1006000.000
983400.000
981400.000
989200.000
973000.000
994000.000
1024800.000
1055400.000
1101200.000
1126200.000
1162200.000
1217800.000
1228800.000
1239800.000
1191600.000
1188600.000
1184400.000
1150800.000
1158200.000
1123800.000
1134400.000
1128400.000
1131000.000
1160000.000
1180600.000
1176000.000
1169800.000
1174000.000
1163000.000
1209600.000
1203000.000
1225800.000
1244600.000
1187000.000
1167800.000
1183600.000
1183200.000
1205600.000
1169600.000
1169000.000
1126800.000
1126000.000
1130400.000
1142200.000
1138000.000
1120200.000
1143600.000
1145000.000
1141000.000
1134800.000
1127800.000
1134000.000
1129600.000
1102000.000
1096000.000
1076800.000
1124000.000
1097000.000
1112800.000
1114200.000
1105800.000
1075600.000
1097600.000
1106000.000
1109400.000
1093600.000
1120400.000
1097800.000
1125200.000
1147600.000
1137400.000
1110600.000
1120200.000
1101000.000
1110800.000
1115200.000
1107800.000
1080000.000
1085400.000
1084400.000
1034600.000
1055600.000
1062600.000
1078400.000
1096200.000
1065600.000
1112800.000
1080800.000
1107600.000
1120600.000
1089400.000
1103200.000
1101400.000
1090200.000
1081800.000
1080800.000
1104000.000
1083200.000
1112200.000
1106800.000
1126200.000
1110800.000
1089000.000
1077400.000
1118200.000
1080800.000
1098800.000
1121600.000
1084800.000
1125200.000
1100400.000
1146400.000
1158400.000
1132800.000
1127200.000
1115800.000
1099600.000
1096400.000
1106000.000
1109800.000
1083800.000
1150400.000
1126800.000
1135800.000
1154800.000
1146600.000
1146000.000
1163200.000
1135600.000
1140200.000
1137800.000
1124200.000
1157600.000
1153800.000
1123000.000
1150600.000
1147800.000
1149600.000
1158000.000
1153200.000
1113800.000
1082200.000
1118600.000
1071800.000
1059800.000
1102800.000
1046800.000
1037200.000
1088400.000
1075800.000
1076000.000
1091000.000
1071200.000
1079800.000
1093000.000
1073200.000
1089800.000
1078600.000
1055600.000
1062400.000
1043800.000
1066200.000
1074200.000
1119200.000
1101600.000
1094000.000
1091600.000
1126800.000
1107200.000
1094800.000
1109200.000
1132600.000
1135200.000
1130800.000
1151400.000
1152200.000
1089400.000
1090200.000
1096600.000
1069400.000
1107800.000
1114400.000
1118200.000
1139200.000
1161800.000
1141000.000
1155600.000
1133600.000
1181400.000
1188200.000
1160200.000
1206200.000
1159000.000
1194800.000
1212400.000
1196000.000
1204000.000
1180600.000
1135000.000
1111400.000
1057800.000
1044400.000
986600.000
1003400.000
1035000.000
1021200.000
1014800.000
1067800.000
1082000.000
1134000.000
1173000.000
1193400.000
1219200.000
1257800.000
1201600.000
1222400.000
1189600.000
1156400.000
1143000.000
1157400.000
1121000.000
1135800.000
1135200.000
1143200.000
1153200.000
1161800.000
1187600.000
1146200.000
1190200.000
1183200.000
1218000.000
1187200.000
1226400.000
1191600.000
1175600.000
1169200.000
1160800.000
1149000.000
1166400.000
1154200.000
1142800.000
1134400.000
1138200.000
1129000.000
1121000.000
1130600.000
1109000.000
1146800.000
1123200.000
1113400.000
1121200.000
1116800.000
1136600.000
1123800.000
1112200.000
1067000.000
1123400.000
1069000.000
1110000.000
1108000.000
1091400.000
1115400.000
1123000.000
1113400.000
1113800.000
1103200.000
1138600.000
1127000.000
1132800.000
1158000.000
1163600.000
1133400.000
1109600.000
1137600.000
1104000.000
1136400.000
1119400.000
1102400.000
1075000.000
1120200.000
1074000.000
1066200.000
1074200.000
1070600.000
1073400.000
1095600.000
1132800.000
1105400.000
1132600.000
1142000.000
1160400.000
1137400.000
1121600.000
1101600.000
1103400.000
1121400.000
1113000.000
1148600.000
1111200.000
1139600.000
1124600.000
1113800.000
1130400.000
1098000.000
1102200.000
1075000.000
1104800.000
1106800.000
1128400.000
1113200.000
1142200.000
1110400.000
1173800.000
1143800.000
1137400.000
1098200.000
1093200.000
1096600.000
1117400.000
1100600.000
1089200.000
1129800.000
1139800.000
1163200.000
1165000.000
1149400.000
1150400.000
1147200.000
1180600.000
1143400.000
1121200.000
1165800.000
1143400.000
1145000.000
1119400.000
1104200.000
1156600.000
1163400.000
1161600.000
1148400.000
1154800.000
1122200.000
1094400.000
1064600.000
1068600.000
1075200.000
1068600.000
1066800.000
1033600.000
1070000.000
1069000.000
1055800.000
1103200.000
1082000.000
1072600.000
1076800.000
1065200.000
1104200.000
1101600.000
1032000.000
1057200.000
1049200.000
1063000.000
1042200.000
1102800.000
1089800.000
1092200.000
1100400.000
1104200.000
1094000.000
1102800.000
1103800.000
1142200.000
1131800.000
1136600.000
1162200.000
1174200.000
1146600.000
1122800.000
1097400.000
1107600.000
1115200.000
1092200.000
1133800.000
1141600.000
1142800.000
1189600.000
1204800.000
1203000.000
1158600.000
1197800.000
1174200.000
1207400.000
1213400.000
1231200.000
1251200.000
1228800.000
1268000.000
1229400.000
1195600.000
1134200.000
1099400.000
1078000.000
1056200.000
1050000.000
1009000.000
1013600.000
1036600.000
1046600.000
1078200.000
1152400.000
1167200.000
1188600.000
1248800.000
1234800.000
1226000.000
1219800.000
1197200.000
1179800.000
1126600.000
1146400.000
1146400.000
1132600.000
1126000.000
1103000.000
1134400.000
1137600.000
1155000.000
1131400.000
1156400.000
1157200.000
1208800.000
1223200.000
1218600.000
1197800.000
1142600.000
1177400.000
1131800.000
1128400.000
1108400.000
1138400.000
1144200.000
1112200.000
1127800.000
1130200.000
1124600.000
1100600.000
1127400.000
1091800.000
1122200.000
1104800.000
1115800.000
1112200.000
1103400.000
1121400.000
1091800.000
1099200.000
1114400.000
1086000.000
1094600.000
1096000.000
1068200.000
1080400.000
1125600.000
1096200.000
1141200.000
1109000.000
1105000.000
1110600.000
1138200.000
1118200.000
1154400.000
1115800.000
1115600.000
1123200.000
1129800.000
1088800.000
1106200.000
1102800.000
1099000.000
1053000.000
1071400.000
1030200.000
1053200.000
1085600.000
1077200.000
1086600.000
1076600.000
1118200.000
1122800.000
1141000.000
1122200.000
1117200.000
1109600.000
1115800.000
1101800.000
1110600.000
1109200.000
1092600.000
1115600.000
1120400.000
1121800.000
1107000.000
1075600.000
1083600.000
1096400.000
1106000.000
1112200.000
1101400.000
1086600.000
1093200.000
1102800.000
1128600.000
1117000.000
1093800.000
1096800.000
1077400.000
1077600.000
1084200.000
1090800.000
1054400.000
1085400.000
1090400.000
1087800.000
1138000.000
1149600.000
1119400.000
1136800.000
1135400.000
1133400.000
1116200.000
1092800.000
1132800.000
1120000.000
1138000.000
1111600.000
1134200.000
1136400.000
1135200.000
1152800.000
1135600.000
1127000.000
1099400.000
1062600.000
1071200.000
1058000.000
1048000.000
1037800.000
1031800.000
1049800.000
1089000.000
1113600.000
1068800.000
1094000.000
1085600.000
1101000.000
1099600.000
1102800.000
1100800.000
1093400.000
1087800.000
1102600.000
1118400.000
1130200.000
1130000.000
1103400.000
1097000.000
1102400.000
1101200.000
1136400.000
1135000.000
1136000.000
1164400.000
1172400.000
1196600.000
1196800.000
1173000.000
1145000.000
1138200.000
1135200.000
1128400.000
1143000.000
1146000.000
1156000.000
1196800.000
1180600.000
1191400.000
1222000.000
1177400.000
1215600.000
1220000.000
1190200.000
1212400.000
1229000.000
1263000.000
1282200.000
1311800.000
1310600.000
1302000.000
1238000.000
1216000.000
1185000.000
1149400.000
1084200.000
1079200.000
1055800.000
1068200.000
1070200.000
1078200.000
1104600.000
1142200.000
1142600.000
1188000.000
1214000.000
1238600.000
1250600.000
1211600.000
1210200.000
1180400.000
1173400.000
1146400.000
1141200.000
1143800.000
1151000.000
1146800.000
1100200.000
1146800.000
1174200.000
1141800.000
1176000.000
1169000.000
1170600.000
1207400.000
1222000.000
1181600.000
1139800.000
1144600.000
1123400.000
1157600.000
1127400.000
1117800.000
1143800.000
1142000.000
1169800.000
1127400.000
1151400.000
1115400.000
1106200.000
1102200.000
1117800.000
1134400.000
1085200.000
1107600.000
1117200.000
1118400.000
1109400.000
1094200.000
1082600.000
1111800.000
1112200.000
1084600.000
1099600.000
1069400.000
1121600.000
1083000.000
1144800.000
1142800.000
1095400.000
1129200.000
1142400.000
1167400.000
1152400.000
1130400.000
1137800.000
1117600.000
1106400.000
1106400.000
1076000.000
1072400.000
1080800.000
1072800.000
1051000.000
1065400.000
1035000.000
1078600.000
1095600.000
1083200.000
1079400.000
1077600.000
1113600.000
1145600.000
1110000.000
1099200.000
1107800.000
1101800.000
1087600.000
1088800.000
1097000.000
1104200.000
1118200.000
1128000.000
1082600.000
1096600.000
1117400.000
1077600.000
1090000.000
1137600.000
1112800.000
1063200.000
1085400.000
1074200.000
1099600.000
1098600.000
1102600.000
1092600.000
1102800.000
1089200.000
1090400.000
1055400.000
1066800.000
1070400.000
1119600.000
1089000.000
1127400.000
1103600.000
1117600.000
1155200.000
1114200.000
1138800.000
1116400.000
1109800.000
1103400.000
1111200.000
1106800.000
1117600.000
1120400.000
1114200.000
1094200.000
1141600.000
1129400.000
1150400.000
1132600.000
1099600.000
1065400.000
1058000.000
1089000.000
1075000.000
1038200.000
1033200.000
1071800.000
1024400.000
1088400.000
1056200.000
1102200.000
1100200.000
1095400.000
1099800.000
1102000.000
1095200.000
1077800.000
1085400.000
1096000.000
1079000.000
1099000.000
1122200.000
1121000.000
1089000.000
1123600.000
1091400.000
1102600.000
1117000.000
1134800.000
1121400.000
1156800.000
1170600.000
1196000.000
1179800.000
1194600.000
1158400.000
1173600.000
1152200.000
1170000.000
1144000.000
1160600.000
1164600.000
1190600.000
1192000.000
1197800.000
1194800.000
1223400.000
1201800.000
1197600.000
1189800.000
1219600.000
1209000.000
1279200.000
1307000.000
1302400.000
1308000.000
1305400.000
1305600.000
1238200.000
1211600.000
1159600.000
1157400.000
1090400.000
1082000.000
1084600.000
1048400.000
1092000.000
1101200.000
1104600.000
1145400.000
1161600.000
1198200.000
1228800.000
1205200.000
1211800.000
1202200.000
1184400.000
1184400.000
1151800.000
1143200.000
1133400.000
1137200.000
1138800.000
1140800.000
1149200.000
1137600.000
1140800.000
1141800.000
1187600.000
1181000.000
1196400.000
1234000.000
1159600.000
1138000.000
1125000.000
1143200.000
1128800.000
1144000.000
1163200.000
1141800.000
1147800.000
1136600.000
1156000.000
1140800.000
1135400.000
1111600.000
1125400.000
1133200.000
1135400.000
1128600.000
1107400.000
1156200.000
1116200.000
1124800.000
1105000.000
1115200.000
1103800.000
1106800.000
1096600.000
1092800.000
1107400.000
1098400.000
1120800.000
1089000.000
1116000.000
1107800.000
1100200.000
1126400.000
1174400.000
1155800.000
1137000.000
1128000.000
1129800.000
1114200.000
1122000.000
1108800.000
1103200.000
1093400.000
1072000.000
1065200.000
1071400.000
1076000.000
1044200.000
1058600.000
1069400.000
1087400.000
1099200.000
1098200.000
1111800.000
1139400.000
1154600.000
1106600.000
1095200.000
1123400.000
1088600.000
1105400.000
1102400.000
1073200.000
1090200.000
1102000.000
1115000.000
1101400.000
1101800.000
1096000.000
1105600.000
1088000.000
1094400.000
1079600.000
1080800.000
1093200.000
1086400.000
1078600.000
1124600.000
1113000.000
1048400.000
1077600.000
1069000.000
1063600.000
1054200.000
1052000.000
1108400.000
1112800.000
1138000.000
1149800.000
1133000.000
1161800.000
1138600.000
1130600.000
1117000.000
1124400.000
1110400.000
1106200.000
1132800.000
1113200.000
1119400.000
1105600.000
1130000.000
1141400.000
1117600.000
1125800.000
1103800.000
1097200.000
1078200.000
1077800.000
1069200.000
1061000.000
1053400.000
1041000.000
1025800.000
1077400.000
1063200.000
1042200.000
1097000.000
1084000.000
1056400.000
1073000.000
1093800.000
1084400.000
1096800.000
1103600.000
1084400.000
1086200.000
1108800.000
1115800.000
1092200.000
1083200.000
1073600.000
1107000.000
1089200.000
1104600.000
1118000.000
1139600.000
1163400.000
1174800.000
1177200.000
1157000.000
1145400.000
1181000.000
1166600.000
1178600.000
1128600.000
1176400.000
1196800.000
1177600.000
1156400.000
1219600.000
1189600.000
1201600.000
1203400.000
1208600.000
1210200.000
1180000.000
1215400.000
1302000.000
1281600.000
1334200.000
1279400.000
1277600.000
1258400.000
1232400.000
1198200.000
1134800.000
1113400.000
1108400.000
1100000.000
1061200.000
1092000.000
1081600.000
1118800.000
1127400.000
1146400.000
1181600.000
1161000.000
1192800.000
1205200.000
1190400.000
1162000.000
1151800.000
1170600.000
1147200.000
1153200.000
1113400.000
1123800.000
1109800.000
1124600.000
1119200.000
1122000.000
1128200.000
1139400.000
1169400.000
1170400.000
1186000.000
1182400.000
1176000.000
1121400.000
1099000.000
1126000.000
1137000.000
1146200.000
1110800.000
1146000.000
1148400.000
1141200.000
1138600.000
1106400.000
1122200.000
1133800.000
1114400.000
1114400.000
1133400.000
1108000.000
1099800.000
1117000.000
1132000.000
1119200.000
1092600.000
1087400.000
1074600.000
1092600.000
1096600.000
1071800.000
1095800.000
1132200.000
1081000.000
1117800.000
1085400.000
1118200.000
1128400.000
1151800.000
1113200.000
1125400.000
1144000.000
1127000.000
1107200.000
1092400.000
1100200.000
1132000.000
1084400.000
1051200.000
1082600.000
1054200.000
1063800.000
1069000.000
1100000.000
1079400.000
1080400.000
1082200.000
1075600.000
1130600.000
1117800.000
1150400.000
1125800.000
1123200.000
1114400.000
1121800.000
1118800.000
1099400.000
1104000.000
1117000.000
1127800.000
1098000.000
1115800.000
1122400.000
1092000.000
1077400.000
1110200.000
1104000.000
1080200.000
1087400.000
1074600.000
1081600.000
1089400.000
1104600.000
1127800.000
1050400.000
1081400.000
1087400.000
1012400.000
1073200.000
1065800.000
1061000.000
1106600.000
1113800.000
1127200.000
1148200.000
1134800.000
1110600.000
1116000.000
1108800.000
1126000.000
1076200.000
1116600.000
1108200.000
1127000.000
1108600.000
1078800.000
1141000.000
1153200.000
1110800.000
1162800.000
1123600.000
1112200.000
1083000.000
1057200.000
1065800.000
1084200.000
1076800.000
1059000.000
1040400.000
1036600.000
1088000.000
1083400.000
1074000.000
1080000.000
1105600.000
1105800.000
1107000.000
1101600.000
1125000.000
1113600.000
1091400.000
1080200.000
1098600.000
1085000.000
1105600.000
1072000.000
1080800.000
1050000.000
1093400.000
1118400.000
1119200.000
1119600.000
1152800.000
1171600.000
1166000.000
1159200.000
1145000.000
1164200.000
1189400.000
1210400.000
1231000.000
1207600.000
1198600.000
1228200.000
1223400.000
1204400.000
1202800.000
1222000.000
1237000.000
1223200.000
1234400.000
1187000.000
1180400.000
1224200.000
1258800.000
1289200.000
1273600.000
1263600.000
1288800.000
1279000.000
1268600.000
1206000.000
1197800.000
1144600.000
1138600.000
1118000.000
1100200.000
1089400.000
1098200.000
1125400.000
1101600.000
1141000.000
1120400.000
1142600.000
1162000.000
1191800.000
1190800.000
1172600.000
1139800.000
1151200.000
1141200.000
1112600.000
1129400.000
1130400.000
1103800.000
1102000.000
1092600.000
1098600.000
1121600.000
1123000.000
1157800.000
1167000.000
1168400.000
1155200.000
1149000.000
1135600.000
1144800.000
1095400.000
1107000.000
1135800.000
1128800.000
1101600.000
1110000.000
1143000.000
1118600.000
1088800.000
1126200.000
1093400.000
1124800.000
1108800.000
1108800.000
1122400.000
1130200.000
1122400.000
1096400.000
1115400.000
1096200.000
1085400.000
1096000.000
1102600.000
1091400.000
1091200.000
1119000.000
1092600.000
1102200.000
1095200.000
1111000.000
1100400.000
1111600.000
1098000.000
1110800.000
1129000.000
1141800.000
1132600.000
1114800.000
1113400.000
1119600.000
1060800.000
1128000.000
1080400.000
1091800.000
1073400.000
1074400.000
1076600.000
1059400.000
1087400.000
1107600.000
1091800.000
1084200.000
1140600.000
1119200.000
1128400.000
1140000.000
1109800.000
1123600.000
1071400.000
1106000.000
1115400.000
1105200.000
1106000.000
1131600.000
1113800.000
1109400.000
1072600.000
1067600.000
1063600.000
1038400.000
1075600.000
1067600.000
1063000.000
1096600.000
1093000.000
1105000.000
1096200.000
1093400.000
1052400.000
1045800.000
1039600.000
1032200.000
1069200.000
1060400.000
1080800.000
1090000.000
1101800.000
1090400.000
1135800.000
1127400.000
1175800.000
1141000.000
1127400.000
1108800.000
1113800.000
1098400.000
1120400.000
1109800.000
1113200.000
1127600.000
1125600.000
1139800.000
1134800.000
1117200.000
1130800.000
1107400.000
1054000.000
1091600.000
1089200.000
1068600.000
1072200.000
1077600.000
1017400.000
1034800.000
1050600.000
1079600.000
1052400.000
1078600.000
1091800.000
1105200.000
1117800.000
1130800.000
1098800.000
1105600.000
1139400.000
1098600.000
1116000.000
1097200.000
1068200.000
1076400.000
1075200.000
1113800.000
1095800.000
1134400.000
1134200.000
1142400.000
1161400.000
1151800.000
1151600.000
1169000.000
1140200.000
1159000.000
1189000.000
1205400.000
1216800.000
1224000.000
1206000.000
1222000.000
1209000.000
1180000.000
1226800.000
1221800.000
1266600.000
1239200.000
1216800.000
1193600.000
1232600.000
1246200.000
1281800.000
1271000.000
1280200.000
1277600.000
1287400.000
1276800.000
1220800.000
1211000.000
1201600.000
1168600.000
1158800.000
1123200.000
1116800.000
1116600.000
1118600.000
1122200.000
1134600.000
1138400.000
1141600.000
1164000.000
1179800.000
1178200.000
1196000.000
1182800.000
1146600.000
1183800.000
1166600.000
1155000.000
1118000.000
1114600.000
1124200.000
1126200.000
1122200.000
1147800.000
1151600.000
1152400.000
1167600.000
1196200.000
1180800.000
1171600.000
1148600.000
1136600.000
1097400.000
1147000.000
1128000.000
1138000.000
1136600.000
1162800.000
1153200.000
1145800.000
1153400.000
1113600.000
1113200.000
1121600.000
1100200.000
1117200.000
1115200.000
1119000.000
1189800.000
1122600.000
1117400.000
1081200.000
1119400.000
1116400.000
1101400.000
1105400.000
1072800.000
1103400.000
1117000.000
1088200.000
1088200.000
1098400.000
1129600.000
1145400.000
1129800.000
1132200.000
1108200.000
1125000.000
1137600.000
1152800.000
1131600.000
1108600.000
1118200.000
1090200.000
1111400.000
1071000.000
1116000.000
1059000.000
1085200.000
1083000.000
1100000.000
1093800.000
1100600.000
1103800.000
1148800.000
1136200.000
1111600.000
1146200.000
1100000.000
1128800.000
1112200.000
1076600.000
1102800.000
1089000.000
1101000.000
1118200.000
1146000.000
1109600.000
1104200.000
1072200.000
1093400.000
1059200.000
1093400.000
1099200.000
1072600.000
1060600.000
1104400.000
1104000.000
1092200.000
1110400.000
1074600.000
1091000.000
1077400.000
1058200.000
1047600.000
1066800.000
1080600.000
1106400.000
1103400.000
1109000.000
1110800.000
1091600.000
1127600.000
1136800.000
1142800.000
1102600.000
1085200.000
1085400.000
1091600.000
1092400.000
1103800.000
1124000.000
1118000.000
1106800.000
1143000.000
1128400.000
1121200.000
1120600.000
1115200.000
1104600.000
1105000.000
1070000.000
1119600.000
1070200.000
1063600.000
1057000.000
1051200.000
1079000.000
1088400.000
1076200.000
1115200.000
1115200.000
1120200.000
1112400.000
1111800.000
1110600.000
1087800.000
1120400.000
1111000.000
1104000.000
1139200.000
1073600.000
1084000.000
1066400.000
1066800.000
1073000.000
1101000.000
1106400.000
1128400.000
1114200.000
1137200.000
1157600.000
1149600.000
1134400.000
1169600.000
1192400.000
1212000.000
1207400.000
1205200.000
1231200.000
1212800.000
1215200.000
1206000.000
1190000.000
1253600.000
1232800.000
1227800.000
1197400.000
1203200.000
1198800.000
1196200.000
1259800.000
1245400.000
1263600.000
1254800.000
1250000.000
1213200.000
1190600.000
1205200.000
1164600.000
1161800.000
1129200.000
1083400.000
1135400.000
1086000.000
1111000.000
1096800.000
1087000.000
1113200.000
1140400.000
1115000.000
1151600.000
1166600.000
1157400.000
1157000.000
1143800.000
1129800.000
1147800.000
1090800.000
1112200.000
1132400.000
1127400.000
1108400.000
1097400.000
1111200.000
1107800.000
1140400.000
1174800.000
1151600.000
1144200.000
1150800.000
1123200.000
1097000.000
1121600.000
1092600.000
1082800.000
1122400.000
1114600.000
1122200.000
1114000.000
1143800.000
1108800.000
1094000.000
1110600.000
1119200.000
1091800.000
1108600.000
1110200.000
1105000.000
1115000.000
1119200.000
1080800.000
1080400.000
1048000.000
1086800.000
1091000.000
1066800.000
1082200.000
1102400.000
1106000.000
1120600.000
1080600.000
1114400.000
1099000.000
1109800.000
1105000.000
1123600.000
1118000.000
1129600.000
1156200.000
1146200.000
1139800.000
1126000.000
1129000.000
1103800.000
1092000.000
1119400.000
1111000.000
1102200.000
1068800.000
1105000.000
1085400.000
1104600.000
1100200.000
1142800.000
1133800.000
1167200.000
1173800.000
1142600.000
1138200.000
1135800.000
1128600.000
1113200.000
1118000.000
1120600.000
1118600.000
1095000.000
1151800.000
1114600.000
1089200.000
1093000.000
1090600.000
1072800.000
1100600.000
1086600.000
1086200.000
1099400.000
1115600.000
1096800.000
1090000.000
1086400.000
1070000.000
1074400.000
1084200.000
1055200.000
1061200.000
1066800.000
1074600.000
1087600.000
1107800.000
1120600.000
1107400.000
1119400.000
1146800.000
1122000.000
1120200.000
1088400.000
1130200.000
1108200.000
1086000.000
1086400.000
1129000.000
1131600.000
1116000.000
1141200.000
1121600.000
1091000.000
1112200.000
1111000.000
1080600.000
1127200.000
1108000.000
1091000.000
1086800.000
1041600.000
1062800.000
1050400.000
1084600.000
1095000.000
1106000.000
1102800.000
1126800.000
1144600.000
1160200.000
1121000.000
1159800.000
1165600.000
1149200.000
1152200.000
1144400.000
1146000.000
1139400.000
1102800.000
1107200.000
1092000.000
1104200.000
1082200.000
1133800.000
1146000.000
1149400.000
1181000.000
1158000.000
1172800.000
1147200.000
1186600.000
1227800.000
1242400.000
1265800.000
1254800.000
1272200.000
1262200.000
1284400.000
1251200.000
1259400.000
1193200.000
1249600.000
1250400.000
1213600.000
1232600.000
1238600.000
1238600.000
1251000.000
1224400.000
1260000.000
1271000.000
1245200.000
1228000.000
1224400.000
1230400.000
1175400.000
1152600.000
1164600.000
1108600.000
1132400.000
1137600.000
1099600.000
1123200.000
1131000.000
1098600.000
1097400.000
1134600.000
1135600.000
1141400.000
1154000.000
1181000.000
1176400.000
1157000.000
1192200.000
1133600.000
1164000.000
1129600.000
1150000.000
1135600.000
1127000.000
1131400.000
1127200.000
1148200.000
1180600.000
1144800.000
1155000.000
1155400.000
1132800.000
1120600.000
1126000.000
1098800.000
1112800.000
1123000.000
1137000.000
1141600.000
1134200.000
1118800.000
1120800.000
1147600.000
1099600.000
1091800.000
1120000.000
1113600.000
1079000.000
1114000.000
1110400.000
1102800.000
1096400.000
1072800.000
1089600.000
1082200.000
1086400.000
1099400.000
1097800.000
1107800.000
1102000.000
1108400.000
1109600.000
1096800.000
1123400.000
1109200.000
1120400.000
1113000.000
1119400.000
1120000.000
1159200.000
1156200.000
1157400.000
1125000.000
1131800.000
1096000.000
1074000.000
1081200.000
1093000.000
1100400.000
1094600.000
1079400.000
1111800.000
1107600.000
1130400.000
1137000.000
1152800.000
1152200.000
1164800.000
1126800.000
1123000.000
1129400.000
1107200.000
1102600.000
1112200.000
1091800.000
1088000.000
1104000.000
1106600.000
1101800.000
1106400.000
1100600.000
1112400.000
1061000.000
1050200.000
1092200.000
1091600.000
1087400.000
1075600.000
1093200.000
1072400.000
1095800.000
1060200.000
1050200.000
1051000.000
1050000.000
1051200.000
1041000.000
1064000.000
1098400.000
1074200.000
1093400.000
1121000.000
1138200.000
1119200.000
1134800.000
1139000.000
1117600.000
1128600.000
1106600.000
1072600.000
1097600.000
1097600.000
1115800.000
1098000.000
1121400.000
1081000.000
1097400.000
1092400.000
1091600.000
1099000.000
1133000.000
1111200.000
1103600.000
1103000.000
1073800.000
1065800.000
1009000.000
1061200.000
1065800.000
1108400.000
1125800.000
1141400.000
1125000.000
1149200.000
1172200.000
1152400.000
1192600.000
1141800.000
1194600.000
1147600.000
1159800.000
1159800.000
1103200.000
1098400.000
1082000.000
1062800.000
1082600.000
1074600.000
1120000.000
1120000.000
1096800.000
1098800.000
1165200.000
1149600.000
1115000.000
1179000.000
1155400.000
1189800.000
1220000.000
1205800.000
1246400.000
1230000.000
1226200.000
1259600.000
1200800.000
1206600.000
1201400.000
1208400.000
1221800.000
1191800.000
1200200.000
1176000.000
1191800.000
1196800.000
1218200.000
1244800.000
1264800.000
1208200.000
1182000.000
1204000.000
1156600.000
1130400.000
1119800.000
1091200.000
1106600.000
1095400.000
1097400.000
1112600.000
1093200.000
1110800.000
1098600.000
1108600.000
1150000.000
1136800.000
1166000.000
1152800.000
1138600.000
1135800.000
1153000.000
1129800.000
1131000.000
1126200.000
1132600.000
1122000.000
1128400.000
1112800.000
1102600.000
1123400.000
1124000.000
1148200.000
1109000.000
1118000.000
1106800.000
1118800.000
1102000.000
1105200.000
1081000.000
1089000.000
1103600.000
1137800.000
1094800.000
1121800.000
1114800.000
1106400.000
1114200.000
1108800.000
1096000.000
1118600.000
1101800.000
1100600.000
1097400.000
1089200.000
1127000.000
1100200.000
1105200.000
1098000.000
1092800.000
1058800.000
1112200.000
1144000.000
1131600.000
1120400.000
1111400.000
1108800.000
1110400.000
1124400.000
1109000.000
1117000.000
1136400.000
1177400.000
1189000.000
1160000.000
1197400.000
1188400.000
1127600.000
1091000.000
1112600.000
1121400.000
1082000.000
1119400.000
1134800.000
1095000.000
1100800.000
1072800.000
1122000.000
1124800.000
1156000.000
1171000.000
1168200.000
1151600.000
1170200.000
1135400.000
1172200.000
1101800.000
1129800.000
1131600.000
1139800.000
1118800.000
1101800.000
1103200.000
1120800.000
1097400.000
1090800.000
1099400.000
1061800.000
1093200.000
1104600.000
1080600.000
1055400.000
1091200.000
1089800.000
1087200.000
1058000.000
1051800.000
1044000.000
1047800.000
1036800.000
1067200.000
1088800.000
1081000.000
1080400.000
1116400.000
1093000.000
1124600.000
1147800.000
1139800.000
1122400.000
1106000.000
1092400.000
1088400.000
1068000.000
1092400.000
1117400.000
1117200.000
1094200.000
1114000.000
1104200.000
1053600.000
1076800.000
1090200.000
1073200.000
1134200.000
1101200.000
1053400.000
1089200.000
1025800.000
1065800.000
1074800.000
1028000.000
1029800.000
1098600.000
1124200.000
1141000.000
1159200.000
1147600.000
1157800.000
1174600.000
1177800.000
1182400.000
1153600.000
1163000.000
1168400.000
1149000.000
1110400.000
1079800.000
1062200.000
1105400.000
1089000.000
1087800.000
1086200.000
1133600.000
1118400.000
1142000.000
1134400.000
1174200.000
1155400.000
1172200.000
1157400.000
1182800.000
1196800.000
1212200.000
1239600.000
1237400.000
1227200.000
1220000.000
1197200.000
1174800.000
1179600.000
1226800.000
1159600.000
1145600.000
1199800.000
1184000.000
1190600.000
1200800.000
1220800.000
1228800.000
1192800.000
1177600.000
1164600.000
1166600.000
1145400.000
1126400.000
1106000.000
1086000.000
1102400.000
1108000.000
1096400.000
1111800.000
1122000.000
1121000.000
1092000.000
1120200.000
1105800.000
1097200.000
1144000.000
1156800.000
1159200.000
1134400.000
1164000.000
1118800.000
1126200.000
1118000.000
1145000.000
1146800.000
1129800.000
1100800.000
1120400.000
1124600.000
1088200.000
1118600.000
1122800.000
1111600.000
1085600.000
1117400.000
1082600.000
1083000.000
1104000.000
1112200.000
1105000.000
1099400.000
1090800.000
1102800.000
1122600.000
1101000.000
1132800.000
1082200.000
1127200.000
1101400.000
1111000.000
1086600.000
1097600.000
1124000.000
1109800.000
1115600.000
1101400.000
1112800.000
1092200.000
1124600.000
1146000.000
1125800.000
1141600.000
1123400.000
1084200.000
1083600.000
1134400.000
1150800.000
1133800.000
1151000.000
1164400.000
1183600.000
1200400.000
1208400.000
1192000.000
1131600.000
1107000.000
1118200.000
1116200.000
1120200.000
1109400.000
1113400.000
1107000.000
1106000.000
1077600.000
1120600.000
1120400.000
1145000.000
1191400.000
1169400.000
1155200.000
1153400.000
1135400.000
1153800.000
1143000.000
1122600.000
1108000.000
1122400.000
1117600.000
1112000.000
1114400.000
1110200.000
1092600.000
1113800.000
1082200.000
1087800.000
1074400.000
1106400.000
1090200.000
1053800.000
1067600.000
1070400.000
1090400.000
1108200.000
1078600.000
1045000.000
1058600.000
1060800.000
1085200.000
1065600.000
1099800.000
1096600.000
1139600.000
1112000.000
1125600.000
1142600.000
1185600.000
1145000.000
1146800.000
1102400.000
1094800.000
1095800.000
1053800.000
1097000.000
1130600.000
1100000.000
1111400.000
1105000.000
1089200.000
1078600.000
1088400.000
1071200.000
1081200.000
1092600.000
1071000.000
1083000.000
1064800.000
1039200.000
1045400.000
1060400.000
1072400.000
1052400.000
1137000.000
1113000.000
1148400.000
1177400.000
1167800.000
1162800.000
1167000.000
1162600.000
1154400.000
1177000.000
1181800.000
1137600.000
1149200.000
1109200.000
1116400.000
1078800.000
1117000.000
1091600.000
1093400.000
1120200.000
1113000.000
1138400.000
1128400.000
1141400.000
1159800.000
1149400.000
1159600.000
1173600.000
1193400.000
1221000.000
1238800.000
1250200.000
1250800.000
1217800.000
1212200.000
1188600.000
1181200.000
1197400.000
1195200.000
1178600.000
1170800.000
1149800.000
1201600.000
1197800.000
1189000.000
1203800.000
1204400.000
1186800.000
1151200.000
1138600.000
1133800.000
1148000.000
1133000.000
1096800.000
1106400.000
1084400.000
1118400.000
1129200.000
1090000.000
1097800.000
1109600.000
1109600.000
1092200.000
1106800.000
1111600.000
1125600.000
1129400.000
1149800.000
1122800.000
1136000.000
1082800.000
1111600.000
1133600.000
1152000.000
1149400.000
1161200.000
1091600.000
1098600.000
1100400.000
1100600.000
1097800.000
1097200.000
1067200.000
1072400.000
1071600.000
1070600.000
1078800.000
1105400.000
1093800.000
1084600.000
1108400.000
1103000.000
1089400.000
1080800.000
1101600.000
1084800.000
1068200.000
1092000.000
1099800.000
1075800.000
1116600.000
1075800.000
1111600.000
1099000.000
1085200.000
1113000.000
1101000.000
1099800.000
1125800.000
1108400.000
1132200.000
1166600.000
1131600.000
1093800.000
1104600.000
1132600.000
1131200.000
1153800.000
1134000.000
1173200.000
1210600.000
1197200.000
1210800.000
1174000.000
1154200.000
1150000.000
1114400.000
1136400.000
1083000.000
1133000.000
1122200.000
1133000.000
1103400.000
1080600.000
1117400.000
1145400.000
1159600.000
1164800.000
1171400.000
1171800.000
1149400.000
1153600.000
1163600.000
1144200.000
1120600.000
1159800.000
1104800.000
1131000.000
1111200.000
1143600.000
1119000.000
1081000.000
1112200.000
1092600.000
1098200.000
1071000.000
1085800.000
1097200.000
1076000.000
1073200.000
1096800.000
1102400.000
1069600.000
1060400.000
1075400.000
1072200.000
1096000.000
1081600.000
1069800.000
1098200.000
1110600.000
1104600.000
1127600.000
1153600.000
1118400.000
1143200.000
1164400.000
1106800.000
1082000.000
1093200.000
1078400.000
1101000.000
1104800.000
1124400.000
1125200.000
1096400.000
1070400.000
1074600.000
1073400.000
1102200.000
1086200.000
1057600.000
1063400.000
1092200.000
1078400.000
1028800.000
1052600.000
1050400.000
1058000.000
1067800.000
1044800.000
1151600.000
1155200.000
1158000.000
1182400.000
1187400.000
1160000.000
1174400.000
1195400.000
1171800.000
1169800.000
1174000.000
1156800.000
1165200.000
1102000.000
1087200.000
1097800.000
1114400.000
1083000.000
1070400.000
1112000.000
1106400.000
1145400.000
1131000.000
1154800.000
1141600.000
1153200.000
1159600.000
1190000.000
1181600.000
1274600.000
1225600.000
1251800.000
1219800.000
1208200.000
1183400.000
1188000.000
1184800.000
1152400.000
1161200.000
1124600.000
1186800.000
1134800.000
1154000.000
1148600.000
1186200.000
1124000.000
1155200.000
1164800.000
1141200.000
1119600.000
1123400.000
1115000.000
1114800.000
1095000.000
1095400.000
1135600.000
1079000.000
1106400.000
1081400.000
1108600.000
1106600.000
1073200.000
1109400.000
1114800.000
1116600.000
1124400.000
1120000.000
1101400.000
1132200.000
1123600.000
1132400.000
1118200.000
1166400.000
1181200.000
1180200.000
1157800.000
1121200.000
1122200.000
1128200.000
1109800.000
1098600.000
1082000.000
1066600.000
1098000.000
1097600.000
1056400.000
1097600.000
1089400.000
1092600.000
1131000.000
1096600.000
1098800.000
1083800.000
1081400.000
1110400.000
1091400.000
1121400.000
1064400.000
1062400.000
1102200.000
1080200.000
1073800.000
1078400.000
1098200.000
1087200.000
1115200.000
1105400.000
1087400.000
1109400.000
1134200.000
1129600.000
1097400.000
1090400.000
1085200.000
1108600.000
1096800.000
1116600.000
1157600.000
1121000.000
1178000.000
1174000.000
1211800.000
1195800.000
1159400.000
1132600.000
1114800.000
1101800.000
1095400.000
1086200.000
1145200.000
1137600.000
1128600.000
1111600.000
1084800.000
1119000.000
1139000.000
1192000.000
1140000.000
1160400.000
1151200.000
1174400.000
1147600.000
1131400.000
1109000.000
1098600.000
1112400.000
1092000.000
1106000.000
1132000.000
1120400.000
1105000.000
1123800.000
1048600.000
1067800.000
1074600.000
1070400.000
1068600.000
1084600.000
1060000.000
1093200.000
1076200.000
1090800.000
1087800.000
1075800.000
1057400.000
1068000.000
1063800.000
1066800.000
1082200.000
1108000.000
1071400.000
1118400.000
1117400.000
1170000.000
1153200.000
1139000.000
1155000.000
1087400.000
1057200.000
1040200.000
1083800.000
1061600.000
1072200.000
1119200.000
1083000.000
1085800.000
1057400.000
1072000.000
1091200.000
1063600.000
1123600.000
1113200.000
1100800.000
1066200.000
1044800.000
1044800.000
1041200.000
1028000.000
1042800.000
1040000.000
1030200.000
1150000.000
1187400.000
1166800.000
1209600.000
1216200.000
1175200.000
1157400.000
1161200.000
1174000.000
1175400.000
1189000.000
1159800.000
1130800.000
1119200.000
1083200.000
1077800.000
1077400.000
1083600.000
1090000.000
1099400.000
1126600.000
1097400.000
1129200.000
1131200.000
1115800.000
1150000.000
1171000.000
1169000.000
1196800.000
1232600.000
1218800.000
1220800.000
1228200.000
1197000.000
1187200.000
1200600.000
1171000.000
1162800.000
1171400.000
1142000.000
1133200.000
1139000.000
1157600.000
1149600.000
1143000.000
1144000.000
1142000.000
1139600.000
1144800.000
1151400.000
1153000.000
1100800.000
1130000.000
1120000.000
1113800.000
1115600.000
1088200.000
1103000.000
1100000.000
1063200.000
1085000.000
1100800.000
1084200.000
1109400.000
1110000.000
1107800.000
1144400.000
1106600.000
1155800.000
1148400.000
1161200.000
1146000.000
1173600.000
1179200.000
1196000.000
1160800.000
1153800.000
1139000.000
1097000.000
1104000.000
1093000.000
1075200.000
1070600.000
1079000.000
1109800.000
1084000.000
1107800.000
1055600.000
1086400.000
1086400.000
1089600.000
1112000.000
1085800.000
1099200.000
1112200.000
1090200.000
1127600.000
1095000.000
1075600.000
1110000.000
1071000.000
1129200.000
1101000.000
1108400.000
1095600.000
1113600.000
1107400.000
1108000.000
1115600.000
1169400.000
1095800.000
1124800.000
1117600.000
1076200.000
1087400.000
1104000.000
1145200.000
1124400.000
1167800.000
1159400.000
1206600.000
1215800.000
1171200.000
1178000.000
1154800.000
1143200.000
1112200.000
1130800.000
1124400.000
1118600.000
1118600.000
1103600.000
1093000.000
1091400.000
1115000.000
1112000.000
1158000.000
1160600.000
1144200.000
1114000.000
1139800.000
1142200.000
1104800.000
1126200.000
1149800.000
1115600.000
1106800.000
1110200.000
1117600.000
1080400.000
1075600.000
1107000.000
1069400.000
1067200.000
1098400.000
1064800.000
1068800.000
1081600.000
1095600.000
1084200.000
1074200.000
1098000.000
1090600.000
1097000.000
1092800.000
1089800.000
1101400.000
1095800.000
1098600.000
1122600.000
1103400.000
1121200.000
1116600.000
1150600.000
1131600.000
1123200.000
1125800.000
1056200.000
1047000.000
1051000.000
1033000.000
1069800.000
1075200.000
1083000.000
1067800.000
1073600.000
1066600.000
1028400.000
1062400.000
1088000.000
1101800.000
1090400.000
1085800.000
1060400.000
1025600.000
1033400.000
1035400.000
1029200.000
1034600.000
1015600.000
1037600.000
1140600.000
1187000.000
1193600.000
1165200.000
1174000.000
1158800.000
1186200.000
1105800.000
1134600.000
1151000.000
1150000.000
1112600.000
1112800.000
1123600.000
1075200.000
1098200.000
1079800.000
1094000.000
1096800.000
1131800.000
1112000.000
1124200.000
1100200.000
1097600.000
1121400.000
1145000.000
1151200.000
1192200.000
1196200.000
1235000.000
1222800.000
1202400.000
1194200.000
1173600.000
1161600.000
1146400.000
1152200.000
1151400.000
1152600.000
1125400.000
1130400.000
1139800.000
1146000.000
1154000.000
1117000.000
1111600.000
1123200.000
1121000.000
1115400.000
1128800.000
1136600.000
1139600.000
1092000.000
1130800.000
1087200.000
1126400.000
1101000.000
1095400.000
1093800.000
1063200.000
1079800.000
1076200.000
1110200.000
1085200.000
1116800.000
1088800.000
1108400.000
1121000.000
1116000.000
1115400.000
1165800.000
1172600.000
1147600.000
1206600.000
1212400.000
1182400.000
1142200.000
1081400.000
1099400.000
1081200.000
1077000.000
1076600.000
1081200.000
1052000.000
1091600.000
1109200.000
1107800.000
1077400.000
1093000.000
1101800.000
1104000.000
1102400.000
1078600.000
1096400.000
1105200.000
1100800.000
1125000.000
1112000.000
1071000.000
1067200.000
1099400.000
1111400.000
1054600.000
1105000.000
1091200.000
1088000.000
1087000.000
1126200.000
1113400.000
1116400.000
1127800.000
1094400.000
1069800.000
1080000.000
1084200.000
1104000.000
1133400.000
1138600.000
1177600.000
1186200.000
1171000.000
1179600.000
1161000.000
1165000.000
1125200.000
1133000.000
1098200.000
1135400.000
1149600.000
1126200.000
1122600.000
1122400.000
1127400.000
1104600.000
1104600.000
1183400.000
1156400.000
1147600.000
1114400.000
1100000.000
1122600.000
1136200.000
1124400.000
1107200.000
1090600.000
1101400.000
1090800.000
1091000.000
1086000.000
1098600.000
1102800.000
1074600.000
1069400.000
1065600.000
1059000.000
1056600.000
1077200.000
1082200.000
1065800.000
1072200.000
1086800.000
1097000.000
1088000.000
1096800.000
1076200.000
1050600.000
1078600.000
1088800.000
1106600.000
1109400.000
1108400.000
1116800.000
1127600.000
1139000.000
1139400.000
1131000.000
1079400.000
1087400.000
1066000.000
1057000.000
1080800.000
1070000.000
1078800.000
1076800.000
1061200.000
1062200.000
1071600.000
1064000.000
1111800.000
1088400.000
1054000.000
1075600.000
1063400.000
1050800.000
1046600.000
1045200.000
1045600.000
1023800.000
1047200.000
995600.000
982600.000
1166200.000
1162800.000
1177800.000
1176400.000
1167800.000
1151400.000
1146800.000
1147800.000
1129000.000
1134000.000
1156000.000
1147400.000
1095600.000
1111000.000
1097600.000
1068400.000
1082000.000
1084800.000
1090600.000
1106000.000
1091600.000
1096200.000
1086400.000
1125600.000
1126600.000
1086200.000
1140200.000
1151800.000
1170600.000
1164800.000
1199600.000
1179000.000
1176800.000
1147200.000
1134400.000
1143400.000
1136400.000
1125000.000
1129200.000
1122400.000
1115200.000
1134400.000
1131800.000
1156600.000
1131600.000
1067000.000
1124600.000
1088000.000
1114400.000
1088200.000
1103600.000
1075200.000
1100200.000
1095600.000
1099800.000
1104400.000
1092200.000
1062800.000
1087000.000
1077200.000
1069800.000
1073000.000
1099800.000
1106800.000
1109600.000
1135800.000
1112800.000
1154200.000
1101600.000
1130800.000
1147400.000
1160200.000
1178600.000
1209400.000
1185400.000
1149400.000
1116400.000
1132400.000
1110800.000
1087800.000
1082200.000
1089000.000
1062800.000
1064400.000
1065400.000
1086200.000
1100600.000
1114600.000
1120800.000
1112000.000
1090200.000
1083200.000
1137000.000
1090400.000
1114600.000
1077000.000
1103400.000
1118600.000
1102600.000
1087800.000
1095600.000
1078800.000
1076400.000
1123400.000
1090400.000
1097600.000
1090000.000
1097800.000
1123800.000
1112800.000
1117600.000
1081800.000
1081600.000
1106800.000
1107000.000
1074600.000
1126000.000
1176000.000
1144800.000
1167400.000
1181200.000
1165800.000
1159000.000
1116000.000
1136200.000
1140400.000
1108200.000
1113200.000
1106600.000
1126400.000
1086800.000
1118000.000
1097000.000
1125600.000
1124400.000
1194200.000
1126600.000
1133200.000
1135000.000
1133800.000
1138000.000
1123800.000
1098600.000
1118800.000
1131000.000
1121400.000
1091400.000
1080000.000
1091400.000
1092200.000
1087600.000
1080800.000
1073400.000
1050400.000
1092200.000
1059000.000
1063000.000
1070800.000
1038800.000
1052200.000
1083000.000
1093200.000
1100200.000
1094000.000
1090000.000
1102600.000
1083600.000
1088600.000
1062800.000
1113000.000
1108400.000
1124400.000
1109800.000
1132600.000
1125600.000
1080800.000
1101600.000
1075800.000
1072400.000
1030200.000
1068000.000
1069400.000
1080600.000
1032200.000
1064400.000
1058400.000
1037200.000
1073600.000
1059400.000
1072000.000
1055200.000
1042800.000
1010600.000
1019000.000
1033400.000
1006000.000
1031600.000
1051600.000
1026200.000
1025200.000
1009400.000
1162000.000
1176800.000
1167800.000
1181400.000
1160200.000
1135200.000
1134800.000
1121200.000
1141800.000
1164200.000
1151600.000
1152400.000
1099400.000
1094200.000
1070200.000
1075200.000
1102600.000
1118800.000
1109600.000
1109200.000
1117000.000
1075200.000
1131000.000
1105400.000
1127600.000
1145600.000
1145600.000
1151200.000
1180200.000
1183200.000
1209400.000
1197400.000
1194600.000
1143800.000
1167200.000
1147800.000
1161000.000
1141000.000
1119000.000
1112200.000
1165200.000
1154000.000
1139600.000
1143800.000
1125800.000
1106200.000
1124600.000
1113600.000
1163400.000
1139400.000
1113600.000
1125000.000
1111200.000
1143200.000
1149800.000
1124600.000
1143800.000
1108800.000
1093800.000
1100600.000
1101400.000
1115000.000
1130000.000
1132000.000
1126200.000
1128600.000
1153400.000
1138200.000
1166200.000
1182400.000
1193600.000
1202200.000
1256800.000
1217200.000
1174400.000
1183600.000
1126200.000
1094400.000
1109000.000
1112600.000
1104800.000
1109600.000
1090600.000
1108800.000
1121600.000
1128800.000
1124000.000
1132600.000
1134000.000
1132600.000
1110400.000
1100800.000
1129800.000
1122000.000
1100000.000
1112600.000
1136800.000
1126800.000
1159800.000
1138600.000
1132200.000
1112600.000
1137800.000
1112400.000
1117800.000
1122000.000
1101000.000
1130800.000
1125600.000
1151600.000
1140000.000
1136800.000
1120000.000
1129600.000
1116000.000
1125200.000
1171200.000
1175600.000
1188200.000
1202800.000
1197400.000
1190200.000
1166400.000
1161800.000
1134400.000
1129200.000
1112600.000
1140600.000
1134200.000
1120200.000
1118400.000
1123800.000
1126200.000
1147200.000
1146600.000
1178600.000
1149400.000
1151000.000
1136400.000
1126200.000
1126200.000
1135200.000
1141200.000
1118400.000
1120600.000
1121800.000
1106000.000
1111000.000
1133600.000
1083600.000
1082800.000
1093000.000
1124200.000
1090400.000
1081800.000
1089800.000
1081600.000
1106400.000
1100000.000
1108000.000
1102800.000
1130800.000
1147200.000
1113400.000
1130000.000
1099000.000
1086000.000
1082800.000
1112000.000
1087800.000
1086600.000
1123800.000
1141400.000
1123600.000
1130200.000
1096800.000
1086200.000
1064600.000
1049400.000
1053600.000
1076000.000
1073800.000
1063400.000
1050600.000
1057600.000
1062800.000
1040800.000
1069400.000
1063600.000
1007000.000
1025600.000
1023200.000
1033400.000
993800.000
1006600.000
1021000.000
1033000.000
1017200.000
1028600.000
999400.000
977600.000
1156400.000
1140800.000
1173600.000
1145000.000
1126000.000
1089800.000
1123400.000
1111000.000
1111400.000
1113800.000
1110800.000
1110400.000
1095000.000
1131000.000
1089000.000
1085000.000
1072000.000
1101800.000
1094200.000
1087400.000
1108600.000
1082000.000
1091600.000
1112800.000
1086200.000
1102000.000
1119800.000
1134600.000
1131000.000
1144200.000
1162200.000
1171200.000
1135800.000
1141800.000
1149800.000
1141000.000
1104000.000
1096200.000
1087400.000
1092800.000
1111400.000
1114000.000
1101600.000
1132600.000
1102000.000
1079600.000
1092000.000
1101200.000
1099400.000
1110200.000
1118800.000
1108000.000
1101400.000
1105600.000
1098400.000
1115000.000
1087800.000
1106600.000
1105000.000
1076000.000
1076200.000
1096400.000
1114000.000
1100600.000
1100800.000
1121600.000
1128000.000
1128000.000
1129200.000
1144000.000
1185000.000
1231400.000
1229600.000
1204600.000
1169600.000
1124200.000
1107200.000
1067400.000
1107000.000
1098800.000
1091800.000
1108000.000
1073200.000
1098000.000
1073200.000
1117600.000
1104600.000
1109800.000
1132800.000
1113400.000
1095000.000
1098400.000
1069600.000
1104200.000
1088000.000
1112000.000
1073400.000
1079400.000
1085400.000
1069400.000
1084000.000
1120800.000
1105200.000
1087000.000
1110600.000
1092800.000
1118200.000
1108000.000
1162200.000
1110400.000
1119200.000
1112600.000
1093800.000
1087000.000
1126600.000
1125200.000
1123600.000
1165800.000
1162800.000
1182800.000
1169000.000
1130000.000
1128200.000
1165000.000
1088600.000
1101600.000
1084000.000
1096000.000
1107000.000
1126800.000
1108600.000
1090800.000
1104600.000
1126200.000
1137000.000
1154000.000
1127200.000
1123600.000
1110400.000
1084400.000
1103400.000
1126200.000
1077800.000
1072000.000
1108600.000
1085800.000
1094200.000
1102200.000
1091400.000
1095800.000
1091000.000
1082400.000
1081600.000
1108000.000
1055400.000
1076400.000
1091600.000
1112400.000
1085000.000
1084400.000
1129800.000
1121600.000
1082600.000
1128400.000
1103600.000
1099200.000
1119400.000
1108800.000
1097000.000
1090400.000
1094000.000
1122400.000
1117800.000
1093000.000
1106200.000
1078200.000
1067000.000
1053000.000
1043600.000
1061400.000
1060200.000
1076000.000
1060200.000
1062400.000
1055400.000
1070800.000
1041600.000
1059400.000
1066600.000
1054000.000
1019800.000
1008200.000
995800.000
1018000.000
1045600.000
1035800.000
1046800.000
1027000.000
1013000.000
995600.000
999200.000
1182800.000
1176000.000
1173200.000
1172400.000
1133800.000
1129600.000
1118600.000
1144600.000
1148200.000
1170800.000
1142400.000
1121400.000
1147800.000
1151000.000
1111400.000
1119600.000
1101800.000
1097800.000
1099000.000
1125600.000
1071400.000
1134600.000
1126800.000
1143600.000
1116000.000
1166000.000
1135600.000
1147200.000
1141400.000
1161000.000
1181600.000
1186000.000
1168000.000
1129000.000
1142800.000
1132400.000
1134200.000
1139400.000
1101200.000
1138000.000
1148600.000
1153000.000
1130400.000
1152800.000
1105200.000
1130000.000
1156200.000
1125200.000
1123800.000
1123000.000
1138800.000
1110800.000
1140400.000
1160400.000
1124800.000
1110800.000
1105200.000
1105400.000
1086400.000
1083800.000
1089200.000
1117200.000
1074800.000
1098600.000
1122400.000
1157400.000
1142800.000
1158200.000
1167000.000
1181800.000
1233000.000
1226600.000
1196200.000
1177400.000
1150000.000
1141400.000
1098800.000
1097000.000
1114200.000
1105800.000
1106600.000
1098800.000
1113400.000
1091400.000
1115000.000
1106400.000
1157000.000
1144200.000
1122800.000
1134600.000
1142200.000
1097400.000
1119000.000
1126600.000
1127200.000
1107400.000
1094400.000
1121800.000
1147000.000
1138600.000
1117200.000
1102600.000
1138600.000
1118600.000
1125200.000
1103400.000
1122400.000
1157400.000
1111000.000
1142600.000
1135800.000
1102000.000
1115200.000
1097600.000
1113400.000
1172800.000
1151000.000
1157000.000
1172600.000
1178200.000
1143600.000
1158800.000
1150000.000
1138600.000
1118600.000
1097800.000
1100400.000
1123600.000
1126800.000
1124400.000
1101400.000
1098400.000
1059400.000
1131000.000
1162600.000
1130400.000
1104400.000
1103800.000
1102800.000
1088400.000
1113400.000
1091200.000
1135200.000
1119000.000
1104200.000
1072000.000
1137000.000
1108000.000
1073600.000
1122000.000
1073200.000
1117200.000
1110800.000
1070200.000
1083800.000
1085200.000
1077200.000
1102000.000
1105000.000
1118200.000
1114800.000
1139200.000
1108800.000
1117600.000
1089200.000
1100200.000
1092600.000
1073800.000
1088800.000
1087800.000
1113000.000
1090600.000
1116000.000
1103600.000
1085000.000
1077600.000
1096200.000
1055800.000
1053800.000
1081600.000
1071800.000
1082600.000
1075800.000
1059800.000
1045800.000
1032000.000
1017600.000
1017800.000
1038600.000
1026000.000
1011000.000
1011600.000
1040600.000
1014000.000
1026800.000
1028400.000
1019400.000
995400.000
1005600.000
986600.000
985200.000
1152800.000
1162000.000
1185600.000
1158200.000
1143200.000
1109800.000
1146800.000
1161000.000
1140200.000
1170600.000
1150600.000
1146800.000
1138200.000
1133800.000
1119400.000
1117400.000
1089400.000
1110000.000
1084200.000
1109400.000
1123200.000
1127600.000
1106000.000
1105600.000
1097200.000
1124000.000
1137600.000
1151600.000
1134400.000
1144400.000
1153600.000
1136600.000
1168800.000
1164800.000
1149200.000
1130000.000
1119800.000
1125400.000
1122800.000
1131200.000
1148400.000
1121800.000
1134400.000
1120600.000
1122800.000
1114000.000
1108800.000
1128200.000
1122000.000
1118000.000
1108200.000
1115600.000
1105000.000
1171600.000
1122600.000
1111800.000
1123600.000
1122600.000
1121000.000
1119000.000
1121800.000
1140200.000
1110200.000
1109600.000
1145800.000
1119800.000
1160400.000
1169000.000
1186800.000
1192600.000
1192800.000
1204000.000
1222400.000
1163800.000
1151600.000
1185200.000
1118400.000
1152800.000
1120400.000
1128000.000
1125800.000
1139800.000
1102800.000
1145400.000
1114600.000
1117000.000
1144000.000
1141800.000
1115400.000
1129400.000
1091200.000
1097000.000
1113600.000
1107200.000
1104400.000
1112800.000
1118200.000
1120600.000
1098200.000
1125200.000
1137800.000
1120200.000
1142000.000
1142200.000
1098600.000
1138000.000
1122200.000
1184200.000
1144600.000
1134800.000
1135800.000
1138200.000
1088800.000
1135000.000
1145400.000
1166600.000
1149200.000
1186600.000
1204200.000
1181800.000
1193200.000
1142800.000
1164200.000
1161400.000
1128600.000
1162600.000
1131400.000
1128200.000
1134200.000
1139800.000
1124600.000
1123400.000
1125800.000
1129800.000
1128200.000
1121200.000
1144400.000
1138400.000
1131800.000
1140600.000
1130400.000
1134800.000
1167400.000
1111800.000
1129800.000
1136200.000
1153000.000
1112200.000
1083400.000
1128800.000
1099000.000
1091800.000
1113000.000
1116200.000
1138400.000
1129000.000
1116600.000
1128200.000
1094000.000
1120600.000
1117000.000
1161000.000
1155600.000
1114200.000
1118400.000
1096400.000
1101800.000
1129200.000
1143800.000
1103200.000
1120800.000
1096400.000
1137400.000
1129200.000
1123000.000
1085400.000
1073200.000
1066400.000
1080200.000
1067000.000
1071200.000
1086400.000
1076000.000
1070400.000
1068000.000
1059000.000
1067400.000
1037200.000
1044400.000
1032800.000
1049200.000
1019000.000
1030600.000
1023000.000
1029200.000
1035600.000
1037400.000
1043200.000
1006000.000
1021600.000
1014000.000
1148400.000
1128000.000
1118000.000
1143400.000
1111200.000
1121200.000
1124200.000
1128400.000
1112800.000
1113000.000
1110400.000
1109400.000
1084000.000
1091400.000
1098400.000
1054800.000
1043600.000
1069400.000
1076400.000
1094000.000
1059600.000
1053600.000
1068400.000
1058400.000
1087800.000
1096200.000
1102600.000
1125600.000
1123400.000
1142400.000
1140800.000
1146800.000
1092000.000
1112800.000
1110600.000
1116600.000
1107600.000
1119400.000
1122800.000
1122200.000
1114600.000
1124600.000
1105800.000
1129400.000
1097800.000
1095200.000
1115800.000
1129200.000
1092800.000
1136600.000
1114200.000
1095800.000
1131200.000
1136800.000
1144200.000
1132000.000
1113600.000
1085400.000
1130400.000
1093400.000
1129600.000
1104200.000
1106800.000
1139000.000
1123800.000
1131400.000
1156000.000
1167000.000
1192000.000
1184600.000
1215200.000
1169200.000
1152600.000
1154200.000
1132400.000
1137200.000
1100600.000
1107000.000
1141600.000
1169200.000
1131400.000
1132400.000
1132600.000
1137200.000
1159000.000
1160000.000
1136200.000
1140800.000
1167800.000
1106000.000
1113200.000
1104800.000
1132400.000
1122600.000
1138200.000
1132800.000
1140200.000
1132600.000
1118000.000
1137600.000
1148200.000
1150600.000
1129200.000
1121800.000
1106000.000
1124000.000
1146000.000
1176400.000
1146000.000
1146200.000
1136400.000
1125000.000
1123800.000
1129200.000
1121600.000
1150800.000
1141000.000
1160000.000
1147000.000
1177400.000
1155200.000
1166600.000
1129800.000
1163800.000
1105600.000
1119000.000
1102000.000
1126000.000
1103600.000
1119400.000
1098600.000
1082200.000
1097200.000
1104600.000
1149200.000
1119800.000
1127600.000
1100000.000
1103600.000
1102400.000
1094200.000
1121000.000
1096400.000
1127200.000
1125400.000
1136200.000
1117400.000
1109800.000
1100800.000
1123600.000
1086600.000
1108200.000
1111600.000
1128600.000
1138600.000
1117400.000
1093800.000
1100400.000
1106200.000
1122600.000
1115400.000
1133400.000
1097600.000
1104200.000
1072600.000
1087400.000
1092200.000
1076800.000
1086400.000
1111200.000
1104800.000
1092000.000
1114400.000
1098000.000
1098200.000
1048600.000
1071800.000
1079600.000
1062000.000
1066400.000
1071200.000
1059000.000
1062600.000
1075200.000
1045800.000
1040800.000
1043200.000
1050200.000
994600.000
1024400.000
1016000.000
1020600.000
1016400.000
1060000.000
1033000.000
1054800.000
1017600.000
1007000.000
1011800.000
1013800.000
970400.000
1127000.000
1123000.000
1169400.000
1158800.000
1160600.000
1119000.000
1131800.000
1133600.000
1138600.000
1140200.000
1124000.000
1122000.000
1101000.000
1099800.000
1110800.000
1091200.000
1053200.000
1094600.000
1092600.000
1102600.000
1103400.000
1120600.000
1091800.000
1107400.000
1097000.000
1109400.000
1115400.000
1108600.000
1138400.000
1144200.000
1134000.000
1142000.000
1086000.000
1117200.000
1111400.000
1108400.000
1127800.000
1121600.000
1133000.000
1138800.000
1124400.000
1136200.000
1126000.000
1090800.000
1103200.000
1099800.000
1106600.000
1110400.000
1134000.000
1114200.000
1125600.000
1115000.000
1120600.000
1131800.000
1144800.000
1129400.000
1098400.000
1121800.000
1098200.000
1106400.000
1092600.000
1094400.000
1102000.000
1123800.000
1162600.000
1132200.000
1131000.000
1129800.000
1175200.000
1162600.000
1154600.000
1181400.000
1167800.000
1136600.000
1132800.000
1120200.000
1147400.000
1118800.000
1150000.000
1131800.000
1149600.000
1130800.000
1135000.000
1116600.000
1133200.000
1163200.000
1148800.000
1158800.000
1127400.000
1128400.000
1116600.000
1118800.000
1112200.000
1147600.000
1129400.000
1132000.000
1150800.000
1145600.000
1139400.000
1113600.000
1112200.000
1103600.000
1131800.000
1118800.000
1120600.000
1113000.000
1132400.000
1103000.000
1148600.000
1116400.000
1128600.000
1142600.000
1119600.000
1104200.000
1128800.000
1153800.000
1120000.000
1144800.000
1152600.000
1142200.000
1139200.000
1156200.000
1140200.000
1126400.000
1121600.000
1129200.000
1096600.000
1112200.000
1148400.000
1128800.000
1105800.000
1131000.000
1087000.000
1103800.000
1115400.000
1135800.000
1116400.000
1108200.000
1103400.000
1094800.000
1086800.000
1105600.000
1103600.000
1129200.000
1134600.000
1134600.000
1131800.000
1124400.000
1107400.000
1132400.000
1101200.000
1123600.000
1134400.000
1145400.000
1143600.000
1128600.000
1096200.000
1117800.000
1142600.000
1147400.000
1144000.000
1123800.000
1109200.000
1122600.000
1087200.000
1098000.000
1083600.000
1061200.000
1091200.000
1089400.000
1090600.000
1094000.000
1110400.000
1093200.000
1066200.000
1058000.000
1045400.000
1023000.000
1058800.000
1067600.000
1055000.000
1082800.000
1064800.000
1024800.000
1000800.000
1010400.000
1020400.000
999000.000
994600.000
1006000.000
1006000.000
994400.000
999200.000
1030400.000
1047200.000
1023400.000
1012400.000
997200.000
1010600.000
967600.000
954600.000
1135600.000
1130600.000
1110400.000
1123200.000
1096200.000
1084800.000
1088800.000
1120400.000
1119800.000
1096600.000
1124200.000
1099400.000
1086000.000
1056400.000
1101000.000
1076600.000
1034400.000
1083200.000
1051400.000
1062400.000
1082200.000
1044000.000
1071200.000
1067400.000
1074000.000
1081800.000
1061200.000
1080000.000
1110000.000
1090600.000
1117200.000
1118400.000
1055600.000
1089400.000
1082400.000
1073800.000
1102200.000
1097600.000
1102600.000
1115600.000
1065200.000
1093400.000
1086400.000
1083400.000
1076400.000
1085400.000
1079800.000
1074400.000
1085400.000
1093600.000
1114000.000
1094000.000
1095800.000
1128200.000
1103000.000
1098600.000
1112600.000
1094800.000
1081600.000
1093200.000
1105800.000
1104600.000
1101800.000
1052600.000
1075600.000
1112600.000
1122000.000
1093600.000
1136800.000
1127200.000
1127200.000
1123200.000
1136400.000
1109000.000
1082200.000
1077000.000
1085600.000
1090800.000
1093600.000
1127400.000
1132800.000
1119000.000
1087400.000
1093000.000
1128400.000
1097600.000
1114000.000
1095000.000
1092200.000
1089400.000
1090200.000
1102400.000
1117200.000
1112800.000
1112400.000
1115400.000
1116200.000
1123000.000
1106600.000
1109200.000
1112200.000
1107000.000
1093800.000
1088200.000
1070000.000
1072200.000
1075800.000
1082000.000
1105400.000
1111400.000
1089600.000
1109000.000
1080400.000
1095400.000
1059600.000
1087600.000
1103400.000
1118400.000
1107400.000
1117200.000
1114200.000
1101800.000
1091800.000
1097000.000
1083400.000
1105800.000
1081200.000
1087600.000
1095000.000
1112000.000
1094800.000
1073600.000
1082200.000
1080600.000
1051600.000
1074400.000
1068400.000
1053400.000
1105000.000
1072400.000
1066000.000
1093000.000
1099600.000
1103200.000
1082600.000
1117400.000
1105800.000
1102200.000
1120400.000
1099000.000
1089000.000
1080000.000
1114400.000
1123400.000
1106800.000
1104800.000
1108200.000
1103800.000
1106400.000
1104400.000
1071400.000
1073400.000
1075200.000
1078800.000
1058400.000
1061800.000
1059400.000
1093400.000
1055200.000
1076600.000
1060600.000
1067600.000
1065400.000
1052600.000
1050200.000
1024600.000
1026800.000
1010800.000
1049400.000
1045400.000
1043000.000
1027600.000
1040400.000
1004000.000
1008000.000
985400.000
969800.000
1003200.000
1002000.000
987600.000
1002400.000
978600.000
1016000.000
1031600.000
1010200.000
1015400.000
999600.000
987200.000
970000.000
940800.000
939600.000
1128000.000
1134800.000
1121200.000
1134400.000
1084600.000
1109200.000
1096800.000
1064800.000
1074000.000
1090400.000
1089600.000
1078200.000
1092000.000
1081000.000
1079600.000
1050000.000
1052000.000
1059200.000
1054200.000
1064000.000
1060200.000
1059600.000
1066600.000
1070400.000
1072800.000
1095400.000
1069600.000
1073800.000
1106600.000
1106200.000
1122200.000
1108800.000
1098800.000
1103000.000
1072000.000
1105800.000
1087400.000
1115000.000
1095000.000
1094400.000
1103000.000
1105400.000
1077800.000
1082600.000
1096600.000
1106800.000
1105000.000
1076600.000
1105800.000
1086800.000
1099400.000
1117400.000
1095800.000
1130400.000
1084600.000
1119200.000
1129800.000
1088000.000
1120000.000
1100600.000
1097800.000
1123200.000
1119600.000
1110200.000
1127200.000
1093600.000
1099400.000
1104000.000
1129800.000
1130000.000
1121200.000
1131400.000
1093400.000
1115800.000
1060200.000
1084600.000
1060200.000
1098000.000
1137400.000
1120600.000
1123600.000
1135400.000
1128600.000
1121600.000
1098600.000
1123200.000
1104200.000
1107800.000
1136200.000
1076200.000
1093000.000
1096000.000
1118000.000
1099400.000
1108600.000
1120200.000
1108400.000
1162400.000
1146400.000
1125200.000
1099400.000
1099600.000
1096400.000
1116000.000
1107600.000
1082800.000
1094000.000
1116200.000
1133200.000
1106200.000
1082200.000
1094800.000
1073400.000
1065400.000
1061400.000
1099200.000
1104000.000
1072200.000
1105600.000
1079000.000
1078400.000
1112200.000
1082200.000
1099400.000
1098400.000
1074600.000
1097600.000
1079600.000
1097600.000
1075600.000
1113400.000
1081200.000
1084400.000
1085000.000
1034200.000
1084200.000
1061000.000
1071600.000
1057600.000
1070000.000
1048400.000
1072600.000
1062400.000
1093000.000
1093800.000
1115600.000
1117600.000
1129600.000
1097200.000
1113000.000
1088600.000
1102600.000
1109600.000
1115800.000
1129600.000
1097000.000
1114200.000
1097000.000
1079000.000
1072400.000
1076200.000
1053000.000
1060800.000
1063800.000
1068600.000
1032600.000
1059800.000
1036000.000
1060200.000
1045400.000
1077600.000
1049800.000
1076400.000
1033400.000
1041000.000
984600.000
1000400.000
1023400.000
1041000.000
1010800.000
1015200.000
1019400.000
1007800.000
1002400.000
1011800.000
1004400.000
971000.000
1016600.000
979600.000
959000.000
971200.000
980800.000
1018600.000
960400.000
997200.000
990200.000
981000.000
992800.000
977200.000
937800.000
942200.000
1108600.000
1129400.000
1135400.000
1129400.000
1098400.000
1083400.000
1069800.000
1076600.000
1097200.000
1070600.000
1067800.000
1083200.000
1073400.000
1078400.000
1058600.000
1050400.000
1053400.000
1036200.000
1071600.000
1054000.000
1044400.000
1063600.000
1053600.000
1073800.000
1092800.000
1089000.000
1047000.000
1066800.000
1102800.000
1099600.000
1108000.000
1107800.000
1095800.000
1108600.000
1079800.000
1107400.000
1102400.000
1073000.000
1088200.000
1098400.000
1086800.000
1094400.000
1049000.000
1058800.000
1078400.000
1080400.000
1072800.000
1084000.000
1083800.000
1095600.000
1105600.000
1064000.000
1112200.000
1100600.000
1096000.000
1096000.000
1091200.000
1072600.000
1081800.000
1092000.000
1116400.000
1115200.000
1104000.000
1077800.000
1082400.000
1105400.000
1075600.000
1096600.000
1106400.000
1112600.000
1128800.000
1088400.000
1073800.000
1087200.000
1069400.000
1084200.000
1100600.000
1104800.000
1127000.000
1158000.000
1112600.000
1126000.000
1119200.000
1078000.000
1125600.000
1137000.000
1104600.000
1088800.000
1071800.000
1084000.000
1079800.000
1093800.000
1107600.000
1114800.000
1122000.000
1100400.000
1130400.000
1128600.000
1105600.000
1089200.000
1096800.000
1065000.000
1108000.000
1094600.000
1068200.000
1100400.000
1082800.000
1116400.000
1092000.000
1122000.000
1059600.000
1072400.000
1071000.000
1032600.000
1050400.000
1080200.000
1077600.000
1065200.000
1082800.000
1062400.000
1111600.000
1109600.000
1100800.000
1075400.000
1079600.000
1060800.000
1083000.000
1085000.000
1070000.000
1102000.000
1088200.000
1081400.000
1076000.000
1074600.000
1081400.000
1054000.000
1079400.000
1072400.000
1071000.000
1069000.000
1065200.000
1046600.000
1062600.000
1119400.000
1108400.000
1107400.000
1173000.000
1102200.000
1104800.000
1102400.000
1083600.000
1084600.000
1123200.000
1091600.000
1143800.000
1114000.000
1094400.000
1092400.000
1097800.000
1101400.000
1064200.000
1061600.000
1041600.000
1040200.000
1048000.000
1033800.000
1035000.000
1037800.000
1048600.000
1042800.000
1067000.000
1059200.000
1042600.000
1040000.000
1013400.000
991600.000
1014400.000
1050600.000
1011200.000
1009400.000
1002600.000
1033600.000
976600.000
984000.000
1004800.000
978200.000
956000.000
962800.000
967000.000
985000.000
986000.000
963000.000
980400.000
995600.000
985000.000
972200.000
984000.000
949200.000
935000.000
950000.000
927200.000
1116600.000
1107800.000
1130000.000
1106400.000
1096600.000
1073600.000
1122000.000
1110400.000
1056200.000
1084400.000
1074200.000
1070000.000
1075800.000
1061800.000
1059800.000
1041800.000
1065200.000
1038200.000
1037200.000
1077200.000
1070200.000
1053800.000
1052000.000
1050200.000
1063000.000
1069400.000
1052400.000
1064800.000
1080600.000
1082200.000
1088400.000
1109400.000
1078600.000
1079600.000
1084000.000
1061200.000
1081400.000
1104200.000
1138000.000
1118600.000
1088800.000
1087200.000
1091400.000
1073200.000
1060400.000
1069800.000
1082000.000
1076400.000
1060400.000
1096600.000
1098800.000
1059600.000
1097800.000
1083400.000
1138400.000
1098800.000
1121200.000
1095200.000
1094800.000
1094200.000
1106600.000
1101200.000
1067800.000
1084600.000
1075200.000
1101200.000
1080800.000
1108000.000
1111400.000
1092600.000
1092000.000
1101000.000
1085600.000
1113200.000
1058800.000
1086000.000
1079200.000
1120200.000
1156800.000
1153000.000
1140200.000
1099800.000
1115800.000
1141000.000
1113000.000
1091200.000
1125600.000
1104000.000
1075000.000
1047600.000
1110400.000
1098200.000
1125000.000
1086400.000
1114400.000
1140800.000
1118800.000
1157600.000
1141400.000
1086400.000
1093000.000
1080400.000
1114200.000
1097800.000
1107000.000
1073400.000
1093800.000
1091200.000
1084200.000
1090400.000
1077800.000
1087000.000
1054200.000
1056800.000
1058400.000
1085600.000
1084000.000
1093200.000
1103400.000
1097200.000
1102800.000
1107400.000
1095000.000
1081000.000
1071000.000
1102600.000
1080200.000
1080200.000
1080000.000
1115200.000
1077400.000
1097800.000
1111600.000
1070600.000
1118400.000
1073600.000
1077000.000
1113600.000
1099000.000
1114400.000
1069800.000
1097000.000
1114200.000
1125800.000
1164000.000
1157600.000
1150600.000
1137600.000
1113600.000
1111800.000
1099000.000
1094200.000
1103800.000
1134000.000
1126600.000
1130800.000
1102600.000
1104800.000
1082000.000
1098600.000
1099800.000
1053200.000
1041600.000
1030400.000
1034600.000
1048200.000
1024400.000
1022200.000
1029000.000
1059600.000
1048400.000
1052000.000
1047600.000
1056200.000
1009200.000
998800.000
1010400.000
1017000.000
1019600.000
1022400.000
1031600.000
1011800.000
989600.000
1004400.000
998200.000
968200.000
968400.000
967400.000
977000.000
981200.000
981600.000
977200.000
999600.000
986000.000
971400.000
989800.000
971000.000
958600.000
960600.000
957400.000
938400.000
1126200.000
1124400.000
1125200.000
1123400.000
1120000.000
1093000.000
1089600.000
1101600.000
1081800.000
1078800.000
1084200.000
1077600.000
1081000.000
1048800.000
1035200.000
1023600.000
1049000.000
1045400.000
1070800.000
1072600.000
1069600.000
1072400.000
1055000.000
1074600.000
1073000.000
1062000.000
1049800.000
1049400.000
1087800.000
1069600.000
1108600.000
1081800.000
1089800.000
1091600.000
1090600.000
1113600.000
1097400.000
1096200.000
1076800.000
1083000.000
1064600.000
1104200.000
1057000.000
1064800.000
1072200.000
1082000.000
1075000.000
1074400.000
1077800.000
1062400.000
1117600.000
1101200.000
1095600.000
1098800.000
1111000.000
1129200.000
1141400.000
1076600.000
1074400.000
1107200.000
1096000.000
1100200.000
1102400.000
1076400.000
1088400.000
1075600.000
1118400.000
1110200.000
1117800.000
1084600.000
1095600.000
1083400.000
1092600.000
1039200.000
1076200.000
1086000.000
1113800.000
1163200.000
1137800.000
1136200.000
1112400.000
1115800.000
1098200.000
1103000.000
1109000.000
1097600.000
1091000.000
1089400.000
1081600.000
1084600.000
1079000.000
1121600.000
1107200.000
1112600.000
1117800.000
1119000.000
1136600.000
1139400.000
1140000.000
1105400.000
1091200.000
1121800.000
1112400.000
1073800.000
1078600.000
1115200.000
1083200.000
1101800.000
1073800.000
1046000.000
1078000.000
1060000.000
1069400.000
1088400.000
1085800.000
1055800.000
1072800.000
1083200.000
1077600.000
1084600.000
1098600.000
1099600.000
1080400.000
1093600.000
1081400.000
1054600.000
1107400.000
1062400.000
1094600.000
1072400.000
1074800.000
1076400.000
1066400.000
1083600.000
1103400.000
1098600.000
1084000.000
1104200.000
1090400.000
1091000.000
1074800.000
1111400.000
1092200.000
1107600.000
1150000.000
1151600.000
1142800.000
1126600.000
1115200.000
1109200.000
1081000.000
1120200.000
1132000.000
1100800.000
1097200.000
1095800.000
1101400.000
1065400.000
1085800.000
1068000.000
1048800.000
1051600.000
1028200.000
1047600.000
1056400.000
1038400.000
1055200.000
1022000.000
1046000.000
1070200.000
1033200.000
1034800.000
1046800.000
1009800.000
990000.000
1012800.000
1026200.000
1008400.000
1000200.000
1006000.000
1001400.000
1000200.000
980000.000
999200.000
1017800.000
966200.000
945200.000
969200.000
969000.000
970800.000
976600.000
984800.000
992200.000
989000.000
992000.000
971400.000
975800.000
937800.000
934800.000
959200.000
919800.000
1104000.000
1115200.000
1128600.000
1117200.000
1106400.000
1061800.000
1091400.000
1069800.000
1053800.000
1086000.000
1071200.000
1084400.000
1057000.000
1039000.000
1070200.000
1043600.000
1038600.000
1043600.000
1047400.000
1065400.000
1083600.000
1054600.000
1052000.000
1047200.000
1047600.000
1064600.000
1061000.000
1059200.000
1081800.000
1078000.000
1082600.000
1098800.000
1083200.000
1061200.000
1061000.000
1073400.000
1073400.000
1084800.000
1082800.000
1061600.000
1103200.000
1058200.000
1089000.000
1047600.000
1064800.000
1046400.000
1068800.000
1083800.000
1066400.000
1099400.000
1098200.000
1096800.000
1081800.000
1066200.000
1099000.000
1113200.000
1137000.000
1095800.000
1134800.000
1098400.000
1092200.000
1080400.000
1068200.000
1098600.000
1065600.000
1070800.000
1119000.000
1096200.000
1085800.000
1094600.000
1067000.000
1070600.000
1061400.000
1083600.000
1096600.000
1075200.000
1135000.000
1124200.000
1138200.000
1141400.000
1101600.000
1113600.000
1078000.000
1087600.000
1093400.000
1094400.000
1114000.000
1098200.000
1061000.000
1088000.000
1076000.000
1098400.000
1112000.000
1101200.000
1113600.000
1121600.000
1157000.000
1164600.000
1111200.000
1107200.000
1089600.000
1082400.000
1045600.000
1099000.000
1063600.000
1113600.000
1095200.000
1072800.000
1073800.000
1072400.000
1064000.000
1070200.000
1060400.000
1069000.000
1071800.000
1065400.000
1075200.000
1078800.000
1054800.000
1092800.000
1084200.000
1087400.000
1086400.000
1063200.000
1054200.000
1042400.000
1067200.000
1053200.000
1069800.000
1086400.000
1083000.000
1111200.000
1056800.000
1088400.000
1086800.000
1077800.000
1105000.000
1119000.000
1107200.000
1062000.000
1094600.000
1074800.000
1084800.000
1142400.000
1164000.000
1169400.000
1143400.000
1111600.000
1091400.000
1121000.000
1109000.000
1078200.000
1102800.000
1088200.000
1107600.000
1071400.000
1086800.000
1072800.000
1060400.000
1045400.000
1053800.000
1050200.000
1069600.000
1045800.000
1038400.000
1022400.000
1052200.000
1068600.000
1047200.000
1061000.000
1066000.000
1017000.000
1049400.000
1036000.000
1007600.000
1029000.000
994800.000
1005000.000
981600.000
1002000.000
1003600.000
974400.000
980800.000
999400.000
986200.000
998600.000
961200.000
968800.000
969800.000
1002600.000
986800.000
975400.000
968000.000
961600.000
1005200.000
962400.000
968400.000
969800.000
934400.000
932600.000
945800.000
1084800.000
1121800.000
1124800.000
1121600.000
1092200.000
1068400.000
1053200.000
1074000.000
1083000.000
1083000.000
1060200.000
1033000.000
1052600.000
1036400.000
1066000.000
1057600.000
1028800.000
1086600.000
1051200.000
1070200.000
1051400.000
1080000.000
1074600.000
1048800.000
1073600.000
1042800.000
1041600.000
1048800.000
1087000.000
1087000.000
1078400.000
1093600.000
1067200.000
1059800.000
1080200.000
1064000.000
1056000.000
1082000.000
1075200.000
1064000.000
1068200.000
1082000.000
1072000.000
1049000.000
1098600.000
1073800.000
1051400.000
1070400.000
1085800.000
1069400.000
1092200.000
1094400.000
1103600.000
1120200.000
1151800.000
1142600.000
1132200.000
1144000.000
1112400.000
1088600.000
1092800.000
1090000.000
1100200.000
1107800.000
1094600.000
1099000.000
1093600.000
1075600.000
1090200.000
1096600.000
1077000.000
1075800.000
1062600.000
1062200.000
1093400.000
1120200.000
1140000.000
1124800.000
1113600.000
1140000.000
1108800.000
1099800.000
1089600.000
1087000.000
1105200.000
1114600.000
1067400.000
1075600.000
1070800.000
1063000.000
1102800.000
1103600.000
1095400.000
1107600.000
1121800.000
1147000.000
1126200.000
1112400.000
1098600.000
1111200.000
1078600.000
1083000.000
1089600.000
1080800.000
1084000.000
1091600.000
1088400.000
1073600.000
1078200.000
1083600.000
1067200.000
1072200.000
1065800.000
1093600.000
1080800.000
1077400.000
1060000.000
1081000.000
1040000.000
1063400.000
1069400.000
1085400.000
1064800.000
1021800.000
1053600.000
1058600.000
1063800.000
1046400.000
1103400.000
1070400.000
1081200.000
1055800.000
1088600.000
1072200.000
1102800.000
1096800.000
1115600.000
1108000.000
1106600.000
1098400.000
1081200.000
1108400.000
1110800.000
1133800.000
1155800.000
1145600.000
1166200.000
1098000.000
1122400.000
1108600.000
1099400.000
1088600.000
1097600.000
1060000.000
1105000.000
1058800.000
1074200.000
1057600.000
1073400.000
1038800.000
1038000.000
1030200.000
995000.000
1036600.000
1006000.000
1021000.000
1007200.000
995200.000
1027600.000
1057400.000
1011400.000
1009600.000
1004000.000
1007200.000
998000.000
989000.000
1003800.000
1007400.000
999800.000
967000.000
980600.000
989200.000
956000.000
967000.000
962200.000
954000.000
937200.000
947000.000
974200.000
965800.000
961400.000
973400.000
953200.000
952800.000
970400.000
975000.000
958400.000
961600.000
944800.000
914800.000
917800.000
1114600.000
1077200.000
1114400.000
1102800.000
1105400.000
1084800.000
1070600.000
1081200.000
1053800.000
1046000.000
1035800.000
1073400.000
1046600.000
1028200.000
1061400.000
1028200.000
1039600.000
1036200.000
1046000.000
1077400.000
1037000.000
1047800.000
1062600.000
1049400.000
1031800.000
1045400.000
1033200.000
1049800.000
1053800.000
1060600.000
1051800.000
1086200.000
1075400.000
1072600.000
1090800.000
1060800.000
1073000.000
1065600.000
1071000.000
1066400.000
1091600.000
1039800.000
1057600.000
1057800.000
1046600.000
1080800.000
1043400.000
1065800.000
1061400.000
1079800.000
1056800.000
1090000.000
1113000.000
1116400.000
1154800.000
1171400.000
1184400.000
1144400.000
1130000.000
1082200.000
1097800.000
1112200.000
1061800.000
1109800.000
1095200.000
1106600.000
1101200.000
1084200.000
1099200.000
1084200.000
1076800.000
1068400.000
1068800.000
1061800.000
1114600.000
1117400.000
1121800.000
1126000.000
1071800.000
1087200.000
1092800.000
1067400.000
1084000.000
1088600.000
1036600.000
1082400.000
1090400.000
1032800.000
1054800.000
1067200.000
1077200.000
1086200.000
1104800.000
1113200.000
1115600.000
1134800.000
1109200.000
1085800.000
1115000.000
1118800.000
1082000.000
1074000.000
1081200.000
1091800.000
1056000.000
1068200.000
1057000.000
1081200.000
1075400.000
1047800.000
1072000.000
1046800.000
1068600.000
1054200.000
1085400.000
1082800.000
1062000.000
1075400.000
1056000.000
1051200.000
1054800.000
1052200.000
1044400.000
1029400.000
1045400.000
1037200.000
1041800.000
1042600.000
1057200.000
1057600.000
1075000.000
1063600.000
1071400.000
1075000.000
1068200.000
1091800.000
1101200.000
1128600.000
1086800.000
1094400.000
1082600.000
1088400.000
1112800.000
1108600.000
1151600.000
1154800.000
1137000.000
1119600.000
1119200.000
1123400.000
1087000.000
1080600.000
1077600.000
1079400.000
1042600.000
1084000.000
1047400.000
1071400.000
1043200.000
1029200.000
1049200.000
1032000.000
1012200.000
1052200.000
1016600.000
1016200.000
1020000.000
1027600.000
1033000.000
1013600.000
1000600.000
996400.000
960400.000
1009800.000
1000000.000
975600.000
972600.000
976600.000
978600.000
985200.000
960000.000
970000.000
960800.000
967600.000
983200.000
954000.000
944400.000
932800.000
947800.000
926600.000
939800.000
953800.000
948800.000
959800.000
944000.000
966600.000
959800.000
955200.000
929400.000
913400.000
920600.000
1075800.000
1082400.000
1085000.000
1081400.000
1081800.000
1052600.000
1067000.000
1056400.000
1045400.000
1062200.000
1030000.000
1068400.000
1057600.000
1036400.000
1055400.000
1058400.000
1073600.000
1054800.000
1049200.000
1066400.000
1062200.000
1058800.000
1074800.000
1051000.000
1036600.000
1072800.000
1071200.000
1075000.000
1090400.000
1081400.000
1103400.000
1092000.000
1082600.000
1112600.000
1069400.000
1099800.000
1081400.000
1068800.000
1066000.000
1068600.000
1088800.000
1094000.000
1082800.000
1082800.000
1075000.000
1070400.000
1092000.000
1067000.000
1084600.000
1083400.000
1125200.000
1094800.000
1153800.000
1158600.000
1151200.000
1161800.000
1179400.000
1171000.000
1118400.000
1112800.000
1090200.000
1114600.000
1103200.000
1101200.000
1105400.000
1121000.000
1158600.000
1100000.000
1087800.000
1101800.000
1097200.000
1077600.000
1070400.000
1079400.000
1103000.000
1162600.000
1118800.000
1098400.000
1137200.000
1099400.000
1116200.000
1112000.000
1067600.000
1093600.000
1082800.000
1098000.000
1069000.000
1085400.000
1076200.000
1112600.000
1061000.000
1089800.000
1114800.000
1141000.000
1145800.000
1141200.000
1125400.000
1125000.000
1113000.000
1095800.000
1092800.000
1103000.000
1072400.000
1069000.000
1060600.000
1086400.000
1084200.000
1061000.000
1068600.000
1038400.000
1018800.000
1043400.000
1069000.000
1041200.000
1051200.000
1061800.000
1070800.000
1040600.000
1076200.000
1039400.000
1066600.000
1025000.000
1049800.000
1023000.000
1041000.000
1055600.000
1069400.000
1075600.000
1066000.000
1069000.000
1072000.000
1052000.000
1073600.000
1042400.000
1097400.000
1098000.000
1107400.000
1139200.000
1138400.000
1085000.000
1109600.000
1080200.000
1112400.000
1123400.000
1102800.000
1131600.000
1114800.000
1127800.000
1075200.000
1077600.000
1092400.000
1081400.000
1036800.000
1084000.000
1045400.000
1093800.000
1047000.000
1033800.000
994400.000
1030200.000
1022800.000
1020200.000
1026600.000
1025000.000
1006600.000
1017200.000
1023000.000
1038200.000
1002600.000
979400.000
973600.000
990200.000
989000.000
989400.000
986000.000
972000.000
965400.000
945000.000
961400.000
961200.000
943800.000
936800.000
943400.000
979600.000
936200.000
921000.000
951400.000
954000.000
920400.000
923400.000
914000.000
918600.000
919000.000
909200.000
926200.000
934600.000
943400.000
921800.000
906200.000
929600.000
900400.000
1072000.000
1075400.000
1066400.000
1074000.000
1064800.000
1078400.000
1043200.000
1061400.000
1043400.000
1045200.000
1043200.000
1038200.000
1056800.000
1058000.000
1054600.000
1039400.000
1030200.000
1066200.000
1055000.000
1049600.000
1054400.000
1052000.000
1058000.000
1042200.000
1053000.000
1064400.000
1058600.000
1074200.000
1058400.000
1109200.000
1112200.000
1097000.000
1098400.000
1080600.000
1087200.000
1107400.000
1069400.000
1090800.000
1071000.000
1085000.000
1050200.000
1043200.000
1066600.000
1053800.000
1045800.000
1035600.000
1078600.000
1038800.000
1090600.000
1085400.000
1085400.000
1084400.000
1109800.000
1118000.000
1168800.000
1180000.000
1165200.000
1145800.000
1137400.000
1105800.000
1086800.000
1100400.000
1099000.000
1145600.000
1117200.000
1111200.000
1108400.000
1064400.000
1076000.000
1084800.000
1078400.000
1074000.000
1083000.000
1106400.000
1093000.000
1077800.000
1113400.000
1109000.000
1074200.000
1043000.000
1044800.000
1066200.000
1060400.000
1066400.000
1077800.000
1060000.000
1043800.000
1058000.000
1068800.000
1065400.000
1070200.000
1087600.000
1085200.000
1092800.000
1116400.000
1125600.000
1106600.000
1111800.000
1103000.000
1101200.000
1086000.000
1077200.000
1078400.000
1064400.000
1058400.000
1048800.000
1047000.000
1033800.000
1063000.000
1043800.000
1073400.000
1035400.000
1052600.000
1069800.000
1046600.000
1057200.000
1040800.000
1046600.000
1052200.000
1016400.000
1047000.000
1005600.000
1047000.000
1027400.000
1041200.000
1029000.000
1068600.000
1065600.000
1064600.000
1078400.000
1062600.000
1069800.000
1048800.000
1056600.000
1097400.000
1123800.000
1113400.000
1102400.000
1127000.000
1119600.000
1133600.000
1105000.000
1114400.000
1102000.000
1117200.000
1142800.000
1116200.000
1113800.000
1106000.000
1096800.000
1076000.000
1098600.000
1066600.000
1050600.000
1050800.000
1039800.000
1052400.000
1023200.000
1014000.000
1015200.000
1018800.000
1007800.000
1012000.000
1036600.000
1022000.000
999800.000
1004800.000
996400.000
998000.000
1009600.000
996200.000
966600.000
980600.000
980400.000
969000.000
944000.000
961000.000
920800.000
942600.000
949200.000
953600.000
918200.000
939000.000
913800.000
913200.000
905000.000
923400.000
901200.000
962000.000
937200.000
947200.000
925400.000
917400.000
911600.000
930600.000
919800.000
922000.000
895000.000
882600.000
916000.000
897200.000
1094600.000
1065800.000
1071800.000
1060000.000
1081200.000
1068400.000
1057000.000
1079800.000
1072400.000
1057600.000
1066400.000
1052200.000
1033000.000
1038200.000
1076000.000
1057400.000
1078600.000
1066800.000
1076000.000
1077000.000
1063200.000
1074400.000
1058200.000
1041200.000
1054600.000
1074800.000
1031600.000
1057000.000
1097000.000
1111000.000
1081600.000
1098600.000
1095800.000
1080800.000
1079400.000
1107600.000
1121200.000
1081200.000
1059200.000
1095200.000
1086200.000
1054600.000
1082000.000
1079600.000
1067800.000
1081000.000
1048600.000
1114800.000
1090400.000
1091000.000
1094600.000
1090000.000
1115800.000
1175200.000
1170000.000
1176200.000
1183800.000
1144600.000
1090600.000
1082000.000
1093600.000
1102600.000
1127800.000
1120000.000
1104000.000
1104200.000
1103600.000
1104200.000
1077800.000
1076800.000
1089800.000
1071600.000
1122200.000
1083600.000
1085600.000
1100400.000
1095600.000
1069800.000
1072600.000
1078800.000
1058600.000
1052000.000
1058600.000
1067600.000
1075400.000
1064200.000
1052800.000
1074400.000
1079000.000
1054600.000
1074400.000
1078000.000
1079000.000
1070600.000
1108400.000
1083800.000
1082600.000
1074000.000
1116600.000
1076400.000
1106600.000
1083400.000
1090000.000
1080800.000
1077200.000
1047600.000
1063000.000
1049600.000
1069400.000
1054600.000
1035000.000
1045600.000
1059800.000
1040000.000
1035200.000
1041800.000
1036600.000
1038200.000
1019200.000
1046200.000
1008200.000
1040200.000
1064600.000
1062200.000
1068000.000
1043400.000
1064800.000
1105800.000
1066400.000
1068200.000
1085200.000
1062000.000
1062200.000
1066800.000
1115000.000
1112800.000
1125000.000
1139400.000
1121200.000
1119600.000
1122200.000
1108600.000
1099800.000
1110400.000
1110200.000
1122800.000
1118400.000
1081600.000
1082400.000
1079200.000
1076200.000
1061200.000
1074000.000
1052800.000
1047800.000
1027200.000
1020000.000
1043000.000
1010400.000
1012800.000
1020000.000
1018400.000
1028000.000
1032800.000
1006200.000
1007000.000
1023200.000
1003600.000
1033600.000
975800.000
984200.000
977800.000
985400.000
975800.000
972200.000
964000.000
952600.000
932000.000
962000.000
936600.000
972400.000
938200.000
938600.000
932600.000
891800.000
908200.000
903600.000
899600.000
916000.000
919400.000
910200.000
927200.000
935000.000
908000.000
928400.000
942400.000
941600.000
908400.000
911600.000
902600.000
898400.000
1058200.000
1067000.000
1058800.000
1041600.000
1062200.000
1058600.000
1061600.000
1039400.000
1080200.000
1069000.000
1056400.000
1054200.000
1019800.000
1048600.000
1040800.000
1051000.000
1067200.000
1060000.000
1043400.000
1052000.000
1072600.000
1063000.000
1072800.000
1047000.000
1061600.000
1050200.000
1058800.000
1060000.000
1078400.000
1074400.000
1126200.000
1088600.000
1097200.000
1079600.000
1077200.000
1117800.000
1107000.000
1087200.000
1094800.000
1081600.000
1065000.000
1080200.000
1085400.000
1065400.000
1054600.000
1072400.000
1087600.000
1066200.000
1097800.000
1092000.000
1105000.000
1112000.000
1107000.000
1149800.000
1185000.000
1178000.000
1181000.000
1156200.000
1118800.000
1114400.000
1077000.000
1084000.000
1120800.000
1149200.000
1158800.000
1130200.000
1134800.000
1133000.000
1094000.000
1094600.000
1069000.000
1060400.000
1092800.000
1065000.000
1085800.000
1067600.000
1076600.000
1074000.000
1067200.000
1070200.000
1060400.000
1043200.000
1050600.000
1096600.000
1067800.000
1088400.000
1087400.000
1085400.000
1053000.000
1114200.000
1081600.000
1068000.000
1100400.000
1101000.000
1104200.000
1099000.000
1123800.000
1116600.000
1123600.000
1102800.000
1095000.000
1087000.000
1074200.000
1089400.000
1050400.000
1083200.000
1059600.000
1025600.000
1061600.000
1056400.000
1037200.000
1068200.000
1082600.000
1065200.000
1029200.000
1050000.000
1027600.000
1042600.000
1029600.000
1015800.000
1057600.000
1068200.000
1026400.000
1053800.000
1074000.000
1027600.000
1069400.000
1056600.000
1053400.000
1090400.000
1065600.000
1081800.000
1090800.000
1119400.000
1106800.000
1111200.000
1126600.000
1123000.000
1135800.000
1107600.000
1108600.000
1112400.000
1107400.000
1112400.000
1128600.000
1111400.000
1100200.000
1079400.000
1086800.000
1093000.000
1058000.000
1040600.000
1044000.000
1005800.000
1023000.000
1008200.000
1026600.000
996800.000
1032200.000
977600.000
1011800.000
1003000.000
1033400.000
1032600.000
1013000.000
1000400.000
981600.000
983400.000
967600.000
971400.000
989000.000
959400.000
988200.000
978600.000
985200.000
941600.000
933200.000
944600.000
950800.000
934200.000
940400.000
925000.000
907800.000
925400.000
888200.000
922200.000
904000.000
911200.000
910600.000
917600.000
896800.000
888400.000
905400.000
894600.000
888400.000
906800.000
909400.000
910200.000
903200.000
870200.000
856800.000
1055400.000
1068200.000
1078800.000
1059400.000
1063000.000
1082600.000
1059600.000
1047400.000
1046400.000
1053400.000
1054600.000
1079000.000
1032200.000
1085200.000
1049400.000
1059800.000
1054000.000
1042400.000
1052200.000
1056800.000
1033200.000
1044200.000
1045200.000
1033400.000
1046800.000
1045800.000
1062000.000
1056200.000
1054200.000
1101600.000
1106400.000
1093000.000
1113200.000
1097200.000
1097800.000
1115600.000
1100400.000
1068600.000
1065800.000
1064000.000
1104800.000
1077600.000
1034400.000
1059800.000
1072400.000
1089000.000
1062600.000
1096400.000
1065600.000
1101400.000
1098400.000
1091600.000
1118600.000
1169800.000
1166000.000
1174200.000
1155200.000
1111200.000
1075800.000
1065000.000
1117200.000
1119400.000
1106600.000
1103800.000
1113600.000
1100000.000
1116000.000
1104200.000
1087800.000
1099000.000
1085400.000
1057600.000
1058800.000
1062800.000
1072200.000
1078200.000
1043600.000
1039600.000
1028800.000
1056000.000
1042000.000
1019600.000
1042400.000
1007400.000
1064600.000
1033200.000
1031400.000
1054800.000
1039200.000
1054200.000
1061200.000
1058800.000
1114400.000
1055600.000
1064200.000
1070200.000
1103600.000
1105600.000
1073600.000
1078200.000
1073400.000
1078200.000
1064200.000
1058400.000
1040600.000
1055200.000
1035000.000
1046400.000
1077800.000
1039600.000
1054400.000
1054000.000
1027600.000
1038200.000
1019600.000
1015400.000
1035200.000
1000400.000
1018000.000
1035600.000
1032200.000
1017200.000
1050400.000
1041400.000
1049800.000
1062200.000
1047600.000
1034800.000
1039200.000
1070400.000
1036600.000
1065800.000
1092200.000
1088200.000
1087200.000
1108600.000
1080200.000
1105000.000
1087000.000
1095800.000
1065600.000
1079200.000
1080800.000
1089200.000
1109800.000
1073800.000
1054800.000
1054600.000
1039000.000
1024800.000
1016800.000
1007200.000
1000200.000
1035200.000
1010800.000
1001600.000
1015000.000
971200.000
979400.000
976200.000
1010600.000
1015800.000
1031200.000
1013000.000
979200.000
977200.000
973800.000
952600.000
967000.000
936600.000
944000.000
949800.000
957200.000
942000.000
933400.000
916000.000
951200.000
916400.000
911800.000
921400.000
908800.000
903800.000
905800.000
872400.000
886200.000
882800.000
875000.000
868400.000
878400.000
852400.000
880000.000
839600.000
888000.000
888000.000
916200.000
894400.000
897800.000
880400.000
843000.000
851800.000
868200.000
1062400.000
1039800.000
1041600.000
1041000.000
1048600.000
1070400.000
1022400.000
1049600.000
1015000.000
1054200.000
1031000.000
1024200.000
1018200.000
1043400.000
1062000.000
1039200.000
1068600.000
1038800.000
1040200.000
1061200.000
1034000.000
1014400.000
1032600.000
1047600.000
1031200.000
1078600.000
1078800.000
1060600.000
1066600.000
1091400.000
1086000.000
1099400.000
1111400.000
1114200.000
1098600.000
1087200.000
1116000.000
1118800.000
1093000.000
1084200.000
1116600.000
1079400.000
1105400.000
1082400.000
1092400.000
1105600.000
1098800.000
1095200.000
1121400.000
1073000.000
1088000.000
1109800.000
1120200.000
1156600.000
1189200.000
1211200.000
1160200.000
1112000.000
1065200.000
1072000.000
1083600.000
1118400.000
1088600.000
1134200.000
1139200.000
1111400.000
1123000.000
1095600.000
1101200.000
1131000.000
1090200.000
1094600.000
1078000.000
1067400.000
1094000.000
1086200.000
1063200.000
1068800.000
1068200.000
1062000.000
1054000.000
1075400.000
1063400.000
1073200.000
1073200.000
1049400.000
1074400.000
1066600.000
1042000.000
1052400.000
1060000.000
1065600.000
1106200.000
1066000.000
1091000.000
1100200.000
1105000.000
1108000.000
1093800.000
1080200.000
1067600.000
1080000.000
1057600.000
1064200.000
1058400.000
1021400.000
1043200.000
1048000.000
1076400.000
1056000.000
1074000.000
1035200.000
1042200.000
1014200.000
1024200.000
996200.000
1018200.000
1035600.000
1006200.000
1037600.000
1027800.000
1004200.000
1041400.000
1022000.000
1051600.000
1032200.000
1037000.000
1042400.000
1033000.000
1041400.000
1061600.000
1052200.000
1100800.000
1079000.000
1076400.000
1096000.000
1058200.000
1103600.000
1055800.000
1083200.000
1083600.000
1058400.000
1051000.000
1104200.000
1112200.000
1056200.000
1062400.000
1060800.000
1033200.000
1020200.000
1013200.000
1027800.000
1009600.000
990800.000
1002800.000
980800.000
988000.000
982000.000
987000.000
995000.000
983200.000
1014200.000
1032800.000
1014600.000
1012000.000
990400.000
961000.000
947600.000
910400.000
923600.000
942400.000
938200.000
937000.000
902800.000
908400.000
896600.000
872000.000
929200.000
892600.000
901000.000
877200.000
872200.000
870800.000
862600.000
851800.000
866000.000
847000.000
844400.000
834600.000
855000.000
868600.000
844200.000
846600.000
859600.000
867800.000
855000.000
868800.000
859600.000
839000.000
875000.000
798400.000
1035000.000
1019600.000
1062400.000
1040400.000
1048400.000
1049000.000
1054400.000
1034200.000
1066800.000
1022600.000
1043400.000
1046800.000
1020000.000
1057600.000
1040200.000
1037200.000
1039400.000
1027400.000
1026200.000
1049200.000
1007600.000
1023000.000
1031200.000
1037600.000
1034200.000
1025600.000
1076600.000
1066200.000
1080200.000
1070600.000
1096200.000
1120000.000
1118400.000
1095200.000
1103600.000
1093400.000
1104800.000
1091600.000
1090200.000
1074800.000
1071600.000
1056000.000
1073600.000
1082200.000
1067000.000
1053400.000
1050200.000
1106200.000
1092000.000
1090000.000
1099400.000
1111800.000
1147000.000
1152800.000
1190000.000
1133200.000
1102800.000
1083800.000
1088800.000
1021800.000
1068200.000
1100200.000
1134800.000
1118200.000
1105600.000
1085400.000
1080200.000
1062000.000
1082400.000
1054600.000
1056800.000
1042600.000
1054800.000
1055800.000
1063600.000
1063000.000
1047600.000
1057000.000
1034600.000
1027400.000
1028800.000
1036000.000
1020600.000
1037600.000
1047200.000
1048600.000
1034200.000
1074600.000
1065600.000
1077800.000
1047800.000
1063000.000
1074800.000
1076400.000
1059200.000
1054800.000
1073200.000
1093200.000
1081600.000
1063600.000
1087400.000
1080600.000
1056000.000
1057000.000
1043600.000
1050800.000
1059000.000
1051000.000
1026600.000
1056200.000
1048400.000
1074000.000
1025400.000
1027800.000
1048600.000
1027200.000
1000000.000
1029600.000
1015600.000
1024800.000
1012600.000
1034800.000
1059000.000
1050000.000
1033000.000
1062000.000
1040800.000
1040000.000
1072400.000
1055200.000
1027800.000
1084600.000
1091800.000
1054600.000
1069200.000
1085200.000
1063400.000
1081400.000
1054000.000
1060000.000
1057000.000
1091800.000
1077800.000
1048800.000
1054200.000
1056600.000
1034800.000
1028400.000
986800.000
1000600.000
1002600.000
992200.000
994000.000
988600.000
983400.000
1007400.000
978400.000
949800.000
976000.000
981800.000
975400.000
1001000.000
998600.000
987200.000
965200.000
968800.000
929600.000
930400.000
917000.000
912800.000
906200.000
920400.000
903200.000
890800.000
911800.000
899400.000
885200.000
912800.000
892600.000
884600.000
873800.000
855400.000
855400.000
869200.000
830000.000
864000.000
845600.000
825600.000
801800.000
795200.000
811000.000
819200.000
830400.000
837600.000
837400.000
861600.000
851600.000
859200.000
814200.000
820400.000
791800.000
1041200.000
1028400.000
1062400.000
1053600.000
1028800.000
1059000.000
1042800.000
1023400.000
1050800.000
1044200.000
1048800.000
1038000.000
1065800.000
1060800.000
1041200.000
1048000.000
1076800.000
1041000.000
1043200.000
1063800.000
1055200.000
1033000.000
1014000.000
1046800.000
1049000.000
1036600.000
1086200.000
1074800.000
1080800.000
1092600.000
1106400.000
1126400.000
1114400.000
1104800.000
1129800.000
1113600.000
1089200.000
1123800.000
1092400.000
1119800.000
1087400.000
1073600.000
1070600.000
1067000.000
1062600.000
1072000.000
1080200.000
1063800.000
1086600.000
1100000.000
1099800.000
1118000.000
1161200.000
1187600.000
1165400.000
1154000.000
1104200.000
1059000.000
1047800.000
1043600.000
1066600.000
1075400.000
1085200.000
1086200.000
1078400.000
1113200.000
1086400.000
1082800.000
1042200.000
1072200.000
1061000.000
1043800.000
1029000.000
1050000.000
1029200.000
1024800.000
1057600.000
1010600.000
1033000.000
1047800.000
1049200.000
1047400.000
1036000.000
1028000.000
1041400.000
1045800.000
1026000.000
1064200.000
1063200.000
1041800.000
1027200.000
1038800.000
1057000.000
1060800.000
1096600.000
1047800.000
1061400.000
1076400.000
1085200.000
1073000.000
1047000.000
1046800.000
1043800.000
1036000.000
1057400.000
1059600.000
1037600.000
1058600.000
1054200.000
1058000.000
1064400.000
1052200.000
1031600.000
1004200.000
1002800.000
1005600.000
1014000.000
1010200.000
1030200.000
1008200.000
1011800.000
1018800.000
1022400.000
1061400.000
1020200.000
1023800.000
1052200.000
1034000.000
1054200.000
1015800.000
1057000.000
1054600.000
1064600.000
1090000.000
1066800.000
1075200.000
1049800.000
1043000.000
1068800.000
1044600.000
1070000.000
1064800.000
1070200.000
1065800.000
1011400.000
1034400.000
1016800.000
998200.000
983200.000
998800.000
993800.000
994400.000
974000.000
989600.000
976400.000
989000.000
988000.000
986000.000
1021600.000
1012800.000
1004200.000
989000.000
997600.000
1007200.000
988600.000
950000.000
928400.000
901600.000
935600.000
900200.000
903400.000
912800.000
911000.000
926200.000
898200.000
894200.000
867000.000
901400.000
886400.000
877600.000
884800.000
848600.000
843400.000
856800.000
861600.000
860800.000
831800.000
815200.000
791000.000
814800.000
773800.000
807200.000
816000.000
836400.000
828000.000
845000.000
827000.000
825200.000
832800.000
821600.000
840600.000
1045200.000
1090000.000
1034800.000
1072400.000
1042600.000
1028800.000
1047800.000
1032200.000
1026400.000
998800.000
1022200.000
1021200.000
1048600.000
1022800.000
1045600.000
1062800.000
1013200.000
1024600.000
1035400.000
1024200.000
1045400.000
1017000.000
1013800.000
1007400.000
1030600.000
1034600.000
1040600.000
1036600.000
1065000.000
1106200.000
1114200.000
1109800.000
1107000.000
1116600.000
1102200.000
1099800.000
1120800.000
1088000.000
1101400.000
1099400.000
1063800.000
1070800.000
1065400.000
1046800.000
1060400.000
1068400.000
1076200.000
1069200.000
1058800.000
1064400.000
1090000.000
1108200.000
1131200.000
1120600.000
1108200.000
1128400.000
1066600.000
1063000.000
1058800.000
1048600.000
1077200.000
1088000.000
1078000.000
1071400.000
1093600.000
1088600.000
1084000.000
1091400.000
1043000.000
1040400.000
1048600.000
1038200.000
999800.000
1031200.000
1042200.000
1019800.000
1044400.000
1033000.000
1040400.000
992200.000
1026000.000
1023200.000
1021800.000
1061400.000
1051600.000
997600.000
1004800.000
1065400.000
1039800.000
1062400.000
1054400.000
1052000.000
1057000.000
1048400.000
1016000.000
1045200.000
1077200.000
1075000.000
1068600.000
1013800.000
1043400.000
1064400.000
1026600.000
1045600.000
1043000.000
1060200.000
1057600.000
1040600.000
1035200.000
1039000.000
1053400.000
1024800.000
1035000.000
1035400.000
997600.000
1003600.000
1011400.000
1011800.000
1010600.000
1049600.000
1027600.000
1012400.000
1027800.000
1027600.000
1025800.000
1037800.000
1017400.000
1008000.000
1020800.000
1034200.000
1057400.000
1055000.000
1062400.000
1083200.000
1059400.000
1061400.000
1042600.000
1057000.000
1037600.000
1022800.000
1011200.000
1033000.000
1043600.000
1054000.000
1010400.000
1001600.000
977400.000
981200.000
987400.000
986800.000
985000.000
980000.000
965400.000
970000.000
965400.000
948000.000
973400.000
989200.000
955000.000
1010400.000
987400.000
965800.000
987000.000
965800.000
936200.000
898400.000
919400.000
916200.000
891800.000
917600.000
887400.000
905000.000
907600.000
886200.000
885800.000
883800.000
903600.000
870000.000
895400.000
872000.000
840800.000
835800.000
838200.000
812000.000
853200.000
812600.000
761600.000
784400.000
773600.000
769200.000
773200.000
795400.000
798800.000
776800.000
811200.000
825000.000
812400.000
796200.000
821200.000
799200.000
820400.000
1024800.000
1053600.000
1072600.000
1049200.000
1000600.000
1054600.000
1045400.000
1035000.000
1026000.000
1034200.000
1015600.000
1052400.000
1034400.000
1059600.000
1045400.000
1052000.000
1041600.000
1026800.000
1047200.000
1016800.000
1049000.000
1024200.000
1015400.000
1038800.000
1047400.000
1023000.000
1041800.000
1026000.000
1076800.000
1113200.000
1106200.000
1112600.000
1102400.000
1096600.000
1077600.000
1139000.000
1163600.000
1095800.000
1090400.000
1104600.000
1093600.000
1066000.000
1066200.000
1042000.000
1061000.000
1080200.000
1048200.000
1072400.000
1072800.000
1078000.000
1100200.000
1099400.000
1113000.000
1114000.000
1090800.000
1100000.000
1096000.000
1025400.000
1017400.000
1030000.000
1062600.000
1059400.000
1090400.000
1093400.000
1046400.000
1056200.000
1028800.000
1064600.000
1043200.000
1049200.000
1030600.000
1024000.000
997400.000
1036000.000
1015000.000
992200.000
1029000.000
1038400.000
1046200.000
998200.000
1042000.000
1022800.000
1049600.000
1027000.000
1029800.000
1032800.000
1010800.000
1029000.000
1019800.000
1044000.000
1007600.000
1060800.000
1041200.000
1042600.000
1053800.000
1046800.000
1064600.000
1057600.000
1054000.000
1025200.000
1033200.000
1006400.000
1037600.000
1026400.000
1046600.000
1020000.000
1011800.000
1027800.000
1067600.000
1030800.000
1040800.000
1010800.000
1004600.000
1013800.000
993400.000
991400.000
1031400.000
991000.000
1000600.000
1007200.000
1008400.000
1012000.000
1036800.000
1017000.000
1030400.000
1032000.000
1030400.000
1017400.000
1005200.000
1023600.000
1009800.000
1005000.000
1008400.000
1032200.000
992600.000
1013000.000
1031800.000
1035400.000
1032600.000
1039800.000
1007000.000
1019000.000
1024000.000
1018800.000
969000.000
984000.000
942400.000
962600.000
981400.000
972600.000
953600.000
955800.000
965400.000
976200.000
923800.000
922000.000
911000.000
943200.000
955000.000
975600.000
975000.000
952800.000
971400.000
943000.000
938600.000
899400.000
898400.000
879800.000
876200.000
889200.000
875400.000
882200.000
862000.000
846400.000
870600.000
878200.000
867000.000
868400.000
851000.000
830200.000
818600.000
802400.000
810000.000
832400.000
806400.000
773200.000
739000.000
745800.000
731000.000
736800.000
734800.000
734400.000
723000.000
725200.000
778000.000
742200.000
772000.000
777200.000
784800.000
792200.000
783400.000
1068200.000
1035200.000
1053200.000
1041000.000
1038600.000
1035800.000
1012400.000
1045600.000
1029200.000
1040200.000
1045400.000
1032600.000
1047200.000
1060600.000
1053400.000
1030800.000
1051600.000
1034400.000
1017400.000
1022200.000
1016400.000
1009800.000
1033400.000
1030600.000
1059000.000
1055400.000
1053000.000
1086000.000
1077400.000
1121000.000
1136200.000
1131000.000
1132600.000
1113400.000
1117200.000
1130200.000
1120800.000
1116800.000
1124000.000
1048200.000
1067200.000
1050000.000
1060200.000
1062000.000
1047400.000
1071800.000
1072600.000
1079400.000
1085600.000
1085000.000
1069400.000
1105200.000
1117800.000
1112800.000
1099400.000
1083800.000
1076400.000
1055800.000
1034000.000
1050200.000
1078800.000
1090200.000
1063000.000
1055800.000
1036600.000
1050400.000
1080000.000
1051400.000
1062600.000
1052400.000
1029400.000
1056400.000
1009400.000
1030400.000
1018800.000
1016400.000
1023600.000
1027800.000
1031800.000
1012600.000
1020800.000
1038000.000
1028600.000
1013600.000
1030400.000
1032400.000
1007000.000
1024800.000
1040600.000
1031600.000
1036200.000
1026600.000
1019400.000
1064800.000
1052800.000
1050800.000
1062000.000
1027600.000
1046600.000
1018000.000
1021800.000
1017800.000
1025200.000
1062000.000
1050800.000
1037600.000
1061400.000
1030200.000
1024800.000
1028200.000
1030000.000
988800.000
1021800.000
981600.000
967200.000
1007600.000
997400.000
986800.000
1018600.000
1042400.000
986800.000
1032800.000
1024600.000
1021600.000
1025800.000
1034000.000
1017200.000
1015000.000
993400.000
1008000.000
1022000.000
1017000.000
1022800.000
989800.000
1016800.000
1011200.000
976400.000
1002400.000
1018800.000
1028000.000
1006600.000
1030400.000
998200.000
987200.000
982400.000
972800.000
979600.000
940200.000
940200.000
951000.000
938000.000
939800.000
928400.000
932600.000
910200.000
947400.000
909000.000
938800.000
966400.000
926200.000
950600.000
955200.000
944600.000
911400.000
918200.000
894600.000
877200.000
864800.000
836200.000
859200.000
872000.000
874200.000
861800.000
853000.000
854200.000
836000.000
863400.000
844800.000
845200.000
838200.000
813400.000
820800.000
799200.000
787200.000
763400.000
747400.000
722600.000
732000.000
689600.000
714400.000
705600.000
699600.000
695800.000
717800.000
739600.000
737800.000
753000.000
769400.000
787400.000
773200.000
788400.000
1043200.000
1029600.000
1036000.000
1035000.000
1023400.000
1062400.000
1001200.000
1041800.000
1015600.000
1031200.000
1025400.000
1073400.000
1079200.000
1064400.000
1025400.000
1092400.000
1051400.000
1038200.000
1037200.000
1013800.000
1009000.000
1050000.000
1030400.000
1059400.000
1045000.000
1066800.000
1070200.000
1065000.000
1073000.000
1126400.000
1121000.000
1107800.000
1142000.000
1124800.000
1137600.000
1143600.000
1113600.000
1105600.000
1104800.000
1073800.000
1099000.000
1050400.000
1062600.000
1068600.000
1080200.000
1072600.000
1099800.000
1055000.000
1072800.000
1053800.000
1069200.000
1051600.000
1085400.000
1114800.000
1090000.000
1058200.000
1053600.000
1043000.000
1017800.000
1052600.000
1067200.000
1065000.000
1088600.000
1076200.000
1076000.000
1029200.000
1043200.000
1031600.000
1011000.000
1017200.000
1005800.000
1035800.000
999600.000
1017800.000
1009600.000
1024200.000
1035000.000
1016600.000
1013400.000
1016000.000
1001000.000
1012400.000
1011800.000
998200.000
1006000.000
1001800.000
993600.000
1040600.000
1021200.000
1038400.000
1049800.000
1020600.000
1042400.000
1038200.000
1042000.000
1027600.000
1019400.000
1027800.000
1031400.000
1003400.000
1000200.000
991600.000
1048600.000
1020400.000
1046400.000
1046200.000
1073800.000
1069000.000
1029200.000
1028600.000
983600.000
1005200.000
1003600.000
989000.000
994800.000
1002400.000
999800.000
1005800.000
1015000.000
1014000.000
1021600.000
1025800.000
1015200.000
1020200.000
1014200.000
994000.000
1014400.000
1024600.000
1000000.000
983400.000
997400.000
993800.000
1007800.000
975800.000
988000.000
987800.000
967600.000
981200.000
992000.000
985200.000
995800.000
1003400.000
966200.000
952800.000
976200.000
963400.000
967200.000
951800.000
941200.000
938400.000
931600.000
927600.000
902000.000
909800.000
930400.000
910600.000
929600.000
909200.000
928200.000
942800.000
939200.000
973800.000
948800.000
918200.000
882800.000
888600.000
878400.000
866400.000
861000.000
883400.000
874600.000
839000.000
878200.000
847800.000
861600.000
847200.000
827400.000
832400.000
840600.000
802400.000
819800.000
813400.000
791000.000
753200.000
739000.000
736000.000
732000.000
727000.000
701600.000
674400.000
664800.000
669200.000
684600.000
719600.000
742000.000
731000.000
763000.000
760000.000
769200.000
758200.000
780200.000
1042200.000
1046000.000
1036000.000
1061800.000
1051600.000
1027000.000
1009200.000
1019000.000
1027000.000
994600.000
1032800.000
1042600.000
1049200.000
1031600.000
1069200.000
1048000.000
1031600.000
1034200.000
1027200.000
1012200.000
1012000.000
1030400.000
1063800.000
1028400.000
1045400.000
1050000.000
1071400.000
1084000.000
1088400.000
1082200.000
1115200.000
1099400.000
1103200.000
1129600.000
1157200.000
1114000.000
1101000.000
1099400.000
1095000.000
1093600.000
1065000.000
1059800.000
1040200.000
1072000.000
1090000.000
1068200.000
1045400.000
1064600.000
1061200.000
1073600.000
1066200.000
1114600.000
1084800.000
1107200.000
1085600.000
1050000.000
1031200.000
1043800.000
1052800.000
1059800.000
1055200.000
1090400.000
1062000.000
1072400.000
1075400.000
1042800.000
1073800.000
1058400.000
1036600.000
1052200.000
1036400.000
1035600.000
1017800.000
1008000.000
1055800.000
1000600.000
1061800.000
1022000.000
1028600.000
1017200.000
1020200.000
1017800.000
1006800.000
1024200.000
1032000.000
1027400.000
1047400.000
1044200.000
1009400.000
1020200.000
1033600.000
1079000.000
1062600.000
1054000.000
1025000.000
1030000.000
1014000.000
1012800.000
1045200.000
1038800.000
1006600.000
1031800.000
1032600.000
1062600.000
1057800.000
1066200.000
1076600.000
1053400.000
1045400.000
1015600.000
1007800.000
1024800.000
1010800.000
996600.000
986600.000
968000.000
982800.000
1016800.000
1048600.000
1031600.000
1027800.000
1021400.000
1035600.000
996400.000
1015800.000
1017800.000
1025000.000
1005000.000
990600.000
978600.000
973600.000
1018800.000
995800.000
994000.000
978800.000
1008800.000
982000.000
998600.000
987200.000
979400.000
991600.000
987600.000
983000.000
965400.000
952600.000
937200.000
930400.000
969000.000
941200.000
930000.000
902800.000
897400.000
897600.000
897800.000
897000.000
913200.000
910800.000
914000.000
922200.000
904600.000
919600.000
925200.000
900800.000
886200.000
864200.000
862600.000
857800.000
841400.000
855400.000
837600.000
862400.000
846400.000
844000.000
838400.000
828800.000
812600.000
833800.000
829800.000
806400.000
822600.000
811800.000
788000.000
792200.000
766400.000
730600.000
723000.000
708400.000
694400.000
667600.000
680200.000
641000.000
654400.000
673200.000
681000.000
715000.000
722000.000
750800.000
772400.000
766000.000
757400.000
768600.000
1045400.000
1041000.000
1040200.000
1030800.000
1011400.000
1015000.000
1010400.000
1016400.000
1006400.000
1009400.000
1030800.000
1044200.000
1021600.000
1046600.000
1053400.000
1055200.000
1068600.000
1017800.000
1013800.000
1032000.000
1035800.000
1068800.000
1034200.000
1065600.000
1049800.000
1061800.000
1066400.000
1101000.000
1090400.000
1075000.000
1115600.000
1105600.000
1110200.000
1092200.000
1092600.000
1087200.000
1090200.000
1085800.000
1065200.000
1058000.000
1056600.000
1034000.000
1050400.000
1059400.000
1043800.000
1062400.000
1040400.000
1048400.000
1069600.000
1065000.000
1079400.000
1102800.000
1101400.000
1075800.000
1072600.000
1063200.000
1087200.000
1083600.000
1077800.000
1072800.000
1080400.000
1073600.000
1040000.000
1053000.000
1036200.000
1045400.000
1035600.000
1042800.000
1025600.000
1001200.000
997200.000
1032600.000
987200.000
1029000.000
1059000.000
1037200.000
1016000.000
1014200.000
1014800.000
1016800.000
985400.000
997200.000
976200.000
1019200.000
1003200.000
1007000.000
1003200.000
1037200.000
1029600.000
1042800.000
1048400.000
1057800.000
1039200.000
1038800.000
1015800.000
1034200.000
1015400.000
1025000.000
1012800.000
1026400.000
1013800.000
1022400.000
1019600.000
1050600.000
1071400.000
1083400.000
1038800.000
1049600.000
1021400.000
1026000.000
1031200.000
1005400.000
1002000.000
979800.000
984600.000
979800.000
1003400.000
1000200.000
1016000.000
1038600.000
1024600.000
1030200.000
993000.000
1010000.000
989400.000
1000600.000
995400.000
971000.000
981600.000
969000.000
1004600.000
988200.000
969800.000
972800.000
959400.000
982400.000
941000.000
954800.000
960800.000
940000.000
969400.000
953400.000
932000.000
962600.000
970000.000
934000.000
941200.000
911400.000
923400.000
926400.000
927000.000
910000.000
880000.000
887800.000
900800.000
898400.000
891400.000
910400.000
931000.000
900400.000
917600.000
904800.000
882400.000
863200.000
885600.000
870200.000
852400.000
836600.000
833200.000
830200.000
821400.000
835200.000
827000.000
832800.000
828400.000
810800.000
814200.000
820600.000
798000.000
817600.000
810400.000
773600.000
759200.000
749400.000
741400.000
720400.000
724600.000
704400.000
710000.000
652800.000
638400.000
664200.000
675200.000
692200.000
736600.000
740800.000
747200.000
751600.000
742200.000
736800.000
738800.000
1067400.000
1055200.000
1051600.000
1050400.000
1030400.000
1020400.000
1044400.000
1017800.000
1035000.000
1019000.000
1033200.000
1019400.000
1041600.000
1053800.000
1046400.000
1060400.000
1038400.000
1042600.000
1070200.000
1030600.000
1026600.000
1061800.000
1059800.000
1082200.000
1051400.000
1045000.000
1077200.000
1095000.000
1083200.000
1095400.000
1084800.000
1091800.000
1092400.000
1096800.000
1107000.000
1099600.000
1111400.000
1089200.000
1065600.000
1043600.000
1061600.000
1060800.000
1056000.000
1058800.000
1037800.000
1035600.000
1046600.000
1060600.000
1056600.000
1074800.000
1068600.000
1095600.000
1076600.000
1088400.000
1072200.000
1040600.000
1047000.000
1060600.000
1052400.000
1054000.000
1066000.000
1055600.000
1045800.000
1058800.000
1015000.000
1041000.000
1050000.000
1009800.000
993200.000
1032800.000
998800.000
1043600.000
1015800.000
1014200.000
1018200.000
1022800.000
1048000.000
1034600.000
1038200.000
1032200.000
1000800.000
1011200.000
988600.000
1010800.000
994600.000
1013600.000
1037200.000
1004600.000
1036000.000
1024200.000
1043400.000
1028600.000
1011600.000
1032200.000
1030200.000
1021800.000
1000400.000
1030800.000
1013400.000
999800.000
1019400.000
1023000.000
1068000.000
1058200.000
1081000.000
1067200.000
1052800.000
1047600.000
1013000.000
1054600.000
1026400.000
990200.000
980400.000
985800.000
970600.000
964200.000
1010600.000
1032000.000
1041600.000
1006400.000
1029600.000
1026600.000
996200.000
975000.000
999000.000
986200.000
1000200.000
972000.000
960800.000
977400.000
979600.000
965000.000
985600.000
932000.000
965400.000
939200.000
965400.000
978800.000
959800.000
957600.000
953800.000
943000.000
934600.000
960400.000
939600.000
935200.000
920000.000
935800.000
918400.000
894800.000
914800.000
893800.000
875800.000
856600.000
908600.000
866800.000
898600.000
894000.000
863000.000
927600.000
903200.000
891000.000
902000.000
863000.000
869800.000
850800.000
844600.000
841200.000
822400.000
849400.000
826800.000
826600.000
837000.000
806000.000
840400.000
820800.000
795800.000
785200.000
799000.000
774400.000
773800.000
773400.000
773600.000
748200.000
755400.000
720800.000
717600.000
713200.000
695400.000
664400.000
692000.000
668200.000
702600.000
719800.000
731200.000
758000.000
747000.000
754000.000
748800.000
730200.000
721200.000
1073800.000
1045800.000
1035800.000
1028000.000
1009400.000
1004400.000
1033400.000
1026200.000
1018600.000
1028400.000
1045400.000
1035000.000
1031200.000
1042000.000
1070000.000
1040800.000
1055000.000
1060400.000
1050400.000
1035400.000
1073000.000
1068600.000
1059400.000
1059600.000
1056800.000
1062400.000
1106400.000
1056000.000
1092200.000
1084000.000
1101400.000
1096400.000
1098200.000
1079200.000
1078200.000
1075800.000
1083800.000
1062600.000
1084000.000
1078800.000
1031800.000
1021600.000
1039800.000
1027000.000
1048200.000
1028800.000
1021000.000
1034000.000
1037000.000
1062800.000
1054000.000
1085200.000
1099200.000
1091800.000
1049800.000
1056400.000
1069400.000
1026400.000
1077000.000
1065400.000
1068200.000
1063800.000
1066400.000
1028200.000
1025600.000
1019600.000
992000.000
1035400.000
1013200.000
1023800.000
992000.000
1007600.000
996600.000
1015000.000
1040400.000
1033800.000
995200.000
1011200.000
1008600.000
1022200.000
1017400.000
977000.000
991200.000
1000800.000
1002000.000
1006800.000
1007400.000
1043800.000
1050200.000
1048000.000
1040200.000
1023000.000
1020200.000
1021600.000
1002000.000
1032000.000
1028600.000
1002800.000
991600.000
992400.000
1003000.000
1030400.000
1027000.000
1061000.000
1090800.000
1072200.000
1044400.000
1033600.000
1001000.000
1007400.000
989200.000
980800.000
973800.000
947200.000
925800.000
983400.000
996200.000
1004200.000
1013400.000
1018400.000
987800.000
991000.000
983200.000
986600.000
953600.000
928200.000
968400.000
959600.000
936000.000
952400.000
969400.000
971800.000
917200.000
945800.000
932200.000
921000.000
935400.000
932000.000
949800.000
897000.000
927600.000
930400.000
905600.000
931400.000
916800.000
912000.000
897800.000
894600.000
879200.000
849600.000
855600.000
851600.000
856400.000
851800.000
839800.000
847000.000
828800.000
865800.000
851000.000
862600.000
831400.000
844000.000
848800.000
874800.000
832800.000
872400.000
815000.000
802400.000
827400.000
833800.000
819400.000
808600.000
798800.000
783600.000
795000.000
804600.000
790000.000
780600.000
792800.000
773000.000
756000.000
753800.000
750000.000
756200.000
732600.000
713800.000
703800.000
712000.000
689800.000
669600.000
683600.000
665400.000
709200.000
731000.000
735800.000
740200.000
725200.000
719800.000
719600.000
719400.000
683400.000
1033400.000
1044400.000
1017400.000
1029600.000
1025200.000
1031000.000
1031600.000
1042800.000
1038400.000
1036800.000
1045200.000
1041200.000
1032600.000
1043800.000
1025400.000
1048800.000
1063400.000
1033400.000
1049600.000
1101600.000
1055600.000
1057200.000
1064800.000
1052800.000
1058800.000
1069600.000
1072000.000
1066200.000
1069800.000
1069000.000
1089000.000
1072400.000
1089200.000
1094800.000
1052600.000
1071800.000
1063800.000
1028400.000
1071000.000
1032000.000
1030200.000
1000200.000
1035800.000
994400.000
1015400.000
1034600.000
1024600.000
1007200.000
1056200.000
1046200.000
1077400.000
1075200.000
1079000.000
1089000.000
1076000.000
1077400.000
1060600.000
1037400.000
1081000.000
1088600.000
1081000.000
1065400.000
1039200.000
992200.000
1036200.000
1027600.000
1040400.000
1028200.000
990000.000
1027600.000
999800.000
993000.000
1014600.000
999600.000
1027400.000
1010800.000
1054400.000
1030000.000
993600.000
1007000.000
1003000.000
1010400.000
1039000.000
1024800.000
1000800.000
1012200.000
1006600.000
1039400.000
1053400.000
1062000.000
1042800.000
1028000.000
1015000.000
1020400.000
1035600.000
1017000.000
1026000.000
996400.000
979000.000
1024600.000
1044800.000
1035000.000
1049800.000
1055200.000
1075000.000
1076400.000
1060000.000
994800.000
1004400.000
991800.000
989000.000
951000.000
967800.000
948800.000
988800.000
996200.000
1002000.000
1018800.000
1003000.000
1002800.000
990000.000
1003000.000
990200.000
981400.000
966000.000
981400.000
956000.000
934200.000
972600.000
937000.000
946600.000
925600.000
925400.000
910200.000
930600.000
935400.000
933600.000
933600.000
933800.000
936800.000
893800.000
900400.000
920200.000
916400.000
916200.000
898400.000
911400.000
879800.000
868000.000
847200.000
845000.000
863000.000
842200.000
857000.000
846000.000
835600.000
830600.000
825000.000
838000.000
839400.000
828000.000
849000.000
839200.000
861000.000
844000.000
810800.000
819600.000
825200.000
803600.000
805800.000
797400.000
776800.000
795800.000
791800.000
767400.000
785400.000
777200.000
769800.000
779400.000
772200.000
748600.000
737200.000
741400.000
725600.000
730800.000
714200.000
711200.000
700200.000
691000.000
714000.000
703600.000
691400.000
715400.000
697800.000
707000.000
711000.000
700800.000
705200.000
680200.000
668400.000
646400.000
1059000.000
1012600.000
1013400.000
1032000.000
1032600.000
1053200.000
1011200.000
1054200.000
1011400.000
1026800.000
1047800.000
1038800.000
1037400.000
1002600.000
1007800.000
1022200.000
1063200.000
1072200.000
1063400.000
1052600.000
1062400.000
1069200.000
1069600.000
1045800.000
1047800.000
1041600.000
1055600.000
1051000.000
1077400.000
1078600.000
1053600.000
1052400.000
1036200.000
1093000.000
1065200.000
1060200.000
1049600.000
1051200.000
1059600.000
1066800.000
1033600.000
1032000.000
1003800.000
1031200.000
1033400.000
1033200.000
1024600.000
1040200.000
1068400.000
1084000.000
1093200.000
1086000.000
1080800.000
1103000.000
1092400.000
1112000.000
1075200.000
1085800.000
1080400.000
1087200.000
1096600.000
1051200.000
1030000.000
1039600.000
1022600.000
1034800.000
1033800.000
1031800.000
1020000.000
1065800.000
1021200.000
1028000.000
1019600.000
1017000.000
1032000.000
1035800.000
1018400.000
1030000.000
997200.000
1005800.000
981000.000
996800.000
986200.000
1018000.000
1013400.000
1036400.000
1020600.000
1012400.000
1011400.000
997600.000
1013800.000
1017800.000
1009200.000
1013800.000
1035600.000
999800.000
1019600.000
1004600.000
1005800.000
1017200.000
1012800.000
1050200.000
1081800.000
1056800.000
1084200.000
1080600.000
1014000.000
1030600.000
1005000.000
992000.000
972800.000
968200.000
951800.000
932200.000
958400.000
961400.000
980600.000
1012200.000
1014400.000
975400.000
943000.000
954000.000
958800.000
962600.000
965200.000
954200.000
943000.000
947000.000
944000.000
946200.000
941000.000
938400.000
944000.000
918000.000
911000.000
904200.000
890200.000
920400.000
874400.000
904400.000
892400.000
877600.000
898600.000
861200.000
910800.000
874800.000
871000.000
859000.000
849000.000
834800.000
838000.000
846400.000
828600.000
812200.000
844200.000
809000.000
826400.000
801600.000
804600.000
805200.000
817600.000
828000.000
828800.000
832200.000
845800.000
810800.000
791200.000
789400.000
778200.000
779400.000
781800.000
750800.000
773200.000
742200.000
746600.000
738800.000
722800.000
751200.000
732800.000
736600.000
736200.000
711800.000
757600.000
717000.000
712200.000
711200.000
681000.000
698000.000
689000.000
683400.000
706200.000
677600.000
694400.000
690000.000
667000.000
661200.000
652000.000
634000.000
620800.000
626200.000
619400.000
1019400.000
1013800.000
1032400.000
1040400.000
1022800.000
1035600.000
1029800.000
1027000.000
1034600.000
1033000.000
1022800.000
1056600.000
1029400.000
1029200.000
1022200.000
1029400.000
1057800.000
1054400.000
1052400.000
1066400.000
1076400.000
1081800.000
1056800.000
1066600.000
1045400.000
1029800.000
1057000.000
1067600.000
1048600.000
1048800.000
1056200.000
1022800.000
1043600.000
1056000.000
1038400.000
1056000.000
1071000.000
1036600.000
1053400.000
1019000.000
1015200.000
1017000.000
1004800.000
1017000.000
1021000.000
1017000.000
1019400.000
1035600.000
1044000.000
1065200.000
1071800.000
1046800.000
1091000.000
1087000.000
1093600.000
1082000.000
1082600.000
1103400.000
1116600.000
1063800.000
1050800.000
1045400.000
1046400.000
1080600.000
1006400.000
1037200.000
1052400.000
1038800.000
1053200.000
1054200.000
1022400.000
1039800.000
1009600.000
1035600.000
1023600.000
1018800.000
1033200.000
1017400.000
988600.000
1006200.000
1025400.000
1003600.000
1026400.000
1033600.000
994800.000
992200.000
1011200.000
1015200.000
1016800.000
1060200.000
1028400.000
1020400.000
994600.000
1002000.000
1003800.000
1004600.000
1033400.000
1024200.000
1011000.000
1031600.000
1032600.000
1042000.000
1051800.000
1053600.000
1071600.000
1053200.000
1035600.000
1012600.000
1009000.000
984800.000
965400.000
950800.000
969400.000
935600.000
973800.000
992000.000
1009200.000
998200.000
995600.000
985400.000
984800.000
967000.000
965600.000
952800.000
963000.000
948000.000
949600.000
953600.000
947400.000
941200.000
930000.000
930400.000
901400.000
917200.000
913400.000
896000.000
903000.000
921200.000
892400.000
877200.000
889000.000
873600.000
876000.000
881800.000
890000.000
892200.000
857200.000
866800.000
826200.000
831000.000
814600.000
821000.000
803400.000
790800.000
804200.000
782600.000
804000.000
763400.000
786000.000
796800.000
812800.000
810600.000
818600.000
806800.000
795400.000
792600.000
810200.000
762200.000
771400.000
741200.000
760000.000
746800.000
732200.000
727600.000
703800.000
714200.000
709200.000
715200.000
714200.000
691800.000
697600.000
695000.000
714400.000
671400.000
691800.000
680800.000
662600.000
679000.000
657800.000
655400.000
680000.000
653400.000
659000.000
642200.000
636000.000
610400.000
621000.000
575200.000
584000.000
588200.000
596800.000
1029000.000
1025400.000
1050400.000
1029200.000
1022600.000
1026800.000
1005600.000
1014000.000
1025000.000
1015600.000
1019400.000
1021600.000
1028200.000
1002800.000
1017400.000
1052400.000
1044600.000
1053400.000
1065400.000
1043000.000
1033000.000
1054200.000
1030000.000
1085800.000
1061200.000
1053400.000
1020000.000
1068600.000
1042000.000
1051200.000
1044000.000
1032800.000
1020600.000
1044800.000
1057000.000
1020600.000
1016000.000
1049600.000
1012400.000
1020600.000
1018400.000
1000400.000
1029000.000
1006400.000
1004600.000
1012200.000
1011400.000
1051400.000
1065600.000
1060600.000
1053400.000
1050000.000
1058800.000
1098400.000
1128000.000
1126200.000
1090200.000
1094200.000
1102200.000
1071000.000
1070600.000
1057400.000
1050800.000
1057000.000
1043600.000
1033000.000
1020600.000
1037000.000
1047800.000
1053800.000
1026800.000
1001400.000
1053600.000
1058600.000
1043400.000
1010600.000
1021400.000
1013600.000
1000000.000
999600.000
998600.000
1031600.000
1027400.000
1047200.000
1023600.000
986200.000
1016800.000
1022200.000
1023600.000
988800.000
1017400.000
1007000.000
1020400.000
996400.000
1018400.000
1012000.000
1017200.000
1024000.000
1010200.000
1028800.000
1055800.000
1038800.000
1045400.000
1030600.000
1065200.000
1065200.000
1008400.000
1019400.000
984800.000
977600.000
951800.000
931200.000
944600.000
957400.000
946600.000
983800.000
991600.000
998000.000
947800.000
958000.000
946800.000
931200.000
942600.000
910000.000
953600.000
965600.000
926800.000
921200.000
912600.000
913800.000
896400.000
884400.000
881600.000
900400.000
876800.000
893600.000
877600.000
873800.000
860000.000
862600.000
862200.000
839600.000
877800.000
854200.000
845200.000
845400.000
830400.000
817800.000
792600.000
783200.000
794600.000
785800.000
768800.000
782600.000
767600.000
747000.000
750200.000
758800.000
762400.000
779400.000
798400.000
790200.000
796600.000
802200.000
797200.000
761600.000
777200.000
773600.000
720000.000
733000.000
725000.000
742200.000
712000.000
719600.000
709000.000
683600.000
702000.000
695600.000
663400.000
695200.000
688400.000
680800.000
652600.000
639200.000
645600.000
658200.000
647400.000
644000.000
658800.000
663000.000
635800.000
619000.000
604800.000
577000.000
589600.000
585000.000
571600.000
570200.000
559800.000
561400.000
550000.000
1053600.000
1014000.000
1037800.000
1026000.000
1023000.000
1003400.000
1026200.000
1011800.000
1018200.000
1009600.000
1028800.000
1009600.000
1009800.000
1022600.000
1026800.000
1036200.000
1048600.000
1034600.000
1029800.000
1050000.000
1026600.000
1028800.000
1063400.000
1044000.000
1053000.000
1064800.000
1024600.000
1055400.000
1035000.000
1043800.000
1011800.000
1043600.000
1005600.000
1033400.000
1011400.000
1025400.000
1010200.000
999000.000
1021800.000
1034000.000
1006800.000
1000600.000
1023400.000
993200.000
1025600.000
1030200.000
1040000.000
1029600.000
1011800.000
1041200.000
1014200.000
1047000.000
1077000.000
1101800.000
1094600.000
1097800.000
1120200.000
1094800.000
1106600.000
1091600.000
1071600.000
1036200.000
1032200.000
1036200.000
1027000.000
997400.000
1033000.000
1032800.000
1060200.000
1040600.000
1054200.000
1026800.000
1032200.000
1008600.000
1034400.000
988400.000
995000.000
1003600.000
1006200.000
1007400.000
1016600.000
1017000.000
1035600.000
1023400.000
1006000.000
1024600.000
1003400.000
1004800.000
1013000.000
981600.000
999600.000
976800.000
971200.000
988000.000
974000.000
987800.000
964000.000
980800.000
967400.000
1000200.000
995400.000
1016200.000
1008400.000
1001200.000
998400.000
989400.000
985200.000
974000.000
953200.000
978200.000
936600.000
910600.000
937400.000
951800.000
972800.000
982400.000
972000.000
936200.000
937200.000
937800.000
950400.000
912200.000
916600.000
935600.000
931400.000
917600.000
902000.000
881000.000
875600.000
886600.000
869600.000
871200.000
886800.000
884400.000
875000.000
878000.000
871400.000
857000.000
847600.000
827400.000
829400.000
863600.000
827600.000
821400.000
820200.000
833400.000
809800.000
823800.000
796400.000
775200.000
748000.000
757600.000
758200.000
750800.000
737600.000
748600.000
728000.000
779600.000
740200.000
764800.000
780000.000
800600.000
778000.000
799800.000
753400.000
760800.000
734000.000
742600.000
722200.000
736000.000
716400.000
694800.000
696800.000
671800.000
680200.000
681800.000
657000.000
681600.000
642000.000
646800.000
642800.000
645000.000
637000.000
640800.000
637800.000
619400.000
609600.000
617000.000
638200.000
592200.000
565400.000
581400.000
581200.000
563800.000
562800.000
554600.000
526000.000
526000.000
511800.000
513600.000
523000.000
1015200.000
1049000.000
1025400.000
1045200.000
1015200.000
1028400.000
992400.000
1008200.000
998400.000
1012000.000
1007800.000
1018000.000
1015400.000
1004600.000
1018600.000
1039000.000
1038000.000
1040800.000
1030400.000
1027400.000
1029400.000
1048800.000
1025800.000
1026400.000
1049800.000
1034600.000
1030800.000
1020800.000
1035600.000
1033000.000
1014600.000
1027600.000
994800.000
1014800.000
973800.000
1022600.000
993000.000
999600.000
1022800.000
987000.000
998200.000
965600.000
1004000.000
1010400.000
1029000.000
1033800.000
1036000.000
1016800.000
1023200.000
1031600.000
1012200.000
1057200.000
1075200.000
1080000.000
1133600.000
1126000.000
1142600.000
1080600.000
1096200.000
1077400.000
1060000.000
1067000.000
1039200.000
1045800.000
1025200.000
1034600.000
1088600.000
1075000.000
1072800.000
1062400.000
1066800.000
1023200.000
1037400.000
1008600.000
998800.000
1007800.000
1005600.000
995000.000
985600.000
979400.000
985800.000
1044800.000
1013600.000
1048600.000
993200.000
982200.000
1014400.000
1007000.000
1011800.000
1015400.000
1014600.000
1008200.000
966000.000
986000.000
965400.000
962400.000
980200.000
978400.000
952000.000
987000.000
978600.000
1002200.000
1011200.000
1021800.000
1000400.000
972400.000
975800.000
942600.000
965200.000
959400.000
947000.000
948400.000
954000.000
935000.000
977000.000
972000.000
958400.000
943800.000
951400.000
883800.000
915200.000
884600.000
900400.000
899400.000
880800.000
912800.000
881800.000
882400.000
932400.000
858000.000
864600.000
879200.000
873400.000
885600.000
864400.000
847200.000
846400.000
848800.000
849400.000
821800.000
838200.000
826600.000
845400.000
834000.000
819600.000
813000.000
798400.000
786000.000
782000.000
765000.000
744000.000
749800.000
733400.000
736600.000
718200.000
725800.000
719000.000
744600.000
762400.000
787400.000
762000.000
769800.000
772000.000
759800.000
729800.000
720400.000
731000.000
676600.000
709000.000
673800.000
678200.000
669600.000
654000.000
659800.000
659600.000
649800.000
636800.000
635800.000
626800.000
628800.000
616200.000
603400.000
604400.000
592600.000
595000.000
594400.000
590200.000
573600.000
591600.000
563200.000
553800.000
514400.000
512800.000
508800.000
477200.000
493000.000
478600.000
456400.000
462600.000
452600.000
440600.000
1019800.000
1012800.000
1014400.000
1025600.000
1010200.000
1003600.000
1004200.000
977800.000
967000.000
1002600.000
1002600.000
991600.000
1006000.000
1039400.000
1042200.000
1031800.000
1028600.000
1035400.000
1045600.000
1035400.000
1033800.000
1071800.000
1040200.000
1072400.000
1029800.000
1040400.000
1060400.000
1024800.000
1035400.000
1017200.000
1026400.000
1012800.000
1050000.000
1053000.000
1050000.000
1011600.000
1010000.000
982600.000
1014800.000
972400.000
982400.000
998600.000
990400.000
1007200.000
1008000.000
1016800.000
1035400.000
1047000.000
1027200.000
1049800.000
1024000.000
1057400.000
1065200.000
1079400.000
1112800.000
1090000.000
1109200.000
1052400.000
1060000.000
1065600.000
1051000.000
1074600.000
1021200.000
1048400.000
1050400.000
1063400.000
1046000.000
1104400.000
1131600.000
1069400.000
1027800.000
1052400.000
1021400.000
1012600.000
1054200.000
973600.000
1029800.000
1000200.000
1007200.000
998600.000
1024600.000
1038800.000
1016600.000
1011800.000
992800.000
1005000.000
995000.000
991000.000
982400.000
998200.000
973400.000
969000.000
985800.000
949000.000
951400.000
954200.000
952000.000
942400.000
958800.000
973600.000
981200.000
988200.000
1002600.000
993400.000
994200.000
970200.000
955400.000
947600.000
933200.000
921400.000
919800.000
954200.000
924000.000
921200.000
947600.000
959800.000
912000.000
909400.000
898000.000
896200.000
885000.000
879200.000
873200.000
892200.000
896200.000
878800.000
903200.000
876600.000
854600.000
862200.000
857800.000
859600.000
853400.000
838400.000
831800.000
858400.000
823800.000
824400.000
806000.000
798200.000
798000.000
798400.000
806200.000
803400.000
791600.000
768200.000
776800.000
774200.000
749800.000
750200.000
735400.000
721600.000
707600.000
699400.000
695800.000
716200.000
722200.000
717000.000
743800.000
762800.000
739000.000
735400.000
735000.000
698600.000
706200.000
706000.000
680600.000
664800.000
650200.000
671400.000
649600.000
651200.000
644400.000
638600.000
615200.000
619200.000
590000.000
584000.000
583800.000
564400.000
567800.000
554000.000
565400.000
532800.000
568000.000
546000.000
529800.000
537600.000
560000.000
509800.000
516800.000
478400.000
450800.000
460400.000
434600.000
432800.000
399000.000
402600.000
405800.000
398400.000
414600.000
1006400.000
1028200.000
1026000.000
993600.000
1018200.000
1006200.000
1017000.000
999800.000
1009400.000
982800.000
995400.000
981000.000
1023400.000
990800.000
1011600.000
1031600.000
1027200.000
1016600.000
1030400.000
1049600.000
1044400.000
1030000.000
1009600.000
1023000.000
1038000.000
1022000.000
1031600.000
1000200.000
1018200.000
1006200.000
978600.000
960000.000
1002000.000
979400.000
987600.000
984800.000
1013800.000
987200.000
1008000.000
969400.000
960000.000
1004000.000
998400.000
1007000.000
1014200.000
1001400.000
1033600.000
1024000.000
1002400.000
1014400.000
1004000.000
1047400.000
1067400.000
1068000.000
1131000.000
1099400.000
1083600.000
1093600.000
1083800.000
1040200.000
1040400.000
1042600.000
1046200.000
1039600.000
1026800.000
1066200.000
1096400.000
1074200.000
1127600.000
1058800.000
1075000.000
1042800.000
1045400.000
1024200.000
1025200.000
992000.000
996000.000
1003400.000
997000.000
990600.000
1011600.000
1016200.000
1041600.000
1028000.000
1005400.000
981600.000
983200.000
983400.000
977000.000
991400.000
983600.000
978400.000
977400.000
954400.000
936200.000
950000.000
943600.000
958200.000
946200.000
954800.000
965800.000
946800.000
982000.000
982400.000
974800.000
943000.000
958000.000
936600.000
928600.000
954800.000
913800.000
909400.000
908600.000
912400.000
894400.000
932600.000
916200.000
912800.000
893800.000
891800.000
871400.000
839400.000
880400.000
852000.000
864800.000
851000.000
877400.000
833600.000
838200.000
851000.000
851400.000
846200.000
833200.000
851400.000
839800.000
824800.000
799200.000
810000.000
781600.000
784000.000
784600.000
780400.000
776800.000
792200.000
786400.000
774600.000
757000.000
751200.000
763200.000
739200.000
714000.000
712600.000
696800.000
687800.000
706000.000
706400.000
717000.000
728200.000
720400.000
741800.000
751800.000
710800.000
689000.000
667800.000
668400.000
678000.000
671400.000
652200.000
626000.000
626600.000
632600.000
620800.000
599800.000
591600.000
601000.000
577400.000
566600.000
546200.000
543400.000
501400.000
518600.000
509800.000
501000.000
495000.000
503600.000
492200.000
499000.000
488400.000
502600.000
493400.000
469200.000
437400.000
426800.000
402800.000
386200.000
377200.000
362600.000
357800.000
366800.000
350600.000
364400.000
1017200.000
1003600.000
1020400.000
994800.000
1026800.000
1004000.000
988000.000
977000.000
961600.000
973400.000
988800.000
995600.000
993200.000
1010400.000
1001400.000
1024600.000
993200.000
1008800.000
1017200.000
1031400.000
1034200.000
1058200.000
1035400.000
1023400.000
1012000.000
989200.000
1004200.000
1046800.000
999200.000
973000.000
979000.000
987600.000
973000.000
970000.000
970800.000
1002400.000
992000.000
978200.000
961000.000
984400.000
959400.000
983400.000
975000.000
989400.000
981200.000
1024800.000
1029000.000
1002000.000
1013200.000
1009600.000
1029000.000
1019400.000
1031200.000
1069800.000
1096600.000
1094200.000
1062600.000
1041200.000
1066600.000
1039800.000
1040600.000
1027200.000
1031200.000
1045600.000
1033400.000
1087200.000
1063400.000
1075600.000
1076000.000
1047000.000
1009000.000
994200.000
1024200.000
1028200.000
1018800.000
991800.000
1010800.000
969000.000
963600.000
986400.000
1023400.000
1039600.000
1026800.000
1025600.000
1004800.000
953800.000
1017200.000
995200.000
988400.000
971400.000
974400.000
972400.000
935800.000
958200.000
932000.000
925200.000
930600.000
949000.000
945200.000
950200.000
938200.000
985800.000
947800.000
956000.000
961200.000
917800.000
917200.000
903000.000
892400.000
893600.000
893800.000
913000.000
880400.000
914200.000
915800.000
897600.000
902200.000
868000.000
871200.000
847400.000
854000.000
856800.000
867400.000
844000.000
863000.000
838400.000
849400.000
835200.000
854800.000
835400.000
852800.000
837600.000
815200.000
809000.000
808400.000
796800.000
807400.000
798800.000
775200.000
771400.000
780400.000
784600.000
760000.000
748400.000
767800.000
764000.000
739200.000
738200.000
732400.000
689400.000
709600.000
701200.000
678400.000
692000.000
678400.000
703800.000
712600.000
722600.000
712400.000
694400.000
706400.000
702800.000
666600.000
674400.000
665000.000
658000.000
654400.000
640000.000
605000.000
610400.000
609400.000
577200.000
578800.000
560000.000
572000.000
543800.000
515400.000
516800.000
515600.000
488800.000
469400.000
460200.000
440800.000
451000.000
452000.000
448200.000
445200.000
439800.000
451600.000
444000.000
402000.000
399200.000
389800.000
352200.000
356600.000
343800.000
319600.000
322400.000
322200.000
319800.000
329200.000
1009600.000
1015600.000
1010000.000
1001000.000
990800.000
988600.000
1007000.000
994000.000
987800.000
974400.000
962200.000
989400.000
981000.000
1003600.000
1018400.000
1024800.000
995600.000
1011800.000
1003400.000
990000.000
1021400.000
1031600.000
1034000.000
1006800.000
1015400.000
988000.000
1013400.000
1014800.000
986800.000
980400.000
960800.000
939000.000
986400.000
980600.000
954400.000
972600.000
958800.000
961200.000
981000.000
985000.000
980600.000
976600.000
964000.000
987800.000
1005800.000
1016000.000
1044000.000
1026800.000
1011200.000
1029000.000
1027400.000
1028400.000
1042000.000
1061000.000
1060800.000
1055200.000
1064200.000
1063800.000
1068800.000
1057800.000
1070000.000
1027600.000
1002000.000
1018400.000
1056800.000
1065200.000
1088200.000
1113400.000
1082000.000
1083400.000
1032400.000
1037400.000
1019000.000
1008000.000
1007400.000
985200.000
978400.000
988400.000
967400.000
971800.000
991200.000
1007800.000
1000200.000
993000.000
975600.000
975200.000
952400.000
963000.000
971600.000
957800.000
963600.000
949800.000
932000.000
948800.000
940800.000
914600.000
890400.000
904600.000
924200.000
930800.000
926800.000
961200.000
963400.000
950000.000
942400.000
900400.000
907600.000
884000.000
894600.000
901000.000
905200.000
906400.000
908800.000
899400.000
876800.000
908200.000
861000.000
877800.000
879400.000
866600.000
845000.000
829600.000
843600.000
829200.000
839000.000
818000.000
841000.000
805800.000
825800.000
794400.000
825200.000
818400.000
811800.000
802800.000
795200.000
785800.000
785000.000
750800.000
779600.000
765800.000
747400.000
758000.000
766200.000
750800.000
708000.000
740000.000
714200.000
697200.000
699400.000
709000.000
685800.000
688200.000
696600.000
694600.000
678600.000
684600.000
703200.000
696400.000
673400.000
685000.000
649000.000
646200.000
649000.000
629000.000
625800.000
622000.000
604400.000
613600.000
592600.000
588800.000
567600.000
576400.000
564400.000
529600.000
519200.000
522400.000
499000.000
476200.000
470000.000
417000.000
407000.000
410600.000
403800.000
393000.000
394600.000
394200.000
381800.000
383600.000
381000.000
400000.000
397200.000
368000.000
360800.000
343600.000
324200.000
301000.000
297000.000
289200.000
285400.000
273600.000
265200.000
999000.000
1003800.000
995600.000
986400.000
995800.000
976600.000
989400.000
1001600.000
971400.000
1000200.000
989800.000
987000.000
994800.000
1021800.000
987000.000
987200.000
1026000.000
984400.000
1013200.000
995400.000
1001600.000
1021600.000
1023600.000
968200.000
1016600.000
1010400.000
1023800.000
986000.000
994000.000
969800.000
961600.000
981400.000
984600.000
973400.000
978600.000
970600.000
976600.000
984200.000
982200.000
985200.000
987200.000
996000.000
1007000.000
1002200.000
990800.000
1042400.000
1015200.000
1014200.000
1018400.000
987800.000
1019000.000
1050600.000
1036800.000
1061600.000
1062600.000
1030800.000
1046400.000
1043000.000
1046800.000
1015200.000
1041400.000
1025600.000
986000.000
1022000.000
1041600.000
1089000.000
1090400.000
1084400.000
1034000.000
1060800.000
1020400.000
1011600.000
999400.000
989200.000
977600.000
991600.000
992200.000
995400.000
993200.000
977800.000
983600.000
992200.000
978400.000
972800.000
979400.000
955600.000
944000.000
940600.000
971200.000
952400.000
935200.000
939800.000
916400.000
923600.000
919800.000
908400.000
913400.000
902800.000
888600.000
902600.000
942600.000
924000.000
948200.000
897200.000
900400.000
905200.000
867400.000
878600.000
879000.000
847800.000
896200.000
883600.000
866000.000
849000.000
854600.000
860400.000
823800.000
831000.000
815400.000
812000.000
798400.000
806000.000
807600.000
839800.000
811400.000
811800.000
784000.000
781000.000
788200.000
807200.000
803000.000
795600.000
768000.000
800000.000
748000.000
768400.000
752800.000
743800.000
739400.000
742200.000
701200.000
715200.000
733800.000
731000.000
714400.000
696800.000
701000.000
689200.000
674600.000
675200.000
686800.000
683600.000
676800.000
670000.000
636400.000
657200.000
651000.000
629400.000
633600.000
619200.000
601000.000
613600.000
572000.000
564600.000
567600.000
571200.000
586600.000
553200.000
544800.000
544000.000
542800.000
520200.000
501400.000
492000.000
471400.000
461400.000
437200.000
421200.000
401600.000
369600.000
360800.000
348400.000
327400.000
320000.000
306600.000
309600.000
340000.000
334000.000
336600.000
352200.000
342800.000
316400.000
310800.000
288000.000
257400.000
246800.000
237400.000
225000.000
222400.000
222800.000
237200.000
1005000.000
1013600.000
994000.000
986800.000
999800.000
991400.000
1008800.000
991400.000
991000.000
984000.000
998400.000
988200.000
984200.000
983200.000
996000.000
987000.000
967400.000
967800.000
987600.000
972800.000
981400.000
1004200.000
992800.000
1008000.000
1003000.000
976200.000
1003600.000
992400.000
998200.000
1006600.000
970400.000
970200.000
959000.000
919800.000
952600.000
959400.000
946800.000
966800.000
975200.000
970000.000
993800.000
992200.000
969400.000
989400.000
987600.000
1006000.000
983400.000
1008400.000
1027000.000
1007400.000
1035000.000
991600.000
1003600.000
1037600.000
1020600.000
1045600.000
1034800.000
1026600.000
1039200.000
985600.000
1011400.000
984000.000
992400.000
1022000.000
1029400.000
1071800.000
1050800.000
1055600.000
1041400.000
1021000.000
1010600.000
1005800.000
1017600.000
987800.000
945800.000
975400.000
947400.000
972800.000
974200.000
1008600.000
993800.000
973800.000
989400.000
957800.000
964800.000
959600.000
948600.000
938200.000
919000.000
914000.000
928800.000
911600.000
913200.000
912800.000
877600.000
921400.000
868400.000
886000.000
902800.000
885400.000
892400.000
945200.000
900800.000
920200.000
881400.000
888600.000
875800.000
847600.000
859000.000
841200.000
852800.000
840800.000
855600.000
832800.000
817800.000
828600.000
842400.000
825600.000
809400.000
805200.000
788800.000
805400.000
817200.000
797400.000
832200.000
797000.000
792800.000
770400.000
784000.000
791800.000
774200.000
761000.000
763600.000
761800.000
733600.000
748600.000
765200.000
722600.000
734200.000
733400.000
703400.000
699600.000
693800.000
716000.000
705000.000
697400.000
690400.000
680000.000
679000.000
647400.000
657800.000
660400.000
665600.000
626400.000
645800.000
612400.000
608800.000
605400.000
600800.000
583600.000
581800.000
568000.000
563600.000
532200.000
553000.000
545000.000
547600.000
542000.000
533400.000
491600.000
470200.000
494000.000
479200.000
459800.000
439000.000
420000.000
420400.000
378800.000
364600.000
352400.000
331800.000
308800.000
294400.000
291000.000
267800.000
266600.000
260400.000
280200.000
290600.000
313800.000
309200.000
290200.000
265200.000
246800.000
240000.000
213600.000
194000.000
199000.000
185000.000
186400.000
184200.000
1000000.000
1006800.000
976600.000
990000.000
972400.000
1011800.000
988000.000
986200.000
1007200.000
991000.000
960600.000
966200.000
1005000.000
976600.000
966200.000
976200.000
998400.000
995000.000
997400.000
976600.000
1008200.000
997200.000
992000.000
1006000.000
1004400.000
991800.000
1002000.000
976800.000
984400.000
977400.000
970000.000
965200.000
946200.000
963800.000
973200.000
970400.000
935000.000
962000.000
983200.000
995200.000
996200.000
1004800.000
977000.000
980800.000
1014200.000
1012000.000
1028400.000
1025200.000
1039800.000
1020200.000
986800.000
1027800.000
1014800.000
1021600.000
1022200.000
1012400.000
1015400.000
1009200.000
999200.000
976800.000
984800.000
977800.000
993600.000
1015600.000
1042000.000
1033800.000
1043000.000
1061200.000
1039000.000
1027400.000
1025800.000
999400.000
983200.000
1002000.000
963400.000
982400.000
963000.000
973600.000
982200.000
969600.000
970600.000
970200.000
967200.000
955600.000
951200.000
937200.000
927400.000
922200.000
910400.000
910800.000
907600.000
913200.000
886000.000
887600.000
848000.000
868600.000
878800.000
871000.000
872600.000
856000.000
905400.000
890600.000
901000.000
876800.000
872200.000
891600.000
873400.000
861400.000
837400.000
858600.000
848600.000
855600.000
831800.000
840600.000
832600.000
812600.000
835400.000
824200.000
801400.000
818800.000
790200.000
776200.000
786800.000
783200.000
793800.000
788600.000
765400.000
783600.000
771800.000
777000.000
767800.000
765000.000
750600.000
731200.000
739600.000
746600.000
714600.000
714200.000
712400.000
690000.000
710600.000
689000.000
683400.000
691600.000
670800.000
671200.000
657000.000
667600.000
677200.000
656000.000
670400.000
651800.000
616200.000
628000.000
611600.000
594800.000
598200.000
571200.000
569400.000
543800.000
529400.000
537400.000
535800.000
517600.000
496600.000
495400.000
503600.000
488800.000
503000.000
465400.000
467200.000
436800.000
417800.000
405000.000
396400.000
386800.000
348600.000
352000.000
339400.000
315600.000
307400.000
301600.000
273600.000
245800.000
221200.000
212800.000
224600.000
229600.000
253600.000
267400.000
263000.000
255000.000
220800.000
203200.000
186200.000
177400.000
170200.000
174800.000
155000.000
155800.000
173800.000
996800.000
1006600.000
953200.000
991000.000
979000.000
978800.000
977800.000
1015400.000
960800.000
986000.000
1012800.000
953600.000
1000600.000
990800.000
974200.000
981800.000
935800.000
980600.000
967800.000
981200.000
987600.000
1005000.000
1001000.000
964600.000
1006400.000
1006000.000
990800.000
994000.000
1015800.000
961400.000
960200.000
955600.000
959000.000
963000.000
969600.000
957400.000
953000.000
962600.000
979800.000
964000.000
1005600.000
966600.000
1010200.000
987400.000
1012000.000
1005800.000
1005400.000
1010400.000
1026000.000
1024600.000
1004800.000
1024600.000
997200.000
1005400.000
1007600.000
1023400.000
1003600.000
998600.000
977400.000
978400.000
970800.000
981200.000
983600.000
987600.000
1039000.000
1005800.000
1035200.000
1038800.000
996200.000
1049200.000
1003000.000
999600.000
986000.000
965800.000
994800.000
945400.000
982000.000
954200.000
951200.000
956400.000
971000.000
961000.000
962000.000
965400.000
942400.000
923400.000
898000.000
879000.000
898200.000
905200.000
919200.000
883200.000
898600.000
864800.000
879400.000
871400.000
871000.000
858400.000
885800.000
894200.000
885200.000
890800.000
872400.000
905600.000
885400.000
888400.000
879400.000
852000.000
846400.000
834800.000
830000.000
827200.000
831400.000
794800.000
805600.000
853200.000
797200.000
808200.000
813200.000
772200.000
786400.000
774200.000
764200.000
774800.000
770600.000
796400.000
752600.000
753000.000
757000.000
781600.000
761400.000
720000.000
748200.000
748200.000
733600.000
719800.000
703400.000
722400.000
681000.000
711000.000
690400.000
675600.000
655000.000
680600.000
662000.000
654800.000
654000.000
617400.000
622200.000
645400.000
628000.000
621200.000
616200.000
608400.000
586200.000
576200.000
564800.000
538000.000
524800.000
519600.000
538800.000
503800.000
476400.000
483200.000
474800.000
468000.000
449800.000
439200.000
451400.000
442400.000
409200.000
405600.000
387200.000
385800.000
348600.000
360200.000
336200.000
327200.000
319600.000
296800.000
284200.000
260000.000
252000.000
222400.000
203600.000
193400.000
190800.000
195600.000
210200.000
226000.000
223200.000
210400.000
182600.000
177200.000
150000.000
144600.000
139000.000
128800.000
124000.000
143800.000
135600.000
991400.000
979400.000
984400.000
977000.000
979200.000
1000200.000
981800.000
976800.000
997200.000
979800.000
1007600.000
969600.000
969800.000
973400.000
969800.000
974000.000
942400.000
971600.000
967200.000
982800.000
999200.000
992400.000
1003400.000
966200.000
960800.000
975400.000
970000.000
1015200.000
984000.000
982800.000
974600.000
954600.000
936200.000
953600.000
953800.000
980000.000
973800.000
977600.000
972600.000
1003000.000
1001800.000
979200.000
1009000.000
974000.000
1005000.000
1009200.000
1008200.000
1020400.000
1030200.000
1041800.000
1025800.000
1003000.000
1000000.000
1007600.000
1001400.000
966000.000
936000.000
969800.000
976600.000
949000.000
958200.000
994400.000
983400.000
1021000.000
1019400.000
1023200.000
998600.000
1026400.000
993800.000
974400.000
971200.000
949800.000
953400.000
951400.000
927600.000
918200.000
947200.000
929400.000
932600.000
947600.000
939000.000
949800.000
969200.000
931800.000
915400.000
878200.000
881600.000
928000.000
893200.000
883000.000
874800.000
869400.000
873400.000
887400.000
859200.000
867600.000
847000.000
850200.000
842400.000
842000.000
856400.000
877800.000
871800.000
867800.000
859000.000
834400.000
829000.000
804400.000
830800.000
801000.000
817800.000
800000.000
788400.000
791000.000
785000.000
781400.000
785200.000
749600.000
754200.000
767800.000
761800.000
731200.000
758200.000
733800.000
747000.000
746600.000
741400.000
719000.000
713400.000
707600.000
728400.000
731800.000
720000.000
699200.000
692800.000
709400.000
691400.000
673800.000
670000.000
656400.000
645200.000
644600.000
650600.000
635600.000
602200.000
606200.000
604200.000
591600.000
585800.000
589000.000
578600.000
561000.000
571400.000
573000.000
524800.000
527400.000
488000.000
493400.000
479600.000
472800.000
455000.000
439000.000
418600.000
434000.000
423400.000
420800.000
389200.000
398400.000
375400.000
362200.000
374800.000
333800.000
343200.000
332800.000
317400.000
305400.000
287400.000
270800.000
261400.000
272400.000
233400.000
228000.000
215800.000
174600.000
165800.000
149000.000
146000.000
153400.000
166600.000
163000.000
172400.000
158000.000
133800.000
128800.000
128000.000
131400.000
121400.000
111200.000
114400.000
116200.000
123400.000
982800.000
972800.000
960600.000
988000.000
998200.000
1001600.000
983800.000
981000.000
986000.000
979000.000
980200.000
958800.000
967400.000
942000.000
960000.000
956600.000
970800.000
985200.000
982800.000
993200.000
1005800.000
956200.000
983200.000
979200.000
946400.000
978600.000
978000.000
979200.000
999000.000
960400.000
948000.000
957400.000
955800.000
955200.000
966800.000
947200.000
933000.000
995000.000
979600.000
1006000.000
981400.000
986400.000
974800.000
991400.000
951200.000
992600.000
970800.000
1027200.000
967600.000
980200.000
973000.000
984000.000
956000.000
960200.000
970600.000
976800.000
954400.000
948600.000
951200.000
938000.000
948800.000
974600.000
991200.000
968800.000
1012400.000
995600.000
1007800.000
999800.000
981000.000
996800.000
972800.000
942000.000
929000.000
923200.000
908800.000
928800.000
909600.000
913000.000
949600.000
911200.000
907600.000
902200.000
933600.000
922000.000
902000.000
878600.000
891400.000
875400.000
875800.000
871400.000
887600.000
852600.000
839200.000
862800.000
822800.000
825200.000
834800.000
821800.000
823800.000
846200.000
845200.000
854200.000
821800.000
836600.000
834400.000
815200.000
833800.000
807400.000
787000.000
778600.000
782400.000
777400.000
761200.000
780600.000
728200.000
764800.000
769000.000
757800.000
757200.000
749000.000
731800.000
717400.000
727000.000
740600.000
720000.000
723800.000
714400.000
694600.000
697400.000
700400.000
691000.000
688400.000
706200.000
687800.000
667800.000
694600.000
657000.000
650600.000
665200.000
653200.000
643200.000
625600.000
575600.000
594200.000
586600.000
578800.000
584800.000
575000.000
560400.000
545800.000
545400.000
520400.000
521400.000
516600.000
484400.000
473000.000
456800.000
456200.000
429200.000
412800.000
431600.000
429000.000
410800.000
381800.000
380000.000
381800.000
366200.000
353000.000
346000.000
323800.000
317400.000
299400.000
311200.000
291200.000
303000.000
279800.000
269600.000
235400.000
229800.000
220600.000
208400.000
202200.000
184000.000
171200.000
147000.000
137400.000
130400.000
127800.000
140400.000
134200.000
143600.000
128600.000
122000.000
118200.000
122000.000
123000.000
108600.000
115200.000
112400.000
107400.000
115000.000
1003200.000
988600.000
974000.000
1017200.000
983400.000
1009600.000
989600.000
994800.000
1005000.000
992400.000
963000.000
971000.000
985400.000
991200.000
971200.000
971800.000
958800.000
949400.000
977600.000
990400.000
991800.000
981000.000
1002200.000
968000.000
1004600.000
991200.000
1011400.000
1019400.000
979400.000
969000.000
979000.000
961800.000
969800.000
966600.000
942600.000
937000.000
982000.000
964400.000
970200.000
1007600.000
995800.000
983000.000
1013200.000
1014400.000
988800.000
1011800.000
972800.000
971800.000
946600.000
946200.000
974200.000
977200.000
954000.000
959600.000
948400.000
924800.000
963400.000
949600.000
964400.000
932400.000
969600.000
971000.000
973200.000
973800.000
981200.000
993400.000
976800.000
971400.000
978200.000
960400.000
941600.000
929600.000
934800.000
906800.000
905600.000
918400.000
894200.000
934200.000
910000.000
919400.000
917000.000
926400.000
901000.000
889800.000
887600.000
884800.000
865000.000
877600.000
852600.000
856400.000
859200.000
849200.000
884800.000
874000.000
856400.000
824200.000
844600.000
836400.000
825400.000
806400.000
807800.000
801400.000
805600.000
826600.000
816200.000
809200.000
805800.000
797000.000
761200.000
778200.000
765600.000
755600.000
763200.000
733200.000
761000.000
753800.000
738800.000
762800.000
731600.000
749200.000
714200.000
698200.000
731400.000
712200.000
696200.000
689800.000
696200.000
679800.000
669800.000
676800.000
663200.000
656800.000
670800.000
654200.000
636000.000
639800.000
647600.000
645400.000
644600.000
605200.000
613000.000
592200.000
572400.000
571800.000
553400.000
541600.000
530600.000
549600.000
542200.000
509400.000
495600.000
493400.000
477000.000
492600.000
462000.000
430800.000
427400.000
411200.000
392000.000
391600.000
374800.000
385000.000
366600.000
344000.000
345400.000
333800.000
326000.000
310200.000
294400.000
297000.000
288400.000
280000.000
281600.000
257400.000
261200.000
237400.000
207000.000
181800.000
193200.000
180200.000
181200.000
164600.000
153400.000
141200.000
131400.000
129800.000
120800.000
117800.000
118200.000
119600.000
117600.000
115200.000
116000.000
113000.000
115000.000
102400.000
108600.000
117200.000
104200.000
109600.000
109200.000
940000.000
998000.000
995000.000
983600.000
988000.000
995800.000
967400.000
989000.000
1004600.000
982000.000
963400.000
954400.000
965600.000
947600.000
969200.000
950800.000
944200.000
966200.000
951800.000
972600.000
985800.000
971600.000
958000.000
944000.000
959600.000
985000.000
981600.000
977800.000
959000.000
974400.000
949600.000
938600.000
930000.000
931600.000
909600.000
907400.000
935800.000
949800.000
948800.000
953400.000
955000.000
950800.000
971400.000
972600.000
954000.000
974600.000
970800.000
944000.000
913400.000
944800.000
961800.000
920800.000
908400.000
990600.000
943600.000
935200.000
948200.000
936600.000
925000.000
915000.000
932400.000
980200.000
960600.000
950400.000
965600.000
956000.000
964000.000
955800.000
925800.000
926600.000
916600.000
902800.000
904200.000
877600.000
883200.000
892200.000
907800.000
891000.000
881800.000
878800.000
875600.000
889000.000
899600.000
877200.000
852800.000
868200.000
863600.000
853000.000
823600.000
820600.000
856400.000
865400.000
828200.000
836400.000
841400.000
854000.000
822000.000
811600.000
805600.000
792400.000
815400.000
797000.000
806800.000
794000.000
790000.000
789000.000
801400.000
770600.000
782000.000
768600.000
743000.000
762000.000
749400.000
722000.000
705200.000
702200.000
734200.000
699600.000
680800.000
695600.000
707000.000
693000.000
675800.000
686800.000
678400.000
655400.000
665400.000
650400.000
647200.000
648000.000
643800.000
645200.000
634800.000
636800.000
640600.000
620800.000
611800.000
607800.000
607200.000
591000.000
564800.000
554200.000
525600.000
557000.000
544800.000
529800.000
518800.000
503600.000
496800.000
485800.000
455200.000
452000.000
454000.000
412600.000
404800.000
410600.000
387000.000
387400.000
369000.000
368800.000
335600.000
327200.000
332400.000
321000.000
335600.000
316000.000
305200.000
265200.000
257400.000
235200.000
241800.000
236600.000
241800.000
229400.000
208800.000
200800.000
177000.000
173400.000
158200.000
158200.000
144000.000
151800.000
141600.000
126800.000
117800.000
115200.000
114800.000
115600.000
110800.000
117200.000
116600.000
112000.000
106000.000
110600.000
110600.000
109000.000
105200.000
108600.000
112800.000
104000.000
106200.000
954200.000
971000.000
984800.000
970400.000
995400.000
967800.000
975800.000
970400.000
969200.000
1001400.000
958200.000
966200.000
940800.000
929800.000
940400.000
941000.000
963400.000
950800.000
980400.000
968000.000
949600.000
962400.000
972200.000
943400.000
953400.000
968400.000
969200.000
954600.000
958600.000
966000.000
926200.000
905000.000
912400.000
913600.000
945200.000
950800.000
961800.000
936200.000
957600.000
966800.000
969000.000
950600.000
953800.000
962400.000
975800.000
960600.000
950800.000
942600.000
923000.000
892000.000
902800.000
925800.000
918400.000
916400.000
896400.000
900600.000
874000.000
908800.000
934800.000
937600.000
941200.000
950600.000
931800.000
952400.000
920800.000
922800.000
918600.000
922600.000
907200.000
905400.000
903200.000
854600.000
891800.000
871400.000
868600.000
848600.000
857200.000
867400.000
885000.000
856800.000
871000.000
856800.000
883200.000
866400.000
852000.000
849000.000
821600.000
840600.000
820000.000
853800.000
839800.000
831000.000
855200.000
835000.000
826600.000
794600.000
805000.000
787000.000
775400.000
751200.000
763400.000
762600.000
757000.000
762800.000
762800.000
756200.000
763200.000
729600.000
704400.000
718800.000
726800.000
712600.000
708000.000
678200.000
671600.000
693000.000
679000.000
671200.000
665600.000
653000.000
672400.000
663600.000
645800.000
657800.000
641800.000
601200.000
636000.000
610200.000
617800.000
609800.000
608400.000
607400.000
600000.000
587600.000
611000.000
569200.000
584600.000
560600.000
558000.000
516000.000
522200.000
509000.000
495800.000
500800.000
469000.000
496200.000
454000.000
449400.000
421600.000
409000.000
397000.000
388800.000
371400.000
378800.000
370400.000
339400.000
330600.000
323600.000
325200.000
317800.000
298000.000
292600.000
293800.000
270600.000
272600.000
266800.000
231600.000
219600.000
187200.000
188800.000
196400.000
190000.000
170800.000
158000.000
163200.000
143200.000
136600.000
131400.000
123200.000
122200.000
126000.000
118200.000
111800.000
112600.000
106600.000
108400.000
108400.000
103400.000
111400.000
112200.000
100000.000
105200.000
102600.000
107000.000
104200.000
106000.000
105600.000
110600.000
101800.000
107000.000
102600.000
957200.000
954400.000
950600.000
964600.000
978600.000
962400.000
965200.000
960000.000
965800.000
949200.000
957000.000
958000.000
943800.000
935600.000
960000.000
935000.000
958000.000
945400.000
937400.000
963000.000
961400.000
974800.000
955600.000
941200.000
964000.000
953400.000
952400.000
980400.000
948200.000
907200.000
910000.000
919000.000
937600.000
917600.000
912200.000
905200.000
934400.000
960800.000
926800.000
938600.000
928200.000
949000.000
953200.000
932000.000
937000.000
899200.000
925800.000
897400.000
908000.000
891000.000
875000.000
882600.000
886400.000
895600.000
883400.000
867800.000
878000.000
898800.000
887400.000
899800.000
886200.000
923000.000
905200.000
919200.000
904800.000
914800.000
920600.000
913800.000
919800.000
880800.000
873400.000
846000.000
865400.000
858800.000
822000.000
856600.000
850800.000
857400.000
847400.000
849600.000
838400.000
826200.000
843200.000
818600.000
794400.000
823000.000
805800.000
821000.000
797800.000
801000.000
810000.000
813800.000
805400.000
807600.000
785600.000
802600.000
753000.000
768400.000
751600.000
738800.000
738800.000
745400.000
737000.000
742600.000
750800.000
746200.000
699200.000
710600.000
706000.000
670600.000
696800.000
686800.000
690600.000
678400.000
681600.000
673400.000
649200.000
648000.000
664800.000
632400.000
618600.000
610400.000
615600.000
616200.000
580600.000
583600.000
591000.000
580200.000
571400.000
573200.000
562200.000
547000.000
542400.000
569000.000
553600.000
546800.000
531000.000
529600.000
523400.000
508200.000
502400.000
484600.000
467800.000
452600.000
435200.000
420800.000
403000.000
405800.000
393600.000
389800.000
383800.000
360800.000
353000.000
342000.000
326800.000
322200.000
316200.000
284600.000
272000.000
284600.000
266400.000
254600.000
242600.000
248000.000
230800.000
227200.000
212000.000
163800.000
155800.000
145000.000
155400.000
150200.000
140800.000
134400.000
134200.000
129800.000
134800.000
126600.000
114200.000
117400.000
103800.000
114200.000
118400.000
106600.000
108400.000
97800.000
110400.000
105200.000
99000.000
104000.000
103200.000
111600.000
112400.000
105800.000
97800.000
103800.000
108600.000
100600.000
114800.000
96200.000
98400.000
977800.000
967000.000
965600.000
976000.000
965600.000
955600.000
951400.000
976200.000
976600.000
981600.000
985400.000
963400.000
937600.000
938200.000
948200.000
936400.000
937400.000
942600.000
924200.000
945400.000
948400.000
942200.000
961000.000
964600.000
969400.000
975400.000
951600.000
933400.000
923600.000
922000.000
900800.000
922400.000
934000.000
878200.000
912800.000
917800.000
929000.000
927400.000
931200.000
938600.000
925600.000
924400.000
928600.000
930800.000
918800.000
931200.000
886400.000
874400.000
874800.000
870600.000
875800.000
869200.000
883800.000
873600.000
868800.000
851600.000
895400.000
870200.000
873600.000
879200.000
893600.000
901800.000
878000.000
894000.000
891800.000
904400.000
883600.000
878600.000
861200.000
852000.000
840600.000
866400.000
811000.000
840600.000
815400.000
819600.000
836600.000
841400.000
835600.000
816600.000
815600.000
806200.000
816200.000
828200.000
833200.000
808600.000
826800.000
820000.000
806400.000
798600.000
802200.000
820200.000
806600.000
798200.000
772200.000
772800.000
759200.000
737600.000
740600.000
719800.000
728000.000
725200.000
730800.000
721400.000
711200.000
707600.000
677400.000
696800.000
681200.000
679000.000
668400.000
645000.000
647400.000
656800.000
660000.000
621000.000
653400.000
647600.000
623400.000
599400.000
617600.000
601000.000
579400.000
605000.000
578200.000
584800.000
568600.000
560800.000
544800.000
536000.000
543000.000
533600.000
514800.000
505000.000
509800.000
506600.000
520400.000
494200.000
479200.000
455800.000
450000.000
433000.000
426400.000
406600.000
386600.000
396000.000
362400.000
368000.000
360400.000
341000.000
341400.000
333400.000
316600.000
301000.000
298600.000
300000.000
277400.000
275800.000
269600.000
241600.000
225600.000
212000.000
216200.000
194800.000
195000.000
185200.000
176800.000
137600.000
132400.000
133600.000
125800.000
119000.000
124000.000
114200.000
118000.000
118400.000
110600.000
118000.000
110800.000
115600.000
114200.000
113200.000
106600.000
102200.000
115400.000
100000.000
101400.000
108200.000
107800.000
102600.000
114000.000
104200.000
102400.000
105600.000
95800.000
97200.000
93200.000
96200.000
102000.000
95400.000
99200.000
937000.000
987000.000
927200.000
963000.000
952000.000
935400.000
956000.000
960800.000
960200.000
977600.000
963200.000
941000.000
928000.000
945400.000
900600.000
926800.000
933200.000
927600.000
957800.000
930400.000
927400.000
922200.000
959400.000
936000.000
942600.000
954600.000
939800.000
963200.000
915000.000
900600.000
889200.000
914400.000
899200.000
886400.000
902600.000
942000.000
910000.000
926200.000
907000.000
903200.000
896600.000
914000.000
907400.000
930400.000
909800.000
908800.000
895200.000
898400.000
859600.000
855000.000
879800.000
874800.000
866600.000
862400.000
854000.000
846000.000
822200.000
866400.000
850600.000
858400.000
863800.000
868000.000
892200.000
873400.000
893000.000
903800.000
885600.000
888800.000
854600.000
831000.000
855800.000
803600.000
826800.000
800600.000
811600.000
815600.000
824800.000
814600.000
795000.000
770600.000
801600.000
769000.000
805200.000
817000.000
820000.000
803000.000
778000.000
763400.000
801000.000
785800.000
790000.000
784800.000
782000.000
768200.000
746200.000
712800.000
730000.000
746800.000
710200.000
700200.000
707800.000
701400.000
689000.000
696200.000
680200.000
665800.000
652200.000
661800.000
653400.000
636600.000
627600.000
640600.000
629600.000
627600.000
631200.000
605200.000
626000.000
616800.000
591800.000
581000.000
580800.000
580200.000
560200.000
558000.000
533000.000
523400.000
551600.000
527400.000
499600.000
511600.000
495200.000
487800.000
468200.000
490400.000
464000.000
456400.000
445600.000
439000.000
413200.000
407200.000
398200.000
383600.000
374000.000
354800.000
337200.000
331800.000
332400.000
328600.000
323800.000
298000.000
300800.000
298400.000
276400.000
260400.000
250600.000
236200.000
221200.000
228600.000
215600.000
209000.000
188600.000
171200.000
163000.000
158200.000
152000.000
144400.000
133200.000
127200.000
113200.000
114600.000
111400.000
112600.000
108800.000
113800.000
117400.000
107000.000
98800.000
102400.000
113000.000
104000.000
98600.000
105400.000
100000.000
102600.000
111400.000
109600.000
101600.000
105800.000
96600.000
100000.000
96000.000
105000.000
97600.000
104400.000
95000.000
104800.000
100600.000
97200.000
96200.000
92400.000
94400.000
925200.000
971800.000
951200.000
957800.000
959600.000
956200.000
957600.000
929800.000
953000.000
971600.000
948600.000
959400.000
923000.000
922000.000
912200.000
928600.000
912600.000
930000.000
912800.000
899200.000
923600.000
921800.000
955000.000
908200.000
938800.000
925800.000
917200.000
907200.000
920600.000
876400.000
898000.000
893400.000
883000.000
875400.000
877200.000
895800.000
927400.000
914000.000
904000.000
883400.000
893200.000
917200.000
890400.000
904200.000
884400.000
860000.000
889000.000
865800.000
842000.000
837800.000
835400.000
849000.000
844400.000
847200.000
845000.000
817400.000
846400.000
851600.000
808200.000
844200.000
849000.000
844400.000
832000.000
839200.000
864800.000
860600.000
826600.000
835800.000
805600.000
802600.000
814200.000
786800.000
780600.000
766800.000
763600.000
770400.000
790400.000
781200.000
771400.000
755200.000
774400.000
768800.000
785200.000
775600.000
765000.000
766600.000
735000.000
740000.000
731000.000
765800.000
758000.000
758600.000
750000.000
712200.000
708000.000
682400.000
695200.000
682000.000
658000.000
658600.000
667200.000
643400.000
661200.000
637200.000
636600.000
631600.000
632200.000
623200.000
609600.000
606800.000
601600.000
588400.000
606400.000
580200.000
565800.000
566400.000
561400.000
570200.000
545600.000
551000.000
530800.000
522600.000
507200.000
508600.000
494800.000
488000.000
469000.000
469200.000
448600.000
437000.000
437800.000
420600.000
419400.000
403600.000
416800.000
410600.000
380800.000
372800.000
351400.000
333000.000
357800.000
324400.000
334000.000
316600.000
292400.000
294200.000
283000.000
282400.000
283400.000
271200.000
251000.000
246600.000
240200.000
225800.000
207600.000
185600.000
179400.000
182200.000
182600.000
162200.000
149400.000
133800.000
133200.000
138200.000
129200.000
123600.000
111400.000
118200.000
103200.000
101800.000
102600.000
107000.000
109600.000
105000.000
109200.000
112400.000
114200.000
111800.000
98600.000
96800.000
107800.000
106600.000
98200.000
97200.000
96000.000
100400.000
98600.000
101200.000
93400.000
97200.000
100600.000
96400.000
101000.000
93600.000
91400.000
97200.000
92600.000
88600.000
91000.000
94800.000
90200.000
944800.000
968000.000
966400.000
949000.000
928000.000
962000.000
925000.000
951800.000
935800.000
956400.000
941000.000
945000.000
938400.000
905600.000
919200.000
902200.000
913600.000
938200.000
906800.000
923000.000
901400.000
905200.000
929600.000
936800.000
899000.000
930000.000
900200.000
881600.000
878000.000
889400.000
885400.000
923400.000
896000.000
903200.000
887400.000
889600.000
892600.000
911400.000
874600.000
875400.000
880600.000
875800.000
863000.000
899000.000
856400.000
881800.000
852200.000
857400.000
864400.000
843800.000
829000.000
831400.000
823800.000
831800.000
834400.000
810200.000
830000.000
796400.000
844800.000
832600.000
826400.000
830000.000
842200.000
843200.000
843000.000
833200.000
827400.000
834800.000
823600.000
812400.000
789200.000
781600.000
784800.000
753800.000
790400.000
745600.000
783600.000
768000.000
777000.000
755800.000
749400.000
760000.000
790200.000
768800.000
772400.000
765400.000
758400.000
750000.000
719200.000
764600.000
731400.000
763000.000
720200.000
704800.000
691600.000
673600.000
660200.000
697600.000
665000.000
653400.000
644800.000
645600.000
621400.000
629400.000
603200.000
588200.000
595800.000
607200.000
594800.000
573400.000
573600.000
562600.000
571000.000
548800.000
536600.000
543200.000
547000.000
513400.000
520400.000
508000.000
486200.000
465000.000
476200.000
454800.000
441200.000
432600.000
418600.000
419600.000
406800.000
396800.000
391800.000
377600.000
374200.000
365400.000
363200.000
351600.000
340000.000
325200.000
319200.000
312200.000
322800.000
290200.000
269400.000
276800.000
257200.000
238200.000
235800.000
225200.000
233400.000
213400.000
212800.000
194600.000
199200.000
180000.000
163800.000
159000.000
147800.000
156000.000
149400.000
146400.000
141600.000
130000.000
118400.000
118000.000
114600.000
111400.000
104600.000
113000.000
107400.000
104000.000
115200.000
101400.000
105000.000
111000.000
106000.000
108200.000
107600.000
107800.000
105400.000
101200.000
95000.000
99200.000
102800.000
98600.000
97000.000
91200.000
91000.000
99800.000
99000.000
94200.000
84600.000
97200.000
92200.000
95800.000
86600.000
95600.000
86400.000
89800.000
85800.000
90200.000
87000.000
950000.000
952200.000
956200.000
930600.000
933000.000
948600.000
947200.000
941400.000
926600.000
948000.000
927800.000
886000.000
888000.000
921000.000
890400.000
893600.000
899400.000
921800.000
883400.000
907800.000
920600.000
908800.000
914800.000
932200.000
934600.000
906000.000
890400.000
871200.000
884400.000
896400.000
866400.000
879400.000
884200.000
869200.000
857200.000
866000.000
841800.000
881200.000
864000.000
880800.000
864000.000
869800.000
864200.000
875000.000
899600.000
863800.000
849800.000
835200.000
831400.000
840600.000
828800.000
852800.000
826200.000
812600.000
790600.000
815400.000
820000.000
809400.000
828200.000
780000.000
815800.000
846200.000
823600.000
816200.000
829200.000
818200.000
806800.000
816800.000
788200.000
773800.000
781800.000
751400.000
754800.000
764600.000
740800.000
774600.000
741200.000
750800.000
766400.000
746400.000
735800.000
745200.000
756000.000
769600.000
748400.000
747600.000
730200.000
731400.000
700600.000
722200.000
728000.000
667200.000
669800.000
679000.000
657200.000
653600.000
652200.000
657000.000
659600.000
631200.000
644400.000
613400.000
594200.000
581200.000
564600.000
563400.000
561200.000
572600.000
566800.000
547400.000
549600.000
531000.000
508800.000
520200.000
531800.000
503400.000
475800.000
488600.000
477200.000
454200.000
455400.000
445800.000
420800.000
396800.000
402200.000
395400.000
389000.000
362000.000
369800.000
374400.000
351400.000
367400.000
341000.000
324800.000
319600.000
307400.000
304600.000
294000.000
297400.000
298000.000
264600.000
245600.000
234800.000
230800.000
219600.000
197600.000
207600.000
202800.000
190800.000
179800.000
181200.000
172800.000
164800.000
145000.000
142400.000
125800.000
120400.000
134800.000
130200.000
123000.000
121800.000
117400.000
114400.000
107200.000
118800.000
114400.000
113600.000
107600.000
105600.000
106400.000
97000.000
104000.000
98600.000
98600.000
103200.000
102000.000
96800.000
101200.000
92600.000
97000.000
106000.000
91000.000
96000.000
92200.000
100000.000
92600.000
103200.000
90200.000
90600.000
89800.000
98400.000
92400.000
91800.000
89200.000
85200.000
85800.000
94400.000
83600.000
85000.000
84800.000
84800.000
972400.000
951400.000
920200.000
943400.000
947200.000
923600.000
928600.000
926800.000
900800.000
918800.000
917400.000
899200.000
888200.000
893600.000
875400.000
874600.000
866800.000
902400.000
867800.000
905200.000
917600.000
903400.000
937800.000
886400.000
906800.000
879000.000
861800.000
863800.000
853000.000
872400.000
842000.000
879600.000
871600.000
873000.000
858200.000
866600.000
838400.000
868800.000
857600.000
825800.000
867200.000
841600.000
845200.000
844000.000
858600.000
863200.000
835400.000
846600.000
825800.000
825200.000
832800.000
833800.000
799000.000
802000.000
807000.000
808400.000
820600.000
783000.000
790800.000
821200.000
798800.000
811400.000
821800.000
800800.000
790800.000
802400.000
795200.000
775800.000
764400.000
757600.000
771600.000
746600.000
744200.000
746600.000
729800.000
745800.000
726000.000
731600.000
717000.000
713800.000
729600.000
715400.000
748400.000
738200.000
748800.000
732800.000
694200.000
707200.000
705800.000
697000.000
677000.000
664200.000
663800.000
626600.000
626800.000
635200.000
612600.000
612800.000
625200.000
596600.000
602000.000
592800.000
588400.000
578400.000
558200.000
543800.000
545800.000
538200.000
537200.000
509200.000
498400.000
511400.000
478000.000
479400.000
470600.000
476600.000
459200.000
448600.000
436600.000
418800.000
416400.000
403400.000
387200.000
407800.000
366000.000
369400.000
339600.000
347400.000
330200.000
323200.000
313200.000
318000.000
291200.000
282600.000
264400.000
259400.000
257800.000
242800.000
238200.000
239600.000
230200.000
212800.000
195400.000
192200.000
167800.000
172800.000
162800.000
165400.000
166400.000
157000.000
145400.000
145200.000
135400.000
127000.000
119200.000
115800.000
119600.000
122600.000
135600.000
117400.000
118800.000
115600.000
112600.000
112200.000
115400.000
106800.000
113600.000
106200.000
105000.000
99200.000
97800.000
102600.000
110400.000
100600.000
102000.000
98400.000
103400.000
92600.000
92400.000
88800.000
92400.000
99600.000
96600.000
100000.000
87000.000
92800.000
87400.000
90600.000
88200.000
93800.000
84400.000
85800.000
91400.000
88800.000
86800.000
88800.000
80000.000
87400.000
92000.000
83600.000
87800.000
951200.000
918400.000
903600.000
941800.000
926400.000
916200.000
899200.000
906000.000
923800.000
895400.000
877600.000
884400.000
851800.000
880200.000
882000.000
863400.000
874800.000
867400.000
861600.000
884200.000
874400.000
872600.000
897600.000
874000.000
881000.000
883200.000
851000.000
870000.000
867400.000
863400.000
873200.000
838800.000
857000.000
853600.000
851200.000
886800.000
861200.000
802200.000
815200.000
816600.000
831600.000
809400.000
809000.000
839000.000
871800.000
852000.000
828000.000
809800.000
808400.000
810800.000
815600.000
816600.000
795000.000
804200.000
785200.000
787200.000
776600.000
775800.000
783600.000
773400.000
773400.000
781200.000
783600.000
786400.000
787000.000
788600.000
775800.000
776600.000
786600.000
744200.000
741800.000
716000.000
713600.000
701800.000
733600.000
712800.000
710200.000
717200.000
698400.000
689400.000
704400.000
699600.000
706200.000
707600.000
722600.000
721400.000
695200.000
661000.000
669600.000
632600.000
642400.000
631800.000
630400.000
636000.000
611200.000
595600.000
588000.000
602400.000
583400.000
557400.000
568800.000
540600.000
533800.000
544800.000
512400.000
515600.000
498400.000
489600.000
469000.000
481600.000
481200.000
443000.000
453800.000
427000.000
418000.000
427800.000
421600.000
381600.000
390000.000
375200.000
367600.000
359200.000
351000.000
337000.000
332600.000
328000.000
303400.000
307400.000
281200.000
301200.000
274600.000
268000.000
263000.000
248800.000
220200.000
224400.000
213000.000
211000.000
203000.000
185000.000
185200.000
173200.000
156200.000
151000.000
150800.000
145600.000
140800.000
129800.000
127800.000
129000.000
126000.000
126800.000
117000.000
112600.000
112400.000
105600.000
106600.000
111600.000
116800.000
119200.000
107800.000
107800.000
114200.000
109400.000
109800.000
102200.000
100400.000
101400.000
101400.000
96400.000
86800.000
101400.000
96000.000
97600.000
93800.000
97800.000
95400.000
89200.000
89600.000
92600.000
85600.000
89200.000
96200.000
87800.000
86200.000
89400.000
89200.000
85400.000
90400.000
85200.000
85800.000
88200.000
78000.000
80400.000
84000.000
84400.000
90000.000
82400.000
86600.000
79400.000
82800.000
921800.000
892800.000
932600.000
916000.000
908400.000
910400.000
912400.000
912600.000
919600.000
884000.000
888400.000
873600.000
887000.000
887600.000
872200.000
856800.000
857000.000
850000.000
863600.000
843400.000
869400.000
869200.000
861400.000
889200.000
854000.000
851000.000
847600.000
850400.000
832800.000
843400.000
865000.000
817800.000
833800.000
827000.000
845200.000
860200.000
849600.000
823400.000
806600.000
808000.000
821400.000
802600.000
835200.000
823400.000
816800.000
828200.000
823000.000
795200.000
821000.000
799000.000
805200.000
784800.000
772600.000
759800.000
756000.000
754800.000
779800.000
776600.000
780600.000
757600.000
743200.000
750600.000
752800.000
764000.000
753200.000
732000.000
755200.000
731000.000
762400.000
711000.000
719200.000
682200.000
684800.000
688000.000
677600.000
688800.000
688200.000
675400.000
706000.000
683200.000
687600.000
680200.000
656000.000
692400.000
667800.000
657200.000
654000.000
625800.000
612800.000
595400.000
602200.000
571400.000
591200.000
583200.000
567200.000
554800.000
524600.000
560400.000
556800.000
506200.000
502400.000
507200.000
490200.000
498400.000
463200.000
454000.000
442800.000
424400.000
415000.000
411200.000
401200.000
391800.000
395000.000
365000.000
376400.000
379600.000
358800.000
347800.000
339800.000
334200.000
315000.000
307000.000
307400.000
288800.000
282000.000
283400.000
274800.000
267000.000
274600.000
243600.000
229400.000
215400.000
217200.000
208800.000
193400.000
182600.000
172600.000
167000.000
149400.000
156800.000
148000.000
146800.000
127000.000
126600.000
133000.000
129200.000
125200.000
113600.000
123000.000
125400.000
127000.000
123000.000
108800.000
100800.000
110400.000
111200.000
107800.000
114000.000
104200.000
114400.000
114200.000
111400.000
99000.000
108200.000
105000.000
98600.000
98800.000
101000.000
94400.000
96200.000
91400.000
92000.000
97800.000
92200.000
94000.000
88600.000
99200.000
88600.000
89200.000
91400.000
85600.000
82600.000
86800.000
86400.000
89000.000
87800.000
85400.000
84000.000
85600.000
84000.000
78800.000
80600.000
80800.000
81400.000
91000.000
84200.000
89200.000
84600.000
86600.000
84000.000
83000.000
906600.000
870800.000
893200.000
916800.000
902400.000
892400.000
917000.000
904400.000
883000.000
873400.000
854200.000
863400.000
877800.000
834600.000
878600.000
857400.000
837000.000
815200.000
874600.000
862200.000
855200.000
868000.000
877800.000
842600.000
861600.000
852000.000
873000.000
837800.000
832800.000
814000.000
837800.000
838400.000
821200.000
830800.000
839600.000
808600.000
813600.000
792600.000
808000.000
811800.000
802000.000
824800.000
821800.000
782600.000
816400.000
797200.000
797000.000
793800.000
788600.000
789000.000
785000.000
784000.000
763200.000
762400.000
755800.000
754000.000
765600.000
740200.000
758800.000
718800.000
736200.000
749600.000
750800.000
726200.000
743600.000
719800.000
720200.000
715600.000
708600.000
704600.000
707800.000
688000.000
702000.000
671800.000
681200.000
660400.000
693200.000
648800.000
660800.000
676000.000
643800.000
665200.000
664800.000
648200.000
626600.000
602200.000
606600.000
603800.000
575800.000
580200.000
554000.000
568400.000
554400.000
539000.000
540600.000
507800.000
524400.000
505000.000
504400.000
490400.000
468400.000
471200.000
443200.000
435200.000
426000.000
411800.000
398200.000
404200.000
357600.000
367600.000
350600.000
355400.000
354200.000
342400.000
326600.000
331600.000
324600.000
326000.000
301000.000
297600.000
282200.000
275200.000
269600.000
251200.000
244000.000
236400.000
233200.000
226000.000
217600.000
204800.000
209200.000
184200.000
171200.000
165000.000
150600.000
151000.000
143600.000
133000.000
138600.000
132800.000
131600.000
121600.000
117400.000
127000.000
108200.000
112000.000
114000.000
116400.000
104400.000
111600.000
108000.000
111000.000
115400.000
112000.000
108400.000
105200.000
101400.000
114200.000
108200.000
106800.000
111400.000
102600.000
111600.000
105200.000
97200.000
95800.000
100200.000
97600.000
93400.000
95600.000
94200.000
88200.000
98200.000
93000.000
88600.000
90200.000
87400.000
86200.000
88200.000
88000.000
85800.000
80400.000
86600.000
83200.000
78400.000
77200.000
80800.000
75600.000
77600.000
81400.000
70200.000
83000.000
79400.000
76200.000
88200.000
86000.000
81400.000
85400.000
80600.000
87800.000
83000.000
904600.000
891600.000
898000.000
896800.000
878400.000
900200.000
887000.000
865600.000
869400.000
856800.000
855200.000
873800.000
845800.000
870600.000
847600.000
875200.000
839000.000
866600.000
829600.000
829200.000
862800.000
848600.000
852000.000
846200.000
833800.000
849600.000
816800.000
828600.000
820600.000
844800.000
811200.000
818000.000
788400.000
834200.000
834400.000
807800.000
813400.000
802200.000
805600.000
793000.000
825600.000
784800.000
795800.000
805000.000
808800.000
810600.000
808600.000
795000.000
782400.000
759200.000
769400.000
730600.000
753800.000
730400.000
741200.000
742600.000
734800.000
735800.000
744400.000
729200.000
743800.000
735600.000
733600.000
731000.000
733200.000
732800.000
712400.000
702200.000
697000.000
692000.000
689400.000
686600.000
658800.000
652000.000
646000.000
650000.000
644800.000
650200.000
653200.000
635800.000
625800.000
637800.000
623000.000
628600.000
615600.000
589800.000
590200.000
556200.000
550400.000
549800.000
512200.000
510600.000
501000.000
507200.000
471000.000
487600.000
462200.000
447000.000
453800.000
445000.000
407200.000
406400.000
412800.000
404600.000
408200.000
379800.000
364200.000
363200.000
343800.000
348400.000
343000.000
333400.000
310400.000
292800.000
294000.000
296400.000
309400.000
282200.000
273600.000
250600.000
241000.000
241600.000
227600.000
220400.000
225400.000
214000.000
201600.000
196800.000
183600.000
173800.000
161600.000
157600.000
144800.000
146800.000
139600.000
136400.000
139800.000
123600.000
122800.000
122600.000
122800.000
118000.000
108800.000
105400.000
112600.000
103400.000
111800.000
111800.000
102200.000
108600.000
109000.000
106800.000
100000.000
98000.000
104400.000
100200.000
94600.000
102800.000
101200.000
108800.000
104400.000
105400.000
101800.000
99000.000
91800.000
95800.000
98200.000
93600.000
97400.000
92200.000
90600.000
96400.000
98600.000
99200.000
86200.000
91400.000
91400.000
88000.000
88800.000
76600.000
84800.000
76800.000
81400.000
79200.000
79800.000
77200.000
74400.000
80200.000
81600.000
77200.000
81800.000
78000.000
80800.000
78000.000
85600.000
84600.000
85000.000
86800.000
84000.000
77200.000
81000.000
871800.000
856000.000
863400.000
875000.000
863200.000
846400.000
855200.000
861000.000
862400.000
857000.000
849800.000
827000.000
834000.000
860200.000
834400.000
825000.000
832600.000
812400.000
809800.000
831200.000
849600.000
834800.000
853200.000
824600.000
839000.000
801400.000
811000.000
798400.000
839000.000
807200.000
805800.000
829600.000
795200.000
803400.000
797400.000
772400.000
800800.000
791600.000
780000.000
798400.000
769200.000
772800.000
766200.000
784000.000
770800.000
792800.000
784000.000
786200.000
780200.000
756800.000
757200.000
753400.000
728600.000
736800.000
737800.000
725400.000
724600.000
725200.000
738800.000
712600.000
694000.000
688600.000
706600.000
700800.000
683400.000
713400.000
665400.000
703000.000
703200.000
660200.000
652200.000
630000.000
633200.000
619400.000
611000.000
620600.000
634200.000
617400.000
607400.000
610600.000
603400.000
617200.000
583400.000
574000.000
577000.000
562200.000
555400.000
524600.000
505800.000
495000.000
473800.000
475400.000
472000.000
469000.000
453400.000
442800.000
428200.000
431000.000
403000.000
408000.000
397200.000
364000.000
367400.000
363800.000
366200.000
336000.000
324600.000
305200.000
299400.000
304400.000
274400.000
282200.000
268600.000
269600.000
251400.000
258000.000
249600.000
236600.000
223200.000
221600.000
195800.000
192000.000
197800.000
173000.000
191000.000
165200.000
162000.000
156600.000
156000.000
142800.000
141800.000
131400.000
133800.000
127800.000
120400.000
116200.000
114800.000
111800.000
114400.000
97200.000
104400.000
110000.000
110200.000
105000.000
101400.000
107600.000
113600.000
109600.000
107400.000
108800.000
103200.000
100200.000
100200.000
103000.000
98200.000
93600.000
97000.000
103200.000
98600.000
101000.000
96000.000
97200.000
94200.000
100400.000
90400.000
87200.000
86000.000
90400.000
87400.000
88400.000
86800.000
84000.000
88400.000
80400.000
80200.000
91000.000
82800.000
85200.000
81800.000
82200.000
85000.000
79200.000
83400.000
78200.000
75400.000
75600.000
75000.000
73600.000
81600.000
76800.000
81600.000
79200.000
84400.000
77000.000
78200.000
78800.000
83000.000
75600.000
83400.000
78000.000
88200.000
845400.000
825600.000
853200.000
828400.000
840800.000
831800.000
851400.000
847600.000
836600.000
832600.000
834400.000
860800.000
823400.000
840600.000
837400.000
831000.000
827600.000
821800.000
839200.000
838800.000
829400.000
826400.000
816800.000
817400.000
816400.000
802000.000
800800.000
785200.000
813400.000
818000.000
790000.000
801600.000
797600.000
777600.000
787400.000
783400.000
793800.000
784000.000
758000.000
780200.000
750800.000
780000.000
750600.000
752800.000
770000.000
786200.000
740400.000
772000.000
739400.000
737600.000
739400.000
734600.000
716200.000
701600.000
695400.000
713400.000
699000.000
681600.000
702800.000
686400.000
689200.000
672000.000
670000.000
678600.000
672200.000
646000.000
665000.000
672600.000
625800.000
613200.000
627600.000
597400.000
606400.000
600600.000
588400.000
588000.000
590200.000
597400.000
577000.000
576600.000
558400.000
540800.000
532800.000
542000.000
510800.000
521800.000
494600.000
475600.000
467800.000
425800.000
431600.000
398000.000
406400.000
424000.000
383600.000
385600.000
388600.000
380800.000
368400.000
358200.000
340200.000
329600.000
318200.000
312400.000
299200.000
303800.000
295800.000
282400.000
273800.000
237600.000
226600.000
237200.000
222200.000
214200.000
198000.000
217600.000
211200.000
193200.000
195400.000
182600.000
171800.000
182200.000
164200.000
163600.000
151600.000
147200.000
145600.000
138400.000
141800.000
141200.000
131800.000
122400.000
122800.000
122400.000
118400.000
122200.000
121400.000
105000.000
113200.000
111400.000
113400.000
118000.000
114000.000
105800.000
107400.000
104800.000
104200.000
102200.000
112600.000
102600.000
100400.000
97400.000
109400.000
100800.000
100400.000
95400.000
106000.000
93600.000
103600.000
92600.000
95600.000
97200.000
85600.000
91200.000
87600.000
78800.000
90000.000
93800.000
84600.000
93600.000
94000.000
90000.000
84400.000
85000.000
80800.000
82800.000
89600.000
81400.000
77400.000
79600.000
79200.000
84200.000
87200.000
75800.000
81400.000
83400.000
74200.000
75800.000
78600.000
84000.000
75600.000
79200.000
81600.000
80600.000
78800.000
80600.000
82600.000
82400.000
83600.000
78400.000
80800.000
828800.000
826200.000
820600.000
834200.000
824400.000
837600.000
846200.000
834000.000
844800.000
829600.000
801400.000
813600.000
816400.000
810800.000
835400.000
807600.000
822800.000
790200.000
802000.000
805400.000
806600.000
817800.000
803800.000
796800.000
818000.000
791400.000
797200.000
795000.000
779200.000
798400.000
781200.000
790400.000
782200.000
771400.000
774400.000
766600.000
770000.000
767200.000
784200.000
762400.000
750000.000
743000.000
728000.000
747800.000
754400.000
760200.000
746400.000
745200.000
708600.000
704600.000
699400.000
694600.000
680200.000
704200.000
677200.000
677600.000
656400.000
689800.000
672600.000
673600.000
658400.000
626800.000
645800.000
636400.000
644800.000
622000.000
629400.000
639600.000
615200.000
601200.000
605000.000
582400.000
552600.000
572800.000
567000.000
555400.000
557400.000
519800.000
526600.000
517800.000
503400.000
499200.000
472000.000
467600.000
484600.000
448200.000
450000.000
434600.000
402800.000
397600.000
374200.000
373400.000
364400.000
344600.000
346600.000
345400.000
335000.000
341400.000
319600.000
307600.000
299200.000
284200.000
267800.000
268600.000
265600.000
268600.000
263200.000
229000.000
213600.000
212600.000
210200.000
204000.000
183600.000
178400.000
173800.000
172000.000
174000.000
159200.000
155000.000
156600.000
132400.000
140400.000
128600.000
136200.000
134200.000
131400.000
139800.000
127400.000
122200.000
125200.000
113600.000
119000.000
113600.000
113600.000
116000.000
107400.000
103800.000
112800.000
109400.000
102000.000
110000.000
102200.000
94000.000
100600.000
107400.000
94600.000
96600.000
100600.000
96400.000
93800.000
90400.000
89600.000
102400.000
94600.000
90800.000
98200.000
97800.000
83800.000
86000.000
93200.000
94400.000
88200.000
81000.000
85400.000
87200.000
87200.000
91000.000
83200.000
80000.000
81800.000
85200.000
76800.000
78800.000
81400.000
78600.000
81800.000
89600.000
78400.000
78200.000
81000.000
68600.000
77400.000
75000.000
81000.000
75800.000
72600.000
69600.000
72000.000
71600.000
68400.000
77000.000
72400.000
76200.000
75800.000
76000.000
72000.000
70000.000
78000.000
73000.000
74000.000
76600.000
813400.000
841000.000
834800.000
839200.000
812400.000
808200.000
815000.000
827600.000
818000.000
823800.000
810400.000
811800.000
808000.000
808000.000
805800.000
790800.000
805200.000
816600.000
806600.000
791000.000
803800.000
810800.000
790800.000
779800.000
769200.000
763200.000
793600.000
777600.000
777000.000
774000.000
771800.000
765600.000
770000.000
758400.000
746600.000
777400.000
726800.000
746600.000
742200.000
757000.000
765000.000
759400.000
732600.000
731800.000
732200.000
720200.000
712200.000
736000.000
718400.000
722600.000
689200.000
694000.000
691600.000
665200.000
665400.000
658200.000
658000.000
665600.000
674800.000
638600.000
647200.000
624200.000
624800.000
623600.000
618400.000
610000.000
619000.000
579000.000
617200.000
588800.000
557000.000
561400.000
535200.000
553400.000
514000.000
522000.000
494200.000
510800.000
479600.000
491800.000
461800.000
466800.000
449600.000
429600.000
426200.000
408200.000
403800.000
386000.000
370800.000
349000.000
359200.000
341800.000
316000.000
307800.000
291000.000
319200.000
306400.000
307400.000
287200.000
270600.000
253800.000
240000.000
219400.000
214600.000
236000.000
229200.000
192000.000
197200.000
170600.000
168800.000
168000.000
170000.000
147600.000
151400.000
141800.000
137800.000
138000.000
141800.000
146200.000
137800.000
128000.000
122800.000
122400.000
123200.000
127800.000
121400.000
122200.000
123400.000
112200.000
114000.000
111400.000
108600.000
115600.000
105200.000
113000.000
107600.000
114200.000
108400.000
103600.000
117200.000
107600.000
106800.000
99600.000
101600.000
97200.000
101800.000
96800.000
91600.000
98200.000
96000.000
93600.000
91400.000
84600.000
92200.000
96400.000
90400.000
89000.000
84800.000
97400.000
90600.000
88600.000
88000.000
86800.000
84600.000
82400.000
80000.000
74800.000
85800.000
85200.000
74400.000
84000.000
81000.000
74200.000
78800.000
87000.000
78400.000
85400.000
78000.000
82600.000
73200.000
85800.000
81000.000
86000.000
78200.000
76000.000
79200.000
73800.000
75000.000
80200.000
72000.000
78400.000
73600.000
77600.000
74600.000
79800.000
69600.000
75600.000
72800.000
80000.000
74400.000
72800.000
797800.000
806800.000
810600.000
811000.000
828000.000
845800.000
823000.000
834800.000
801600.000
826200.000
804000.000
806400.000
821000.000
827800.000
786000.000
811400.000
807000.000
798000.000
780000.000
784800.000
795200.000
797600.000
806600.000
801200.000
787400.000
791400.000
780000.000
758800.000
758600.000
756800.000
743600.000
732600.000
739800.000
731800.000
759600.000
735400.000
722000.000
755600.000
731400.000
734400.000
719400.000
752600.000
717200.000
704200.000
708000.000
726400.000
718400.000
703400.000
687800.000
685000.000
653600.000
677800.000
654000.000
634400.000
654000.000
642600.000
649400.000
663200.000
648000.000
632600.000
605400.000
602800.000
586000.000
576400.000
597800.000
595600.000
580400.000
571200.000
549600.000
569200.000
543800.000
534400.000
510600.000
529200.000
462000.000
471200.000
450400.000
438800.000
436200.000
448800.000
429800.000
412600.000
432600.000
399400.000
384600.000
372600.000
395000.000
341800.000
343000.000
327800.000
313600.000
287400.000
292400.000
284000.000
255800.000
260000.000
277600.000
261200.000
255400.000
225200.000
217400.000
203600.000
200400.000
194000.000
197600.000
191200.000
177800.000
158600.000
141200.000
149400.000
153000.000
139000.000
130800.000
141200.000
143400.000
128000.000
127800.000
114000.000
114200.000
118600.000
128000.000
120200.000
125000.000
117600.000
126000.000
116400.000
119000.000
120200.000
118400.000
123600.000
111000.000
108800.000
107600.000
103000.000
108000.000
115600.000
102800.000
108200.000
114600.000
113200.000
101800.000
107400.000
99000.000
99800.000
89400.000
98000.000
93600.000
95400.000
90600.000
90200.000
88600.000
82600.000
81800.000
87800.000
84200.000
84800.000
87400.000
91800.000
74600.000
81600.000
86800.000
79800.000
85200.000
78600.000
69200.000
83600.000
83400.000
87200.000
81800.000
71800.000
76600.000
78400.000
73400.000
78400.000
71000.000
80400.000
72000.000
79000.000
79800.000
79400.000
83800.000
79800.000
82600.000
77200.000
77200.000
72200.000
72400.000
77600.000
81600.000
75400.000
77800.000
67800.000
74000.000
79600.000
72800.000
74400.000
79200.000
72400.000
69200.000
77600.000
71400.000
798600.000
774200.000
783800.000
781600.000
796400.000
808400.000
804000.000
823000.000
801000.000
793200.000
802200.000
781600.000
801200.000
796200.000
765600.000
772000.000
779000.000
789600.000
778600.000
775000.000
763000.000
777200.000
760800.000
769200.000
775800.000
752400.000
742200.000
744400.000
743000.000
732600.000
721200.000
725600.000
725400.000
707800.000
691200.000
738200.000
719800.000
703000.000
709400.000
713000.000
708600.000
718200.000
692600.000
678400.000
667200.000
676000.000
662400.000
657800.000
669800.000
637400.000
652800.000
632600.000
629000.000
623200.000
599600.000
619200.000
604600.000
620400.000
604000.000
591800.000
599400.000
563200.000
553800.000
559400.000
561800.000
550400.000
524200.000
521000.000
509600.000
521800.000
504000.000
489000.000
451600.000
457000.000
447000.000
426200.000
414000.000
412400.000
393800.000
397000.000
381000.000
377600.000
352400.000
360800.000
341000.000
326800.000
322000.000
305200.000
293000.000
284000.000
270600.000
246600.000
243000.000
217000.000
208000.000
208000.000
203400.000
210600.000
193800.000
193400.000
170000.000
161000.000
152200.000
156000.000
162200.000
144000.000
141400.000
138400.000
126200.000
129600.000
130400.000
121200.000
124000.000
121400.000
118200.000
109800.000
116400.000
116800.000
108800.000
117400.000
122000.000
109800.000
121400.000
122000.000
114400.000
117200.000
123000.000
114400.000
114800.000
103400.000
110400.000
110800.000
123600.000
115800.000
97200.000
100800.000
104200.000
98400.000
95800.000
99600.000
90400.000
102800.000
98600.000
93000.000
89600.000
91600.000
95400.000
82200.000
95200.000
84800.000
82400.000
88200.000
89000.000
84400.000
89600.000
84200.000
88400.000
89800.000
87600.000
89000.000
82800.000
81000.000
77400.000
75600.000
82600.000
75600.000
76600.000
78200.000
72200.000
80600.000
85000.000
80000.000
79600.000
75400.000
78600.000
90800.000
84000.000
76000.000
79400.000
77800.000
78000.000
73800.000
77800.000
75800.000
72800.000
79400.000
73600.000
71000.000
78200.000
82400.000
78400.000
74600.000
79000.000
79600.000
71600.000
72000.000
72800.000
74000.000
67400.000
66000.000
71000.000
782800.000
787800.000
773000.000
785400.000
811600.000
810800.000
787400.000
788600.000
786800.000
804200.000
788600.000
795400.000
770000.000
748200.000
749600.000
749000.000
732000.000
757800.000
745800.000
756400.000
746600.000
759400.000
760800.000
752400.000
748000.000
763400.000
744800.000
724200.000
721800.000
726200.000
694600.000
719800.000
673200.000
678200.000
695600.000
680600.000
690200.000
682400.000
689000.000
670400.000
686400.000
683800.000
666800.000
638000.000
626800.000
640800.000
640200.000
632400.000
628400.000
609600.000
608400.000
614800.000
597600.000
585000.000
598600.000
591400.000
572000.000
574200.000
567400.000
556200.000
536800.000
542000.000
518800.000
509000.000
496600.000
513800.000
496000.000
479400.000
483800.000
493800.000
449600.000
417400.000
411200.000
397800.000
393800.000
382000.000
376600.000
362200.000
345600.000
341000.000
336000.000
341400.000
307400.000
311200.000
314000.000
300800.000
294600.000
268000.000
257600.000
241400.000
229400.000
225000.000
200000.000
189200.000
176800.000
173600.000
169600.000
172600.000
155200.000
141400.000
138600.000
137800.000
136200.000
140600.000
131800.000
131000.000
131600.000
129000.000
123200.000
132400.000
130400.000
123200.000
114600.000
121600.000
116000.000
119200.000
105200.000
115400.000
114200.000
111000.000
109200.000
116400.000
114600.000
113800.000
110400.000
109400.000
107200.000
109800.000
114800.000
113200.000
105600.000
113200.000
112000.000
101200.000
114200.000
106200.000
93400.000
96800.000
94400.000
93800.000
89600.000
93200.000
97600.000
87400.000
91800.000
90000.000
78600.000
92400.000
87400.000
82200.000
87600.000
80600.000
86400.000
80400.000
84800.000
80400.000
77600.000
75600.000
78600.000
76000.000
75600.000
74400.000
75600.000
76600.000
79600.000
75600.000
75000.000
77600.000
82000.000
79000.000
82600.000
74600.000
79800.000
70600.000
75600.000
76800.000
75800.000
77400.000
74400.000
77400.000
75200.000
74000.000
71800.000
78000.000
74200.000
69400.000
72400.000
62600.000
64800.000
71800.000
73600.000
75200.000
77200.000
74000.000
65600.000
76400.000
70600.000
69200.000
70000.000
76200.000
72400.000
785200.000
767200.000
772200.000
795400.000
777800.000
782600.000
785200.000
802800.000
798600.000
787800.000
774200.000
761000.000
737400.000
747800.000
759800.000
748600.000
744200.000
739200.000
734200.000
744800.000
757200.000
732000.000
748200.000
741000.000
757000.000
750400.000
739600.000
752000.000
716000.000
699000.000
702400.000
672000.000
688400.000
691600.000
696800.000
680800.000
687800.000
666200.000
696400.000
676800.000
667200.000
656000.000
663600.000
649600.000
635600.000
619800.000
608200.000
598600.000
589600.000
586400.000
585800.000
577800.000
577600.000
587200.000
565400.000
558200.000
565000.000
557200.000
558600.000
558600.000
536200.000
525000.000
482600.000
503400.000
490200.000
487600.000
473000.000
443200.000
433000.000
446400.000
421800.000
398800.000
390800.000
368600.000
373400.000
345000.000
350400.000
317000.000
328400.000
299400.000
310200.000
289400.000
273000.000
261800.000
277000.000
248600.000
239800.000
245400.000
223400.000
219800.000
208600.000
187000.000
175800.000
152600.000
145800.000
140000.000
146000.000
137200.000
140000.000
137000.000
122200.000
116600.000
125400.000
116200.000
120600.000
123400.000
112600.000
118600.000
122600.000
110800.000
109000.000
114800.000
115200.000
108000.000
110800.000
117200.000
116200.000
113000.000
106200.000
106000.000
108000.000
106600.000
115200.000
105200.000
119200.000
111600.000
111800.000
101400.000
102600.000
100800.000
104000.000
96400.000
105200.000
93400.000
95600.000
100400.000
103800.000
95600.000
102200.000
88800.000
100200.000
90000.000
96400.000
82400.000
87000.000
86800.000
86200.000
82600.000
85000.000
87000.000
84800.000
80000.000
79600.000
81800.000
74600.000
86000.000
82600.000
79800.000
82600.000
84000.000
82800.000
80400.000
83600.000
81000.000
73600.000
74600.000
81400.000
78200.000
84400.000
79800.000
82800.000
78600.000
78200.000
76600.000
82400.000
80800.000
75600.000
81800.000
74000.000
71000.000
75000.000
76400.000
69800.000
74400.000
71600.000
75400.000
78600.000
79600.000
73200.000
69400.000
73800.000
75000.000
72200.000
68400.000
71800.000
73600.000
63600.000
71000.000
73800.000
70000.000
69400.000
772800.000
793000.000
771600.000
751600.000
784000.000
775600.000
789000.000
783400.000
761600.000
775200.000
758000.000
748600.000
740200.000
752600.000
724600.000
734400.000
734800.000
737000.000
732600.000
751400.000
726000.000
740000.000
710400.000
705000.000
710200.000
736200.000
704000.000
714800.000
694800.000
681800.000
666800.000
674600.000
639400.000
653000.000
632400.000
631200.000
637200.000
643400.000
630600.000
626800.000
624600.000
610400.000
599600.000
604000.000
577000.000
563000.000
599800.000
543200.000
556800.000
568200.000
555200.000
549200.000
534400.000
527200.000
511000.000
511400.000
514000.000
522200.000
514000.000
499200.000
486600.000
480000.000
456000.000
436800.000
447000.000
429800.000
415600.000
407600.000
399600.000
402000.000
392000.000
377400.000
343000.000
320200.000
321200.000
320000.000
287000.000
284200.000
276400.000
257800.000
238200.000
254200.000
225000.000
222600.000
227400.000
212000.000
216800.000
207000.000
186800.000
188400.000
181600.000
156600.000
153400.000
135000.000
142600.000
129600.000
126200.000
132400.000
126600.000
123200.000
126200.000
117000.000
112600.000
113800.000
110600.000
128000.000
117400.000
116400.000
112000.000
114400.000
122600.000
111000.000
108600.000
119400.000
106400.000
111800.000
112600.000
104400.000
109000.000
114600.000
114600.000
106400.000
103600.000
99000.000
104400.000
103000.000
102000.000
112800.000
99200.000
100200.000
105600.000
94400.000
102400.000
100400.000
91200.000
94800.000
89600.000
98000.000
95800.000
91200.000
87000.000
79600.000
85200.000
83000.000
79600.000
83600.000
74200.000
78600.000
84600.000
86400.000
82200.000
73400.000
79600.000
85000.000
74800.000
74200.000
74800.000
83600.000
75800.000
78400.000
73800.000
76400.000
79600.000
83000.000
78000.000
78600.000
79200.000
73600.000
85600.000
75800.000
77600.000
67200.000
82600.000
82400.000
77200.000
77000.000
73200.000
72000.000
75600.000
76000.000
72600.000
75000.000
72000.000
74400.000
62000.000
66400.000
73600.000
75200.000
66800.000
71200.000
76600.000
67600.000
65600.000
70200.000
66600.000
68200.000
64600.000
68200.000
70000.000
65800.000
75400.000
768000.000
754400.000
758600.000
756000.000
758800.000
791000.000
759800.000
763800.000
764600.000
752000.000
771800.000
736800.000
733600.000
752200.000
703600.000
710600.000
695800.000
698200.000
696600.000
705600.000
697600.000
692800.000
709800.000
697000.000
686000.000
692600.000
687800.000
689600.000
666200.000
667600.000
685400.000
655200.000
619400.000
629000.000
609200.000
618800.000
612200.000
593200.000
602800.000
610800.000
589600.000
601000.000
570800.000
546600.000
555600.000
545800.000
539800.000
521800.000
542000.000
517200.000
518400.000
488800.000
504600.000
475000.000
470000.000
471400.000
469800.000
466400.000
458600.000
442800.000
443800.000
436400.000
415800.000
413600.000
402200.000
394000.000
391800.000
371200.000
345200.000
337200.000
342600.000
320200.000
309800.000
309400.000
285200.000
278800.000
281800.000
259400.000
237400.000
214400.000
202200.000
190200.000
179000.000
184600.000
175200.000
162000.000
171800.000
158400.000
150000.000
154400.000
148000.000
135800.000
141000.000
130400.000
122800.000
119400.000
127400.000
122000.000
113600.000
116800.000
119400.000
114600.000
118600.000
125000.000
114800.000
116400.000
109000.000
111400.000
117600.000
108000.000
113800.000
114400.000
109400.000
109800.000
105800.000
115600.000
106800.000
101200.000
97600.000
104600.000
102200.000
102200.000
107800.000
109000.000
95000.000
108000.000
112800.000
100200.000
95200.000
91600.000
95200.000
100600.000
93200.000
89600.000
91200.000
82200.000
95000.000
95600.000
91800.000
82800.000
85400.000
80400.000
78800.000
84000.000
74400.000
88200.000
73800.000
79400.000
73200.000
70400.000
77800.000
76600.000
74800.000
84400.000
84800.000
85000.000
83200.000
78000.000
82400.000
80400.000
77000.000
74400.000
80600.000
79400.000
70600.000
84800.000
75000.000
84000.000
76800.000
82200.000
75200.000
71400.000
77000.000
75600.000
67000.000
78200.000
77200.000
73400.000
73200.000
75400.000
75600.000
76400.000
69600.000
70600.000
73400.000
77400.000
72600.000
72000.000
70600.000
69200.000
68000.000
73200.000
67600.000
68800.000
72000.000
73000.000
68800.000
62400.000
68000.000
65200.000
72400.000
751400.000
730000.000
754800.000
731600.000
753400.000
738400.000
743000.000
739200.000
723800.000
729800.000
730400.000
722400.000
716000.000
691200.000
679200.000
681200.000
676400.000
668400.000
673800.000
679800.000
684600.000
667200.000
664000.000
651800.000
652600.000
661600.000
662200.000
631200.000
652000.000
639800.000
615600.000
594200.000
573400.000
579200.000
584000.000
588600.000
561000.000
563600.000
568000.000
550400.000
536800.000
530000.000
529000.000
487800.000
504800.000
509800.000
510000.000
496600.000
461600.000
469200.000
447600.000
463200.000
442400.000
427200.000
452400.000
425400.000
412200.000
400000.000
406000.000
400000.000
400200.000
379600.000
385800.000
361600.000
346600.000
324200.000
341800.000
336200.000
301200.000
306400.000
281600.000
279600.000
264400.000
265000.000
246800.000
243200.000
226600.000
203600.000
174400.000
162000.000
156800.000
149800.000
142200.000
147400.000
148000.000
136800.000
135400.000
124400.000
117200.000
130200.000
127000.000
125400.000
116200.000
121200.000
116400.000
121800.000
113400.000
116200.000
114400.000
114400.000
114000.000
111800.000
112200.000
117600.000
124800.000
105400.000
105000.000
115200.000
109800.000
112400.000
104800.000
100200.000
106600.000
107000.000
105800.000
105800.000
102600.000
103000.000
95600.000
98000.000
102600.000
96200.000
108800.000
102800.000
103200.000
97600.000
98600.000
95600.000
94400.000
89600.000
94200.000
91800.000
85000.000
84600.000
91200.000
81000.000
87400.000
90200.000
88000.000
79000.000
75600.000
74800.000
75000.000
75800.000
77400.000
80200.000
75400.000
81000.000
75600.000
79000.000
75000.000
81200.000
75400.000
75000.000
75400.000
76400.000
69800.000
83800.000
80200.000
74200.000
73600.000
76600.000
78400.000
72400.000
66800.000
79600.000
79600.000
69600.000
73800.000
75200.000
75800.000
75200.000
71600.000
78400.000
71400.000
68600.000
67000.000
78000.000
67200.000
77600.000
73400.000
79600.000
65800.000
71000.000
68000.000
66600.000
70600.000
71200.000
64200.000
68000.000
66400.000
65600.000
59800.000
66800.000
66400.000
68600.000
63400.000
66600.000
67000.000
66600.000
61400.000
732600.000
721000.000
710600.000
717200.000
737600.000
716600.000
737200.000
724400.000
740200.000
727000.000
687200.000
694000.000
673400.000
664800.000
647400.000
678600.000
651000.000
663600.000
664600.000
655200.000
654800.000
638000.000
637600.000
625600.000
629800.000
629400.000
622000.000
606400.000
629800.000
603600.000
593200.000
586400.000
580600.000
566200.000
550800.000
522000.000
517600.000
541600.000
504400.000
514200.000
515000.000
509000.000
492400.000
487000.000
476800.000
464200.000
453800.000
426400.000
435200.000
433600.000
416800.000
411400.000
403200.000
389400.000
385200.000
389400.000
383400.000
360600.000
365800.000
371600.000
369000.000
331800.000
346000.000
326800.000
315200.000
302600.000
287000.000
289000.000
273000.000
288400.000
272000.000
245600.000
240600.000
243600.000
220000.000
203200.000
196600.000
178000.000
162000.000
131800.000
139000.000
136600.000
127800.000
137000.000
130800.000
126200.000
132200.000
122400.000
122000.000
117400.000
123600.000
130400.000
111800.000
128800.000
116200.000
114000.000
118000.000
108600.000
117400.000
114600.000
116000.000
109400.000
112600.000
112600.000
114400.000
102800.000
114600.000
105000.000
100600.000
109200.000
109000.000
106200.000
99800.000
105400.000
95200.000
105200.000
95800.000
93400.000
102200.000
110000.000
95800.000
97600.000
100800.000
102000.000
91800.000
92800.000
89200.000
86400.000
90000.000
92800.000
89000.000
84000.000
93600.000
77800.000
87200.000
87600.000
74600.000
75200.000
81200.000
75400.000
75000.000
83000.000
80400.000
77400.000
82400.000
71000.000
73400.000
76800.000
82800.000
73200.000
71400.000
72000.000
74000.000
86400.000
82400.000
74200.000
75800.000
83600.000
80600.000
77000.000
77800.000
76000.000
72400.000
76800.000
73000.000
78000.000
74800.000
74200.000
78800.000
77800.000
74200.000
73000.000
69600.000
72400.000
72200.000
73400.000
77600.000
72200.000
70400.000
69800.000
68400.000
65000.000
68800.000
72000.000
70000.000
71000.000
65800.000
64200.000
67800.000
71600.000
71200.000
69800.000
74400.000
74400.000
70600.000
68000.000
63200.000
69000.000
72200.000
71000.000
72000.000
710200.000
700400.000
694800.000
712400.000
692200.000
712600.000
705000.000
707400.000
709000.000
721200.000
667800.000
665000.000
649400.000
649400.000
654600.000
625400.000
639600.000
642600.000
615400.000
639400.000
622600.000
626200.000
587800.000
612000.000
607600.000
582800.000
601600.000
574800.000
579600.000
549000.000
567200.000
562600.000
531200.000
508400.000
509400.000
519600.000
482400.000
495200.000
472200.000
488600.000
457000.000
454600.000
446800.000
448600.000
426600.000
397800.000
412200.000
413200.000
386800.000
381600.000
391600.000
357000.000
359800.000
360200.000
350800.000
338200.000
342400.000
331800.000
331000.000
339800.000
320200.000
310000.000
293800.000
292000.000
283000.000
281600.000
255600.000
264000.000
259800.000
242000.000
232800.000
216800.000
199200.000
193800.000
172000.000
175000.000
155200.000
145800.000
137800.000
127000.000
129600.000
126600.000
126400.000
113800.000
130400.000
124000.000
116800.000
121200.000
122600.000
122600.000
102600.000
118200.000
124000.000
113600.000
106200.000
106600.000
108200.000
109800.000
105600.000
106400.000
110200.000
111200.000
99800.000
99600.000
108600.000
99200.000
103800.000
107000.000
91000.000
104000.000
94200.000
91200.000
99000.000
107000.000
99400.000
95200.000
97600.000
93600.000
99200.000
92000.000
100400.000
99400.000
85600.000
89600.000
94200.000
91600.000
85600.000
84000.000
86400.000
79400.000
85800.000
85800.000
73800.000
82200.000
74800.000
71600.000
74800.000
78600.000
78400.000
73600.000
74600.000
76800.000
69800.000
74400.000
70800.000
81000.000
70800.000
75800.000
77400.000
74800.000
78400.000
77600.000
74000.000
75600.000
75800.000
70200.000
73400.000
66400.000
79400.000
76600.000
67600.000
74200.000
77400.000
72600.000
69600.000
75200.000
67800.000
79400.000
75600.000
68400.000
70800.000
72000.000
71200.000
69800.000
73600.000
66200.000
69200.000
68800.000
71800.000
61800.000
70000.000
67600.000
73200.000
62000.000
67000.000
65200.000
73800.000
63200.000
61200.000
62800.000
66200.000
64000.000
63200.000
65600.000
63600.000
63600.000
63400.000
67200.000
65000.000
70400.000
66400.000
684000.000
674200.000
695600.000
664200.000
685600.000
678000.000
693600.000
672000.000
678800.000
660600.000
671400.000
656200.000
631600.000
641800.000
637400.000
614400.000
630600.000
592000.000
610400.000
612000.000
618400.000
590000.000
584800.000
596400.000
566400.000
550400.000
565200.000
565400.000
548400.000
540600.000
522800.000
501000.000
494800.000
479000.000
487600.000
448200.000
467200.000
457800.000
457000.000
442800.000
433400.000
418000.000
404600.000
398000.000
388400.000
393200.000
385000.000
360000.000
350000.000
354200.000
336000.000
334200.000
336600.000
311600.000
305000.000
303600.000
310200.000
287000.000
294200.000
279000.000
269200.000
261000.000
254800.000
249600.000
260600.000
236600.000
235800.000
227400.000
205600.000
205600.000
200600.000
176000.000
178000.000
174200.000
145000.000
146800.000
134800.000
128000.000
124800.000
111800.000
121200.000
121600.000
113600.000
127800.000
121600.000
122000.000
115600.000
108200.000
105600.000
105200.000
123800.000
117600.000
111800.000
116600.000
111600.000
116000.000
99200.000
112800.000
101400.000
99600.000
102800.000
106400.000
99800.000
107200.000
107800.000
100200.000
95600.000
103800.000
104200.000
103000.000
100800.000
102400.000
98200.000
100800.000
89800.000
91200.000
101000.000
90000.000
96800.000
92400.000
89800.000
92800.000
88400.000
89800.000
88000.000
85400.000
83200.000
87400.000
85200.000
91200.000
89400.000
80400.000
77200.000
82800.000
77000.000
79000.000
78400.000
75000.000
80400.000
75800.000
73000.000
77800.000
78000.000
75000.000
73200.000
81800.000
76200.000
73400.000
78800.000
72600.000
71800.000
77200.000
82600.000
81000.000
89200.000
72400.000
69400.000
74000.000
77600.000
74400.000
74000.000
72000.000
67600.000
75000.000
77800.000
71000.000
74000.000
72800.000
69800.000
79400.000
71600.000
74400.000
60400.000
75800.000
72400.000
71000.000
63000.000
64200.000
68400.000
64000.000
70200.000
70000.000
69600.000
67600.000
73400.000
68000.000
69200.000
67400.000
71200.000
71000.000
68200.000
67800.000
71200.000
66600.000
60600.000
66800.000
62600.000
65600.000
65800.000
67200.000
70400.000
664600.000
668200.000
670000.000
642800.000
646600.000
653200.000
648000.000
643800.000
636600.000
636200.000
631400.000
620000.000
609400.000
584200.000
598800.000
578200.000
600200.000
578800.000
567600.000
568200.000
554800.000
547200.000
542600.000
549600.000
522000.000
518000.000
493600.000
484200.000
489000.000
478400.000
451200.000
430400.000
444200.000
430600.000
426200.000
418800.000
409800.000
386200.000
364000.000
372600.000
359400.000
340400.000
338400.000
345000.000
332000.000
330800.000
335600.000
317600.000
309600.000
300200.000
296200.000
287800.000
274600.000
268200.000
259600.000
262800.000
270200.000
243600.000
239000.000
218800.000
209800.000
202600.000
214400.000
212000.000
213800.000
206000.000
202000.000
182600.000
166400.000
166400.000
148400.000
140400.000
141000.000
133400.000
121600.000
128600.000
124000.000
117800.000
121600.000
126800.000
110200.000
111000.000
114400.000
106000.000
106000.000
109800.000
109600.000
103400.000
118400.000
119600.000
104200.000
105600.000
100600.000
117800.000
109400.000
93400.000
107200.000
97800.000
105600.000
98000.000
93400.000
100400.000
97800.000
108400.000
94000.000
100200.000
103600.000
91000.000
101800.000
89400.000
93000.000
90800.000
93600.000
93400.000
87400.000
85400.000
84600.000
88600.000
86800.000
85800.000
85400.000
84000.000
81600.000
83000.000
79400.000
76200.000
75600.000
72000.000
74200.000
80600.000
75200.000
66400.000
76200.000
77400.000
73000.000
78400.000
72600.000
73400.000
70800.000
70800.000
77200.000
73000.000
70600.000
78600.000
76400.000
73600.000
67400.000
70400.000
74600.000
69600.000
82600.000
80000.000
77200.000
82200.000
77000.000
70000.000
69800.000
73800.000
73800.000
70600.000
73800.000
67200.000
63200.000
67600.000
65800.000
68600.000
66800.000
65200.000
73400.000
65600.000
76400.000
71400.000
71400.000
67000.000
63600.000
60800.000
68200.000
63200.000
65400.000
64800.000
67000.000
65400.000
64600.000
70000.000
66600.000
65600.000
56000.000
63000.000
69200.000
62800.000
60800.000
69000.000
57800.000
56600.000
62200.000
64200.000
64800.000
68200.000
66000.000
67000.000
64200.000
625400.000
637400.000
643800.000
626200.000
629200.000
631000.000
618400.000
610200.000
630600.000
587600.000
603400.000
596800.000
589000.000
574200.000
577200.000
567600.000
576800.000
569600.000
542600.000
519000.000
515800.000
497000.000
500600.000
483200.000
482600.000
470600.000
438600.000
436600.000
421800.000
423400.000
412000.000
416800.000
407400.000
380800.000
380000.000
368000.000
351000.000
344400.000
339200.000
343800.000
330000.000
329800.000
323800.000
311400.000
302600.000
286800.000
261400.000
277600.000
264600.000
268000.000
271200.000
253600.000
239800.000
230800.000
227800.000
228800.000
216200.000
209200.000
190000.000
184000.000
189000.000
167600.000
167400.000
183200.000
181200.000
178200.000
183800.000
169200.000
148000.000
145200.000
137200.000
117600.000
119400.000
117200.000
123200.000
118400.000
119600.000
115600.000
107600.000
103000.000
113400.000
111000.000
106800.000
114800.000
109800.000
112200.000
111600.000
121200.000
109400.000
114400.000
106200.000
106600.000
106600.000
104600.000
100400.000
105000.000
103400.000
101600.000
109000.000
106000.000
110200.000
102800.000
96200.000
100600.000
100400.000
97000.000
105800.000
97200.000
91400.000
96600.000
87800.000
94400.000
94800.000
87600.000
86800.000
77600.000
87000.000
81400.000
90800.000
83400.000
95000.000
80800.000
77000.000
80400.000
80200.000
84800.000
72200.000
74400.000
77400.000
77400.000
75800.000
75800.000
77000.000
77800.000
68400.000
75800.000
69000.000
77200.000
70200.000
77000.000
68600.000
78600.000
73800.000
74600.000
75600.000
75400.000
80800.000
73000.000
78200.000
75200.000
78000.000
77400.000
80200.000
82200.000
76800.000
75200.000
74200.000
70800.000
70800.000
65000.000
67400.000
70400.000
67200.000
70000.000
75200.000
68600.000
69000.000
66800.000
67200.000
64400.000
66400.000
68200.000
66000.000
70200.000
64000.000
67400.000
69800.000
66400.000
71800.000
70000.000
69800.000
65600.000
68200.000
67200.000
74400.000
64400.000
72400.000
65400.000
63800.000
65600.000
61600.000
63400.000
64800.000
62000.000
64000.000
65000.000
72600.000
60400.000
68200.000
68800.000
67600.000
612400.000
604400.000
594800.000
602400.000
614600.000
594400.000
599000.000
590200.000
578800.000
587600.000
561000.000
552000.000
541200.000
543400.000
526000.000
517600.000
509400.000
530400.000
508600.000
494800.000
471400.000
487800.000
451800.000
426800.000
440400.000
408000.000
401800.000
390800.000
391000.000
385800.000
370600.000
361400.000
360600.000
356600.000
331600.000
325200.000
322200.000
310800.000
307400.000
298000.000
287000.000
270400.000
271400.000
266600.000
265400.000
257000.000
249400.000
238000.000
221800.000
223600.000
227800.000
206800.000
201000.000
182600.000
183400.000
177800.000
188000.000
168200.000
172800.000
156600.000
153400.000
141800.000
136000.000
154400.000
150000.000
145400.000
149800.000
137600.000
132600.000
131800.000
120200.000
126600.000
118600.000
116000.000
110000.000
118400.000
111000.000
116600.000
111600.000
111000.000
116200.000
108600.000
108600.000
109600.000
109400.000
114600.000
111400.000
107200.000
112200.000
114400.000
98400.000
104800.000
99600.000
100400.000
103200.000
99600.000
98000.000
103000.000
97600.000
95800.000
96400.000
94200.000
92800.000
91600.000
93800.000
92000.000
84600.000
85200.000
88000.000
87400.000
83400.000
90800.000
91000.000
82000.000
79800.000
86200.000
86600.000
78800.000
79800.000
75000.000
81400.000
80000.000
74400.000
84800.000
78400.000
83000.000
80800.000
75400.000
77000.000
80400.000
70000.000
73800.000
80800.000
79400.000
76800.000
70000.000
76800.000
87400.000
75200.000
74000.000
71800.000
79200.000
69200.000
77600.000
70800.000
73000.000
64000.000
78800.000
67200.000
70400.000
71600.000
77800.000
79600.000
71600.000
66800.000
64600.000
68800.000
69600.000
66400.000
73000.000
61600.000
67200.000
69800.000
66000.000
72600.000
66400.000
65800.000
69800.000
63600.000
70200.000
70600.000
71600.000
68400.000
70000.000
68800.000
69800.000
59400.000
56600.000
59400.000
55200.000
63800.000
62800.000
61000.000
63400.000
59000.000
62800.000
59800.000
60400.000
63000.000
64200.000
65400.000
66600.000
68000.000
70000.000
67400.000
66600.000
57800.000
60600.000
62400.000
62000.000
62600.000
585400.000
595600.000
590800.000
586200.000
597600.000
566000.000
567800.000
563200.000
544000.000
524000.000
519800.000
536400.000
513800.000
512600.000
500400.000
473600.000
485000.000
478600.000
462400.000
447400.000
471600.000
421800.000
414200.000
393200.000
367200.000
377000.000
362600.000
351800.000
350000.000
332600.000
333200.000
339200.000
321400.000
311000.000
295000.000
298600.000
290600.000
283800.000
282200.000
276800.000
265800.000
252000.000
242800.000
232800.000
243000.000
231200.000
213400.000
204200.000
205000.000
195200.000
192000.000
195200.000
187400.000
161600.000
169200.000
160200.000
166400.000
155200.000
143200.000
136600.000
135400.000
134800.000
143400.000
135800.000
137200.000
132200.000
125400.000
135000.000
135600.000
129600.000
125200.000
117400.000
114200.000
109800.000
120600.000
115000.000
117000.000
109200.000
110800.000
110800.000
104600.000
110000.000
109000.000
105800.000
101600.000
108000.000
100200.000
111000.000
107600.000
103000.000
107600.000
105600.000
106200.000
100800.000
105400.000
101400.000
93600.000
89200.000
90200.000
94200.000
88600.000
96000.000
91400.000
84400.000
97600.000
87800.000
86600.000
82400.000
84200.000
81600.000
89800.000
83200.000
81000.000
84000.000
82000.000
80400.000
80600.000
80200.000
80000.000
83200.000
75000.000
82000.000
81000.000
75000.000
77200.000
77800.000
78600.000
81600.000
78400.000
80400.000
71200.000
80000.000
78000.000
76200.000
74400.000
79200.000
73600.000
72800.000
83800.000
80000.000
78400.000
74600.000
82000.000
72000.000
76200.000
64200.000
68400.000
69200.000
77200.000
72200.000
72400.000
81000.000
79600.000
68800.000
72400.000
65600.000
69800.000
68000.000
65800.000
73600.000
65000.000
73800.000
72000.000
73200.000
61800.000
61800.000
64800.000
62400.000
63600.000
71200.000
73000.000
75000.000
58600.000
66000.000
65000.000
64800.000
68800.000
69600.000
59800.000
62800.000
67200.000
66000.000
59600.000
69000.000
64800.000
64400.000
64000.000
62800.000
64000.000
67200.000
67400.000
64800.000
66400.000
65800.000
64000.000
58000.000
65200.000
66000.000
65600.000
61400.000
64000.000
543800.000
531800.000
512600.000
549200.000
536800.000
524800.000
511400.000
493200.000
489400.000
488200.000
478400.000
465800.000
462800.000
451400.000
444000.000
437000.000
427400.000
407200.000
404800.000
401400.000
393600.000
367400.000
370800.000
357400.000
334800.000
320600.000
329200.000
304200.000
301000.000
290400.000
274000.000
279400.000
270200.000
252400.000
237600.000
240800.000
248600.000
234400.000
227600.000
220600.000
205200.000
199400.000
190200.000
199600.000
195800.000
182200.000
165400.000
159400.000
163000.000
153400.000
150200.000
144400.000
144400.000
139200.000
141000.000
124600.000
142600.000
129000.000
134200.000
128000.000
120400.000
124600.000
129000.000
118800.000
128400.000
118200.000
127200.000
129800.000
118600.000
121400.000
116800.000
110600.000
110600.000
102200.000
113800.000
111400.000
102400.000
115000.000
98800.000
103600.000
102200.000
95400.000
106800.000
100000.000
109600.000
97400.000
97600.000
97800.000
97200.000
97000.000
96800.000
97800.000
94800.000
95400.000
94800.000
90600.000
84800.000
88000.000
89200.000
84400.000
85400.000
87000.000
83000.000
81000.000
71800.000
77400.000
83800.000
79400.000
79000.000
76200.000
78600.000
85400.000
81400.000
75600.000
79600.000
70600.000
66600.000
75400.000
75800.000
74800.000
72400.000
78200.000
76200.000
76800.000
78800.000
82400.000
76200.000
79800.000
81200.000
71200.000
70000.000
76200.000
73400.000
67800.000
70800.000
75200.000
70400.000
72200.000
72200.000
69600.000
67000.000
65800.000
75600.000
73000.000
66800.000
74000.000
69000.000
72400.000
73400.000
68200.000
72200.000
67600.000
67000.000
73800.000
67200.000
71200.000
67600.000
66000.000
60800.000
70800.000
67200.000
63200.000
66000.000
73600.000
64200.000
62200.000
64400.000
66000.000
66600.000
59200.000
68200.000
61200.000
67200.000
70400.000
69400.000
68200.000
59000.000
65000.000
67400.000
66800.000
63400.000
63000.000
59400.000
62400.000
60400.000
61600.000
60400.000
64000.000
70800.000
64800.000
57800.000
59200.000
68400.000
57800.000
60400.000
63000.000
59400.000
63400.000
60200.000
62400.000
62400.000
522600.000
505000.000
500800.000
495200.000
500400.000
482400.000
461600.000
450800.000
463000.000
434200.000
448600.000
440000.000
429400.000
416200.000
402200.000
405000.000
402600.000
385600.000
375200.000
351000.000
344000.000
342400.000
334600.000
318200.000
305000.000
312200.000
286000.000
272000.000
257200.000
245000.000
254200.000
226400.000
228600.000
226600.000
195800.000
215600.000
214400.000
203600.000
204000.000
195400.000
181800.000
185200.000
160600.000
175600.000
165800.000
158400.000
152000.000
146000.000
144400.000
144400.000
147200.000
138000.000
124600.000
136200.000
125400.000
129400.000
134400.000
132800.000
126400.000
121600.000
124200.000
120000.000
128800.000
127200.000
126400.000
119800.000
124400.000
121000.000
123600.000
107800.000
115400.000
112200.000
117000.000
108200.000
106200.000
107800.000
113600.000
102200.000
98200.000
103200.000
104200.000
108800.000
95200.000
100200.000
103600.000
98800.000
104200.000
105000.000
102200.000
98800.000
94000.000
98800.000
88400.000
92600.000
84800.000
85800.000
87200.000
91000.000
85000.000
79400.000
80400.000
79000.000
80400.000
81200.000
78000.000
77600.000
76200.000
76000.000
82800.000
71200.000
81400.000
80200.000
79000.000
78000.000
78800.000
72400.000
82400.000
78800.000
70600.000
76800.000
74000.000
77600.000
81400.000
79400.000
81600.000
82600.000
89800.000
76400.000
80600.000
75400.000
74600.000
75400.000
77600.000
76600.000
75600.000
77200.000
78200.000
73800.000
73600.000
71400.000
71600.000
81800.000
73000.000
74400.000
75200.000
73800.000
70600.000
80800.000
71400.000
69800.000
72000.000
64800.000
72000.000
78800.000
71600.000
67200.000
67400.000
66400.000
67400.000
69600.000
75600.000
63400.000
64800.000
65000.000
66200.000
66600.000
73000.000
66200.000
63600.000
66400.000
63600.000
65000.000
65400.000
63000.000
63200.000
58200.000
70600.000
63000.000
68000.000
68600.000
68200.000
63000.000
60800.000
69600.000
66400.000
62200.000
63800.000
62600.000
65600.000
63200.000
59800.000
64000.000
61000.000
60400.000
59600.000
61200.000
66200.000
62400.000
75400.000
70200.000
68600.000
449200.000
450200.000
430800.000
435600.000
439200.000
410800.000
399800.000
399600.000
404600.000
386000.000
357400.000
386400.000
393600.000
369600.000
370000.000
350800.000
334200.000
338400.000
334400.000
332800.000
317000.000
314200.000
291800.000
284200.000
274200.000
258800.000
264800.000
237200.000
215600.000
211200.000
208200.000
201600.000
190400.000
184200.000
171200.000
179000.000
166000.000
178000.000
179400.000
163000.000
155800.000
153600.000
151600.000
157200.000
144400.000
145600.000
138400.000
140800.000
127200.000
130600.000
129400.000
123600.000
128600.000
109600.000
117600.000
117000.000
124800.000
115200.000
117400.000
120000.000
116400.000
121000.000
125000.000
111400.000
112600.000
120600.000
121800.000
110000.000
103400.000
102200.000
105000.000
110600.000
110800.000
97000.000
104600.000
99200.000
110600.000
101200.000
109400.000
97600.000
96200.000
99000.000
98400.000
105200.000
99800.000
96400.000
94200.000
99600.000
87600.000
99400.000
96600.000
86600.000
89200.000
91600.000
90800.000
77400.000
82000.000
83400.000
75600.000
81000.000
81200.000
80400.000
76200.000
86600.000
80200.000
78200.000
79400.000
78000.000
76400.000
81800.000
78800.000
73800.000
77200.000
73400.000
76800.000
75800.000
76600.000
80200.000
81800.000
74200.000
71800.000
75000.000
77800.000
67000.000
72200.000
74800.000
78800.000
77600.000
71400.000
78000.000
65800.000
68400.000
77600.000
73200.000
74600.000
71600.000
75000.000
79000.000
72800.000
77200.000
72200.000
70000.000
66600.000
68800.000
71800.000
70000.000
68800.000
64800.000
67600.000
67400.000
70200.000
69600.000
70200.000
59800.000
66200.000
65000.000
69600.000
67000.000
69800.000
59600.000
68400.000
69600.000
70200.000
66000.000
64200.000
68800.000
62200.000
60000.000
62400.000
63600.000
75000.000
68000.000
62800.000
58800.000
70600.000
64600.000
62800.000
58600.000
70000.000
66400.000
63000.000
63000.000
62600.000
62600.000
55800.000
62600.000
64200.000
61200.000
62000.000
56000.000
62600.000
63000.000
60600.000
66000.000
63600.000
72400.000
65400.000
62600.000
67600.000
57200.000
58400.000
438800.000
407200.000
424400.000
393400.000
397800.000
397600.000
383200.000
379400.000
370200.000
357200.000
355200.000
344400.000
351800.000
356800.000
339200.000
320800.000
323600.000
293600.000
305600.000
288400.000
285800.000
286400.000
259800.000
254800.000
238200.000
233800.000
217600.000
209200.000
189200.000
174200.000
183200.000
166800.000
149200.000
149000.000
152600.000
150800.000
155800.000
151600.000
143200.000
159800.000
143600.000
144600.000
133400.000
138600.000
138200.000
135400.000
125000.000
129600.000
118000.000
125800.000
129200.000
124600.000
120400.000
119200.000
115200.000
127200.000
114600.000
123200.000
119200.000
125200.000
116000.000
115400.000
121800.000
114400.000
117800.000
117000.000
108200.000
111000.000
107400.000
103400.000
103000.000
102000.000
109600.000
104800.000
108400.000
101200.000
95200.000
108200.000
103200.000
97800.000
98600.000
96800.000
93800.000
89800.000
102000.000
98600.000
98800.000
96400.000
95600.000
90400.000
97000.000
88000.000
81600.000
83800.000
87600.000
85000.000
83200.000
81000.000
74000.000
77800.000
82600.000
77600.000
75400.000
84000.000
77800.000
81000.000
78200.000
77400.000
80600.000
80600.000
78600.000
75600.000
81400.000
75400.000
83600.000
69800.000
72000.000
75400.000
78400.000
80000.000
75400.000
82800.000
77000.000
77200.000
71800.000
70400.000
74000.000
68800.000
69600.000
77000.000
78000.000
73400.000
78000.000
68800.000
75400.000
68600.000
75000.000
72000.000
73800.000
70400.000
68000.000
75200.000
64800.000
68600.000
74800.000
71600.000
67600.000
70800.000
75200.000
68000.000
64600.000
66000.000
74200.000
71600.000
69600.000
68000.000
61200.000
69600.000
66400.000
65000.000
65600.000
62200.000
61000.000
64600.000
67400.000
68000.000
71400.000
57200.000
65600.000
69600.000
66600.000
59400.000
59600.000
63400.000
65200.000
61200.000
64800.000
65800.000
63200.000
65200.000
61600.000
59600.000
62800.000
70400.000
65600.000
62800.000
63200.000
60600.000
62800.000
58000.000
56800.000
58000.000
62000.000
66000.000
60600.000
67200.000
58200.000
54400.000
65000.000
62200.000
62600.000
375400.000
369200.000
356000.000
337000.000
337000.000
348000.000
325600.000
319600.000
308000.000
309800.000
302200.000
292000.000
284600.000
268600.000
271200.000
272600.000
258000.000
249400.000
247000.000
242400.000
244000.000
229600.000
218800.000
197000.000
188800.000
173200.000
170000.000
158200.000
155200.000
145800.000
143600.000
146800.000
131200.000
145000.000
132400.000
140200.000
128800.000
139800.000
140000.000
131000.000
133800.000
125600.000
122400.000
125200.000
125800.000
127600.000
123800.000
124200.000
103200.000
118000.000
118400.000
111600.000
116200.000
116400.000
127200.000
109600.000
116800.000
118400.000
107200.000
116000.000
103600.000
115600.000
106600.000
104400.000
104600.000
101400.000
108000.000
103000.000
98200.000
94000.000
94000.000
104600.000
100800.000
99400.000
98600.000
102400.000
96000.000
92000.000
94600.000
90000.000
99800.000
83200.000
91200.000
89800.000
86200.000
91200.000
95200.000
88600.000
91600.000
84200.000
89600.000
88600.000
83800.000
78800.000
76600.000
77600.000
79600.000
77000.000
78000.000
79400.000
76600.000
69600.000
76600.000
82400.000
79400.000
82600.000
74400.000
81800.000
79200.000
75400.000
83600.000
72400.000
76400.000
73000.000
76600.000
76400.000
75400.000
75400.000
73000.000
74400.000
69600.000
73000.000
74800.000
75400.000
75600.000
68400.000
75800.000
66000.000
73000.000
68000.000
70800.000
78200.000
69800.000
70600.000
62400.000
72600.000
72000.000
63000.000
72800.000
67600.000
67200.000
65400.000
69400.000
64600.000
72200.000
68000.000
68600.000
66600.000
73600.000
68400.000
64400.000
71200.000
65800.000
61800.000
66600.000
71000.000
60800.000
62400.000
65200.000
71400.000
64200.000
63800.000
67200.000
56400.000
60200.000
57600.000
65800.000
69000.000
61600.000
60200.000
60400.000
64600.000
63800.000
64200.000
65800.000
62800.000
66200.000
56800.000
57000.000
65200.000
65400.000
60000.000
62600.000
62600.000
62000.000
58600.000
61800.000
62400.000
53600.000
62400.000
64800.000
59800.000
55800.000
56200.000
65200.000
59400.000
59200.000
57400.000
56600.000
58400.000
64600.000
343000.000
334800.000
339200.000
307000.000
313600.000
297200.000
291800.000
281600.000
270400.000
269600.000
262200.000
242800.000
249600.000
244200.000
243200.000
230000.000
222800.000
209600.000
214600.000
211000.000
198400.000
212200.000
185800.000
179200.000
169600.000
158800.000
148000.000
145600.000
130400.000
132400.000
138400.000
136600.000
131800.000
125400.000
116800.000
131800.000
123200.000
122600.000
122800.000
122200.000
125000.000
119000.000
128600.000
121000.000
128800.000
122800.000
119200.000
114800.000
124400.000
106200.000
116400.000
117000.000
110200.000
108800.000
106400.000
113000.000
118400.000
111200.000
109000.000
117200.000
107800.000
103000.000
106000.000
112400.000
99600.000
104200.000
97600.000
98600.000
102200.000
102000.000
97000.000
94600.000
102400.000
100400.000
104000.000
99800.000
97200.000
92800.000
94800.000
84600.000
91000.000
94200.000
90000.000
86200.000
84000.000
85200.000
90200.000
90800.000
85800.000
90800.000
88200.000
78800.000
83800.000
77800.000
78600.000
80200.000
81800.000
75000.000
76800.000
85400.000
74400.000
83800.000
76000.000
82400.000
79000.000
82800.000
82200.000
82200.000
77000.000
75800.000
77200.000
80000.000
71600.000
77000.000
75600.000
66000.000
72400.000
80200.000
74600.000
81400.000
74000.000
70000.000
80000.000
75200.000
72800.000
73400.000
76400.000
71000.000
76000.000
77800.000
71600.000
73800.000
72600.000
66800.000
68400.000
72200.000
67000.000
63200.000
70600.000
76800.000
65000.000
69400.000
68600.000
75200.000
69200.000
69000.000
71600.000
59600.000
73000.000
71400.000
69400.000
69800.000
65800.000
67800.000
63400.000
69800.000
67000.000
61400.000
66800.000
63400.000
66800.000
73200.000
67400.000
72000.000
68200.000
69600.000
63400.000
67400.000
59000.000
58000.000
71200.000
68200.000
62400.000
70600.000
57600.000
68800.000
67600.000
65600.000
66400.000
66000.000
58000.000
66000.000
64600.000
68600.000
67400.000
58800.000
66000.000
57000.000
64000.000
63000.000
67000.000
58000.000
62000.000
66200.000
61600.000
65400.000
62600.000
57400.000
60600.000
60800.000
68400.000
298800.000
310200.000
275200.000
265600.000
252600.000
253800.000
249600.000
232000.000
226200.000
221200.000
202200.000
197000.000
196600.000
198400.000
201800.000
196000.000
185800.000
176000.000
168000.000
173400.000
175800.000
166800.000
157000.000
147800.000
149200.000
132600.000
135600.000
130400.000
133800.000
135800.000
129400.000
124200.000
117800.000
119600.000
115600.000
122600.000
120800.000
116000.000
115200.000
126200.000
117600.000
115600.000
117600.000
110600.000
116000.000
123600.000
120400.000
112800.000
107000.000
122600.000
115200.000
105000.000
117000.000
104200.000
117600.000
102000.000
110000.000
105400.000
108400.000
110800.000
106800.000
103400.000
103600.000
107800.000
103600.000
100000.000
95400.000
102400.000
101400.000
91200.000
101200.000
101600.000
103200.000
101400.000
92600.000
91400.000
90800.000
90000.000
86600.000
84600.000
91200.000
85000.000
81800.000
82800.000
80000.000
91000.000
81000.000
82200.000
77800.000
81800.000
79600.000
87000.000
72600.000
77600.000
75800.000
75400.000
72800.000
78800.000
78400.000
74600.000
81400.000
73800.000
75400.000
82800.000
79200.000
75800.000
73200.000
75000.000
85400.000
74800.000
75000.000
73400.000
76000.000
74800.000
74600.000
72600.000
71200.000
72800.000
77600.000
77400.000
72200.000
71000.000
66800.000
73600.000
67400.000
71400.000
74000.000
67800.000
75400.000
64200.000
71200.000
72600.000
72600.000
71800.000
61400.000
66000.000
73800.000
57400.000
74400.000
66000.000
68200.000
67800.000
71200.000
67600.000
69200.000
68200.000
68000.000
68600.000
69200.000
63000.000
61600.000
66000.000
68200.000
66200.000
68800.000
68800.000
62600.000
63400.000
63400.000
57000.000
70600.000
69600.000
63000.000
58000.000
63200.000
63400.000
57200.000
71200.000
62000.000
62400.000
53200.000
62000.000
70600.000
61200.000
57200.000
65000.000
63800.000
60800.000
60000.000
55000.000
57200.000
56200.000
55400.000
63400.000
58800.000
55400.000
66400.000
53800.000
64400.000
59800.000
63600.000
55600.000
59400.000
60400.000
57400.000
60600.000
57000.000
63600.000
60600.000
66000.000
54600.000
265200.000
251800.000
241600.000
236200.000
218400.000
214200.000
221400.000
203800.000
195000.000
188000.000
177400.000
181800.000
173400.000
177800.000
175600.000
167400.000
155200.000
159800.000
150400.000
159000.000
149800.000
139400.000
146600.000
132600.000
133800.000
133600.000
136400.000
115000.000
125000.000
122000.000
116400.000
124800.000
119200.000
124600.000
127400.000
123200.000
119800.000
118400.000
125800.000
117200.000
114400.000
118600.000
119200.000
118000.000
120600.000
108400.000
104200.000
117000.000
109000.000
110000.000
108400.000
116000.000
112600.000
111600.000
102800.000
102000.000
98800.000
99400.000
101800.000
93000.000
98600.000
102200.000
100400.000
97200.000
99400.000
91800.000
100600.000
95600.000
103400.000
103600.000
102800.000
104600.000
107200.000
105000.000
95400.000
99200.000
93000.000
96600.000
100600.000
85400.000
89000.000
83200.000
87200.000
76400.000
79200.000
84400.000
79200.000
84600.000
79600.000
82800.000
83600.000
73000.000
78400.000
77600.000
84000.000
74400.000
77200.000
79400.000
79000.000
75000.000
85600.000
79000.000
78000.000
74600.000
76800.000
79200.000
77800.000
69000.000
78200.000
78800.000
74200.000
74000.000
77400.000
78600.000
80400.000
80400.000
79200.000
72400.000
75400.000
73000.000
73000.000
63600.000
73800.000
70200.000
74400.000
76200.000
67400.000
72400.000
68600.000
61400.000
69600.000
65200.000
69000.000
68200.000
72400.000
68200.000
69600.000
74200.000
66600.000
70800.000
72000.000
74800.000
67200.000
68800.000
59000.000
67800.000
68400.000
70800.000
63800.000
66800.000
66600.000
68200.000
70600.000
63000.000
70000.000
65600.000
62400.000
62400.000
63000.000
56600.000
62200.000
71200.000
60600.000
67800.000
56800.000
63800.000
66600.000
69800.000
65000.000
68200.000
61200.000
60800.000
69200.000
64400.000
61200.000
68600.000
61000.000
60200.000
63800.000
66600.000
62400.000
66800.000
61200.000
62200.000
61000.000
60400.000
57200.000
55600.000
66200.000
61200.000
58000.000
60400.000
55600.000
64400.000
60200.000
67000.000
62400.000
57000.000
66400.000
64000.000
54000.000
196000.000
179200.000
189000.000
172000.000
162200.000
160800.000
160800.000
161000.000
151200.000
145600.000
149200.000
144600.000
142600.000
140000.000
130600.000
137600.000
143600.000
133800.000
130800.000
133600.000
128200.000
125200.000
128200.000
124400.000
124400.000
125000.000
113200.000
114200.000
110000.000
116800.000
118000.000
119400.000
115600.000
125600.000
115800.000
118800.000
112200.000
116800.000
113800.000
104400.000
106000.000
114800.000
107600.000
105400.000
114600.000
109800.000
102400.000
113200.000
98800.000
99600.000
105400.000
109400.000
105200.000
98800.000
97800.000
95800.000
95600.000
99600.000
90800.000
101200.000
95600.000
96200.000
94400.000
95400.000
99400.000
85800.000
94000.000
102600.000
106200.000
108800.000
100800.000
96600.000
112000.000
111200.000
97600.000
100600.000
99000.000
98600.000
95600.000
77400.000
84000.000
83400.000
86200.000
86800.000
82600.000
76800.000
79600.000
74800.000
88600.000
81800.000
77000.000
82800.000
82400.000
74000.000
74000.000
80800.000
81600.000
73800.000
75000.000
77800.000
73600.000
71600.000
76800.000
69400.000
69200.000
65800.000
77200.000
63400.000
73400.000
71600.000
65400.000
69000.000
74400.000
62600.000
74200.000
73400.000
77400.000
76400.000
72400.000
66000.000
68600.000
68600.000
73000.000
71800.000
69800.000
68400.000
70400.000
67600.000
67000.000
66400.000
70200.000
64200.000
69600.000
69000.000
73200.000
67400.000
64000.000
72000.000
67800.000
66000.000
69400.000
65000.000
67600.000
67600.000
67000.000
72400.000
67000.000
69000.000
62000.000
67000.000
62000.000
66400.000
63400.000
69400.000
65600.000
55800.000
69800.000
64800.000
60400.000
59800.000
63400.000
62800.000
62200.000
68400.000
62800.000
64400.000
60400.000
66200.000
64400.000
61600.000
59600.000
61400.000
56800.000
58200.000
68400.000
61600.000
60000.000
57400.000
63000.000
60200.000
57400.000
55800.000
59600.000
60200.000
61400.000
59400.000
57600.000
54400.000
58000.000
55400.000
62000.000
60200.000
54800.000
60800.000
57000.000
58600.000
60000.000
59800.000
60000.000
59800.000
62600.000
162800.000
168800.000
163800.000
152200.000
146600.000
141200.000
142800.000
141000.000
144200.000
142600.000
138000.000
130000.000
141600.000
133000.000
129200.000
134600.000
133400.000
128000.000
121200.000
110600.000
124400.000
118400.000
121400.000
122400.000
134400.000
118800.000
120400.000
113400.000
126200.000
122200.000
123400.000
125200.000
123800.000
120400.000
121400.000
116600.000
119600.000
117000.000
106600.000
111400.000
108800.000
111000.000
107800.000
104000.000
108400.000
115600.000
106800.000
103800.000
106400.000
108400.000
112800.000
100800.000
106800.000
96800.000
103000.000
100400.000
102000.000
97600.000
91200.000
88800.000
91800.000
96400.000
87000.000
92000.000
85400.000
92400.000
97200.000
101800.000
93400.000
90000.000
111200.000
110200.000
105600.000
104400.000
104000.000
101200.000
93600.000
94800.000
82800.000
79800.000
75400.000
78600.000
82000.000
84200.000
79200.000
83400.000
83600.000
81800.000
87200.000
81200.000
80400.000
84400.000
81800.000
77200.000
75200.000
77200.000
77800.000
74000.000
81400.000
73600.000
71800.000
79400.000
81200.000
79200.000
76000.000
76600.000
72400.000
70400.000
76200.000
78200.000
73400.000
77400.000
70400.000
74400.000
73200.000
76400.000
69800.000
70400.000
68400.000
76000.000
70000.000
74000.000
71000.000
62800.000
71400.000
77000.000
65600.000
75000.000
74800.000
62800.000
69600.000
69800.000
66600.000
62800.000
65000.000
73000.000
65800.000
68600.000
61800.000
63200.000
69800.000
69400.000
63000.000
68000.000
65600.000
70800.000
63800.000
63600.000
64800.000
65200.000
67400.000
67800.000
74800.000
63800.000
64800.000
62400.000
59400.000
67000.000
71800.000
71200.000
63600.000
62600.000
65800.000
67200.000
67000.000
62000.000
61200.000
65400.000
57800.000
64400.000
63800.000
60000.000
61800.000
61400.000
59400.000
56600.000
60400.000
64400.000
68400.000
63200.000
57600.000
65800.000
56600.000
69800.000
62000.000
62400.000
64800.000
60800.000
66200.000
53800.000
61000.000
60000.000
63200.000
57000.000
60800.000
55800.000
56400.000
58600.000
57800.000
62000.000
59800.000
146400.000
154200.000
139400.000
137200.000
139600.000
142400.000
127600.000
121000.000
129400.000
129600.000
133000.000
117800.000
119000.000
124600.000
120000.000
126800.000
118600.000
118800.000
118200.000
119800.000
123800.000
125800.000
119200.000
116800.000
110600.000
120400.000
114800.000
114000.000
113600.000
113800.000
112400.000
117000.000
114400.000
111200.000
103400.000
114400.000
105000.000
97400.000
112200.000
107400.000
111600.000
95400.000
106000.000
99800.000
105600.000
100800.000
106400.000
96200.000
91400.000
103000.000
98000.000
91000.000
95400.000
93200.000
90800.000
88200.000
92200.000
92200.000
93200.000
89200.000
82800.000
89400.000
88000.000
90400.000
86000.000
84800.000
89000.000
93400.000
93600.000
98800.000
99000.000
104000.000
102800.000
106000.000
107800.000
101000.000
87000.000
95800.000
87200.000
83000.000
82000.000
72400.000
84400.000
82000.000
81000.000
79000.000
70200.000
80400.000
79000.000
70800.000
87600.000
80400.000
82600.000
76200.000
77200.000
72400.000
80200.000
72600.000
75600.000
70800.000
73800.000
69800.000
77000.000
64000.000
67600.000
71000.000
67800.000
78400.000
73000.000
65800.000
72200.000
72600.000
76600.000
70600.000
69400.000
71600.000
63400.000
75800.000
66800.000
67200.000
72200.000
61200.000
68800.000
68800.000
67000.000
72600.000
65600.000
69200.000
64200.000
67000.000
67800.000
64200.000
66800.000
67000.000
67600.000
66800.000
67400.000
61800.000
61400.000
63800.000
61800.000
67800.000
69600.000
61600.000
65600.000
69200.000
65000.000
61000.000
66000.000
63800.000
66400.000
58800.000
65400.000
61800.000
64200.000
70400.000
62000.000
65200.000
59000.000
62800.000
65200.000
58800.000
58800.000
57000.000
66400.000
58000.000
60200.000
60400.000
64000.000
71600.000
60000.000
61000.000
58600.000
61400.000
60000.000
54000.000
62800.000
56000.000
60200.000
57400.000
58400.000
61200.000
62000.000
53600.000
52800.000
61800.000
53400.000
59200.000
53400.000
52400.000
55800.000
56600.000
51600.000
47600.000
56800.000
57400.000
63000.000
55400.000
62600.000
57600.000
64800.000
146000.000
144000.000
131200.000
132000.000
128000.000
140200.000
123200.000
126600.000
128600.000
119200.000
130200.000
117000.000
121600.000
114800.000
118200.000
127600.000
127200.000
113400.000
113800.000
117600.000
116400.000
127800.000
106000.000
118800.000
110200.000
118200.000
109000.000
110600.000
117200.000
111000.000
110600.000
107000.000
119000.000
119000.000
112000.000
100200.000
114800.000
104000.000
110200.000
106800.000
102400.000
107000.000
101600.000
94800.000
102600.000
92600.000
97600.000
102800.000
107000.000
102800.000
100200.000
102000.000
101000.000
93600.000
92000.000
94000.000
95000.000
94800.000
89000.000
93200.000
87600.000
84400.000
84800.000
80400.000
82000.000
87600.000
84400.000
97600.000
101000.000
98200.000
99600.000
102800.000
107800.000
99600.000
103600.000
89000.000
92400.000
91800.000
87800.000
82400.000
83200.000
91600.000
85800.000
82800.000
80400.000
76800.000
84600.000
79600.000
77000.000
80200.000
75600.000
75600.000
80400.000
74400.000
70800.000
73600.000
74000.000
75400.000
75200.000
78400.000
76000.000
74400.000
74200.000
82200.000
74000.000
77800.000
78200.000
69400.000
75200.000
71600.000
73200.000
67800.000
69800.000
71200.000
70200.000
76400.000
71800.000
65200.000
77200.000
71400.000
75000.000
67200.000
73200.000
66000.000
69600.000
73000.000
67400.000
60600.000
69000.000
67200.000
71200.000
72200.000
70400.000
67000.000
65000.000
69600.000
66200.000
72000.000
67800.000
61000.000
68800.000
62800.000
58400.000
60200.000
71800.000
57600.000
63800.000
61800.000
64000.000
68400.000
65400.000
71800.000
68400.000
58400.000
67400.000
75200.000
62400.000
64000.000
65800.000
69200.000
60400.000
62200.000
65200.000
60600.000
68600.000
57400.000
61400.000
59600.000
60800.000
61800.000
64800.000
69800.000
63800.000
62400.000
59800.000
67000.000
60000.000
60400.000
64600.000
66000.000
67800.000
56800.000
60800.000
60800.000
64400.000
66600.000
58200.000
59600.000
57400.000
56400.000
59000.000
56000.000
57800.000
59200.000
57600.000
56200.000
56000.000
57000.000
53400.000
59200.000
59200.000
129800.000
125400.000
124000.000
114400.000
114800.000
124400.000
120000.000
117800.000
119200.000
109800.000
118800.000
120800.000
117400.000
122800.000
116000.000
110200.000
129600.000
113000.000
108800.000
105400.000
100800.000
115400.000
107800.000
109000.000
103400.000
110400.000
104200.000
109800.000
108800.000
110800.000
97000.000
102400.000
104800.000
100400.000
101600.000
95400.000
106200.000
99400.000
105800.000
101200.000
87600.000
99600.000
93400.000
100000.000
98400.000
100200.000
99800.000
101000.000
100400.000
105200.000
92200.000
95600.000
83000.000
87600.000
88600.000
88600.000
92200.000
87200.000
83200.000
88200.000
85000.000
82400.000
87800.000
84800.000
88000.000
86400.000
80800.000
89000.000
89400.000
89800.000
89200.000
93200.000
97200.000
95000.000
89000.000
80800.000
93600.000
87200.000
85200.000
81600.000
77400.000
84600.000
85600.000
77000.000
76800.000
80600.000
79800.000
79000.000
72400.000
79000.000
72800.000
78400.000
70000.000
75200.000
66600.000
71800.000
76400.000
73400.000
72800.000
70000.000
74600.000
75200.000
75200.000
74200.000
68000.000
66600.000
74800.000
74600.000
71600.000
72200.000
73000.000
66000.000
69400.000
73200.000
73200.000
63000.000
60800.000
71600.000
69800.000
70600.000
63600.000
66200.000
63600.000
64400.000
67400.000
59400.000
65600.000
64400.000
64400.000
68400.000
62800.000
60200.000
67200.000
70000.000
66800.000
70000.000
63600.000
62000.000
65800.000
73200.000
65800.000
67600.000
60600.000
65600.000
58400.000
58800.000
66400.000
69400.000
60400.000
58000.000
62800.000
62200.000
61800.000
68400.000
65800.000
61200.000
66200.000
64400.000
63400.000
60800.000
58400.000
59200.000
63600.000
59800.000
58600.000
57000.000
61800.000
59000.000
59800.000
64200.000
59000.000
66800.000
59800.000
61400.000
59200.000
57400.000
61200.000
61000.000
58400.000
58400.000
57200.000
61800.000
57600.000
51000.000
59000.000
58000.000
58800.000
56200.000
54400.000
60600.000
55000.000
46200.000
59400.000
55400.000
58800.000
51000.000
61600.000
59400.000
61400.000
58800.000
55200.000
121400.000
112200.000
125600.000
123000.000
112200.000
121000.000
120800.000
121400.000
120400.000
113600.000
120600.000
116600.000
121200.000
116200.000
115600.000
118600.000
111600.000
104400.000
119400.000
104200.000
101000.000
102600.000
107200.000
92400.000
101400.000
104400.000
107000.000
107800.000
113400.000
109200.000
98800.000
101600.000
106400.000
96400.000
98000.000
90600.000
103200.000
99600.000
99200.000
99800.000
100000.000
93600.000
92400.000
90800.000
89000.000
90600.000
97400.000
95200.000
94800.000
94800.000
98800.000
90400.000
79800.000
93200.000
88000.000
92600.000
83800.000
88400.000
89600.000
92800.000
88800.000
83600.000
78800.000
79800.000
82400.000
82000.000
90200.000
84200.000
95200.000
92400.000
85200.000
93800.000
85600.000
90000.000
91200.000
83200.000
86400.000
87600.000
83600.000
92000.000
81600.000
86200.000
77600.000
79600.000
85000.000
74400.000
78200.000
80400.000
75200.000
74200.000
75600.000
70800.000
71200.000
73600.000
71000.000
71400.000
77400.000
76800.000
69200.000
72600.000
71000.000
68600.000
75400.000
72600.000
68200.000
71800.000
76000.000
71600.000
77600.000
73000.000
68800.000
72200.000
70400.000
67600.000
66800.000
64200.000
78200.000
61200.000
64800.000
70200.000
68200.000
67600.000
64200.000
69400.000
66200.000
65800.000
66000.000
67400.000
62400.000
72800.000
63600.000
67600.000
67600.000
64800.000
62400.000
67200.000
67200.000
63600.000
66000.000
64000.000
63800.000
62600.000
62200.000
64200.000
61600.000
59600.000
68200.000
62200.000
64200.000
61800.000
58600.000
68000.000
60600.000
65000.000
60200.000
69000.000
66000.000
64000.000
68000.000
59400.000
60800.000
65800.000
63600.000
66200.000
62200.000
61800.000
62200.000
69200.000
57200.000
61000.000
59400.000
69600.000
64600.000
57200.000
62600.000
59200.000
65600.000
61000.000
66200.000
62000.000
56800.000
67200.000
61200.000
60600.000
60400.000
55800.000
59000.000
63800.000
62800.000
61400.000
61600.000
53600.000
56000.000
62200.000
59200.000
59600.000
60200.000
69000.000
53600.000
61800.000
67200.000
113400.000
119000.000
109000.000
111000.000
113400.000
111000.000
116200.000
105200.000
113800.000
111800.000
105600.000
112400.000
111400.000
112400.000
114800.000
103800.000
101400.000
106400.000
105600.000
111800.000
97400.000
105000.000
100600.000
99400.000
101200.000
97600.000
108800.000
99800.000
89800.000
99600.000
101000.000
102600.000
94200.000
85800.000
92800.000
93200.000
89600.000
96800.000
93200.000
91600.000
95400.000
86400.000
95600.000
95200.000
92800.000
91200.000
88200.000
94000.000
89000.000
92000.000
83400.000
83000.000
81400.000
87000.000
74000.000
78200.000
85000.000
89800.000
84400.000
77600.000
82800.000
78400.000
80600.000
82200.000
86600.000
80400.000
89600.000
82600.000
83000.000
86600.000
89200.000
83400.000
80000.000
83800.000
83000.000
78600.000
73000.000
81600.000
86800.000
77600.000
85000.000
73000.000
71600.000
80800.000
72200.000
67800.000
73200.000
78000.000
79400.000
75200.000
68600.000
73000.000
75800.000
82200.000
68400.000
73600.000
65400.000
72200.000
66600.000
75200.000
72000.000
66000.000
71000.000
66400.000
67000.000
72200.000
74000.000
70600.000
71800.000
65800.000
66600.000
71200.000
67000.000
67200.000
69400.000
64200.000
74200.000
63200.000
69200.000
62200.000
58200.000
64200.000
71200.000
64000.000
62000.000
64400.000
64000.000
66800.000
60200.000
61000.000
58400.000
65400.000
66600.000
71600.000
61200.000
56600.000
65400.000
59400.000
58400.000
62000.000
59000.000
60600.000
68000.000
65600.000
68000.000
63600.000
65000.000
60600.000
61600.000
63200.000
65400.000
64200.000
68600.000
56000.000
61400.000
57800.000
60000.000
59200.000
60600.000
62200.000
64000.000
60600.000
61800.000
61200.000
58000.000
59400.000
55600.000
56400.000
59600.000
59200.000
59000.000
63200.000
66400.000
57400.000
60000.000
55800.000
55600.000
64000.000
56800.000
57200.000
62600.000
58000.000
63400.000
53200.000
56400.000
62000.000
51800.000
55600.000
60400.000
55000.000
61000.000
59600.000
55200.000
55800.000
57800.000
56600.000
61800.000
58600.000
63400.000
63400.000
57200.000
110600.000
114800.000
112600.000
105800.000
114000.000
115800.000
117000.000
106400.000
106800.000
110400.000
112400.000
105000.000
108000.000
107800.000
113000.000
100400.000
99400.000
94000.000
103200.000
95600.000
106400.000
97000.000
100000.000
101600.000
98200.000
100000.000
103000.000
103600.000
102600.000
104000.000
102000.000
99800.000
95000.000
90200.000
87600.000
88600.000
94600.000
95400.000
98200.000
98000.000
99800.000
89200.000
89200.000
83800.000
91400.000
88000.000
84200.000
90600.000
91400.000
83600.000
88600.000
83600.000
86600.000
88200.000
85000.000
87800.000
80000.000
80400.000
80400.000
87600.000
80400.000
83000.000
81600.000
85000.000
86400.000
84400.000
80000.000
79000.000
83000.000
75600.000
77600.000
79000.000
88400.000
82800.000
82000.000
77400.000
88400.000
80000.000
78200.000
87200.000
81600.000
76800.000
78600.000
78200.000
76600.000
73400.000
75600.000
76600.000
80800.000
67400.000
75600.000
70400.000
75400.000
68400.000
68600.000
71800.000
71200.000
72000.000
74200.000
69400.000
73200.000
76800.000
66800.000
72800.000
66000.000
68200.000
72000.000
67000.000
68600.000
66800.000
72200.000
61200.000
68600.000
72600.000
64600.000
68200.000
67200.000
69800.000
71200.000
70000.000
67200.000
68400.000
67600.000
64200.000
64000.000
68200.000
59200.000
67200.000
59200.000
67400.000
63800.000
69600.000
72600.000
76200.000
68000.000
61600.000
69600.000
71000.000
59200.000
72200.000
56200.000
65800.000
64600.000
65400.000
67400.000
67200.000
67000.000
58800.000
56200.000
57800.000
64200.000
67400.000
61200.000
65400.000
65200.000
64400.000
74000.000
69000.000
65200.000
61000.000
63400.000
60600.000
63400.000
63200.000
63400.000
61600.000
63800.000
71000.000
58400.000
57600.000
61800.000
64800.000
60600.000
66600.000
64600.000
65200.000
65000.000
67600.000
61600.000
66000.000
63400.000
56600.000
61200.000
60000.000
55400.000
58800.000
59200.000
61000.000
65000.000
64400.000
60200.000
59800.000
59600.000
66000.000
64800.000
60400.000
56200.000
61800.000
59800.000
59800.000
64800.000
114400.000
106400.000
107000.000
103800.000
105400.000
104400.000
108200.000
105800.000
104800.000
108600.000
106800.000
99600.000
102600.000
103400.000
100000.000
101200.000
106600.000
90800.000
92600.000
93000.000
99400.000
90000.000
91800.000
85400.000
96400.000
93400.000
92000.000
95000.000
103000.000
95200.000
101600.000
95800.000
91200.000
97200.000
87200.000
94400.000
94000.000
94200.000
93800.000
88800.000
88800.000
92000.000
92000.000
84800.000
81400.000
81400.000
88600.000
86800.000
87000.000
86600.000
85200.000
83800.000
81200.000
76600.000
75600.000
83400.000
78200.000
79600.000
84800.000
81800.000
80000.000
86400.000
76200.000
78800.000
74600.000
76400.000
86800.000
83800.000
76400.000
79800.000
85400.000
81200.000
77600.000
81600.000
78000.000
79400.000
78600.000
82600.000
79800.000
80000.000
76200.000
75800.000
75000.000
71200.000
74400.000
77200.000
67400.000
71000.000
75600.000
70400.000
68800.000
70400.000
70600.000
69000.000
72800.000
74800.000
69400.000
64600.000
68000.000
72600.000
65800.000
66400.000
65400.000
69800.000
70400.000
63000.000
67000.000
71000.000
64200.000
66000.000
64200.000
62400.000
72400.000
66200.000
63400.000
61000.000
62000.000
61800.000
67400.000
67000.000
62000.000
59600.000
60400.000
67400.000
67800.000
65400.000
72000.000
64200.000
63800.000
57800.000
62800.000
60200.000
65000.000
59000.000
63200.000
60600.000
64000.000
60800.000
64000.000
57800.000
60800.000
65600.000
54400.000
57000.000
66200.000
56400.000
59000.000
58600.000
62200.000
59200.000
55600.000
62000.000
57600.000
66200.000
60200.000
64200.000
62400.000
60200.000
61600.000
60000.000
64000.000
62400.000
64400.000
59800.000
59400.000
63200.000
57200.000
59800.000
67200.000
58000.000
62400.000
59400.000
67200.000
67200.000
57600.000
55800.000
63600.000
56600.000
65000.000
57800.000
57600.000
52400.000
61800.000
62600.000
67800.000
62600.000
61600.000
62200.000
64800.000
61400.000
61200.000
59400.000
65000.000
62800.000
62200.000
57000.000
57600.000
62600.000
53400.000
65200.000
58200.000
98000.000
94600.000
110000.000
103000.000
106800.000
105600.000
104200.000
106800.000
111600.000
102000.000
104600.000
102600.000
102200.000
104000.000
104600.000
99200.000
87600.000
95600.000
88200.000
87000.000
94600.000
86400.000
84600.000
80400.000
83800.000
88800.000
101400.000
96800.000
99400.000
107600.000
105000.000
96600.000
96000.000
80800.000
86000.000
90200.000
89400.000
89400.000
92800.000
86000.000
88200.000
92200.000
84800.000
82200.000
78600.000
83600.000
77400.000
92400.000
82000.000
86000.000
78200.000
83200.000
77600.000
78800.000
79800.000
74400.000
86800.000
81200.000
80800.000
79000.000
83000.000
85800.000
85000.000
81800.000
79000.000
75600.000
84800.000
81000.000
87400.000
83800.000
77400.000
72000.000
83200.000
72800.000
84200.000
84600.000
79200.000
83000.000
73400.000
75200.000
80600.000
75400.000
80400.000
78400.000
71000.000
72000.000
83000.000
76400.000
75800.000
70200.000
77000.000
75600.000
75000.000
74000.000
74000.000
68200.000
74000.000
71000.000
73000.000
68000.000
73600.000
64000.000
71200.000
67600.000
76600.000
62800.000
66000.000
72800.000
63800.000
64600.000
66800.000
66000.000
72400.000
66400.000
64200.000
64400.000
69400.000
64000.000
60000.000
64200.000
63200.000
71800.000
62000.000
67400.000
60800.000
64600.000
66000.000
67200.000
57600.000
63000.000
67400.000
60000.000
65000.000
64800.000
60400.000
62000.000
62200.000
66000.000
64800.000
60400.000
64200.000
63400.000
64400.000
65600.000
68600.000
67800.000
71800.000
67000.000
62800.000
65800.000
66000.000
59200.000
65600.000
65000.000
59000.000
57800.000
59800.000
55400.000
60200.000
63000.000
53800.000
62400.000
56200.000
62200.000
61600.000
62600.000
61000.000
62600.000
63000.000
65400.000
65800.000
58200.000
68000.000
62000.000
63400.000
59600.000
70600.000
63200.000
60000.000
57000.000
59800.000
62200.000
60800.000
61400.000
65600.000
64000.000
62400.000
74400.000
66000.000
62200.000
65600.000
60600.000
57000.000
58000.000
61200.000
64400.000
66600.000
63200.000
60600.000
62000.000
62200.000
97800.000
101200.000
96400.000
100400.000
95600.000
97800.000
103200.000
93400.000
97400.000
92200.000
90400.000
95600.000
98000.000
91200.000
94800.000
91600.000
85800.000
94600.000
88200.000
89400.000
82200.000
87400.000
88400.000
85400.000
82400.000
87000.000
95400.000
94600.000
92800.000
92800.000
97600.000
91000.000
80600.000
87800.000
76000.000
86600.000
79200.000
82400.000
86800.000
78400.000
92600.000
77000.000
78600.000
80000.000
72800.000
83400.000
84800.000
79200.000
78400.000
86000.000
78800.000
84600.000
73600.000
81000.000
78200.000
75000.000
78200.000
78600.000
77400.000
73800.000
82800.000
79600.000
77800.000
82200.000
78800.000
75600.000
81800.000
73600.000
77600.000
71800.000
75800.000
78000.000
74800.000
76400.000
67000.000
76400.000
77000.000
72800.000
71200.000
78400.000
76600.000
77400.000
75800.000
68400.000
71400.000
70800.000
69200.000
68600.000
71400.000
69400.000
65600.000
75800.000
71400.000
68600.000
70200.000
66200.000
70800.000
68000.000
75200.000
66600.000
70000.000
62400.000
68400.000
65000.000
64400.000
72800.000
68000.000
65200.000
66000.000
65600.000
67200.000
64000.000
72800.000
62400.000
61800.000
61000.000
55800.000
70400.000
68400.000
60400.000
62000.000
63600.000
59000.000
61600.000
69400.000
61200.000
65400.000
64000.000
65800.000
66200.000
61800.000
71200.000
54800.000
61000.000
69800.000
62000.000
61400.000
60800.000
64600.000
65600.000
61200.000
57000.000
61200.000
59200.000
61600.000
63400.000
61000.000
58000.000
58800.000
59200.000
58200.000
60200.000
58600.000
67000.000
65800.000
58800.000
62000.000
63000.000
65000.000
64000.000
60600.000
62800.000
56800.000
62600.000
53600.000
63000.000
51400.000
60200.000
54200.000
64200.000
62800.000
58200.000
59800.000
59600.000
61000.000
64800.000
56000.000
53200.000
56800.000
64800.000
65200.000
55000.000
61600.000
67200.000
52000.000
61600.000
54400.000
57800.000
63800.000
63800.000
60000.000
67200.000
60200.000
62800.000
56200.000
57400.000
58000.000
59000.000
56600.000
59600.000
63200.000
101800.000
96200.000
95400.000
101000.000
92800.000
91200.000
93600.000
97000.000
94600.000
93200.000
97000.000
90000.000
86400.000
88400.000
90200.000
89800.000
89000.000
76200.000
80000.000
89800.000
81000.000
79200.000
78600.000
81200.000
87600.000
85200.000
78800.000
90400.000
92000.000
84800.000
96200.000
84800.000
83600.000
82200.000
78000.000
84400.000
86600.000
84200.000
87600.000
84400.000
83800.000
91000.000
81800.000
84600.000
79000.000
82000.000
86400.000
72000.000
77600.000
83000.000
77000.000
75600.000
80800.000
80200.000
74200.000
82800.000
74600.000
80000.000
76800.000
84000.000
77600.000
75400.000
78000.000
75000.000
73600.000
75200.000
75000.000
76200.000
76400.000
78200.000
75400.000
71000.000
81600.000
79800.000
86000.000
77200.000
74800.000
79800.000
77600.000
67800.000
72800.000
76200.000
82600.000
69800.000
73600.000
73000.000
64200.000
75000.000
68400.000
67200.000
73200.000
68000.000
66600.000
71400.000
69400.000
64600.000
66400.000
68400.000
70600.000
69400.000
64400.000
63200.000
70400.000
71600.000
68800.000
62200.000
62800.000
65000.000
71800.000
65400.000
68800.000
64400.000
63000.000
65200.000
69200.000
65800.000
58200.000
66400.000
65200.000
61200.000
65600.000
64200.000
60400.000
66000.000
66800.000
68600.000
61000.000
67200.000
57000.000
64600.000
66400.000
63000.000
61200.000
55600.000
68000.000
67200.000
65800.000
69600.000
64400.000
66600.000
64400.000
65800.000
65800.000
70400.000
59000.000
62200.000
59200.000
64800.000
68800.000
63000.000
66600.000
55800.000
67800.000
60800.000
66000.000
67000.000
62000.000
61600.000
57400.000
53400.000
57600.000
64000.000
58200.000
57000.000
64200.000
60200.000
63000.000
64400.000
63200.000
64200.000
63800.000
65200.000
64600.000
59200.000
60200.000
63600.000
62400.000
61800.000
64400.000
56600.000
68400.000
63000.000
65600.000
66800.000
66000.000
58000.000
57800.000
57600.000
60600.000
67000.000
64600.000
61800.000
61800.000
59800.000
60200.000
60200.000
61400.000
63200.000
58400.000
65000.000
62200.000
96000.000
94400.000
93000.000
86600.000
89400.000
95400.000
79600.000
85400.000
82200.000
80600.000
87600.000
83800.000
87000.000
83200.000
84800.000
79800.000
78000.000
82400.000
82000.000
79600.000
84400.000
79200.000
80600.000
75400.000
75200.000
81400.000
87200.000
86800.000
84400.000
81600.000
84800.000
83600.000
90400.000
84800.000
83400.000
79600.000
78800.000
80200.000
88400.000
85200.000
77600.000
84400.000
90600.000
76000.000
81000.000
82000.000
80000.000
79400.000
76200.000
67800.000
79400.000
65400.000
77600.000
80400.000
72200.000
79400.000
78000.000
73800.000
82200.000
73000.000
71000.000
82400.000
73000.000
75600.000
72000.000
79200.000
79400.000
73200.000
75000.000
72200.000
72000.000
68400.000
75400.000
71000.000
74800.000
71600.000
77800.000
74400.000
70800.000
75000.000
76600.000
75200.000
81400.000
69000.000
67000.000
68200.000
72400.000
70800.000
70600.000
65400.000
66000.000
64200.000
65600.000
65400.000
62600.000
64400.000
68400.000
70200.000
64600.000
62400.000
63000.000
71200.000
69800.000
67000.000
65400.000
62400.000
69200.000
64000.000
70200.000
62800.000
65000.000
60800.000
61200.000
57000.000
70200.000
57600.000
70400.000
60800.000
69000.000
67800.000
61000.000
62600.000
57800.000
59400.000
64600.000
62000.000
64200.000
62600.000
64600.000
62200.000
56800.000
57800.000
66200.000
63400.000
55600.000
64800.000
68400.000
60000.000
58400.000
55600.000
61400.000
63000.000
64000.000
61400.000
62400.000
58000.000
59400.000
62000.000
59400.000
60200.000
59000.000
65000.000
66600.000
62000.000
54000.000
61000.000
57400.000
52600.000
61400.000
62600.000
54600.000
54200.000
59200.000
57800.000
63400.000
51800.000
63600.000
56200.000
56400.000
54000.000
56600.000
62200.000
63400.000
59000.000
55400.000
60800.000
58800.000
57800.000
58400.000
57000.000
54600.000
56400.000
59000.000
57600.000
61400.000
61200.000
56000.000
57600.000
59000.000
64800.000
57600.000
58200.000
58200.000
56800.000
62600.000
65400.000
63400.000
53400.000
61200.000
57200.000
56400.000
80600.000
92400.000
84200.000
78200.000
84600.000
86200.000
93600.000
87600.000
90000.000
81400.000
81600.000
76000.000
80000.000
84200.000
77600.000
79800.000
76600.000
81400.000
76400.000
82400.000
82800.000
76600.000
86800.000
90400.000
86000.000
78000.000
83000.000
85800.000
77200.000
78800.000
81800.000
87400.000
80800.000
83200.000
76800.000
80800.000
74800.000
79400.000
75400.000
89000.000
83600.000
83000.000
72600.000
82200.000
74200.000
84400.000
80000.000
77600.000
87000.000
73600.000
72200.000
79000.000
79200.000
81200.000
78000.000
78400.000
80400.000
73200.000
75800.000
73200.000
77000.000
80400.000
74600.000
73600.000
75800.000
75000.000
84400.000
77200.000
77800.000
75800.000
67800.000
72200.000
73400.000
78400.000
75400.000
73000.000
75200.000
74400.000
72400.000
74200.000
76600.000
68400.000
66200.000
65800.000
63000.000
71200.000
73600.000
71800.000
68600.000
68800.000
72200.000
69800.000
67000.000
72800.000
65800.000
64000.000
69000.000
69600.000
73200.000
69800.000
65600.000
66800.000
69200.000
64200.000
62200.000
69800.000
69200.000
70400.000
73600.000
63600.000
63600.000
67200.000
63800.000
64800.000
61800.000
56800.000
60200.000
61400.000
64000.000
60000.000
66400.000
66200.000
62600.000
69200.000
60200.000
64000.000
63600.000
68400.000
72400.000
69400.000
60000.000
59200.000
63800.000
65000.000
64800.000
60800.000
60600.000
65600.000
68800.000
63800.000
59200.000
65200.000
65200.000
65400.000
71800.000
55000.000
65000.000
60600.000
67200.000
66000.000
63200.000
60600.000
58200.000
62800.000
56000.000
61000.000
62200.000
59000.000
66200.000
68000.000
63600.000
60000.000
58600.000
62400.000
56800.000
55800.000
67600.000
63800.000
62400.000
61000.000
64600.000
67800.000
63400.000
62800.000
63600.000
65200.000
63000.000
59000.000
58200.000
55600.000
59800.000
59000.000
61200.000
59400.000
60600.000
57000.000
65600.000
58200.000
57600.000
53800.000
60400.000
58600.000
55200.000
58800.000
58800.000
56800.000
55200.000
61200.000
63000.000
64800.000
61600.000

Notes: 
Time: 2025-09-10_13-14-01