timestamp,ix, iy, x_um,y_um,file
2025-11-10T21:06:51.769,0,0,6485.900,3137.800,D:\Data\2025-11-10\Image_2025-11-10_Img0007.txt
2025-11-10T21:07:13.185,0,1,6485.900,3219.331,D:\Data\2025-11-10\Image_2025-11-10_Img0008.txt
2025-11-10T21:07:33.823,0,2,6485.900,3300.862,D:\Data\2025-11-10\Image_2025-11-10_Img0009.txt
2025-11-10T21:07:55.045,0,3,6485.900,3382.392,D:\Data\2025-11-10\Image_2025-11-10_Img0010.txt
2025-11-10T21:08:16.110,0,4,6485.900,3463.923,D:\Data\2025-11-10\Image_2025-11-10_Img0011.txt
2025-11-10T21:08:36.108,0,5,6485.900,3545.454,D:\Data\2025-11-10\Image_2025-11-10_Img0012.txt
2025-11-10T21:08:56.577,0,6,6485.900,3626.985,D:\Data\2025-11-10\Image_2025-11-10_Img0013.txt
2025-11-10T21:09:17.490,0,7,6485.900,3708.515,D:\Data\2025-11-10\Image_2025-11-10_Img0014.txt
2025-11-10T21:09:38.721,0,8,6485.900,3790.046,D:\Data\2025-11-10\Image_2025-11-10_Img0015.txt
2025-11-10T21:09:58.996,0,9,6485.900,3871.577,D:\Data\2025-11-10\Image_2025-11-10_Img0016.txt
2025-11-10T21:10:19.731,0,10,6485.900,3953.108,D:\Data\2025-11-10\Image_2025-11-10_Img0017.txt
2025-11-10T21:10:40.842,0,11,6485.900,4034.638,D:\Data\2025-11-10\Image_2025-11-10_Img0018.txt
2025-11-10T21:11:01.507,0,12,6485.900,4116.169,D:\Data\2025-11-10\Image_2025-11-10_Img0019.txt
2025-11-10T21:11:22.018,0,13,6485.900,4197.700,D:\Data\2025-11-10\Image_2025-11-10_Img0020.txt
2025-11-10T21:11:42.273,0,14,6485.900,4279.231,D:\Data\2025-11-10\Image_2025-11-10_Img0021.txt
2025-11-10T21:12:02.114,0,15,6485.900,4360.762,D:\Data\2025-11-10\Image_2025-11-10_Img0022.txt
2025-11-10T21:12:22.236,0,16,6485.900,4442.292,D:\Data\2025-11-10\Image_2025-11-10_Img0023.txt
2025-11-10T21:12:43.114,0,17,6485.900,4523.823,D:\Data\2025-11-10\Image_2025-11-10_Img0024.txt
2025-11-10T21:13:03.361,0,18,6485.900,4605.354,D:\Data\2025-11-10\Image_2025-11-10_Img0025.txt
2025-11-10T21:13:23.274,0,19,6485.900,4686.885,D:\Data\2025-11-10\Image_2025-11-10_Img0026.txt
2025-11-10T21:13:42.760,0,20,6485.900,4768.415,D:\Data\2025-11-10\Image_2025-11-10_Img0027.txt
2025-11-10T21:14:03.165,0,21,6485.900,4849.946,D:\Data\2025-11-10\Image_2025-11-10_Img0028.txt
2025-11-10T21:14:23.078,0,22,6485.900,4931.477,D:\Data\2025-11-10\Image_2025-11-10_Img0029.txt
2025-11-10T21:14:43.648,0,23,6485.900,5013.008,D:\Data\2025-11-10\Image_2025-11-10_Img0030.txt
2025-11-10T21:15:03.542,0,24,6485.900,5094.538,D:\Data\2025-11-10\Image_2025-11-10_Img0031.txt
2025-11-10T21:15:23.600,0,25,6485.900,5176.069,D:\Data\2025-11-10\Image_2025-11-10_Img0032.txt
2025-11-10T21:15:43.812,0,26,6485.900,5257.600,D:\Data\2025-11-10\Image_2025-11-10_Img0033.txt
2025-11-10T21:16:04.402,0,27,6485.900,5339.131,D:\Data\2025-11-10\Image_2025-11-10_Img0034.txt
2025-11-10T21:16:24.762,0,28,6485.900,5420.662,D:\Data\2025-11-10\Image_2025-11-10_Img0035.txt
2025-11-10T21:16:44.326,0,29,6485.900,5502.192,D:\Data\2025-11-10\Image_2025-11-10_Img0036.txt
2025-11-10T21:17:04.498,0,30,6485.900,5583.723,D:\Data\2025-11-10\Image_2025-11-10_Img0037.txt
2025-11-10T21:17:24.279,0,31,6485.900,5665.254,D:\Data\2025-11-10\Image_2025-11-10_Img0038.txt
2025-11-10T21:17:43.628,0,32,6485.900,5746.785,D:\Data\2025-11-10\Image_2025-11-10_Img0039.txt
2025-11-10T21:18:03.717,0,33,6485.900,5828.315,D:\Data\2025-11-10\Image_2025-11-10_Img0040.txt
2025-11-10T21:18:23.313,0,34,6485.900,5909.846,D:\Data\2025-11-10\Image_2025-11-10_Img0041.txt
2025-11-10T21:18:43.213,0,35,6485.900,5991.377,D:\Data\2025-11-10\Image_2025-11-10_Img0042.txt
2025-11-10T21:19:02.897,0,36,6485.900,6072.908,D:\Data\2025-11-10\Image_2025-11-10_Img0043.txt
2025-11-10T21:19:23.442,0,37,6485.900,6154.438,D:\Data\2025-11-10\Image_2025-11-10_Img0044.txt
2025-11-10T21:19:43.183,0,38,6485.900,6235.969,D:\Data\2025-11-10\Image_2025-11-10_Img0045.txt
2025-11-10T21:20:02.501,0,39,6485.900,6317.500,D:\Data\2025-11-10\Image_2025-11-10_Img0046.txt
2025-11-10T21:20:23.836,1,39,6400.790,6317.500,D:\Data\2025-11-10\Image_2025-11-10_Img0047.txt
2025-11-10T21:20:43.542,1,38,6400.790,6235.969,D:\Data\2025-11-10\Image_2025-11-10_Img0048.txt
2025-11-10T21:21:03.958,1,37,6400.790,6154.438,D:\Data\2025-11-10\Image_2025-11-10_Img0049.txt
2025-11-10T21:21:23.764,1,36,6400.790,6072.908,D:\Data\2025-11-10\Image_2025-11-10_Img0050.txt
2025-11-10T21:21:43.760,1,35,6400.790,5991.377,D:\Data\2025-11-10\Image_2025-11-10_Img0051.txt
2025-11-10T21:22:03.022,1,34,6400.790,5909.846,D:\Data\2025-11-10\Image_2025-11-10_Img0052.txt
2025-11-10T21:22:22.440,1,33,6400.790,5828.315,D:\Data\2025-11-10\Image_2025-11-10_Img0053.txt
2025-11-10T21:22:42.144,1,32,6400.790,5746.785,D:\Data\2025-11-10\Image_2025-11-10_Img0054.txt
2025-11-10T21:23:01.516,1,31,6400.790,5665.254,D:\Data\2025-11-10\Image_2025-11-10_Img0055.txt
2025-11-10T21:23:21.061,1,30,6400.790,5583.723,D:\Data\2025-11-10\Image_2025-11-10_Img0056.txt
2025-11-10T21:23:40.261,1,29,6400.790,5502.192,D:\Data\2025-11-10\Image_2025-11-10_Img0057.txt
2025-11-10T21:24:00.670,1,28,6400.790,5420.662,D:\Data\2025-11-10\Image_2025-11-10_Img0058.txt
2025-11-10T21:24:20.877,1,27,6400.790,5339.131,D:\Data\2025-11-10\Image_2025-11-10_Img0059.txt
2025-11-10T21:24:41.387,1,26,6400.790,5257.600,D:\Data\2025-11-10\Image_2025-11-10_Img0060.txt
2025-11-10T21:25:02.115,1,25,6400.790,5176.069,D:\Data\2025-11-10\Image_2025-11-10_Img0061.txt
2025-11-10T21:25:22.146,1,24,6400.790,5094.538,D:\Data\2025-11-10\Image_2025-11-10_Img0062.txt
2025-11-10T21:25:42.861,1,23,6400.790,5013.008,D:\Data\2025-11-10\Image_2025-11-10_Img0063.txt
2025-11-10T21:26:03.031,1,22,6400.790,4931.477,D:\Data\2025-11-10\Image_2025-11-10_Img0064.txt
2025-11-10T21:26:23.087,1,21,6400.790,4849.946,D:\Data\2025-11-10\Image_2025-11-10_Img0065.txt
2025-11-10T21:26:43.030,1,20,6400.790,4768.415,D:\Data\2025-11-10\Image_2025-11-10_Img0066.txt
2025-11-10T21:27:02.348,1,19,6400.790,4686.885,D:\Data\2025-11-10\Image_2025-11-10_Img0067.txt
2025-11-10T21:27:22.850,1,18,6400.790,4605.354,D:\Data\2025-11-10\Image_2025-11-10_Img0068.txt
2025-11-10T21:27:43.515,1,17,6400.790,4523.823,D:\Data\2025-11-10\Image_2025-11-10_Img0069.txt
2025-11-10T21:28:04.338,1,16,6400.790,4442.292,D:\Data\2025-11-10\Image_2025-11-10_Img0070.txt
2025-11-10T21:28:25.043,1,15,6400.790,4360.762,D:\Data\2025-11-10\Image_2025-11-10_Img0071.txt
2025-11-10T21:28:45.898,1,14,6400.790,4279.231,D:\Data\2025-11-10\Image_2025-11-10_Img0072.txt
2025-11-10T21:29:06.531,1,13,6400.790,4197.700,D:\Data\2025-11-10\Image_2025-11-10_Img0073.txt
2025-11-10T21:29:27.861,1,12,6400.790,4116.169,D:\Data\2025-11-10\Image_2025-11-10_Img0074.txt
2025-11-10T21:29:48.017,1,11,6400.790,4034.638,D:\Data\2025-11-10\Image_2025-11-10_Img0075.txt
2025-11-10T21:30:08.881,1,10,6400.790,3953.108,D:\Data\2025-11-10\Image_2025-11-10_Img0076.txt
2025-11-10T21:30:29.527,1,9,6400.790,3871.577,D:\Data\2025-11-10\Image_2025-11-10_Img0077.txt
2025-11-10T21:30:50.102,1,8,6400.790,3790.046,D:\Data\2025-11-10\Image_2025-11-10_Img0078.txt
2025-11-10T21:31:11.852,1,7,6400.790,3708.515,D:\Data\2025-11-10\Image_2025-11-10_Img0079.txt
2025-11-10T21:31:33.432,1,6,6400.790,3626.985,D:\Data\2025-11-10\Image_2025-11-10_Img0080.txt
2025-11-10T21:31:54.373,1,5,6400.790,3545.454,D:\Data\2025-11-10\Image_2025-11-10_Img0081.txt
2025-11-10T21:32:15.699,1,4,6400.790,3463.923,D:\Data\2025-11-10\Image_2025-11-10_Img0082.txt
2025-11-10T21:32:36.078,1,3,6400.790,3382.392,D:\Data\2025-11-10\Image_2025-11-10_Img0083.txt
2025-11-10T21:32:56.871,1,2,6400.790,3300.862,D:\Data\2025-11-10\Image_2025-11-10_Img0084.txt
2025-11-10T21:33:17.545,1,1,6400.790,3219.331,D:\Data\2025-11-10\Image_2025-11-10_Img0085.txt
2025-11-10T21:33:37.611,1,0,6400.790,3137.800,D:\Data\2025-11-10\Image_2025-11-10_Img0086.txt
2025-11-10T21:34:00.123,2,0,6315.679,3137.800,D:\Data\2025-11-10\Image_2025-11-10_Img0087.txt
2025-11-10T21:34:21.049,2,1,6315.679,3219.331,D:\Data\2025-11-10\Image_2025-11-10_Img0088.txt
2025-11-10T21:34:41.710,2,2,6315.679,3300.862,D:\Data\2025-11-10\Image_2025-11-10_Img0089.txt
2025-11-10T21:35:03.329,2,3,6315.679,3382.392,D:\Data\2025-11-10\Image_2025-11-10_Img0090.txt
2025-11-10T21:35:24.796,2,4,6315.679,3463.923,D:\Data\2025-11-10\Image_2025-11-10_Img0091.txt
2025-11-10T21:35:46.151,2,5,6315.679,3545.454,D:\Data\2025-11-10\Image_2025-11-10_Img0092.txt
2025-11-10T21:36:07.514,2,6,6315.679,3626.985,D:\Data\2025-11-10\Image_2025-11-10_Img0093.txt
2025-11-10T21:36:27.746,2,7,6315.679,3708.515,D:\Data\2025-11-10\Image_2025-11-10_Img0094.txt
2025-11-10T21:36:48.299,2,8,6315.679,3790.046,D:\Data\2025-11-10\Image_2025-11-10_Img0095.txt
2025-11-10T21:37:09.816,2,9,6315.679,3871.577,D:\Data\2025-11-10\Image_2025-11-10_Img0096.txt
2025-11-10T21:37:30.187,2,10,6315.679,3953.108,D:\Data\2025-11-10\Image_2025-11-10_Img0097.txt
2025-11-10T21:37:50.750,2,11,6315.679,4034.638,D:\Data\2025-11-10\Image_2025-11-10_Img0098.txt
2025-11-10T21:38:10.877,2,12,6315.679,4116.169,D:\Data\2025-11-10\Image_2025-11-10_Img0099.txt
2025-11-10T21:38:31.792,2,13,6315.679,4197.700,D:\Data\2025-11-10\Image_2025-11-10_Img0100.txt
2025-11-10T21:38:51.722,2,14,6315.679,4279.231,D:\Data\2025-11-10\Image_2025-11-10_Img0101.txt
2025-11-10T21:39:12.180,2,15,6315.679,4360.762,D:\Data\2025-11-10\Image_2025-11-10_Img0102.txt
2025-11-10T21:39:33.326,2,16,6315.679,4442.292,D:\Data\2025-11-10\Image_2025-11-10_Img0103.txt
2025-11-10T21:39:54.220,2,17,6315.679,4523.823,D:\Data\2025-11-10\Image_2025-11-10_Img0104.txt
2025-11-10T21:40:15.019,2,18,6315.679,4605.354,D:\Data\2025-11-10\Image_2025-11-10_Img0105.txt
2025-11-10T21:40:35.146,2,19,6315.679,4686.885,D:\Data\2025-11-10\Image_2025-11-10_Img0106.txt
2025-11-10T21:40:54.985,2,20,6315.679,4768.415,D:\Data\2025-11-10\Image_2025-11-10_Img0107.txt
2025-11-10T21:41:15.297,2,21,6315.679,4849.946,D:\Data\2025-11-10\Image_2025-11-10_Img0108.txt
2025-11-10T21:41:35.802,2,22,6315.679,4931.477,D:\Data\2025-11-10\Image_2025-11-10_Img0109.txt
2025-11-10T21:41:56.043,2,23,6315.679,5013.008,D:\Data\2025-11-10\Image_2025-11-10_Img0110.txt
2025-11-10T21:42:17.026,2,24,6315.679,5094.538,D:\Data\2025-11-10\Image_2025-11-10_Img0111.txt
2025-11-10T21:42:37.538,2,25,6315.679,5176.069,D:\Data\2025-11-10\Image_2025-11-10_Img0112.txt
2025-11-10T21:42:58.296,2,26,6315.679,5257.600,D:\Data\2025-11-10\Image_2025-11-10_Img0113.txt
2025-11-10T21:43:19.534,2,27,6315.679,5339.131,D:\Data\2025-11-10\Image_2025-11-10_Img0114.txt
2025-11-10T21:43:40.354,2,28,6315.679,5420.662,D:\Data\2025-11-10\Image_2025-11-10_Img0115.txt
2025-11-10T21:44:01.777,2,29,6315.679,5502.192,D:\Data\2025-11-10\Image_2025-11-10_Img0116.txt
2025-11-10T21:44:22.391,2,30,6315.679,5583.723,D:\Data\2025-11-10\Image_2025-11-10_Img0117.txt
2025-11-10T21:44:42.718,2,31,6315.679,5665.254,D:\Data\2025-11-10\Image_2025-11-10_Img0118.txt
2025-11-10T21:45:04.283,2,32,6315.679,5746.785,D:\Data\2025-11-10\Image_2025-11-10_Img0119.txt
2025-11-10T21:45:24.920,2,33,6315.679,5828.315,D:\Data\2025-11-10\Image_2025-11-10_Img0120.txt
2025-11-10T21:45:44.813,2,34,6315.679,5909.846,D:\Data\2025-11-10\Image_2025-11-10_Img0121.txt
2025-11-10T21:46:04.634,2,35,6315.679,5991.377,D:\Data\2025-11-10\Image_2025-11-10_Img0122.txt
2025-11-10T21:46:25.862,2,36,6315.679,6072.908,D:\Data\2025-11-10\Image_2025-11-10_Img0123.txt
2025-11-10T21:46:46.257,2,37,6315.679,6154.438,D:\Data\2025-11-10\Image_2025-11-10_Img0124.txt
2025-11-10T21:47:06.048,2,38,6315.679,6235.969,D:\Data\2025-11-10\Image_2025-11-10_Img0125.txt
2025-11-10T21:47:25.440,2,39,6315.679,6317.500,D:\Data\2025-11-10\Image_2025-11-10_Img0126.txt
2025-11-10T21:47:49.001,3,39,6230.569,6317.500,D:\Data\2025-11-10\Image_2025-11-10_Img0127.txt
2025-11-10T21:48:08.687,3,38,6230.569,6235.969,D:\Data\2025-11-10\Image_2025-11-10_Img0128.txt
2025-11-10T21:48:30.362,3,37,6230.569,6154.438,D:\Data\2025-11-10\Image_2025-11-10_Img0129.txt
2025-11-10T21:48:49.904,3,36,6230.569,6072.908,D:\Data\2025-11-10\Image_2025-11-10_Img0130.txt
2025-11-10T21:49:10.102,3,35,6230.569,5991.377,D:\Data\2025-11-10\Image_2025-11-10_Img0131.txt
2025-11-10T21:49:29.852,3,34,6230.569,5909.846,D:\Data\2025-11-10\Image_2025-11-10_Img0132.txt
2025-11-10T21:49:49.358,3,33,6230.569,5828.315,D:\Data\2025-11-10\Image_2025-11-10_Img0133.txt
2025-11-10T21:50:10.440,3,32,6230.569,5746.785,D:\Data\2025-11-10\Image_2025-11-10_Img0134.txt
2025-11-10T21:50:31.692,3,31,6230.569,5665.254,D:\Data\2025-11-10\Image_2025-11-10_Img0135.txt
2025-11-10T21:50:51.265,3,30,6230.569,5583.723,D:\Data\2025-11-10\Image_2025-11-10_Img0136.txt
2025-11-10T21:51:11.928,3,29,6230.569,5502.192,D:\Data\2025-11-10\Image_2025-11-10_Img0137.txt
2025-11-10T21:51:32.225,3,28,6230.569,5420.662,D:\Data\2025-11-10\Image_2025-11-10_Img0138.txt
2025-11-10T21:51:52.964,3,27,6230.569,5339.131,D:\Data\2025-11-10\Image_2025-11-10_Img0139.txt
2025-11-10T21:52:13.664,3,26,6230.569,5257.600,D:\Data\2025-11-10\Image_2025-11-10_Img0140.txt
2025-11-10T21:52:34.082,3,25,6230.569,5176.069,D:\Data\2025-11-10\Image_2025-11-10_Img0141.txt
2025-11-10T21:52:54.585,3,24,6230.569,5094.538,D:\Data\2025-11-10\Image_2025-11-10_Img0142.txt
2025-11-10T21:53:14.482,3,23,6230.569,5013.008,D:\Data\2025-11-10\Image_2025-11-10_Img0143.txt
2025-11-10T21:53:34.931,3,22,6230.569,4931.477,D:\Data\2025-11-10\Image_2025-11-10_Img0144.txt
2025-11-10T21:53:55.881,3,21,6230.569,4849.946,D:\Data\2025-11-10\Image_2025-11-10_Img0145.txt
2025-11-10T21:54:17.255,3,20,6230.569,4768.415,D:\Data\2025-11-10\Image_2025-11-10_Img0146.txt
2025-11-10T21:54:37.919,3,19,6230.569,4686.885,D:\Data\2025-11-10\Image_2025-11-10_Img0147.txt
2025-11-10T21:54:58.775,3,18,6230.569,4605.354,D:\Data\2025-11-10\Image_2025-11-10_Img0148.txt
2025-11-10T21:55:20.080,3,17,6230.569,4523.823,D:\Data\2025-11-10\Image_2025-11-10_Img0149.txt
2025-11-10T21:55:40.824,3,16,6230.569,4442.292,D:\Data\2025-11-10\Image_2025-11-10_Img0150.txt
2025-11-10T21:56:01.650,3,15,6230.569,4360.762,D:\Data\2025-11-10\Image_2025-11-10_Img0151.txt
2025-11-10T21:56:22.733,3,14,6230.569,4279.231,D:\Data\2025-11-10\Image_2025-11-10_Img0152.txt
2025-11-10T21:56:42.893,3,13,6230.569,4197.700,D:\Data\2025-11-10\Image_2025-11-10_Img0153.txt
2025-11-10T21:57:03.291,3,12,6230.569,4116.169,D:\Data\2025-11-10\Image_2025-11-10_Img0154.txt
2025-11-10T21:57:24.753,3,11,6230.569,4034.638,D:\Data\2025-11-10\Image_2025-11-10_Img0155.txt
2025-11-10T21:57:46.480,3,10,6230.569,3953.108,D:\Data\2025-11-10\Image_2025-11-10_Img0156.txt
2025-11-10T21:58:06.858,3,9,6230.569,3871.577,D:\Data\2025-11-10\Image_2025-11-10_Img0157.txt
2025-11-10T21:58:28.443,3,8,6230.569,3790.046,D:\Data\2025-11-10\Image_2025-11-10_Img0158.txt
2025-11-10T21:58:49.950,3,7,6230.569,3708.515,D:\Data\2025-11-10\Image_2025-11-10_Img0159.txt
2025-11-10T21:59:10.809,3,6,6230.569,3626.985,D:\Data\2025-11-10\Image_2025-11-10_Img0160.txt
2025-11-10T21:59:31.637,3,5,6230.569,3545.454,D:\Data\2025-11-10\Image_2025-11-10_Img0161.txt
2025-11-10T21:59:52.938,3,4,6230.569,3463.923,D:\Data\2025-11-10\Image_2025-11-10_Img0162.txt
2025-11-10T22:00:14.494,3,3,6230.569,3382.392,D:\Data\2025-11-10\Image_2025-11-10_Img0163.txt
2025-11-10T22:00:35.970,3,2,6230.569,3300.862,D:\Data\2025-11-10\Image_2025-11-10_Img0164.txt
2025-11-10T22:00:57.045,3,1,6230.569,3219.331,D:\Data\2025-11-10\Image_2025-11-10_Img0165.txt
2025-11-10T22:01:18.549,3,0,6230.569,3137.800,D:\Data\2025-11-10\Image_2025-11-10_Img0166.txt
2025-11-10T22:01:41.419,4,0,6145.459,3137.800,D:\Data\2025-11-10\Image_2025-11-10_Img0167.txt
2025-11-10T22:02:03.199,4,1,6145.459,3219.331,D:\Data\2025-11-10\Image_2025-11-10_Img0168.txt
2025-11-10T22:02:23.891,4,2,6145.459,3300.862,D:\Data\2025-11-10\Image_2025-11-10_Img0169.txt
2025-11-10T22:02:43.555,4,3,6145.459,3382.392,D:\Data\2025-11-10\Image_2025-11-10_Img0170.txt
2025-11-10T22:03:03.045,4,4,6145.459,3463.923,D:\Data\2025-11-10\Image_2025-11-10_Img0171.txt
2025-11-10T22:03:23.469,4,5,6145.459,3545.454,D:\Data\2025-11-10\Image_2025-11-10_Img0172.txt
2025-11-10T22:03:44.426,4,6,6145.459,3626.985,D:\Data\2025-11-10\Image_2025-11-10_Img0173.txt
2025-11-10T22:04:05.462,4,7,6145.459,3708.515,D:\Data\2025-11-10\Image_2025-11-10_Img0174.txt
2025-11-10T22:04:26.547,4,8,6145.459,3790.046,D:\Data\2025-11-10\Image_2025-11-10_Img0175.txt
2025-11-10T22:04:48.432,4,9,6145.459,3871.577,D:\Data\2025-11-10\Image_2025-11-10_Img0176.txt
2025-11-10T22:05:10.016,4,10,6145.459,3953.108,D:\Data\2025-11-10\Image_2025-11-10_Img0177.txt
2025-11-10T22:05:32.226,4,11,6145.459,4034.638,D:\Data\2025-11-10\Image_2025-11-10_Img0178.txt
2025-11-10T22:05:53.835,4,12,6145.459,4116.169,D:\Data\2025-11-10\Image_2025-11-10_Img0179.txt
2025-11-10T22:06:16.016,4,13,6145.459,4197.700,D:\Data\2025-11-10\Image_2025-11-10_Img0180.txt
2025-11-10T22:06:36.308,4,14,6145.459,4279.231,D:\Data\2025-11-10\Image_2025-11-10_Img0181.txt
2025-11-10T22:06:56.430,4,15,6145.459,4360.762,D:\Data\2025-11-10\Image_2025-11-10_Img0182.txt
2025-11-10T22:07:18.036,4,16,6145.459,4442.292,D:\Data\2025-11-10\Image_2025-11-10_Img0183.txt
2025-11-10T22:07:38.668,4,17,6145.459,4523.823,D:\Data\2025-11-10\Image_2025-11-10_Img0184.txt
2025-11-10T22:07:59.662,4,18,6145.459,4605.354,D:\Data\2025-11-10\Image_2025-11-10_Img0185.txt
2025-11-10T22:08:20.101,4,19,6145.459,4686.885,D:\Data\2025-11-10\Image_2025-11-10_Img0186.txt
2025-11-10T22:08:42.286,4,20,6145.459,4768.415,D:\Data\2025-11-10\Image_2025-11-10_Img0187.txt
2025-11-10T22:09:03.678,4,21,6145.459,4849.946,D:\Data\2025-11-10\Image_2025-11-10_Img0188.txt
2025-11-10T22:09:24.469,4,22,6145.459,4931.477,D:\Data\2025-11-10\Image_2025-11-10_Img0189.txt
2025-11-10T22:09:45.760,4,23,6145.459,5013.008,D:\Data\2025-11-10\Image_2025-11-10_Img0190.txt
2025-11-10T22:10:06.296,4,24,6145.459,5094.538,D:\Data\2025-11-10\Image_2025-11-10_Img0191.txt
2025-11-10T22:10:26.097,4,25,6145.459,5176.069,D:\Data\2025-11-10\Image_2025-11-10_Img0192.txt
2025-11-10T22:10:46.251,4,26,6145.459,5257.600,D:\Data\2025-11-10\Image_2025-11-10_Img0193.txt
2025-11-10T22:11:06.324,4,27,6145.459,5339.131,D:\Data\2025-11-10\Image_2025-11-10_Img0194.txt
2025-11-10T22:11:26.681,4,28,6145.459,5420.662,D:\Data\2025-11-10\Image_2025-11-10_Img0195.txt
2025-11-10T22:11:46.860,4,29,6145.459,5502.192,D:\Data\2025-11-10\Image_2025-11-10_Img0196.txt
2025-11-10T22:12:07.565,4,30,6145.459,5583.723,D:\Data\2025-11-10\Image_2025-11-10_Img0197.txt
2025-11-10T22:12:29.055,4,31,6145.459,5665.254,D:\Data\2025-11-10\Image_2025-11-10_Img0198.txt
2025-11-10T22:12:50.636,4,32,6145.459,5746.785,D:\Data\2025-11-10\Image_2025-11-10_Img0199.txt
2025-11-10T22:13:10.655,4,33,6145.459,5828.315,D:\Data\2025-11-10\Image_2025-11-10_Img0200.txt
2025-11-10T22:13:31.743,4,34,6145.459,5909.846,D:\Data\2025-11-10\Image_2025-11-10_Img0201.txt
2025-11-10T22:13:52.817,4,35,6145.459,5991.377,D:\Data\2025-11-10\Image_2025-11-10_Img0202.txt
2025-11-10T22:14:13.249,4,36,6145.459,6072.908,D:\Data\2025-11-10\Image_2025-11-10_Img0203.txt
2025-11-10T22:14:34.064,4,37,6145.459,6154.438,D:\Data\2025-11-10\Image_2025-11-10_Img0204.txt
2025-11-10T22:14:55.235,4,38,6145.459,6235.969,D:\Data\2025-11-10\Image_2025-11-10_Img0205.txt
2025-11-10T22:15:15.587,4,39,6145.459,6317.500,D:\Data\2025-11-10\Image_2025-11-10_Img0206.txt
2025-11-10T22:15:37.319,5,39,6060.349,6317.500,D:\Data\2025-11-10\Image_2025-11-10_Img0207.txt
2025-11-10T22:15:57.302,5,38,6060.349,6235.969,D:\Data\2025-11-10\Image_2025-11-10_Img0208.txt
2025-11-10T22:16:19.371,5,37,6060.349,6154.438,D:\Data\2025-11-10\Image_2025-11-10_Img0209.txt
2025-11-10T22:16:40.544,5,36,6060.349,6072.908,D:\Data\2025-11-10\Image_2025-11-10_Img0210.txt
2025-11-10T22:17:01.723,5,35,6060.349,5991.377,D:\Data\2025-11-10\Image_2025-11-10_Img0211.txt
2025-11-10T22:17:22.382,5,34,6060.349,5909.846,D:\Data\2025-11-10\Image_2025-11-10_Img0212.txt
2025-11-10T22:17:42.314,5,33,6060.349,5828.315,D:\Data\2025-11-10\Image_2025-11-10_Img0213.txt
2025-11-10T22:18:02.318,5,32,6060.349,5746.785,D:\Data\2025-11-10\Image_2025-11-10_Img0214.txt
2025-11-10T22:18:22.601,5,31,6060.349,5665.254,D:\Data\2025-11-10\Image_2025-11-10_Img0215.txt
2025-11-10T22:18:43.382,5,30,6060.349,5583.723,D:\Data\2025-11-10\Image_2025-11-10_Img0216.txt
2025-11-10T22:19:05.261,5,29,6060.349,5502.192,D:\Data\2025-11-10\Image_2025-11-10_Img0217.txt
2025-11-10T22:19:26.099,5,28,6060.349,5420.662,D:\Data\2025-11-10\Image_2025-11-10_Img0218.txt
2025-11-10T22:19:46.600,5,27,6060.349,5339.131,D:\Data\2025-11-10\Image_2025-11-10_Img0219.txt
2025-11-10T22:20:09.320,5,26,6060.349,5257.600,D:\Data\2025-11-10\Image_2025-11-10_Img0220.txt
2025-11-10T22:20:29.626,5,25,6060.349,5176.069,D:\Data\2025-11-10\Image_2025-11-10_Img0221.txt
2025-11-10T22:20:49.835,5,24,6060.349,5094.538,D:\Data\2025-11-10\Image_2025-11-10_Img0222.txt
2025-11-10T22:21:11.741,5,23,6060.349,5013.008,D:\Data\2025-11-10\Image_2025-11-10_Img0223.txt
2025-11-10T22:21:33.846,5,22,6060.349,4931.477,D:\Data\2025-11-10\Image_2025-11-10_Img0224.txt
2025-11-10T22:21:54.794,5,21,6060.349,4849.946,D:\Data\2025-11-10\Image_2025-11-10_Img0225.txt
2025-11-10T22:22:20.347,5,20,6060.349,4768.415,D:\Data\2025-11-10\Image_2025-11-10_Img0226.txt
2025-11-10T22:22:41.434,5,19,6060.349,4686.885,D:\Data\2025-11-10\Image_2025-11-10_Img0227.txt
2025-11-10T22:23:02.668,5,18,6060.349,4605.354,D:\Data\2025-11-10\Image_2025-11-10_Img0228.txt
2025-11-10T22:23:23.559,5,17,6060.349,4523.823,D:\Data\2025-11-10\Image_2025-11-10_Img0229.txt
2025-11-10T22:23:44.358,5,16,6060.349,4442.292,D:\Data\2025-11-10\Image_2025-11-10_Img0230.txt
2025-11-10T22:24:04.808,5,15,6060.349,4360.762,D:\Data\2025-11-10\Image_2025-11-10_Img0231.txt
2025-11-10T22:24:25.844,5,14,6060.349,4279.231,D:\Data\2025-11-10\Image_2025-11-10_Img0232.txt
2025-11-10T22:24:46.356,5,13,6060.349,4197.700,D:\Data\2025-11-10\Image_2025-11-10_Img0233.txt
2025-11-10T22:25:11.315,5,12,6060.349,4116.169,D:\Data\2025-11-10\Image_2025-11-10_Img0234.txt
2025-11-10T22:25:32.765,5,11,6060.349,4034.638,D:\Data\2025-11-10\Image_2025-11-10_Img0235.txt
2025-11-10T22:25:53.955,5,10,6060.349,3953.108,D:\Data\2025-11-10\Image_2025-11-10_Img0236.txt
2025-11-10T22:26:15.668,5,9,6060.349,3871.577,D:\Data\2025-11-10\Image_2025-11-10_Img0237.txt
2025-11-10T22:26:36.695,5,8,6060.349,3790.046,D:\Data\2025-11-10\Image_2025-11-10_Img0238.txt
2025-11-10T22:26:57.829,5,7,6060.349,3708.515,D:\Data\2025-11-10\Image_2025-11-10_Img0239.txt
2025-11-10T22:27:18.921,5,6,6060.349,3626.985,D:\Data\2025-11-10\Image_2025-11-10_Img0240.txt
2025-11-10T22:27:38.860,5,5,6060.349,3545.454,D:\Data\2025-11-10\Image_2025-11-10_Img0241.txt
2025-11-10T22:27:59.065,5,4,6060.349,3463.923,D:\Data\2025-11-10\Image_2025-11-10_Img0242.txt
2025-11-10T22:28:18.688,5,3,6060.349,3382.392,D:\Data\2025-11-10\Image_2025-11-10_Img0243.txt
2025-11-10T22:28:40.007,5,2,6060.349,3300.862,D:\Data\2025-11-10\Image_2025-11-10_Img0244.txt
2025-11-10T22:29:02.184,5,1,6060.349,3219.331,D:\Data\2025-11-10\Image_2025-11-10_Img0245.txt
2025-11-10T22:29:23.791,5,0,6060.349,3137.800,D:\Data\2025-11-10\Image_2025-11-10_Img0246.txt
2025-11-10T22:29:47.239,6,0,5975.238,3137.800,D:\Data\2025-11-10\Image_2025-11-10_Img0247.txt
2025-11-10T22:30:09.403,6,1,5975.238,3219.331,D:\Data\2025-11-10\Image_2025-11-10_Img0248.txt
2025-11-10T22:30:31.175,6,2,5975.238,3300.862,D:\Data\2025-11-10\Image_2025-11-10_Img0249.txt
2025-11-10T22:30:51.809,6,3,5975.238,3382.392,D:\Data\2025-11-10\Image_2025-11-10_Img0250.txt
2025-11-10T22:31:12.642,6,4,5975.238,3463.923,D:\Data\2025-11-10\Image_2025-11-10_Img0251.txt
2025-11-10T22:31:32.248,6,5,5975.238,3545.454,D:\Data\2025-11-10\Image_2025-11-10_Img0252.txt
2025-11-10T22:31:51.820,6,6,5975.238,3626.985,D:\Data\2025-11-10\Image_2025-11-10_Img0253.txt
2025-11-10T22:32:12.774,6,7,5975.238,3708.515,D:\Data\2025-11-10\Image_2025-11-10_Img0254.txt
2025-11-10T22:32:33.450,6,8,5975.238,3790.046,D:\Data\2025-11-10\Image_2025-11-10_Img0255.txt
2025-11-10T22:32:55.491,6,9,5975.238,3871.577,D:\Data\2025-11-10\Image_2025-11-10_Img0256.txt
2025-11-10T22:33:16.967,6,10,5975.238,3953.108,D:\Data\2025-11-10\Image_2025-11-10_Img0257.txt
2025-11-10T22:33:37.447,6,11,5975.238,4034.638,D:\Data\2025-11-10\Image_2025-11-10_Img0258.txt
2025-11-10T22:33:57.709,6,12,5975.238,4116.169,D:\Data\2025-11-10\Image_2025-11-10_Img0259.txt
2025-11-10T22:34:20.412,6,13,5975.238,4197.700,D:\Data\2025-11-10\Image_2025-11-10_Img0260.txt
2025-11-10T22:34:40.832,6,14,5975.238,4279.231,D:\Data\2025-11-10\Image_2025-11-10_Img0261.txt
2025-11-10T22:35:02.424,6,15,5975.238,4360.762,D:\Data\2025-11-10\Image_2025-11-10_Img0262.txt
2025-11-10T22:35:22.589,6,16,5975.238,4442.292,D:\Data\2025-11-10\Image_2025-11-10_Img0263.txt
2025-11-10T22:35:43.468,6,17,5975.238,4523.823,D:\Data\2025-11-10\Image_2025-11-10_Img0264.txt
2025-11-10T22:36:04.460,6,18,5975.238,4605.354,D:\Data\2025-11-10\Image_2025-11-10_Img0265.txt
2025-11-10T22:36:24.959,6,19,5975.238,4686.885,D:\Data\2025-11-10\Image_2025-11-10_Img0266.txt
2025-11-10T22:36:46.500,6,20,5975.238,4768.415,D:\Data\2025-11-10\Image_2025-11-10_Img0267.txt
2025-11-10T22:37:07.993,6,21,5975.238,4849.946,D:\Data\2025-11-10\Image_2025-11-10_Img0268.txt
2025-11-10T22:37:29.886,6,22,5975.238,4931.477,D:\Data\2025-11-10\Image_2025-11-10_Img0269.txt
2025-11-10T22:37:51.892,6,23,5975.238,5013.008,D:\Data\2025-11-10\Image_2025-11-10_Img0270.txt
2025-11-10T22:38:12.561,6,24,5975.238,5094.538,D:\Data\2025-11-10\Image_2025-11-10_Img0271.txt
2025-11-10T22:38:32.508,6,25,5975.238,5176.069,D:\Data\2025-11-10\Image_2025-11-10_Img0272.txt
2025-11-10T22:38:52.833,6,26,5975.238,5257.600,D:\Data\2025-11-10\Image_2025-11-10_Img0273.txt
2025-11-10T22:39:13.195,6,27,5975.238,5339.131,D:\Data\2025-11-10\Image_2025-11-10_Img0274.txt
2025-11-10T22:39:39.258,6,28,5975.238,5420.662,D:\Data\2025-11-10\Image_2025-11-10_Img0275.txt
2025-11-10T22:40:00.568,6,29,5975.238,5502.192,D:\Data\2025-11-10\Image_2025-11-10_Img0276.txt
2025-11-10T22:40:21.535,6,30,5975.238,5583.723,D:\Data\2025-11-10\Image_2025-11-10_Img0277.txt
2025-11-10T22:40:43.043,6,31,5975.238,5665.254,D:\Data\2025-11-10\Image_2025-11-10_Img0278.txt
2025-11-10T22:41:03.929,6,32,5975.238,5746.785,D:\Data\2025-11-10\Image_2025-11-10_Img0279.txt
2025-11-10T22:41:24.539,6,33,5975.238,5828.315,D:\Data\2025-11-10\Image_2025-11-10_Img0280.txt
2025-11-10T22:41:45.853,6,34,5975.238,5909.846,D:\Data\2025-11-10\Image_2025-11-10_Img0281.txt
2025-11-10T22:42:07.078,6,35,5975.238,5991.377,D:\Data\2025-11-10\Image_2025-11-10_Img0282.txt
2025-11-10T22:42:28.271,6,36,5975.238,6072.908,D:\Data\2025-11-10\Image_2025-11-10_Img0283.txt
2025-11-10T22:42:49.295,6,37,5975.238,6154.438,D:\Data\2025-11-10\Image_2025-11-10_Img0284.txt
2025-11-10T22:43:10.784,6,38,5975.238,6235.969,D:\Data\2025-11-10\Image_2025-11-10_Img0285.txt
2025-11-10T22:43:30.631,6,39,5975.238,6317.500,D:\Data\2025-11-10\Image_2025-11-10_Img0286.txt
2025-11-10T22:43:52.588,7,39,5890.128,6317.500,D:\Data\2025-11-10\Image_2025-11-10_Img0287.txt
2025-11-10T22:44:11.930,7,38,5890.128,6235.969,D:\Data\2025-11-10\Image_2025-11-10_Img0288.txt
2025-11-10T22:44:32.387,7,37,5890.128,6154.438,D:\Data\2025-11-10\Image_2025-11-10_Img0289.txt
2025-11-10T22:44:52.070,7,36,5890.128,6072.908,D:\Data\2025-11-10\Image_2025-11-10_Img0290.txt
2025-11-10T22:45:14.059,7,35,5890.128,5991.377,D:\Data\2025-11-10\Image_2025-11-10_Img0291.txt
2025-11-10T22:45:34.060,7,34,5890.128,5909.846,D:\Data\2025-11-10\Image_2025-11-10_Img0292.txt
2025-11-10T22:45:55.479,7,33,5890.128,5828.315,D:\Data\2025-11-10\Image_2025-11-10_Img0293.txt
2025-11-10T22:46:15.949,7,32,5890.128,5746.785,D:\Data\2025-11-10\Image_2025-11-10_Img0294.txt
2025-11-10T22:46:36.742,7,31,5890.128,5665.254,D:\Data\2025-11-10\Image_2025-11-10_Img0295.txt
2025-11-10T22:46:57.213,7,30,5890.128,5583.723,D:\Data\2025-11-10\Image_2025-11-10_Img0296.txt
2025-11-10T22:47:17.207,7,29,5890.128,5502.192,D:\Data\2025-11-10\Image_2025-11-10_Img0297.txt
2025-11-10T22:47:38.083,7,28,5890.128,5420.662,D:\Data\2025-11-10\Image_2025-11-10_Img0298.txt
2025-11-10T22:47:59.941,7,27,5890.128,5339.131,D:\Data\2025-11-10\Image_2025-11-10_Img0299.txt
2025-11-10T22:48:22.460,7,26,5890.128,5257.600,D:\Data\2025-11-10\Image_2025-11-10_Img0300.txt
2025-11-10T22:48:44.399,7,25,5890.128,5176.069,D:\Data\2025-11-10\Image_2025-11-10_Img0301.txt
2025-11-10T22:49:04.952,7,24,5890.128,5094.538,D:\Data\2025-11-10\Image_2025-11-10_Img0302.txt
2025-11-10T22:49:27.593,7,23,5890.128,5013.008,D:\Data\2025-11-10\Image_2025-11-10_Img0303.txt
2025-11-10T22:49:47.493,7,22,5890.128,4931.477,D:\Data\2025-11-10\Image_2025-11-10_Img0304.txt
2025-11-10T22:50:07.779,7,21,5890.128,4849.946,D:\Data\2025-11-10\Image_2025-11-10_Img0305.txt
2025-11-10T22:50:28.963,7,20,5890.128,4768.415,D:\Data\2025-11-10\Image_2025-11-10_Img0306.txt
2025-11-10T22:50:49.991,7,19,5890.128,4686.885,D:\Data\2025-11-10\Image_2025-11-10_Img0307.txt
2025-11-10T22:51:11.885,7,18,5890.128,4605.354,D:\Data\2025-11-10\Image_2025-11-10_Img0308.txt
2025-11-10T22:51:32.734,7,17,5890.128,4523.823,D:\Data\2025-11-10\Image_2025-11-10_Img0309.txt
2025-11-10T22:51:53.222,7,16,5890.128,4442.292,D:\Data\2025-11-10\Image_2025-11-10_Img0310.txt
2025-11-10T22:52:13.998,7,15,5890.128,4360.762,D:\Data\2025-11-10\Image_2025-11-10_Img0311.txt
2025-11-10T22:52:35.326,7,14,5890.128,4279.231,D:\Data\2025-11-10\Image_2025-11-10_Img0312.txt
2025-11-10T22:52:57.283,7,13,5890.128,4197.700,D:\Data\2025-11-10\Image_2025-11-10_Img0313.txt
2025-11-10T22:53:18.472,7,12,5890.128,4116.169,D:\Data\2025-11-10\Image_2025-11-10_Img0314.txt
2025-11-10T22:53:38.442,7,11,5890.128,4034.638,D:\Data\2025-11-10\Image_2025-11-10_Img0315.txt
2025-11-10T22:54:00.472,7,10,5890.128,3953.108,D:\Data\2025-11-10\Image_2025-11-10_Img0316.txt
2025-11-10T22:54:22.610,7,9,5890.128,3871.577,D:\Data\2025-11-10\Image_2025-11-10_Img0317.txt
2025-11-10T22:54:43.094,7,8,5890.128,3790.046,D:\Data\2025-11-10\Image_2025-11-10_Img0318.txt
2025-11-10T22:55:03.845,7,7,5890.128,3708.515,D:\Data\2025-11-10\Image_2025-11-10_Img0319.txt
2025-11-10T22:55:25.067,7,6,5890.128,3626.985,D:\Data\2025-11-10\Image_2025-11-10_Img0320.txt
2025-11-10T22:55:47.479,7,5,5890.128,3545.454,D:\Data\2025-11-10\Image_2025-11-10_Img0321.txt
2025-11-10T22:56:09.564,7,4,5890.128,3463.923,D:\Data\2025-11-10\Image_2025-11-10_Img0322.txt
2025-11-10T22:56:32.465,7,3,5890.128,3382.392,D:\Data\2025-11-10\Image_2025-11-10_Img0323.txt
2025-11-10T22:56:54.849,7,2,5890.128,3300.862,D:\Data\2025-11-10\Image_2025-11-10_Img0324.txt
2025-11-10T22:57:17.003,7,1,5890.128,3219.331,D:\Data\2025-11-10\Image_2025-11-10_Img0325.txt
2025-11-10T22:57:38.361,7,0,5890.128,3137.800,D:\Data\2025-11-10\Image_2025-11-10_Img0326.txt
2025-11-10T22:58:02.466,8,0,5805.018,3137.800,D:\Data\2025-11-10\Image_2025-11-10_Img0327.txt
2025-11-10T22:58:25.037,8,1,5805.018,3219.331,D:\Data\2025-11-10\Image_2025-11-10_Img0328.txt
2025-11-10T22:58:47.025,8,2,5805.018,3300.862,D:\Data\2025-11-10\Image_2025-11-10_Img0329.txt
2025-11-10T22:59:08.355,8,3,5805.018,3382.392,D:\Data\2025-11-10\Image_2025-11-10_Img0330.txt
2025-11-10T22:59:30.093,8,4,5805.018,3463.923,D:\Data\2025-11-10\Image_2025-11-10_Img0331.txt
2025-11-10T22:59:51.831,8,5,5805.018,3545.454,D:\Data\2025-11-10\Image_2025-11-10_Img0332.txt
2025-11-10T23:00:13.168,8,6,5805.018,3626.985,D:\Data\2025-11-10\Image_2025-11-10_Img0333.txt
2025-11-10T23:00:33.867,8,7,5805.018,3708.515,D:\Data\2025-11-10\Image_2025-11-10_Img0334.txt
2025-11-10T23:00:55.068,8,8,5805.018,3790.046,D:\Data\2025-11-10\Image_2025-11-10_Img0335.txt
2025-11-10T23:01:17.473,8,9,5805.018,3871.577,D:\Data\2025-11-10\Image_2025-11-10_Img0336.txt
2025-11-10T23:01:39.095,8,10,5805.018,3953.108,D:\Data\2025-11-10\Image_2025-11-10_Img0337.txt
2025-11-10T23:02:00.898,8,11,5805.018,4034.638,D:\Data\2025-11-10\Image_2025-11-10_Img0338.txt
2025-11-10T23:02:21.567,8,12,5805.018,4116.169,D:\Data\2025-11-10\Image_2025-11-10_Img0339.txt
2025-11-10T23:02:42.762,8,13,5805.018,4197.700,D:\Data\2025-11-10\Image_2025-11-10_Img0340.txt
2025-11-10T23:03:04.712,8,14,5805.018,4279.231,D:\Data\2025-11-10\Image_2025-11-10_Img0341.txt
2025-11-10T23:03:27.510,8,15,5805.018,4360.762,D:\Data\2025-11-10\Image_2025-11-10_Img0342.txt
2025-11-10T23:03:48.617,8,16,5805.018,4442.292,D:\Data\2025-11-10\Image_2025-11-10_Img0343.txt
2025-11-10T23:04:09.532,8,17,5805.018,4523.823,D:\Data\2025-11-10\Image_2025-11-10_Img0344.txt
2025-11-10T23:04:31.265,8,18,5805.018,4605.354,D:\Data\2025-11-10\Image_2025-11-10_Img0345.txt
2025-11-10T23:04:52.667,8,19,5805.018,4686.885,D:\Data\2025-11-10\Image_2025-11-10_Img0346.txt
2025-11-10T23:05:13.955,8,20,5805.018,4768.415,D:\Data\2025-11-10\Image_2025-11-10_Img0347.txt
2025-11-10T23:05:34.622,8,21,5805.018,4849.946,D:\Data\2025-11-10\Image_2025-11-10_Img0348.txt
2025-11-10T23:05:54.960,8,22,5805.018,4931.477,D:\Data\2025-11-10\Image_2025-11-10_Img0349.txt
2025-11-10T23:06:15.386,8,23,5805.018,5013.008,D:\Data\2025-11-10\Image_2025-11-10_Img0350.txt
2025-11-10T23:06:35.954,8,24,5805.018,5094.538,D:\Data\2025-11-10\Image_2025-11-10_Img0351.txt
2025-11-10T23:06:56.476,8,25,5805.018,5176.069,D:\Data\2025-11-10\Image_2025-11-10_Img0352.txt
2025-11-10T23:07:16.595,8,26,5805.018,5257.600,D:\Data\2025-11-10\Image_2025-11-10_Img0353.txt
2025-11-10T23:07:37.890,8,27,5805.018,5339.131,D:\Data\2025-11-10\Image_2025-11-10_Img0354.txt
2025-11-10T23:07:59.517,8,28,5805.018,5420.662,D:\Data\2025-11-10\Image_2025-11-10_Img0355.txt
2025-11-10T23:08:21.138,8,29,5805.018,5502.192,D:\Data\2025-11-10\Image_2025-11-10_Img0356.txt
2025-11-10T23:08:42.142,8,30,5805.018,5583.723,D:\Data\2025-11-10\Image_2025-11-10_Img0357.txt
2025-11-10T23:09:03.515,8,31,5805.018,5665.254,D:\Data\2025-11-10\Image_2025-11-10_Img0358.txt
2025-11-10T23:09:24.741,8,32,5805.018,5746.785,D:\Data\2025-11-10\Image_2025-11-10_Img0359.txt
2025-11-10T23:09:46.772,8,33,5805.018,5828.315,D:\Data\2025-11-10\Image_2025-11-10_Img0360.txt
2025-11-10T23:10:06.856,8,34,5805.018,5909.846,D:\Data\2025-11-10\Image_2025-11-10_Img0361.txt
2025-11-10T23:10:27.357,8,35,5805.018,5991.377,D:\Data\2025-11-10\Image_2025-11-10_Img0362.txt
2025-11-10T23:10:48.292,8,36,5805.018,6072.908,D:\Data\2025-11-10\Image_2025-11-10_Img0363.txt
2025-11-10T23:11:08.847,8,37,5805.018,6154.438,D:\Data\2025-11-10\Image_2025-11-10_Img0364.txt
2025-11-10T23:11:29.106,8,38,5805.018,6235.969,D:\Data\2025-11-10\Image_2025-11-10_Img0365.txt
2025-11-10T23:11:49.624,8,39,5805.018,6317.500,D:\Data\2025-11-10\Image_2025-11-10_Img0366.txt
2025-11-10T23:12:12.700,9,39,5719.908,6317.500,D:\Data\2025-11-10\Image_2025-11-10_Img0367.txt
2025-11-10T23:12:33.567,9,38,5719.908,6235.969,D:\Data\2025-11-10\Image_2025-11-10_Img0368.txt
2025-11-10T23:12:54.635,9,37,5719.908,6154.438,D:\Data\2025-11-10\Image_2025-11-10_Img0369.txt
2025-11-10T23:13:15.260,9,36,5719.908,6072.908,D:\Data\2025-11-10\Image_2025-11-10_Img0370.txt
2025-11-10T23:13:36.379,9,35,5719.908,5991.377,D:\Data\2025-11-10\Image_2025-11-10_Img0371.txt
2025-11-10T23:13:56.647,9,34,5719.908,5909.846,D:\Data\2025-11-10\Image_2025-11-10_Img0372.txt
2025-11-10T23:14:17.543,9,33,5719.908,5828.315,D:\Data\2025-11-10\Image_2025-11-10_Img0373.txt
2025-11-10T23:14:38.108,9,32,5719.908,5746.785,D:\Data\2025-11-10\Image_2025-11-10_Img0374.txt
2025-11-10T23:14:58.715,9,31,5719.908,5665.254,D:\Data\2025-11-10\Image_2025-11-10_Img0375.txt
2025-11-10T23:15:19.185,9,30,5719.908,5583.723,D:\Data\2025-11-10\Image_2025-11-10_Img0376.txt
2025-11-10T23:15:40.711,9,29,5719.908,5502.192,D:\Data\2025-11-10\Image_2025-11-10_Img0377.txt
2025-11-10T23:16:02.577,9,28,5719.908,5420.662,D:\Data\2025-11-10\Image_2025-11-10_Img0378.txt
2025-11-10T23:16:24.004,9,27,5719.908,5339.131,D:\Data\2025-11-10\Image_2025-11-10_Img0379.txt
2025-11-10T23:16:45.431,9,26,5719.908,5257.600,D:\Data\2025-11-10\Image_2025-11-10_Img0380.txt
2025-11-10T23:17:06.520,9,25,5719.908,5176.069,D:\Data\2025-11-10\Image_2025-11-10_Img0381.txt
2025-11-10T23:17:27.732,9,24,5719.908,5094.538,D:\Data\2025-11-10\Image_2025-11-10_Img0382.txt
2025-11-10T23:17:48.963,9,23,5719.908,5013.008,D:\Data\2025-11-10\Image_2025-11-10_Img0383.txt
2025-11-10T23:18:10.085,9,22,5719.908,4931.477,D:\Data\2025-11-10\Image_2025-11-10_Img0384.txt
2025-11-10T23:18:33.648,9,21,5719.908,4849.946,D:\Data\2025-11-10\Image_2025-11-10_Img0385.txt
2025-11-10T23:18:55.676,9,20,5719.908,4768.415,D:\Data\2025-11-10\Image_2025-11-10_Img0386.txt
2025-11-10T23:19:18.274,9,19,5719.908,4686.885,D:\Data\2025-11-10\Image_2025-11-10_Img0387.txt
2025-11-10T23:19:40.318,9,18,5719.908,4605.354,D:\Data\2025-11-10\Image_2025-11-10_Img0388.txt
2025-11-10T23:20:02.428,9,17,5719.908,4523.823,D:\Data\2025-11-10\Image_2025-11-10_Img0389.txt
2025-11-10T23:20:24.996,9,16,5719.908,4442.292,D:\Data\2025-11-10\Image_2025-11-10_Img0390.txt
2025-11-10T23:20:46.289,9,15,5719.908,4360.762,D:\Data\2025-11-10\Image_2025-11-10_Img0391.txt
2025-11-10T23:21:08.065,9,14,5719.908,4279.231,D:\Data\2025-11-10\Image_2025-11-10_Img0392.txt
2025-11-10T23:21:29.183,9,13,5719.908,4197.700,D:\Data\2025-11-10\Image_2025-11-10_Img0393.txt
2025-11-10T23:21:50.240,9,12,5719.908,4116.169,D:\Data\2025-11-10\Image_2025-11-10_Img0394.txt
2025-11-10T23:22:11.524,9,11,5719.908,4034.638,D:\Data\2025-11-10\Image_2025-11-10_Img0395.txt
2025-11-10T23:22:35.416,9,10,5719.908,3953.108,D:\Data\2025-11-10\Image_2025-11-10_Img0396.txt
2025-11-10T23:22:57.513,9,9,5719.908,3871.577,D:\Data\2025-11-10\Image_2025-11-10_Img0397.txt
2025-11-10T23:23:19.278,9,8,5719.908,3790.046,D:\Data\2025-11-10\Image_2025-11-10_Img0398.txt
2025-11-10T23:23:41.309,9,7,5719.908,3708.515,D:\Data\2025-11-10\Image_2025-11-10_Img0399.txt
2025-11-10T23:24:04.257,9,6,5719.908,3626.985,D:\Data\2025-11-10\Image_2025-11-10_Img0400.txt
2025-11-10T23:24:26.777,9,5,5719.908,3545.454,D:\Data\2025-11-10\Image_2025-11-10_Img0401.txt
2025-11-10T23:24:48.179,9,4,5719.908,3463.923,D:\Data\2025-11-10\Image_2025-11-10_Img0402.txt
2025-11-10T23:25:11.181,9,3,5719.908,3382.392,D:\Data\2025-11-10\Image_2025-11-10_Img0403.txt
2025-11-10T23:25:32.663,9,2,5719.908,3300.862,D:\Data\2025-11-10\Image_2025-11-10_Img0404.txt
2025-11-10T23:25:54.658,9,1,5719.908,3219.331,D:\Data\2025-11-10\Image_2025-11-10_Img0405.txt
2025-11-10T23:26:17.653,9,0,5719.908,3137.800,D:\Data\2025-11-10\Image_2025-11-10_Img0406.txt
2025-11-10T23:26:41.635,10,0,5634.797,3137.800,D:\Data\2025-11-10\Image_2025-11-10_Img0407.txt
2025-11-10T23:27:03.754,10,1,5634.797,3219.331,D:\Data\2025-11-10\Image_2025-11-10_Img0408.txt
2025-11-10T23:27:25.163,10,2,5634.797,3300.862,D:\Data\2025-11-10\Image_2025-11-10_Img0409.txt
2025-11-10T23:27:47.779,10,3,5634.797,3382.392,D:\Data\2025-11-10\Image_2025-11-10_Img0410.txt
2025-11-10T23:28:09.543,10,4,5634.797,3463.923,D:\Data\2025-11-10\Image_2025-11-10_Img0411.txt
2025-11-10T23:28:32.212,10,5,5634.797,3545.454,D:\Data\2025-11-10\Image_2025-11-10_Img0412.txt
2025-11-10T23:28:55.237,10,6,5634.797,3626.985,D:\Data\2025-11-10\Image_2025-11-10_Img0413.txt
2025-11-10T23:29:17.013,10,7,5634.797,3708.515,D:\Data\2025-11-10\Image_2025-11-10_Img0414.txt
2025-11-10T23:29:39.024,10,8,5634.797,3790.046,D:\Data\2025-11-10\Image_2025-11-10_Img0415.txt
2025-11-10T23:30:00.908,10,9,5634.797,3871.577,D:\Data\2025-11-10\Image_2025-11-10_Img0416.txt
2025-11-10T23:30:22.711,10,10,5634.797,3953.108,D:\Data\2025-11-10\Image_2025-11-10_Img0417.txt
2025-11-10T23:30:44.026,10,11,5634.797,4034.638,D:\Data\2025-11-10\Image_2025-11-10_Img0418.txt
2025-11-10T23:31:05.473,10,12,5634.797,4116.169,D:\Data\2025-11-10\Image_2025-11-10_Img0419.txt
2025-11-10T23:31:26.595,10,13,5634.797,4197.700,D:\Data\2025-11-10\Image_2025-11-10_Img0420.txt
2025-11-10T23:31:47.769,10,14,5634.797,4279.231,D:\Data\2025-11-10\Image_2025-11-10_Img0421.txt
2025-11-10T23:32:08.980,10,15,5634.797,4360.762,D:\Data\2025-11-10\Image_2025-11-10_Img0422.txt
2025-11-10T23:32:30.751,10,16,5634.797,4442.292,D:\Data\2025-11-10\Image_2025-11-10_Img0423.txt
2025-11-10T23:32:52.858,10,17,5634.797,4523.823,D:\Data\2025-11-10\Image_2025-11-10_Img0424.txt
2025-11-10T23:33:14.728,10,18,5634.797,4605.354,D:\Data\2025-11-10\Image_2025-11-10_Img0425.txt
2025-11-10T23:33:36.135,10,19,5634.797,4686.885,D:\Data\2025-11-10\Image_2025-11-10_Img0426.txt
2025-11-10T23:33:57.709,10,20,5634.797,4768.415,D:\Data\2025-11-10\Image_2025-11-10_Img0427.txt
2025-11-10T23:34:20.244,10,21,5634.797,4849.946,D:\Data\2025-11-10\Image_2025-11-10_Img0428.txt
2025-11-10T23:34:41.591,10,22,5634.797,4931.477,D:\Data\2025-11-10\Image_2025-11-10_Img0429.txt
2025-11-10T23:35:04.313,10,23,5634.797,5013.008,D:\Data\2025-11-10\Image_2025-11-10_Img0430.txt
2025-11-10T23:35:26.127,10,24,5634.797,5094.538,D:\Data\2025-11-10\Image_2025-11-10_Img0431.txt
2025-11-10T23:35:47.662,10,25,5634.797,5176.069,D:\Data\2025-11-10\Image_2025-11-10_Img0432.txt
2025-11-10T23:36:09.876,10,26,5634.797,5257.600,D:\Data\2025-11-10\Image_2025-11-10_Img0433.txt
2025-11-10T23:36:30.561,10,27,5634.797,5339.131,D:\Data\2025-11-10\Image_2025-11-10_Img0434.txt
2025-11-10T23:36:52.634,10,28,5634.797,5420.662,D:\Data\2025-11-10\Image_2025-11-10_Img0435.txt
2025-11-10T23:37:14.421,10,29,5634.797,5502.192,D:\Data\2025-11-10\Image_2025-11-10_Img0436.txt
2025-11-10T23:37:35.389,10,30,5634.797,5583.723,D:\Data\2025-11-10\Image_2025-11-10_Img0437.txt
2025-11-10T23:37:57.573,10,31,5634.797,5665.254,D:\Data\2025-11-10\Image_2025-11-10_Img0438.txt
2025-11-10T23:38:19.802,10,32,5634.797,5746.785,D:\Data\2025-11-10\Image_2025-11-10_Img0439.txt
2025-11-10T23:38:42.238,10,33,5634.797,5828.315,D:\Data\2025-11-10\Image_2025-11-10_Img0440.txt
2025-11-10T23:39:02.384,10,34,5634.797,5909.846,D:\Data\2025-11-10\Image_2025-11-10_Img0441.txt
2025-11-10T23:39:22.508,10,35,5634.797,5991.377,D:\Data\2025-11-10\Image_2025-11-10_Img0442.txt
2025-11-10T23:39:42.954,10,36,5634.797,6072.908,D:\Data\2025-11-10\Image_2025-11-10_Img0443.txt
2025-11-10T23:40:03.765,10,37,5634.797,6154.438,D:\Data\2025-11-10\Image_2025-11-10_Img0444.txt
2025-11-10T23:40:25.977,10,38,5634.797,6235.969,D:\Data\2025-11-10\Image_2025-11-10_Img0445.txt
2025-11-10T23:40:46.820,10,39,5634.797,6317.500,D:\Data\2025-11-10\Image_2025-11-10_Img0446.txt
2025-11-10T23:41:09.913,11,39,5549.687,6317.500,D:\Data\2025-11-10\Image_2025-11-10_Img0447.txt
2025-11-10T23:41:30.865,11,38,5549.687,6235.969,D:\Data\2025-11-10\Image_2025-11-10_Img0448.txt
2025-11-10T23:41:52.205,11,37,5549.687,6154.438,D:\Data\2025-11-10\Image_2025-11-10_Img0449.txt
2025-11-10T23:42:13.658,11,36,5549.687,6072.908,D:\Data\2025-11-10\Image_2025-11-10_Img0450.txt
2025-11-10T23:42:35.861,11,35,5549.687,5991.377,D:\Data\2025-11-10\Image_2025-11-10_Img0451.txt
2025-11-10T23:42:57.482,11,34,5549.687,5909.846,D:\Data\2025-11-10\Image_2025-11-10_Img0452.txt
2025-11-10T23:43:19.292,11,33,5549.687,5828.315,D:\Data\2025-11-10\Image_2025-11-10_Img0453.txt
2025-11-10T23:43:41.569,11,32,5549.687,5746.785,D:\Data\2025-11-10\Image_2025-11-10_Img0454.txt
2025-11-10T23:44:03.088,11,31,5549.687,5665.254,D:\Data\2025-11-10\Image_2025-11-10_Img0455.txt
2025-11-10T23:44:23.965,11,30,5549.687,5583.723,D:\Data\2025-11-10\Image_2025-11-10_Img0456.txt
2025-11-10T23:44:45.327,11,29,5549.687,5502.192,D:\Data\2025-11-10\Image_2025-11-10_Img0457.txt
2025-11-10T23:45:06.839,11,28,5549.687,5420.662,D:\Data\2025-11-10\Image_2025-11-10_Img0458.txt
2025-11-10T23:45:28.137,11,27,5549.687,5339.131,D:\Data\2025-11-10\Image_2025-11-10_Img0459.txt
2025-11-10T23:45:49.947,11,26,5549.687,5257.600,D:\Data\2025-11-10\Image_2025-11-10_Img0460.txt
2025-11-10T23:46:12.471,11,25,5549.687,5176.069,D:\Data\2025-11-10\Image_2025-11-10_Img0461.txt
2025-11-10T23:46:34.322,11,24,5549.687,5094.538,D:\Data\2025-11-10\Image_2025-11-10_Img0462.txt
2025-11-10T23:46:56.773,11,23,5549.687,5013.008,D:\Data\2025-11-10\Image_2025-11-10_Img0463.txt
2025-11-10T23:47:19.101,11,22,5549.687,4931.477,D:\Data\2025-11-10\Image_2025-11-10_Img0464.txt
2025-11-10T23:47:40.887,11,21,5549.687,4849.946,D:\Data\2025-11-10\Image_2025-11-10_Img0465.txt
2025-11-10T23:48:03.080,11,20,5549.687,4768.415,D:\Data\2025-11-10\Image_2025-11-10_Img0466.txt
2025-11-10T23:48:24.922,11,19,5549.687,4686.885,D:\Data\2025-11-10\Image_2025-11-10_Img0467.txt
2025-11-10T23:48:46.031,11,18,5549.687,4605.354,D:\Data\2025-11-10\Image_2025-11-10_Img0468.txt
2025-11-10T23:49:07.615,11,17,5549.687,4523.823,D:\Data\2025-11-10\Image_2025-11-10_Img0469.txt
2025-11-10T23:49:29.983,11,16,5549.687,4442.292,D:\Data\2025-11-10\Image_2025-11-10_Img0470.txt
2025-11-10T23:49:52.063,11,15,5549.687,4360.762,D:\Data\2025-11-10\Image_2025-11-10_Img0471.txt
2025-11-10T23:50:15.175,11,14,5549.687,4279.231,D:\Data\2025-11-10\Image_2025-11-10_Img0472.txt
2025-11-10T23:50:37.954,11,13,5549.687,4197.700,D:\Data\2025-11-10\Image_2025-11-10_Img0473.txt
2025-11-10T23:51:00.390,11,12,5549.687,4116.169,D:\Data\2025-11-10\Image_2025-11-10_Img0474.txt
2025-11-10T23:51:22.350,11,11,5549.687,4034.638,D:\Data\2025-11-10\Image_2025-11-10_Img0475.txt
2025-11-10T23:51:44.478,11,10,5549.687,3953.108,D:\Data\2025-11-10\Image_2025-11-10_Img0476.txt
2025-11-10T23:52:05.996,11,9,5549.687,3871.577,D:\Data\2025-11-10\Image_2025-11-10_Img0477.txt
2025-11-10T23:52:27.441,11,8,5549.687,3790.046,D:\Data\2025-11-10\Image_2025-11-10_Img0478.txt
2025-11-10T23:52:49.725,11,7,5549.687,3708.515,D:\Data\2025-11-10\Image_2025-11-10_Img0479.txt
2025-11-10T23:53:11.710,11,6,5549.687,3626.985,D:\Data\2025-11-10\Image_2025-11-10_Img0480.txt
2025-11-10T23:53:34.796,11,5,5549.687,3545.454,D:\Data\2025-11-10\Image_2025-11-10_Img0481.txt
2025-11-10T23:53:56.586,11,4,5549.687,3463.923,D:\Data\2025-11-10\Image_2025-11-10_Img0482.txt
2025-11-10T23:54:19.473,11,3,5549.687,3382.392,D:\Data\2025-11-10\Image_2025-11-10_Img0483.txt
2025-11-10T23:54:41.632,11,2,5549.687,3300.862,D:\Data\2025-11-10\Image_2025-11-10_Img0484.txt
2025-11-10T23:55:04.303,11,1,5549.687,3219.331,D:\Data\2025-11-10\Image_2025-11-10_Img0485.txt
2025-11-10T23:55:27.133,11,0,5549.687,3137.800,D:\Data\2025-11-10\Image_2025-11-10_Img0486.txt
2025-11-10T23:55:50.391,12,0,5464.577,3137.800,D:\Data\2025-11-10\Image_2025-11-10_Img0487.txt
2025-11-10T23:56:13.082,12,1,5464.577,3219.331,D:\Data\2025-11-10\Image_2025-11-10_Img0488.txt
2025-11-10T23:56:36.317,12,2,5464.577,3300.862,D:\Data\2025-11-10\Image_2025-11-10_Img0489.txt
2025-11-10T23:56:59.673,12,3,5464.577,3382.392,D:\Data\2025-11-10\Image_2025-11-10_Img0490.txt
2025-11-10T23:57:21.377,12,4,5464.577,3463.923,D:\Data\2025-11-10\Image_2025-11-10_Img0491.txt
2025-11-10T23:57:42.702,12,5,5464.577,3545.454,D:\Data\2025-11-10\Image_2025-11-10_Img0492.txt
2025-11-10T23:58:04.853,12,6,5464.577,3626.985,D:\Data\2025-11-10\Image_2025-11-10_Img0493.txt
2025-11-10T23:58:26.141,12,7,5464.577,3708.515,D:\Data\2025-11-10\Image_2025-11-10_Img0494.txt
2025-11-10T23:58:47.567,12,8,5464.577,3790.046,D:\Data\2025-11-10\Image_2025-11-10_Img0495.txt
2025-11-10T23:59:10.257,12,9,5464.577,3871.577,D:\Data\2025-11-10\Image_2025-11-10_Img0496.txt
2025-11-10T23:59:32.861,12,10,5464.577,3953.108,D:\Data\2025-11-10\Image_2025-11-10_Img0497.txt
2025-11-10T23:59:55.427,12,11,5464.577,4034.638,D:\Data\2025-11-10\Image_2025-11-10_Img0498.txt
2025-11-11T00:00:17.767,12,12,5464.577,4116.169,D:\Data\2025-11-11\Image_2025-11-11_Img0001.txt
2025-11-11T00:00:40.966,12,13,5464.577,4197.700,D:\Data\2025-11-11\Image_2025-11-11_Img0002.txt
2025-11-11T00:01:04.126,12,14,5464.577,4279.231,D:\Data\2025-11-11\Image_2025-11-11_Img0003.txt
2025-11-11T00:01:25.744,12,15,5464.577,4360.762,D:\Data\2025-11-11\Image_2025-11-11_Img0004.txt
2025-11-11T00:01:48.137,12,16,5464.577,4442.292,D:\Data\2025-11-11\Image_2025-11-11_Img0005.txt
2025-11-11T00:02:09.743,12,17,5464.577,4523.823,D:\Data\2025-11-11\Image_2025-11-11_Img0006.txt
2025-11-11T00:02:30.782,12,18,5464.577,4605.354,D:\Data\2025-11-11\Image_2025-11-11_Img0007.txt
2025-11-11T00:02:52.161,12,19,5464.577,4686.885,D:\Data\2025-11-11\Image_2025-11-11_Img0008.txt
2025-11-11T00:03:13.876,12,20,5464.577,4768.415,D:\Data\2025-11-11\Image_2025-11-11_Img0009.txt
2025-11-11T00:03:35.247,12,21,5464.577,4849.946,D:\Data\2025-11-11\Image_2025-11-11_Img0010.txt
2025-11-11T00:03:57.454,12,22,5464.577,4931.477,D:\Data\2025-11-11\Image_2025-11-11_Img0011.txt
2025-11-11T00:04:20.043,12,23,5464.577,5013.008,D:\Data\2025-11-11\Image_2025-11-11_Img0012.txt
2025-11-11T00:04:42.159,12,24,5464.577,5094.538,D:\Data\2025-11-11\Image_2025-11-11_Img0013.txt
2025-11-11T00:05:02.879,12,25,5464.577,5176.069,D:\Data\2025-11-11\Image_2025-11-11_Img0014.txt
2025-11-11T00:05:25.260,12,26,5464.577,5257.600,D:\Data\2025-11-11\Image_2025-11-11_Img0015.txt
2025-11-11T00:05:47.737,12,27,5464.577,5339.131,D:\Data\2025-11-11\Image_2025-11-11_Img0016.txt
2025-11-11T00:06:09.555,12,28,5464.577,5420.662,D:\Data\2025-11-11\Image_2025-11-11_Img0017.txt
2025-11-11T00:06:31.326,12,29,5464.577,5502.192,D:\Data\2025-11-11\Image_2025-11-11_Img0018.txt
2025-11-11T00:06:53.475,12,30,5464.577,5583.723,D:\Data\2025-11-11\Image_2025-11-11_Img0019.txt
2025-11-11T00:07:15.440,12,31,5464.577,5665.254,D:\Data\2025-11-11\Image_2025-11-11_Img0020.txt
2025-11-11T00:07:36.427,12,32,5464.577,5746.785,D:\Data\2025-11-11\Image_2025-11-11_Img0021.txt
2025-11-11T00:07:57.639,12,33,5464.577,5828.315,D:\Data\2025-11-11\Image_2025-11-11_Img0022.txt
2025-11-11T00:08:18.153,12,34,5464.577,5909.846,D:\Data\2025-11-11\Image_2025-11-11_Img0023.txt
2025-11-11T00:08:39.307,12,35,5464.577,5991.377,D:\Data\2025-11-11\Image_2025-11-11_Img0024.txt
2025-11-11T00:08:59.922,12,36,5464.577,6072.908,D:\Data\2025-11-11\Image_2025-11-11_Img0025.txt
2025-11-11T00:09:20.472,12,37,5464.577,6154.438,D:\Data\2025-11-11\Image_2025-11-11_Img0026.txt
2025-11-11T00:09:41.619,12,38,5464.577,6235.969,D:\Data\2025-11-11\Image_2025-11-11_Img0027.txt
2025-11-11T00:10:03.202,12,39,5464.577,6317.500,D:\Data\2025-11-11\Image_2025-11-11_Img0028.txt
2025-11-11T00:10:25.431,13,39,5379.467,6317.500,D:\Data\2025-11-11\Image_2025-11-11_Img0029.txt
2025-11-11T00:10:46.415,13,38,5379.467,6235.969,D:\Data\2025-11-11\Image_2025-11-11_Img0030.txt
2025-11-11T00:11:07.185,13,37,5379.467,6154.438,D:\Data\2025-11-11\Image_2025-11-11_Img0031.txt
2025-11-11T00:11:28.014,13,36,5379.467,6072.908,D:\Data\2025-11-11\Image_2025-11-11_Img0032.txt
2025-11-11T00:11:49.127,13,35,5379.467,5991.377,D:\Data\2025-11-11\Image_2025-11-11_Img0033.txt
2025-11-11T00:12:11.317,13,34,5379.467,5909.846,D:\Data\2025-11-11\Image_2025-11-11_Img0034.txt
2025-11-11T00:12:43.784,13,33,5379.467,5828.315,D:\Data\2025-11-11\Image_2025-11-11_Img0035.txt
2025-11-11T00:13:06.185,13,32,5379.467,5746.785,D:\Data\2025-11-11\Image_2025-11-11_Img0036.txt
2025-11-11T00:13:28.509,13,31,5379.467,5665.254,D:\Data\2025-11-11\Image_2025-11-11_Img0037.txt
2025-11-11T00:13:49.559,13,30,5379.467,5583.723,D:\Data\2025-11-11\Image_2025-11-11_Img0038.txt
2025-11-11T00:14:11.606,13,29,5379.467,5502.192,D:\Data\2025-11-11\Image_2025-11-11_Img0039.txt
2025-11-11T00:14:32.637,13,28,5379.467,5420.662,D:\Data\2025-11-11\Image_2025-11-11_Img0040.txt
2025-11-11T00:14:54.456,13,27,5379.467,5339.131,D:\Data\2025-11-11\Image_2025-11-11_Img0041.txt
2025-11-11T00:15:15.658,13,26,5379.467,5257.600,D:\Data\2025-11-11\Image_2025-11-11_Img0042.txt
2025-11-11T00:15:36.911,13,25,5379.467,5176.069,D:\Data\2025-11-11\Image_2025-11-11_Img0043.txt
2025-11-11T00:15:57.935,13,24,5379.467,5094.538,D:\Data\2025-11-11\Image_2025-11-11_Img0044.txt
2025-11-11T00:16:20.770,13,23,5379.467,5013.008,D:\Data\2025-11-11\Image_2025-11-11_Img0045.txt
2025-11-11T00:16:41.717,13,22,5379.467,4931.477,D:\Data\2025-11-11\Image_2025-11-11_Img0046.txt
2025-11-11T00:17:02.260,13,21,5379.467,4849.946,D:\Data\2025-11-11\Image_2025-11-11_Img0047.txt
2025-11-11T00:17:24.384,13,20,5379.467,4768.415,D:\Data\2025-11-11\Image_2025-11-11_Img0048.txt
2025-11-11T00:17:46.002,13,19,5379.467,4686.885,D:\Data\2025-11-11\Image_2025-11-11_Img0049.txt
2025-11-11T00:18:08.092,13,18,5379.467,4605.354,D:\Data\2025-11-11\Image_2025-11-11_Img0050.txt
2025-11-11T00:18:30.349,13,17,5379.467,4523.823,D:\Data\2025-11-11\Image_2025-11-11_Img0051.txt
2025-11-11T00:18:52.436,13,16,5379.467,4442.292,D:\Data\2025-11-11\Image_2025-11-11_Img0052.txt
2025-11-11T00:19:15.315,13,15,5379.467,4360.762,D:\Data\2025-11-11\Image_2025-11-11_Img0053.txt
2025-11-11T00:19:38.614,13,14,5379.467,4279.231,D:\Data\2025-11-11\Image_2025-11-11_Img0054.txt
2025-11-11T00:20:01.125,13,13,5379.467,4197.700,D:\Data\2025-11-11\Image_2025-11-11_Img0055.txt
2025-11-11T00:20:23.167,13,12,5379.467,4116.169,D:\Data\2025-11-11\Image_2025-11-11_Img0056.txt
2025-11-11T00:20:45.395,13,11,5379.467,4034.638,D:\Data\2025-11-11\Image_2025-11-11_Img0057.txt
2025-11-11T00:21:07.078,13,10,5379.467,3953.108,D:\Data\2025-11-11\Image_2025-11-11_Img0058.txt
2025-11-11T00:21:28.698,13,9,5379.467,3871.577,D:\Data\2025-11-11\Image_2025-11-11_Img0059.txt
2025-11-11T00:21:49.767,13,8,5379.467,3790.046,D:\Data\2025-11-11\Image_2025-11-11_Img0060.txt
2025-11-11T00:22:12.458,13,7,5379.467,3708.515,D:\Data\2025-11-11\Image_2025-11-11_Img0061.txt
2025-11-11T00:22:34.244,13,6,5379.467,3626.985,D:\Data\2025-11-11\Image_2025-11-11_Img0062.txt
2025-11-11T00:22:56.611,13,5,5379.467,3545.454,D:\Data\2025-11-11\Image_2025-11-11_Img0063.txt
2025-11-11T00:23:19.407,13,4,5379.467,3463.923,D:\Data\2025-11-11\Image_2025-11-11_Img0064.txt
2025-11-11T00:23:41.528,13,3,5379.467,3382.392,D:\Data\2025-11-11\Image_2025-11-11_Img0065.txt
2025-11-11T00:24:03.771,13,2,5379.467,3300.862,D:\Data\2025-11-11\Image_2025-11-11_Img0066.txt
2025-11-11T00:24:25.549,13,1,5379.467,3219.331,D:\Data\2025-11-11\Image_2025-11-11_Img0067.txt
2025-11-11T00:24:47.420,13,0,5379.467,3137.800,D:\Data\2025-11-11\Image_2025-11-11_Img0068.txt
2025-11-11T00:25:11.825,14,0,5294.356,3137.800,D:\Data\2025-11-11\Image_2025-11-11_Img0069.txt
2025-11-11T00:25:33.738,14,1,5294.356,3219.331,D:\Data\2025-11-11\Image_2025-11-11_Img0070.txt
2025-11-11T00:25:56.105,14,2,5294.356,3300.862,D:\Data\2025-11-11\Image_2025-11-11_Img0071.txt
2025-11-11T00:26:18.768,14,3,5294.356,3382.392,D:\Data\2025-11-11\Image_2025-11-11_Img0072.txt
2025-11-11T00:26:40.280,14,4,5294.356,3463.923,D:\Data\2025-11-11\Image_2025-11-11_Img0073.txt
2025-11-11T00:27:02.501,14,5,5294.356,3545.454,D:\Data\2025-11-11\Image_2025-11-11_Img0074.txt
2025-11-11T00:27:24.881,14,6,5294.356,3626.985,D:\Data\2025-11-11\Image_2025-11-11_Img0075.txt
2025-11-11T00:27:47.145,14,7,5294.356,3708.515,D:\Data\2025-11-11\Image_2025-11-11_Img0076.txt
2025-11-11T00:28:08.451,14,8,5294.356,3790.046,D:\Data\2025-11-11\Image_2025-11-11_Img0077.txt
2025-11-11T00:28:30.188,14,9,5294.356,3871.577,D:\Data\2025-11-11\Image_2025-11-11_Img0078.txt
2025-11-11T00:28:52.067,14,10,5294.356,3953.108,D:\Data\2025-11-11\Image_2025-11-11_Img0079.txt
2025-11-11T00:29:13.968,14,11,5294.356,4034.638,D:\Data\2025-11-11\Image_2025-11-11_Img0080.txt
2025-11-11T00:29:35.883,14,12,5294.356,4116.169,D:\Data\2025-11-11\Image_2025-11-11_Img0081.txt
2025-11-11T00:29:57.914,14,13,5294.356,4197.700,D:\Data\2025-11-11\Image_2025-11-11_Img0082.txt
2025-11-11T00:30:19.934,14,14,5294.356,4279.231,D:\Data\2025-11-11\Image_2025-11-11_Img0083.txt
2025-11-11T00:30:42.270,14,15,5294.356,4360.762,D:\Data\2025-11-11\Image_2025-11-11_Img0084.txt
2025-11-11T00:31:04.397,14,16,5294.356,4442.292,D:\Data\2025-11-11\Image_2025-11-11_Img0085.txt
2025-11-11T00:31:26.630,14,17,5294.356,4523.823,D:\Data\2025-11-11\Image_2025-11-11_Img0086.txt
2025-11-11T00:31:47.997,14,18,5294.356,4605.354,D:\Data\2025-11-11\Image_2025-11-11_Img0087.txt
2025-11-11T00:32:10.759,14,19,5294.356,4686.885,D:\Data\2025-11-11\Image_2025-11-11_Img0088.txt
2025-11-11T00:32:31.367,14,20,5294.356,4768.415,D:\Data\2025-11-11\Image_2025-11-11_Img0089.txt
2025-11-11T00:32:52.624,14,21,5294.356,4849.946,D:\Data\2025-11-11\Image_2025-11-11_Img0090.txt
2025-11-11T00:33:15.364,14,22,5294.356,4931.477,D:\Data\2025-11-11\Image_2025-11-11_Img0091.txt
2025-11-11T00:33:36.788,14,23,5294.356,5013.008,D:\Data\2025-11-11\Image_2025-11-11_Img0092.txt
2025-11-11T00:33:58.833,14,24,5294.356,5094.538,D:\Data\2025-11-11\Image_2025-11-11_Img0093.txt
2025-11-11T00:34:20.200,14,25,5294.356,5176.069,D:\Data\2025-11-11\Image_2025-11-11_Img0094.txt
2025-11-11T00:34:41.634,14,26,5294.356,5257.600,D:\Data\2025-11-11\Image_2025-11-11_Img0095.txt
2025-11-11T00:35:04.107,14,27,5294.356,5339.131,D:\Data\2025-11-11\Image_2025-11-11_Img0096.txt
2025-11-11T00:35:25.385,14,28,5294.356,5420.662,D:\Data\2025-11-11\Image_2025-11-11_Img0097.txt
2025-11-11T00:35:47.205,14,29,5294.356,5502.192,D:\Data\2025-11-11\Image_2025-11-11_Img0098.txt
2025-11-11T00:36:09.719,14,30,5294.356,5583.723,D:\Data\2025-11-11\Image_2025-11-11_Img0099.txt
2025-11-11T00:36:31.803,14,31,5294.356,5665.254,D:\Data\2025-11-11\Image_2025-11-11_Img0100.txt
2025-11-11T00:36:53.092,14,32,5294.356,5746.785,D:\Data\2025-11-11\Image_2025-11-11_Img0101.txt
2025-11-11T00:37:13.995,14,33,5294.356,5828.315,D:\Data\2025-11-11\Image_2025-11-11_Img0102.txt
2025-11-11T00:37:36.639,14,34,5294.356,5909.846,D:\Data\2025-11-11\Image_2025-11-11_Img0103.txt
2025-11-11T00:37:58.194,14,35,5294.356,5991.377,D:\Data\2025-11-11\Image_2025-11-11_Img0104.txt
2025-11-11T00:38:20.170,14,36,5294.356,6072.908,D:\Data\2025-11-11\Image_2025-11-11_Img0105.txt
2025-11-11T00:38:41.463,14,37,5294.356,6154.438,D:\Data\2025-11-11\Image_2025-11-11_Img0106.txt
2025-11-11T00:39:02.755,14,38,5294.356,6235.969,D:\Data\2025-11-11\Image_2025-11-11_Img0107.txt
2025-11-11T00:39:23.941,14,39,5294.356,6317.500,D:\Data\2025-11-11\Image_2025-11-11_Img0108.txt
2025-11-11T00:39:46.734,15,39,5209.246,6317.500,D:\Data\2025-11-11\Image_2025-11-11_Img0109.txt
2025-11-11T00:40:07.763,15,38,5209.246,6235.969,D:\Data\2025-11-11\Image_2025-11-11_Img0110.txt
2025-11-11T00:40:29.941,15,37,5209.246,6154.438,D:\Data\2025-11-11\Image_2025-11-11_Img0111.txt
2025-11-11T00:40:51.800,15,36,5209.246,6072.908,D:\Data\2025-11-11\Image_2025-11-11_Img0112.txt
2025-11-11T00:41:14.132,15,35,5209.246,5991.377,D:\Data\2025-11-11\Image_2025-11-11_Img0113.txt
2025-11-11T00:41:36.094,15,34,5209.246,5909.846,D:\Data\2025-11-11\Image_2025-11-11_Img0114.txt
2025-11-11T00:41:58.026,15,33,5209.246,5828.315,D:\Data\2025-11-11\Image_2025-11-11_Img0115.txt
2025-11-11T00:42:18.675,15,32,5209.246,5746.785,D:\Data\2025-11-11\Image_2025-11-11_Img0116.txt
2025-11-11T00:42:40.050,15,31,5209.246,5665.254,D:\Data\2025-11-11\Image_2025-11-11_Img0117.txt
2025-11-11T00:43:01.222,15,30,5209.246,5583.723,D:\Data\2025-11-11\Image_2025-11-11_Img0118.txt
2025-11-11T00:43:22.490,15,29,5209.246,5502.192,D:\Data\2025-11-11\Image_2025-11-11_Img0119.txt
2025-11-11T00:43:44.733,15,28,5209.246,5420.662,D:\Data\2025-11-11\Image_2025-11-11_Img0120.txt
2025-11-11T00:44:06.945,15,27,5209.246,5339.131,D:\Data\2025-11-11\Image_2025-11-11_Img0121.txt
2025-11-11T00:44:28.822,15,26,5209.246,5257.600,D:\Data\2025-11-11\Image_2025-11-11_Img0122.txt
2025-11-11T00:44:50.611,15,25,5209.246,5176.069,D:\Data\2025-11-11\Image_2025-11-11_Img0123.txt
2025-11-11T00:45:13.121,15,24,5209.246,5094.538,D:\Data\2025-11-11\Image_2025-11-11_Img0124.txt
2025-11-11T00:45:35.610,15,23,5209.246,5013.008,D:\Data\2025-11-11\Image_2025-11-11_Img0125.txt
2025-11-11T00:45:57.325,15,22,5209.246,4931.477,D:\Data\2025-11-11\Image_2025-11-11_Img0126.txt
2025-11-11T00:46:19.424,15,21,5209.246,4849.946,D:\Data\2025-11-11\Image_2025-11-11_Img0127.txt
2025-11-11T00:46:40.939,15,20,5209.246,4768.415,D:\Data\2025-11-11\Image_2025-11-11_Img0128.txt
2025-11-11T00:47:02.651,15,19,5209.246,4686.885,D:\Data\2025-11-11\Image_2025-11-11_Img0129.txt
2025-11-11T00:47:23.883,15,18,5209.246,4605.354,D:\Data\2025-11-11\Image_2025-11-11_Img0130.txt
2025-11-11T00:47:46.652,15,17,5209.246,4523.823,D:\Data\2025-11-11\Image_2025-11-11_Img0131.txt
2025-11-11T00:48:08.898,15,16,5209.246,4442.292,D:\Data\2025-11-11\Image_2025-11-11_Img0132.txt
2025-11-11T00:48:30.764,15,15,5209.246,4360.762,D:\Data\2025-11-11\Image_2025-11-11_Img0133.txt
2025-11-11T00:48:53.249,15,14,5209.246,4279.231,D:\Data\2025-11-11\Image_2025-11-11_Img0134.txt
2025-11-11T00:49:15.435,15,13,5209.246,4197.700,D:\Data\2025-11-11\Image_2025-11-11_Img0135.txt
2025-11-11T00:49:37.600,15,12,5209.246,4116.169,D:\Data\2025-11-11\Image_2025-11-11_Img0136.txt
2025-11-11T00:49:59.538,15,11,5209.246,4034.638,D:\Data\2025-11-11\Image_2025-11-11_Img0137.txt
2025-11-11T00:50:22.434,15,10,5209.246,3953.108,D:\Data\2025-11-11\Image_2025-11-11_Img0138.txt
2025-11-11T00:50:44.008,15,9,5209.246,3871.577,D:\Data\2025-11-11\Image_2025-11-11_Img0139.txt
2025-11-11T00:51:06.242,15,8,5209.246,3790.046,D:\Data\2025-11-11\Image_2025-11-11_Img0140.txt
2025-11-11T00:51:28.125,15,7,5209.246,3708.515,D:\Data\2025-11-11\Image_2025-11-11_Img0141.txt
2025-11-11T00:51:50.717,15,6,5209.246,3626.985,D:\Data\2025-11-11\Image_2025-11-11_Img0142.txt
2025-11-11T00:52:12.754,15,5,5209.246,3545.454,D:\Data\2025-11-11\Image_2025-11-11_Img0143.txt
2025-11-11T00:52:35.297,15,4,5209.246,3463.923,D:\Data\2025-11-11\Image_2025-11-11_Img0144.txt
2025-11-11T00:52:57.846,15,3,5209.246,3382.392,D:\Data\2025-11-11\Image_2025-11-11_Img0145.txt
2025-11-11T00:53:21.300,15,2,5209.246,3300.862,D:\Data\2025-11-11\Image_2025-11-11_Img0146.txt
2025-11-11T00:53:44.849,15,1,5209.246,3219.331,D:\Data\2025-11-11\Image_2025-11-11_Img0147.txt
2025-11-11T00:54:08.020,15,0,5209.246,3137.800,D:\Data\2025-11-11\Image_2025-11-11_Img0148.txt
2025-11-11T00:54:32.390,16,0,5124.136,3137.800,D:\Data\2025-11-11\Image_2025-11-11_Img0149.txt
2025-11-11T00:54:54.463,16,1,5124.136,3219.331,D:\Data\2025-11-11\Image_2025-11-11_Img0150.txt
2025-11-11T00:55:16.474,16,2,5124.136,3300.862,D:\Data\2025-11-11\Image_2025-11-11_Img0151.txt
2025-11-11T00:55:39.303,16,3,5124.136,3382.392,D:\Data\2025-11-11\Image_2025-11-11_Img0152.txt
2025-11-11T00:56:00.761,16,4,5124.136,3463.923,D:\Data\2025-11-11\Image_2025-11-11_Img0153.txt
2025-11-11T00:56:23.627,16,5,5124.136,3545.454,D:\Data\2025-11-11\Image_2025-11-11_Img0154.txt
2025-11-11T00:56:45.359,16,6,5124.136,3626.985,D:\Data\2025-11-11\Image_2025-11-11_Img0155.txt
2025-11-11T00:57:06.602,16,7,5124.136,3708.515,D:\Data\2025-11-11\Image_2025-11-11_Img0156.txt
2025-11-11T00:57:28.352,16,8,5124.136,3790.046,D:\Data\2025-11-11\Image_2025-11-11_Img0157.txt
2025-11-11T00:57:50.191,16,9,5124.136,3871.577,D:\Data\2025-11-11\Image_2025-11-11_Img0158.txt
2025-11-11T00:58:12.151,16,10,5124.136,3953.108,D:\Data\2025-11-11\Image_2025-11-11_Img0159.txt
2025-11-11T00:58:34.189,16,11,5124.136,4034.638,D:\Data\2025-11-11\Image_2025-11-11_Img0160.txt
2025-11-11T00:58:56.378,16,12,5124.136,4116.169,D:\Data\2025-11-11\Image_2025-11-11_Img0161.txt
2025-11-11T00:59:19.837,16,13,5124.136,4197.700,D:\Data\2025-11-11\Image_2025-11-11_Img0162.txt
2025-11-11T00:59:41.981,16,14,5124.136,4279.231,D:\Data\2025-11-11\Image_2025-11-11_Img0163.txt
2025-11-11T01:00:03.498,16,15,5124.136,4360.762,D:\Data\2025-11-11\Image_2025-11-11_Img0164.txt
2025-11-11T01:00:25.587,16,16,5124.136,4442.292,D:\Data\2025-11-11\Image_2025-11-11_Img0165.txt
2025-11-11T01:00:46.995,16,17,5124.136,4523.823,D:\Data\2025-11-11\Image_2025-11-11_Img0166.txt
2025-11-11T01:01:09.070,16,18,5124.136,4605.354,D:\Data\2025-11-11\Image_2025-11-11_Img0167.txt
2025-11-11T01:01:30.530,16,19,5124.136,4686.885,D:\Data\2025-11-11\Image_2025-11-11_Img0168.txt
2025-11-11T01:01:52.212,16,20,5124.136,4768.415,D:\Data\2025-11-11\Image_2025-11-11_Img0169.txt
2025-11-11T01:02:15.140,16,21,5124.136,4849.946,D:\Data\2025-11-11\Image_2025-11-11_Img0170.txt
2025-11-11T01:02:37.742,16,22,5124.136,4931.477,D:\Data\2025-11-11\Image_2025-11-11_Img0171.txt
2025-11-11T01:02:59.275,16,23,5124.136,5013.008,D:\Data\2025-11-11\Image_2025-11-11_Img0172.txt
2025-11-11T01:03:22.461,16,24,5124.136,5094.538,D:\Data\2025-11-11\Image_2025-11-11_Img0173.txt
2025-11-11T01:03:44.219,16,25,5124.136,5176.069,D:\Data\2025-11-11\Image_2025-11-11_Img0174.txt
2025-11-11T01:04:05.907,16,26,5124.136,5257.600,D:\Data\2025-11-11\Image_2025-11-11_Img0175.txt
2025-11-11T01:04:26.859,16,27,5124.136,5339.131,D:\Data\2025-11-11\Image_2025-11-11_Img0176.txt
2025-11-11T01:04:47.868,16,28,5124.136,5420.662,D:\Data\2025-11-11\Image_2025-11-11_Img0177.txt
2025-11-11T01:05:10.158,16,29,5124.136,5502.192,D:\Data\2025-11-11\Image_2025-11-11_Img0178.txt
2025-11-11T01:05:31.632,16,30,5124.136,5583.723,D:\Data\2025-11-11\Image_2025-11-11_Img0179.txt
2025-11-11T01:05:52.615,16,31,5124.136,5665.254,D:\Data\2025-11-11\Image_2025-11-11_Img0180.txt
2025-11-11T01:06:15.021,16,32,5124.136,5746.785,D:\Data\2025-11-11\Image_2025-11-11_Img0181.txt
2025-11-11T01:06:37.067,16,33,5124.136,5828.315,D:\Data\2025-11-11\Image_2025-11-11_Img0182.txt
2025-11-11T01:06:58.680,16,34,5124.136,5909.846,D:\Data\2025-11-11\Image_2025-11-11_Img0183.txt
2025-11-11T01:07:20.218,16,35,5124.136,5991.377,D:\Data\2025-11-11\Image_2025-11-11_Img0184.txt
2025-11-11T01:07:41.704,16,36,5124.136,6072.908,D:\Data\2025-11-11\Image_2025-11-11_Img0185.txt
2025-11-11T01:08:03.754,16,37,5124.136,6154.438,D:\Data\2025-11-11\Image_2025-11-11_Img0186.txt
2025-11-11T01:08:24.661,16,38,5124.136,6235.969,D:\Data\2025-11-11\Image_2025-11-11_Img0187.txt
2025-11-11T01:08:45.690,16,39,5124.136,6317.500,D:\Data\2025-11-11\Image_2025-11-11_Img0188.txt
2025-11-11T01:09:07.376,17,39,5039.026,6317.500,D:\Data\2025-11-11\Image_2025-11-11_Img0189.txt
2025-11-11T01:09:28.451,17,38,5039.026,6235.969,D:\Data\2025-11-11\Image_2025-11-11_Img0190.txt
2025-11-11T01:09:49.867,17,37,5039.026,6154.438,D:\Data\2025-11-11\Image_2025-11-11_Img0191.txt
2025-11-11T01:10:10.751,17,36,5039.026,6072.908,D:\Data\2025-11-11\Image_2025-11-11_Img0192.txt
2025-11-11T01:10:32.192,17,35,5039.026,5991.377,D:\Data\2025-11-11\Image_2025-11-11_Img0193.txt
2025-11-11T01:10:54.679,17,34,5039.026,5909.846,D:\Data\2025-11-11\Image_2025-11-11_Img0194.txt
2025-11-11T01:11:17.211,17,33,5039.026,5828.315,D:\Data\2025-11-11\Image_2025-11-11_Img0195.txt
2025-11-11T01:11:38.957,17,32,5039.026,5746.785,D:\Data\2025-11-11\Image_2025-11-11_Img0196.txt
2025-11-11T01:12:00.910,17,31,5039.026,5665.254,D:\Data\2025-11-11\Image_2025-11-11_Img0197.txt
2025-11-11T01:12:22.931,17,30,5039.026,5583.723,D:\Data\2025-11-11\Image_2025-11-11_Img0198.txt
2025-11-11T01:12:43.881,17,29,5039.026,5502.192,D:\Data\2025-11-11\Image_2025-11-11_Img0199.txt
2025-11-11T01:13:05.148,17,28,5039.026,5420.662,D:\Data\2025-11-11\Image_2025-11-11_Img0200.txt
2025-11-11T01:13:26.323,17,27,5039.026,5339.131,D:\Data\2025-11-11\Image_2025-11-11_Img0201.txt
2025-11-11T01:13:48.219,17,26,5039.026,5257.600,D:\Data\2025-11-11\Image_2025-11-11_Img0202.txt
2025-11-11T01:14:09.858,17,25,5039.026,5176.069,D:\Data\2025-11-11\Image_2025-11-11_Img0203.txt
2025-11-11T01:14:31.420,17,24,5039.026,5094.538,D:\Data\2025-11-11\Image_2025-11-11_Img0204.txt
2025-11-11T01:14:54.918,17,23,5039.026,5013.008,D:\Data\2025-11-11\Image_2025-11-11_Img0205.txt
2025-11-11T01:15:16.804,17,22,5039.026,4931.477,D:\Data\2025-11-11\Image_2025-11-11_Img0206.txt
2025-11-11T01:15:39.486,17,21,5039.026,4849.946,D:\Data\2025-11-11\Image_2025-11-11_Img0207.txt
2025-11-11T01:16:00.954,17,20,5039.026,4768.415,D:\Data\2025-11-11\Image_2025-11-11_Img0208.txt
2025-11-11T01:16:22.668,17,19,5039.026,4686.885,D:\Data\2025-11-11\Image_2025-11-11_Img0209.txt
2025-11-11T01:16:44.099,17,18,5039.026,4605.354,D:\Data\2025-11-11\Image_2025-11-11_Img0210.txt
2025-11-11T01:17:05.738,17,17,5039.026,4523.823,D:\Data\2025-11-11\Image_2025-11-11_Img0211.txt
2025-11-11T01:17:26.581,17,16,5039.026,4442.292,D:\Data\2025-11-11\Image_2025-11-11_Img0212.txt
2025-11-11T01:17:48.549,17,15,5039.026,4360.762,D:\Data\2025-11-11\Image_2025-11-11_Img0213.txt
2025-11-11T01:18:11.672,17,14,5039.026,4279.231,D:\Data\2025-11-11\Image_2025-11-11_Img0214.txt
2025-11-11T01:18:34.337,17,13,5039.026,4197.700,D:\Data\2025-11-11\Image_2025-11-11_Img0215.txt
2025-11-11T01:18:57.063,17,12,5039.026,4116.169,D:\Data\2025-11-11\Image_2025-11-11_Img0216.txt
2025-11-11T01:19:19.423,17,11,5039.026,4034.638,D:\Data\2025-11-11\Image_2025-11-11_Img0217.txt
2025-11-11T01:19:42.604,17,10,5039.026,3953.108,D:\Data\2025-11-11\Image_2025-11-11_Img0218.txt
2025-11-11T01:20:05.347,17,9,5039.026,3871.577,D:\Data\2025-11-11\Image_2025-11-11_Img0219.txt
2025-11-11T01:20:28.071,17,8,5039.026,3790.046,D:\Data\2025-11-11\Image_2025-11-11_Img0220.txt
2025-11-11T01:20:50.753,17,7,5039.026,3708.515,D:\Data\2025-11-11\Image_2025-11-11_Img0221.txt
2025-11-11T01:21:13.074,17,6,5039.026,3626.985,D:\Data\2025-11-11\Image_2025-11-11_Img0222.txt
2025-11-11T01:21:35.033,17,5,5039.026,3545.454,D:\Data\2025-11-11\Image_2025-11-11_Img0223.txt
2025-11-11T01:21:57.233,17,4,5039.026,3463.923,D:\Data\2025-11-11\Image_2025-11-11_Img0224.txt
2025-11-11T01:22:20.465,17,3,5039.026,3382.392,D:\Data\2025-11-11\Image_2025-11-11_Img0225.txt
2025-11-11T01:22:43.906,17,2,5039.026,3300.862,D:\Data\2025-11-11\Image_2025-11-11_Img0226.txt
2025-11-11T01:23:07.464,17,1,5039.026,3219.331,D:\Data\2025-11-11\Image_2025-11-11_Img0227.txt
2025-11-11T01:23:30.346,17,0,5039.026,3137.800,D:\Data\2025-11-11\Image_2025-11-11_Img0228.txt
2025-11-11T01:23:54.897,18,0,4953.915,3137.800,D:\Data\2025-11-11\Image_2025-11-11_Img0229.txt
2025-11-11T01:24:17.963,18,1,4953.915,3219.331,D:\Data\2025-11-11\Image_2025-11-11_Img0230.txt
2025-11-11T01:24:40.104,18,2,4953.915,3300.862,D:\Data\2025-11-11\Image_2025-11-11_Img0231.txt
2025-11-11T01:25:02.525,18,3,4953.915,3382.392,D:\Data\2025-11-11\Image_2025-11-11_Img0232.txt
2025-11-11T01:25:23.929,18,4,4953.915,3463.923,D:\Data\2025-11-11\Image_2025-11-11_Img0233.txt
2025-11-11T01:25:46.132,18,5,4953.915,3545.454,D:\Data\2025-11-11\Image_2025-11-11_Img0234.txt
2025-11-11T01:26:08.930,18,6,4953.915,3626.985,D:\Data\2025-11-11\Image_2025-11-11_Img0235.txt
2025-11-11T01:26:31.794,18,7,4953.915,3708.515,D:\Data\2025-11-11\Image_2025-11-11_Img0236.txt
2025-11-11T01:26:54.604,18,8,4953.915,3790.046,D:\Data\2025-11-11\Image_2025-11-11_Img0237.txt
2025-11-11T01:27:17.485,18,9,4953.915,3871.577,D:\Data\2025-11-11\Image_2025-11-11_Img0238.txt
2025-11-11T01:27:40.865,18,10,4953.915,3953.108,D:\Data\2025-11-11\Image_2025-11-11_Img0239.txt
2025-11-11T01:28:02.280,18,11,4953.915,4034.638,D:\Data\2025-11-11\Image_2025-11-11_Img0240.txt
2025-11-11T01:28:23.405,18,12,4953.915,4116.169,D:\Data\2025-11-11\Image_2025-11-11_Img0241.txt
2025-11-11T01:28:45.441,18,13,4953.915,4197.700,D:\Data\2025-11-11\Image_2025-11-11_Img0242.txt
2025-11-11T01:29:07.538,18,14,4953.915,4279.231,D:\Data\2025-11-11\Image_2025-11-11_Img0243.txt
2025-11-11T01:29:29.644,18,15,4953.915,4360.762,D:\Data\2025-11-11\Image_2025-11-11_Img0244.txt
2025-11-11T01:29:51.805,18,16,4953.915,4442.292,D:\Data\2025-11-11\Image_2025-11-11_Img0245.txt
2025-11-11T01:30:14.519,18,17,4953.915,4523.823,D:\Data\2025-11-11\Image_2025-11-11_Img0246.txt
2025-11-11T01:30:36.757,18,18,4953.915,4605.354,D:\Data\2025-11-11\Image_2025-11-11_Img0247.txt
2025-11-11T01:30:58.555,18,19,4953.915,4686.885,D:\Data\2025-11-11\Image_2025-11-11_Img0248.txt
2025-11-11T01:31:20.886,18,20,4953.915,4768.415,D:\Data\2025-11-11\Image_2025-11-11_Img0249.txt
2025-11-11T01:31:45.422,18,21,4953.915,4849.946,D:\Data\2025-11-11\Image_2025-11-11_Img0250.txt
2025-11-11T01:32:08.805,18,22,4953.915,4931.477,D:\Data\2025-11-11\Image_2025-11-11_Img0251.txt
2025-11-11T01:32:31.992,18,23,4953.915,5013.008,D:\Data\2025-11-11\Image_2025-11-11_Img0252.txt
2025-11-11T01:32:53.886,18,24,4953.915,5094.538,D:\Data\2025-11-11\Image_2025-11-11_Img0253.txt
2025-11-11T01:33:14.968,18,25,4953.915,5176.069,D:\Data\2025-11-11\Image_2025-11-11_Img0254.txt
2025-11-11T01:33:36.939,18,26,4953.915,5257.600,D:\Data\2025-11-11\Image_2025-11-11_Img0255.txt
2025-11-11T01:33:57.823,18,27,4953.915,5339.131,D:\Data\2025-11-11\Image_2025-11-11_Img0256.txt
2025-11-11T01:34:20.185,18,28,4953.915,5420.662,D:\Data\2025-11-11\Image_2025-11-11_Img0257.txt
2025-11-11T01:34:41.637,18,29,4953.915,5502.192,D:\Data\2025-11-11\Image_2025-11-11_Img0258.txt
2025-11-11T01:35:03.372,18,30,4953.915,5583.723,D:\Data\2025-11-11\Image_2025-11-11_Img0259.txt
2025-11-11T01:35:25.750,18,31,4953.915,5665.254,D:\Data\2025-11-11\Image_2025-11-11_Img0260.txt
2025-11-11T01:35:47.905,18,32,4953.915,5746.785,D:\Data\2025-11-11\Image_2025-11-11_Img0261.txt
2025-11-11T01:36:10.431,18,33,4953.915,5828.315,D:\Data\2025-11-11\Image_2025-11-11_Img0262.txt
2025-11-11T01:36:33.233,18,34,4953.915,5909.846,D:\Data\2025-11-11\Image_2025-11-11_Img0263.txt
2025-11-11T01:36:54.546,18,35,4953.915,5991.377,D:\Data\2025-11-11\Image_2025-11-11_Img0264.txt
2025-11-11T01:37:16.029,18,36,4953.915,6072.908,D:\Data\2025-11-11\Image_2025-11-11_Img0265.txt
2025-11-11T01:37:36.915,18,37,4953.915,6154.438,D:\Data\2025-11-11\Image_2025-11-11_Img0266.txt
2025-11-11T01:37:58.169,18,38,4953.915,6235.969,D:\Data\2025-11-11\Image_2025-11-11_Img0267.txt
2025-11-11T01:38:19.480,18,39,4953.915,6317.500,D:\Data\2025-11-11\Image_2025-11-11_Img0268.txt
2025-11-11T01:38:42.205,19,39,4868.805,6317.500,D:\Data\2025-11-11\Image_2025-11-11_Img0269.txt
2025-11-11T01:39:03.195,19,38,4868.805,6235.969,D:\Data\2025-11-11\Image_2025-11-11_Img0270.txt
2025-11-11T01:39:25.303,19,37,4868.805,6154.438,D:\Data\2025-11-11\Image_2025-11-11_Img0271.txt
2025-11-11T01:39:46.691,19,36,4868.805,6072.908,D:\Data\2025-11-11\Image_2025-11-11_Img0272.txt
2025-11-11T01:40:08.757,19,35,4868.805,5991.377,D:\Data\2025-11-11\Image_2025-11-11_Img0273.txt
2025-11-11T01:40:30.062,19,34,4868.805,5909.846,D:\Data\2025-11-11\Image_2025-11-11_Img0274.txt
2025-11-11T01:40:53.073,19,33,4868.805,5828.315,D:\Data\2025-11-11\Image_2025-11-11_Img0275.txt
2025-11-11T01:41:15.762,19,32,4868.805,5746.785,D:\Data\2025-11-11\Image_2025-11-11_Img0276.txt
2025-11-11T01:41:38.331,19,31,4868.805,5665.254,D:\Data\2025-11-11\Image_2025-11-11_Img0277.txt
2025-11-11T01:42:00.921,19,30,4868.805,5583.723,D:\Data\2025-11-11\Image_2025-11-11_Img0278.txt
2025-11-11T01:42:23.120,19,29,4868.805,5502.192,D:\Data\2025-11-11\Image_2025-11-11_Img0279.txt
2025-11-11T01:42:45.700,19,28,4868.805,5420.662,D:\Data\2025-11-11\Image_2025-11-11_Img0280.txt
2025-11-11T01:43:08.007,19,27,4868.805,5339.131,D:\Data\2025-11-11\Image_2025-11-11_Img0281.txt
2025-11-11T01:43:30.442,19,26,4868.805,5257.600,D:\Data\2025-11-11\Image_2025-11-11_Img0282.txt
2025-11-11T01:43:52.366,19,25,4868.805,5176.069,D:\Data\2025-11-11\Image_2025-11-11_Img0283.txt
2025-11-11T01:44:13.577,19,24,4868.805,5094.538,D:\Data\2025-11-11\Image_2025-11-11_Img0284.txt
2025-11-11T01:44:35.408,19,23,4868.805,5013.008,D:\Data\2025-11-11\Image_2025-11-11_Img0285.txt
2025-11-11T01:44:57.253,19,22,4868.805,4931.477,D:\Data\2025-11-11\Image_2025-11-11_Img0286.txt
2025-11-11T01:45:19.297,19,21,4868.805,4849.946,D:\Data\2025-11-11\Image_2025-11-11_Img0287.txt
2025-11-11T01:45:44.857,19,20,4868.805,4768.415,D:\Data\2025-11-11\Image_2025-11-11_Img0288.txt
2025-11-11T01:46:07.459,19,19,4868.805,4686.885,D:\Data\2025-11-11\Image_2025-11-11_Img0289.txt
2025-11-11T01:46:30.045,19,18,4868.805,4605.354,D:\Data\2025-11-11\Image_2025-11-11_Img0290.txt
2025-11-11T01:46:52.466,19,17,4868.805,4523.823,D:\Data\2025-11-11\Image_2025-11-11_Img0291.txt
2025-11-11T01:47:15.036,19,16,4868.805,4442.292,D:\Data\2025-11-11\Image_2025-11-11_Img0292.txt
2025-11-11T01:47:37.198,19,15,4868.805,4360.762,D:\Data\2025-11-11\Image_2025-11-11_Img0293.txt
2025-11-11T01:47:59.416,19,14,4868.805,4279.231,D:\Data\2025-11-11\Image_2025-11-11_Img0294.txt
2025-11-11T01:48:20.701,19,13,4868.805,4197.700,D:\Data\2025-11-11\Image_2025-11-11_Img0295.txt
2025-11-11T01:48:42.286,19,12,4868.805,4116.169,D:\Data\2025-11-11\Image_2025-11-11_Img0296.txt
2025-11-11T01:49:04.354,19,11,4868.805,4034.638,D:\Data\2025-11-11\Image_2025-11-11_Img0297.txt
2025-11-11T01:49:26.586,19,10,4868.805,3953.108,D:\Data\2025-11-11\Image_2025-11-11_Img0298.txt
2025-11-11T01:49:48.618,19,9,4868.805,3871.577,D:\Data\2025-11-11\Image_2025-11-11_Img0299.txt
2025-11-11T01:50:11.683,19,8,4868.805,3790.046,D:\Data\2025-11-11\Image_2025-11-11_Img0300.txt
2025-11-11T01:50:34.235,19,7,4868.805,3708.515,D:\Data\2025-11-11\Image_2025-11-11_Img0301.txt
2025-11-11T01:50:56.424,19,6,4868.805,3626.985,D:\Data\2025-11-11\Image_2025-11-11_Img0302.txt
2025-11-11T01:51:19.232,19,5,4868.805,3545.454,D:\Data\2025-11-11\Image_2025-11-11_Img0303.txt
2025-11-11T01:51:42.183,19,4,4868.805,3463.923,D:\Data\2025-11-11\Image_2025-11-11_Img0304.txt
2025-11-11T01:52:04.145,19,3,4868.805,3382.392,D:\Data\2025-11-11\Image_2025-11-11_Img0305.txt
2025-11-11T01:52:26.830,19,2,4868.805,3300.862,D:\Data\2025-11-11\Image_2025-11-11_Img0306.txt
2025-11-11T01:52:49.158,19,1,4868.805,3219.331,D:\Data\2025-11-11\Image_2025-11-11_Img0307.txt
2025-11-11T01:53:10.905,19,0,4868.805,3137.800,D:\Data\2025-11-11\Image_2025-11-11_Img0308.txt
2025-11-11T01:53:34.234,20,0,4783.695,3137.800,D:\Data\2025-11-11\Image_2025-11-11_Img0309.txt
2025-11-11T01:53:54.673,20,1,4783.695,3219.331,D:\Data\2025-11-11\Image_2025-11-11_Img0310.txt
2025-11-11T01:54:15.628,20,2,4783.695,3300.862,D:\Data\2025-11-11\Image_2025-11-11_Img0311.txt
2025-11-11T01:54:38.150,20,3,4783.695,3382.392,D:\Data\2025-11-11\Image_2025-11-11_Img0312.txt
2025-11-11T01:55:00.801,20,4,4783.695,3463.923,D:\Data\2025-11-11\Image_2025-11-11_Img0313.txt
2025-11-11T01:55:22.686,20,5,4783.695,3545.454,D:\Data\2025-11-11\Image_2025-11-11_Img0314.txt
2025-11-11T01:55:44.762,20,6,4783.695,3626.985,D:\Data\2025-11-11\Image_2025-11-11_Img0315.txt
2025-11-11T01:56:06.791,20,7,4783.695,3708.515,D:\Data\2025-11-11\Image_2025-11-11_Img0316.txt
2025-11-11T01:56:28.813,20,8,4783.695,3790.046,D:\Data\2025-11-11\Image_2025-11-11_Img0317.txt
2025-11-11T01:56:52.099,20,9,4783.695,3871.577,D:\Data\2025-11-11\Image_2025-11-11_Img0318.txt
2025-11-11T01:57:14.165,20,10,4783.695,3953.108,D:\Data\2025-11-11\Image_2025-11-11_Img0319.txt
2025-11-11T01:57:36.223,20,11,4783.695,4034.638,D:\Data\2025-11-11\Image_2025-11-11_Img0320.txt
2025-11-11T01:57:57.605,20,12,4783.695,4116.169,D:\Data\2025-11-11\Image_2025-11-11_Img0321.txt
2025-11-11T01:58:19.994,20,13,4783.695,4197.700,D:\Data\2025-11-11\Image_2025-11-11_Img0322.txt
2025-11-11T01:58:41.976,20,14,4783.695,4279.231,D:\Data\2025-11-11\Image_2025-11-11_Img0323.txt
2025-11-11T01:59:04.393,20,15,4783.695,4360.762,D:\Data\2025-11-11\Image_2025-11-11_Img0324.txt
2025-11-11T01:59:26.810,20,16,4783.695,4442.292,D:\Data\2025-11-11\Image_2025-11-11_Img0325.txt
2025-11-11T01:59:49.086,20,17,4783.695,4523.823,D:\Data\2025-11-11\Image_2025-11-11_Img0326.txt
2025-11-11T02:00:10.156,20,18,4783.695,4605.354,D:\Data\2025-11-11\Image_2025-11-11_Img0327.txt
2025-11-11T02:00:31.570,20,19,4783.695,4686.885,D:\Data\2025-11-11\Image_2025-11-11_Img0328.txt
2025-11-11T02:00:53.841,20,20,4783.695,4768.415,D:\Data\2025-11-11\Image_2025-11-11_Img0329.txt
2025-11-11T02:01:15.522,20,21,4783.695,4849.946,D:\Data\2025-11-11\Image_2025-11-11_Img0330.txt
2025-11-11T02:01:37.428,20,22,4783.695,4931.477,D:\Data\2025-11-11\Image_2025-11-11_Img0331.txt
2025-11-11T02:01:59.194,20,23,4783.695,5013.008,D:\Data\2025-11-11\Image_2025-11-11_Img0332.txt
2025-11-11T02:02:21.506,20,24,4783.695,5094.538,D:\Data\2025-11-11\Image_2025-11-11_Img0333.txt
2025-11-11T02:02:43.734,20,25,4783.695,5176.069,D:\Data\2025-11-11\Image_2025-11-11_Img0334.txt
2025-11-11T02:03:06.364,20,26,4783.695,5257.600,D:\Data\2025-11-11\Image_2025-11-11_Img0335.txt
2025-11-11T02:03:28.005,20,27,4783.695,5339.131,D:\Data\2025-11-11\Image_2025-11-11_Img0336.txt
2025-11-11T02:03:50.640,20,28,4783.695,5420.662,D:\Data\2025-11-11\Image_2025-11-11_Img0337.txt
2025-11-11T02:04:12.577,20,29,4783.695,5502.192,D:\Data\2025-11-11\Image_2025-11-11_Img0338.txt
2025-11-11T02:04:33.782,20,30,4783.695,5583.723,D:\Data\2025-11-11\Image_2025-11-11_Img0339.txt
2025-11-11T02:04:55.561,20,31,4783.695,5665.254,D:\Data\2025-11-11\Image_2025-11-11_Img0340.txt
2025-11-11T02:05:17.768,20,32,4783.695,5746.785,D:\Data\2025-11-11\Image_2025-11-11_Img0341.txt
2025-11-11T02:05:40.020,20,33,4783.695,5828.315,D:\Data\2025-11-11\Image_2025-11-11_Img0342.txt
2025-11-11T02:06:01.289,20,34,4783.695,5909.846,D:\Data\2025-11-11\Image_2025-11-11_Img0343.txt
2025-11-11T02:06:23.980,20,35,4783.695,5991.377,D:\Data\2025-11-11\Image_2025-11-11_Img0344.txt
2025-11-11T02:06:45.708,20,36,4783.695,6072.908,D:\Data\2025-11-11\Image_2025-11-11_Img0345.txt
2025-11-11T02:07:08.228,20,37,4783.695,6154.438,D:\Data\2025-11-11\Image_2025-11-11_Img0346.txt
2025-11-11T02:07:30.901,20,38,4783.695,6235.969,D:\Data\2025-11-11\Image_2025-11-11_Img0347.txt
2025-11-11T02:07:51.482,20,39,4783.695,6317.500,D:\Data\2025-11-11\Image_2025-11-11_Img0348.txt
2025-11-11T02:08:15.055,21,39,4698.585,6317.500,D:\Data\2025-11-11\Image_2025-11-11_Img0349.txt
2025-11-11T02:08:35.827,21,38,4698.585,6235.969,D:\Data\2025-11-11\Image_2025-11-11_Img0350.txt
2025-11-11T02:08:57.234,21,37,4698.585,6154.438,D:\Data\2025-11-11\Image_2025-11-11_Img0351.txt
2025-11-11T02:09:18.763,21,36,4698.585,6072.908,D:\Data\2025-11-11\Image_2025-11-11_Img0352.txt
2025-11-11T02:09:41.659,21,35,4698.585,5991.377,D:\Data\2025-11-11\Image_2025-11-11_Img0353.txt
2025-11-11T02:10:03.737,21,34,4698.585,5909.846,D:\Data\2025-11-11\Image_2025-11-11_Img0354.txt
2025-11-11T02:10:25.311,21,33,4698.585,5828.315,D:\Data\2025-11-11\Image_2025-11-11_Img0355.txt
2025-11-11T02:10:47.465,21,32,4698.585,5746.785,D:\Data\2025-11-11\Image_2025-11-11_Img0356.txt
2025-11-11T02:11:09.030,21,31,4698.585,5665.254,D:\Data\2025-11-11\Image_2025-11-11_Img0357.txt
2025-11-11T02:11:30.612,21,30,4698.585,5583.723,D:\Data\2025-11-11\Image_2025-11-11_Img0358.txt
2025-11-11T02:11:53.641,21,29,4698.585,5502.192,D:\Data\2025-11-11\Image_2025-11-11_Img0359.txt
2025-11-11T02:12:14.831,21,28,4698.585,5420.662,D:\Data\2025-11-11\Image_2025-11-11_Img0360.txt
2025-11-11T02:12:36.644,21,27,4698.585,5339.131,D:\Data\2025-11-11\Image_2025-11-11_Img0361.txt
2025-11-11T02:12:58.327,21,26,4698.585,5257.600,D:\Data\2025-11-11\Image_2025-11-11_Img0362.txt
2025-11-11T02:13:20.473,21,25,4698.585,5176.069,D:\Data\2025-11-11\Image_2025-11-11_Img0363.txt
2025-11-11T02:13:42.076,21,24,4698.585,5094.538,D:\Data\2025-11-11\Image_2025-11-11_Img0364.txt
2025-11-11T02:14:05.055,21,23,4698.585,5013.008,D:\Data\2025-11-11\Image_2025-11-11_Img0365.txt
2025-11-11T02:14:27.560,21,22,4698.585,4931.477,D:\Data\2025-11-11\Image_2025-11-11_Img0366.txt
2025-11-11T02:14:49.773,21,21,4698.585,4849.946,D:\Data\2025-11-11\Image_2025-11-11_Img0367.txt
2025-11-11T02:15:13.059,21,20,4698.585,4768.415,D:\Data\2025-11-11\Image_2025-11-11_Img0368.txt
2025-11-11T02:15:33.968,21,19,4698.585,4686.885,D:\Data\2025-11-11\Image_2025-11-11_Img0369.txt
2025-11-11T02:15:56.082,21,18,4698.585,4605.354,D:\Data\2025-11-11\Image_2025-11-11_Img0370.txt
2025-11-11T02:16:18.027,21,17,4698.585,4523.823,D:\Data\2025-11-11\Image_2025-11-11_Img0371.txt
2025-11-11T02:16:40.131,21,16,4698.585,4442.292,D:\Data\2025-11-11\Image_2025-11-11_Img0372.txt
2025-11-11T02:17:03.575,21,15,4698.585,4360.762,D:\Data\2025-11-11\Image_2025-11-11_Img0373.txt
2025-11-11T02:17:25.431,21,14,4698.585,4279.231,D:\Data\2025-11-11\Image_2025-11-11_Img0374.txt
2025-11-11T02:17:47.162,21,13,4698.585,4197.700,D:\Data\2025-11-11\Image_2025-11-11_Img0375.txt
2025-11-11T02:18:08.862,21,12,4698.585,4116.169,D:\Data\2025-11-11\Image_2025-11-11_Img0376.txt
2025-11-11T02:18:31.921,21,11,4698.585,4034.638,D:\Data\2025-11-11\Image_2025-11-11_Img0377.txt
2025-11-11T02:18:55.241,21,10,4698.585,3953.108,D:\Data\2025-11-11\Image_2025-11-11_Img0378.txt
2025-11-11T02:19:19.306,21,9,4698.585,3871.577,D:\Data\2025-11-11\Image_2025-11-11_Img0379.txt
2025-11-11T02:19:41.870,21,8,4698.585,3790.046,D:\Data\2025-11-11\Image_2025-11-11_Img0380.txt
2025-11-11T02:20:04.413,21,7,4698.585,3708.515,D:\Data\2025-11-11\Image_2025-11-11_Img0381.txt
2025-11-11T02:20:26.430,21,6,4698.585,3626.985,D:\Data\2025-11-11\Image_2025-11-11_Img0382.txt
2025-11-11T02:20:48.889,21,5,4698.585,3545.454,D:\Data\2025-11-11\Image_2025-11-11_Img0383.txt
2025-11-11T02:21:11.222,21,4,4698.585,3463.923,D:\Data\2025-11-11\Image_2025-11-11_Img0384.txt
2025-11-11T02:21:33.465,21,3,4698.585,3382.392,D:\Data\2025-11-11\Image_2025-11-11_Img0385.txt
2025-11-11T02:21:57.350,21,2,4698.585,3300.862,D:\Data\2025-11-11\Image_2025-11-11_Img0386.txt
2025-11-11T02:22:20.445,21,1,4698.585,3219.331,D:\Data\2025-11-11\Image_2025-11-11_Img0387.txt
2025-11-11T02:22:43.096,21,0,4698.585,3137.800,D:\Data\2025-11-11\Image_2025-11-11_Img0388.txt
2025-11-11T02:23:06.931,22,0,4613.474,3137.800,D:\Data\2025-11-11\Image_2025-11-11_Img0389.txt
2025-11-11T02:23:30.544,22,1,4613.474,3219.331,D:\Data\2025-11-11\Image_2025-11-11_Img0390.txt
2025-11-11T02:23:53.221,22,2,4613.474,3300.862,D:\Data\2025-11-11\Image_2025-11-11_Img0391.txt
2025-11-11T02:24:15.808,22,3,4613.474,3382.392,D:\Data\2025-11-11\Image_2025-11-11_Img0392.txt
2025-11-11T02:24:37.826,22,4,4613.474,3463.923,D:\Data\2025-11-11\Image_2025-11-11_Img0393.txt
2025-11-11T02:25:00.270,22,5,4613.474,3545.454,D:\Data\2025-11-11\Image_2025-11-11_Img0394.txt
2025-11-11T02:25:22.963,22,6,4613.474,3626.985,D:\Data\2025-11-11\Image_2025-11-11_Img0395.txt
2025-11-11T02:25:45.043,22,7,4613.474,3708.515,D:\Data\2025-11-11\Image_2025-11-11_Img0396.txt
2025-11-11T02:26:06.988,22,8,4613.474,3790.046,D:\Data\2025-11-11\Image_2025-11-11_Img0397.txt
2025-11-11T02:26:29.700,22,9,4613.474,3871.577,D:\Data\2025-11-11\Image_2025-11-11_Img0398.txt
2025-11-11T02:26:52.721,22,10,4613.474,3953.108,D:\Data\2025-11-11\Image_2025-11-11_Img0399.txt
2025-11-11T02:27:16.009,22,11,4613.474,4034.638,D:\Data\2025-11-11\Image_2025-11-11_Img0400.txt
2025-11-11T02:27:38.632,22,12,4613.474,4116.169,D:\Data\2025-11-11\Image_2025-11-11_Img0401.txt
2025-11-11T02:28:01.327,22,13,4613.474,4197.700,D:\Data\2025-11-11\Image_2025-11-11_Img0402.txt
2025-11-11T02:28:22.990,22,14,4613.474,4279.231,D:\Data\2025-11-11\Image_2025-11-11_Img0403.txt
2025-11-11T02:28:44.939,22,15,4613.474,4360.762,D:\Data\2025-11-11\Image_2025-11-11_Img0404.txt
2025-11-11T02:29:07.841,22,16,4613.474,4442.292,D:\Data\2025-11-11\Image_2025-11-11_Img0405.txt
2025-11-11T02:29:29.763,22,17,4613.474,4523.823,D:\Data\2025-11-11\Image_2025-11-11_Img0406.txt
2025-11-11T02:29:52.325,22,18,4613.474,4605.354,D:\Data\2025-11-11\Image_2025-11-11_Img0407.txt
2025-11-11T02:30:14.987,22,19,4613.474,4686.885,D:\Data\2025-11-11\Image_2025-11-11_Img0408.txt
2025-11-11T02:30:36.669,22,20,4613.474,4768.415,D:\Data\2025-11-11\Image_2025-11-11_Img0409.txt
2025-11-11T02:30:59.878,22,21,4613.474,4849.946,D:\Data\2025-11-11\Image_2025-11-11_Img0410.txt
2025-11-11T02:31:21.886,22,22,4613.474,4931.477,D:\Data\2025-11-11\Image_2025-11-11_Img0411.txt
2025-11-11T02:31:43.308,22,23,4613.474,5013.008,D:\Data\2025-11-11\Image_2025-11-11_Img0412.txt
2025-11-11T02:32:05.245,22,24,4613.474,5094.538,D:\Data\2025-11-11\Image_2025-11-11_Img0413.txt
2025-11-11T02:32:26.807,22,25,4613.474,5176.069,D:\Data\2025-11-11\Image_2025-11-11_Img0414.txt
2025-11-11T02:32:48.951,22,26,4613.474,5257.600,D:\Data\2025-11-11\Image_2025-11-11_Img0415.txt
2025-11-11T02:33:10.689,22,27,4613.474,5339.131,D:\Data\2025-11-11\Image_2025-11-11_Img0416.txt
2025-11-11T02:33:33.161,22,28,4613.474,5420.662,D:\Data\2025-11-11\Image_2025-11-11_Img0417.txt
2025-11-11T02:33:55.459,22,29,4613.474,5502.192,D:\Data\2025-11-11\Image_2025-11-11_Img0418.txt
2025-11-11T02:34:18.316,22,30,4613.474,5583.723,D:\Data\2025-11-11\Image_2025-11-11_Img0419.txt
2025-11-11T02:34:40.552,22,31,4613.474,5665.254,D:\Data\2025-11-11\Image_2025-11-11_Img0420.txt
2025-11-11T02:35:02.712,22,32,4613.474,5746.785,D:\Data\2025-11-11\Image_2025-11-11_Img0421.txt
2025-11-11T02:35:23.839,22,33,4613.474,5828.315,D:\Data\2025-11-11\Image_2025-11-11_Img0422.txt
2025-11-11T02:35:45.985,22,34,4613.474,5909.846,D:\Data\2025-11-11\Image_2025-11-11_Img0423.txt
2025-11-11T02:36:08.861,22,35,4613.474,5991.377,D:\Data\2025-11-11\Image_2025-11-11_Img0424.txt
2025-11-11T02:36:30.512,22,36,4613.474,6072.908,D:\Data\2025-11-11\Image_2025-11-11_Img0425.txt
2025-11-11T02:36:51.822,22,37,4613.474,6154.438,D:\Data\2025-11-11\Image_2025-11-11_Img0426.txt
2025-11-11T02:37:13.568,22,38,4613.474,6235.969,D:\Data\2025-11-11\Image_2025-11-11_Img0427.txt
2025-11-11T02:37:35.221,22,39,4613.474,6317.500,D:\Data\2025-11-11\Image_2025-11-11_Img0428.txt
2025-11-11T02:37:58.336,23,39,4528.364,6317.500,D:\Data\2025-11-11\Image_2025-11-11_Img0429.txt
2025-11-11T02:38:20.551,23,38,4528.364,6235.969,D:\Data\2025-11-11\Image_2025-11-11_Img0430.txt
2025-11-11T02:38:42.658,23,37,4528.364,6154.438,D:\Data\2025-11-11\Image_2025-11-11_Img0431.txt
2025-11-11T02:39:04.579,23,36,4528.364,6072.908,D:\Data\2025-11-11\Image_2025-11-11_Img0432.txt
2025-11-11T02:39:26.782,23,35,4528.364,5991.377,D:\Data\2025-11-11\Image_2025-11-11_Img0433.txt
2025-11-11T02:39:47.783,23,34,4528.364,5909.846,D:\Data\2025-11-11\Image_2025-11-11_Img0434.txt
2025-11-11T02:40:09.826,23,33,4528.364,5828.315,D:\Data\2025-11-11\Image_2025-11-11_Img0435.txt
2025-11-11T02:40:31.039,23,32,4528.364,5746.785,D:\Data\2025-11-11\Image_2025-11-11_Img0436.txt
2025-11-11T02:40:53.741,23,31,4528.364,5665.254,D:\Data\2025-11-11\Image_2025-11-11_Img0437.txt
2025-11-11T02:41:14.781,23,30,4528.364,5583.723,D:\Data\2025-11-11\Image_2025-11-11_Img0438.txt
2025-11-11T02:41:37.045,23,29,4528.364,5502.192,D:\Data\2025-11-11\Image_2025-11-11_Img0439.txt
2025-11-11T02:42:00.950,23,28,4528.364,5420.662,D:\Data\2025-11-11\Image_2025-11-11_Img0440.txt
2025-11-11T02:42:23.177,23,27,4528.364,5339.131,D:\Data\2025-11-11\Image_2025-11-11_Img0441.txt
2025-11-11T02:42:44.421,23,26,4528.364,5257.600,D:\Data\2025-11-11\Image_2025-11-11_Img0442.txt
2025-11-11T02:43:06.146,23,25,4528.364,5176.069,D:\Data\2025-11-11\Image_2025-11-11_Img0443.txt
2025-11-11T02:43:28.758,23,24,4528.364,5094.538,D:\Data\2025-11-11\Image_2025-11-11_Img0444.txt
2025-11-11T02:43:51.685,23,23,4528.364,5013.008,D:\Data\2025-11-11\Image_2025-11-11_Img0445.txt
2025-11-11T02:44:14.928,23,22,4528.364,4931.477,D:\Data\2025-11-11\Image_2025-11-11_Img0446.txt
2025-11-11T02:44:37.570,23,21,4528.364,4849.946,D:\Data\2025-11-11\Image_2025-11-11_Img0447.txt
2025-11-11T02:45:00.575,23,20,4528.364,4768.415,D:\Data\2025-11-11\Image_2025-11-11_Img0448.txt
2025-11-11T02:45:22.825,23,19,4528.364,4686.885,D:\Data\2025-11-11\Image_2025-11-11_Img0449.txt
2025-11-11T02:45:45.622,23,18,4528.364,4605.354,D:\Data\2025-11-11\Image_2025-11-11_Img0450.txt
2025-11-11T02:46:07.452,23,17,4528.364,4523.823,D:\Data\2025-11-11\Image_2025-11-11_Img0451.txt
2025-11-11T02:46:29.663,23,16,4528.364,4442.292,D:\Data\2025-11-11\Image_2025-11-11_Img0452.txt
2025-11-11T02:46:52.051,23,15,4528.364,4360.762,D:\Data\2025-11-11\Image_2025-11-11_Img0453.txt
2025-11-11T02:47:14.509,23,14,4528.364,4279.231,D:\Data\2025-11-11\Image_2025-11-11_Img0454.txt
2025-11-11T02:47:36.684,23,13,4528.364,4197.700,D:\Data\2025-11-11\Image_2025-11-11_Img0455.txt
2025-11-11T02:48:00.118,23,12,4528.364,4116.169,D:\Data\2025-11-11\Image_2025-11-11_Img0456.txt
2025-11-11T02:48:22.267,23,11,4528.364,4034.638,D:\Data\2025-11-11\Image_2025-11-11_Img0457.txt
2025-11-11T02:48:44.919,23,10,4528.364,3953.108,D:\Data\2025-11-11\Image_2025-11-11_Img0458.txt
2025-11-11T02:49:07.753,23,9,4528.364,3871.577,D:\Data\2025-11-11\Image_2025-11-11_Img0459.txt
2025-11-11T02:49:30.732,23,8,4528.364,3790.046,D:\Data\2025-11-11\Image_2025-11-11_Img0460.txt
2025-11-11T02:49:53.395,23,7,4528.364,3708.515,D:\Data\2025-11-11\Image_2025-11-11_Img0461.txt
2025-11-11T02:50:16.047,23,6,4528.364,3626.985,D:\Data\2025-11-11\Image_2025-11-11_Img0462.txt
2025-11-11T02:50:38.908,23,5,4528.364,3545.454,D:\Data\2025-11-11\Image_2025-11-11_Img0463.txt
2025-11-11T02:51:01.296,23,4,4528.364,3463.923,D:\Data\2025-11-11\Image_2025-11-11_Img0464.txt
2025-11-11T02:51:23.836,23,3,4528.364,3382.392,D:\Data\2025-11-11\Image_2025-11-11_Img0465.txt
2025-11-11T02:51:45.790,23,2,4528.364,3300.862,D:\Data\2025-11-11\Image_2025-11-11_Img0466.txt
2025-11-11T02:52:08.157,23,1,4528.364,3219.331,D:\Data\2025-11-11\Image_2025-11-11_Img0467.txt
2025-11-11T02:52:31.430,23,0,4528.364,3137.800,D:\Data\2025-11-11\Image_2025-11-11_Img0468.txt
2025-11-11T02:52:56.303,24,0,4443.254,3137.800,D:\Data\2025-11-11\Image_2025-11-11_Img0469.txt
2025-11-11T02:53:18.438,24,1,4443.254,3219.331,D:\Data\2025-11-11\Image_2025-11-11_Img0470.txt
2025-11-11T02:53:41.004,24,2,4443.254,3300.862,D:\Data\2025-11-11\Image_2025-11-11_Img0471.txt
2025-11-11T02:54:03.194,24,3,4443.254,3382.392,D:\Data\2025-11-11\Image_2025-11-11_Img0472.txt
2025-11-11T02:54:25.580,24,4,4443.254,3463.923,D:\Data\2025-11-11\Image_2025-11-11_Img0473.txt
2025-11-11T02:54:48.356,24,5,4443.254,3545.454,D:\Data\2025-11-11\Image_2025-11-11_Img0474.txt
2025-11-11T02:55:11.965,24,6,4443.254,3626.985,D:\Data\2025-11-11\Image_2025-11-11_Img0475.txt
2025-11-11T02:55:35.001,24,7,4443.254,3708.515,D:\Data\2025-11-11\Image_2025-11-11_Img0476.txt
2025-11-11T02:55:57.599,24,8,4443.254,3790.046,D:\Data\2025-11-11\Image_2025-11-11_Img0477.txt
2025-11-11T02:56:21.783,24,9,4443.254,3871.577,D:\Data\2025-11-11\Image_2025-11-11_Img0478.txt
2025-11-11T02:56:44.342,24,10,4443.254,3953.108,D:\Data\2025-11-11\Image_2025-11-11_Img0479.txt
2025-11-11T02:57:06.726,24,11,4443.254,4034.638,D:\Data\2025-11-11\Image_2025-11-11_Img0480.txt
2025-11-11T02:57:28.713,24,12,4443.254,4116.169,D:\Data\2025-11-11\Image_2025-11-11_Img0481.txt
2025-11-11T02:57:50.768,24,13,4443.254,4197.700,D:\Data\2025-11-11\Image_2025-11-11_Img0482.txt
2025-11-11T02:58:13.199,24,14,4443.254,4279.231,D:\Data\2025-11-11\Image_2025-11-11_Img0483.txt
2025-11-11T02:58:35.358,24,15,4443.254,4360.762,D:\Data\2025-11-11\Image_2025-11-11_Img0484.txt
2025-11-11T02:58:57.760,24,16,4443.254,4442.292,D:\Data\2025-11-11\Image_2025-11-11_Img0485.txt
2025-11-11T02:59:20.596,24,17,4443.254,4523.823,D:\Data\2025-11-11\Image_2025-11-11_Img0486.txt
2025-11-11T02:59:43.417,24,18,4443.254,4605.354,D:\Data\2025-11-11\Image_2025-11-11_Img0487.txt
2025-11-11T03:00:06.600,24,19,4443.254,4686.885,D:\Data\2025-11-11\Image_2025-11-11_Img0488.txt
2025-11-11T03:00:29.716,24,20,4443.254,4768.415,D:\Data\2025-11-11\Image_2025-11-11_Img0489.txt
2025-11-11T03:00:51.662,24,21,4443.254,4849.946,D:\Data\2025-11-11\Image_2025-11-11_Img0490.txt
2025-11-11T03:01:13.219,24,22,4443.254,4931.477,D:\Data\2025-11-11\Image_2025-11-11_Img0491.txt
2025-11-11T03:01:35.110,24,23,4443.254,5013.008,D:\Data\2025-11-11\Image_2025-11-11_Img0492.txt
2025-11-11T03:01:57.761,24,24,4443.254,5094.538,D:\Data\2025-11-11\Image_2025-11-11_Img0493.txt
2025-11-11T03:02:19.044,24,25,4443.254,5176.069,D:\Data\2025-11-11\Image_2025-11-11_Img0494.txt
2025-11-11T03:02:40.994,24,26,4443.254,5257.600,D:\Data\2025-11-11\Image_2025-11-11_Img0495.txt
2025-11-11T03:03:03.270,24,27,4443.254,5339.131,D:\Data\2025-11-11\Image_2025-11-11_Img0496.txt
2025-11-11T03:03:25.731,24,28,4443.254,5420.662,D:\Data\2025-11-11\Image_2025-11-11_Img0497.txt
2025-11-11T03:03:47.588,24,29,4443.254,5502.192,D:\Data\2025-11-11\Image_2025-11-11_Img0498.txt
2025-11-11T03:04:10.900,24,30,4443.254,5583.723,D:\Data\2025-11-11\Image_2025-11-11_Img0499.txt
2025-11-11T03:04:33.202,24,31,4443.254,5665.254,D:\Data\2025-11-11\Image_2025-11-11_Img0500.txt
2025-11-11T03:04:55.094,24,32,4443.254,5746.785,D:\Data\2025-11-11\Image_2025-11-11_Img0501.txt
2025-11-11T03:05:16.496,24,33,4443.254,5828.315,D:\Data\2025-11-11\Image_2025-11-11_Img0502.txt
2025-11-11T03:05:37.638,24,34,4443.254,5909.846,D:\Data\2025-11-11\Image_2025-11-11_Img0503.txt
2025-11-11T03:05:59.560,24,35,4443.254,5991.377,D:\Data\2025-11-11\Image_2025-11-11_Img0504.txt
2025-11-11T03:06:20.477,24,36,4443.254,6072.908,D:\Data\2025-11-11\Image_2025-11-11_Img0505.txt
2025-11-11T03:06:42.337,24,37,4443.254,6154.438,D:\Data\2025-11-11\Image_2025-11-11_Img0506.txt
2025-11-11T03:07:03.758,24,38,4443.254,6235.969,D:\Data\2025-11-11\Image_2025-11-11_Img0507.txt
2025-11-11T03:07:25.693,24,39,4443.254,6317.500,D:\Data\2025-11-11\Image_2025-11-11_Img0508.txt
2025-11-11T03:07:49.304,25,39,4358.144,6317.500,D:\Data\2025-11-11\Image_2025-11-11_Img0509.txt
2025-11-11T03:08:11.463,25,38,4358.144,6235.969,D:\Data\2025-11-11\Image_2025-11-11_Img0510.txt
2025-11-11T03:08:33.536,25,37,4358.144,6154.438,D:\Data\2025-11-11\Image_2025-11-11_Img0511.txt
2025-11-11T03:08:55.719,25,36,4358.144,6072.908,D:\Data\2025-11-11\Image_2025-11-11_Img0512.txt
2025-11-11T03:09:18.641,25,35,4358.144,5991.377,D:\Data\2025-11-11\Image_2025-11-11_Img0513.txt
2025-11-11T03:09:40.126,25,34,4358.144,5909.846,D:\Data\2025-11-11\Image_2025-11-11_Img0514.txt
2025-11-11T03:10:01.539,25,33,4358.144,5828.315,D:\Data\2025-11-11\Image_2025-11-11_Img0515.txt
2025-11-11T03:10:23.617,25,32,4358.144,5746.785,D:\Data\2025-11-11\Image_2025-11-11_Img0516.txt
2025-11-11T03:10:45.682,25,31,4358.144,5665.254,D:\Data\2025-11-11\Image_2025-11-11_Img0517.txt
2025-11-11T03:11:06.965,25,30,4358.144,5583.723,D:\Data\2025-11-11\Image_2025-11-11_Img0518.txt
2025-11-11T03:11:29.302,25,29,4358.144,5502.192,D:\Data\2025-11-11\Image_2025-11-11_Img0519.txt
2025-11-11T03:11:51.079,25,28,4358.144,5420.662,D:\Data\2025-11-11\Image_2025-11-11_Img0520.txt
2025-11-11T03:12:13.080,25,27,4358.144,5339.131,D:\Data\2025-11-11\Image_2025-11-11_Img0521.txt
2025-11-11T03:12:34.725,25,26,4358.144,5257.600,D:\Data\2025-11-11\Image_2025-11-11_Img0522.txt
2025-11-11T03:12:56.511,25,25,4358.144,5176.069,D:\Data\2025-11-11\Image_2025-11-11_Img0523.txt
2025-11-11T03:13:18.947,25,24,4358.144,5094.538,D:\Data\2025-11-11\Image_2025-11-11_Img0524.txt
2025-11-11T03:13:41.045,25,23,4358.144,5013.008,D:\Data\2025-11-11\Image_2025-11-11_Img0525.txt
2025-11-11T03:14:03.449,25,22,4358.144,4931.477,D:\Data\2025-11-11\Image_2025-11-11_Img0526.txt
2025-11-11T03:14:26.646,25,21,4358.144,4849.946,D:\Data\2025-11-11\Image_2025-11-11_Img0527.txt
2025-11-11T03:14:50.121,25,20,4358.144,4768.415,D:\Data\2025-11-11\Image_2025-11-11_Img0528.txt
2025-11-11T03:15:13.162,25,19,4358.144,4686.885,D:\Data\2025-11-11\Image_2025-11-11_Img0529.txt
2025-11-11T03:15:36.042,25,18,4358.144,4605.354,D:\Data\2025-11-11\Image_2025-11-11_Img0530.txt
2025-11-11T03:15:58.645,25,17,4358.144,4523.823,D:\Data\2025-11-11\Image_2025-11-11_Img0531.txt
2025-11-11T03:16:21.530,25,16,4358.144,4442.292,D:\Data\2025-11-11\Image_2025-11-11_Img0532.txt
2025-11-11T03:16:44.056,25,15,4358.144,4360.762,D:\Data\2025-11-11\Image_2025-11-11_Img0533.txt
2025-11-11T03:17:06.998,25,14,4358.144,4279.231,D:\Data\2025-11-11\Image_2025-11-11_Img0534.txt
2025-11-11T03:17:29.048,25,13,4358.144,4197.700,D:\Data\2025-11-11\Image_2025-11-11_Img0535.txt
2025-11-11T03:17:51.038,25,12,4358.144,4116.169,D:\Data\2025-11-11\Image_2025-11-11_Img0536.txt
2025-11-11T03:18:12.897,25,11,4358.144,4034.638,D:\Data\2025-11-11\Image_2025-11-11_Img0537.txt
2025-11-11T03:18:36.648,25,10,4358.144,3953.108,D:\Data\2025-11-11\Image_2025-11-11_Img0538.txt
2025-11-11T03:19:00.479,25,9,4358.144,3871.577,D:\Data\2025-11-11\Image_2025-11-11_Img0539.txt
2025-11-11T03:19:23.892,25,8,4358.144,3790.046,D:\Data\2025-11-11\Image_2025-11-11_Img0540.txt
2025-11-11T03:19:47.046,25,7,4358.144,3708.515,D:\Data\2025-11-11\Image_2025-11-11_Img0541.txt
2025-11-11T03:20:09.791,25,6,4358.144,3626.985,D:\Data\2025-11-11\Image_2025-11-11_Img0542.txt
2025-11-11T03:20:32.240,25,5,4358.144,3545.454,D:\Data\2025-11-11\Image_2025-11-11_Img0543.txt
2025-11-11T03:20:55.309,25,4,4358.144,3463.923,D:\Data\2025-11-11\Image_2025-11-11_Img0544.txt
2025-11-11T03:21:17.956,25,3,4358.144,3382.392,D:\Data\2025-11-11\Image_2025-11-11_Img0545.txt
2025-11-11T03:21:40.100,25,2,4358.144,3300.862,D:\Data\2025-11-11\Image_2025-11-11_Img0546.txt
2025-11-11T03:22:02.339,25,1,4358.144,3219.331,D:\Data\2025-11-11\Image_2025-11-11_Img0547.txt
2025-11-11T03:22:24.483,25,0,4358.144,3137.800,D:\Data\2025-11-11\Image_2025-11-11_Img0548.txt
2025-11-11T03:22:48.552,26,0,4273.033,3137.800,D:\Data\2025-11-11\Image_2025-11-11_Img0549.txt
2025-11-11T03:23:10.980,26,1,4273.033,3219.331,D:\Data\2025-11-11\Image_2025-11-11_Img0550.txt
2025-11-11T03:23:34.314,26,2,4273.033,3300.862,D:\Data\2025-11-11\Image_2025-11-11_Img0551.txt
2025-11-11T03:23:57.697,26,3,4273.033,3382.392,D:\Data\2025-11-11\Image_2025-11-11_Img0552.txt
2025-11-11T03:24:20.342,26,4,4273.033,3463.923,D:\Data\2025-11-11\Image_2025-11-11_Img0553.txt
2025-11-11T03:24:43.850,26,5,4273.033,3545.454,D:\Data\2025-11-11\Image_2025-11-11_Img0554.txt
2025-11-11T03:25:07.379,26,6,4273.033,3626.985,D:\Data\2025-11-11\Image_2025-11-11_Img0555.txt
2025-11-11T03:25:30.750,26,7,4273.033,3708.515,D:\Data\2025-11-11\Image_2025-11-11_Img0556.txt
2025-11-11T03:25:54.167,26,8,4273.033,3790.046,D:\Data\2025-11-11\Image_2025-11-11_Img0557.txt
2025-11-11T03:26:16.799,26,9,4273.033,3871.577,D:\Data\2025-11-11\Image_2025-11-11_Img0558.txt
2025-11-11T03:26:39.662,26,10,4273.033,3953.108,D:\Data\2025-11-11\Image_2025-11-11_Img0559.txt
2025-11-11T03:27:01.906,26,11,4273.033,4034.638,D:\Data\2025-11-11\Image_2025-11-11_Img0560.txt
2025-11-11T03:27:24.250,26,12,4273.033,4116.169,D:\Data\2025-11-11\Image_2025-11-11_Img0561.txt
2025-11-11T03:27:47.520,26,13,4273.033,4197.700,D:\Data\2025-11-11\Image_2025-11-11_Img0562.txt
2025-11-11T03:28:10.803,26,14,4273.033,4279.231,D:\Data\2025-11-11\Image_2025-11-11_Img0563.txt
2025-11-11T03:28:33.548,26,15,4273.033,4360.762,D:\Data\2025-11-11\Image_2025-11-11_Img0564.txt
2025-11-11T03:28:57.259,26,16,4273.033,4442.292,D:\Data\2025-11-11\Image_2025-11-11_Img0565.txt
2025-11-11T03:29:20.063,26,17,4273.033,4523.823,D:\Data\2025-11-11\Image_2025-11-11_Img0566.txt
2025-11-11T03:29:42.904,26,18,4273.033,4605.354,D:\Data\2025-11-11\Image_2025-11-11_Img0567.txt
2025-11-11T03:30:05.019,26,19,4273.033,4686.885,D:\Data\2025-11-11\Image_2025-11-11_Img0568.txt
2025-11-11T03:30:26.688,26,20,4273.033,4768.415,D:\Data\2025-11-11\Image_2025-11-11_Img0569.txt
2025-11-11T03:30:48.977,26,21,4273.033,4849.946,D:\Data\2025-11-11\Image_2025-11-11_Img0570.txt
2025-11-11T03:31:12.273,26,22,4273.033,4931.477,D:\Data\2025-11-11\Image_2025-11-11_Img0571.txt
2025-11-11T03:31:33.923,26,23,4273.033,5013.008,D:\Data\2025-11-11\Image_2025-11-11_Img0572.txt
2025-11-11T03:31:55.984,26,24,4273.033,5094.538,D:\Data\2025-11-11\Image_2025-11-11_Img0573.txt
2025-11-11T03:32:17.913,26,25,4273.033,5176.069,D:\Data\2025-11-11\Image_2025-11-11_Img0574.txt
2025-11-11T03:32:40.234,26,26,4273.033,5257.600,D:\Data\2025-11-11\Image_2025-11-11_Img0575.txt
2025-11-11T03:33:03.175,26,27,4273.033,5339.131,D:\Data\2025-11-11\Image_2025-11-11_Img0576.txt
2025-11-11T03:33:25.785,26,28,4273.033,5420.662,D:\Data\2025-11-11\Image_2025-11-11_Img0577.txt
2025-11-11T03:33:48.570,26,29,4273.033,5502.192,D:\Data\2025-11-11\Image_2025-11-11_Img0578.txt
2025-11-11T03:34:10.234,26,30,4273.033,5583.723,D:\Data\2025-11-11\Image_2025-11-11_Img0579.txt
2025-11-11T03:34:32.430,26,31,4273.033,5665.254,D:\Data\2025-11-11\Image_2025-11-11_Img0580.txt
2025-11-11T03:34:55.217,26,32,4273.033,5746.785,D:\Data\2025-11-11\Image_2025-11-11_Img0581.txt
2025-11-11T03:35:16.924,26,33,4273.033,5828.315,D:\Data\2025-11-11\Image_2025-11-11_Img0582.txt
2025-11-11T03:35:38.776,26,34,4273.033,5909.846,D:\Data\2025-11-11\Image_2025-11-11_Img0583.txt
2025-11-11T03:36:01.373,26,35,4273.033,5991.377,D:\Data\2025-11-11\Image_2025-11-11_Img0584.txt
2025-11-11T03:36:22.948,26,36,4273.033,6072.908,D:\Data\2025-11-11\Image_2025-11-11_Img0585.txt
2025-11-11T03:36:44.975,26,37,4273.033,6154.438,D:\Data\2025-11-11\Image_2025-11-11_Img0586.txt
2025-11-11T03:37:07.337,26,38,4273.033,6235.969,D:\Data\2025-11-11\Image_2025-11-11_Img0587.txt
2025-11-11T03:37:29.757,26,39,4273.033,6317.500,D:\Data\2025-11-11\Image_2025-11-11_Img0588.txt
2025-11-11T03:37:53.703,27,39,4187.923,6317.500,D:\Data\2025-11-11\Image_2025-11-11_Img0589.txt
2025-11-11T03:38:15.626,27,38,4187.923,6235.969,D:\Data\2025-11-11\Image_2025-11-11_Img0590.txt
2025-11-11T03:38:38.257,27,37,4187.923,6154.438,D:\Data\2025-11-11\Image_2025-11-11_Img0591.txt
2025-11-11T03:39:00.291,27,36,4187.923,6072.908,D:\Data\2025-11-11\Image_2025-11-11_Img0592.txt
2025-11-11T03:39:22.488,27,35,4187.923,5991.377,D:\Data\2025-11-11\Image_2025-11-11_Img0593.txt
2025-11-11T03:39:44.539,27,34,4187.923,5909.846,D:\Data\2025-11-11\Image_2025-11-11_Img0594.txt
2025-11-11T03:40:06.367,27,33,4187.923,5828.315,D:\Data\2025-11-11\Image_2025-11-11_Img0595.txt
2025-11-11T03:40:28.101,27,32,4187.923,5746.785,D:\Data\2025-11-11\Image_2025-11-11_Img0596.txt
2025-11-11T03:40:49.881,27,31,4187.923,5665.254,D:\Data\2025-11-11\Image_2025-11-11_Img0597.txt
2025-11-11T03:41:11.628,27,30,4187.923,5583.723,D:\Data\2025-11-11\Image_2025-11-11_Img0598.txt
2025-11-11T03:41:35.251,27,29,4187.923,5502.192,D:\Data\2025-11-11\Image_2025-11-11_Img0599.txt
2025-11-11T03:41:57.984,27,28,4187.923,5420.662,D:\Data\2025-11-11\Image_2025-11-11_Img0600.txt
2025-11-11T03:42:21.263,27,27,4187.923,5339.131,D:\Data\2025-11-11\Image_2025-11-11_Img0601.txt
2025-11-11T03:42:43.592,27,26,4187.923,5257.600,D:\Data\2025-11-11\Image_2025-11-11_Img0602.txt
2025-11-11T03:43:06.164,27,25,4187.923,5176.069,D:\Data\2025-11-11\Image_2025-11-11_Img0603.txt
2025-11-11T03:43:28.238,27,24,4187.923,5094.538,D:\Data\2025-11-11\Image_2025-11-11_Img0604.txt
2025-11-11T03:43:50.933,27,23,4187.923,5013.008,D:\Data\2025-11-11\Image_2025-11-11_Img0605.txt
2025-11-11T03:44:14.171,27,22,4187.923,4931.477,D:\Data\2025-11-11\Image_2025-11-11_Img0606.txt
2025-11-11T03:44:36.192,27,21,4187.923,4849.946,D:\Data\2025-11-11\Image_2025-11-11_Img0607.txt
2025-11-11T03:44:59.099,27,20,4187.923,4768.415,D:\Data\2025-11-11\Image_2025-11-11_Img0608.txt
2025-11-11T03:45:21.391,27,19,4187.923,4686.885,D:\Data\2025-11-11\Image_2025-11-11_Img0609.txt
2025-11-11T03:45:43.796,27,18,4187.923,4605.354,D:\Data\2025-11-11\Image_2025-11-11_Img0610.txt
2025-11-11T03:46:06.029,27,17,4187.923,4523.823,D:\Data\2025-11-11\Image_2025-11-11_Img0611.txt
2025-11-11T03:46:28.759,27,16,4187.923,4442.292,D:\Data\2025-11-11\Image_2025-11-11_Img0612.txt
2025-11-11T03:46:52.330,27,15,4187.923,4360.762,D:\Data\2025-11-11\Image_2025-11-11_Img0613.txt
2025-11-11T03:47:15.213,27,14,4187.923,4279.231,D:\Data\2025-11-11\Image_2025-11-11_Img0614.txt
2025-11-11T03:47:39.135,27,13,4187.923,4197.700,D:\Data\2025-11-11\Image_2025-11-11_Img0615.txt
2025-11-11T03:48:04.372,27,12,4187.923,4116.169,D:\Data\2025-11-11\Image_2025-11-11_Img0616.txt
2025-11-11T03:48:27.124,27,11,4187.923,4034.638,D:\Data\2025-11-11\Image_2025-11-11_Img0617.txt
2025-11-11T03:48:50.705,27,10,4187.923,3953.108,D:\Data\2025-11-11\Image_2025-11-11_Img0618.txt
2025-11-11T03:49:13.274,27,9,4187.923,3871.577,D:\Data\2025-11-11\Image_2025-11-11_Img0619.txt
2025-11-11T03:49:35.672,27,8,4187.923,3790.046,D:\Data\2025-11-11\Image_2025-11-11_Img0620.txt
2025-11-11T03:49:58.945,27,7,4187.923,3708.515,D:\Data\2025-11-11\Image_2025-11-11_Img0621.txt
2025-11-11T03:50:21.668,27,6,4187.923,3626.985,D:\Data\2025-11-11\Image_2025-11-11_Img0622.txt
2025-11-11T03:50:45.458,27,5,4187.923,3545.454,D:\Data\2025-11-11\Image_2025-11-11_Img0623.txt
2025-11-11T03:51:09.131,27,4,4187.923,3463.923,D:\Data\2025-11-11\Image_2025-11-11_Img0624.txt
2025-11-11T03:51:33.538,27,3,4187.923,3382.392,D:\Data\2025-11-11\Image_2025-11-11_Img0625.txt
2025-11-11T03:51:57.113,27,2,4187.923,3300.862,D:\Data\2025-11-11\Image_2025-11-11_Img0626.txt
2025-11-11T03:52:19.485,27,1,4187.923,3219.331,D:\Data\2025-11-11\Image_2025-11-11_Img0627.txt
2025-11-11T03:52:42.449,27,0,4187.923,3137.800,D:\Data\2025-11-11\Image_2025-11-11_Img0628.txt
2025-11-11T03:53:06.839,28,0,4102.813,3137.800,D:\Data\2025-11-11\Image_2025-11-11_Img0629.txt
2025-11-11T03:53:30.051,28,1,4102.813,3219.331,D:\Data\2025-11-11\Image_2025-11-11_Img0630.txt
2025-11-11T03:53:53.702,28,2,4102.813,3300.862,D:\Data\2025-11-11\Image_2025-11-11_Img0631.txt
2025-11-11T03:54:17.142,28,3,4102.813,3382.392,D:\Data\2025-11-11\Image_2025-11-11_Img0632.txt
2025-11-11T03:54:40.678,28,4,4102.813,3463.923,D:\Data\2025-11-11\Image_2025-11-11_Img0633.txt
2025-11-11T03:55:03.006,28,5,4102.813,3545.454,D:\Data\2025-11-11\Image_2025-11-11_Img0634.txt
2025-11-11T03:55:25.853,28,6,4102.813,3626.985,D:\Data\2025-11-11\Image_2025-11-11_Img0635.txt
2025-11-11T03:55:48.790,28,7,4102.813,3708.515,D:\Data\2025-11-11\Image_2025-11-11_Img0636.txt
2025-11-11T03:56:11.271,28,8,4102.813,3790.046,D:\Data\2025-11-11\Image_2025-11-11_Img0637.txt
2025-11-11T03:56:34.566,28,9,4102.813,3871.577,D:\Data\2025-11-11\Image_2025-11-11_Img0638.txt
2025-11-11T03:56:56.594,28,10,4102.813,3953.108,D:\Data\2025-11-11\Image_2025-11-11_Img0639.txt
2025-11-11T03:57:19.068,28,11,4102.813,4034.638,D:\Data\2025-11-11\Image_2025-11-11_Img0640.txt
2025-11-11T03:57:41.901,28,12,4102.813,4116.169,D:\Data\2025-11-11\Image_2025-11-11_Img0641.txt
2025-11-11T03:58:05.243,28,13,4102.813,4197.700,D:\Data\2025-11-11\Image_2025-11-11_Img0642.txt
2025-11-11T03:58:27.850,28,14,4102.813,4279.231,D:\Data\2025-11-11\Image_2025-11-11_Img0643.txt
2025-11-11T03:58:50.956,28,15,4102.813,4360.762,D:\Data\2025-11-11\Image_2025-11-11_Img0644.txt
2025-11-11T03:59:14.775,28,16,4102.813,4442.292,D:\Data\2025-11-11\Image_2025-11-11_Img0645.txt
2025-11-11T03:59:38.218,28,17,4102.813,4523.823,D:\Data\2025-11-11\Image_2025-11-11_Img0646.txt
2025-11-11T04:00:00.655,28,18,4102.813,4605.354,D:\Data\2025-11-11\Image_2025-11-11_Img0647.txt
2025-11-11T04:00:22.949,28,19,4102.813,4686.885,D:\Data\2025-11-11\Image_2025-11-11_Img0648.txt
2025-11-11T04:00:44.978,28,20,4102.813,4768.415,D:\Data\2025-11-11\Image_2025-11-11_Img0649.txt
2025-11-11T04:01:07.623,28,21,4102.813,4849.946,D:\Data\2025-11-11\Image_2025-11-11_Img0650.txt
2025-11-11T04:01:30.640,28,22,4102.813,4931.477,D:\Data\2025-11-11\Image_2025-11-11_Img0651.txt
2025-11-11T04:01:53.092,28,23,4102.813,5013.008,D:\Data\2025-11-11\Image_2025-11-11_Img0652.txt
2025-11-11T04:02:16.093,28,24,4102.813,5094.538,D:\Data\2025-11-11\Image_2025-11-11_Img0653.txt
2025-11-11T04:02:37.798,28,25,4102.813,5176.069,D:\Data\2025-11-11\Image_2025-11-11_Img0654.txt
2025-11-11T04:03:00.933,28,26,4102.813,5257.600,D:\Data\2025-11-11\Image_2025-11-11_Img0655.txt
2025-11-11T04:03:23.619,28,27,4102.813,5339.131,D:\Data\2025-11-11\Image_2025-11-11_Img0656.txt
2025-11-11T04:03:46.982,28,28,4102.813,5420.662,D:\Data\2025-11-11\Image_2025-11-11_Img0657.txt
2025-11-11T04:04:08.229,28,29,4102.813,5502.192,D:\Data\2025-11-11\Image_2025-11-11_Img0658.txt
2025-11-11T04:04:30.782,28,30,4102.813,5583.723,D:\Data\2025-11-11\Image_2025-11-11_Img0659.txt
2025-11-11T04:04:52.869,28,31,4102.813,5665.254,D:\Data\2025-11-11\Image_2025-11-11_Img0660.txt
2025-11-11T04:05:14.666,28,32,4102.813,5746.785,D:\Data\2025-11-11\Image_2025-11-11_Img0661.txt
2025-11-11T04:05:36.336,28,33,4102.813,5828.315,D:\Data\2025-11-11\Image_2025-11-11_Img0662.txt
2025-11-11T04:05:57.382,28,34,4102.813,5909.846,D:\Data\2025-11-11\Image_2025-11-11_Img0663.txt
2025-11-11T04:06:19.849,28,35,4102.813,5991.377,D:\Data\2025-11-11\Image_2025-11-11_Img0664.txt
2025-11-11T04:06:41.978,28,36,4102.813,6072.908,D:\Data\2025-11-11\Image_2025-11-11_Img0665.txt
2025-11-11T04:07:05.280,28,37,4102.813,6154.438,D:\Data\2025-11-11\Image_2025-11-11_Img0666.txt
2025-11-11T04:07:27.828,28,38,4102.813,6235.969,D:\Data\2025-11-11\Image_2025-11-11_Img0667.txt
2025-11-11T04:07:50.108,28,39,4102.813,6317.500,D:\Data\2025-11-11\Image_2025-11-11_Img0668.txt
2025-11-11T04:08:14.626,29,39,4017.703,6317.500,D:\Data\2025-11-11\Image_2025-11-11_Img0669.txt
2025-11-11T04:08:36.225,29,38,4017.703,6235.969,D:\Data\2025-11-11\Image_2025-11-11_Img0670.txt
2025-11-11T04:08:58.321,29,37,4017.703,6154.438,D:\Data\2025-11-11\Image_2025-11-11_Img0671.txt
2025-11-11T04:09:20.066,29,36,4017.703,6072.908,D:\Data\2025-11-11\Image_2025-11-11_Img0672.txt
2025-11-11T04:09:42.569,29,35,4017.703,5991.377,D:\Data\2025-11-11\Image_2025-11-11_Img0673.txt
2025-11-11T04:10:05.098,29,34,4017.703,5909.846,D:\Data\2025-11-11\Image_2025-11-11_Img0674.txt
2025-11-11T04:10:27.274,29,33,4017.703,5828.315,D:\Data\2025-11-11\Image_2025-11-11_Img0675.txt
2025-11-11T04:10:50.327,29,32,4017.703,5746.785,D:\Data\2025-11-11\Image_2025-11-11_Img0676.txt
2025-11-11T04:11:12.610,29,31,4017.703,5665.254,D:\Data\2025-11-11\Image_2025-11-11_Img0677.txt
2025-11-11T04:11:34.550,29,30,4017.703,5583.723,D:\Data\2025-11-11\Image_2025-11-11_Img0678.txt
2025-11-11T04:11:56.655,29,29,4017.703,5502.192,D:\Data\2025-11-11\Image_2025-11-11_Img0679.txt
2025-11-11T04:12:18.086,29,28,4017.703,5420.662,D:\Data\2025-11-11\Image_2025-11-11_Img0680.txt
2025-11-11T04:12:41.250,29,27,4017.703,5339.131,D:\Data\2025-11-11\Image_2025-11-11_Img0681.txt
2025-11-11T04:13:04.668,29,26,4017.703,5257.600,D:\Data\2025-11-11\Image_2025-11-11_Img0682.txt
2025-11-11T04:13:26.494,29,25,4017.703,5176.069,D:\Data\2025-11-11\Image_2025-11-11_Img0683.txt
2025-11-11T04:13:49.134,29,24,4017.703,5094.538,D:\Data\2025-11-11\Image_2025-11-11_Img0684.txt
2025-11-11T04:14:11.460,29,23,4017.703,5013.008,D:\Data\2025-11-11\Image_2025-11-11_Img0685.txt
2025-11-11T04:14:33.848,29,22,4017.703,4931.477,D:\Data\2025-11-11\Image_2025-11-11_Img0686.txt
2025-11-11T04:14:56.463,29,21,4017.703,4849.946,D:\Data\2025-11-11\Image_2025-11-11_Img0687.txt
2025-11-11T04:15:18.878,29,20,4017.703,4768.415,D:\Data\2025-11-11\Image_2025-11-11_Img0688.txt
2025-11-11T04:15:41.392,29,19,4017.703,4686.885,D:\Data\2025-11-11\Image_2025-11-11_Img0689.txt
2025-11-11T04:16:03.945,29,18,4017.703,4605.354,D:\Data\2025-11-11\Image_2025-11-11_Img0690.txt
2025-11-11T04:16:26.051,29,17,4017.703,4523.823,D:\Data\2025-11-11\Image_2025-11-11_Img0691.txt
2025-11-11T04:16:48.232,29,16,4017.703,4442.292,D:\Data\2025-11-11\Image_2025-11-11_Img0692.txt
2025-11-11T04:17:10.406,29,15,4017.703,4360.762,D:\Data\2025-11-11\Image_2025-11-11_Img0693.txt
2025-11-11T04:17:32.953,29,14,4017.703,4279.231,D:\Data\2025-11-11\Image_2025-11-11_Img0694.txt
2025-11-11T04:17:55.760,29,13,4017.703,4197.700,D:\Data\2025-11-11\Image_2025-11-11_Img0695.txt
2025-11-11T04:18:18.087,29,12,4017.703,4116.169,D:\Data\2025-11-11\Image_2025-11-11_Img0696.txt
2025-11-11T04:18:41.160,29,11,4017.703,4034.638,D:\Data\2025-11-11\Image_2025-11-11_Img0697.txt
2025-11-11T04:19:04.808,29,10,4017.703,3953.108,D:\Data\2025-11-11\Image_2025-11-11_Img0698.txt
2025-11-11T04:19:27.527,29,9,4017.703,3871.577,D:\Data\2025-11-11\Image_2025-11-11_Img0699.txt
2025-11-11T04:19:50.090,29,8,4017.703,3790.046,D:\Data\2025-11-11\Image_2025-11-11_Img0700.txt
2025-11-11T04:20:12.138,29,7,4017.703,3708.515,D:\Data\2025-11-11\Image_2025-11-11_Img0701.txt
2025-11-11T04:20:34.177,29,6,4017.703,3626.985,D:\Data\2025-11-11\Image_2025-11-11_Img0702.txt
2025-11-11T04:20:55.849,29,5,4017.703,3545.454,D:\Data\2025-11-11\Image_2025-11-11_Img0703.txt
2025-11-11T04:21:18.921,29,4,4017.703,3463.923,D:\Data\2025-11-11\Image_2025-11-11_Img0704.txt
2025-11-11T04:21:42.609,29,3,4017.703,3382.392,D:\Data\2025-11-11\Image_2025-11-11_Img0705.txt
2025-11-11T04:22:05.520,29,2,4017.703,3300.862,D:\Data\2025-11-11\Image_2025-11-11_Img0706.txt
2025-11-11T04:22:29.248,29,1,4017.703,3219.331,D:\Data\2025-11-11\Image_2025-11-11_Img0707.txt
2025-11-11T04:22:51.963,29,0,4017.703,3137.800,D:\Data\2025-11-11\Image_2025-11-11_Img0708.txt
2025-11-11T04:23:16.197,30,0,3932.592,3137.800,D:\Data\2025-11-11\Image_2025-11-11_Img0709.txt
2025-11-11T04:23:39.698,30,1,3932.592,3219.331,D:\Data\2025-11-11\Image_2025-11-11_Img0710.txt
2025-11-11T04:24:01.545,30,2,3932.592,3300.862,D:\Data\2025-11-11\Image_2025-11-11_Img0711.txt
2025-11-11T04:24:23.963,30,3,3932.592,3382.392,D:\Data\2025-11-11\Image_2025-11-11_Img0712.txt
2025-11-11T04:24:46.348,30,4,3932.592,3463.923,D:\Data\2025-11-11\Image_2025-11-11_Img0713.txt
2025-11-11T04:25:08.992,30,5,3932.592,3545.454,D:\Data\2025-11-11\Image_2025-11-11_Img0714.txt
2025-11-11T04:25:30.742,30,6,3932.592,3626.985,D:\Data\2025-11-11\Image_2025-11-11_Img0715.txt
2025-11-11T04:25:54.027,30,7,3932.592,3708.515,D:\Data\2025-11-11\Image_2025-11-11_Img0716.txt
2025-11-11T04:26:17.017,30,8,3932.592,3790.046,D:\Data\2025-11-11\Image_2025-11-11_Img0717.txt
2025-11-11T04:26:39.701,30,9,3932.592,3871.577,D:\Data\2025-11-11\Image_2025-11-11_Img0718.txt
2025-11-11T04:27:01.511,30,10,3932.592,3953.108,D:\Data\2025-11-11\Image_2025-11-11_Img0719.txt
2025-11-11T04:27:24.504,30,11,3932.592,4034.638,D:\Data\2025-11-11\Image_2025-11-11_Img0720.txt
2025-11-11T04:27:47.121,30,12,3932.592,4116.169,D:\Data\2025-11-11\Image_2025-11-11_Img0721.txt
2025-11-11T04:28:10.851,30,13,3932.592,4197.700,D:\Data\2025-11-11\Image_2025-11-11_Img0722.txt
2025-11-11T04:28:34.586,30,14,3932.592,4279.231,D:\Data\2025-11-11\Image_2025-11-11_Img0723.txt
2025-11-11T04:28:56.041,30,15,3932.592,4360.762,D:\Data\2025-11-11\Image_2025-11-11_Img0724.txt
2025-11-11T04:29:18.212,30,16,3932.592,4442.292,D:\Data\2025-11-11\Image_2025-11-11_Img0725.txt
2025-11-11T04:29:40.428,30,17,3932.592,4523.823,D:\Data\2025-11-11\Image_2025-11-11_Img0726.txt
2025-11-11T04:30:02.165,30,18,3932.592,4605.354,D:\Data\2025-11-11\Image_2025-11-11_Img0727.txt
2025-11-11T04:30:24.265,30,19,3932.592,4686.885,D:\Data\2025-11-11\Image_2025-11-11_Img0728.txt
2025-11-11T04:30:46.580,30,20,3932.592,4768.415,D:\Data\2025-11-11\Image_2025-11-11_Img0729.txt
2025-11-11T04:31:09.677,30,21,3932.592,4849.946,D:\Data\2025-11-11\Image_2025-11-11_Img0730.txt
2025-11-11T04:31:32.797,30,22,3932.592,4931.477,D:\Data\2025-11-11\Image_2025-11-11_Img0731.txt
2025-11-11T04:31:55.286,30,23,3932.592,5013.008,D:\Data\2025-11-11\Image_2025-11-11_Img0732.txt
2025-11-11T04:32:18.500,30,24,3932.592,5094.538,D:\Data\2025-11-11\Image_2025-11-11_Img0733.txt
2025-11-11T04:32:40.377,30,25,3932.592,5176.069,D:\Data\2025-11-11\Image_2025-11-11_Img0734.txt
2025-11-11T04:33:02.305,30,26,3932.592,5257.600,D:\Data\2025-11-11\Image_2025-11-11_Img0735.txt
2025-11-11T04:33:23.928,30,27,3932.592,5339.131,D:\Data\2025-11-11\Image_2025-11-11_Img0736.txt
2025-11-11T04:33:45.889,30,28,3932.592,5420.662,D:\Data\2025-11-11\Image_2025-11-11_Img0737.txt
2025-11-11T04:34:07.277,30,29,3932.592,5502.192,D:\Data\2025-11-11\Image_2025-11-11_Img0738.txt
2025-11-11T04:34:28.888,30,30,3932.592,5583.723,D:\Data\2025-11-11\Image_2025-11-11_Img0739.txt
2025-11-11T04:34:51.144,30,31,3932.592,5665.254,D:\Data\2025-11-11\Image_2025-11-11_Img0740.txt
2025-11-11T04:35:13.404,30,32,3932.592,5746.785,D:\Data\2025-11-11\Image_2025-11-11_Img0741.txt
2025-11-11T04:35:35.731,30,33,3932.592,5828.315,D:\Data\2025-11-11\Image_2025-11-11_Img0742.txt
2025-11-11T04:35:57.744,30,34,3932.592,5909.846,D:\Data\2025-11-11\Image_2025-11-11_Img0743.txt
2025-11-11T04:36:20.197,30,35,3932.592,5991.377,D:\Data\2025-11-11\Image_2025-11-11_Img0744.txt
2025-11-11T04:36:42.798,30,36,3932.592,6072.908,D:\Data\2025-11-11\Image_2025-11-11_Img0745.txt
2025-11-11T04:37:05.299,30,37,3932.592,6154.438,D:\Data\2025-11-11\Image_2025-11-11_Img0746.txt
2025-11-11T04:37:28.561,30,38,3932.592,6235.969,D:\Data\2025-11-11\Image_2025-11-11_Img0747.txt
2025-11-11T04:37:51.411,30,39,3932.592,6317.500,D:\Data\2025-11-11\Image_2025-11-11_Img0748.txt
2025-11-11T04:38:15.116,31,39,3847.482,6317.500,D:\Data\2025-11-11\Image_2025-11-11_Img0749.txt
2025-11-11T04:38:36.739,31,38,3847.482,6235.969,D:\Data\2025-11-11\Image_2025-11-11_Img0750.txt
2025-11-11T04:38:59.227,31,37,3847.482,6154.438,D:\Data\2025-11-11\Image_2025-11-11_Img0751.txt
2025-11-11T04:39:20.735,31,36,3847.482,6072.908,D:\Data\2025-11-11\Image_2025-11-11_Img0752.txt
2025-11-11T04:39:42.684,31,35,3847.482,5991.377,D:\Data\2025-11-11\Image_2025-11-11_Img0753.txt
2025-11-11T04:40:04.608,31,34,3847.482,5909.846,D:\Data\2025-11-11\Image_2025-11-11_Img0754.txt
2025-11-11T04:40:26.185,31,33,3847.482,5828.315,D:\Data\2025-11-11\Image_2025-11-11_Img0755.txt
2025-11-11T04:40:48.929,31,32,3847.482,5746.785,D:\Data\2025-11-11\Image_2025-11-11_Img0756.txt
2025-11-11T04:41:10.688,31,31,3847.482,5665.254,D:\Data\2025-11-11\Image_2025-11-11_Img0757.txt
2025-11-11T04:41:33.000,31,30,3847.482,5583.723,D:\Data\2025-11-11\Image_2025-11-11_Img0758.txt
2025-11-11T04:41:56.704,31,29,3847.482,5502.192,D:\Data\2025-11-11\Image_2025-11-11_Img0759.txt
2025-11-11T04:42:19.425,31,28,3847.482,5420.662,D:\Data\2025-11-11\Image_2025-11-11_Img0760.txt
2025-11-11T04:42:42.663,31,27,3847.482,5339.131,D:\Data\2025-11-11\Image_2025-11-11_Img0761.txt
2025-11-11T04:43:04.570,31,26,3847.482,5257.600,D:\Data\2025-11-11\Image_2025-11-11_Img0762.txt
2025-11-11T04:43:26.377,31,25,3847.482,5176.069,D:\Data\2025-11-11\Image_2025-11-11_Img0763.txt
2025-11-11T04:43:47.859,31,24,3847.482,5094.538,D:\Data\2025-11-11\Image_2025-11-11_Img0764.txt
2025-11-11T04:44:09.909,31,23,3847.482,5013.008,D:\Data\2025-11-11\Image_2025-11-11_Img0765.txt
2025-11-11T04:44:31.349,31,22,3847.482,4931.477,D:\Data\2025-11-11\Image_2025-11-11_Img0766.txt
2025-11-11T04:44:52.974,31,21,3847.482,4849.946,D:\Data\2025-11-11\Image_2025-11-11_Img0767.txt
2025-11-11T04:45:15.849,31,20,3847.482,4768.415,D:\Data\2025-11-11\Image_2025-11-11_Img0768.txt
2025-11-11T04:45:38.634,31,19,3847.482,4686.885,D:\Data\2025-11-11\Image_2025-11-11_Img0769.txt
2025-11-11T04:46:01.766,31,18,3847.482,4605.354,D:\Data\2025-11-11\Image_2025-11-11_Img0770.txt
2025-11-11T04:46:24.448,31,17,3847.482,4523.823,D:\Data\2025-11-11\Image_2025-11-11_Img0771.txt
2025-11-11T04:46:47.976,31,16,3847.482,4442.292,D:\Data\2025-11-11\Image_2025-11-11_Img0772.txt
2025-11-11T04:47:10.058,31,15,3847.482,4360.762,D:\Data\2025-11-11\Image_2025-11-11_Img0773.txt
2025-11-11T04:47:32.286,31,14,3847.482,4279.231,D:\Data\2025-11-11\Image_2025-11-11_Img0774.txt
2025-11-11T04:47:54.033,31,13,3847.482,4197.700,D:\Data\2025-11-11\Image_2025-11-11_Img0775.txt
2025-11-11T04:48:16.635,31,12,3847.482,4116.169,D:\Data\2025-11-11\Image_2025-11-11_Img0776.txt
2025-11-11T04:48:39.397,31,11,3847.482,4034.638,D:\Data\2025-11-11\Image_2025-11-11_Img0777.txt
2025-11-11T04:49:01.853,31,10,3847.482,3953.108,D:\Data\2025-11-11\Image_2025-11-11_Img0778.txt
2025-11-11T04:49:24.391,31,9,3847.482,3871.577,D:\Data\2025-11-11\Image_2025-11-11_Img0779.txt
2025-11-11T04:49:46.929,31,8,3847.482,3790.046,D:\Data\2025-11-11\Image_2025-11-11_Img0780.txt
2025-11-11T04:50:08.982,31,7,3847.482,3708.515,D:\Data\2025-11-11\Image_2025-11-11_Img0781.txt
2025-11-11T04:50:32.308,31,6,3847.482,3626.985,D:\Data\2025-11-11\Image_2025-11-11_Img0782.txt
2025-11-11T04:50:55.622,31,5,3847.482,3545.454,D:\Data\2025-11-11\Image_2025-11-11_Img0783.txt
2025-11-11T04:51:19.143,31,4,3847.482,3463.923,D:\Data\2025-11-11\Image_2025-11-11_Img0784.txt
2025-11-11T04:51:42.356,31,3,3847.482,3382.392,D:\Data\2025-11-11\Image_2025-11-11_Img0785.txt
2025-11-11T04:52:04.946,31,2,3847.482,3300.862,D:\Data\2025-11-11\Image_2025-11-11_Img0786.txt
2025-11-11T04:52:27.750,31,1,3847.482,3219.331,D:\Data\2025-11-11\Image_2025-11-11_Img0787.txt
2025-11-11T04:52:50.179,31,0,3847.482,3137.800,D:\Data\2025-11-11\Image_2025-11-11_Img0788.txt
2025-11-11T04:53:15.069,32,0,3762.372,3137.800,D:\Data\2025-11-11\Image_2025-11-11_Img0789.txt
2025-11-11T04:53:37.320,32,1,3762.372,3219.331,D:\Data\2025-11-11\Image_2025-11-11_Img0790.txt
2025-11-11T04:54:00.456,32,2,3762.372,3300.862,D:\Data\2025-11-11\Image_2025-11-11_Img0791.txt
2025-11-11T04:54:23.451,32,3,3762.372,3382.392,D:\Data\2025-11-11\Image_2025-11-11_Img0792.txt
2025-11-11T04:54:46.327,32,4,3762.372,3463.923,D:\Data\2025-11-11\Image_2025-11-11_Img0793.txt
2025-11-11T04:55:10.335,32,5,3762.372,3545.454,D:\Data\2025-11-11\Image_2025-11-11_Img0794.txt
2025-11-11T04:55:33.928,32,6,3762.372,3626.985,D:\Data\2025-11-11\Image_2025-11-11_Img0795.txt
2025-11-11T04:55:57.352,32,7,3762.372,3708.515,D:\Data\2025-11-11\Image_2025-11-11_Img0796.txt
2025-11-11T04:56:21.017,32,8,3762.372,3790.046,D:\Data\2025-11-11\Image_2025-11-11_Img0797.txt
2025-11-11T04:56:43.764,32,9,3762.372,3871.577,D:\Data\2025-11-11\Image_2025-11-11_Img0798.txt
2025-11-11T04:57:05.726,32,10,3762.372,3953.108,D:\Data\2025-11-11\Image_2025-11-11_Img0799.txt
2025-11-11T04:57:28.240,32,11,3762.372,4034.638,D:\Data\2025-11-11\Image_2025-11-11_Img0800.txt
2025-11-11T04:57:50.788,32,12,3762.372,4116.169,D:\Data\2025-11-11\Image_2025-11-11_Img0801.txt
2025-11-11T04:58:14.292,32,13,3762.372,4197.700,D:\Data\2025-11-11\Image_2025-11-11_Img0802.txt
2025-11-11T04:58:36.323,32,14,3762.372,4279.231,D:\Data\2025-11-11\Image_2025-11-11_Img0803.txt
2025-11-11T04:58:59.694,32,15,3762.372,4360.762,D:\Data\2025-11-11\Image_2025-11-11_Img0804.txt
2025-11-11T04:59:22.069,32,16,3762.372,4442.292,D:\Data\2025-11-11\Image_2025-11-11_Img0805.txt
2025-11-11T04:59:44.414,32,17,3762.372,4523.823,D:\Data\2025-11-11\Image_2025-11-11_Img0806.txt
2025-11-11T05:00:07.872,32,18,3762.372,4605.354,D:\Data\2025-11-11\Image_2025-11-11_Img0807.txt
2025-11-11T05:00:30.499,32,19,3762.372,4686.885,D:\Data\2025-11-11\Image_2025-11-11_Img0808.txt
2025-11-11T05:00:52.618,32,20,3762.372,4768.415,D:\Data\2025-11-11\Image_2025-11-11_Img0809.txt
2025-11-11T05:01:14.851,32,21,3762.372,4849.946,D:\Data\2025-11-11\Image_2025-11-11_Img0810.txt
2025-11-11T05:01:36.609,32,22,3762.372,4931.477,D:\Data\2025-11-11\Image_2025-11-11_Img0811.txt
2025-11-11T05:01:59.191,32,23,3762.372,5013.008,D:\Data\2025-11-11\Image_2025-11-11_Img0812.txt
2025-11-11T05:02:22.045,32,24,3762.372,5094.538,D:\Data\2025-11-11\Image_2025-11-11_Img0813.txt
2025-11-11T05:02:43.540,32,25,3762.372,5176.069,D:\Data\2025-11-11\Image_2025-11-11_Img0814.txt
2025-11-11T05:03:06.144,32,26,3762.372,5257.600,D:\Data\2025-11-11\Image_2025-11-11_Img0815.txt
2025-11-11T05:03:28.016,32,27,3762.372,5339.131,D:\Data\2025-11-11\Image_2025-11-11_Img0816.txt
2025-11-11T05:03:50.990,32,28,3762.372,5420.662,D:\Data\2025-11-11\Image_2025-11-11_Img0817.txt
2025-11-11T05:04:13.900,32,29,3762.372,5502.192,D:\Data\2025-11-11\Image_2025-11-11_Img0818.txt
2025-11-11T05:04:37.073,32,30,3762.372,5583.723,D:\Data\2025-11-11\Image_2025-11-11_Img0819.txt
2025-11-11T05:05:00.308,32,31,3762.372,5665.254,D:\Data\2025-11-11\Image_2025-11-11_Img0820.txt
2025-11-11T05:05:22.090,32,32,3762.372,5746.785,D:\Data\2025-11-11\Image_2025-11-11_Img0821.txt
2025-11-11T05:05:44.482,32,33,3762.372,5828.315,D:\Data\2025-11-11\Image_2025-11-11_Img0822.txt
2025-11-11T05:06:06.620,32,34,3762.372,5909.846,D:\Data\2025-11-11\Image_2025-11-11_Img0823.txt
2025-11-11T05:06:29.353,32,35,3762.372,5991.377,D:\Data\2025-11-11\Image_2025-11-11_Img0824.txt
2025-11-11T05:06:52.224,32,36,3762.372,6072.908,D:\Data\2025-11-11\Image_2025-11-11_Img0825.txt
2025-11-11T05:07:14.667,32,37,3762.372,6154.438,D:\Data\2025-11-11\Image_2025-11-11_Img0826.txt
2025-11-11T05:07:37.103,32,38,3762.372,6235.969,D:\Data\2025-11-11\Image_2025-11-11_Img0827.txt
2025-11-11T05:07:59.354,32,39,3762.372,6317.500,D:\Data\2025-11-11\Image_2025-11-11_Img0828.txt
2025-11-11T05:08:23.567,33,39,3677.262,6317.500,D:\Data\2025-11-11\Image_2025-11-11_Img0829.txt
2025-11-11T05:08:45.491,33,38,3677.262,6235.969,D:\Data\2025-11-11\Image_2025-11-11_Img0830.txt
2025-11-11T05:09:07.227,33,37,3677.262,6154.438,D:\Data\2025-11-11\Image_2025-11-11_Img0831.txt
2025-11-11T05:09:29.739,33,36,3677.262,6072.908,D:\Data\2025-11-11\Image_2025-11-11_Img0832.txt
2025-11-11T05:09:52.540,33,35,3677.262,5991.377,D:\Data\2025-11-11\Image_2025-11-11_Img0833.txt
2025-11-11T05:10:14.812,33,34,3677.262,5909.846,D:\Data\2025-11-11\Image_2025-11-11_Img0834.txt
2025-11-11T05:10:35.964,33,33,3677.262,5828.315,D:\Data\2025-11-11\Image_2025-11-11_Img0835.txt
2025-11-11T05:10:57.862,33,32,3677.262,5746.785,D:\Data\2025-11-11\Image_2025-11-11_Img0836.txt
2025-11-11T05:11:19.454,33,31,3677.262,5665.254,D:\Data\2025-11-11\Image_2025-11-11_Img0837.txt
2025-11-11T05:11:40.895,33,30,3677.262,5583.723,D:\Data\2025-11-11\Image_2025-11-11_Img0838.txt
2025-11-11T05:12:04.668,33,29,3677.262,5502.192,D:\Data\2025-11-11\Image_2025-11-11_Img0839.txt
2025-11-11T05:12:27.415,33,28,3677.262,5420.662,D:\Data\2025-11-11\Image_2025-11-11_Img0840.txt
2025-11-11T05:12:51.291,33,27,3677.262,5339.131,D:\Data\2025-11-11\Image_2025-11-11_Img0841.txt
2025-11-11T05:13:13.567,33,26,3677.262,5257.600,D:\Data\2025-11-11\Image_2025-11-11_Img0842.txt
2025-11-11T05:13:36.958,33,25,3677.262,5176.069,D:\Data\2025-11-11\Image_2025-11-11_Img0843.txt
2025-11-11T05:13:59.432,33,24,3677.262,5094.538,D:\Data\2025-11-11\Image_2025-11-11_Img0844.txt
2025-11-11T05:14:21.615,33,23,3677.262,5013.008,D:\Data\2025-11-11\Image_2025-11-11_Img0845.txt
2025-11-11T05:14:44.357,33,22,3677.262,4931.477,D:\Data\2025-11-11\Image_2025-11-11_Img0846.txt
2025-11-11T05:15:06.566,33,21,3677.262,4849.946,D:\Data\2025-11-11\Image_2025-11-11_Img0847.txt
2025-11-11T05:15:28.881,33,20,3677.262,4768.415,D:\Data\2025-11-11\Image_2025-11-11_Img0848.txt
2025-11-11T05:15:50.984,33,19,3677.262,4686.885,D:\Data\2025-11-11\Image_2025-11-11_Img0849.txt
2025-11-11T05:16:12.771,33,18,3677.262,4605.354,D:\Data\2025-11-11\Image_2025-11-11_Img0850.txt
2025-11-11T05:16:34.440,33,17,3677.262,4523.823,D:\Data\2025-11-11\Image_2025-11-11_Img0851.txt
2025-11-11T05:16:57.432,33,16,3677.262,4442.292,D:\Data\2025-11-11\Image_2025-11-11_Img0852.txt
2025-11-11T05:17:20.684,33,15,3677.262,4360.762,D:\Data\2025-11-11\Image_2025-11-11_Img0853.txt
2025-11-11T05:17:44.038,33,14,3677.262,4279.231,D:\Data\2025-11-11\Image_2025-11-11_Img0854.txt
2025-11-11T05:18:07.115,33,13,3677.262,4197.700,D:\Data\2025-11-11\Image_2025-11-11_Img0855.txt
2025-11-11T05:18:30.775,33,12,3677.262,4116.169,D:\Data\2025-11-11\Image_2025-11-11_Img0856.txt
2025-11-11T05:18:54.277,33,11,3677.262,4034.638,D:\Data\2025-11-11\Image_2025-11-11_Img0857.txt
2025-11-11T05:19:16.618,33,10,3677.262,3953.108,D:\Data\2025-11-11\Image_2025-11-11_Img0858.txt
2025-11-11T05:19:39.544,33,9,3677.262,3871.577,D:\Data\2025-11-11\Image_2025-11-11_Img0859.txt
2025-11-11T05:20:02.478,33,8,3677.262,3790.046,D:\Data\2025-11-11\Image_2025-11-11_Img0860.txt
2025-11-11T05:20:24.587,33,7,3677.262,3708.515,D:\Data\2025-11-11\Image_2025-11-11_Img0861.txt
2025-11-11T05:20:46.727,33,6,3677.262,3626.985,D:\Data\2025-11-11\Image_2025-11-11_Img0862.txt
2025-11-11T05:21:09.454,33,5,3677.262,3545.454,D:\Data\2025-11-11\Image_2025-11-11_Img0863.txt
2025-11-11T05:21:33.765,33,4,3677.262,3463.923,D:\Data\2025-11-11\Image_2025-11-11_Img0864.txt
2025-11-11T05:21:56.400,33,3,3677.262,3382.392,D:\Data\2025-11-11\Image_2025-11-11_Img0865.txt
2025-11-11T05:22:20.307,33,2,3677.262,3300.862,D:\Data\2025-11-11\Image_2025-11-11_Img0866.txt
2025-11-11T05:22:44.423,33,1,3677.262,3219.331,D:\Data\2025-11-11\Image_2025-11-11_Img0867.txt
2025-11-11T05:23:07.897,33,0,3677.262,3137.800,D:\Data\2025-11-11\Image_2025-11-11_Img0868.txt
2025-11-11T05:23:33.583,34,0,3592.151,3137.800,D:\Data\2025-11-11\Image_2025-11-11_Img0869.txt
2025-11-11T05:23:56.956,34,1,3592.151,3219.331,D:\Data\2025-11-11\Image_2025-11-11_Img0870.txt
2025-11-11T05:24:19.588,34,2,3592.151,3300.862,D:\Data\2025-11-11\Image_2025-11-11_Img0871.txt
2025-11-11T05:24:42.430,34,3,3592.151,3382.392,D:\Data\2025-11-11\Image_2025-11-11_Img0872.txt
2025-11-11T05:25:04.922,34,4,3592.151,3463.923,D:\Data\2025-11-11\Image_2025-11-11_Img0873.txt
2025-11-11T05:25:28.029,34,5,3592.151,3545.454,D:\Data\2025-11-11\Image_2025-11-11_Img0874.txt
2025-11-11T05:25:50.447,34,6,3592.151,3626.985,D:\Data\2025-11-11\Image_2025-11-11_Img0875.txt
2025-11-11T05:26:13.548,34,7,3592.151,3708.515,D:\Data\2025-11-11\Image_2025-11-11_Img0876.txt
2025-11-11T05:26:36.760,34,8,3592.151,3790.046,D:\Data\2025-11-11\Image_2025-11-11_Img0877.txt
2025-11-11T05:26:58.864,34,9,3592.151,3871.577,D:\Data\2025-11-11\Image_2025-11-11_Img0878.txt
2025-11-11T05:27:22.586,34,10,3592.151,3953.108,D:\Data\2025-11-11\Image_2025-11-11_Img0879.txt
2025-11-11T05:27:46.891,34,11,3592.151,4034.638,D:\Data\2025-11-11\Image_2025-11-11_Img0880.txt
2025-11-11T05:28:10.802,34,12,3592.151,4116.169,D:\Data\2025-11-11\Image_2025-11-11_Img0881.txt
2025-11-11T05:28:33.550,34,13,3592.151,4197.700,D:\Data\2025-11-11\Image_2025-11-11_Img0882.txt
2025-11-11T05:28:55.980,34,14,3592.151,4279.231,D:\Data\2025-11-11\Image_2025-11-11_Img0883.txt
2025-11-11T05:29:17.926,34,15,3592.151,4360.762,D:\Data\2025-11-11\Image_2025-11-11_Img0884.txt
2025-11-11T05:29:39.848,34,16,3592.151,4442.292,D:\Data\2025-11-11\Image_2025-11-11_Img0885.txt
2025-11-11T05:30:01.734,34,17,3592.151,4523.823,D:\Data\2025-11-11\Image_2025-11-11_Img0886.txt
2025-11-11T05:30:24.395,34,18,3592.151,4605.354,D:\Data\2025-11-11\Image_2025-11-11_Img0887.txt
2025-11-11T05:30:46.516,34,19,3592.151,4686.885,D:\Data\2025-11-11\Image_2025-11-11_Img0888.txt
2025-11-11T05:31:08.824,34,20,3592.151,4768.415,D:\Data\2025-11-11\Image_2025-11-11_Img0889.txt
2025-11-11T05:31:32.739,34,21,3592.151,4849.946,D:\Data\2025-11-11\Image_2025-11-11_Img0890.txt
2025-11-11T05:31:55.458,34,22,3592.151,4931.477,D:\Data\2025-11-11\Image_2025-11-11_Img0891.txt
2025-11-11T05:32:19.244,34,23,3592.151,5013.008,D:\Data\2025-11-11\Image_2025-11-11_Img0892.txt
2025-11-11T05:32:42.804,34,24,3592.151,5094.538,D:\Data\2025-11-11\Image_2025-11-11_Img0893.txt
2025-11-11T05:33:06.139,34,25,3592.151,5176.069,D:\Data\2025-11-11\Image_2025-11-11_Img0894.txt
2025-11-11T05:33:29.313,34,26,3592.151,5257.600,D:\Data\2025-11-11\Image_2025-11-11_Img0895.txt
2025-11-11T05:33:52.748,34,27,3592.151,5339.131,D:\Data\2025-11-11\Image_2025-11-11_Img0896.txt
2025-11-11T05:34:15.124,34,28,3592.151,5420.662,D:\Data\2025-11-11\Image_2025-11-11_Img0897.txt
2025-11-11T05:34:37.161,34,29,3592.151,5502.192,D:\Data\2025-11-11\Image_2025-11-11_Img0898.txt
2025-11-11T05:34:59.613,34,30,3592.151,5583.723,D:\Data\2025-11-11\Image_2025-11-11_Img0899.txt
2025-11-11T05:35:22.403,34,31,3592.151,5665.254,D:\Data\2025-11-11\Image_2025-11-11_Img0900.txt
2025-11-11T05:35:45.585,34,32,3592.151,5746.785,D:\Data\2025-11-11\Image_2025-11-11_Img0901.txt
2025-11-11T05:36:09.126,34,33,3592.151,5828.315,D:\Data\2025-11-11\Image_2025-11-11_Img0902.txt
2025-11-11T05:36:31.032,34,34,3592.151,5909.846,D:\Data\2025-11-11\Image_2025-11-11_Img0903.txt
2025-11-11T05:36:54.668,34,35,3592.151,5991.377,D:\Data\2025-11-11\Image_2025-11-11_Img0904.txt
2025-11-11T05:37:17.112,34,36,3592.151,6072.908,D:\Data\2025-11-11\Image_2025-11-11_Img0905.txt
2025-11-11T05:37:39.706,34,37,3592.151,6154.438,D:\Data\2025-11-11\Image_2025-11-11_Img0906.txt
2025-11-11T05:38:02.132,34,38,3592.151,6235.969,D:\Data\2025-11-11\Image_2025-11-11_Img0907.txt
2025-11-11T05:38:25.168,34,39,3592.151,6317.500,D:\Data\2025-11-11\Image_2025-11-11_Img0908.txt
2025-11-11T05:38:48.522,35,39,3507.041,6317.500,D:\Data\2025-11-11\Image_2025-11-11_Img0909.txt
2025-11-11T05:39:12.060,35,38,3507.041,6235.969,D:\Data\2025-11-11\Image_2025-11-11_Img0910.txt
2025-11-11T05:39:36.018,35,37,3507.041,6154.438,D:\Data\2025-11-11\Image_2025-11-11_Img0911.txt
2025-11-11T05:39:57.910,35,36,3507.041,6072.908,D:\Data\2025-11-11\Image_2025-11-11_Img0912.txt
2025-11-11T05:40:20.681,35,35,3507.041,5991.377,D:\Data\2025-11-11\Image_2025-11-11_Img0913.txt
2025-11-11T05:40:43.506,35,34,3507.041,5909.846,D:\Data\2025-11-11\Image_2025-11-11_Img0914.txt
2025-11-11T05:41:05.924,35,33,3507.041,5828.315,D:\Data\2025-11-11\Image_2025-11-11_Img0915.txt
2025-11-11T05:41:28.418,35,32,3507.041,5746.785,D:\Data\2025-11-11\Image_2025-11-11_Img0916.txt
2025-11-11T05:41:50.080,35,31,3507.041,5665.254,D:\Data\2025-11-11\Image_2025-11-11_Img0917.txt
2025-11-11T05:42:12.193,35,30,3507.041,5583.723,D:\Data\2025-11-11\Image_2025-11-11_Img0918.txt
2025-11-11T05:42:34.235,35,29,3507.041,5502.192,D:\Data\2025-11-11\Image_2025-11-11_Img0919.txt
2025-11-11T05:42:57.145,35,28,3507.041,5420.662,D:\Data\2025-11-11\Image_2025-11-11_Img0920.txt
2025-11-11T05:43:20.401,35,27,3507.041,5339.131,D:\Data\2025-11-11\Image_2025-11-11_Img0921.txt
2025-11-11T05:43:43.280,35,26,3507.041,5257.600,D:\Data\2025-11-11\Image_2025-11-11_Img0922.txt
2025-11-11T05:44:06.180,35,25,3507.041,5176.069,D:\Data\2025-11-11\Image_2025-11-11_Img0923.txt
2025-11-11T05:44:28.750,35,24,3507.041,5094.538,D:\Data\2025-11-11\Image_2025-11-11_Img0924.txt
2025-11-11T05:44:50.761,35,23,3507.041,5013.008,D:\Data\2025-11-11\Image_2025-11-11_Img0925.txt
2025-11-11T05:45:12.664,35,22,3507.041,4931.477,D:\Data\2025-11-11\Image_2025-11-11_Img0926.txt
2025-11-11T05:45:36.665,35,21,3507.041,4849.946,D:\Data\2025-11-11\Image_2025-11-11_Img0927.txt
2025-11-11T05:45:59.819,35,20,3507.041,4768.415,D:\Data\2025-11-11\Image_2025-11-11_Img0928.txt
2025-11-11T05:46:22.400,35,19,3507.041,4686.885,D:\Data\2025-11-11\Image_2025-11-11_Img0929.txt
2025-11-11T05:46:44.862,35,18,3507.041,4605.354,D:\Data\2025-11-11\Image_2025-11-11_Img0930.txt
2025-11-11T05:47:07.287,35,17,3507.041,4523.823,D:\Data\2025-11-11\Image_2025-11-11_Img0931.txt
2025-11-11T05:47:29.994,35,16,3507.041,4442.292,D:\Data\2025-11-11\Image_2025-11-11_Img0932.txt
2025-11-11T05:47:52.779,35,15,3507.041,4360.762,D:\Data\2025-11-11\Image_2025-11-11_Img0933.txt
2025-11-11T05:48:16.027,35,14,3507.041,4279.231,D:\Data\2025-11-11\Image_2025-11-11_Img0934.txt
2025-11-11T05:48:37.698,35,13,3507.041,4197.700,D:\Data\2025-11-11\Image_2025-11-11_Img0935.txt
2025-11-11T05:49:01.011,35,12,3507.041,4116.169,D:\Data\2025-11-11\Image_2025-11-11_Img0936.txt
2025-11-11T05:49:23.999,35,11,3507.041,4034.638,D:\Data\2025-11-11\Image_2025-11-11_Img0937.txt
2025-11-11T05:49:47.612,35,10,3507.041,3953.108,D:\Data\2025-11-11\Image_2025-11-11_Img0938.txt
2025-11-11T05:50:10.481,35,9,3507.041,3871.577,D:\Data\2025-11-11\Image_2025-11-11_Img0939.txt
2025-11-11T05:50:33.929,35,8,3507.041,3790.046,D:\Data\2025-11-11\Image_2025-11-11_Img0940.txt
2025-11-11T05:50:56.619,35,7,3507.041,3708.515,D:\Data\2025-11-11\Image_2025-11-11_Img0941.txt
2025-11-11T05:51:19.421,35,6,3507.041,3626.985,D:\Data\2025-11-11\Image_2025-11-11_Img0942.txt
2025-11-11T05:51:42.103,35,5,3507.041,3545.454,D:\Data\2025-11-11\Image_2025-11-11_Img0943.txt
2025-11-11T05:52:04.700,35,4,3507.041,3463.923,D:\Data\2025-11-11\Image_2025-11-11_Img0944.txt
2025-11-11T05:52:27.074,35,3,3507.041,3382.392,D:\Data\2025-11-11\Image_2025-11-11_Img0945.txt
2025-11-11T05:52:49.557,35,2,3507.041,3300.862,D:\Data\2025-11-11\Image_2025-11-11_Img0946.txt
2025-11-11T05:53:12.586,35,1,3507.041,3219.331,D:\Data\2025-11-11\Image_2025-11-11_Img0947.txt
2025-11-11T05:53:35.614,35,0,3507.041,3137.800,D:\Data\2025-11-11\Image_2025-11-11_Img0948.txt
2025-11-11T05:54:01.157,36,0,3421.931,3137.800,D:\Data\2025-11-11\Image_2025-11-11_Img0949.txt
2025-11-11T05:54:23.423,36,1,3421.931,3219.331,D:\Data\2025-11-11\Image_2025-11-11_Img0950.txt
2025-11-11T05:54:45.645,36,2,3421.931,3300.862,D:\Data\2025-11-11\Image_2025-11-11_Img0951.txt
2025-11-11T05:55:08.882,36,3,3421.931,3382.392,D:\Data\2025-11-11\Image_2025-11-11_Img0952.txt
2025-11-11T05:55:31.117,36,4,3421.931,3463.923,D:\Data\2025-11-11\Image_2025-11-11_Img0953.txt
2025-11-11T05:55:53.514,36,5,3421.931,3545.454,D:\Data\2025-11-11\Image_2025-11-11_Img0954.txt
2025-11-11T05:56:16.887,36,6,3421.931,3626.985,D:\Data\2025-11-11\Image_2025-11-11_Img0955.txt
2025-11-11T05:56:40.490,36,7,3421.931,3708.515,D:\Data\2025-11-11\Image_2025-11-11_Img0956.txt
2025-11-11T05:57:03.817,36,8,3421.931,3790.046,D:\Data\2025-11-11\Image_2025-11-11_Img0957.txt
2025-11-11T05:57:26.435,36,9,3421.931,3871.577,D:\Data\2025-11-11\Image_2025-11-11_Img0958.txt
2025-11-11T05:57:48.591,36,10,3421.931,3953.108,D:\Data\2025-11-11\Image_2025-11-11_Img0959.txt
2025-11-11T05:58:10.913,36,11,3421.931,4034.638,D:\Data\2025-11-11\Image_2025-11-11_Img0960.txt
2025-11-11T05:58:33.753,36,12,3421.931,4116.169,D:\Data\2025-11-11\Image_2025-11-11_Img0961.txt
2025-11-11T05:58:55.891,36,13,3421.931,4197.700,D:\Data\2025-11-11\Image_2025-11-11_Img0962.txt
2025-11-11T05:59:18.313,36,14,3421.931,4279.231,D:\Data\2025-11-11\Image_2025-11-11_Img0963.txt
2025-11-11T05:59:40.776,36,15,3421.931,4360.762,D:\Data\2025-11-11\Image_2025-11-11_Img0964.txt
2025-11-11T06:00:03.386,36,16,3421.931,4442.292,D:\Data\2025-11-11\Image_2025-11-11_Img0965.txt
2025-11-11T06:00:26.191,36,17,3421.931,4523.823,D:\Data\2025-11-11\Image_2025-11-11_Img0966.txt
2025-11-11T06:00:52.223,36,18,3421.931,4605.354,D:\Data\2025-11-11\Image_2025-11-11_Img0967.txt
2025-11-11T06:01:15.054,36,19,3421.931,4686.885,D:\Data\2025-11-11\Image_2025-11-11_Img0968.txt
2025-11-11T06:01:38.255,36,20,3421.931,4768.415,D:\Data\2025-11-11\Image_2025-11-11_Img0969.txt
2025-11-11T06:02:01.426,36,21,3421.931,4849.946,D:\Data\2025-11-11\Image_2025-11-11_Img0970.txt
2025-11-11T06:02:24.596,36,22,3421.931,4931.477,D:\Data\2025-11-11\Image_2025-11-11_Img0971.txt
2025-11-11T06:02:47.429,36,23,3421.931,5013.008,D:\Data\2025-11-11\Image_2025-11-11_Img0972.txt
2025-11-11T06:03:09.864,36,24,3421.931,5094.538,D:\Data\2025-11-11\Image_2025-11-11_Img0973.txt
2025-11-11T06:03:32.959,36,25,3421.931,5176.069,D:\Data\2025-11-11\Image_2025-11-11_Img0974.txt
2025-11-11T06:03:56.013,36,26,3421.931,5257.600,D:\Data\2025-11-11\Image_2025-11-11_Img0975.txt
2025-11-11T06:04:19.328,36,27,3421.931,5339.131,D:\Data\2025-11-11\Image_2025-11-11_Img0976.txt
2025-11-11T06:04:42.800,36,28,3421.931,5420.662,D:\Data\2025-11-11\Image_2025-11-11_Img0977.txt
2025-11-11T06:05:05.376,36,29,3421.931,5502.192,D:\Data\2025-11-11\Image_2025-11-11_Img0978.txt
2025-11-11T06:05:27.607,36,30,3421.931,5583.723,D:\Data\2025-11-11\Image_2025-11-11_Img0979.txt
2025-11-11T06:05:51.526,36,31,3421.931,5665.254,D:\Data\2025-11-11\Image_2025-11-11_Img0980.txt
2025-11-11T06:06:13.182,36,32,3421.931,5746.785,D:\Data\2025-11-11\Image_2025-11-11_Img0981.txt
2025-11-11T06:06:35.917,36,33,3421.931,5828.315,D:\Data\2025-11-11\Image_2025-11-11_Img0982.txt
2025-11-11T06:06:58.599,36,34,3421.931,5909.846,D:\Data\2025-11-11\Image_2025-11-11_Img0983.txt
2025-11-11T06:07:21.409,36,35,3421.931,5991.377,D:\Data\2025-11-11\Image_2025-11-11_Img0984.txt
2025-11-11T06:07:43.716,36,36,3421.931,6072.908,D:\Data\2025-11-11\Image_2025-11-11_Img0985.txt
2025-11-11T06:08:05.873,36,37,3421.931,6154.438,D:\Data\2025-11-11\Image_2025-11-11_Img0986.txt
2025-11-11T06:08:28.469,36,38,3421.931,6235.969,D:\Data\2025-11-11\Image_2025-11-11_Img0987.txt
2025-11-11T06:08:49.942,36,39,3421.931,6317.500,D:\Data\2025-11-11\Image_2025-11-11_Img0988.txt
2025-11-11T06:09:13.572,37,39,3336.821,6317.500,D:\Data\2025-11-11\Image_2025-11-11_Img0989.txt
2025-11-11T06:09:35.029,37,38,3336.821,6235.969,D:\Data\2025-11-11\Image_2025-11-11_Img0990.txt
2025-11-11T06:09:57.240,37,37,3336.821,6154.438,D:\Data\2025-11-11\Image_2025-11-11_Img0991.txt
2025-11-11T06:10:19.632,37,36,3336.821,6072.908,D:\Data\2025-11-11\Image_2025-11-11_Img0992.txt
2025-11-11T06:10:42.521,37,35,3336.821,5991.377,D:\Data\2025-11-11\Image_2025-11-11_Img0993.txt
2025-11-11T06:11:05.269,37,34,3336.821,5909.846,D:\Data\2025-11-11\Image_2025-11-11_Img0994.txt
2025-11-11T06:11:27.643,37,33,3336.821,5828.315,D:\Data\2025-11-11\Image_2025-11-11_Img0995.txt
2025-11-11T06:11:50.889,37,32,3336.821,5746.785,D:\Data\2025-11-11\Image_2025-11-11_Img0996.txt
2025-11-11T06:12:13.109,37,31,3336.821,5665.254,D:\Data\2025-11-11\Image_2025-11-11_Img0997.txt
2025-11-11T06:12:34.900,37,30,3336.821,5583.723,D:\Data\2025-11-11\Image_2025-11-11_Img0998.txt
2025-11-11T06:12:56.859,37,29,3336.821,5502.192,D:\Data\2025-11-11\Image_2025-11-11_Img0999.txt
2025-11-11T06:13:20.151,37,28,3336.821,5420.662,D:\Data\2025-11-11\Image_2025-11-11_Img1000.txt
2025-11-11T06:13:41.933,37,27,3336.821,5339.131,D:\Data\2025-11-11\Image_2025-11-11_Img1001.txt
2025-11-11T06:14:04.722,37,26,3336.821,5257.600,D:\Data\2025-11-11\Image_2025-11-11_Img1002.txt
2025-11-11T06:14:27.080,37,25,3336.821,5176.069,D:\Data\2025-11-11\Image_2025-11-11_Img1003.txt
2025-11-11T06:14:49.407,37,24,3336.821,5094.538,D:\Data\2025-11-11\Image_2025-11-11_Img1004.txt
2025-11-11T06:15:11.682,37,23,3336.821,5013.008,D:\Data\2025-11-11\Image_2025-11-11_Img1005.txt
2025-11-11T06:15:35.753,37,22,3336.821,4931.477,D:\Data\2025-11-11\Image_2025-11-11_Img1006.txt
2025-11-11T06:15:57.891,37,21,3336.821,4849.946,D:\Data\2025-11-11\Image_2025-11-11_Img1007.txt
2025-11-11T06:16:20.438,37,20,3336.821,4768.415,D:\Data\2025-11-11\Image_2025-11-11_Img1008.txt
2025-11-11T06:16:42.294,37,19,3336.821,4686.885,D:\Data\2025-11-11\Image_2025-11-11_Img1009.txt
2025-11-11T06:17:04.547,37,18,3336.821,4605.354,D:\Data\2025-11-11\Image_2025-11-11_Img1010.txt
2025-11-11T06:17:26.905,37,17,3336.821,4523.823,D:\Data\2025-11-11\Image_2025-11-11_Img1011.txt
2025-11-11T06:17:49.296,37,16,3336.821,4442.292,D:\Data\2025-11-11\Image_2025-11-11_Img1012.txt
2025-11-11T06:18:13.295,37,15,3336.821,4360.762,D:\Data\2025-11-11\Image_2025-11-11_Img1013.txt
2025-11-11T06:18:36.595,37,14,3336.821,4279.231,D:\Data\2025-11-11\Image_2025-11-11_Img1014.txt
2025-11-11T06:18:58.665,37,13,3336.821,4197.700,D:\Data\2025-11-11\Image_2025-11-11_Img1015.txt
2025-11-11T06:19:20.758,37,12,3336.821,4116.169,D:\Data\2025-11-11\Image_2025-11-11_Img1016.txt
2025-11-11T06:19:47.172,37,11,3336.821,4034.638,D:\Data\2025-11-11\Image_2025-11-11_Img1017.txt
2025-11-11T06:20:09.371,37,10,3336.821,3953.108,D:\Data\2025-11-11\Image_2025-11-11_Img1018.txt
2025-11-11T06:20:32.567,37,9,3336.821,3871.577,D:\Data\2025-11-11\Image_2025-11-11_Img1019.txt
2025-11-11T06:20:56.309,37,8,3336.821,3790.046,D:\Data\2025-11-11\Image_2025-11-11_Img1020.txt
2025-11-11T06:21:19.173,37,7,3336.821,3708.515,D:\Data\2025-11-11\Image_2025-11-11_Img1021.txt
2025-11-11T06:21:42.705,37,6,3336.821,3626.985,D:\Data\2025-11-11\Image_2025-11-11_Img1022.txt
2025-11-11T06:22:04.999,37,5,3336.821,3545.454,D:\Data\2025-11-11\Image_2025-11-11_Img1023.txt
2025-11-11T06:22:27.261,37,4,3336.821,3463.923,D:\Data\2025-11-11\Image_2025-11-11_Img1024.txt
2025-11-11T06:22:50.063,37,3,3336.821,3382.392,D:\Data\2025-11-11\Image_2025-11-11_Img1025.txt
2025-11-11T06:23:13.254,37,2,3336.821,3300.862,D:\Data\2025-11-11\Image_2025-11-11_Img1026.txt
2025-11-11T06:23:36.696,37,1,3336.821,3219.331,D:\Data\2025-11-11\Image_2025-11-11_Img1027.txt
2025-11-11T06:23:59.618,37,0,3336.821,3137.800,D:\Data\2025-11-11\Image_2025-11-11_Img1028.txt
2025-11-11T06:24:23.665,38,0,3251.710,3137.800,D:\Data\2025-11-11\Image_2025-11-11_Img1029.txt
2025-11-11T06:24:45.902,38,1,3251.710,3219.331,D:\Data\2025-11-11\Image_2025-11-11_Img1030.txt
2025-11-11T06:25:08.662,38,2,3251.710,3300.862,D:\Data\2025-11-11\Image_2025-11-11_Img1031.txt
2025-11-11T06:25:31.458,38,3,3251.710,3382.392,D:\Data\2025-11-11\Image_2025-11-11_Img1032.txt
2025-11-11T06:25:54.457,38,4,3251.710,3463.923,D:\Data\2025-11-11\Image_2025-11-11_Img1033.txt
2025-11-11T06:26:18.399,38,5,3251.710,3545.454,D:\Data\2025-11-11\Image_2025-11-11_Img1034.txt
2025-11-11T06:26:41.880,38,6,3251.710,3626.985,D:\Data\2025-11-11\Image_2025-11-11_Img1035.txt
2025-11-11T06:27:05.418,38,7,3251.710,3708.515,D:\Data\2025-11-11\Image_2025-11-11_Img1036.txt
2025-11-11T06:27:29.454,38,8,3251.710,3790.046,D:\Data\2025-11-11\Image_2025-11-11_Img1037.txt
2025-11-11T06:27:51.860,38,9,3251.710,3871.577,D:\Data\2025-11-11\Image_2025-11-11_Img1038.txt
2025-11-11T06:28:14.608,38,10,3251.710,3953.108,D:\Data\2025-11-11\Image_2025-11-11_Img1039.txt
2025-11-11T06:28:37.016,38,11,3251.710,4034.638,D:\Data\2025-11-11\Image_2025-11-11_Img1040.txt
2025-11-11T06:28:58.598,38,12,3251.710,4116.169,D:\Data\2025-11-11\Image_2025-11-11_Img1041.txt
2025-11-11T06:29:21.251,38,13,3251.710,4197.700,D:\Data\2025-11-11\Image_2025-11-11_Img1042.txt
2025-11-11T06:29:45.981,38,14,3251.710,4279.231,D:\Data\2025-11-11\Image_2025-11-11_Img1043.txt
2025-11-11T06:30:08.538,38,15,3251.710,4360.762,D:\Data\2025-11-11\Image_2025-11-11_Img1044.txt
2025-11-11T06:30:32.003,38,16,3251.710,4442.292,D:\Data\2025-11-11\Image_2025-11-11_Img1045.txt
2025-11-11T06:30:54.848,38,17,3251.710,4523.823,D:\Data\2025-11-11\Image_2025-11-11_Img1046.txt
2025-11-11T06:31:18.076,38,18,3251.710,4605.354,D:\Data\2025-11-11\Image_2025-11-11_Img1047.txt
2025-11-11T06:31:40.492,38,19,3251.710,4686.885,D:\Data\2025-11-11\Image_2025-11-11_Img1048.txt
2025-11-11T06:32:03.600,38,20,3251.710,4768.415,D:\Data\2025-11-11\Image_2025-11-11_Img1049.txt
2025-11-11T06:32:26.571,38,21,3251.710,4849.946,D:\Data\2025-11-11\Image_2025-11-11_Img1050.txt
2025-11-11T06:32:49.819,38,22,3251.710,4931.477,D:\Data\2025-11-11\Image_2025-11-11_Img1051.txt
2025-11-11T06:33:12.543,38,23,3251.710,5013.008,D:\Data\2025-11-11\Image_2025-11-11_Img1052.txt
2025-11-11T06:33:35.843,38,24,3251.710,5094.538,D:\Data\2025-11-11\Image_2025-11-11_Img1053.txt
2025-11-11T06:33:58.533,38,25,3251.710,5176.069,D:\Data\2025-11-11\Image_2025-11-11_Img1054.txt
2025-11-11T06:34:21.418,38,26,3251.710,5257.600,D:\Data\2025-11-11\Image_2025-11-11_Img1055.txt
2025-11-11T06:34:43.625,38,27,3251.710,5339.131,D:\Data\2025-11-11\Image_2025-11-11_Img1056.txt
2025-11-11T06:35:06.496,38,28,3251.710,5420.662,D:\Data\2025-11-11\Image_2025-11-11_Img1057.txt
2025-11-11T06:35:29.157,38,29,3251.710,5502.192,D:\Data\2025-11-11\Image_2025-11-11_Img1058.txt
2025-11-11T06:35:52.125,38,30,3251.710,5583.723,D:\Data\2025-11-11\Image_2025-11-11_Img1059.txt
2025-11-11T06:36:14.865,38,31,3251.710,5665.254,D:\Data\2025-11-11\Image_2025-11-11_Img1060.txt
2025-11-11T06:36:37.921,38,32,3251.710,5746.785,D:\Data\2025-11-11\Image_2025-11-11_Img1061.txt
2025-11-11T06:37:00.428,38,33,3251.710,5828.315,D:\Data\2025-11-11\Image_2025-11-11_Img1062.txt
2025-11-11T06:37:23.221,38,34,3251.710,5909.846,D:\Data\2025-11-11\Image_2025-11-11_Img1063.txt
2025-11-11T06:37:46.360,38,35,3251.710,5991.377,D:\Data\2025-11-11\Image_2025-11-11_Img1064.txt
2025-11-11T06:38:10.924,38,36,3251.710,6072.908,D:\Data\2025-11-11\Image_2025-11-11_Img1065.txt
2025-11-11T06:38:39.781,38,37,3251.710,6154.438,D:\Data\2025-11-11\Image_2025-11-11_Img1066.txt
2025-11-11T06:39:02.730,38,38,3251.710,6235.969,D:\Data\2025-11-11\Image_2025-11-11_Img1067.txt
2025-11-11T06:39:26.385,38,39,3251.710,6317.500,D:\Data\2025-11-11\Image_2025-11-11_Img1068.txt
2025-11-11T06:39:52.709,39,39,3166.600,6317.500,D:\Data\2025-11-11\Image_2025-11-11_Img1069.txt
2025-11-11T06:40:14.811,39,38,3166.600,6235.969,D:\Data\2025-11-11\Image_2025-11-11_Img1070.txt
2025-11-11T06:40:37.983,39,37,3166.600,6154.438,D:\Data\2025-11-11\Image_2025-11-11_Img1071.txt
2025-11-11T06:41:00.423,39,36,3166.600,6072.908,D:\Data\2025-11-11\Image_2025-11-11_Img1072.txt
2025-11-11T06:41:25.021,39,35,3166.600,5991.377,D:\Data\2025-11-11\Image_2025-11-11_Img1073.txt
2025-11-11T06:41:47.726,39,34,3166.600,5909.846,D:\Data\2025-11-11\Image_2025-11-11_Img1074.txt
2025-11-11T06:42:10.374,39,33,3166.600,5828.315,D:\Data\2025-11-11\Image_2025-11-11_Img1075.txt
2025-11-11T06:42:33.075,39,32,3166.600,5746.785,D:\Data\2025-11-11\Image_2025-11-11_Img1076.txt
2025-11-11T06:42:55.974,39,31,3166.600,5665.254,D:\Data\2025-11-11\Image_2025-11-11_Img1077.txt
2025-11-11T06:43:18.626,39,30,3166.600,5583.723,D:\Data\2025-11-11\Image_2025-11-11_Img1078.txt
2025-11-11T06:43:41.416,39,29,3166.600,5502.192,D:\Data\2025-11-11\Image_2025-11-11_Img1079.txt
2025-11-11T06:44:03.314,39,28,3166.600,5420.662,D:\Data\2025-11-11\Image_2025-11-11_Img1080.txt
2025-11-11T06:44:25.577,39,27,3166.600,5339.131,D:\Data\2025-11-11\Image_2025-11-11_Img1081.txt
2025-11-11T06:44:48.478,39,26,3166.600,5257.600,D:\Data\2025-11-11\Image_2025-11-11_Img1082.txt
2025-11-11T06:45:10.660,39,25,3166.600,5176.069,D:\Data\2025-11-11\Image_2025-11-11_Img1083.txt
2025-11-11T06:45:32.657,39,24,3166.600,5094.538,D:\Data\2025-11-11\Image_2025-11-11_Img1084.txt
2025-11-11T06:45:55.354,39,23,3166.600,5013.008,D:\Data\2025-11-11\Image_2025-11-11_Img1085.txt
2025-11-11T06:46:22.080,39,22,3166.600,4931.477,D:\Data\2025-11-11\Image_2025-11-11_Img1086.txt
2025-11-11T06:46:44.974,39,21,3166.600,4849.946,D:\Data\2025-11-11\Image_2025-11-11_Img1087.txt
2025-11-11T06:47:07.494,39,20,3166.600,4768.415,D:\Data\2025-11-11\Image_2025-11-11_Img1088.txt
2025-11-11T06:47:30.947,39,19,3166.600,4686.885,D:\Data\2025-11-11\Image_2025-11-11_Img1089.txt
2025-11-11T06:47:53.124,39,18,3166.600,4605.354,D:\Data\2025-11-11\Image_2025-11-11_Img1090.txt
2025-11-11T06:48:15.520,39,17,3166.600,4523.823,D:\Data\2025-11-11\Image_2025-11-11_Img1091.txt
2025-11-11T06:48:37.631,39,16,3166.600,4442.292,D:\Data\2025-11-11\Image_2025-11-11_Img1092.txt
2025-11-11T06:49:00.617,39,15,3166.600,4360.762,D:\Data\2025-11-11\Image_2025-11-11_Img1093.txt
2025-11-11T06:49:23.220,39,14,3166.600,4279.231,D:\Data\2025-11-11\Image_2025-11-11_Img1094.txt
2025-11-11T06:49:46.289,39,13,3166.600,4197.700,D:\Data\2025-11-11\Image_2025-11-11_Img1095.txt
2025-11-11T06:50:09.196,39,12,3166.600,4116.169,D:\Data\2025-11-11\Image_2025-11-11_Img1096.txt
2025-11-11T06:50:30.821,39,11,3166.600,4034.638,D:\Data\2025-11-11\Image_2025-11-11_Img1097.txt
2025-11-11T06:50:52.904,39,10,3166.600,3953.108,D:\Data\2025-11-11\Image_2025-11-11_Img1098.txt
2025-11-11T06:51:14.887,39,9,3166.600,3871.577,D:\Data\2025-11-11\Image_2025-11-11_Img1099.txt
2025-11-11T06:51:38.269,39,8,3166.600,3790.046,D:\Data\2025-11-11\Image_2025-11-11_Img1100.txt
2025-11-11T06:52:01.852,39,7,3166.600,3708.515,D:\Data\2025-11-11\Image_2025-11-11_Img1101.txt
2025-11-11T06:52:23.720,39,6,3166.600,3626.985,D:\Data\2025-11-11\Image_2025-11-11_Img1102.txt
2025-11-11T06:52:47.609,39,5,3166.600,3545.454,D:\Data\2025-11-11\Image_2025-11-11_Img1103.txt
2025-11-11T06:53:11.153,39,4,3166.600,3463.923,D:\Data\2025-11-11\Image_2025-11-11_Img1104.txt
2025-11-11T06:53:34.719,39,3,3166.600,3382.392,D:\Data\2025-11-11\Image_2025-11-11_Img1105.txt
2025-11-11T06:53:58.567,39,2,3166.600,3300.862,D:\Data\2025-11-11\Image_2025-11-11_Img1106.txt
2025-11-11T06:54:22.094,39,1,3166.600,3219.331,D:\Data\2025-11-11\Image_2025-11-11_Img1107.txt
2025-11-11T06:54:44.783,39,0,3166.600,3137.800,D:\Data\2025-11-11\Image_2025-11-11_Img1108.txt
