VxRange in distance [um]: [-160.890670 126.819975] NVx:201 bFixVx:0 FixVx:-0.059210
VyRange in distance [um]: [-161.336320 137.373795] NVy:201 bFixVy:0 FixVy:-0.040110
VzRange: [0.000000 100.000000] NVz:51 bFixVz:1 FixVz:56.000000
DTRange: [0.001000 0.003000] NDT:10 bFixVDT:1 FixVDT:0.005000
Size: [201 201]
0.044
0.037
0.039
0.047
0.046
0.050
0.050
0.051
0.048
0.051
0.052
0.054
0.053
0.064
0.060
0.060
0.064
0.060
0.061
0.062
0.067
0.066
0.066
0.068
0.066
0.072
0.077
0.075
0.079
0.086
0.089
0.084
0.077
0.078
0.087
0.092
0.091
0.100
0.101
0.101
0.108
0.104
0.105
0.099
0.106
0.122
0.113
0.115
0.113
0.120
0.116
0.125
0.123
0.125
0.130
0.131
0.134
0.134
0.136
0.139
0.135
0.138
0.136
0.136
0.146
0.144
0.146
0.147
0.149
0.159
0.155
0.151
0.160
0.157
0.162
0.152
0.162
0.156
0.169
0.154
0.162
0.164
0.167
0.176
0.176
0.181
0.169
0.165
0.173
0.186
0.169
0.175
0.173
0.167
0.170
0.168
0.167
0.174
0.174
0.176
0.171
0.190
0.180
0.173
0.172
0.176
0.173
0.176
0.177
0.172
0.174
0.164
0.165
0.169
0.170
0.172
0.175
0.168
0.170
0.173
0.178
0.171
0.172
0.176
0.165
0.167
0.162
0.158
0.169
0.165
0.159
0.154
0.153
0.161
0.160
0.155
0.153
0.152
0.150
0.143
0.144
0.146
0.145
0.144
0.129
0.134
0.127
0.131
0.122
0.130
0.135
0.129
0.127
0.126
0.124
0.122
0.126
0.123
0.122
0.110
0.116
0.116
0.115
0.110
0.115
0.106
0.105
0.101
0.097
0.104
0.096
0.097
0.093
0.089
0.080
0.077
0.079
0.078
0.065
0.061
0.056
0.048
0.046
0.040
0.034
0.027
0.025
0.020
0.015
0.009
0.008
0.004
0.003
0.002
0.000
0.000
0.000
-0.000
0.000
-0.000
-0.000
0.046
0.046
0.046
0.045
0.049
0.051
0.054
0.048
0.050
0.055
0.051
0.051
0.060
0.061
0.066
0.064
0.060
0.061
0.063
0.069
0.069
0.067
0.068
0.067
0.072
0.073
0.078
0.076
0.082
0.090
0.084
0.088
0.069
0.070
0.086
0.096
0.092
0.093
0.105
0.097
0.100
0.103
0.107
0.109
0.125
0.111
0.123
0.117
0.118
0.125
0.125
0.126
0.121
0.134
0.126
0.136
0.134
0.140
0.128
0.145
0.139
0.143
0.141
0.135
0.143
0.150
0.158
0.157
0.148
0.155
0.157
0.164
0.154
0.152
0.155
0.161
0.164
0.160
0.163
0.171
0.166
0.169
0.159
0.166
0.166
0.170
0.173
0.176
0.175
0.170
0.173
0.169
0.185
0.178
0.173
0.176
0.181
0.172
0.175
0.179
0.176
0.184
0.187
0.179
0.181
0.181
0.180
0.172
0.181
0.176
0.183
0.178
0.176
0.177
0.176
0.173
0.168
0.177
0.173
0.167
0.163
0.171
0.170
0.180
0.164
0.175
0.167
0.168
0.170
0.163
0.164
0.162
0.166
0.162
0.156
0.166
0.154
0.159
0.151
0.151
0.149
0.145
0.148
0.144
0.136
0.139
0.141
0.144
0.136
0.137
0.136
0.136
0.131
0.131
0.127
0.126
0.126
0.122
0.126
0.122
0.118
0.120
0.112
0.116
0.112
0.118
0.114
0.112
0.112
0.107
0.100
0.105
0.098
0.094
0.089
0.080
0.082
0.075
0.080
0.065
0.059
0.057
0.049
0.046
0.040
0.034
0.027
0.026
0.016
0.015
0.005
0.003
0.006
0.004
0.002
0.002
0.001
-0.000
0.002
-0.000
0.000
0.040
0.047
0.050
0.049
0.050
0.052
0.055
0.056
0.056
0.054
0.061
0.060
0.058
0.060
0.067
0.067
0.065
0.066
0.065
0.069
0.071
0.068
0.068
0.067
0.075
0.077
0.081
0.079
0.081
0.084
0.093
0.082
0.072
0.070
0.073
0.091
0.104
0.097
0.104
0.102
0.103
0.107
0.112
0.112
0.108
0.112
0.119
0.116
0.121
0.127
0.124
0.142
0.136
0.125
0.124
0.140
0.140
0.143
0.140
0.140
0.150
0.146
0.146
0.148
0.147
0.155
0.152
0.159
0.156
0.155
0.161
0.165
0.166
0.167
0.169
0.164
0.176
0.169
0.168
0.165
0.169
0.179
0.173
0.170
0.175
0.178
0.183
0.183
0.176
0.177
0.173
0.178
0.177
0.187
0.187
0.182
0.181
0.183
0.179
0.177
0.182
0.182
0.191
0.187
0.188
0.191
0.181
0.191
0.181
0.185
0.190
0.189
0.183
0.190
0.178
0.184
0.185
0.176
0.180
0.180
0.181
0.185
0.181
0.186
0.171
0.182
0.177
0.166
0.172
0.174
0.172
0.170
0.170
0.164
0.164
0.168
0.162
0.158
0.162
0.162
0.158
0.158
0.158
0.150
0.149
0.145
0.147
0.146
0.144
0.134
0.142
0.134
0.139
0.138
0.138
0.134
0.128
0.128
0.131
0.130
0.125
0.117
0.125
0.125
0.122
0.120
0.119
0.114
0.117
0.110
0.107
0.112
0.107
0.101
0.103
0.093
0.088
0.080
0.089
0.071
0.072
0.066
0.063
0.060
0.046
0.041
0.038
0.031
0.026
0.018
0.011
0.009
0.008
0.005
0.005
0.003
0.001
0.002
0.000
-0.000
-0.001
0.058
0.058
0.058
0.062
0.054
0.059
0.054
0.054
0.055
0.059
0.056
0.065
0.066
0.065
0.064
0.066
0.070
0.076
0.072
0.068
0.073
0.076
0.078
0.075
0.076
0.081
0.081
0.085
0.087
0.089
0.092
0.089
0.081
0.070
0.077
0.094
0.092
0.104
0.103
0.109
0.118
0.112
0.114
0.115
0.115
0.121
0.123
0.122
0.125
0.131
0.138
0.140
0.143
0.136
0.140
0.139
0.141
0.143
0.146
0.145
0.146
0.149
0.153
0.160
0.150
0.157
0.163
0.160
0.159
0.164
0.166
0.169
0.164
0.168
0.169
0.168
0.174
0.167
0.172
0.175
0.172
0.174
0.179
0.178
0.179
0.179
0.185
0.173
0.181
0.184
0.180
0.188
0.189
0.185
0.181
0.191
0.193
0.186
0.190
0.189
0.190
0.186
0.189
0.197
0.191
0.199
0.188
0.186
0.178
0.184
0.186
0.192
0.187
0.197
0.192
0.186
0.182
0.193
0.180
0.191
0.184
0.183
0.187
0.184
0.184
0.171
0.174
0.176
0.183
0.178
0.177
0.178
0.175
0.179
0.167
0.171
0.171
0.167
0.164
0.167
0.154
0.155
0.157
0.154
0.148
0.156
0.145
0.147
0.143
0.143
0.138
0.140
0.143
0.135
0.141
0.134
0.131
0.132
0.128
0.129
0.133
0.125
0.125
0.129
0.124
0.115
0.122
0.117
0.119
0.113
0.115
0.110
0.121
0.107
0.104
0.096
0.095
0.084
0.084
0.083
0.076
0.074
0.069
0.062
0.058
0.044
0.045
0.038
0.038
0.028
0.018
0.015
0.014
0.011
0.007
0.005
0.003
0.002
0.001
0.000
0.001
0.051
0.052
0.054
0.057
0.062
0.057
0.061
0.059
0.067
0.064
0.065
0.072
0.067
0.072
0.068
0.073
0.076
0.070
0.076
0.071
0.076
0.078
0.087
0.078
0.084
0.081
0.090
0.086
0.091
0.092
0.093
0.092
0.092
0.089
0.096
0.098
0.103
0.106
0.107
0.106
0.114
0.124
0.118
0.119
0.124
0.125
0.130
0.126
0.133
0.136
0.132
0.144
0.145
0.149
0.146
0.143
0.152
0.152
0.153
0.154
0.147
0.153
0.157
0.155
0.158
0.161
0.157
0.165
0.168
0.167
0.169
0.172
0.167
0.177
0.175
0.180
0.181
0.179
0.179
0.179
0.179
0.180
0.199
0.190
0.184
0.186
0.190
0.189
0.192
0.189
0.202
0.187
0.189
0.196
0.188
0.188
0.199
0.192
0.207
0.193
0.198
0.192
0.193
0.197
0.199
0.206
0.194
0.201
0.199
0.200
0.202
0.200
0.189
0.190
0.211
0.187
0.197
0.188
0.194
0.193
0.192
0.192
0.191
0.186
0.187
0.183
0.196
0.179
0.193
0.188
0.178
0.186
0.175
0.182
0.182
0.176
0.177
0.174
0.171
0.172
0.168
0.162
0.155
0.165
0.163
0.160
0.156
0.156
0.148
0.153
0.150
0.147
0.143
0.145
0.147
0.141
0.139
0.142
0.130
0.143
0.137
0.137
0.128
0.130
0.127
0.129
0.124
0.114
0.125
0.123
0.111
0.121
0.120
0.102
0.110
0.103
0.106
0.096
0.094
0.085
0.087
0.078
0.074
0.069
0.068
0.059
0.052
0.045
0.042
0.040
0.030
0.026
0.023
0.012
0.012
0.009
0.005
0.005
0.003
0.000
0.000
0.054
0.054
0.054
0.060
0.053
0.062
0.059
0.062
0.063
0.067
0.066
0.072
0.072
0.072
0.078
0.073
0.076
0.075
0.074
0.076
0.080
0.082
0.090
0.080
0.089
0.088
0.092
0.087
0.092
0.092
0.092
0.093
0.097
0.092
0.100
0.109
0.109
0.107
0.116
0.123
0.116
0.124
0.118
0.120
0.122
0.134
0.125
0.126
0.135
0.136
0.142
0.144
0.149
0.144
0.145
0.143
0.148
0.156
0.155
0.158
0.158
0.154
0.159
0.174
0.163
0.164
0.165
0.171
0.172
0.184
0.172
0.172
0.173
0.178
0.174
0.177
0.187
0.169
0.185
0.190
0.186
0.182
0.191
0.189
0.197
0.189
0.193
0.178
0.191
0.188
0.200
0.190
0.193
0.194
0.199
0.207
0.193
0.197
0.206
0.208
0.203
0.197
0.202
0.193
0.196
0.196
0.199
0.200
0.207
0.182
0.197
0.204
0.200
0.199
0.195
0.202
0.194
0.199
0.203
0.189
0.191
0.192
0.193
0.181
0.185
0.184
0.180
0.192
0.190
0.187
0.175
0.189
0.185
0.183
0.180
0.180
0.182
0.171
0.182
0.180
0.174
0.175
0.155
0.161
0.166
0.160
0.156
0.157
0.157
0.151
0.153
0.145
0.146
0.146
0.138
0.142
0.149
0.142
0.139
0.133
0.136
0.132
0.129
0.130
0.124
0.125
0.132
0.125
0.135
0.120
0.121
0.115
0.112
0.106
0.099
0.105
0.110
0.104
0.091
0.091
0.092
0.085
0.078
0.073
0.070
0.063
0.056
0.055
0.049
0.041
0.035
0.031
0.022
0.017
0.016
0.010
0.009
0.008
0.004
0.002
0.001
0.054
0.059
0.055
0.064
0.066
0.066
0.062
0.065
0.068
0.067
0.072
0.073
0.073
0.077
0.078
0.073
0.076
0.083
0.079
0.088
0.085
0.085
0.088
0.086
0.087
0.085
0.087
0.100
0.097
0.097
0.098
0.100
0.103
0.104
0.112
0.112
0.114
0.115
0.124
0.123
0.123
0.132
0.123
0.124
0.131
0.129
0.137
0.137
0.143
0.149
0.140
0.153
0.151
0.153
0.157
0.156
0.162
0.163
0.161
0.162
0.166
0.164
0.163
0.165
0.169
0.178
0.178
0.177
0.173
0.174
0.177
0.190
0.184
0.182
0.183
0.191
0.195
0.175
0.182
0.191
0.199
0.191
0.191
0.201
0.192
0.191
0.189
0.197
0.205
0.204
0.197
0.197
0.205
0.201
0.197
0.202
0.204
0.205
0.203
0.209
0.208
0.201
0.208
0.210
0.206
0.210
0.201
0.204
0.199
0.202
0.204
0.196
0.198
0.200
0.208
0.205
0.203
0.205
0.200
0.194
0.195
0.197
0.198
0.194
0.203
0.196
0.194
0.197
0.191
0.190
0.189
0.186
0.192
0.186
0.186
0.185
0.178
0.181
0.178
0.182
0.184
0.181
0.174
0.181
0.176
0.177
0.163
0.166
0.159
0.154
0.157
0.153
0.151
0.156
0.143
0.149
0.145
0.145
0.147
0.141
0.135
0.140
0.131
0.134
0.132
0.135
0.137
0.123
0.128
0.122
0.117
0.116
0.116
0.123
0.109
0.116
0.112
0.113
0.103
0.099
0.100
0.084
0.092
0.081
0.078
0.074
0.064
0.061
0.053
0.052
0.048
0.037
0.035
0.028
0.020
0.016
0.013
0.010
0.005
0.002
0.003
0.061
0.061
0.061
0.063
0.070
0.067
0.067
0.066
0.069
0.072
0.070
0.083
0.070
0.081
0.084
0.079
0.082
0.082
0.083
0.085
0.089
0.089
0.087
0.092
0.094
0.093
0.091
0.095
0.097
0.101
0.098
0.108
0.098
0.107
0.109
0.106
0.114
0.116
0.108
0.119
0.121
0.127
0.120
0.131
0.130
0.134
0.129
0.130
0.141
0.134
0.146
0.152
0.151
0.149
0.149
0.154
0.158
0.169
0.162
0.156
0.163
0.170
0.172
0.165
0.174
0.176
0.178
0.181
0.174
0.184
0.183
0.192
0.180
0.181
0.179
0.189
0.174
0.150
0.142
0.175
0.188
0.196
0.198
0.195
0.197
0.206
0.207
0.204
0.202
0.205
0.204
0.206
0.211
0.203
0.210
0.213
0.207
0.208
0.218
0.208
0.211
0.209
0.219
0.210
0.203
0.210
0.206
0.213
0.211
0.216
0.220
0.211
0.207
0.209
0.204
0.213
0.203
0.198
0.206
0.204
0.204
0.202
0.195
0.208
0.193
0.197
0.198
0.198
0.192
0.194
0.192
0.194
0.196
0.185
0.192
0.193
0.185
0.187
0.187
0.182
0.176
0.185
0.176
0.166
0.174
0.173
0.159
0.170
0.162
0.164
0.162
0.159
0.159
0.154
0.151
0.151
0.149
0.136
0.148
0.151
0.143
0.149
0.145
0.144
0.134
0.136
0.135
0.140
0.130
0.132
0.114
0.121
0.123
0.121
0.118
0.112
0.112
0.117
0.108
0.106
0.099
0.093
0.094
0.085
0.085
0.075
0.073
0.071
0.063
0.056
0.051
0.049
0.043
0.029
0.027
0.022
0.018
0.014
0.010
0.005
0.004
0.061
0.063
0.064
0.067
0.066
0.071
0.072
0.071
0.073
0.077
0.072
0.079
0.076
0.086
0.083
0.085
0.084
0.082
0.092
0.088
0.094
0.099
0.091
0.097
0.093
0.090
0.091
0.098
0.102
0.100
0.104
0.107
0.104
0.110
0.113
0.109
0.124
0.116
0.120
0.125
0.121
0.130
0.131
0.129
0.138
0.130
0.143
0.145
0.144
0.153
0.150
0.146
0.156
0.148
0.156
0.161
0.157
0.173
0.166
0.162
0.172
0.168
0.166
0.177
0.170
0.177
0.181
0.178
0.183
0.184
0.188
0.189
0.193
0.187
0.199
0.195
0.187
0.131
0.125
0.156
0.206
0.195
0.197
0.205
0.205
0.203
0.200
0.221
0.207
0.208
0.214
0.212
0.212
0.209
0.213
0.214
0.206
0.208
0.212
0.221
0.214
0.209
0.221
0.223
0.221
0.221
0.214
0.207
0.220
0.210
0.204
0.215
0.215
0.213
0.208
0.209
0.212
0.216
0.208
0.209
0.203
0.206
0.207
0.213
0.208
0.202
0.203
0.201
0.199
0.203
0.203
0.201
0.201
0.190
0.196
0.191
0.190
0.191
0.190
0.185
0.186
0.185
0.178
0.182
0.178
0.175
0.162
0.176
0.164
0.162
0.166
0.159
0.160
0.154
0.153
0.153
0.149
0.156
0.156
0.142
0.152
0.139
0.150
0.140
0.145
0.140
0.143
0.138
0.127
0.130
0.122
0.125
0.124
0.122
0.118
0.118
0.116
0.113
0.110
0.112
0.104
0.107
0.095
0.094
0.089
0.086
0.081
0.075
0.067
0.060
0.063
0.054
0.047
0.040
0.035
0.028
0.024
0.016
0.013
0.011
0.007
0.066
0.066
0.066
0.068
0.072
0.073
0.074
0.075
0.078
0.080
0.086
0.087
0.084
0.094
0.092
0.096
0.091
0.091
0.087
0.097
0.097
0.097
0.097
0.092
0.099
0.102
0.094
0.101
0.109
0.100
0.108
0.105
0.108
0.114
0.122
0.116
0.127
0.126
0.122
0.126
0.143
0.131
0.137
0.134
0.148
0.146
0.142
0.149
0.144
0.148
0.150
0.156
0.157
0.162
0.169
0.162
0.164
0.164
0.173
0.166
0.174
0.179
0.180
0.172
0.180
0.182
0.190
0.185
0.194
0.195
0.203
0.194
0.191
0.194
0.196
0.200
0.185
0.148
0.136
0.178
0.187
0.204
0.209
0.204
0.201
0.209
0.214
0.206
0.212
0.209
0.205
0.217
0.221
0.216
0.222
0.211
0.213
0.217
0.224
0.222
0.213
0.208
0.220
0.216
0.210
0.221
0.218
0.216
0.214
0.220
0.217
0.216
0.208
0.209
0.218
0.209
0.214
0.214
0.205
0.212
0.212
0.216
0.214
0.217
0.205
0.215
0.211
0.209
0.206
0.210
0.205
0.209
0.211
0.211
0.217
0.198
0.197
0.193
0.199
0.202
0.192
0.181
0.188
0.195
0.188
0.189
0.180
0.182
0.175
0.164
0.163
0.156
0.161
0.158
0.161
0.156
0.155
0.149
0.160
0.152
0.156
0.148
0.149
0.150
0.147
0.142
0.137
0.131
0.138
0.140
0.131
0.125
0.124
0.129
0.128
0.122
0.124
0.111
0.113
0.107
0.105
0.104
0.107
0.094
0.100
0.087
0.086
0.076
0.075
0.074
0.065
0.063
0.051
0.049
0.040
0.033
0.030
0.024
0.017
0.012
0.009
0.063
0.065
0.073
0.069
0.076
0.073
0.075
0.079
0.081
0.083
0.084
0.088
0.086
0.089
0.083
0.087
0.095
0.087
0.094
0.093
0.089
0.103
0.106
0.103
0.113
0.101
0.106
0.101
0.106
0.110
0.107
0.111
0.107
0.120
0.122
0.114
0.123
0.128
0.129
0.140
0.135
0.136
0.138
0.146
0.146
0.138
0.149
0.153
0.157
0.151
0.161
0.160
0.157
0.159
0.168
0.167
0.164
0.178
0.166
0.182
0.176
0.176
0.183
0.174
0.181
0.190
0.188
0.192
0.187
0.185
0.197
0.188
0.205
0.196
0.192
0.205
0.198
0.189
0.175
0.190
0.199
0.212
0.207
0.214
0.206
0.210
0.210
0.212
0.209
0.224
0.219
0.220
0.225
0.213
0.223
0.228
0.214
0.226
0.220
0.234
0.232
0.226
0.226
0.227
0.224
0.221
0.216
0.223
0.222
0.215
0.222
0.225
0.223
0.214
0.221
0.221
0.216
0.228
0.221
0.219
0.219
0.224
0.206
0.223
0.217
0.204
0.221
0.210
0.215
0.222
0.202
0.204
0.206
0.209
0.198
0.207
0.196
0.190
0.208
0.197
0.191
0.193
0.203
0.186
0.191
0.190
0.185
0.174
0.174
0.181
0.171
0.172
0.170
0.161
0.166
0.159
0.160
0.162
0.160
0.157
0.152
0.160
0.148
0.141
0.157
0.148
0.138
0.142
0.133
0.143
0.138
0.136
0.129
0.125
0.123
0.125
0.129
0.118
0.111
0.122
0.111
0.114
0.109
0.099
0.106
0.097
0.099
0.090
0.088
0.074
0.070
0.067
0.061
0.051
0.055
0.045
0.033
0.026
0.027
0.018
0.016
0.074
0.074
0.074
0.072
0.075
0.079
0.084
0.081
0.083
0.089
0.084
0.087
0.091
0.093
0.097
0.097
0.097
0.100
0.096
0.106
0.099
0.099
0.107
0.105
0.106
0.109
0.111
0.106
0.113
0.113
0.112
0.108
0.114
0.117
0.116
0.117
0.116
0.121
0.127
0.135
0.135
0.130
0.144
0.136
0.144
0.154
0.145
0.155
0.153
0.162
0.157
0.161
0.164
0.169
0.168
0.171
0.166
0.171
0.182
0.177
0.177
0.186
0.177
0.184
0.187
0.192
0.198
0.197
0.199
0.200
0.206
0.209
0.202
0.201
0.213
0.201
0.201
0.194
0.194
0.197
0.219
0.223
0.207
0.212
0.217
0.220
0.223
0.217
0.224
0.232
0.220
0.219
0.230
0.229
0.227
0.221
0.226
0.216
0.232
0.225
0.225
0.229
0.229
0.231
0.218
0.229
0.236
0.222
0.231
0.221
0.215
0.227
0.228
0.237
0.223
0.231
0.220
0.219
0.219
0.227
0.226
0.237
0.224
0.223
0.216
0.224
0.205
0.208
0.216
0.215
0.218
0.221
0.210
0.222
0.209
0.202
0.216
0.206
0.207
0.193
0.196
0.200
0.195
0.195
0.187
0.189
0.186
0.176
0.190
0.180
0.181
0.181
0.173
0.173
0.167
0.173
0.160
0.167
0.160
0.160
0.159
0.151
0.160
0.149
0.147
0.150
0.157
0.152
0.141
0.147
0.141
0.132
0.131
0.133
0.135
0.130
0.125
0.123
0.119
0.112
0.116
0.109
0.113
0.109
0.106
0.103
0.104
0.097
0.085
0.079
0.082
0.071
0.071
0.060
0.058
0.046
0.043
0.036
0.031
0.021
0.018
0.072
0.072
0.077
0.080
0.076
0.078
0.085
0.082
0.086
0.096
0.090
0.095
0.086
0.095
0.099
0.096
0.101
0.103
0.105
0.109
0.109
0.107
0.115
0.114
0.109
0.116
0.112
0.120
0.115
0.115
0.115
0.118
0.119
0.120
0.120
0.126
0.129
0.127
0.132
0.135
0.146
0.141
0.136
0.148
0.148
0.157
0.157
0.166
0.167
0.165
0.161
0.169
0.168
0.175
0.166
0.178
0.179
0.171
0.191
0.183
0.188
0.192
0.192
0.200
0.202
0.209
0.206
0.213
0.195
0.207
0.209
0.206
0.203
0.209
0.215
0.221
0.211
0.209
0.199
0.206
0.215
0.219
0.225
0.227
0.218
0.219
0.225
0.224
0.220
0.222
0.233
0.227
0.233
0.236
0.236
0.226
0.232
0.238
0.225
0.230
0.231
0.233
0.237
0.236
0.237
0.228
0.230
0.236
0.237
0.227
0.228
0.242
0.229
0.233
0.234
0.236
0.245
0.228
0.234
0.234
0.233
0.243
0.217
0.228
0.220
0.215
0.229
0.226
0.220
0.213
0.216
0.226
0.228
0.210
0.222
0.208
0.209
0.204
0.215
0.210
0.211
0.214
0.209
0.203
0.198
0.200
0.193
0.192
0.182
0.189
0.188
0.200
0.181
0.173
0.182
0.171
0.171
0.180
0.164
0.169
0.172
0.176
0.158
0.153
0.155
0.162
0.147
0.149
0.152
0.142
0.142
0.142
0.148
0.134
0.138
0.133
0.132
0.139
0.120
0.122
0.119
0.122
0.115
0.110
0.108
0.105
0.106
0.102
0.093
0.090
0.083
0.083
0.078
0.067
0.059
0.057
0.055
0.045
0.036
0.030
0.026
0.077
0.077
0.077
0.080
0.082
0.088
0.091
0.089
0.092
0.093
0.098
0.095
0.094
0.102
0.100
0.107
0.108
0.110
0.113
0.107
0.111
0.113
0.118
0.119
0.114
0.122
0.114
0.119
0.128
0.117
0.114
0.123
0.121
0.122
0.125
0.122
0.134
0.133
0.135
0.135
0.148
0.144
0.150
0.155
0.148
0.158
0.162
0.161
0.170
0.169
0.173
0.167
0.175
0.183
0.181
0.179
0.187
0.184
0.185
0.197
0.199
0.196
0.204
0.203
0.199
0.204
0.197
0.205
0.204
0.210
0.208
0.206
0.212
0.224
0.210
0.217
0.213
0.217
0.224
0.222
0.230
0.229
0.228
0.224
0.221
0.228
0.217
0.222
0.240
0.235
0.235
0.227
0.249
0.248
0.244
0.239
0.254
0.248
0.237
0.242
0.238
0.250
0.245
0.237
0.242
0.228
0.235
0.243
0.241
0.244
0.245
0.249
0.237
0.233
0.240
0.228
0.237
0.244
0.230
0.240
0.236
0.223
0.181
0.219
0.235
0.224
0.234
0.227
0.231
0.227
0.216
0.226
0.226
0.219
0.223
0.221
0.227
0.215
0.212
0.211
0.216
0.205
0.206
0.206
0.201
0.208
0.202
0.190
0.191
0.191
0.187
0.194
0.185
0.172
0.177
0.175
0.175
0.175
0.168
0.178
0.168
0.171
0.168
0.161
0.151
0.162
0.150
0.153
0.152
0.143
0.152
0.146
0.145
0.139
0.132
0.133
0.126
0.132
0.133
0.127
0.121
0.116
0.118
0.117
0.108
0.110
0.107
0.105
0.096
0.097
0.093
0.091
0.082
0.078
0.069
0.062
0.059
0.058
0.044
0.041
0.031
0.075
0.078
0.086
0.082
0.085
0.084
0.091
0.094
0.097
0.098
0.099
0.099
0.109
0.108
0.108
0.110
0.116
0.118
0.118
0.113
0.118
0.120
0.120
0.118
0.121
0.123
0.117
0.121
0.119
0.129
0.127
0.121
0.121
0.127
0.127
0.139
0.132
0.135
0.144
0.148
0.147
0.149
0.153
0.152
0.151
0.165
0.161
0.164
0.165
0.173
0.174
0.177
0.181
0.173
0.184
0.190
0.191
0.196
0.193
0.194
0.197
0.201
0.204
0.200
0.219
0.212
0.206
0.202
0.200
0.220
0.225
0.206
0.222
0.219
0.227
0.221
0.225
0.229
0.223
0.234
0.229
0.224
0.234
0.224
0.238
0.227
0.228
0.239
0.243
0.236
0.239
0.236
0.238
0.240
0.233
0.245
0.243
0.238
0.246
0.248
0.236
0.243
0.233
0.248
0.249
0.247
0.244
0.243
0.254
0.240
0.253
0.243
0.254
0.241
0.246
0.245
0.236
0.239
0.246
0.243
0.243
0.196
0.162
0.181
0.227
0.242
0.230
0.234
0.230
0.239
0.229
0.225
0.228
0.228
0.230
0.219
0.221
0.214
0.216
0.220
0.219
0.219
0.215
0.212
0.204
0.209
0.209
0.196
0.197
0.185
0.194
0.188
0.183
0.189
0.183
0.181
0.177
0.174
0.178
0.166
0.166
0.162
0.160
0.165
0.158
0.156
0.160
0.159
0.148
0.147
0.144
0.143
0.143
0.138
0.138
0.129
0.137
0.132
0.126
0.129
0.123
0.122
0.119
0.117
0.104
0.113
0.107
0.107
0.106
0.103
0.096
0.091
0.087
0.083
0.070
0.069
0.068
0.057
0.048
0.042
0.037
0.091
0.091
0.091
0.090
0.091
0.091
0.097
0.104
0.099
0.104
0.105
0.112
0.102
0.109
0.118
0.116
0.116
0.120
0.117
0.118
0.124
0.127
0.124
0.126
0.127
0.129
0.130
0.129
0.131
0.127
0.128
0.130
0.135
0.133
0.136
0.134
0.139
0.140
0.138
0.151
0.146
0.147
0.155
0.164
0.158
0.163
0.170
0.173
0.171
0.174
0.176
0.187
0.183
0.191
0.188
0.187
0.197
0.198
0.198
0.193
0.195
0.201
0.214
0.214
0.210
0.217
0.214
0.216
0.220
0.218
0.225
0.214
0.219
0.223
0.224
0.225
0.228
0.231
0.229
0.236
0.224
0.220
0.232
0.235
0.237
0.228
0.242
0.243
0.243
0.240
0.243
0.237
0.239
0.248
0.252
0.248
0.247
0.246
0.249
0.243
0.253
0.250
0.246
0.245
0.241
0.239
0.250
0.253
0.254
0.256
0.264
0.251
0.248
0.248
0.253
0.249
0.246
0.249
0.241
0.244
0.236
0.176
0.145
0.192
0.242
0.246
0.248
0.231
0.237
0.244
0.241
0.227
0.233
0.234
0.230
0.221
0.227
0.222
0.235
0.224
0.221
0.223
0.225
0.212
0.209
0.213
0.202
0.211
0.201
0.196
0.199
0.204
0.191
0.191
0.186
0.191
0.187
0.181
0.173
0.175
0.175
0.173
0.174
0.172
0.175
0.158
0.159
0.160
0.161
0.157
0.147
0.154
0.149
0.135
0.144
0.147
0.135
0.139
0.139
0.135
0.128
0.124
0.126
0.117
0.119
0.120
0.117
0.112
0.104
0.103
0.102
0.095
0.094
0.087
0.083
0.074
0.072
0.064
0.058
0.049
0.044
0.085
0.088
0.083
0.097
0.099
0.105
0.099
0.097
0.107
0.106
0.100
0.119
0.110
0.114
0.123
0.114
0.123
0.125
0.123
0.126
0.125
0.125
0.134
0.134
0.131
0.129
0.129
0.130
0.135
0.136
0.132
0.141
0.135
0.142
0.139
0.142
0.143
0.147
0.138
0.145
0.157
0.160
0.161
0.162
0.168
0.167
0.179
0.170
0.177
0.180
0.184
0.190
0.189
0.184
0.193
0.197
0.198
0.194
0.203
0.206
0.203
0.206
0.220
0.210
0.221
0.222
0.224
0.220
0.216
0.231
0.224
0.228
0.218
0.232
0.235
0.233
0.240
0.231
0.240
0.247
0.230
0.244
0.239
0.251
0.245
0.238
0.250
0.246
0.249
0.253
0.261
0.246
0.252
0.257
0.265
0.263
0.265
0.257
0.260
0.266
0.252
0.255
0.260
0.271
0.264
0.256
0.265
0.260
0.255
0.256
0.265
0.252
0.265
0.265
0.257
0.249
0.258
0.256
0.249
0.253
0.248
0.212
0.193
0.221
0.244
0.251
0.243
0.241
0.240
0.245
0.243
0.241
0.231
0.245
0.239
0.235
0.223
0.239
0.229
0.233
0.225
0.220
0.228
0.230
0.222
0.234
0.212
0.216
0.200
0.207
0.203
0.199
0.200
0.199
0.193
0.191
0.201
0.173
0.186
0.186
0.181
0.181
0.179
0.171
0.164
0.167
0.161
0.164
0.168
0.167
0.159
0.154
0.152
0.154
0.149
0.141
0.146
0.149
0.136
0.138
0.135
0.131
0.124
0.124
0.120
0.122
0.121
0.113
0.113
0.109
0.112
0.097
0.100
0.099
0.093
0.082
0.083
0.077
0.068
0.061
0.054
0.094
0.094
0.094
0.099
0.100
0.097
0.100
0.105
0.109
0.105
0.114
0.123
0.112
0.118
0.121
0.117
0.123
0.118
0.124
0.136
0.136
0.131
0.134
0.135
0.137
0.142
0.148
0.139
0.132
0.137
0.141
0.143
0.146
0.140
0.143
0.146
0.151
0.150
0.161
0.156
0.159
0.159
0.166
0.165
0.172
0.169
0.176
0.182
0.180
0.177
0.187
0.192
0.191
0.201
0.186
0.200
0.208
0.212
0.205
0.207
0.213
0.210
0.221
0.223
0.234
0.217
0.228
0.223
0.229
0.235
0.237
0.226
0.240
0.237
0.241
0.241
0.237
0.251
0.242
0.236
0.243
0.242
0.260
0.262
0.255
0.246
0.257
0.263
0.249
0.257
0.248
0.258
0.267
0.257
0.262
0.272
0.259
0.265
0.260
0.265
0.266
0.268
0.263
0.257
0.278
0.272
0.276
0.264
0.269
0.270
0.266
0.265
0.260
0.264
0.257
0.262
0.257
0.263
0.266
0.261
0.246
0.235
0.223
0.246
0.239
0.258
0.257
0.245
0.248
0.252
0.247
0.246
0.246
0.249
0.248
0.249
0.241
0.237
0.246
0.226
0.230
0.226
0.238
0.229
0.231
0.223
0.219
0.209
0.210
0.206
0.203
0.210
0.210
0.200
0.199
0.207
0.184
0.187
0.192
0.184
0.185
0.182
0.176
0.182
0.176
0.170
0.179
0.175
0.174
0.170
0.172
0.160
0.159
0.149
0.160
0.151
0.157
0.142
0.152
0.145
0.136
0.135
0.129
0.130
0.128
0.115
0.116
0.118
0.118
0.111
0.108
0.104
0.102
0.097
0.094
0.093
0.081
0.079
0.070
0.069
0.058
0.089
0.093
0.090
0.103
0.104
0.106
0.112
0.104
0.111
0.117
0.120
0.112
0.125
0.123
0.130
0.129
0.127
0.126
0.132
0.135
0.134
0.148
0.142
0.139
0.145
0.147
0.149
0.152
0.150
0.147
0.150
0.147
0.148
0.140
0.151
0.158
0.156
0.153
0.153
0.157
0.165
0.169
0.163
0.172
0.173
0.174
0.179
0.190
0.179
0.190
0.191
0.200
0.195
0.207
0.194
0.207
0.202
0.212
0.210
0.210
0.221
0.220
0.228
0.232
0.222
0.237
0.229
0.227
0.228
0.239
0.235
0.249
0.247
0.247
0.245
0.246
0.249
0.240
0.257
0.252
0.255
0.239
0.259
0.260
0.253
0.253
0.248
0.247
0.259
0.266
0.260
0.257
0.254
0.260
0.264
0.273
0.267
0.276
0.278
0.273
0.275
0.268
0.271
0.275
0.273
0.277
0.262
0.271
0.267
0.271
0.272
0.272
0.264
0.280
0.273
0.265
0.270
0.268
0.269
0.262
0.263
0.249
0.254
0.263
0.258
0.258
0.250
0.265
0.259
0.257
0.249
0.252
0.250
0.246
0.254
0.242
0.240
0.228
0.231
0.240
0.236
0.232
0.232
0.229
0.225
0.227
0.227
0.216
0.221
0.220
0.213
0.217
0.212
0.211
0.208
0.199
0.192
0.192
0.184
0.187
0.186
0.178
0.180
0.176
0.175
0.171
0.175
0.169
0.172
0.171
0.164
0.165
0.155
0.152
0.151
0.156
0.149
0.149
0.149
0.138
0.139
0.135
0.128
0.128
0.129
0.121
0.127
0.121
0.120
0.115
0.113
0.111
0.103
0.102
0.099
0.093
0.086
0.087
0.079
0.075
0.067
0.102
0.102
0.102
0.100
0.106
0.113
0.108
0.106
0.113
0.111
0.117
0.118
0.118
0.129
0.124
0.125
0.134
0.137
0.138
0.137
0.144
0.133
0.144
0.147
0.143
0.146
0.148
0.146
0.154
0.147
0.147
0.149
0.161
0.151
0.154
0.154
0.150
0.150
0.152
0.163
0.161
0.160
0.170
0.178
0.173
0.188
0.184
0.184
0.188
0.188
0.185
0.196
0.197
0.213
0.199
0.202
0.211
0.213
0.223
0.219
0.214
0.231
0.231
0.224
0.217
0.233
0.233
0.231
0.236
0.248
0.242
0.234
0.244
0.254
0.247
0.248
0.247
0.252
0.266
0.256
0.249
0.259
0.259
0.266
0.251
0.265
0.264
0.256
0.271
0.267
0.259
0.266
0.264
0.268
0.269
0.275
0.271
0.266
0.291
0.268
0.267
0.273
0.277
0.273
0.276
0.274
0.268
0.273
0.277
0.282
0.276
0.281
0.274
0.276
0.278
0.276
0.275
0.273
0.272
0.282
0.262
0.274
0.262
0.261
0.271
0.258
0.265
0.267
0.264
0.265
0.271
0.261
0.253
0.242
0.247
0.253
0.259
0.256
0.257
0.248
0.232
0.242
0.242
0.246
0.237
0.230
0.234
0.220
0.223
0.230
0.222
0.218
0.220
0.218
0.215
0.208
0.203
0.199
0.196
0.198
0.189
0.183
0.187
0.185
0.182
0.180
0.164
0.173
0.173
0.177
0.165
0.167
0.169
0.161
0.168
0.160
0.157
0.158
0.147
0.147
0.148
0.134
0.138
0.131
0.139
0.128
0.132
0.125
0.121
0.115
0.113
0.104
0.110
0.108
0.100
0.097
0.094
0.088
0.086
0.078
0.068
0.094
0.098
0.099
0.107
0.107
0.112
0.104
0.101
0.098
0.102
0.115
0.122
0.126
0.131
0.134
0.139
0.134
0.145
0.142
0.137
0.151
0.146
0.148
0.146
0.148
0.161
0.152
0.156
0.151
0.152
0.161
0.161
0.159
0.160
0.166
0.166
0.169
0.161
0.158
0.171
0.170
0.180
0.174
0.176
0.182
0.180
0.187
0.186
0.191
0.194
0.198
0.202
0.203
0.207
0.211
0.215
0.210
0.218
0.232
0.221
0.222
0.226
0.234
0.228
0.235
0.238
0.231
0.239
0.249
0.256
0.247
0.244
0.249
0.259
0.250
0.258
0.255
0.264
0.257
0.263
0.262
0.264
0.265
0.263
0.262
0.259
0.264
0.267
0.267
0.263
0.269
0.271
0.276
0.271
0.268
0.281
0.274
0.275
0.282
0.288
0.280
0.283
0.281
0.277
0.284
0.276
0.292
0.279
0.288
0.269
0.281
0.280
0.281
0.271
0.271
0.275
0.291
0.276
0.264
0.300
0.258
0.276
0.270
0.277
0.282
0.264
0.266
0.265
0.269
0.271
0.263
0.262
0.264
0.261
0.252
0.256
0.248
0.260
0.261
0.259
0.253
0.245
0.246
0.239
0.237
0.243
0.224
0.236
0.232
0.232
0.231
0.216
0.214
0.209
0.208
0.206
0.202
0.206
0.202
0.200
0.204
0.185
0.195
0.191
0.183
0.166
0.126
0.145
0.174
0.169
0.172
0.163
0.165
0.165
0.166
0.153
0.165
0.160
0.151
0.148
0.153
0.142
0.141
0.137
0.135
0.133
0.132
0.123
0.119
0.122
0.116
0.119
0.101
0.104
0.108
0.100
0.098
0.096
0.092
0.089
0.075
0.099
0.099
0.099
0.101
0.106
0.111
0.093
0.087
0.081
0.101
0.117
0.128
0.126
0.120
0.137
0.137
0.150
0.147
0.146
0.144
0.148
0.157
0.159
0.154
0.168
0.160
0.164
0.158
0.160
0.163
0.172
0.163
0.170
0.165
0.160
0.155
0.165
0.172
0.171
0.171
0.170
0.171
0.171
0.181
0.194
0.195
0.204
0.195
0.202
0.203
0.205
0.203
0.212
0.218
0.210
0.217
0.220
0.229
0.230
0.234
0.229
0.249
0.239
0.236
0.240
0.246
0.237
0.251
0.256
0.247
0.248
0.255
0.248
0.256
0.259
0.264
0.259
0.263
0.263
0.264
0.262
0.268
0.274
0.269
0.277
0.273
0.276
0.274
0.271
0.278
0.291
0.274
0.281
0.267
0.283
0.280
0.288
0.293
0.274
0.270
0.285
0.290
0.288
0.290
0.298
0.283
0.276
0.294
0.283
0.285
0.285
0.273
0.300
0.286
0.283
0.283
0.297
0.289
0.294
0.288
0.285
0.282
0.282
0.280
0.279
0.277
0.270
0.266
0.279
0.280
0.265
0.269
0.270
0.267
0.269
0.267
0.261
0.256
0.253
0.250
0.265
0.249
0.250
0.246
0.241
0.238
0.241
0.245
0.227
0.235
0.244
0.225
0.221
0.216
0.230
0.206
0.209
0.213
0.202
0.202
0.202
0.197
0.198
0.188
0.174
0.135
0.114
0.141
0.186
0.167
0.173
0.171
0.168
0.166
0.172
0.158
0.155
0.157
0.152
0.153
0.143
0.154
0.139
0.137
0.142
0.141
0.137
0.130
0.126
0.118
0.118
0.117
0.116
0.107
0.112
0.104
0.101
0.096
0.093
0.085
0.080
0.097
0.096
0.104
0.108
0.113
0.114
0.108
0.083
0.077
0.092
0.118
0.131
0.134
0.140
0.136
0.149
0.145
0.145
0.151
0.150
0.149
0.155
0.165
0.158
0.169
0.164
0.167
0.161
0.162
0.165
0.158
0.163
0.163
0.166
0.183
0.175
0.178
0.179
0.175
0.171
0.182
0.174
0.183
0.193
0.194
0.199
0.199
0.197
0.200
0.206
0.204
0.217
0.210
0.225
0.220
0.226
0.228
0.223
0.232
0.234
0.233
0.238
0.243
0.241
0.240
0.247
0.253
0.254
0.256
0.255
0.260
0.271
0.260
0.255
0.276
0.261
0.266
0.266
0.275
0.272
0.272
0.266
0.266
0.261
0.274
0.277
0.287
0.282
0.286
0.275
0.283
0.285
0.284
0.279
0.293
0.296
0.282
0.283
0.285
0.288
0.287
0.295
0.290
0.297
0.293
0.305
0.290
0.272
0.293
0.288
0.302
0.292
0.291
0.295
0.289
0.289
0.302
0.288
0.287
0.291
0.293
0.293
0.294
0.297
0.291
0.284
0.280
0.272
0.278
0.286
0.272
0.272
0.281
0.270
0.264
0.280
0.263
0.267
0.268
0.252
0.267
0.267
0.261
0.250
0.251
0.245
0.244
0.249
0.237
0.235
0.247
0.241
0.233
0.231
0.222
0.227
0.209
0.205
0.215
0.212
0.201
0.204
0.196
0.183
0.173
0.155
0.129
0.169
0.183
0.179
0.179
0.179
0.175
0.178
0.176
0.172
0.163
0.164
0.164
0.156
0.157
0.150
0.149
0.143
0.145
0.141
0.139
0.136
0.135
0.124
0.123
0.119
0.117
0.112
0.110
0.109
0.106
0.101
0.103
0.094
0.093
0.111
0.111
0.111
0.113
0.105
0.124
0.115
0.100
0.092
0.109
0.124
0.125
0.140
0.139
0.143
0.149
0.142
0.142
0.151
0.160
0.145
0.158
0.164
0.169
0.157
0.165
0.176
0.168
0.171
0.166
0.174
0.166
0.167
0.175
0.181
0.171
0.179
0.172
0.178
0.176
0.180
0.195
0.186
0.198
0.196
0.197
0.193
0.200
0.209
0.213
0.207
0.214
0.213
0.219
0.217
0.225
0.245
0.227
0.233
0.233
0.243
0.242
0.258
0.244
0.248
0.250
0.262
0.252
0.262
0.262
0.263
0.268
0.263
0.270
0.268
0.264
0.276
0.278
0.274
0.265
0.273
0.285
0.282
0.274
0.280
0.275
0.281
0.296
0.279
0.289
0.282
0.287
0.289
0.302
0.297
0.293
0.299
0.314
0.308
0.303
0.307
0.307
0.294
0.300
0.295
0.295
0.304
0.297
0.307
0.302
0.300
0.297
0.310
0.299
0.309
0.292
0.293
0.293
0.291
0.300
0.296
0.281
0.294
0.296
0.298
0.294
0.303
0.286
0.291
0.290
0.285
0.276
0.280
0.289
0.270
0.272
0.279
0.268
0.272
0.272
0.262
0.260
0.267
0.258
0.251
0.258
0.259
0.245
0.245
0.243
0.248
0.234
0.225
0.240
0.229
0.220
0.223
0.214
0.217
0.212
0.216
0.201
0.208
0.203
0.180
0.169
0.168
0.186
0.186
0.183
0.186
0.188
0.171
0.182
0.165
0.170
0.169
0.170
0.152
0.172
0.162
0.158
0.156
0.146
0.156
0.144
0.132
0.133
0.132
0.124
0.133
0.130
0.118
0.117
0.115
0.121
0.107
0.108
0.099
0.097
0.092
0.106
0.106
0.109
0.108
0.115
0.117
0.123
0.123
0.118
0.120
0.133
0.144
0.137
0.144
0.146
0.153
0.160
0.156
0.151
0.164
0.169
0.163
0.157
0.170
0.167
0.170
0.170
0.172
0.186
0.186
0.185
0.180
0.177
0.184
0.182
0.182
0.190
0.182
0.192
0.194
0.197
0.190
0.196
0.194
0.205
0.196
0.208
0.218
0.215
0.214
0.220
0.215
0.228
0.226
0.221
0.225
0.227
0.242
0.243
0.247
0.256
0.255
0.245
0.262
0.258
0.260
0.255
0.276
0.272
0.272
0.280
0.274
0.270
0.283
0.274
0.277
0.287
0.291
0.290
0.288
0.286
0.287
0.280
0.288
0.286
0.302
0.294
0.295
0.286
0.293
0.303
0.293
0.302
0.306
0.306
0.293
0.312
0.305
0.313
0.292
0.315
0.307
0.295
0.309
0.300
0.301
0.305
0.299
0.287
0.306
0.297
0.307
0.313
0.309
0.298
0.307
0.303
0.302
0.294
0.295
0.304
0.297
0.309
0.296
0.305
0.301
0.290
0.299
0.296
0.287
0.285
0.286
0.281
0.283
0.273
0.283
0.272
0.267
0.216
0.269
0.277
0.264
0.261
0.267
0.265
0.270
0.268
0.253
0.254
0.253
0.240
0.247
0.253
0.245
0.232
0.234
0.235
0.228
0.221
0.224
0.207
0.214
0.217
0.198
0.185
0.187
0.184
0.193
0.192
0.199
0.189
0.189
0.188
0.176
0.161
0.185
0.174
0.144
0.170
0.168
0.165
0.155
0.154
0.149
0.150
0.149
0.153
0.137
0.146
0.141
0.132
0.125
0.121
0.117
0.118
0.127
0.112
0.117
0.105
0.103
0.095
0.115
0.115
0.115
0.119
0.123
0.124
0.125
0.129
0.135
0.129
0.135
0.141
0.145
0.146
0.153
0.155
0.158
0.159
0.164
0.167
0.164
0.168
0.173
0.177
0.176
0.176
0.184
0.182
0.184
0.191
0.187
0.183
0.186
0.199
0.197
0.184
0.193
0.191
0.197
0.195
0.190
0.200
0.211
0.201
0.209
0.204
0.209
0.216
0.214
0.220
0.222
0.236
0.231
0.231
0.239
0.249
0.248
0.251
0.260
0.250
0.253
0.263
0.257
0.261
0.269
0.252
0.266
0.269
0.281
0.277
0.271
0.275
0.277
0.288
0.296
0.282
0.275
0.285
0.287
0.292
0.294
0.298
0.292
0.301
0.296
0.301
0.296
0.296
0.301
0.308
0.304
0.306
0.304
0.306
0.304
0.305
0.307
0.313
0.313
0.306
0.323
0.314
0.310
0.314
0.312
0.312
0.312
0.318
0.330
0.312
0.316
0.320
0.320
0.318
0.314
0.308
0.292
0.314
0.305
0.253
0.293
0.307
0.287
0.306
0.307
0.306
0.303
0.307
0.299
0.294
0.292
0.286
0.295
0.283
0.278
0.277
0.282
0.253
0.269
0.274
0.274
0.274
0.275
0.283
0.269
0.269
0.254
0.261
0.254
0.256
0.252
0.254
0.244
0.245
0.250
0.235
0.230
0.233
0.239
0.229
0.223
0.218
0.206
0.220
0.211
0.201
0.185
0.201
0.199
0.196
0.192
0.196
0.176
0.147
0.151
0.181
0.166
0.160
0.180
0.171
0.169
0.169
0.160
0.154
0.161
0.158
0.148
0.152
0.149
0.138
0.139
0.135
0.127
0.125
0.119
0.118
0.115
0.118
0.104
0.103
0.097
0.111
0.115
0.113
0.124
0.121
0.133
0.130
0.129
0.137
0.137
0.143
0.136
0.152
0.153
0.155
0.155
0.162
0.161
0.168
0.164
0.177
0.169
0.178
0.177
0.178
0.179
0.180
0.184
0.195
0.187
0.188
0.195
0.188
0.202
0.206
0.197
0.201
0.205
0.203
0.199
0.211
0.192
0.210
0.204
0.207
0.213
0.211
0.218
0.219
0.232
0.226
0.220
0.190
0.203
0.243
0.229
0.244
0.252
0.247
0.263
0.267
0.270
0.266
0.267
0.274
0.286
0.274
0.281
0.280
0.286
0.276
0.290
0.285
0.295
0.289
0.283
0.287
0.289
0.292
0.293
0.295
0.304
0.310
0.292
0.305
0.299
0.314
0.306
0.305
0.306
0.318
0.313
0.307
0.320
0.304
0.310
0.314
0.331
0.328
0.317
0.330
0.320
0.318
0.318
0.322
0.328
0.324
0.325
0.315
0.319
0.327
0.317
0.325
0.317
0.312
0.322
0.310
0.278
0.304
0.216
0.290
0.305
0.307
0.315
0.307
0.306
0.315
0.303
0.307
0.307
0.309
0.288
0.305
0.298
0.292
0.292
0.277
0.275
0.272
0.272
0.289
0.279
0.272
0.279
0.267
0.263
0.275
0.264
0.265
0.246
0.253
0.248
0.244
0.253
0.247
0.237
0.248
0.243
0.226
0.222
0.221
0.221
0.228
0.219
0.205
0.207
0.206
0.207
0.196
0.195
0.185
0.182
0.161
0.146
0.179
0.179
0.176
0.171
0.172
0.169
0.162
0.170
0.158
0.167
0.154
0.162
0.148
0.148
0.146
0.142
0.136
0.130
0.134
0.130
0.126
0.120
0.121
0.117
0.108
0.110
0.103
0.119
0.119
0.119
0.123
0.130
0.143
0.131
0.136
0.133
0.140
0.146
0.150
0.159
0.150
0.157
0.165
0.171
0.166
0.178
0.172
0.174
0.172
0.179
0.186
0.178
0.195
0.181
0.184
0.191
0.203
0.200
0.204
0.205
0.207
0.200
0.204
0.206
0.209
0.207
0.208
0.211
0.218
0.211
0.215
0.215
0.208
0.220
0.227
0.221
0.228
0.237
0.185
0.159
0.155
0.237
0.243
0.246
0.258
0.263
0.254
0.267
0.280
0.274
0.276
0.274
0.275
0.277
0.278
0.281
0.297
0.289
0.292
0.295
0.291
0.306
0.305
0.296
0.296
0.298
0.303
0.309
0.310
0.301
0.310
0.295
0.316
0.307
0.309
0.312
0.322
0.307
0.334
0.311
0.318
0.320
0.320
0.313
0.308
0.328
0.323
0.330
0.343
0.331
0.326
0.340
0.332
0.319
0.332
0.329
0.325
0.325
0.315
0.309
0.319
0.335
0.321
0.276
0.315
0.315
0.265
0.299
0.292
0.320
0.309
0.304
0.311
0.298
0.309
0.310
0.320
0.307
0.297
0.285
0.312
0.290
0.299
0.295
0.282
0.286
0.284
0.282
0.285
0.283
0.271
0.267
0.274
0.276
0.272
0.257
0.260
0.259
0.248
0.258
0.244
0.261
0.233
0.246
0.240
0.234
0.227
0.229
0.229
0.220
0.222
0.205
0.212
0.212
0.199
0.203
0.202
0.201
0.178
0.166
0.175
0.188
0.175
0.177
0.184
0.173
0.174
0.170
0.166
0.164
0.160
0.158
0.168
0.155
0.158
0.152
0.144
0.144
0.145
0.130
0.139
0.124
0.122
0.124
0.115
0.114
0.106
0.111
0.110
0.119
0.118
0.123
0.128
0.128
0.136
0.132
0.145
0.143
0.145
0.154
0.153
0.160
0.155
0.170
0.166
0.174
0.169
0.169
0.177
0.179
0.177
0.196
0.187
0.180
0.194
0.197
0.192
0.206
0.195
0.209
0.201
0.199
0.198
0.210
0.215
0.209
0.216
0.214
0.214
0.217
0.205
0.221
0.217
0.229
0.218
0.227
0.228
0.227
0.232
0.206
0.150
0.142
0.226
0.247
0.256
0.256
0.265
0.263
0.268
0.267
0.271
0.281
0.281
0.293
0.284
0.284
0.294
0.289
0.295
0.290
0.290
0.300
0.294
0.300
0.308
0.300
0.308
0.301
0.306
0.316
0.320
0.314
0.309
0.316
0.311
0.311
0.311
0.316
0.326
0.319
0.308
0.318
0.333
0.328
0.330
0.321
0.329
0.333
0.314
0.335
0.335
0.325
0.322
0.325
0.348
0.335
0.347
0.333
0.346
0.327
0.325
0.329
0.333
0.313
0.311
0.321
0.322
0.303
0.312
0.325
0.318
0.316
0.323
0.317
0.324
0.312
0.310
0.310
0.312
0.299
0.298
0.316
0.293
0.305
0.288
0.300
0.306
0.296
0.291
0.294
0.289
0.282
0.281
0.281
0.270
0.274
0.277
0.270
0.267
0.267
0.267
0.255
0.249
0.256
0.244
0.235
0.248
0.235
0.235
0.239
0.223
0.223
0.224
0.217
0.209
0.203
0.206
0.203
0.197
0.189
0.178
0.187
0.193
0.194
0.184
0.187
0.182
0.184
0.176
0.170
0.180
0.165
0.160
0.154
0.165
0.157
0.151
0.152
0.144
0.138
0.132
0.143
0.134
0.131
0.123
0.121
0.117
0.110
0.099
0.120
0.120
0.120
0.121
0.136
0.138
0.143
0.143
0.139
0.141
0.151
0.159
0.162
0.160
0.151
0.168
0.170
0.177
0.180
0.175
0.175
0.181
0.185
0.186
0.192
0.197
0.195
0.206
0.202
0.198
0.200
0.206
0.211
0.214
0.210
0.205
0.219
0.218
0.218
0.217
0.211
0.216
0.221
0.227
0.228
0.220
0.223
0.222
0.231
0.247
0.237
0.231
0.189
0.198
0.237
0.251
0.260
0.262
0.269
0.279
0.280
0.268
0.274
0.269
0.284
0.283
0.287
0.292
0.287
0.283
0.297
0.306
0.298
0.304
0.306
0.312
0.320
0.309
0.313
0.320
0.324
0.310
0.326
0.328
0.307
0.316
0.325
0.325
0.320
0.313
0.324
0.339
0.314
0.314
0.322
0.325
0.335
0.328
0.331
0.333
0.335
0.340
0.344
0.334
0.336
0.343
0.343
0.343
0.342
0.334
0.336
0.333
0.336
0.340
0.334
0.324
0.321
0.317
0.321
0.335
0.319
0.329
0.332
0.320
0.336
0.328
0.328
0.337
0.310
0.318
0.327
0.316
0.310
0.311
0.301
0.308
0.298
0.309
0.304
0.303
0.304
0.286
0.296
0.286
0.289
0.285
0.272
0.279
0.278
0.274
0.261
0.272
0.260
0.277
0.267
0.256
0.259
0.250
0.252
0.239
0.237
0.237
0.227
0.224
0.230
0.217
0.217
0.213
0.205
0.202
0.210
0.206
0.195
0.205
0.195
0.195
0.194
0.191
0.185
0.184
0.184
0.173
0.167
0.169
0.170
0.166
0.161
0.160
0.155
0.159
0.147
0.146
0.148
0.143
0.137
0.132
0.132
0.120
0.118
0.119
0.113
0.113
0.122
0.121
0.127
0.132
0.138
0.147
0.149
0.146
0.152
0.152
0.156
0.156
0.159
0.165
0.167
0.172
0.174
0.173
0.174
0.186
0.182
0.184
0.192
0.198
0.192
0.191
0.198
0.204
0.206
0.211
0.210
0.210
0.204
0.218
0.216
0.222
0.210
0.230
0.229
0.228
0.221
0.236
0.226
0.229
0.222
0.244
0.229
0.235
0.242
0.243
0.234
0.233
0.228
0.243
0.255
0.262
0.267
0.269
0.281
0.266
0.290
0.278
0.284
0.284
0.287
0.295
0.294
0.297
0.299
0.301
0.311
0.304
0.311
0.311
0.302
0.317
0.308
0.315
0.303
0.314
0.330
0.324
0.334
0.326
0.336
0.319
0.338
0.329
0.331
0.342
0.332
0.330
0.337
0.348
0.345
0.330
0.338
0.340
0.344
0.340
0.350
0.348
0.351
0.345
0.356
0.345
0.358
0.343
0.349
0.343
0.357
0.343
0.348
0.345
0.337
0.345
0.333
0.343
0.343
0.343
0.333
0.323
0.326
0.337
0.330
0.325
0.332
0.329
0.339
0.332
0.314
0.317
0.325
0.317
0.314
0.312
0.314
0.309
0.300
0.308
0.291
0.293
0.297
0.285
0.286
0.291
0.282
0.280
0.293
0.269
0.283
0.266
0.261
0.257
0.277
0.266
0.255
0.265
0.243
0.244
0.251
0.238
0.239
0.234
0.230
0.225
0.229
0.225
0.209
0.220
0.221
0.209
0.219
0.198
0.214
0.197
0.202
0.196
0.198
0.192
0.192
0.179
0.176
0.179
0.175
0.167
0.162
0.164
0.155
0.157
0.148
0.152
0.142
0.141
0.139
0.134
0.131
0.122
0.129
0.117
0.133
0.133
0.133
0.131
0.133
0.137
0.142
0.156
0.147
0.154
0.158
0.162
0.171
0.175
0.170
0.184
0.173
0.183
0.182
0.186
0.188
0.200
0.196
0.208
0.207
0.208
0.206
0.212
0.211
0.223
0.217
0.224
0.224
0.227
0.221
0.236
0.238
0.246
0.233
0.240
0.237
0.244
0.246
0.242
0.246
0.251
0.241
0.245
0.243
0.245
0.255
0.262
0.258
0.246
0.259
0.281
0.269
0.282
0.277
0.295
0.281
0.300
0.293
0.295
0.252
0.248
0.300
0.309
0.317
0.315
0.317
0.315
0.325
0.330
0.310
0.333
0.319
0.337
0.337
0.337
0.347
0.336
0.360
0.335
0.336
0.336
0.343
0.353
0.351
0.354
0.353
0.358
0.349
0.353
0.356
0.349
0.354
0.362
0.361
0.358
0.359
0.353
0.357
0.357
0.367
0.356
0.361
0.369
0.367
0.368
0.346
0.358
0.362
0.362
0.359
0.358
0.356
0.344
0.356
0.338
0.342
0.353
0.337
0.341
0.344
0.349
0.338
0.352
0.333
0.339
0.353
0.342
0.337
0.335
0.329
0.321
0.324
0.320
0.325
0.305
0.312
0.308
0.303
0.310
0.305
0.306
0.287
0.293
0.295
0.299
0.293
0.294
0.281
0.282
0.288
0.282
0.262
0.255
0.258
0.257
0.258
0.241
0.234
0.243
0.243
0.238
0.233
0.231
0.233
0.218
0.222
0.225
0.213
0.213
0.210
0.203
0.210
0.197
0.205
0.189
0.195
0.194
0.193
0.186
0.181
0.171
0.177
0.161
0.171
0.160
0.158
0.159
0.154
0.141
0.149
0.138
0.133
0.126
0.122
0.129
0.123
0.122
0.126
0.132
0.137
0.130
0.145
0.142
0.148
0.150
0.150
0.165
0.156
0.170
0.170
0.169
0.176
0.176
0.190
0.181
0.189
0.183
0.192
0.187
0.200
0.205
0.203
0.203
0.214
0.218
0.213
0.218
0.216
0.219
0.228
0.226
0.223
0.234
0.230
0.236
0.237
0.248
0.249
0.238
0.247
0.245
0.242
0.241
0.245
0.242
0.240
0.255
0.256
0.257
0.262
0.268
0.275
0.267
0.282
0.283
0.287
0.290
0.291
0.289
0.296
0.327
0.231
0.297
0.314
0.312
0.332
0.307
0.328
0.314
0.320
0.322
0.318
0.332
0.329
0.327
0.335
0.336
0.342
0.338
0.337
0.351
0.347
0.345
0.335
0.341
0.343
0.352
0.343
0.353
0.356
0.361
0.352
0.331
0.333
0.351
0.363
0.358
0.366
0.373
0.364
0.360
0.377
0.363
0.368
0.366
0.371
0.365
0.369
0.370
0.367
0.349
0.362
0.346
0.364
0.359
0.345
0.349
0.347
0.342
0.351
0.334
0.360
0.352
0.334
0.356
0.341
0.326
0.326
0.328
0.336
0.327
0.332
0.323
0.319
0.320
0.318
0.314
0.321
0.307
0.304
0.298
0.290
0.292
0.287
0.296
0.287
0.285
0.284
0.270
0.273
0.287
0.269
0.272
0.260
0.261
0.270
0.257
0.243
0.259
0.249
0.236
0.236
0.232
0.225
0.225
0.227
0.211
0.213
0.223
0.216
0.215
0.221
0.209
0.210
0.207
0.203
0.195
0.188
0.194
0.192
0.186
0.177
0.191
0.171
0.173
0.168
0.167
0.161
0.156
0.161
0.145
0.148
0.141
0.131
0.131
0.123
0.122
0.133
0.133
0.133
0.143
0.141
0.146
0.148
0.153
0.162
0.156
0.163
0.165
0.166
0.180
0.173
0.180
0.184
0.182
0.202
0.192
0.195
0.197
0.194
0.204
0.220
0.215
0.223
0.222
0.216
0.225
0.235
0.241
0.230
0.240
0.235
0.250
0.242
0.242
0.243
0.254
0.248
0.254
0.261
0.254
0.263
0.262
0.255
0.257
0.257
0.271
0.273
0.268
0.276
0.267
0.275
0.284
0.289
0.292
0.296
0.294
0.295
0.303
0.314
0.302
0.326
0.275
0.309
0.304
0.315
0.328
0.323
0.320
0.327
0.332
0.338
0.337
0.338
0.339
0.358
0.333
0.347
0.338
0.341
0.356
0.347
0.352
0.366
0.352
0.355
0.358
0.365
0.353
0.369
0.371
0.359
0.376
0.275
0.228
0.285
0.373
0.381
0.365
0.370
0.374
0.381
0.373
0.375
0.372
0.380
0.381
0.379
0.376
0.381
0.363
0.364
0.368
0.362
0.359
0.351
0.367
0.365
0.355
0.350
0.362
0.370
0.346
0.361
0.346
0.347
0.348
0.354
0.347
0.346
0.352
0.329
0.334
0.340
0.338
0.336
0.324
0.314
0.316
0.308
0.310
0.313
0.308
0.310
0.316
0.299
0.304
0.287
0.296
0.288
0.286
0.282
0.276
0.279
0.276
0.259
0.262
0.257
0.256
0.267
0.241
0.246
0.251
0.233
0.232
0.243
0.221
0.225
0.220
0.222
0.220
0.219
0.209
0.210
0.221
0.215
0.213
0.190
0.198
0.201
0.196
0.193
0.173
0.185
0.179
0.188
0.170
0.167
0.163
0.163
0.148
0.148
0.139
0.147
0.136
0.131
0.127
0.123
0.130
0.131
0.136
0.134
0.138
0.155
0.152
0.149
0.165
0.167
0.163
0.167
0.174
0.174
0.179
0.183
0.180
0.187
0.191
0.184
0.205
0.210
0.199
0.218
0.212
0.218
0.224
0.226
0.228
0.234
0.231
0.244
0.231
0.232
0.244
0.259
0.250
0.254
0.260
0.256
0.257
0.260
0.259
0.269
0.262
0.264
0.270
0.269
0.282
0.271
0.266
0.272
0.281
0.287
0.296
0.298
0.296
0.296
0.303
0.313
0.306
0.313
0.307
0.311
0.324
0.308
0.325
0.327
0.324
0.330
0.334
0.332
0.340
0.352
0.345
0.358
0.343
0.344
0.344
0.357
0.346
0.347
0.349
0.345
0.370
0.365
0.362
0.367
0.358
0.362
0.374
0.373
0.366
0.375
0.379
0.363
0.246
0.206
0.234
0.356
0.375
0.376
0.364
0.384
0.366
0.400
0.378
0.382
0.389
0.378
0.390
0.376
0.375
0.388
0.371
0.389
0.374
0.373
0.360
0.372
0.356
0.369
0.371
0.389
0.356
0.369
0.355
0.353
0.362
0.361
0.368
0.360
0.354
0.353
0.347
0.342
0.352
0.340
0.324
0.336
0.334
0.321
0.321
0.319
0.320
0.324
0.311
0.324
0.302
0.309
0.309
0.305
0.305
0.296
0.300
0.291
0.292
0.280
0.289
0.273
0.280
0.276
0.269
0.264
0.261
0.258
0.252
0.252
0.248
0.201
0.245
0.231
0.227
0.230
0.230
0.222
0.219
0.222
0.214
0.218
0.208
0.200
0.201
0.193
0.183
0.192
0.191
0.190
0.176
0.172
0.186
0.166
0.162
0.164
0.169
0.150
0.147
0.147
0.136
0.138
0.130
0.137
0.137
0.137
0.143
0.146
0.154
0.156
0.159
0.162
0.162
0.172
0.167
0.185
0.172
0.183
0.192
0.187
0.191
0.186
0.200
0.207
0.207
0.204
0.210
0.220
0.221
0.230
0.230
0.234
0.222
0.234
0.238
0.247
0.239
0.247
0.259
0.249
0.263
0.265
0.255
0.267
0.264
0.278
0.264
0.277
0.272
0.277
0.276
0.266
0.280
0.276
0.263
0.276
0.283
0.291
0.296
0.296
0.308
0.309
0.325
0.318
0.311
0.318
0.339
0.319
0.329
0.323
0.334
0.340
0.331
0.342
0.351
0.347
0.345
0.342
0.346
0.342
0.354
0.354
0.371
0.365
0.364
0.359
0.356
0.361
0.360
0.372
0.373
0.369
0.353
0.369
0.379
0.378
0.378
0.366
0.369
0.296
0.234
0.285
0.372
0.383
0.374
0.380
0.376
0.387
0.383
0.393
0.392
0.393
0.393
0.394
0.398
0.393
0.386
0.386
0.373
0.394
0.378
0.388
0.380
0.371
0.380
0.369
0.365
0.361
0.369
0.367
0.362
0.374
0.371
0.375
0.362
0.351
0.348
0.351
0.353
0.341
0.345
0.340
0.345
0.335
0.329
0.345
0.322
0.330
0.323
0.310
0.309
0.318
0.296
0.305
0.310
0.302
0.292
0.303
0.290
0.293
0.301
0.292
0.287
0.280
0.275
0.261
0.269
0.257
0.246
0.247
0.244
0.228
0.166
0.256
0.232
0.233
0.235
0.226
0.220
0.229
0.218
0.213
0.206
0.210
0.199
0.204
0.202
0.199
0.200
0.189
0.193
0.185
0.184
0.175
0.175
0.170
0.171
0.162
0.158
0.154
0.150
0.145
0.146
0.138
0.136
0.132
0.146
0.141
0.155
0.156
0.149
0.160
0.166
0.169
0.172
0.171
0.176
0.181
0.180
0.190
0.194
0.184
0.186
0.211
0.211
0.214
0.215
0.212
0.224
0.220
0.240
0.227
0.244
0.234
0.248
0.247
0.244
0.252
0.252
0.256
0.260
0.266
0.268
0.268
0.263
0.283
0.275
0.270
0.287
0.268
0.281
0.287
0.296
0.282
0.279
0.288
0.287
0.286
0.292
0.293
0.304
0.304
0.305
0.305
0.309
0.324
0.327
0.322
0.316
0.324
0.338
0.344
0.336
0.351
0.346
0.336
0.361
0.351
0.361
0.356
0.363
0.354
0.358
0.359
0.372
0.361
0.373
0.363
0.370
0.365
0.380
0.374
0.386
0.397
0.380
0.374
0.379
0.389
0.381
0.380
0.356
0.236
0.350
0.365
0.390
0.394
0.384
0.391
0.382
0.410
0.395
0.385
0.382
0.390
0.376
0.386
0.387
0.394
0.385
0.376
0.386
0.385
0.383
0.383
0.378
0.360
0.374
0.377
0.366
0.358
0.373
0.363
0.373
0.364
0.366
0.358
0.347
0.351
0.354
0.349
0.350
0.338
0.340
0.331
0.326
0.329
0.332
0.327
0.322
0.323
0.320
0.314
0.312
0.308
0.295
0.295
0.292
0.295
0.286
0.293
0.287
0.293
0.285
0.273
0.279
0.268
0.271
0.273
0.253
0.258
0.253
0.252
0.220
0.215
0.232
0.240
0.226
0.228
0.225
0.226
0.222
0.219
0.218
0.214
0.221
0.220
0.203
0.202
0.196
0.191
0.187
0.181
0.185
0.171
0.183
0.171
0.174
0.165
0.164
0.156
0.155
0.153
0.147
0.140
0.137
0.137
0.137
0.137
0.142
0.153
0.148
0.150
0.166
0.161
0.166
0.170
0.179
0.177
0.180
0.192
0.193
0.187
0.197
0.189
0.192
0.205
0.214
0.203
0.215
0.213
0.233
0.220
0.245
0.240
0.240
0.252
0.246
0.255
0.253
0.259
0.257
0.262
0.263
0.270
0.271
0.271
0.279
0.277
0.279
0.278
0.285
0.291
0.291
0.295
0.296
0.288
0.292
0.292
0.288
0.301
0.308
0.309
0.313
0.321
0.317
0.318
0.319
0.324
0.324
0.339
0.333
0.331
0.341
0.343
0.351
0.353
0.356
0.357
0.367
0.361
0.350
0.359
0.375
0.368
0.376
0.366
0.384
0.378
0.382
0.382
0.388
0.374
0.391
0.385
0.375
0.390
0.391
0.391
0.390
0.389
0.382
0.380
0.339
0.390
0.387
0.402
0.400
0.405
0.403
0.397
0.405
0.403
0.415
0.418
0.399
0.398
0.395
0.393
0.410
0.406
0.393
0.397
0.393
0.386
0.384
0.377
0.384
0.382
0.400
0.391
0.384
0.378
0.381
0.164
0.359
0.364
0.366
0.374
0.360
0.368
0.361
0.347
0.339
0.356
0.331
0.346
0.344
0.343
0.327
0.346
0.341
0.330
0.324
0.317
0.331
0.322
0.314
0.316
0.304
0.298
0.301
0.298
0.294
0.294
0.294
0.286
0.279
0.280
0.269
0.272
0.266
0.260
0.242
0.238
0.248
0.241
0.241
0.237
0.235
0.239
0.232
0.228
0.229
0.225
0.224
0.225
0.217
0.210
0.201
0.207
0.193
0.200
0.202
0.196
0.184
0.182
0.171
0.172
0.168
0.167
0.158
0.154
0.151
0.153
0.139
0.137
0.136
0.131
0.140
0.137
0.145
0.153
0.160
0.165
0.160
0.170
0.167
0.173
0.178
0.178
0.181
0.194
0.185
0.201
0.201
0.204
0.205
0.207
0.214
0.220
0.222
0.227
0.223
0.227
0.231
0.241
0.252
0.248
0.246
0.247
0.257
0.256
0.260
0.274
0.272
0.267
0.279
0.279
0.281
0.273
0.284
0.285
0.295
0.296
0.292
0.289
0.294
0.288
0.298
0.298
0.309
0.297
0.310
0.303
0.316
0.324
0.324
0.321
0.331
0.325
0.327
0.349
0.342
0.335
0.347
0.347
0.348
0.357
0.353
0.363
0.366
0.359
0.383
0.361
0.375
0.368
0.376
0.373
0.369
0.378
0.376
0.371
0.380
0.374
0.381
0.389
0.392
0.398
0.390
0.392
0.381
0.392
0.387
0.377
0.380
0.389
0.385
0.396
0.402
0.393
0.389
0.385
0.400
0.394
0.402
0.398
0.391
0.403
0.397
0.407
0.392
0.398
0.390
0.381
0.392
0.390
0.395
0.386
0.390
0.381
0.400
0.374
0.383
0.360
0.279
0.371
0.368
0.363
0.370
0.361
0.375
0.355
0.352
0.352
0.349
0.354
0.344
0.330
0.337
0.344
0.341
0.336
0.338
0.320
0.323
0.323
0.321
0.319
0.327
0.303
0.299
0.314
0.297
0.301
0.294
0.284
0.285
0.282
0.280
0.268
0.272
0.275
0.254
0.250
0.258
0.239
0.245
0.236
0.240
0.237
0.236
0.227
0.227
0.227
0.216
0.220
0.210
0.214
0.203
0.200
0.201
0.198
0.206
0.194
0.191
0.193
0.186
0.181
0.175
0.169
0.167
0.170
0.153
0.155
0.155
0.148
0.144
0.139
0.139
0.139
0.143
0.145
0.155
0.163
0.156
0.158
0.176
0.175
0.177
0.180
0.182
0.190
0.201
0.201
0.199
0.198
0.205
0.202
0.205
0.221
0.227
0.223
0.230
0.230
0.243
0.246
0.245
0.254
0.258
0.261
0.265
0.262
0.266
0.269
0.273
0.275
0.276
0.297
0.289
0.298
0.291
0.295
0.297
0.304
0.294
0.299
0.304
0.308
0.314
0.303
0.314
0.316
0.307
0.320
0.314
0.318
0.315
0.329
0.330
0.326
0.330
0.333
0.342
0.361
0.348
0.357
0.362
0.354
0.360
0.358
0.368
0.376
0.372
0.382
0.361
0.376
0.384
0.390
0.386
0.382
0.390
0.373
0.381
0.397
0.384
0.397
0.395
0.398
0.397
0.407
0.399
0.390
0.407
0.400
0.394
0.408
0.388
0.407
0.396
0.395
0.404
0.399
0.410
0.411
0.407
0.407
0.411
0.410
0.406
0.398
0.401
0.406
0.398
0.403
0.413
0.386
0.404
0.396
0.395
0.389
0.386
0.407
0.393
0.383
0.367
0.361
0.377
0.372
0.374
0.364
0.379
0.369
0.377
0.359
0.361
0.359
0.375
0.298
0.271
0.273
0.336
0.335
0.349
0.342
0.320
0.332
0.323
0.320
0.320
0.321
0.323
0.304
0.311
0.305
0.291
0.298
0.298
0.286
0.297
0.290
0.289
0.284
0.279
0.262
0.268
0.265
0.256
0.256
0.251
0.248
0.252
0.242
0.237
0.237
0.233
0.224
0.223
0.214
0.216
0.215
0.211
0.199
0.198
0.211
0.206
0.192
0.188
0.188
0.195
0.175
0.172
0.161
0.173
0.160
0.161
0.154
0.147
0.150
0.138
0.140
0.149
0.143
0.149
0.166
0.161
0.166
0.166
0.172
0.176
0.179
0.179
0.187
0.197
0.197
0.196
0.203
0.209
0.206
0.210
0.216
0.219
0.226
0.227
0.232
0.239
0.236
0.249
0.249
0.251
0.261
0.261
0.275
0.277
0.268
0.278
0.279
0.281
0.284
0.292
0.295
0.303
0.299
0.314
0.305
0.299
0.298
0.309
0.311
0.315
0.321
0.313
0.319
0.311
0.320
0.327
0.329
0.330
0.336
0.322
0.344
0.344
0.346
0.350
0.362
0.353
0.357
0.358
0.355
0.360
0.375
0.360
0.378
0.374
0.379
0.388
0.392
0.386
0.399
0.392
0.407
0.410
0.400
0.410
0.401
0.414
0.408
0.393
0.408
0.424
0.415
0.406
0.419
0.408
0.413
0.411
0.408
0.426
0.416
0.415
0.415
0.402
0.428
0.422
0.413
0.408
0.418
0.411
0.435
0.417
0.421
0.413
0.412
0.429
0.415
0.412
0.410
0.402
0.415
0.406
0.415
0.416
0.417
0.407
0.409
0.409
0.377
0.377
0.382
0.395
0.371
0.388
0.376
0.391
0.388
0.373
0.360
0.356
0.361
0.292
0.208
0.234
0.348
0.353
0.344
0.336
0.341
0.338
0.341
0.339
0.337
0.328
0.320
0.323
0.331
0.315
0.307
0.313
0.300
0.291
0.311
0.295
0.293
0.283
0.283
0.273
0.285
0.272
0.260
0.266
0.269
0.257
0.250
0.249
0.242
0.246
0.231
0.234
0.224
0.241
0.233
0.213
0.218
0.212
0.210
0.212
0.211
0.198
0.197
0.191
0.192
0.189
0.173
0.169
0.167
0.177
0.160
0.171
0.151
0.158
0.145
0.145
0.145
0.148
0.154
0.148
0.163
0.168
0.164
0.170
0.175
0.177
0.180
0.189
0.191
0.194
0.207
0.202
0.207
0.205
0.206
0.220
0.225
0.234
0.232
0.244
0.239
0.242
0.252
0.247
0.252
0.259
0.269
0.271
0.283
0.267
0.285
0.288
0.282
0.294
0.286
0.293
0.295
0.296
0.303
0.302
0.306
0.317
0.308
0.319
0.309
0.322
0.316
0.331
0.320
0.328
0.321
0.328
0.332
0.338
0.332
0.348
0.336
0.334
0.344
0.342
0.344
0.361
0.358
0.364
0.371
0.387
0.377
0.371
0.382
0.373
0.377
0.383
0.401
0.399
0.396
0.402
0.397
0.401
0.407
0.404
0.407
0.412
0.396
0.405
0.418
0.416
0.426
0.412
0.416
0.426
0.424
0.417
0.413
0.445
0.411
0.420
0.426
0.428
0.426
0.424
0.424
0.424
0.421
0.420
0.439
0.412
0.408
0.427
0.427
0.426
0.418
0.436
0.418
0.424
0.428
0.422
0.426
0.414
0.412
0.409
0.393
0.401
0.396
0.392
0.393
0.375
0.383
0.394
0.384
0.376
0.389
0.382
0.365
0.371
0.280
0.211
0.226
0.364
0.368
0.371
0.339
0.340
0.349
0.336
0.337
0.348
0.323
0.324
0.318
0.318
0.331
0.321
0.312
0.306
0.311
0.304
0.299
0.306
0.291
0.278
0.295
0.280
0.275
0.258
0.259
0.261
0.260
0.262
0.250
0.249
0.243
0.235
0.236
0.235
0.228
0.233
0.228
0.210
0.211
0.212
0.217
0.202
0.207
0.201
0.193
0.187
0.186
0.182
0.179
0.169
0.176
0.165
0.165
0.161
0.149
0.138
0.142
0.140
0.151
0.148
0.162
0.162
0.169
0.174
0.177
0.177
0.190
0.190
0.187
0.192
0.196
0.203
0.216
0.209
0.213
0.219
0.225
0.229
0.223
0.225
0.239
0.240
0.247
0.255
0.254
0.260
0.254
0.266
0.267
0.274
0.273
0.286
0.292
0.302
0.298
0.296
0.312
0.302
0.322
0.318
0.311
0.318
0.324
0.332
0.322
0.333
0.332
0.335
0.321
0.332
0.329
0.341
0.345
0.338
0.342
0.363
0.354
0.361
0.371
0.372
0.365
0.377
0.385
0.383
0.391
0.383
0.389
0.392
0.393
0.394
0.399
0.394
0.394
0.405
0.412
0.422
0.416
0.406
0.414
0.421
0.422
0.428
0.424
0.410
0.424
0.419
0.437
0.436
0.433
0.425
0.440
0.435
0.439
0.438
0.438
0.421
0.431
0.427
0.435
0.430
0.431
0.436
0.442
0.435
0.448
0.432
0.441
0.441
0.436
0.432
0.442
0.435
0.432
0.434
0.425
0.417
0.432
0.424
0.425
0.406
0.411
0.409
0.411
0.414
0.409
0.419
0.402
0.396
0.391
0.395
0.392
0.406
0.395
0.379
0.368
0.335
0.304
0.316
0.362
0.359
0.363
0.354
0.360
0.358
0.353
0.341
0.331
0.346
0.327
0.335
0.324
0.321
0.327
0.316
0.327
0.319
0.309
0.294
0.299
0.307
0.287
0.302
0.280
0.281
0.279
0.275
0.265
0.253
0.258
0.244
0.247
0.250
0.242
0.244
0.236
0.232
0.229
0.231
0.231
0.230
0.224
0.223
0.209
0.212
0.207
0.198
0.202
0.189
0.189
0.190
0.171
0.178
0.166
0.165
0.165
0.158
0.152
0.152
0.152
0.156
0.157
0.162
0.168
0.171
0.180
0.179
0.186
0.185
0.191
0.189
0.194
0.209
0.205
0.207
0.208
0.221
0.218
0.237
0.223
0.228
0.224
0.242
0.244
0.260
0.252
0.248
0.268
0.269
0.273
0.274
0.275
0.292
0.289
0.294
0.293
0.299
0.297
0.306
0.319
0.302
0.318
0.319
0.323
0.338
0.337
0.329
0.331
0.329
0.336
0.344
0.340
0.338
0.356
0.357
0.345
0.348
0.348
0.365
0.356
0.355
0.367
0.365
0.371
0.387
0.400
0.377
0.395
0.388
0.388
0.396
0.396
0.400
0.409
0.421
0.405
0.403
0.415
0.414
0.413
0.399
0.421
0.420
0.419
0.415
0.431
0.429
0.432
0.431
0.420
0.430
0.433
0.439
0.421
0.432
0.435
0.433
0.438
0.426
0.436
0.441
0.422
0.442
0.429
0.417
0.426
0.429
0.437
0.440
0.431
0.428
0.450
0.441
0.428
0.432
0.432
0.441
0.437
0.432
0.425
0.430
0.421
0.416
0.420
0.430
0.408
0.412
0.403
0.414
0.400
0.402
0.408
0.408
0.394
0.396
0.382
0.366
0.360
0.353
0.358
0.362
0.365
0.370
0.356
0.355
0.359
0.355
0.348
0.350
0.354
0.331
0.336
0.328
0.341
0.320
0.320
0.307
0.304
0.307
0.316
0.308
0.306
0.292
0.297
0.278
0.288
0.290
0.275
0.272
0.271
0.260
0.254
0.249
0.258
0.248
0.238
0.244
0.233
0.241
0.241
0.220
0.226
0.231
0.223
0.219
0.207
0.210
0.211
0.204
0.193
0.185
0.187
0.184
0.190
0.173
0.174
0.171
0.159
0.146
0.152
0.148
0.148
0.159
0.159
0.161
0.168
0.175
0.179
0.185
0.196
0.194
0.200
0.197
0.202
0.200
0.208
0.214
0.219
0.224
0.227
0.235
0.242
0.235
0.247
0.241
0.245
0.256
0.262
0.263
0.275
0.276
0.265
0.274
0.287
0.293
0.296
0.313
0.311
0.309
0.313
0.322
0.322
0.315
0.340
0.334
0.334
0.334
0.332
0.342
0.337
0.352
0.362
0.354
0.353
0.359
0.354
0.361
0.357
0.359
0.375
0.381
0.380
0.365
0.376
0.374
0.401
0.391
0.379
0.402
0.391
0.387
0.404
0.403
0.409
0.403
0.419
0.422
0.419
0.421
0.419
0.423
0.445
0.426
0.441
0.427
0.444
0.434
0.447
0.436
0.430
0.432
0.441
0.449
0.437
0.440
0.440
0.440
0.447
0.451
0.459
0.452
0.446
0.444
0.444
0.458
0.447
0.456
0.443
0.447
0.443
0.451
0.451
0.457
0.446
0.439
0.453
0.449
0.442
0.444
0.439
0.432
0.435
0.449
0.429
0.428
0.427
0.432
0.415
0.434
0.417
0.405
0.412
0.418
0.401
0.405
0.411
0.408
0.396
0.377
0.372
0.387
0.387
0.388
0.374
0.375
0.385
0.378
0.354
0.363
0.351
0.340
0.354
0.352
0.349
0.345
0.338
0.341
0.333
0.340
0.328
0.320
0.325
0.306
0.312
0.306
0.300
0.296
0.285
0.282
0.288
0.275
0.275
0.264
0.267
0.258
0.256
0.249
0.239
0.238
0.245
0.240
0.236
0.228
0.231
0.227
0.231
0.208
0.220
0.208
0.205
0.203
0.211
0.197
0.184
0.173
0.184
0.168
0.179
0.171
0.140
0.140
0.140
0.145
0.154
0.168
0.170
0.171
0.176
0.176
0.179
0.193
0.193
0.192
0.198
0.203
0.207
0.202
0.221
0.215
0.224
0.234
0.232
0.234
0.237
0.253
0.235
0.241
0.253
0.257
0.259
0.284
0.284
0.279
0.291
0.298
0.293
0.304
0.310
0.301
0.320
0.319
0.313
0.309
0.322
0.321
0.340
0.341
0.334
0.346
0.328
0.340
0.341
0.348
0.357
0.359
0.354
0.365
0.364
0.355
0.368
0.356
0.380
0.365
0.388
0.377
0.378
0.376
0.392
0.385
0.410
0.411
0.416
0.406
0.416
0.427
0.413
0.433
0.419
0.409
0.421
0.429
0.434
0.422
0.436
0.444
0.436
0.439
0.432
0.448
0.443
0.434
0.465
0.457
0.454
0.449
0.457
0.453
0.460
0.446
0.456
0.442
0.446
0.456
0.442
0.459
0.449
0.453
0.452
0.455
0.456
0.454
0.461
0.453
0.436
0.451
0.467
0.468
0.467
0.459
0.458
0.461
0.448
0.449
0.441
0.442
0.424
0.439
0.421
0.432
0.431
0.414
0.424
0.422
0.432
0.415
0.412
0.412
0.397
0.401
0.383
0.392
0.391
0.387
0.384
0.380
0.370
0.382
0.377
0.376
0.375
0.360
0.364
0.355
0.353
0.342
0.352
0.355
0.344
0.319
0.328
0.317
0.324
0.318
0.317
0.316
0.311
0.302
0.305
0.299
0.293
0.279
0.277
0.279
0.274
0.262
0.264
0.255
0.260
0.252
0.243
0.253
0.235
0.239
0.212
0.203
0.207
0.225
0.215
0.214
0.213
0.205
0.204
0.201
0.205
0.190
0.187
0.180
0.178
0.169
0.172
0.143
0.134
0.148
0.152
0.151
0.155
0.160
0.167
0.174
0.177
0.187
0.185
0.192
0.191
0.186
0.193
0.210
0.210
0.216
0.206
0.232
0.222
0.238
0.241
0.241
0.233
0.221
0.186
0.225
0.247
0.262
0.276
0.200
0.270
0.280
0.288
0.298
0.306
0.300
0.316
0.312
0.316
0.320
0.320
0.341
0.332
0.335
0.332
0.338
0.338
0.352
0.351
0.347
0.351
0.360
0.369
0.366
0.372
0.369
0.362
0.373
0.378
0.380
0.384
0.386
0.388
0.388
0.372
0.393
0.406
0.417
0.417
0.415
0.421
0.391
0.420
0.420
0.413
0.428
0.427
0.439
0.426
0.428
0.433
0.433
0.430
0.456
0.447
0.432
0.457
0.451
0.445
0.450
0.443
0.461
0.470
0.447
0.455
0.462
0.468
0.461
0.458
0.477
0.473
0.462
0.472
0.448
0.454
0.466
0.448
0.452
0.462
0.462
0.477
0.489
0.465
0.472
0.466
0.457
0.452
0.450
0.462
0.465
0.450
0.468
0.444
0.460
0.447
0.436
0.441
0.415
0.429
0.427
0.434
0.422
0.423
0.420
0.412
0.411
0.411
0.396
0.406
0.395
0.394
0.389
0.393
0.389
0.379
0.389
0.370
0.378
0.374
0.377
0.353
0.362
0.354
0.356
0.338
0.363
0.342
0.346
0.339
0.335
0.336
0.314
0.314
0.319
0.318
0.314
0.294
0.301
0.289
0.287
0.281
0.284
0.273
0.264
0.263
0.263
0.203
0.256
0.260
0.244
0.238
0.178
0.151
0.177
0.227
0.226
0.213
0.212
0.206
0.219
0.204
0.200
0.196
0.194
0.181
0.194
0.185
0.174
0.146
0.146
0.146
0.154
0.150
0.158
0.168
0.167
0.183
0.166
0.176
0.180
0.198
0.196
0.203
0.209
0.206
0.215
0.221
0.218
0.229
0.225
0.238
0.244
0.236
0.243
0.186
0.159
0.174
0.233
0.256
0.274
0.182
0.181
0.262
0.286
0.297
0.310
0.310
0.311
0.323
0.322
0.323
0.310
0.323
0.334
0.337
0.351
0.357
0.358
0.354
0.361
0.362
0.348
0.375
0.358
0.372
0.367
0.381
0.367
0.373
0.367
0.371
0.397
0.380
0.383
0.393
0.401
0.390
0.403
0.407
0.395
0.406
0.415
0.422
0.425
0.420
0.421
0.428
0.439
0.443
0.433
0.435
0.444
0.441
0.444
0.447
0.444
0.438
0.467
0.434
0.460
0.469
0.469
0.469
0.465
0.470
0.455
0.458
0.447
0.459
0.462
0.459
0.467
0.457
0.458
0.469
0.462
0.461
0.475
0.456
0.465
0.480
0.486
0.481
0.472
0.467
0.456
0.467
0.469
0.465
0.482
0.464
0.447
0.461
0.442
0.455
0.455
0.449
0.450
0.443
0.451
0.439
0.427
0.434
0.435
0.426
0.418
0.411
0.416
0.416
0.427
0.398
0.402
0.392
0.401
0.388
0.393
0.374
0.385
0.388
0.371
0.373
0.372
0.371
0.360
0.362
0.349
0.348
0.355
0.342
0.328
0.329
0.340
0.322
0.328
0.311
0.319
0.309
0.303
0.309
0.309
0.305
0.298
0.275
0.274
0.270
0.270
0.241
0.250
0.261
0.257
0.240
0.221
0.173
0.150
0.177
0.234
0.214
0.227
0.214
0.206
0.205
0.198
0.210
0.200
0.198
0.198
0.187
0.180
0.173
0.145
0.136
0.145
0.150
0.157
0.160
0.164
0.165
0.181
0.176
0.180
0.186
0.198
0.199
0.195
0.207
0.215
0.212
0.222
0.221
0.231
0.223
0.234
0.252
0.239
0.241
0.220
0.177
0.188
0.231
0.249
0.275
0.285
0.212
0.252
0.275
0.301
0.318
0.306
0.309
0.321
0.334
0.284
0.327
0.335
0.333
0.359
0.349
0.355
0.350
0.370
0.358
0.353
0.367
0.375
0.359
0.378
0.388
0.382
0.391
0.403
0.395
0.396
0.403
0.387
0.400
0.411
0.397
0.409
0.409
0.406
0.408
0.421
0.417
0.420
0.437
0.447
0.435
0.443
0.449
0.445
0.450
0.460
0.449
0.454
0.453
0.453
0.439
0.446
0.462
0.465
0.461
0.487
0.454
0.478
0.483
0.476
0.475
0.465
0.469
0.473
0.464
0.482
0.469
0.470
0.464
0.482
0.466
0.463
0.487
0.472
0.490
0.475
0.477
0.485
0.476
0.466
0.457
0.472
0.481
0.467
0.475
0.494
0.465
0.467
0.468
0.453
0.466
0.452
0.449
0.451
0.450
0.444
0.440
0.439
0.429
0.425
0.432
0.426
0.427
0.416
0.419
0.415
0.394
0.420
0.401
0.392
0.403
0.404
0.402
0.393
0.370
0.366
0.380
0.375
0.367
0.381
0.372
0.373
0.356
0.348
0.341
0.345
0.338
0.338
0.332
0.320
0.326
0.316
0.305
0.301
0.313
0.300
0.294
0.282
0.285
0.273
0.280
0.256
0.261
0.262
0.241
0.240
0.222
0.189
0.199
0.219
0.242
0.232
0.226
0.231
0.219
0.224
0.216
0.211
0.207
0.192
0.189
0.182
0.178
0.171
0.142
0.142
0.142
0.144
0.159
0.152
0.165
0.170
0.177
0.181
0.187
0.187
0.171
0.199
0.204
0.215
0.216
0.216
0.219
0.233
0.225
0.233
0.244
0.231
0.236
0.255
0.242
0.228
0.220
0.238
0.269
0.291
0.284
0.250
0.276
0.292
0.312
0.306
0.313
0.319
0.333
0.325
0.316
0.320
0.340
0.339
0.364
0.355
0.364
0.375
0.364
0.371
0.370
0.379
0.386
0.370
0.389
0.386
0.393
0.393
0.394
0.409
0.393
0.394
0.393
0.398
0.413
0.408
0.418
0.421
0.441
0.420
0.414
0.425
0.442
0.445
0.433
0.442
0.456
0.447
0.465
0.451
0.452
0.445
0.465
0.469
0.466
0.458
0.479
0.475
0.482
0.468
0.481
0.487
0.481
0.473
0.485
0.474
0.476
0.483
0.480
0.479
0.481
0.464
0.476
0.482
0.479
0.486
0.479
0.463
0.479
0.486
0.482
0.487
0.494
0.485
0.482
0.487
0.478
0.479
0.458
0.471
0.455
0.474
0.465
0.477
0.460
0.466
0.446
0.451
0.457
0.448
0.453
0.446
0.440
0.455
0.447
0.450
0.432
0.430
0.435
0.417
0.416
0.427
0.398
0.410
0.402
0.384
0.406
0.392
0.385
0.399
0.380
0.387
0.382
0.373
0.362
0.366
0.356
0.345
0.358
0.356
0.356
0.339
0.335
0.335
0.335
0.320
0.319
0.319
0.304
0.307
0.307
0.294
0.297
0.290
0.275
0.276
0.268
0.277
0.263
0.266
0.239
0.243
0.222
0.236
0.234
0.241
0.236
0.236
0.229
0.229
0.222
0.227
0.204
0.207
0.207
0.197
0.190
0.176
0.182
0.135
0.142
0.135
0.146
0.153
0.158
0.169
0.164
0.173
0.183
0.190
0.192
0.175
0.194
0.194
0.202
0.217
0.220
0.222
0.220
0.218
0.234
0.231
0.234
0.252
0.247
0.255
0.239
0.244
0.264
0.283
0.281
0.276
0.281
0.282
0.297
0.291
0.298
0.304
0.320
0.307
0.334
0.331
0.343
0.335
0.357
0.354
0.351
0.351
0.373
0.363
0.377
0.373
0.376
0.389
0.390
0.392
0.394
0.404
0.388
0.409
0.403
0.413
0.401
0.414
0.412
0.418
0.416
0.424
0.426
0.413
0.429
0.437
0.439
0.432
0.448
0.431
0.450
0.454
0.452
0.459
0.461
0.458
0.441
0.476
0.462
0.465
0.485
0.474
0.479
0.455
0.480
0.480
0.487
0.488
0.474
0.504
0.477
0.490
0.489
0.491
0.475
0.499
0.469
0.497
0.493
0.501
0.484
0.490
0.504
0.480
0.489
0.482
0.486
0.485
0.485
0.489
0.494
0.477
0.477
0.482
0.494
0.493
0.480
0.488
0.469
0.478
0.471
0.478
0.457
0.469
0.457
0.468
0.454
0.440
0.460
0.435
0.440
0.442
0.440
0.436
0.434
0.433
0.434
0.422
0.409
0.416
0.410
0.401
0.410
0.400
0.393
0.393
0.384
0.381
0.386
0.372
0.383
0.371
0.359
0.369
0.365
0.342
0.342
0.335
0.343
0.338
0.332
0.336
0.317
0.319
0.307
0.309
0.306
0.303
0.300
0.283
0.289
0.281
0.264
0.272
0.271
0.275
0.255
0.244
0.244
0.234
0.255
0.238
0.239
0.228
0.224
0.234
0.217
0.222
0.214
0.222
0.203
0.192
0.192
0.185
0.143
0.143
0.143
0.148
0.140
0.150
0.156
0.170
0.173
0.185
0.190
0.197
0.181
0.194
0.195
0.206
0.218
0.216
0.216
0.221
0.219
0.232
0.235
0.255
0.249
0.245
0.253
0.260
0.259
0.263
0.285
0.278
0.275
0.299
0.294
0.302
0.318
0.312
0.306
0.315
0.324
0.329
0.336
0.337
0.353
0.342
0.356
0.354
0.364
0.375
0.373
0.385
0.387
0.393
0.393
0.403
0.390
0.383
0.404
0.399
0.404
0.411
0.431
0.414
0.418
0.409
0.430
0.409
0.428
0.423
0.434
0.429
0.424
0.438
0.444
0.458
0.456
0.460
0.457
0.462
0.466
0.475
0.468
0.476
0.493
0.476
0.481
0.477
0.466
0.493
0.493
0.490
0.485
0.489
0.492
0.500
0.490
0.501
0.496
0.501
0.487
0.492
0.498
0.491
0.506
0.482
0.494
0.496
0.502
0.506
0.493
0.498
0.484
0.504
0.486
0.488
0.515
0.501
0.492
0.491
0.508
0.493
0.483
0.486
0.480
0.474
0.492
0.503
0.496
0.481
0.463
0.475
0.483
0.456
0.467
0.465
0.445
0.436
0.454
0.443
0.440
0.443
0.420
0.448
0.421
0.433
0.425
0.417
0.418
0.410
0.414
0.415
0.410
0.391
0.408
0.388
0.396
0.385
0.367
0.368
0.369
0.368
0.371
0.366
0.339
0.347
0.339
0.351
0.333
0.334
0.331
0.319
0.309
0.315
0.305
0.306
0.294
0.293
0.286
0.271
0.262
0.274
0.264
0.252
0.257
0.261
0.253
0.260
0.242
0.238
0.224
0.233
0.222
0.220
0.224
0.212
0.212
0.202
0.200
0.202
0.187
0.141
0.141
0.144
0.142
0.152
0.154
0.158
0.166
0.173
0.177
0.186
0.199
0.200
0.190
0.186
0.206
0.212
0.216
0.221
0.239
0.225
0.234
0.238
0.239
0.258
0.254
0.254
0.272
0.269
0.281
0.269
0.271
0.276
0.291
0.305
0.296
0.311
0.303
0.310
0.321
0.339
0.336
0.335
0.344
0.340
0.361
0.353
0.355
0.367
0.372
0.366
0.372
0.384
0.389
0.399
0.408
0.393
0.392
0.403
0.417
0.414
0.396
0.423
0.425
0.433
0.422
0.431
0.435
0.447
0.431
0.435
0.379
0.325
0.398
0.462
0.450
0.461
0.467
0.494
0.460
0.459
0.481
0.483
0.478
0.485
0.477
0.492
0.492
0.478
0.488
0.512
0.493
0.495
0.493
0.501
0.503
0.505
0.511
0.500
0.512
0.512
0.514
0.507
0.494
0.508
0.513
0.515
0.508
0.526
0.501
0.510
0.508
0.510
0.500
0.500
0.495
0.496
0.508
0.512
0.510
0.509
0.520
0.498
0.488
0.494
0.496
0.491
0.500
0.498
0.493
0.472
0.496
0.473
0.481
0.478
0.482
0.478
0.462
0.464
0.453
0.456
0.453
0.438
0.445
0.443
0.450
0.444
0.424
0.424
0.421
0.423
0.405
0.422
0.402
0.417
0.394
0.392
0.393
0.394
0.382
0.382
0.384
0.366
0.370
0.364
0.365
0.363
0.352
0.352
0.347
0.331
0.324
0.325
0.315
0.322
0.312
0.295
0.310
0.297
0.289
0.286
0.289
0.281
0.267
0.258
0.250
0.254
0.254
0.256
0.249
0.244
0.246
0.239
0.233
0.217
0.227
0.218
0.220
0.219
0.207
0.190
0.143
0.143
0.143
0.145
0.162
0.152
0.162
0.167
0.181
0.181
0.189
0.196
0.201
0.203
0.209
0.221
0.223
0.219
0.231
0.228
0.233
0.237
0.241
0.245
0.256
0.253
0.269
0.277
0.269
0.278
0.292
0.298
0.290
0.304
0.307
0.314
0.316
0.330
0.320
0.349
0.335
0.342
0.350
0.347
0.351
0.364
0.355
0.357
0.378
0.367
0.389
0.381
0.396
0.396
0.404
0.411
0.415
0.416
0.413
0.423
0.428
0.432
0.429
0.440
0.434
0.446
0.436
0.452
0.441
0.460
0.429
0.283
0.252
0.334
0.469
0.480
0.480
0.497
0.475
0.496
0.493
0.507
0.495
0.498
0.487
0.499
0.514
0.507
0.514
0.509
0.511
0.526
0.528
0.512
0.529
0.522
0.523
0.531
0.527
0.525
0.538
0.523
0.520
0.511
0.536
0.545
0.525
0.537
0.534
0.509
0.527
0.518
0.518
0.536
0.530
0.521
0.513
0.512
0.525
0.539
0.527
0.511
0.524
0.513
0.519
0.518
0.519
0.529
0.517
0.506
0.501
0.505
0.494
0.485
0.479
0.484
0.482
0.472
0.472
0.472
0.454
0.467
0.451
0.474
0.448
0.444
0.449
0.432
0.446
0.444
0.441
0.426
0.418
0.419
0.415
0.412
0.417
0.398
0.386
0.394
0.389
0.380
0.389
0.370
0.356
0.378
0.363
0.356
0.356
0.345
0.347
0.328
0.344
0.328
0.326
0.325
0.316
0.310
0.300
0.293
0.294
0.275
0.274
0.267
0.276
0.272
0.256
0.263
0.252
0.248
0.261
0.233
0.244
0.241
0.235
0.224
0.219
0.221
0.208
0.209
0.201
0.149
0.142
0.146
0.151
0.158
0.154
0.162
0.157
0.175
0.177
0.185
0.205
0.197
0.202
0.212
0.209
0.223
0.237
0.231
0.227
0.233
0.246
0.244
0.244
0.253
0.268
0.274
0.266
0.280
0.287
0.273
0.290
0.305
0.314
0.294
0.309
0.323
0.325
0.330
0.337
0.342
0.347
0.347
0.341
0.353
0.359
0.363
0.375
0.375
0.379
0.390
0.396
0.410
0.411
0.406
0.404
0.430
0.421
0.426
0.425
0.437
0.438
0.439
0.444
0.437
0.455
0.451
0.446
0.445
0.457
0.459
0.323
0.252
0.327
0.469
0.478
0.485
0.484
0.496
0.493
0.500
0.512
0.500
0.512
0.524
0.505
0.488
0.495
0.504
0.507
0.523
0.523
0.507
0.507
0.519
0.521
0.530
0.527
0.527
0.527
0.523
0.537
0.531
0.527
0.515
0.535
0.522
0.532
0.536
0.530
0.525
0.524
0.520
0.514
0.521
0.539
0.522
0.530
0.537
0.529
0.531
0.527
0.527
0.527
0.531
0.516
0.515
0.515
0.522
0.515
0.509
0.498
0.499
0.492
0.495
0.498
0.500
0.483
0.487
0.486
0.479
0.499
0.491
0.478
0.470
0.465
0.472
0.457
0.463
0.440
0.439
0.445
0.440
0.420
0.429
0.417
0.420
0.418
0.417
0.420
0.402
0.396
0.396
0.374
0.377
0.372
0.371
0.367
0.357
0.353
0.349
0.352
0.347
0.333
0.333
0.336
0.325
0.307
0.302
0.306
0.298
0.290
0.286
0.282
0.277
0.275
0.281
0.259
0.263
0.253
0.251
0.253
0.252
0.238
0.230
0.231
0.221
0.225
0.209
0.204
0.208
0.155
0.155
0.155
0.150
0.155
0.159
0.162
0.184
0.171
0.175
0.187
0.194
0.197
0.205
0.211
0.210
0.204
0.224
0.231
0.227
0.237
0.237
0.249
0.238
0.260
0.265
0.263
0.271
0.283
0.279
0.286
0.294
0.294
0.297
0.308
0.307
0.305
0.327
0.322
0.313
0.334
0.344
0.339
0.349
0.350
0.364
0.354
0.374
0.373
0.368
0.389
0.393
0.387
0.398
0.400
0.402
0.413
0.416
0.419
0.406
0.415
0.428
0.439
0.455
0.452
0.461
0.448
0.448
0.455
0.453
0.461
0.437
0.388
0.442
0.462
0.479
0.476
0.486
0.501
0.502
0.499
0.490
0.496
0.507
0.497
0.526
0.504
0.493
0.516
0.518
0.518
0.511
0.521
0.513
0.516
0.524
0.520
0.532
0.518
0.540
0.548
0.536
0.543
0.539
0.535
0.548
0.523
0.528
0.540
0.529
0.530
0.519
0.525
0.516
0.540
0.519
0.528
0.539
0.527
0.541
0.527
0.537
0.537
0.541
0.523
0.527
0.512
0.536
0.505
0.518
0.507
0.503
0.507
0.515
0.502
0.485
0.491
0.489
0.492
0.475
0.492
0.470
0.466
0.468
0.468
0.454
0.460
0.446
0.448
0.458
0.436
0.439
0.428
0.421
0.429
0.419
0.421
0.417
0.402
0.403
0.403
0.388
0.404
0.380
0.379
0.372
0.375
0.363
0.358
0.349
0.360
0.348
0.344
0.335
0.337
0.332
0.310
0.321
0.302
0.312
0.292
0.298
0.290
0.289
0.268
0.277
0.279
0.264
0.251
0.256
0.240
0.245
0.245
0.248
0.237
0.234
0.224
0.223
0.211
0.209
0.205
0.141
0.145
0.152
0.140
0.157
0.156
0.165
0.171
0.171
0.171
0.178
0.181
0.189
0.212
0.197
0.221
0.226
0.221
0.221
0.229
0.233
0.244
0.246
0.248
0.251
0.259
0.250
0.272
0.257
0.273
0.282
0.282
0.289
0.302
0.298
0.306
0.299
0.305
0.309
0.331
0.327
0.327
0.333
0.362
0.352
0.358
0.362
0.367
0.371
0.385
0.386
0.376
0.385
0.383
0.402
0.421
0.410
0.422
0.423
0.418
0.439
0.439
0.429
0.447
0.443
0.468
0.454
0.459
0.462
0.465
0.466
0.449
0.457
0.454
0.476
0.471
0.478
0.480
0.474
0.510
0.500
0.486
0.503
0.493
0.502
0.502
0.497
0.516
0.494
0.524
0.499
0.527
0.509
0.536
0.521
0.521
0.512
0.515
0.533
0.542
0.519
0.531
0.537
0.542
0.533
0.519
0.529
0.506
0.518
0.527
0.515
0.528
0.522
0.535
0.526
0.533
0.523
0.519
0.526
0.520
0.510
0.549
0.522
0.517
0.520
0.526
0.504
0.507
0.506
0.499
0.505
0.503
0.487
0.492
0.483
0.501
0.485
0.489
0.477
0.461
0.483
0.459
0.456
0.488
0.464
0.453
0.434
0.447
0.448
0.426
0.434
0.437
0.425
0.428
0.425
0.419
0.407
0.407
0.408
0.399
0.393
0.387
0.387
0.379
0.375
0.373
0.367
0.365
0.359
0.350
0.356
0.342
0.338
0.333
0.328
0.338
0.324
0.321
0.310
0.303
0.300
0.298
0.281
0.292
0.281
0.269
0.277
0.266
0.261
0.255
0.246
0.244
0.243
0.239
0.247
0.222
0.228
0.225
0.214
0.214
0.212
0.144
0.144
0.144
0.156
0.165
0.168
0.169
0.167
0.173
0.175
0.184
0.184
0.198
0.208
0.206
0.212
0.223
0.228
0.225
0.233
0.240
0.237
0.249
0.257
0.262
0.256
0.257
0.270
0.271
0.269
0.289
0.288
0.294
0.295
0.317
0.311
0.305
0.328
0.329
0.327
0.329
0.345
0.361
0.351
0.345
0.359
0.365
0.364
0.380
0.376
0.387
0.390
0.398
0.393
0.415
0.418
0.419
0.436
0.448
0.436
0.449
0.443
0.445
0.449
0.457
0.461
0.464
0.473
0.457
0.469
0.475
0.460
0.473
0.479
0.493
0.483
0.498
0.498
0.498
0.502
0.519
0.499
0.532
0.526
0.523
0.520
0.522
0.537
0.530
0.523
0.517
0.540
0.533
0.527
0.541
0.538
0.537
0.537
0.544
0.553
0.538
0.565
0.546
0.544
0.545
0.549
0.540
0.556
0.557
0.545
0.553
0.548
0.555
0.538
0.543
0.526
0.537
0.539
0.548
0.525
0.541
0.556
0.540
0.535
0.532
0.552
0.533
0.529
0.520
0.518
0.524
0.520
0.524
0.501
0.521
0.507
0.511
0.495
0.490
0.476
0.498
0.482
0.493
0.484
0.480
0.478
0.469
0.468
0.448
0.463
0.466
0.439
0.459
0.442
0.434
0.434
0.430
0.404
0.418
0.395
0.405
0.404
0.397
0.385
0.400
0.378
0.379
0.364
0.372
0.359
0.349
0.341
0.347
0.356
0.339
0.335
0.333
0.324
0.314
0.298
0.309
0.292
0.292
0.295
0.282
0.280
0.277
0.276
0.267
0.257
0.256
0.252
0.249
0.241
0.235
0.235
0.228
0.228
0.212
0.213
0.221
0.148
0.147
0.158
0.161
0.165
0.153
0.165
0.178
0.167
0.174
0.179
0.179
0.196
0.193
0.200
0.214
0.207
0.214
0.225
0.227
0.235
0.241
0.247
0.262
0.260
0.259
0.264
0.269
0.273
0.274
0.287
0.294
0.291
0.294
0.291
0.299
0.307
0.317
0.331
0.314
0.344
0.337
0.359
0.342
0.368
0.352
0.368
0.364
0.382
0.381
0.387
0.392
0.404
0.405
0.413
0.409
0.429
0.426
0.439
0.450
0.444
0.441
0.461
0.452
0.459
0.456
0.457
0.464
0.475
0.473
0.476
0.476
0.488
0.487
0.501
0.518
0.500
0.507
0.506
0.514
0.520
0.527
0.526
0.523
0.540
0.518
0.526
0.532
0.533
0.536
0.527
0.532
0.522
0.549
0.550
0.549
0.549
0.550
0.553
0.562
0.569
0.575
0.539
0.552
0.561
0.562
0.569
0.548
0.556
0.558
0.550
0.555
0.560
0.539
0.558
0.547
0.468
0.511
0.545
0.530
0.552
0.547
0.547
0.548
0.528
0.542
0.543
0.529
0.537
0.533
0.524
0.528
0.530
0.516
0.530
0.510
0.519
0.524
0.516
0.504
0.505
0.493
0.489
0.497
0.482
0.481
0.469
0.490
0.494
0.474
0.452
0.470
0.457
0.449
0.453
0.444
0.427
0.437
0.429
0.421
0.414
0.419
0.404
0.386
0.394
0.405
0.383
0.395
0.380
0.366
0.362
0.366
0.362
0.362
0.336
0.341
0.346
0.345
0.321
0.323
0.317
0.309
0.304
0.296
0.281
0.282
0.277
0.273
0.267
0.262
0.265
0.254
0.255
0.244
0.231
0.244
0.231
0.225
0.215
0.215
0.221
0.149
0.149
0.149
0.147
0.166
0.159
0.159
0.173
0.167
0.168
0.170
0.174
0.194
0.125
0.113
0.185
0.191
0.213
0.215
0.221
0.231
0.238
0.237
0.242
0.240
0.260
0.252
0.256
0.263
0.271
0.267
0.277
0.278
0.287
0.293
0.298
0.301
0.303
0.308
0.319
0.316
0.331
0.341
0.349
0.341
0.344
0.351
0.370
0.364
0.373
0.376
0.391
0.394
0.402
0.405
0.414
0.410
0.408
0.423
0.426
0.446
0.452
0.442
0.442
0.444
0.459
0.465
0.478
0.478
0.480
0.469
0.482
0.479
0.479
0.481
0.489
0.496
0.496
0.500
0.510
0.515
0.485
0.508
0.520
0.522
0.516
0.509
0.535
0.522
0.518
0.529
0.540
0.535
0.543
0.538
0.544
0.546
0.539
0.536
0.550
0.553
0.548
0.537
0.554
0.547
0.541
0.542
0.561
0.530
0.548
0.551
0.550
0.550
0.550
0.544
0.427
0.310
0.329
0.530
0.564
0.547
0.546
0.553
0.537
0.541
0.538
0.546
0.542
0.549
0.522
0.534
0.538
0.528
0.524
0.517
0.525
0.502
0.497
0.502
0.500
0.488
0.501
0.504
0.473
0.503
0.486
0.480
0.488
0.469
0.468
0.478
0.454
0.451
0.455
0.447
0.443
0.444
0.442
0.428
0.427
0.424
0.408
0.396
0.396
0.406
0.400
0.394
0.376
0.384
0.362
0.370
0.358
0.370
0.357
0.351
0.350
0.358
0.337
0.331
0.314
0.313
0.312
0.318
0.304
0.293
0.289
0.273
0.277
0.275
0.269
0.261
0.253
0.243
0.252
0.243
0.234
0.232
0.236
0.230
0.220
0.212
0.146
0.148
0.147
0.153
0.157
0.155
0.163
0.163
0.166
0.161
0.168
0.172
0.176
0.174
0.131
0.144
0.175
0.193
0.207
0.213
0.211
0.214
0.228
0.230
0.243
0.244
0.246
0.252
0.269
0.255
0.254
0.261
0.279
0.268
0.276
0.286
0.286
0.304
0.294
0.304
0.315
0.315
0.315
0.329
0.331
0.330
0.339
0.340
0.358
0.356
0.354
0.368
0.367
0.377
0.379
0.383
0.411
0.405
0.407
0.420
0.414
0.437
0.425
0.440
0.427
0.436
0.450
0.466
0.460
0.464
0.461
0.482
0.482
0.476
0.481
0.461
0.471
0.491
0.491
0.504
0.501
0.501
0.509
0.497
0.512
0.510
0.520
0.516
0.512
0.512
0.532
0.538
0.542
0.512
0.540
0.539
0.538
0.524
0.540
0.537
0.534
0.526
0.547
0.548
0.548
0.542
0.542
0.533
0.547
0.545
0.552
0.539
0.543
0.547
0.550
0.471
0.290
0.276
0.473
0.531
0.563
0.539
0.556
0.551
0.540
0.548
0.533
0.538
0.530
0.540
0.527
0.521
0.522
0.534
0.524
0.510
0.522
0.517
0.509
0.500
0.511
0.506
0.488
0.488
0.494
0.474
0.483
0.471
0.473
0.484
0.480
0.477
0.448
0.457
0.435
0.432
0.438
0.432
0.429
0.431
0.403
0.421
0.416
0.407
0.392
0.390
0.381
0.383
0.368
0.376
0.374
0.367
0.345
0.366
0.365
0.344
0.340
0.337
0.329
0.320
0.341
0.320
0.304
0.308
0.302
0.289
0.288
0.283
0.280
0.277
0.269
0.265
0.254
0.252
0.249
0.247
0.246
0.236
0.229
0.227
0.215
0.139
0.139
0.139
0.135
0.143
0.156
0.162
0.169
0.154
0.174
0.172
0.170
0.173
0.180
0.177
0.167
0.183
0.212
0.211
0.215
0.225
0.232
0.240
0.235
0.250
0.240
0.248
0.252
0.262
0.269
0.271
0.275
0.290
0.294
0.297
0.297
0.302
0.301
0.322
0.323
0.329
0.333
0.340
0.312
0.342
0.344
0.357
0.364
0.366
0.376
0.374
0.394
0.401
0.385
0.400
0.403
0.423
0.420
0.422
0.438
0.434
0.436
0.453
0.444
0.481
0.472
0.475
0.483
0.488
0.478
0.495
0.505
0.500
0.493
0.502
0.500
0.509
0.517
0.536
0.520
0.526
0.530
0.534
0.544
0.530
0.543
0.534
0.536
0.535
0.548
0.551
0.555
0.561
0.565
0.562
0.578
0.550
0.568
0.563
0.549
0.573
0.563
0.577
0.585
0.571
0.568
0.582
0.556
0.588
0.565
0.580
0.573
0.576
0.574
0.565
0.540
0.423
0.455
0.566
0.559
0.571
0.593
0.569
0.575
0.575
0.572
0.562
0.558
0.554
0.570
0.564
0.532
0.555
0.550
0.545
0.558
0.533
0.519
0.524
0.540
0.538
0.519
0.499
0.513
0.501
0.500
0.481
0.500
0.482
0.489
0.478
0.471
0.472
0.451
0.458
0.446
0.449
0.448
0.441
0.426
0.439
0.419
0.418
0.405
0.414
0.408
0.396
0.389
0.383
0.392
0.380
0.386
0.368
0.366
0.378
0.352
0.362
0.357
0.340
0.331
0.338
0.320
0.317
0.308
0.301
0.294
0.295
0.281
0.282
0.283
0.271
0.271
0.264
0.256
0.249
0.245
0.248
0.238
0.223
0.221
0.220
0.146
0.128
0.128
0.135
0.130
0.145
0.144
0.155
0.153
0.159
0.163
0.165
0.170
0.161
0.177
0.177
0.182
0.188
0.200
0.213
0.211
0.215
0.215
0.227
0.221
0.234
0.242
0.242
0.247
0.251
0.258
0.266
0.270
0.252
0.277
0.286
0.290
0.284
0.307
0.313
0.312
0.313
0.330
0.316
0.328
0.323
0.327
0.359
0.359
0.373
0.362
0.381
0.382
0.397
0.385
0.398
0.411
0.399
0.422
0.428
0.423
0.439
0.438
0.451
0.445
0.477
0.464
0.471
0.468
0.488
0.489
0.510
0.509
0.507
0.507
0.511
0.509
0.522
0.523
0.520
0.527
0.535
0.523
0.548
0.534
0.544
0.561
0.558
0.565
0.542
0.551
0.565
0.562
0.570
0.559
0.578
0.557
0.562
0.585
0.568
0.577
0.575
0.565
0.583
0.578
0.592
0.581
0.571
0.571
0.576
0.579
0.586
0.588
0.589
0.590
0.584
0.556
0.561
0.591
0.594
0.583
0.603
0.576
0.562
0.583
0.579
0.568
0.577
0.564
0.567
0.557
0.573
0.555
0.570
0.544
0.563
0.558
0.544
0.537
0.543
0.538
0.542
0.523
0.535
0.519
0.520
0.518
0.512
0.508
0.515
0.513
0.497
0.490
0.494
0.479
0.482
0.460
0.467
0.460
0.461
0.442
0.455
0.448
0.428
0.421
0.412
0.413
0.421
0.410
0.394
0.405
0.401
0.376
0.396
0.377
0.372
0.367
0.355
0.357
0.346
0.330
0.340
0.332
0.322
0.317
0.314
0.308
0.300
0.284
0.284
0.287
0.271
0.271
0.276
0.256
0.257
0.244
0.243
0.241
0.228
0.231
0.099
0.099
0.099
0.112
0.108
0.116
0.117
0.126
0.130
0.143
0.129
0.135
0.145
0.145
0.156
0.150
0.176
0.163
0.187
0.179
0.191
0.190
0.193
0.217
0.201
0.220
0.219
0.238
0.232
0.244
0.244
0.245
0.256
0.256
0.272
0.258
0.278
0.266
0.294
0.281
0.306
0.300
0.317
0.310
0.320
0.325
0.324
0.349
0.346
0.351
0.358
0.353
0.368
0.371
0.379
0.395
0.404
0.408
0.432
0.411
0.426
0.448
0.439
0.444
0.464
0.466
0.476
0.484
0.481
0.490
0.510
0.511
0.494
0.512
0.512
0.516
0.531
0.543
0.520
0.540
0.549
0.544
0.546
0.544
0.566
0.554
0.560
0.574
0.576
0.565
0.581
0.563
0.591
0.585
0.580
0.576
0.580
0.598
0.589
0.588
0.586
0.619
0.596
0.602
0.596
0.586
0.585
0.607
0.591
0.597
0.592
0.603
0.596
0.600
0.604
0.587
0.590
0.600
0.602
0.591
0.621
0.585
0.584
0.583
0.589
0.570
0.584
0.579
0.565
0.567
0.568
0.550
0.570
0.569
0.558
0.567
0.565
0.543
0.558
0.540
0.536
0.544
0.535
0.534
0.533
0.520
0.509
0.517
0.512
0.495
0.515
0.490
0.502
0.490
0.487
0.481
0.465
0.463
0.457
0.464
0.457
0.440
0.436
0.431
0.434
0.443
0.415
0.411
0.399
0.402
0.389
0.393
0.379
0.381
0.387
0.368
0.370
0.371
0.353
0.351
0.355
0.341
0.336
0.335
0.317
0.314
0.304
0.306
0.297
0.297
0.284
0.276
0.273
0.267
0.251
0.263
0.248
0.255
0.252
0.242
0.231
0.099
0.064
0.077
0.077
0.078
0.083
0.087
0.088
0.088
0.103
0.087
0.110
0.101
0.114
0.104
0.115
0.129
0.126
0.143
0.136
0.153
0.141
0.164
0.158
0.171
0.167
0.179
0.192
0.185
0.197
0.197
0.217
0.200
0.227
0.225
0.237
0.234
0.242
0.256
0.245
0.263
0.263
0.271
0.276
0.286
0.288
0.308
0.284
0.315
0.316
0.334
0.341
0.345
0.357
0.348
0.386
0.364
0.385
0.376
0.393
0.403
0.418
0.415
0.419
0.446
0.432
0.446
0.445
0.470
0.484
0.471
0.483
0.496
0.496
0.497
0.504
0.507
0.532
0.508
0.517
0.524
0.534
0.544
0.539
0.555
0.541
0.535
0.548
0.568
0.543
0.558
0.584
0.569
0.565
0.570
0.574
0.580
0.574
0.583
0.575
0.581
0.581
0.572
0.597
0.587
0.604
0.587
0.595
0.600
0.585
0.591
0.582
0.575
0.601
0.579
0.589
0.600
0.594
0.588
0.609
0.595
0.593
0.573
0.583
0.574
0.590
0.578
0.594
0.587
0.578
0.591
0.596
0.572
0.576
0.551
0.560
0.555
0.566
0.548
0.559
0.543
0.538
0.537
0.538
0.540
0.536
0.522
0.517
0.524
0.505
0.499
0.497
0.518
0.495
0.484
0.419
0.493
0.466
0.455
0.471
0.439
0.413
0.433
0.443
0.436
0.412
0.424
0.411
0.400
0.400
0.391
0.389
0.388
0.372
0.364
0.363
0.348
0.353
0.335
0.336
0.349
0.338
0.323
0.326
0.315
0.312
0.306
0.284
0.286
0.286
0.282
0.269
0.281
0.264
0.266
0.250
0.243
0.239
0.243
0.233
0.232
0.036
0.036
0.036
0.040
0.046
0.042
0.053
0.046
0.060
0.050
0.059
0.061
0.063
0.074
0.061
0.084
0.071
0.088
0.086
0.095
0.088
0.097
0.100
0.103
0.108
0.110
0.114
0.123
0.131
0.132
0.144
0.142
0.158
0.149
0.162
0.157
0.170
0.181
0.180
0.193
0.194
0.202
0.205
0.230
0.209
0.234
0.233
0.247
0.249
0.258
0.263
0.258
0.290
0.283
0.316
0.295
0.316
0.321
0.313
0.345
0.330
0.365
0.364
0.377
0.374
0.389
0.398
0.405
0.422
0.419
0.447
0.435
0.451
0.444
0.467
0.477
0.471
0.495
0.495
0.506
0.502
0.506
0.515
0.515
0.505
0.529
0.552
0.545
0.533
0.560
0.559
0.566
0.553
0.547
0.552
0.557
0.548
0.570
0.575
0.568
0.582
0.570
0.569
0.577
0.587
0.584
0.574
0.589
0.578
0.573
0.579
0.586
0.580
0.594
0.601
0.584
0.576
0.573
0.571
0.588
0.566
0.582
0.580
0.589
0.585
0.577
0.587
0.572
0.577
0.579
0.564
0.580
0.569
0.553
0.565
0.563
0.571
0.560
0.570
0.539
0.558
0.528
0.539
0.517
0.525
0.512
0.522
0.505
0.503
0.505
0.491
0.498
0.504
0.489
0.349
0.336
0.471
0.472
0.454
0.362
0.278
0.312
0.437
0.457
0.431
0.432
0.431
0.399
0.400
0.409
0.412
0.394
0.403
0.392
0.397
0.363
0.372
0.372
0.350
0.362
0.344
0.358
0.342
0.327
0.330
0.312
0.316
0.304
0.290
0.294
0.283
0.275
0.266
0.273
0.258
0.254
0.252
0.249
0.246
0.242
0.222
0.034
0.015
0.022
0.018
0.029
0.020
0.029
0.026
0.028
0.029
0.032
0.035
0.034
0.037
0.031
0.042
0.038
0.050
0.048
0.048
0.056
0.050
0.056
0.061
0.059
0.068
0.071
0.076
0.076
0.074
0.091
0.077
0.096
0.098
0.103
0.105
0.119
0.110
0.107
0.138
0.122
0.145
0.132
0.160
0.150
0.165
0.179
0.168
0.188
0.162
0.199
0.185
0.209
0.204
0.210
0.227
0.229
0.239
0.229
0.272
0.265
0.287
0.273
0.310
0.306
0.319
0.311
0.330
0.351
0.352
0.361
0.380
0.378
0.379
0.406
0.406
0.431
0.400
0.445
0.440
0.455
0.453
0.459
0.495
0.468
0.501
0.489
0.481
0.502
0.530
0.526
0.528
0.532
0.526
0.557
0.541
0.563
0.541
0.574
0.567
0.568
0.549
0.571
0.575
0.565
0.586
0.574
0.592
0.582
0.586
0.596
0.579
0.596
0.587
0.596
0.582
0.583
0.606
0.586
0.589
0.573
0.584
0.600
0.592
0.575
0.583
0.588
0.581
0.573
0.583
0.573
0.575
0.549
0.581
0.561
0.561
0.574
0.567
0.571
0.559
0.563
0.546
0.549
0.540
0.544
0.545
0.518
0.514
0.537
0.517
0.532
0.507
0.507
0.505
0.446
0.489
0.489
0.481
0.479
0.399
0.271
0.271
0.418
0.449
0.435
0.445
0.428
0.436
0.411
0.417
0.416
0.406
0.404
0.388
0.407
0.392
0.392
0.377
0.368
0.366
0.364
0.351
0.347
0.350
0.332
0.330
0.311
0.316
0.310
0.290
0.290
0.282
0.280
0.278
0.281
0.264
0.268
0.251
0.236
0.247
0.234
0.007
0.007
0.007
0.007
0.008
0.010
0.007
0.013
0.010
0.013
0.013
0.014
0.015
0.018
0.019
0.019
0.020
0.020
0.020
0.026
0.027
0.021
0.032
0.028
0.039
0.028
0.041
0.036
0.043
0.041
0.047
0.047
0.048
0.054
0.048
0.064
0.052
0.066
0.060
0.066
0.071
0.068
0.083
0.075
0.098
0.077
0.097
0.094
0.104
0.116
0.110
0.124
0.108
0.140
0.132
0.152
0.146
0.151
0.156
0.175
0.175
0.191
0.191
0.200
0.214
0.221
0.232
0.232
0.251
0.240
0.280
0.270
0.297
0.272
0.303
0.311
0.316
0.344
0.324
0.363
0.354
0.393
0.373
0.404
0.390
0.418
0.410
0.416
0.455
0.428
0.491
0.446
0.484
0.462
0.474
0.483
0.489
0.517
0.496
0.512
0.520
0.511
0.510
0.545
0.526
0.531
0.548
0.555
0.556
0.569
0.552
0.570
0.565
0.564
0.589
0.577
0.586
0.562
0.590
0.596
0.595
0.594
0.587
0.596
0.577
0.587
0.567
0.589
0.590
0.582
0.588
0.576
0.588
0.573
0.565
0.575
0.575
0.570
0.563
0.566
0.546
0.543
0.548
0.536
0.528
0.535
0.528
0.526
0.514
0.516
0.500
0.524
0.500
0.500
0.495
0.504
0.490
0.482
0.464
0.419
0.325
0.387
0.461
0.474
0.463
0.430
0.440
0.430
0.432
0.414
0.422
0.417
0.415
0.413
0.395
0.389
0.381
0.380
0.380
0.368
0.357
0.355
0.358
0.339
0.322
0.336
0.320
0.329
0.308
0.301
0.301
0.289
0.290
0.281
0.264
0.265
0.258
0.249
0.264
0.238
0.238
0.007
0.001
0.001
0.002
0.002
0.004
0.003
0.005
0.006
0.004
0.006
0.004
0.008
0.006
0.008
0.008
0.008
0.011
0.008
0.014
0.012
0.014
0.014
0.015
0.015
0.014
0.016
0.016
0.021
0.023
0.024
0.023
0.026
0.026
0.031
0.029
0.034
0.028
0.036
0.032
0.038
0.040
0.043
0.042
0.043
0.048
0.037
0.057
0.043
0.065
0.049
0.065
0.062
0.069
0.075
0.068
0.090
0.068
0.091
0.073
0.102
0.097
0.110
0.114
0.109
0.139
0.124
0.148
0.132
0.156
0.151
0.159
0.162
0.174
0.185
0.195
0.200
0.206
0.221
0.231
0.242
0.259
0.271
0.269
0.300
0.287
0.313
0.290
0.343
0.318
0.328
0.354
0.323
0.389
0.342
0.390
0.386
0.408
0.403
0.401
0.428
0.410
0.452
0.414
0.469
0.431
0.463
0.453
0.473
0.483
0.473
0.502
0.478
0.524
0.496
0.515
0.502
0.521
0.515
0.535
0.537
0.532
0.550
0.523
0.546
0.550
0.558
0.537
0.541
0.545
0.544
0.552
0.555
0.559
0.544
0.547
0.543
0.561
0.541
0.566
0.536
0.541
0.523
0.537
0.537
0.515
0.537
0.522
0.535
0.519
0.506
0.502
0.501
0.490
0.493
0.489
0.486
0.484
0.472
0.459
0.446
0.450
0.457
0.449
0.452
0.434
0.444
0.426
0.420
0.418
0.424
0.403
0.416
0.397
0.392
0.412
0.375
0.377
0.386
0.373
0.368
0.366
0.351
0.343
0.340
0.334
0.337
0.332
0.321
0.317
0.304
0.302
0.271
0.276
0.275
0.259
0.266
0.256
0.248
0.246
0.240
0.000
0.000
0.000
-0.001
-0.000
-0.000
0.001
0.001
0.001
0.003
0.002
0.003
0.005
0.001
0.004
0.002
0.003
0.002
0.005
0.002
0.005
0.005
0.004
0.006
0.006
0.008
0.005
0.008
0.006
0.010
0.007
0.010
0.011
0.008
0.013
0.010
0.017
0.011
0.016
0.012
0.015
0.015
0.017
0.021
0.017
0.022
0.021
0.021
0.021
0.028
0.028
0.031
0.030
0.035
0.034
0.041
0.034
0.040
0.051
0.041
0.047
0.043
0.058
0.047
0.066
0.060
0.066
0.067
0.067
0.076
0.071
0.097
0.077
0.108
0.086
0.103
0.106
0.109
0.121
0.115
0.147
0.120
0.164
0.141
0.169
0.157
0.184
0.193
0.190
0.204
0.203
0.218
0.222
0.236
0.235
0.259
0.252
0.261
0.258
0.284
0.276
0.306
0.297
0.329
0.328
0.320
0.346
0.326
0.386
0.341
0.386
0.363
0.409
0.397
0.379
0.430
0.391
0.426
0.399
0.452
0.432
0.449
0.451
0.444
0.477
0.454
0.480
0.463
0.500
0.480
0.488
0.486
0.502
0.500
0.475
0.506
0.491
0.492
0.503
0.517
0.500
0.515
0.519
0.500
0.496
0.517
0.499
0.491
0.485
0.482
0.498
0.469
0.490
0.481
0.495
0.466
0.500
0.469
0.481
0.470
0.463
0.458
0.452
0.451
0.446
0.449
0.444
0.445
0.435
0.401
0.416
0.402
0.398
0.405
0.398
0.397
0.389
0.380
0.369
0.366
0.370
0.366
0.360
0.358
0.343
0.343
0.335
0.319
0.324
0.316
0.314
0.299
0.291
0.287
0.278
0.268
0.268
0.260
0.257
0.248
0.250
-0.000
-0.000
0.000
0.000
-0.001
0.000
0.001
0.001
-0.001
-0.000
0.001
-0.002
0.000
-0.000
0.000
0.001
0.002
0.001
0.001
0.000
0.000
0.000
0.003
0.001
0.001
0.000
0.002
0.002
0.002
0.004
0.002
0.004
0.003
0.004
0.003
0.004
0.005
0.003
0.006
0.002
0.006
0.004
0.008
0.007
0.008
0.008
0.013
0.011
0.012
0.012
0.014
0.015
0.013
0.015
0.013
0.014
0.017
0.021
0.016
0.020
0.020
0.021
0.022
0.025
0.035
0.024
0.034
0.029
0.036
0.031
0.031
0.041
0.037
0.049
0.038
0.053
0.048
0.057
0.049
0.058
0.063
0.062
0.065
0.070
0.082
0.077
0.086
0.090
0.094
0.103
0.104
0.100
0.114
0.111
0.120
0.129
0.138
0.150
0.144
0.156
0.150
0.188
0.156
0.193
0.165
0.208
0.195
0.207
0.221
0.209
0.262
0.217
0.281
0.230
0.274
0.263
0.287
0.294
0.275
0.318
0.287
0.334
0.296
0.357
0.319
0.346
0.358
0.350
0.378
0.364
0.399
0.374
0.404
0.389
0.404
0.409
0.407
0.418
0.415
0.411
0.418
0.427
0.437
0.436
0.431
0.454
0.436
0.443
0.418
0.443
0.430
0.459
0.429
0.439
0.455
0.440
0.434
0.441
0.461
0.429
0.449
0.436
0.439
0.429
0.424
0.424
0.421
0.413
0.409
0.401
0.408
0.393
0.400
0.406
0.399
0.396
0.392
0.374
0.381
0.373
0.366
0.373
0.364
0.358
0.337
0.351
0.339
0.335
0.326
0.308
0.304
0.303
0.284
0.299
0.285
0.263
0.277
0.266
0.267
0.255
0.247
-0.000
-0.000
-0.000
-0.001
-0.000
-0.000
0.001
-0.000
-0.001
-0.000
0.000
-0.001
-0.000
-0.001
-0.001
-0.000
0.000
-0.001
-0.001
-0.002
0.000
-0.001
-0.001
-0.000
-0.000
-0.001
0.001
-0.001
0.000
0.001
0.002
-0.001
0.001
0.000
0.003
0.003
0.001
0.001
-0.000
0.002
0.001
0.001
0.001
0.002
0.003
0.002
0.004
0.003
0.004
0.001
0.003
0.003
0.005
0.005
0.005
0.006
0.008
0.006
0.007
0.007
0.008
0.009
0.007
0.012
0.009
0.012
0.011
0.014
0.012
0.015
0.017
0.015
0.018
0.017
0.021
0.020
0.023
0.024
0.022
0.023
0.024
0.027
0.030
0.031
0.031
0.035
0.037
0.043
0.036
0.047
0.039
0.049
0.043
0.050
0.051
0.055
0.062
0.054
0.072
0.058
0.078
0.068
0.086
0.079
0.091
0.090
0.084
0.101
0.089
0.122
0.094
0.133
0.103
0.136
0.136
0.136
0.151
0.144
0.178
0.146
0.182
0.169
0.198
0.186
0.190
0.207
0.211
0.215
0.223
0.227
0.232
0.251
0.251
0.275
0.247
0.291
0.263
0.288
0.288
0.308
0.302
0.307
0.324
0.300
0.341
0.309
0.340
0.295
0.358
0.327
0.338
0.360
0.339
0.365
0.351
0.382
0.345
0.379
0.355
0.381
0.353
0.348
0.396
0.349
0.381
0.360
0.375
0.374
0.379
0.377
0.364
0.364
0.358
0.357
0.353
0.361
0.340
0.355
0.345
0.349
0.355
0.354
0.336
0.337
0.325
0.322
0.331
0.312
0.314
0.304
0.305
0.295
0.306
0.283
0.289
0.273
0.263
0.253
0.254
0.253
0.237
0.001
-0.000
-0.000
-0.000
-0.001
-0.001
-0.001
-0.000
-0.000
-0.000
-0.001
-0.000
-0.000
-0.001
-0.001
0.000
-0.000
-0.000
-0.001
0.000
-0.000
-0.001
0.000
-0.001
0.000
-0.000
0.000
-0.001
0.001
-0.000
-0.000
0.000
0.001
-0.001
-0.001
0.001
0.000
0.001
0.001
-0.000
0.001
-0.001
0.001
0.002
0.001
0.002
0.002
0.001
-0.000
0.000
0.001
0.001
0.002
0.000
0.002
0.002
0.002
0.003
0.001
0.003
0.002
0.002
0.001
0.003
0.002
0.003
0.004
0.004
0.007
0.003
0.006
0.005
0.006
0.006
0.007
0.006
0.009
0.009
0.011
0.010
0.008
0.013
0.008
0.016
0.009
0.017
0.011
0.017
0.014
0.013
0.018
0.016
0.021
0.020
0.027
0.022
0.025
0.026
0.026
0.030
0.034
0.031
0.037
0.037
0.036
0.043
0.042
0.046
0.041
0.057
0.049
0.054
0.052
0.059
0.060
0.060
0.072
0.061
0.083
0.067
0.091
0.078
0.099
0.085
0.092
0.102
0.091
0.122
0.099
0.133
0.105
0.133
0.123
0.140
0.141
0.137
0.150
0.146
0.174
0.158
0.189
0.173
0.194
0.186
0.209
0.204
0.213
0.209
0.222
0.217
0.231
0.239
0.228
0.251
0.244
0.275
0.246
0.277
0.246
0.271
0.254
0.272
0.303
0.269
0.301
0.270
0.307
0.277
0.296
0.297
0.287
0.304
0.286
0.314
0.287
0.311
0.287
0.301
0.298
0.296
0.302
0.297
0.297
0.296
0.296
0.284
0.299
0.283
0.272
0.284
0.284
0.280
0.271
0.258
0.258
0.253
0.242
0.239
0.235
0.244
0.232
-0.001
-0.001
-0.001
-0.001
-0.001
-0.001
-0.001
-0.001
0.000
0.000
-0.001
-0.000
-0.000
-0.001
-0.000
-0.001
-0.001
-0.000
-0.001
-0.001
0.000
-0.001
-0.000
-0.001
-0.001
0.001
-0.000
-0.001
-0.000
-0.000
0.001
-0.000
0.001
-0.000
0.000
-0.001
-0.000
-0.001
0.000
-0.001
-0.001
0.001
-0.000
-0.000
-0.001
-0.000
0.000
0.001
-0.000
0.000
0.001
0.001
0.001
-0.000
-0.001
0.001
0.000
-0.000
0.001
0.000
0.002
0.001
0.001
0.001
0.002
0.000
0.001
0.001
0.002
0.001
0.001
0.002
0.002
0.001
0.003
0.001
0.002
0.003
0.001
0.002
0.004
0.002
0.003
0.003
0.006
0.006
0.005
0.006
0.004
0.004
0.006
0.006
0.008
0.007
0.008
0.007
0.009
0.009
0.010
0.012
0.010
0.016
0.012
0.017
0.014
0.018
0.016
0.019
0.018
0.021
0.026
0.020
0.027
0.025
0.031
0.027
0.029
0.037
0.038
0.036
0.033
0.041
0.045
0.043
0.047
0.048
0.048
0.050
0.051
0.055
0.049
0.066
0.056
0.064
0.069
0.065
0.082
0.069
0.091
0.070
0.104
0.078
0.101
0.097
0.099
0.122
0.089
0.130
0.108
0.140
0.111
0.142
0.135
0.143
0.152
0.133
0.172
0.143
0.183
0.160
0.178
0.168
0.172
0.188
0.187
0.197
0.187
0.211
0.201
0.202
0.206
0.210
0.206
0.221
0.208
0.222
0.210
0.225
0.222
0.226
0.238
0.218
0.242
0.216
0.246
0.214
0.246
0.227
0.224
0.238
0.228
0.244
0.200
0.230
0.208
0.233
0.204
0.211
0.210
0.203
0.198
-0.000
-0.002
-0.001
-0.001
0.000
-0.001
-0.001
-0.001
-0.000
0.001
-0.000
0.000
-0.000
-0.001
-0.001
-0.001
-0.001
-0.000
-0.000
-0.001
-0.001
-0.001
-0.001
-0.001
-0.000
-0.001
-0.000
-0.001
-0.000
-0.001
-0.001
-0.000
-0.001
-0.001
-0.000
-0.001
-0.000
-0.001
-0.000
-0.001
0.000
-0.000
-0.001
0.000
0.000
0.001
0.001
-0.001
0.000
-0.000
0.001
0.000
-0.000
0.000
-0.001
-0.000
0.001
-0.000
-0.001
-0.000
0.000
-0.001
-0.001
-0.000
-0.001
0.000
0.000
-0.000
-0.001
0.001
0.002
-0.000
0.000
0.001
0.000
-0.001
0.000
0.001
0.001
0.000
0.001
0.001
-0.000
0.000
0.002
0.001
0.002
0.002
0.001
0.003
0.001
0.002
0.002
0.002
0.003
0.002
0.002
0.001
0.002
0.003
0.005
0.004
0.004
0.003
0.006
0.004
0.006
0.005
0.006
0.007
0.008
0.007
0.007
0.009
0.007
0.010
0.010
0.013
0.010
0.013
0.015
0.016
0.018
0.012
0.023
0.016
0.024
0.018
0.025
0.025
0.027
0.028
0.025
0.031
0.030
0.039
0.031
0.046
0.036
0.042
0.039
0.042
0.044
0.046
0.050
0.046
0.054
0.046
0.058
0.059
0.061
0.061
0.066
0.068
0.071
0.071
0.076
0.076
0.072
0.085
0.077
0.098
0.080
0.102
0.090
0.102
0.102
0.101
0.115
0.097
0.126
0.100
0.134
0.112
0.134
0.116
0.135
0.130
0.129
0.151
0.136
0.154
0.136
0.159
0.154
0.152
0.147
0.154
0.156
0.156
0.165
0.152
0.158
0.162
0.167
0.165
0.154
0.152
0.156
0.149
0.153
-0.002
-0.002
-0.002
-0.001
-0.001
-0.000
-0.001
-0.001
-0.000
-0.001
-0.001
-0.001
-0.000
-0.001
-0.001
-0.001
0.000
-0.001
0.000
0.000
-0.001
-0.001
-0.000
-0.001
-0.001
0.001
-0.001
-0.000
-0.001
-0.001
-0.001
-0.000
-0.001
0.000
-0.001
-0.001
-0.000
-0.001
-0.000
-0.001
-0.000
-0.000
-0.001
0.000
-0.000
-0.000
-0.000
-0.000
0.000
-0.000
-0.001
-0.001
-0.001
-0.000
-0.000
-0.001
-0.001
-0.000
0.000
-0.001
-0.001
-0.000
-0.001
0.000
0.000
0.000
0.000
0.001
0.000
-0.001
-0.000
-0.000
0.000
0.000
-0.000
-0.000
-0.000
0.002
0.000
0.000
0.000
-0.000
-0.000
0.000
0.001
0.001
-0.000
-0.000
-0.001
-0.001
0.001
-0.001
-0.000
0.001
-0.000
0.001
0.000
0.001
0.001
0.001
0.001
0.001
0.001
0.002
0.001
0.001
0.003
0.002
0.002
0.002
0.001
0.004
0.002
0.002
0.002
0.003
0.002
0.002
0.003
0.006
0.004
0.005
0.005
0.008
0.006
0.007
0.005
0.007
0.008
0.009
0.010
0.009
0.013
0.011
0.014
0.014
0.012
0.016
0.014
0.021
0.015
0.024
0.017
0.024
0.019
0.027
0.023
0.027
0.028
0.026
0.028
0.025
0.035
0.031
0.034
0.039
0.036
0.041
0.038
0.045
0.038
0.051
0.049
0.050
0.045
0.051
0.050
0.059
0.051
0.059
0.056
0.063
0.066
0.068
0.072
0.065
0.074
0.072
0.079
0.073
0.082
0.076
0.089
0.087
0.080
0.103
0.076
0.104
0.091
0.105
0.092
0.103
0.113
0.087
0.110
0.095
0.118
0.102
0.110
0.092
0.095
-0.000
-0.002
-0.001
-0.000
-0.001
-0.001
-0.001
-0.000
0.000
-0.001
-0.001
0.002
-0.001
-0.000
-0.001
-0.000
-0.000
-0.001
-0.001
-0.002
-0.001
0.000
-0.000
0.000
-0.001
-0.001
-0.000
-0.001
-0.000
0.001
-0.001
-0.000
-0.001
-0.001
-0.001
-0.001
-0.000
-0.000
0.000
-0.000
0.000
-0.001
-0.001
-0.000
-0.000
-0.000
-0.001
-0.001
-0.001
0.001
0.000
-0.000
-0.001
-0.000
-0.000
-0.001
0.001
0.000
-0.001
0.000
0.000
0.001
-0.000
0.001
-0.000
-0.000
-0.000
0.000
-0.000
-0.000
-0.001
-0.000
0.000
-0.000
0.001
-0.000
-0.000
0.000
0.000
-0.000
0.001
-0.000
0.000
-0.001
0.000
-0.000
-0.001
0.000
-0.000
0.000
0.002
0.000
-0.000
-0.000
-0.000
0.000
0.000
0.001
0.000
0.001
0.000
-0.001
0.000
0.001
-0.000
0.000
0.002
0.001
-0.000
0.000
0.000
0.001
0.001
-0.000
0.002
-0.000
0.001
0.000
0.001
0.002
0.001
0.000
-0.000
0.002
0.002
0.002
0.002
0.002
0.001
0.002
0.002
0.002
0.005
0.004
0.003
0.003
0.004
0.005
0.004
0.004
0.004
0.007
0.006
0.007
0.008
0.009
0.010
0.012
0.008
0.008
0.012
0.011
0.013
0.012
0.014
0.014
0.017
0.015
0.016
0.014
0.022
0.018
0.022
0.020
0.025
0.026
0.022
0.027
0.022
0.028
0.024
0.030
0.032
0.028
0.038
0.030
0.039
0.037
0.046
0.035
0.047
0.040
0.043
0.044
0.041
0.050
0.047
0.057
0.050
0.056
0.055
0.055
0.056
0.059
0.058
0.061
0.061
0.059
0.057
0.055
0.059
-0.000
-0.000
-0.000
-0.002
0.001
0.001
-0.001
0.000
-0.001
-0.001
-0.002
-0.000
-0.001
-0.001
-0.001
-0.001
-0.000
-0.002
-0.001
-0.001
0.000
-0.000
-0.001
-0.001
-0.001
-0.000
0.000
0.000
-0.001
-0.000
-0.001
-0.001
-0.001
-0.001
-0.002
-0.001
-0.001
0.000
-0.000
-0.000
-0.001
-0.000
-0.001
-0.001
-0.001
-0.001
0.000
-0.001
-0.000
-0.001
-0.000
-0.001
-0.001
-0.000
-0.000
-0.001
0.001
-0.001
-0.001
-0.001
-0.001
-0.001
-0.000
-0.000
0.001
-0.001
0.000
-0.001
-0.000
-0.001
-0.001
0.001
-0.000
-0.000
-0.001
-0.000
-0.002
-0.000
-0.001
-0.001
-0.000
0.000
0.000
0.000
-0.001
-0.000
-0.000
0.001
0.000
0.001
-0.001
-0.001
0.001
0.000
0.000
0.000
-0.001
-0.000
0.000
0.001
-0.000
-0.001
0.000
-0.000
-0.000
-0.001
0.001
-0.001
0.000
-0.000
-0.000
0.000
0.000
-0.000
0.001
0.000
-0.001
-0.001
0.001
0.000
0.001
-0.000
-0.000
0.000
-0.001
-0.000
0.001
-0.001
0.001
0.001
0.001
0.001
0.001
0.000
0.001
0.001
-0.001
0.000
0.001
0.001
0.001
0.002
0.003
0.001
0.003
0.002
0.004
0.002
0.003
0.004
0.003
0.004
0.003
0.005
0.003
0.006
0.004
0.006
0.004
0.007
0.005
0.006
0.007
0.007
0.008
0.007
0.010
0.006
0.010
0.010
0.013
0.012
0.014
0.013
0.012
0.013
0.014
0.019
0.016
0.019
0.017
0.023
0.018
0.020
0.021
0.022
0.022
0.019
0.027
0.023
0.030
0.026
0.031
0.023
0.031
0.032
0.029
0.035
0.029
0.032
0.031
-0.001
-0.001
-0.002
-0.000
-0.001
-0.001
0.000
-0.002
-0.000
-0.001
-0.001
-0.001
0.001
-0.002
0.000
0.001
0.000
-0.000
0.000
-0.001
-0.000
0.000
-0.001
-0.000
-0.001
-0.001
-0.001
-0.001
-0.000
0.000
0.000
-0.001
-0.001
-0.000
-0.000
-0.001
0.000
-0.000
-0.000
-0.000
-0.001
-0.000
-0.000
-0.001
-0.000
-0.000
-0.001
-0.001
-0.001
-0.001
-0.001
-0.000
-0.000
-0.001
0.000
0.001
-0.002
0.000
0.000
0.000
-0.001
0.001
-0.001
-0.000
-0.000
0.000
0.001
-0.000
-0.001
-0.000
-0.000
0.000
-0.000
-0.000
-0.002
-0.001
0.000
-0.001
-0.000
-0.001
-0.000
0.000
0.000
-0.000
-0.000
0.000
-0.001
0.000
0.001
0.000
-0.000
0.000
0.002
-0.001
0.001
-0.001
-0.000
-0.000
-0.001
-0.001
-0.000
-0.001
-0.001
0.000
0.001
-0.000
-0.001
-0.001
0.000
-0.000
-0.000
0.002
0.001
-0.001
-0.000
-0.000
-0.001
-0.000
-0.001
-0.000
-0.000
-0.000
-0.000
-0.001
-0.000
0.000
0.000
0.000
-0.000
0.000
-0.000
-0.001
0.000
-0.000
0.000
0.000
0.000
-0.000
0.000
0.001
0.000
-0.000
0.001
0.001
-0.000
-0.000
0.000
0.001
-0.001
0.001
0.002
-0.000
0.001
0.000
0.001
0.000
-0.000
0.002
0.001
0.002
0.002
0.002
0.002
0.001
0.005
0.002
0.004
0.001
0.005
0.004
0.003
0.004
0.002
0.004
0.005
0.006
0.005
0.007
0.005
0.005
0.007
0.006
0.009
0.007
0.006
0.008
0.010
0.010
0.010
0.009
0.011
0.009
0.011
0.013
0.010
0.012
0.012
0.012
0.013
0.018
0.014
-0.001
-0.001
-0.001
-0.000
-0.000
-0.000
-0.000
0.000
-0.001
-0.001
0.000
-0.001
0.000
0.000
-0.000
0.000
-0.001
0.000
0.000
-0.001
-0.001
-0.001
-0.000
-0.001
-0.001
-0.002
-0.001
-0.000
-0.000
-0.001
0.001
-0.000
-0.000
-0.000
-0.000
-0.001
-0.000
-0.000
-0.000
-0.000
-0.001
-0.000
0.000
-0.001
-0.000
-0.001
-0.001
-0.001
-0.001
-0.000
-0.000
-0.000
-0.000
-0.000
-0.000
0.000
-0.001
-0.001
0.001
0.000
0.000
-0.000
0.000
-0.001
-0.001
-0.000
-0.000
0.001
-0.000
-0.000
0.001
-0.001
0.000
-0.002
0.000
-0.001
0.000
-0.001
-0.001
-0.000
-0.000
-0.001
-0.000
-0.000
0.001
0.000
-0.000
-0.001
0.000
-0.001
0.000
-0.001
-0.000
-0.001
0.000
-0.001
-0.001
0.001
0.000
0.000
-0.001
0.000
-0.000
0.000
0.000
-0.001
-0.000
0.000
0.000
-0.000
-0.001
0.001
0.001
0.000
-0.001
-0.000
0.000
-0.001
0.000
0.000
-0.001
-0.000
-0.000
0.000
-0.000
0.000
-0.001
-0.000
-0.000
0.000
-0.000
-0.000
-0.000
-0.000
0.001
0.001
-0.000
0.000
-0.001
-0.000
-0.000
-0.000
0.000
0.000
0.001
0.001
0.000
0.000
0.000
0.000
-0.000
-0.000
0.002
0.001
0.001
0.000
0.000
-0.001
0.001
0.001
0.000
0.000
0.001
0.001
0.001
0.001
0.001
0.002
0.001
0.001
-0.002
0.001
0.002
0.002
0.001
0.001
0.002
0.001
0.001
0.001
0.002
0.002
0.004
0.003
0.003
0.001
0.003
0.003
0.002
0.003
0.003
0.001
0.002
0.004
0.005
0.006
0.006
0.004
0.006
0.004
0.005
-0.000
0.000
0.000
0.001
0.001
0.000
-0.000
0.000
0.000
0.000
0.000
0.000
-0.001
-0.000
0.000
-0.000
0.001
-0.001
-0.001
-0.000
-0.000
0.000
-0.001
-0.001
0.000
-0.000
0.001
-0.001
-0.001
-0.001
-0.000
-0.000
-0.001
-0.001
-0.001
-0.000
-0.002
-0.001
0.001
-0.000
0.002
-0.001
-0.001
0.001
-0.000
-0.001
-0.001
-0.001
0.000
-0.000
-0.001
-0.000
-0.000
-0.002
-0.000
-0.000
0.001
-0.001
0.001
0.000
-0.000
0.001
0.000
-0.000
-0.001
0.000
-0.000
-0.000
-0.002
0.000
0.000
-0.000
0.000
0.000
-0.001
0.000
-0.000
0.001
-0.001
-0.000
-0.001
-0.000
-0.000
-0.001
0.001
0.001
0.000
-0.000
-0.001
-0.000
-0.000
-0.000
-0.000
-0.001
-0.001
-0.000
-0.000
0.001
-0.000
-0.001
0.000
-0.001
0.002
-0.001
0.000
-0.000
0.000
-0.001
-0.000
0.000
-0.000
0.001
-0.000
-0.002
0.000
-0.001
-0.001
0.001
-0.000
-0.000
-0.000
-0.000
-0.001
0.000
-0.000
-0.001
-0.001
0.000
-0.000
0.001
0.001
0.000
-0.000
-0.000
-0.001
-0.000
-0.001
0.000
-0.001
-0.000
0.001
0.001
-0.000
-0.001
-0.000
-0.000
-0.001
0.000
-0.000
-0.001
0.001
-0.001
-0.001
-0.001
-0.000
-0.001
0.000
-0.000
0.000
-0.001
0.000
0.000
-0.001
0.000
0.000
0.001
0.000
0.000
-0.000
0.001
-0.000
-0.000
-0.000
0.000
0.000
-0.000
0.002
0.001
0.000
-0.000
-0.001
-0.001
0.001
-0.001
-0.001
0.001
0.001
0.001
0.000
0.000
0.002
0.000
0.000
0.001
0.001
0.001
0.001
-0.000
0.000
0.001
0.001
0.005
0.005
0.005
0.003
0.006
0.002
0.002
0.001
-0.000
0.001
0.002
0.002
0.001
0.002
0.002
0.002
0.001
0.003
0.001
0.000
-0.000
-0.000
-0.001
0.000
0.001
-0.001
-0.000
0.001
-0.000
-0.000
0.000
-0.000
-0.000
-0.000
-0.001
-0.001
-0.001
0.000
0.000
-0.001
-0.000
-0.000
0.000
0.000
-0.000
-0.001
-0.000
-0.000
0.000
-0.001
0.000
-0.001
-0.001
-0.000
0.001
-0.000
-0.000
-0.001
-0.001
-0.000
-0.000
0.000
-0.001
0.001
0.000
-0.001
-0.000
0.001
-0.001
0.000
-0.000
0.001
-0.000
0.000
0.000
0.000
-0.000
-0.001
-0.000
0.001
0.000
-0.001
0.000
-0.000
0.001
0.000
-0.001
-0.000
-0.001
0.000
0.000
-0.001
-0.002
-0.000
0.000
-0.001
0.000
0.000
0.000
0.000
0.000
-0.000
-0.000
0.000
-0.001
-0.001
0.001
-0.001
-0.001
-0.000
0.000
-0.001
-0.002
0.000
0.001
-0.001
-0.000
-0.000
-0.000
-0.000
0.001
-0.001
-0.000
0.000
0.002
0.001
0.001
-0.001
-0.001
0.001
0.000
-0.000
0.000
-0.000
-0.000
-0.000
0.001
-0.001
0.000
-0.001
-0.000
-0.000
-0.000
0.000
-0.000
-0.000
-0.000
0.000
-0.001
0.000
0.001
-0.000
-0.001
-0.001
-0.001
-0.000
-0.001
-0.000
-0.001
0.000
0.000
-0.001
0.000
0.000
-0.001
-0.001
-0.001
-0.001
-0.001
-0.001
0.000
-0.001
-0.001
0.000
-0.000
-0.001
-0.000
-0.001
0.000
0.000
0.001
0.000
0.001
-0.000
-0.001
-0.000
0.000
-0.000
-0.001
0.000
-0.000
0.000
-0.001
-0.000
-0.001
-0.001
-0.001
0.001
-0.001
0.001
-0.000
0.006
0.016
0.020
0.013
0.012
0.007
0.010
0.005
0.007
0.005
0.010
0.011
0.011
0.011
0.009
0.010
0.005
0.003
0.003
0.004
0.002
0.005
0.004
0.005
0.005
0.007
0.002
0.003
0.004
0.002
0.004
0.003
0.004
0.002
0.004
0.001
0.002
0.002
0.001
0.002
0.001
0.001
0.001
0.001
-0.000
0.002
0.000
-0.000
-0.001
0.000
0.002
0.000
0.000
-0.001
-0.001
0.001
0.000
0.001
-0.000
-0.000
0.000
-0.000
-0.001
-0.000
-0.001
0.001
-0.000
-0.000
0.000
0.000
-0.001
-0.000
-0.000
-0.002
-0.001
0.002
-0.001
0.000
-0.000
0.000
0.000
0.001
-0.000
0.001
-0.000
0.000
0.000
-0.000
-0.000
0.001
0.002
-0.000
0.000
0.000
-0.001
-0.000
0.000
-0.000
0.001
-0.000
0.000
0.000
-0.001
-0.000
-0.000
-0.001
-0.001
0.001
-0.001
-0.001
0.000
0.001
0.000
0.000
0.001
-0.000
0.000
-0.000
-0.001
0.000
-0.000
-0.000
-0.001
-0.000
-0.000
-0.000
-0.000
-0.001
-0.000
-0.001
-0.000
-0.000
-0.001
-0.000
-0.001
-0.001
-0.001
-0.001
-0.000
0.000
0.000
-0.000
0.000
-0.001
0.000
0.001
-0.001
-0.000
-0.001
0.000
0.000
0.000
-0.000
-0.000
0.001
0.000
0.000
-0.001
-0.000
-0.000
-0.001
-0.001
0.000
-0.001
0.000
-0.001
0.000
-0.001
-0.001
-0.001
0.000
0.000
-0.002
-0.001
0.000
-0.000
-0.000
-0.001
0.000
0.000
-0.001
-0.001
-0.000
-0.000
-0.000
-0.001
-0.001
0.000
-0.001
0.000
0.000
-0.001
-0.000
-0.000
-0.001
-0.001
-0.001
0.000
-0.000
-0.001
-0.003
0.041
0.041
0.041
0.040
0.029
0.030
0.016
0.028
0.021
0.032
0.029
0.035
0.035
0.031
0.035
0.023
0.020
0.012
0.014
0.014
0.016
0.017
0.023
0.022
0.019
0.020
0.019
0.021
0.016
0.016
0.014
0.012
0.010
0.011
0.008
0.011
0.009
0.008
0.006
0.006
0.007
0.004
0.007
0.004
0.006
0.003
0.005
0.002
0.002
0.003
0.002
0.004
0.002
0.002
0.002
0.001
0.002
0.001
0.001
0.001
0.002
0.001
-0.000
0.001
0.001
0.001
0.000
0.000
0.000
-0.000
0.002
-0.000
-0.000
0.001
0.001
0.001
0.000
-0.000
-0.001
0.000
-0.000
0.000
-0.000
0.000
-0.001
-0.001
-0.000
0.000
-0.000
-0.000
-0.001
0.000
0.000
-0.001
-0.000
-0.001
-0.000
-0.000
0.000
0.001
-0.001
0.001
-0.001
0.001
-0.002
-0.001
-0.001
-0.000
-0.000
-0.000
-0.000
0.001
0.001
-0.001
0.000
-0.001
0.001
0.000
0.000
0.001
-0.001
0.000
-0.000
-0.000
0.001
-0.001
-0.001
-0.001
-0.001
-0.000
-0.001
0.000
-0.000
-0.000
-0.000
-0.001
0.001
-0.001
-0.001
-0.000
0.000
-0.001
-0.001
-0.000
-0.000
0.000
0.000
-0.001
0.000
-0.001
-0.001
0.000
0.000
-0.002
-0.001
-0.001
-0.002
-0.000
0.000
0.001
-0.000
-0.000
0.000
0.000
-0.000
-0.000
-0.000
0.000
0.000
-0.001
-0.001
-0.000
-0.000
-0.001
-0.000
-0.000
-0.001
0.001
-0.000
-0.001
0.000
-0.000
0.000
-0.000
0.001
-0.001
-0.001
0.000
-0.001
-0.000
-0.001
-0.001
-0.001
0.000
-0.000
-0.000
-0.001
-0.000
-0.001
0.001
-0.000
0.040
0.075
0.069
0.075
0.055
0.063
0.048
0.054
0.054
0.054
0.063
0.066
0.074
0.062
0.068
0.050
0.043
0.036
0.038
0.041
0.041
0.052
0.051
0.057
0.050
0.050
0.044
0.050
0.043
0.047
0.040
0.043
0.035
0.036
0.029
0.029
0.032
0.020
0.030
0.018
0.027
0.020
0.022
0.018
0.017
0.020
0.013
0.018
0.012
0.021
0.008
0.014
0.011
0.012
0.008
0.006
0.008
0.004
0.005
0.003
0.003
0.002
0.002
0.001
0.001
0.002
0.003
0.002
0.002
0.002
0.002
0.003
0.002
0.001
0.001
0.002
0.002
0.003
0.001
0.002
0.001
0.002
0.001
0.000
0.001
0.000
-0.001
-0.000
0.001
0.000
0.001
0.001
0.000
0.001
-0.000
-0.000
0.000
-0.000
0.000
0.000
-0.000
0.001
-0.000
0.000
-0.001
0.002
-0.002
0.000
0.001
-0.000
0.001
0.001
-0.000
0.000
-0.000
0.000
-0.000
-0.000
0.001
0.000
-0.001
0.001
-0.001
0.000
-0.001
0.000
-0.000
-0.000
0.000
-0.000
-0.000
-0.000
-0.000
-0.000
-0.000
0.000
-0.001
0.001
-0.000
0.001
0.001
0.000
0.000
-0.001
-0.000
-0.000
-0.000
-0.001
0.000
0.001
0.000
-0.001
-0.000
0.001
-0.000
-0.000
-0.000
-0.000
0.000
-0.000
-0.000
-0.000
-0.001
-0.001
0.000
0.000
-0.000
-0.001
-0.000
-0.001
0.001
-0.001
0.001
-0.000
-0.001
-0.001
-0.000
-0.000
-0.001
-0.001
-0.000
-0.000
-0.001
-0.001
-0.001
-0.002
-0.001
-0.001
-0.000
-0.001
0.000
-0.001
0.001
-0.000
-0.000
-0.001
-0.001
-0.000
-0.001
-0.001
-0.000
0.108
0.108
0.108
0.114
0.101
0.099
0.092
0.094
0.101
0.092
0.112
0.103
0.119
0.105
0.103
0.098
0.087
0.082
0.083
0.095
0.091
0.104
0.102
0.107
0.102
0.107
0.099
0.105
0.097
0.102
0.088
0.090
0.084
0.078
0.081
0.063
0.071
0.052
0.069
0.055
0.066
0.054
0.054
0.056
0.050
0.055
0.041
0.056
0.039
0.045
0.035
0.038
0.038
0.031
0.034
0.025
0.030
0.019
0.015
0.012
0.009
0.007
0.004
0.005
0.006
0.005
0.008
0.010
0.012
0.015
0.012
0.013
0.011
0.012
0.010
0.012
0.007
0.009
0.008
0.007
0.010
0.006
0.007
0.003
0.006
0.004
0.004
0.005
0.003
0.004
0.003
0.002
0.001
0.002
0.002
0.001
0.000
0.001
0.001
0.000
0.002
0.001
0.001
0.001
-0.001
-0.000
-0.000
0.001
-0.001
0.000
0.000
-0.000
0.001
0.000
0.001
-0.001
0.001
0.001
0.001
0.000
0.000
0.001
-0.001
0.001
0.000
-0.001
0.000
-0.001
-0.000
-0.000
-0.000
0.000
-0.000
-0.002
-0.001
-0.001
-0.000
0.001
-0.000
-0.001
-0.001
-0.001
0.000
-0.001
-0.000
-0.001
0.001
-0.001
-0.001
0.000
-0.001
-0.000
-0.001
-0.001
-0.000
-0.000
-0.001
0.000
-0.000
-0.001
0.001
-0.001
0.001
-0.000
-0.000
-0.000
-0.000
-0.000
0.000
0.000
-0.001
-0.000
-0.001
-0.001
-0.000
-0.001
-0.001
-0.000
0.000
-0.001
-0.000
-0.000
-0.000
-0.000
0.000
-0.001
-0.000
-0.001
-0.001
0.001
-0.000
0.001
-0.002
-0.001
-0.001
-0.001
-0.001
-0.000
-0.001
-0.001
-0.001
0.111
0.132
0.141
0.140
0.138
0.133
0.125
0.133
0.128
0.145
0.135
0.150
0.143
0.159
0.157
0.144
0.143
0.144
0.092
0.131
0.153
0.151
0.159
0.146
0.157
0.151
0.162
0.154
0.163
0.152
0.151
0.146
0.128
0.140
0.121
0.129
0.105
0.126
0.106
0.112
0.101
0.105
0.108
0.097
0.112
0.093
0.108
0.088
0.093
0.088
0.089
0.089
0.080
0.088
0.072
0.072
0.047
0.051
0.039
0.033
0.025
0.020
0.020
0.018
0.021
0.018
0.032
0.033
0.040
0.037
0.046
0.042
0.047
0.038
0.041
0.031
0.033
0.038
0.029
0.033
0.026
0.032
0.020
0.030
0.019
0.022
0.021
0.019
0.024
0.014
0.024
0.012
0.018
0.009
0.015
0.009
0.010
0.009
0.005
0.009
0.007
0.012
0.006
0.008
0.006
0.004
0.004
0.005
0.004
0.004
0.002
0.003
0.002
0.002
0.003
0.002
0.002
-0.000
0.001
0.000
-0.000
0.001
0.001
0.000
0.001
0.001
0.000
-0.001
0.000
-0.000
0.000
-0.000
0.001
-0.001
0.000
-0.001
-0.001
0.001
0.000
0.001
-0.000
-0.002
-0.000
-0.001
0.001
-0.001
-0.001
-0.000
-0.000
0.000
-0.000
-0.000
-0.000
0.001
-0.000
-0.000
0.000
0.000
-0.000
-0.001
0.001
0.001
-0.000
-0.000
-0.000
-0.000
-0.001
0.000
0.000
0.001
0.000
-0.000
-0.000
-0.000
-0.000
-0.000
-0.000
-0.000
-0.002
0.000
-0.000
-0.000
-0.000
-0.000
0.000
-0.000
-0.000
0.000
0.000
-0.000
-0.001
-0.000
-0.001
-0.001
-0.002
-0.001
-0.001
-0.002
0.001
-0.001
-0.000
0.158
0.158
0.158
0.149
0.164
0.159
0.170
0.163
0.165
0.173
0.170
0.183
0.180
0.179
0.189
0.187
0.180
0.189
0.183
0.188
0.187
0.194
0.198
0.202
0.202
0.206
0.205
0.202
0.212
0.198
0.204
0.194
0.193
0.187
0.185
0.171
0.162
0.164
0.150
0.175
0.161
0.180
0.153
0.164
0.149
0.153
0.151
0.147
0.162
0.141
0.150
0.141
0.144
0.134
0.127
0.121
0.097
0.100
0.077
0.065
0.056
0.053
0.047
0.052
0.054
0.069
0.086
0.089
0.094
0.104
0.099
0.103
0.105
0.094
0.104
0.084
0.110
0.087
0.091
0.086
0.091
0.088
0.074
0.091
0.058
0.078
0.058
0.087
0.063
0.071
0.058
0.054
0.064
0.041
0.055
0.034
0.050
0.034
0.047
0.036
0.038
0.037
0.027
0.036
0.024
0.034
0.022
0.020
0.020
0.019
0.016
0.016
0.013
0.013
0.014
0.010
0.013
0.009
0.008
0.007
0.011
0.004
0.008
0.006
0.006
0.004
0.003
0.006
0.003
0.004
0.002
0.002
0.001
0.002
0.001
0.002
0.002
0.001
0.001
0.001
0.002
0.001
0.000
-0.000
0.001
0.001
0.001
-0.000
-0.000
-0.000
0.000
-0.000
0.000
0.001
0.001
0.000
0.000
0.000
0.000
0.001
-0.000
0.000
0.000
-0.000
-0.001
-0.000
-0.001
-0.001
0.000
-0.000
0.001
-0.000
-0.001
-0.000
-0.000
0.001
-0.000
-0.001
-0.002
0.000
-0.000
-0.001
-0.001
-0.000
-0.001
0.000
-0.000
-0.000
-0.002
-0.001
-0.001
-0.001
0.000
-0.000
-0.001
0.001
-0.000
-0.001
-0.001
-0.000
-0.000
0.152
0.161
0.173
0.174
0.173
0.180
0.176
0.184
0.199
0.192
0.197
0.199
0.207
0.207
0.210
0.214
0.215
0.214
0.216
0.217
0.211
0.238
0.232
0.237
0.247
0.243
0.245
0.245
0.249
0.252
0.247
0.245
0.245
0.228
0.217
0.205
0.206
0.203
0.188
0.203
0.195
0.196
0.195
0.213
0.190
0.225
0.195
0.200
0.198
0.191
0.195
0.191
0.205
0.177
0.186
0.172
0.161
0.139
0.120
0.118
0.102
0.105
0.089
0.100
0.107
0.133
0.138
0.149
0.158
0.167
0.168
0.175
0.184
0.181
0.184
0.170
0.193
0.177
0.188
0.168
0.190
0.167
0.178
0.159
0.164
0.180
0.153
0.183
0.144
0.187
0.142
0.160
0.143
0.144
0.147
0.120
0.149
0.109
0.161
0.111
0.134
0.106
0.111
0.115
0.087
0.099
0.076
0.093
0.071
0.083
0.066
0.071
0.058
0.057
0.053
0.051
0.043
0.041
0.044
0.035
0.034
0.027
0.033
0.027
0.030
0.021
0.022
0.019
0.019
0.017
0.015
0.020
0.013
0.015
0.008
0.013
0.008
0.010
0.008
0.006
0.010
0.003
0.009
0.004
0.007
0.004
0.004
0.004
0.004
0.004
0.002
0.002
0.001
0.001
0.002
0.001
0.002
0.001
0.001
0.001
-0.000
-0.000
-0.000
-0.000
-0.001
0.000
0.002
0.001
-0.000
-0.001
-0.000
-0.000
-0.000
0.000
0.000
-0.000
-0.000
-0.002
-0.001
-0.001
-0.000
0.000
-0.000
0.000
0.000
-0.001
-0.000
-0.000
-0.000
0.001
-0.001
-0.000
-0.000
-0.000
-0.000
-0.001
-0.001
-0.000
-0.000
-0.000
-0.001
0.176
0.176
0.176
0.188
0.189
0.181
0.191
0.201
0.187
0.210
0.219
0.213
0.224
0.225
0.228
0.217
0.230
0.232
0.245
0.245
0.245
0.244
0.259
0.251
0.270
0.265
0.279
0.270
0.271
0.271
0.262
0.285
0.265
0.269
0.247
0.258
0.241
0.239
0.227
0.226
0.223
0.227
0.233
0.231
0.238
0.227
0.229
0.229
0.242
0.239
0.226
0.242
0.236
0.236
0.228
0.221
0.202
0.192
0.181
0.168
0.165
0.160
0.154
0.156
0.164
0.186
0.199
0.203
0.215
0.215
0.246
0.235
0.256
0.251
0.240
0.269
0.250
0.278
0.242
0.277
0.265
0.277
0.276
0.265
0.283
0.259
0.298
0.260
0.315
0.263
0.309
0.272
0.294
0.289
0.271
0.282
0.262
0.305
0.258
0.277
0.244
0.273
0.246
0.237
0.236
0.209
0.215
0.188
0.204
0.176
0.180
0.159
0.174
0.148
0.159
0.133
0.139
0.117
0.122
0.112
0.098
0.110
0.084
0.103
0.070
0.096
0.060
0.075
0.061
0.066
0.067
0.050
0.070
0.037
0.065
0.034
0.049
0.034
0.039
0.035
0.028
0.037
0.022
0.031
0.018
0.021
0.020
0.019
0.017
0.017
0.014
0.012
0.012
0.012
0.011
0.010
0.009
0.009
0.009
0.006
0.006
0.005
0.005
0.003
0.003
0.002
0.002
0.003
0.001
0.002
0.001
0.002
0.001
0.001
0.001
0.000
0.001
-0.000
0.002
0.001
-0.001
-0.001
0.001
-0.001
-0.001
0.001
-0.000
-0.001
-0.000
0.000
0.000
-0.001
-0.001
-0.001
-0.001
-0.000
-0.001
0.001
-0.001
-0.001
-0.001
0.177
0.177
0.173
0.186
0.187
0.195
0.195
0.201
0.209
0.207
0.216
0.223
0.225
0.227
0.231
0.232
0.241
0.245
0.245
0.267
0.259
0.263
0.264
0.265
0.270
0.277
0.278
0.292
0.294
0.283
0.290
0.281
0.282
0.285
0.277
0.273
0.252
0.265
0.249
0.229
0.238
0.252
0.247
0.249
0.252
0.262
0.255
0.256
0.260
0.266
0.262
0.259
0.269
0.249
0.252
0.254
0.256
0.231
0.228
0.214
0.221
0.197
0.203
0.204
0.212
0.221
0.230
0.259
0.249
0.280
0.284
0.301
0.286
0.317
0.303
0.326
0.325
0.326
0.315
0.335
0.339
0.347
0.349
0.351
0.361
0.353
0.401
0.373
0.378
0.390
0.384
0.410
0.390
0.419
0.404
0.445
0.411
0.448
0.410
0.416
0.433
0.408
0.419
0.375
0.408
0.358
0.400
0.357
0.364
0.338
0.331
0.327
0.297
0.314
0.285
0.307
0.279
0.275
0.264
0.266
0.229
0.248
0.220
0.212
0.204
0.200
0.202
0.173
0.191
0.155
0.183
0.143
0.171
0.135
0.148
0.133
0.124
0.139
0.099
0.134
0.088
0.115
0.075
0.098
0.073
0.078
0.086
0.063
0.078
0.048
0.068
0.049
0.057
0.041
0.047
0.040
0.040
0.036
0.027
0.034
0.026
0.029
0.022
0.026
0.021
0.021
0.020
0.016
0.014
0.014
0.011
0.012
0.010
0.007
0.009
0.005
0.009
0.005
0.006
0.003
0.002
0.004
0.002
0.004
0.001
0.002
0.001
0.001
0.002
0.001
0.001
0.002
0.000
0.000
0.000
-0.000
0.001
0.000
0.000
-0.001
-0.000
0.187
0.187
0.187
0.185
0.193
0.190
0.195
0.206
0.204
0.212
0.209
0.221
0.223
0.222
0.242
0.249
0.247
0.244
0.256
0.252
0.233
0.185
0.235
0.258
0.286
0.288
0.285
0.302
0.307
0.288
0.301
0.303
0.305
0.301
0.297
0.281
0.284
0.267
0.268
0.263
0.253
0.260
0.262
0.272
0.268
0.269
0.275
0.273
0.272
0.279
0.277
0.292
0.278
0.278
0.285
0.272
0.287
0.267
0.262
0.258
0.258
0.253
0.244
0.237
0.248
0.269
0.273
0.279
0.295
0.309
0.319
0.329
0.337
0.354
0.355
0.358
0.367
0.367
0.383
0.385
0.419
0.404
0.433
0.411
0.431
0.436
0.458
0.457
0.453
0.498
0.475
0.512
0.483
0.540
0.509
0.546
0.533
0.513
0.542
0.538
0.572
0.519
0.541
0.514
0.519
0.514
0.525
0.476
0.503
0.487
0.491
0.493
0.475
0.466
0.442
0.463
0.424
0.434
0.393
0.424
0.401
0.396
0.366
0.379
0.387
0.338
0.370
0.301
0.354
0.298
0.344
0.291
0.296
0.304
0.267
0.301
0.238
0.283
0.235
0.261
0.219
0.218
0.222
0.202
0.205
0.180
0.198
0.169
0.175
0.151
0.159
0.149
0.142
0.132
0.133
0.109
0.112
0.106
0.100
0.099
0.088
0.097
0.066
0.087
0.065
0.075
0.054
0.059
0.057
0.048
0.052
0.039
0.048
0.029
0.048
0.028
0.037
0.026
0.017
0.017
0.010
0.022
0.014
0.020
0.012
0.017
0.010
0.012
0.011
0.010
0.008
0.010
0.005
0.005
0.006
0.003
0.004
0.005
0.003
0.002
0.003
0.182
0.181
0.184
0.191
0.185
0.200
0.193
0.208
0.216
0.208
0.215
0.227
0.230
0.238
0.238
0.245
0.239
0.249
0.254
0.243
0.194
0.162
0.155
0.238
0.268
0.285
0.286
0.291
0.306
0.298
0.313
0.307
0.320
0.293
0.306
0.300
0.296
0.289
0.271
0.273
0.268
0.277
0.271
0.267
0.269
0.271
0.274
0.275
0.276
0.285
0.278
0.293
0.284
0.291
0.281
0.288
0.291
0.299
0.286
0.282
0.272
0.272
0.269
0.269
0.276
0.286
0.304
0.314
0.314
0.326
0.352
0.351
0.365
0.364
0.375
0.390
0.400
0.406
0.406
0.436
0.434
0.446
0.456
0.472
0.472
0.493
0.507
0.516
0.527
0.536
0.562
0.556
0.591
0.561
0.596
0.580
0.623
0.617
0.632
0.633
0.631
0.652
0.625
0.654
0.611
0.624
0.632
0.617
0.606
0.600
0.606
0.582
0.611
0.574
0.588
0.579
0.548
0.549
0.560
0.540
0.547
0.531
0.519
0.538
0.503
0.513
0.469
0.486
0.456
0.492
0.453
0.450
0.461
0.430
0.446
0.405
0.451
0.396
0.416
0.382
0.409
0.370
0.358
0.373
0.329
0.361
0.310
0.342
0.308
0.328
0.293
0.302
0.271
0.268
0.268
0.254
0.260
0.233
0.241
0.199
0.226
0.190
0.202
0.168
0.182
0.163
0.166
0.161
0.137
0.147
0.125
0.148
0.112
0.134
0.099
0.110
0.090
0.093
0.094
0.042
0.065
0.057
0.080
0.057
0.065
0.053
0.048
0.048
0.039
0.045
0.032
0.043
0.026
0.031
0.025
0.027
0.021
0.019
0.017
0.017
0.015
0.186
0.186
0.186
0.178
0.206
0.198
0.202
0.206
0.219
0.216
0.213
0.214
0.223
0.229
0.239
0.242
0.251
0.237
0.264
0.264
0.205
0.156
0.165
0.238
0.259
0.280
0.289
0.289
0.294
0.303
0.309
0.318
0.313
0.309
0.317
0.297
0.293
0.298
0.282
0.272
0.276
0.247
0.262
0.257
0.267
0.277
0.278
0.276
0.282
0.288
0.288
0.286
0.287
0.287
0.285
0.304
0.288
0.298
0.284
0.280
0.280
0.294
0.290
0.297
0.298
0.296
0.316
0.326
0.316
0.341
0.365
0.362
0.374
0.385
0.403
0.399
0.415
0.417
0.442
0.459
0.466
0.486
0.474
0.508
0.516
0.547
0.534
0.564
0.574
0.584
0.605
0.620
0.640
0.615
0.657
0.652
0.694
0.672
0.689
0.698
0.730
0.711
0.687
0.697
0.706
0.692
0.706
0.717
0.691
0.695
0.698
0.693
0.675
0.697
0.677
0.667
0.668
0.671
0.638
0.650
0.666
0.648
0.655
0.622
0.631
0.618
0.612
0.612
0.599
0.609
0.575
0.599
0.551
0.585
0.536
0.565
0.537
0.521
0.518
0.484
0.528
0.482
0.508
0.469
0.476
0.441
0.448
0.457
0.420
0.446
0.412
0.421
0.411
0.416
0.387
0.389
0.373
0.366
0.361
0.339
0.334
0.338
0.324
0.316
0.322
0.287
0.298
0.261
0.284
0.253
0.252
0.234
0.230
0.241
0.207
0.222
0.172
0.203
0.166
0.188
0.148
0.156
0.155
0.136
0.150
0.109
0.122
0.100
0.115
0.092
0.101
0.086
0.087
0.081
0.069
0.073
0.066
0.056
0.051
0.052
0.041
0.175
0.186
0.181
0.190
0.202
0.198
0.207
0.196
0.212
0.213
0.224
0.219
0.215
0.230
0.234
0.242
0.238
0.244
0.259
0.264
0.267
0.237
0.249
0.264
0.280
0.284
0.310
0.305
0.310
0.299
0.304
0.308
0.318
0.312
0.322
0.316
0.303
0.315
0.293
0.286
0.281
0.267
0.235
0.253
0.266
0.259
0.276
0.276
0.273
0.279
0.299
0.294
0.291
0.291
0.289
0.292
0.300
0.309
0.306
0.297
0.299
0.298
0.311
0.330
0.302
0.316
0.326
0.326
0.347
0.351
0.356
0.371
0.379
0.382
0.398
0.409
0.408
0.432
0.446
0.470
0.469
0.475
0.502
0.515
0.523
0.534
0.548
0.558
0.591
0.604
0.628
0.621
0.640
0.670
0.679
0.692
0.707
0.731
0.733
0.746
0.752
0.757
0.747
0.765
0.762
0.778
0.748
0.774
0.756
0.759
0.724
0.760
0.746
0.758
0.762
0.753
0.734
0.737
0.740
0.727
0.718
0.721
0.741
0.710
0.736
0.714
0.705
0.697
0.693
0.694
0.678
0.668
0.653
0.665
0.665
0.657
0.630
0.645
0.628
0.625
0.600
0.594
0.623
0.595
0.573
0.559
0.579
0.551
0.556
0.553
0.517
0.542
0.534
0.513
0.492
0.492
0.486
0.494
0.474
0.478
0.444
0.463
0.441
0.428
0.423
0.413
0.418
0.378
0.405
0.368
0.388
0.355
0.330
0.361
0.317
0.356
0.311
0.330
0.273
0.283
0.253
0.196
0.257
0.253
0.248
0.220
0.228
0.205
0.205
0.193
0.186
0.172
0.174
0.161
0.157
0.151
0.137
0.134
0.129
0.122
0.110
0.192
0.192
0.192
0.193
0.199
0.208
0.203
0.203
0.220
0.227
0.216
0.223
0.228
0.235
0.245
0.250
0.244
0.259
0.248
0.268
0.268
0.262
0.271
0.283
0.281
0.290
0.290
0.299
0.299
0.305
0.317
0.319
0.318
0.321
0.314
0.333
0.317
0.308
0.309
0.308
0.284
0.281
0.271
0.252
0.252
0.268
0.272
0.265
0.284
0.276
0.277
0.289
0.287
0.292
0.284
0.296
0.294
0.294
0.302
0.301
0.294
0.295
0.307
0.313
0.308
0.326
0.317
0.330
0.342
0.348
0.363
0.359
0.370
0.393
0.397
0.403
0.404
0.434
0.420
0.440
0.458
0.483
0.493
0.521
0.525
0.532
0.561
0.561
0.567
0.613
0.611
0.637
0.633
0.648
0.664
0.688
0.702
0.712
0.727
0.736
0.765
0.762
0.753
0.782
0.760
0.767
0.766
0.758
0.755
0.765
0.782
0.765
0.761
0.772
0.777
0.771
0.775
0.752
0.779
0.761
0.760
0.752
0.747
0.744
0.749
0.744
0.758
0.743
0.741
0.740
0.722
0.726
0.722
0.711
0.718
0.693
0.692
0.690
0.689
0.682
0.658
0.673
0.658
0.648
0.642
0.647
0.616
0.618
0.597
0.597
0.619
0.608
0.606
0.582
0.576
0.563
0.577
0.547
0.542
0.534
0.546
0.522
0.515
0.524
0.508
0.484
0.484
0.477
0.460
0.462
0.443
0.454
0.415
0.427
0.424
0.417
0.394
0.386
0.395
0.351
0.348
0.293
0.340
0.317
0.318
0.288
0.290
0.285
0.271
0.272
0.254
0.267
0.229
0.238
0.212
0.222
0.201
0.198
0.200
0.173
0.183
0.177
0.181
0.188
0.195
0.192
0.203
0.202
0.202
0.206
0.216
0.227
0.219
0.239
0.232
0.245
0.242
0.245
0.248
0.262
0.271
0.272
0.281
0.277
0.281
0.293
0.290
0.293
0.306
0.302
0.313
0.320
0.327
0.327
0.334
0.323
0.320
0.325
0.330
0.311
0.314
0.302
0.292
0.284
0.267
0.250
0.263
0.259
0.268
0.279
0.274
0.280
0.285
0.291
0.283
0.294
0.289
0.291
0.308
0.290
0.307
0.299
0.303
0.318
0.312
0.315
0.324
0.317
0.322
0.322
0.346
0.348
0.352
0.365
0.368
0.374
0.392
0.400
0.419
0.431
0.430
0.425
0.457
0.484
0.499
0.517
0.501
0.535
0.547
0.557
0.575
0.621
0.613
0.637
0.650
0.655
0.681
0.699
0.713
0.732
0.737
0.740
0.760
0.760
0.748
0.762
0.766
0.764
0.757
0.780
0.773
0.738
0.750
0.770
0.762
0.777
0.772
0.777
0.786
0.775
0.777
0.774
0.757
0.742
0.768
0.775
0.765
0.739
0.769
0.758
0.745
0.742
0.755
0.755
0.728
0.747
0.719
0.740
0.710
0.717
0.705
0.717
0.699
0.680
0.695
0.694
0.672
0.669
0.644
0.670
0.681
0.666
0.656
0.645
0.641
0.630
0.626
0.589
0.592
0.582
0.600
0.589
0.584
0.563
0.576
0.564
0.562
0.553
0.533
0.532
0.524
0.526
0.500
0.528
0.493
0.497
0.467
0.478
0.447
0.440
0.421
0.424
0.397
0.382
0.396
0.386
0.365
0.357
0.364
0.314
0.331
0.315
0.311
0.314
0.291
0.282
0.260
0.272
0.259
0.251
0.218
0.250
0.184
0.184
0.184
0.194
0.197
0.203
0.199
0.210
0.211
0.221
0.216
0.230
0.233
0.227
0.238
0.244
0.248
0.243
0.254
0.245
0.278
0.273
0.267
0.285
0.284
0.289
0.301
0.304
0.313
0.307
0.312
0.314
0.328
0.326
0.321
0.330
0.330
0.333
0.327
0.313
0.304
0.307
0.291
0.277
0.268
0.253
0.263
0.270
0.277
0.271
0.278
0.280
0.277
0.287
0.283
0.286
0.293
0.291
0.304
0.292
0.311
0.307
0.315
0.305
0.322
0.286
0.276
0.281
0.322
0.333
0.346
0.350
0.358
0.360
0.369
0.381
0.377
0.407
0.408
0.427
0.444
0.451
0.454
0.472
0.482
0.512
0.510
0.526
0.539
0.565
0.577
0.608
0.615
0.628
0.649
0.669
0.680
0.671
0.712
0.725
0.738
0.750
0.762
0.781
0.770
0.775
0.795
0.774
0.782
0.770
0.759
0.776
0.789
0.784
0.782
0.758
0.734
0.759
0.782
0.771
0.752
0.769
0.766
0.750
0.771
0.763
0.752
0.754
0.756
0.759
0.750
0.752
0.748
0.742
0.737
0.738
0.727
0.711
0.715
0.720
0.700
0.720
0.695
0.716
0.669
0.688
0.665
0.671
0.654
0.648
0.673
0.654
0.658
0.644
0.621
0.625
0.632
0.635
0.628
0.618
0.626
0.633
0.602
0.589
0.579
0.594
0.587
0.575
0.567
0.573
0.556
0.554
0.537
0.541
0.530
0.513
0.504
0.495
0.491
0.462
0.475
0.452
0.441
0.437
0.417
0.428
0.400
0.411
0.379
0.376
0.357
0.349
0.348
0.338
0.343
0.328
0.319
0.291
0.304
0.287
0.281
0.185
0.180
0.193
0.193
0.186
0.195
0.210
0.207
0.212
0.209
0.220
0.217
0.228
0.230
0.244
0.234
0.252
0.241
0.253
0.263
0.270
0.273
0.282
0.282
0.285
0.293
0.285
0.293
0.303
0.320
0.312
0.313
0.320
0.327
0.327
0.327
0.326
0.327
0.331
0.329
0.327
0.306
0.303
0.286
0.282
0.263
0.259
0.273
0.259
0.264
0.289
0.274
0.284
0.285
0.280
0.292
0.281
0.284
0.297
0.305
0.291
0.305
0.301
0.316
0.313
0.239
0.177
0.213
0.292
0.320
0.321
0.350
0.353
0.350
0.358
0.361
0.398
0.386
0.404
0.411
0.413
0.425
0.458
0.463
0.464
0.490
0.502
0.524
0.542
0.565
0.564
0.589
0.599
0.601
0.627
0.639
0.661
0.656
0.672
0.708
0.711
0.719
0.748
0.741
0.745
0.766
0.779
0.753
0.751
0.733
0.399
0.761
0.771
0.771
0.772
0.759
0.752
0.767
0.770
0.737
0.771
0.755
0.775
0.764
0.786
0.764
0.764
0.757
0.750
0.748
0.753
0.766
0.747
0.730
0.725
0.716
0.709
0.714
0.714
0.721
0.708
0.702
0.699
0.691
0.683
0.694
0.683
0.659
0.681
0.643
0.618
0.659
0.633
0.659
0.638
0.650
0.631
0.638
0.601
0.619
0.602
0.606
0.635
0.616
0.609
0.589
0.590
0.571
0.576
0.556
0.554
0.549
0.544
0.523
0.532
0.512
0.520
0.511
0.483
0.490
0.478
0.468
0.460
0.435
0.434
0.438
0.428
0.415
0.404
0.391
0.387
0.360
0.372
0.359
0.351
0.350
0.327
0.318
0.301
0.311
0.304
0.189
0.189
0.189
0.198
0.191
0.188
0.208
0.205
0.219
0.221
0.214
0.226
0.237
0.238
0.228
0.236
0.245
0.251
0.254
0.275
0.270
0.276
0.276
0.295
0.294
0.287
0.295
0.314
0.296
0.317
0.310
0.317
0.322
0.323
0.330
0.341
0.334
0.328
0.328
0.316
0.318
0.318
0.303
0.283
0.285
0.272
0.256
0.246
0.260
0.261
0.264
0.264
0.270
0.270
0.277
0.279
0.285
0.276
0.293
0.277
0.293
0.290
0.299
0.294
0.309
0.222
0.174
0.180
0.281
0.327
0.326
0.339
0.334
0.331
0.355
0.348
0.364
0.356
0.379
0.369
0.407
0.420
0.434
0.434
0.452
0.461
0.486
0.503
0.518
0.518
0.543
0.561
0.577
0.603
0.613
0.619
0.663
0.676
0.691
0.695
0.709
0.719
0.738
0.747
0.753
0.758
0.772
0.768
0.761
0.700
0.525
0.767
0.765
0.763
0.778
0.761
0.767
0.762
0.767
0.788
0.766
0.773
0.752
0.756
0.777
0.769
0.764
0.744
0.747
0.772
0.737
0.742
0.718
0.710
0.735
0.726
0.729
0.722
0.733
0.704
0.680
0.713
0.709
0.702
0.697
0.681
0.688
0.681
0.667
0.655
0.652
0.655
0.664
0.681
0.643
0.652
0.649
0.628
0.633
0.626
0.618
0.645
0.606
0.610
0.596
0.594
0.591
0.591
0.586
0.567
0.576
0.549
0.546
0.541
0.539
0.529
0.528
0.514
0.508
0.521
0.491
0.480
0.476
0.466
0.450
0.438
0.439
0.427
0.421
0.398
0.403
0.396
0.390
0.384
0.367
0.360
0.352
0.348
0.340
0.321
0.314
0.191
0.189
0.192
0.199
0.201
0.213
0.197
0.215
0.214
0.220
0.220
0.228
0.238
0.231
0.238
0.241
0.255
0.249
0.256
0.263
0.271
0.270
0.268
0.272
0.280
0.285
0.299
0.289
0.292
0.314
0.298
0.320
0.309
0.327
0.325
0.321
0.337
0.332
0.340
0.331
0.331
0.333
0.314
0.301
0.298
0.290
0.266
0.259
0.251
0.250
0.260
0.263
0.251
0.267
0.265
0.264
0.273
0.277
0.276
0.278
0.280
0.286
0.286
0.292
0.297
0.297
0.222
0.273
0.294
0.310
0.316
0.317
0.328
0.339
0.347
0.356
0.354
0.371
0.375
0.384
0.395
0.392
0.412
0.411
0.453
0.454
0.464
0.488
0.492
0.526
0.525
0.530
0.573
0.582
0.593
0.610
0.634
0.641
0.662
0.660
0.706
0.710
0.727
0.742
0.742
0.753
0.775
0.774
0.780
0.787
0.754
0.765
0.789
0.779
0.789
0.787
0.744
0.785
0.747
0.764
0.786
0.767
0.782
0.763
0.760
0.763
0.775
0.779
0.758
0.749
0.765
0.759
0.755
0.748
0.732
0.772
0.726
0.731
0.733
0.710
0.701
0.716
0.694
0.712
0.708
0.692
0.668
0.669
0.686
0.667
0.674
0.666
0.669
0.678
0.640
0.632
0.628
0.634
0.652
0.627
0.623
0.619
0.623
0.620
0.596
0.603
0.603
0.600
0.589
0.588
0.580
0.563
0.563
0.535
0.556
0.548
0.530
0.524
0.524
0.517
0.516
0.499
0.490
0.485
0.457
0.460
0.445
0.442
0.432
0.429
0.406
0.414
0.392
0.399
0.382
0.373
0.358
0.355
0.346
0.340
0.335
0.193
0.193
0.193
0.187
0.203
0.197
0.209
0.203
0.208
0.222
0.225
0.226
0.234
0.241
0.240
0.244
0.243
0.242
0.256
0.258
0.253
0.274
0.277
0.275
0.287
0.280
0.296
0.298
0.304
0.305
0.323
0.308
0.317
0.322
0.322
0.338
0.327
0.325
0.342
0.345
0.331
0.335
0.334
0.302
0.317
0.291
0.286
0.265
0.258
0.250
0.249
0.198
0.226
0.255
0.256
0.275
0.268
0.276
0.272
0.281
0.284
0.283
0.284
0.297
0.296
0.285
0.296
0.292
0.297
0.306
0.316
0.321
0.336
0.332
0.343
0.346
0.349
0.352
0.372
0.367
0.381
0.392
0.413
0.415
0.433
0.458
0.467
0.484
0.496
0.524
0.518
0.534
0.553
0.585
0.588
0.591
0.632
0.645
0.662
0.679
0.687
0.687
0.724
0.728
0.755
0.740
0.766
0.770
0.778
0.769
0.780
0.753
0.770
0.766
0.769
0.755
0.780
0.774
0.762
0.781
0.786
0.765
0.780
0.760
0.786
0.758
0.749
0.787
0.749
0.777
0.729
0.744
0.746
0.727
0.742
0.731
0.729
0.727
0.739
0.729
0.717
0.714
0.716
0.715
0.710
0.698
0.691
0.695
0.692
0.681
0.697
0.676
0.662
0.663
0.661
0.655
0.655
0.672
0.641
0.647
0.666
0.621
0.636
0.625
0.629
0.609
0.602
0.584
0.581
0.572
0.581
0.568
0.560
0.574
0.557
0.544
0.523
0.538
0.521
0.525
0.515
0.491
0.481
0.456
0.475
0.478
0.471
0.449
0.450
0.429
0.433
0.413
0.402
0.393
0.392
0.401
0.367
0.358
0.353
0.346
0.324
0.181
0.192
0.188
0.198
0.204
0.215
0.210
0.218
0.209
0.228
0.220
0.236
0.239
0.242
0.255
0.245
0.247
0.250
0.264
0.254
0.274
0.269
0.282
0.295
0.289
0.296
0.298
0.302
0.294
0.316
0.308
0.328
0.328
0.327
0.332
0.333
0.339
0.345
0.345
0.346
0.346
0.340
0.333
0.331
0.330
0.318
0.301
0.274
0.266
0.257
0.260
0.258
0.227
0.259
0.265
0.262
0.274
0.267
0.280
0.276
0.281
0.287
0.281
0.304
0.292
0.296
0.302
0.310
0.299
0.322
0.312
0.320
0.318
0.321
0.343
0.335
0.346
0.345
0.360
0.362
0.369
0.391
0.402
0.413
0.432
0.431
0.462
0.458
0.486
0.494
0.517
0.534
0.543
0.562
0.578
0.587
0.599
0.633
0.664
0.675
0.680
0.689
0.694
0.718
0.741
0.739
0.755
0.776
0.778
0.789
0.792
0.784
0.760
0.790
0.797
0.793
0.798
0.797
0.779
0.769
0.777
0.763
0.754
0.784
0.787
0.771
0.761
0.752
0.785
0.789
0.750
0.778
0.746
0.766
0.757
0.763
0.719
0.731
0.702
0.730
0.708
0.717
0.709
0.723
0.717
0.694
0.690
0.693
0.680
0.684
0.687
0.666
0.665
0.677
0.671
0.655
0.655
0.657
0.645
0.646
0.618
0.618
0.627
0.615
0.626
0.608
0.601
0.601
0.608
0.580
0.576
0.559
0.562
0.582
0.557
0.536
0.547
0.516
0.520
0.500
0.526
0.512
0.493
0.493
0.465
0.469
0.457
0.455
0.450
0.425
0.426
0.428
0.416
0.383
0.381
0.376
0.364
0.371
0.359
0.336
0.332
0.191
0.191
0.191
0.195
0.197
0.209
0.204
0.215
0.219
0.216
0.221
0.226
0.232
0.234
0.224
0.238
0.237
0.255
0.255
0.255
0.263
0.270
0.278
0.272
0.290
0.278
0.294
0.310
0.302
0.302
0.323
0.321
0.332
0.321
0.318
0.335
0.331
0.343
0.334
0.330
0.339
0.348
0.342
0.340
0.337
0.309
0.310
0.298
0.271
0.263
0.244
0.246
0.240
0.243
0.262
0.265
0.254
0.268
0.272
0.275
0.277
0.280
0.277
0.278
0.277
0.295
0.277
0.286
0.310
0.309
0.311
0.311
0.303
0.322
0.328
0.321
0.337
0.338
0.353
0.348
0.360
0.377
0.375
0.403
0.393
0.426
0.430
0.456
0.468
0.489
0.485
0.506
0.522
0.535
0.572
0.584
0.569
0.605
0.622
0.656
0.670
0.707
0.699
0.710
0.748
0.743
0.746
0.765
0.775
0.792
0.647
0.704
0.782
0.784
0.787
0.774
0.785
0.802
0.800
0.779
0.805
0.795
0.754
0.779
0.775
0.785
0.783
0.768
0.770
0.771
0.756
0.776
0.784
0.763
0.745
0.745
0.731
0.751
0.733
0.719
0.732
0.739
0.725
0.703
0.711
0.695
0.696
0.692
0.684
0.671
0.676
0.672
0.674
0.656
0.671
0.657
0.648
0.639
0.632
0.654
0.656
0.618
0.607
0.618
0.606
0.610
0.607
0.598
0.597
0.579
0.582
0.579
0.579
0.556
0.549
0.543
0.542
0.539
0.520
0.511
0.512
0.504
0.476
0.492
0.487
0.467
0.459
0.451
0.449
0.434
0.411
0.423
0.394
0.380
0.395
0.390
0.361
0.373
0.357
0.345
0.347
0.186
0.187
0.187
0.205
0.197
0.202
0.204
0.208
0.222
0.223
0.225
0.222
0.240
0.228
0.240
0.247
0.255
0.257
0.265
0.260
0.263
0.276
0.278
0.284
0.275
0.273
0.302
0.293
0.307
0.312
0.321
0.314
0.328
0.318
0.330
0.324
0.355
0.342
0.333
0.351
0.360
0.346
0.354
0.354
0.346
0.341
0.334
0.313
0.288
0.275
0.242
0.252
0.249
0.258
0.250
0.273
0.266
0.263
0.268
0.262
0.270
0.267
0.272
0.285
0.286
0.284
0.286
0.287
0.307
0.310
0.305
0.314
0.306
0.318
0.316
0.327
0.336
0.333
0.338
0.354
0.349
0.377
0.389
0.390
0.415
0.413
0.420
0.435
0.438
0.448
0.474
0.505
0.514
0.513
0.531
0.534
0.559
0.575
0.605
0.628
0.645
0.647
0.668
0.673
0.707
0.725
0.734
0.743
0.767
0.723
0.394
0.425
0.675
0.771
0.770
0.771
0.760
0.775
0.772
0.806
0.773
0.772
0.777
0.755
0.760
0.783
0.759
0.757
0.768
0.745
0.764
0.728
0.753
0.765
0.736
0.729
0.736
0.738
0.719
0.728
0.705
0.718
0.722
0.696
0.695
0.707
0.674
0.700
0.665
0.674
0.681
0.676
0.683
0.661
0.683
0.691
0.664
0.685
0.663
0.679
0.688
0.666
0.639
0.644
0.642
0.612
0.629
0.600
0.608
0.603
0.589
0.580
0.584
0.570
0.556
0.548
0.538
0.548
0.544
0.514
0.499
0.512
0.495
0.474
0.488
0.480
0.456
0.450
0.444
0.446
0.443
0.416
0.416
0.389
0.392
0.379
0.365
0.365
0.360
0.350
0.332
0.182
0.182
0.182
0.196
0.203
0.187
0.205
0.219
0.210
0.222
0.221
0.221
0.233
0.243
0.246
0.253
0.248
0.254
0.255
0.267
0.268
0.265
0.269
0.259
0.284
0.284
0.291
0.294
0.310
0.301
0.314
0.327
0.328
0.321
0.328
0.330
0.339
0.347
0.350
0.343
0.352
0.356
0.353
0.359
0.349
0.348
0.333
0.340
0.313
0.288
0.265
0.254
0.242
0.249
0.249
0.267
0.251
0.275
0.264
0.267
0.266
0.276
0.282
0.271
0.294
0.291
0.287
0.301
0.295
0.295
0.288
0.298
0.316
0.326
0.312
0.322
0.334
0.336
0.340
0.344
0.334
0.347
0.375
0.382
0.390
0.406
0.409
0.438
0.420
0.465
0.473
0.496
0.485
0.500
0.540
0.544
0.551
0.556
0.585
0.620
0.638
0.662
0.640
0.690
0.701
0.721
0.714
0.733
0.739
0.692
0.399
0.392
0.668
0.784
0.791
0.777
0.798
0.770
0.804
0.785
0.781
0.769
0.774
0.773
0.791
0.786
0.793
0.758
0.781
0.770
0.774
0.782
0.756
0.735
0.719
0.724
0.704
0.737
0.734
0.733
0.695
0.703
0.711
0.716
0.720
0.696
0.691
0.697
0.705
0.712
0.674
0.671
0.697
0.658
0.662
0.657
0.665
0.646
0.644
0.634
0.627
0.617
0.631
0.613
0.613
0.621
0.618
0.591
0.601
0.606
0.563
0.577
0.581
0.552
0.552
0.539
0.526
0.524
0.536
0.505
0.515
0.507
0.497
0.477
0.477
0.468
0.449
0.443
0.426
0.444
0.433
0.414
0.406
0.391
0.397
0.401
0.373
0.366
0.349
0.356
0.334
0.185
0.189
0.194
0.190
0.188
0.204
0.211
0.214
0.209
0.220
0.220
0.233
0.236
0.242
0.239
0.251
0.251
0.248
0.250
0.254
0.267
0.269
0.264
0.274
0.278
0.283
0.291
0.288
0.312
0.307
0.300
0.315
0.321
0.336
0.309
0.324
0.341
0.338
0.339
0.362
0.349
0.352
0.367
0.350
0.357
0.364
0.356
0.340
0.312
0.293
0.294
0.250
0.241
0.240
0.246
0.257
0.253
0.254
0.265
0.259
0.244
0.279
0.262
0.273
0.274
0.278
0.277
0.268
0.290
0.282
0.290
0.290
0.292
0.302
0.306
0.305
0.311
0.315
0.311
0.326
0.333
0.329
0.347
0.353
0.368
0.370
0.387
0.405
0.414
0.424
0.431
0.445
0.457
0.481
0.504
0.500
0.532
0.557
0.532
0.582
0.597
0.606
0.648
0.656
0.677
0.675
0.724
0.711
0.730
0.755
0.585
0.611
0.741
0.785
0.792
0.765
0.787
0.778
0.774
0.784
0.776
0.795
0.748
0.767
0.774
0.790
0.798
0.771
0.746
0.774
0.769
0.765
0.766
0.750
0.745
0.735
0.321
0.593
0.756
0.729
0.748
0.736
0.711
0.707
0.682
0.704
0.676
0.695
0.696
0.681
0.692
0.675
0.690
0.675
0.668
0.635
0.669
0.646
0.651
0.645
0.636
0.642
0.634
0.633
0.630
0.621
0.600
0.605
0.625
0.584
0.597
0.577
0.566
0.492
0.564
0.575
0.538
0.532
0.540
0.525
0.512
0.509
0.492
0.490
0.476
0.472
0.467
0.455
0.445
0.436
0.425
0.429
0.410
0.398
0.385
0.375
0.374
0.374
0.359
0.348
0.342
0.193
0.193
0.193
0.201
0.206
0.206
0.215
0.211
0.226
0.220
0.220
0.227
0.237
0.245
0.240
0.248
0.257
0.247
0.255
0.266
0.262
0.273
0.280
0.283
0.283
0.301
0.286
0.301
0.299
0.307
0.305
0.313
0.334
0.329
0.332
0.337
0.325
0.345
0.347
0.340
0.364
0.370
0.353
0.353
0.367
0.366
0.355
0.354
0.342
0.331
0.301
0.282
0.268
0.250
0.243
0.257
0.261
0.257
0.263
0.259
0.257
0.261
0.279
0.260
0.273
0.267
0.279
0.289
0.286
0.279
0.293
0.286
0.298
0.301
0.297
0.302
0.294
0.314
0.310
0.330
0.338
0.337
0.331
0.362
0.370
0.369
0.378
0.385
0.402
0.414
0.440
0.439
0.474
0.464
0.491
0.500
0.509
0.543
0.553
0.582
0.573
0.608
0.630
0.652
0.648
0.672
0.687
0.712
0.720
0.714
0.757
0.739
0.785
0.794
0.775
0.764
0.757
0.802
0.765
0.776
0.750
0.729
0.769
0.771
0.753
0.767
0.739
0.765
0.736
0.764
0.748
0.769
0.765
0.769
0.732
0.741
0.675
0.712
0.727
0.730
0.708
0.708
0.722
0.704
0.699
0.702
0.678
0.690
0.682
0.678
0.700
0.671
0.657
0.686
0.684
0.638
0.671
0.653
0.647
0.657
0.628
0.636
0.635
0.633
0.637
0.598
0.610
0.616
0.596
0.601
0.597
0.600
0.557
0.512
0.557
0.559
0.534
0.524
0.530
0.521
0.511
0.513
0.491
0.499
0.486
0.474
0.470
0.450
0.438
0.441
0.433
0.422
0.402
0.381
0.393
0.387
0.385
0.370
0.365
0.346
0.326
0.189
0.189
0.191
0.201
0.191
0.205
0.207
0.215
0.216
0.220
0.228
0.230
0.233
0.228
0.246
0.251
0.254
0.250
0.256
0.263
0.256
0.279
0.268
0.279
0.278
0.295
0.295
0.304
0.312
0.306
0.311
0.314
0.334
0.320
0.338
0.327
0.323
0.344
0.346
0.356
0.359
0.355
0.353
0.359
0.377
0.364
0.367
0.359
0.343
0.338
0.332
0.312
0.284
0.262
0.245
0.252
0.250
0.244
0.258
0.267
0.260
0.269
0.267
0.270
0.262
0.265
0.270
0.281
0.278
0.286
0.281
0.280
0.296
0.295
0.301
0.296
0.302
0.304
0.310
0.309
0.321
0.329
0.330
0.339
0.342
0.357
0.362
0.367
0.375
0.404
0.409
0.419
0.447
0.459
0.485
0.479
0.503
0.499
0.522
0.541
0.559
0.573
0.583
0.604
0.629
0.671
0.656
0.686
0.703
0.699
0.727
0.739
0.760
0.778
0.794
0.761
0.771
0.767
0.757
0.775
0.790
0.770
0.752
0.790
0.761
0.781
0.741
0.739
0.756
0.746
0.751
0.752
0.745
0.740
0.740
0.757
0.749
0.754
0.746
0.713
0.725
0.728
0.706
0.706
0.699
0.696
0.715
0.677
0.687
0.694
0.693
0.684
0.665
0.681
0.654
0.654
0.668
0.650
0.651
0.677
0.644
0.639
0.634
0.628
0.651
0.607
0.631
0.599
0.609
0.612
0.603
0.567
0.574
0.570
0.549
0.560
0.542
0.523
0.532
0.532
0.514
0.521
0.492
0.487
0.482
0.465
0.467
0.454
0.441
0.437
0.422
0.428
0.389
0.389
0.391
0.387
0.384
0.373
0.366
0.351
0.337
0.194
0.194
0.194
0.202
0.204
0.205
0.211
0.219
0.208
0.223
0.228
0.225
0.230
0.233
0.248
0.256
0.252
0.257
0.262
0.263
0.276
0.277
0.275
0.287
0.287
0.295
0.295
0.297
0.295
0.301
0.309
0.322
0.314
0.323
0.332
0.344
0.341
0.350
0.359
0.356
0.358
0.370
0.373
0.369
0.371
0.362
0.369
0.367
0.366
0.353
0.340
0.319
0.294
0.253
0.239
0.240
0.251
0.251
0.258
0.250
0.262
0.258
0.260
0.260
0.263
0.277
0.267
0.269
0.267
0.274
0.281
0.290
0.280
0.298
0.293
0.292
0.300
0.303
0.306
0.296
0.314
0.330
0.326
0.325
0.340
0.321
0.351
0.360
0.369
0.387
0.399
0.386
0.412
0.430
0.439
0.442
0.468
0.493
0.508
0.526
0.552
0.561
0.587
0.589
0.625
0.634
0.653
0.662
0.687
0.707
0.725
0.740
0.745
0.758
0.794
0.771
0.770
0.770
0.763
0.782
0.787
0.783
0.749
0.758
0.789
0.782
0.752
0.757
0.763
0.754
0.763
0.769
0.755
0.744
0.742
0.729
0.742
0.755
0.734
0.728
0.715
0.736
0.714
0.702
0.738
0.731
0.699
0.701
0.711
0.684
0.689
0.678
0.671
0.673
0.549
0.641
0.668
0.659
0.654
0.660
0.647
0.634
0.633
0.626
0.621
0.621
0.616
0.592
0.593
0.604
0.582
0.583
0.560
0.574
0.564
0.534
0.542
0.527
0.522
0.528
0.501
0.490
0.489
0.482
0.472
0.469
0.445
0.453
0.446
0.424
0.431
0.421
0.401
0.404
0.392
0.377
0.365
0.370
0.363
0.362
0.339
0.195
0.200
0.194
0.188
0.193
0.205
0.208
0.211
0.218
0.225
0.222
0.232
0.238
0.238
0.239
0.244
0.249
0.256
0.268
0.264
0.267
0.275
0.278
0.279
0.281
0.289
0.292
0.301
0.295
0.301
0.309
0.322
0.319
0.330
0.326
0.324
0.342
0.345
0.367
0.354
0.362
0.361
0.381
0.374
0.379
0.384
0.391
0.364
0.375
0.380
0.366
0.355
0.272
0.206
0.246
0.250
0.247
0.239
0.256
0.254
0.263
0.268
0.263
0.250
0.267
0.276
0.279
0.283
0.272
0.271
0.273
0.285
0.285
0.281
0.291
0.292
0.305
0.313
0.307
0.303
0.303
0.315
0.341
0.336
0.347
0.350
0.349
0.350
0.376
0.387
0.389
0.406
0.423
0.420
0.436
0.430
0.471
0.471
0.502
0.510
0.538
0.537
0.569
0.580
0.621
0.640
0.644
0.642
0.678
0.691
0.709
0.721
0.749
0.747
0.782
0.779
0.778
0.794
0.789
0.781
0.774
0.777
0.785
0.746
0.775
0.773
0.763
0.759
0.778
0.782
0.767
0.766
0.770
0.766
0.765
0.745
0.723
0.763
0.724
0.720
0.728
0.742
0.717
0.731
0.715
0.716
0.715
0.715
0.689
0.714
0.687
0.682
0.686
0.647
0.342
0.416
0.618
0.674
0.662
0.648
0.647
0.642
0.656
0.641
0.643
0.631
0.629
0.626
0.618
0.611
0.603
0.607
0.605
0.586
0.560
0.570
0.557
0.562
0.538
0.527
0.521
0.512
0.498
0.500
0.491
0.494
0.475
0.457
0.455
0.453
0.450
0.430
0.427
0.426
0.414
0.406
0.398
0.392
0.366
0.362
0.358
0.200
0.200
0.200
0.201
0.201
0.203
0.209
0.218
0.220
0.227
0.233
0.239
0.239
0.236
0.215
0.248
0.263
0.253
0.265
0.283
0.277
0.280
0.280
0.287
0.283
0.293
0.289
0.297
0.307
0.301
0.313
0.314
0.320
0.334
0.342
0.339
0.345
0.340
0.359
0.363
0.355
0.369
0.368
0.375
0.376
0.383
0.371
0.385
0.369
0.372
0.373
0.359
0.339
0.312
0.283
0.259
0.245
0.243
0.256
0.252
0.256
0.258
0.268
0.269
0.269
0.265
0.269
0.261
0.278
0.272
0.280
0.269
0.283
0.295
0.298
0.294
0.295
0.301
0.311
0.313
0.310
0.323
0.318
0.325
0.335
0.323
0.349
0.366
0.366
0.374
0.380
0.403
0.398
0.413
0.431
0.454
0.461
0.456
0.487
0.494
0.523
0.545
0.565
0.562
0.602
0.621
0.652
0.656
0.676
0.704
0.715
0.725
0.727
0.756
0.743
0.784
0.801
0.793
0.789
0.784
0.793
0.789
0.775
0.767
0.792
0.784
0.769
0.763
0.791
0.786
0.785
0.770
0.756
0.757
0.778
0.758
0.763
0.743
0.748
0.743
0.746
0.743
0.725
0.733
0.736
0.737
0.720
0.707
0.706
0.701
0.709
0.675
0.691
0.585
0.354
0.355
0.598
0.659
0.671
0.663
0.653
0.641
0.652
0.650
0.633
0.630
0.623
0.634
0.625
0.607
0.612
0.607
0.590
0.583
0.566
0.563
0.557
0.558
0.531
0.546
0.533
0.500
0.502
0.511
0.488
0.476
0.479
0.455
0.455
0.448
0.432
0.420
0.430
0.425
0.405
0.390
0.391
0.379
0.364
0.358
0.344
0.193
0.198
0.190
0.198
0.200
0.218
0.205
0.219
0.225
0.220
0.229
0.224
0.238
0.249
0.247
0.245
0.258
0.259
0.267
0.261
0.264
0.275
0.287
0.283
0.280
0.289
0.301
0.298
0.307
0.312
0.313
0.320
0.331
0.329
0.330
0.344
0.337
0.342
0.351
0.356
0.369
0.359
0.367
0.385
0.366
0.385
0.387
0.384
0.390
0.382
0.371
0.359
0.364
0.324
0.323
0.281
0.265
0.238
0.240
0.245
0.245
0.258
0.246
0.255
0.251
0.260
0.259
0.264
0.253
0.265
0.262
0.270
0.278
0.261
0.264
0.294
0.290
0.281
0.295
0.293
0.310
0.310
0.317
0.314
0.307
0.309
0.334
0.334
0.354
0.336
0.369
0.366
0.384
0.395
0.404
0.413
0.430
0.441
0.451
0.480
0.495
0.514
0.527
0.554
0.563
0.579
0.591
0.610
0.654
0.650
0.691
0.709
0.694
0.735
0.744
0.759
0.778
0.765
0.774
0.760
0.769
0.787
0.769
0.766
0.766
0.796
0.774
0.754
0.778
0.752
0.730
0.755
0.751
0.757
0.742
0.752
0.745
0.725
0.730
0.725
0.717
0.715
0.701
0.714
0.704
0.720
0.683
0.689
0.689
0.684
0.683
0.661
0.670
0.643
0.481
0.538
0.616
0.669
0.656
0.644
0.655
0.648
0.660
0.644
0.621
0.617
0.631
0.614
0.625
0.607
0.587
0.572
0.579
0.584
0.568
0.567
0.560
0.541
0.533
0.516
0.539
0.513
0.502
0.494
0.481
0.486
0.479
0.452
0.452
0.442
0.431
0.428
0.414
0.410
0.410
0.403
0.392
0.366
0.367
0.362
0.367
0.192
0.192
0.192
0.199
0.200
0.207
0.212
0.217
0.210
0.220
0.225
0.232
0.248
0.247
0.243
0.249
0.248
0.248
0.252
0.264
0.267
0.263
0.265
0.269
0.280
0.283
0.295
0.297
0.302
0.314
0.318
0.317
0.331
0.320
0.340
0.330
0.339
0.338
0.327
0.361
0.362
0.380
0.374
0.370
0.389
0.382
0.382
0.398
0.410
0.372
0.381
0.379
0.375
0.357
0.341
0.312
0.271
0.257
0.235
0.239
0.258
0.243
0.254
0.252
0.249
0.256
0.259
0.266
0.275
0.264
0.263
0.261
0.267
0.272
0.290
0.291
0.295
0.288
0.292
0.292
0.296
0.294
0.304
0.311
0.315
0.320
0.340
0.325
0.349
0.330
0.354
0.361
0.367
0.386
0.406
0.406
0.409
0.430
0.452
0.461
0.472
0.487
0.523
0.550
0.562
0.571
0.590
0.604
0.675
0.661
0.661
0.692
0.702
0.728
0.747
0.753
0.780
0.774
0.797
0.793
0.788
0.779
0.793
0.772
0.793
0.789
0.799
0.805
0.778
0.791
0.766
0.771
0.773
0.766
0.754
0.748
0.769
0.764
0.764
0.730
0.738
0.737
0.719
0.735
0.743
0.738
0.723
0.711
0.701
0.725
0.693
0.701
0.689
0.674
0.674
0.684
0.672
0.658
0.659
0.658
0.646
0.640
0.629
0.635
0.631
0.604
0.628
0.628
0.607
0.589
0.603
0.579
0.583
0.574
0.563
0.567
0.552
0.547
0.523
0.509
0.515
0.517
0.511
0.488
0.486
0.464
0.468
0.461
0.442
0.439
0.427
0.417
0.414
0.407
0.391
0.388
0.394
0.374
0.357
0.350
0.350
0.194
0.191
0.193
0.200
0.194
0.206
0.212
0.216
0.210
0.205
0.218
0.237
0.238
0.237
0.245
0.252
0.257
0.257
0.258
0.270
0.284
0.266
0.280
0.281
0.288
0.283
0.290
0.280
0.308
0.309
0.306
0.308
0.316
0.320
0.327
0.341
0.333
0.332
0.328
0.350
0.348
0.357
0.369
0.374
0.373
0.378
0.394
0.382
0.380
0.385
0.378
0.380
0.371
0.361
0.349
0.323
0.303
0.278
0.242
0.228
0.241
0.241
0.244
0.238
0.241
0.248
0.249
0.252
0.247
0.253
0.254
0.260
0.268
0.266
0.270
0.266
0.268
0.273
0.285
0.277
0.282
0.287
0.288
0.287
0.310
0.303
0.318
0.304
0.324
0.325
0.336
0.346
0.342
0.350
0.369
0.378
0.379
0.414
0.403
0.453
0.450
0.462
0.478
0.488
0.511
0.539
0.539
0.569
0.578
0.623
0.619
0.646
0.664
0.678
0.707
0.719
0.733
0.748
0.766
0.762
0.776
0.753
0.767
0.756
0.755
0.783
0.731
0.747
0.761
0.759
0.761
0.751
0.770
0.762
0.771
0.751
0.726
0.724
0.723
0.727
0.750
0.719
0.729
0.685
0.701
0.710
0.702
0.697
0.713
0.704
0.674
0.681
0.676
0.685
0.681
0.670
0.673
0.662
0.661
0.638
0.657
0.643
0.641
0.642
0.638
0.625
0.610
0.615
0.599
0.594
0.603
0.587
0.594
0.569
0.561
0.542
0.548
0.524
0.534
0.517
0.517
0.499
0.504
0.499
0.494
0.479
0.468
0.460
0.442
0.438
0.430
0.413
0.419
0.415
0.396
0.395
0.372
0.365
0.362
0.363
0.349
0.193
0.193
0.193
0.195
0.207
0.204
0.207
0.206
0.213
0.220
0.220
0.228
0.227
0.249
0.245
0.245
0.264
0.262
0.261
0.255
0.271
0.284
0.270
0.277
0.289
0.295
0.295
0.311
0.294
0.309
0.308
0.309
0.325
0.315
0.325
0.333
0.335
0.331
0.330
0.356
0.361
0.365
0.374
0.379
0.386
0.374
0.383
0.399
0.399
0.392
0.391
0.395
0.379
0.382
0.371
0.356
0.344
0.298
0.272
0.247
0.241
0.255
0.253
0.244
0.253
0.246
0.251
0.249
0.247
0.264
0.259
0.274
0.265
0.266
0.271
0.272
0.272
0.267
0.275
0.281
0.281
0.297
0.295
0.304
0.309
0.314
0.305
0.322
0.325
0.335
0.330
0.354
0.351
0.359
0.376
0.378
0.384
0.380
0.407
0.419
0.453
0.450
0.466
0.489
0.520
0.537
0.533
0.553
0.578
0.597
0.613
0.636
0.646
0.679
0.694
0.701
0.735
0.736
0.748
0.754
0.770
0.762
0.779
0.752
0.742
0.761
0.784
0.776
0.764
0.751
0.752
0.744
0.743
0.728
0.742
0.758
0.756
0.738
0.729
0.736
0.699
0.717
0.723
0.740
0.727
0.715
0.724
0.714
0.707
0.685
0.699
0.685
0.688
0.694
0.680
0.667
0.671
0.657
0.654
0.667
0.650
0.649
0.643
0.628
0.626
0.622
0.594
0.621
0.610
0.599
0.594
0.593
0.582
0.577
0.566
0.546
0.554
0.533
0.535
0.529
0.524
0.511
0.514
0.503
0.501
0.481
0.465
0.462
0.460
0.450
0.428
0.426
0.422
0.413
0.398
0.382
0.364
0.367
0.317
0.349
0.347
0.186
0.188
0.197
0.196
0.198
0.207
0.205
0.216
0.216
0.217
0.224
0.233
0.232
0.235
0.245
0.251
0.254
0.262
0.269
0.277
0.277
0.286
0.275
0.293
0.280
0.291
0.293
0.301
0.307
0.307
0.320
0.314
0.331
0.326
0.324
0.323
0.333
0.336
0.348
0.348
0.352
0.344
0.338
0.367
0.365
0.382
0.387
0.390
0.387
0.399
0.398
0.396
0.398
0.389
0.388
0.377
0.346
0.337
0.306
0.265
0.233
0.235
0.234
0.244
0.247
0.241
0.254
0.242
0.246
0.252
0.252
0.254
0.266
0.248
0.271
0.262
0.271
0.269
0.278
0.292
0.277
0.280
0.291
0.296
0.299
0.293
0.303
0.313
0.311
0.312
0.326
0.333
0.324
0.350
0.359
0.368
0.363
0.396
0.401
0.407
0.417
0.449
0.449
0.471
0.483
0.487
0.523
0.534
0.555
0.561
0.598
0.611
0.626
0.655
0.662
0.697
0.717
0.730
0.734
0.756
0.798
0.753
0.764
0.775
0.743
0.767
0.748
0.769
0.756
0.740
0.752
0.771
0.759
0.731
0.738
0.744
0.739
0.741
0.746
0.712
0.724
0.732
0.713
0.715
0.710
0.719
0.717
0.703
0.698
0.692
0.691
0.690
0.682
0.669
0.657
0.685
0.664
0.654
0.649
0.642
0.647
0.640
0.623
0.634
0.627
0.623
0.613
0.601
0.615
0.596
0.568
0.572
0.565
0.570
0.585
0.548
0.534
0.551
0.533
0.514
0.512
0.503
0.507
0.485
0.482
0.488
0.466
0.453
0.452
0.409
0.424
0.420
0.409
0.418
0.394
0.366
0.352
0.245
0.237
0.296
0.347
0.197
0.197
0.197
0.202
0.204
0.216
0.215
0.210
0.217
0.213
0.231
0.228
0.231
0.251
0.250
0.245
0.260
0.255
0.256
0.277
0.266
0.267
0.282
0.277
0.282
0.295
0.292
0.295
0.290
0.307
0.302
0.303
0.317
0.302
0.337
0.334
0.325
0.338
0.337
0.337
0.262
0.214
0.317
0.369
0.364
0.398
0.395
0.393
0.390
0.408
0.396
0.405
0.406
0.390
0.403
0.375
0.378
0.338
0.319
0.303
0.256
0.233
0.228
0.235
0.246
0.253
0.244
0.250
0.250
0.253
0.255
0.256
0.255
0.259
0.264
0.267
0.264
0.268
0.272
0.279
0.267
0.277
0.283
0.285
0.281
0.286
0.291
0.301
0.292
0.302
0.303
0.334
0.324
0.332
0.335
0.349
0.362
0.373
0.367
0.384
0.414
0.415
0.441
0.437
0.468
0.476
0.498
0.536
0.555
0.542
0.581
0.589
0.619
0.642
0.657
0.665
0.692
0.710
0.740
0.730
0.738
0.744
0.759
0.753
0.761
0.743
0.769
0.772
0.742
0.743
0.742
0.752
0.745
0.727
0.735
0.751
0.728
0.733
0.728
0.710
0.710
0.715
0.719
0.703
0.702
0.675
0.672
0.658
0.675
0.656
0.653
0.685
0.659
0.692
0.676
0.666
0.670
0.673
0.646
0.626
0.638
0.638
0.618
0.587
0.622
0.598
0.614
0.604
0.585
0.597
0.587
0.564
0.567
0.561
0.531
0.550
0.539
0.522
0.527
0.520
0.519
0.504
0.511
0.502
0.476
0.473
0.453
0.451
0.450
0.439
0.430
0.424
0.411
0.406
0.386
0.364
0.329
0.237
0.218
0.272
0.337
0.196
0.190
0.187
0.200
0.198
0.206
0.210
0.215
0.212
0.223
0.230
0.230
0.243
0.238
0.239
0.247
0.248
0.267
0.249
0.275
0.270
0.272
0.279
0.265
0.294
0.304
0.293
0.218
0.221
0.281
0.291
0.318
0.322
0.320
0.315
0.329
0.325
0.329
0.332
0.332
0.218
0.198
0.221
0.351
0.377
0.380
0.388
0.374
0.407
0.398
0.398
0.401
0.407
0.389
0.412
0.397
0.385
0.383
0.350
0.326
0.281
0.254
0.244
0.236
0.244
0.240
0.243
0.243
0.237
0.251
0.254
0.243
0.249
0.262
0.261
0.263
0.267
0.273
0.271
0.285
0.273
0.283
0.280
0.288
0.281
0.283
0.301
0.295
0.293
0.311
0.307
0.319
0.322
0.327
0.336
0.342
0.341
0.356
0.370
0.366
0.391
0.405
0.419
0.419
0.454
0.474
0.475
0.492
0.521
0.534
0.557
0.565
0.589
0.621
0.616
0.653
0.679
0.704
0.684
0.718
0.749
0.732
0.734
0.758
0.755
0.762
0.737
0.753
0.779
0.751
0.768
0.732
0.739
0.761
0.722
0.747
0.737
0.747
0.722
0.729
0.721
0.713
0.719
0.704
0.689
0.700
0.701
0.699
0.685
0.701
0.681
0.681
0.678
0.683
0.660
0.678
0.685
0.661
0.648
0.657
0.642
0.639
0.627
0.637
0.625
0.630
0.610
0.605
0.610
0.591
0.604
0.580
0.582
0.574
0.555
0.564
0.543
0.533
0.537
0.524
0.522
0.507
0.500
0.501
0.498
0.466
0.478
0.457
0.458
0.432
0.437
0.419
0.416
0.412
0.388
0.368
0.357
0.327
0.258
0.343
0.333
0.193
0.193
0.193
0.198
0.191
0.212
0.210
0.205
0.225
0.223
0.236
0.241
0.243
0.241
0.246
0.246
0.246
0.250
0.255
0.256
0.264
0.235
0.277
0.272
0.287
0.293
0.291
0.299
0.272
0.276
0.284
0.311
0.318
0.331
0.329
0.320
0.327
0.337
0.346
0.347
0.268
0.206
0.307
0.372
0.370
0.380
0.389
0.405
0.411
0.396
0.399
0.411
0.411
0.410
0.410
0.397
0.388
0.388
0.377
0.350
0.312
0.281
0.244
0.226
0.240
0.241
0.237
0.242
0.246
0.238
0.245
0.252
0.248
0.254
0.255
0.262
0.265
0.268
0.264
0.268
0.260
0.276
0.290
0.275
0.284
0.279
0.280
0.291
0.295
0.293
0.309
0.291
0.307
0.323
0.326
0.335
0.331
0.354
0.356
0.368
0.385
0.403
0.402
0.420
0.451
0.446
0.464
0.476
0.496
0.498
0.529
0.557
0.566
0.592
0.605
0.633
0.658
0.673
0.681
0.696
0.729
0.720
0.742
0.757
0.743
0.768
0.763
0.743
0.752
0.750
0.736
0.730
0.731
0.740
0.726
0.730
0.760
0.727
0.720
0.714
0.717
0.716
0.709
0.706
0.697
0.691
0.699
0.687
0.687
0.702
0.676
0.684
0.676
0.670
0.667
0.662
0.678
0.662
0.661
0.633
0.643
0.635
0.627
0.620
0.628
0.599
0.609
0.600
0.591
0.583
0.579
0.577
0.549
0.546
0.549
0.554
0.551
0.561
0.531
0.529
0.515
0.522
0.491
0.494
0.489
0.477
0.468
0.450
0.440
0.441
0.434
0.430
0.423
0.409
0.402
0.388
0.359
0.364
0.352
0.353
0.347
0.193
0.199
0.196
0.203
0.204
0.208
0.199
0.212
0.214
0.223
0.230
0.230
0.240
0.247
0.250
0.244
0.251
0.262
0.259
0.264
0.264
0.267
0.264
0.273
0.278
0.295
0.296
0.284
0.304
0.298
0.300
0.306
0.318
0.323
0.329
0.325
0.331
0.336
0.342
0.341
0.342
0.335
0.340
0.351
0.370
0.381
0.378
0.391
0.391
0.412
0.391
0.415
0.411
0.403
0.404
0.418
0.409
0.387
0.400
0.364
0.357
0.310
0.280
0.244
0.238
0.243
0.238
0.240
0.243
0.229
0.247
0.245
0.250
0.250
0.255
0.254
0.259
0.260
0.267
0.261
0.268
0.269
0.269
0.265
0.271
0.270
0.282
0.283
0.279
0.289
0.301
0.297
0.304
0.317
0.319
0.321
0.333
0.328
0.348
0.352
0.356
0.386
0.391
0.394
0.407
0.438
0.442
0.460
0.466
0.485
0.519
0.529
0.542
0.570
0.603
0.609
0.634
0.620
0.670
0.691
0.696
0.722
0.753
0.746
0.758
0.747
0.743
0.735
0.737
0.741
0.746
0.735
0.740
0.728
0.733
0.735
0.754
0.721
0.728
0.706
0.704
0.715
0.704
0.687
0.704
0.683
0.693
0.691
0.704
0.693
0.666
0.686
0.654
0.674
0.668
0.686
0.653
0.654
0.648
0.647
0.632
0.638
0.640
0.623
0.636
0.626
0.614
0.597
0.606
0.590
0.593
0.597
0.569
0.559
0.571
0.556
0.544
0.543
0.539
0.520
0.524
0.493
0.506
0.491
0.497
0.476
0.481
0.447
0.447
0.439
0.427
0.402
0.422
0.411
0.399
0.376
0.376
0.369
0.366
0.338
0.345
0.193
0.193
0.193
0.194
0.197
0.211
0.207
0.213
0.215
0.222
0.221
0.230
0.249
0.232
0.243
0.253
0.250
0.258
0.262
0.269
0.272
0.255
0.271
0.272
0.278
0.280
0.291
0.291
0.302
0.308
0.302
0.300
0.314
0.317
0.316
0.316
0.321
0.343
0.330
0.342
0.341
0.356
0.355
0.359
0.363
0.383
0.376
0.378
0.387
0.379
0.396
0.392
0.408
0.398
0.397
0.403
0.403
0.400
0.392
0.382
0.368
0.348
0.297
0.262
0.232
0.239
0.231
0.230
0.239
0.246
0.230
0.240
0.249
0.240
0.244
0.246
0.247
0.248
0.259
0.258
0.253
0.268
0.267
0.271
0.265
0.268
0.268
0.266
0.285
0.286
0.294
0.297
0.297
0.306
0.299
0.328
0.323
0.335
0.335
0.327
0.352
0.350
0.385
0.378
0.411
0.415
0.419
0.445
0.451
0.470
0.496
0.524
0.533
0.553
0.580
0.593
0.614
0.614
0.643
0.665
0.655
0.698
0.713
0.717
0.731
0.744
0.717
0.730
0.738
0.731
0.746
0.717
0.740
0.721
0.733
0.724
0.720
0.725
0.714
0.727
0.712
0.710
0.726
0.700
0.707
0.708
0.684
0.691
0.689
0.679
0.683
0.675
0.678
0.677
0.679
0.661
0.668
0.668
0.657
0.647
0.647
0.653
0.644
0.638
0.620
0.621
0.596
0.620
0.578
0.586
0.579
0.587
0.591
0.569
0.567
0.563
0.552
0.544
0.532
0.543
0.527
0.529
0.492
0.499
0.491
0.477
0.479
0.459
0.445
0.433
0.434
0.426
0.408
0.405
0.397
0.380
0.388
0.365
0.361
0.341
0.357
0.192
0.174
0.189
0.200
0.195
0.202
0.212
0.212
0.217
0.221
0.231
0.219
0.241
0.233
0.241
0.243
0.253
0.264
0.260
0.269
0.272
0.272
0.286
0.292
0.301
0.294
0.297
0.285
0.294
0.300
0.309
0.307
0.321
0.318
0.318
0.312
0.317
0.350
0.334
0.351
0.349
0.353
0.359
0.371
0.368
0.378
0.367
0.396
0.396
0.405
0.404
0.399
0.410
0.398
0.414
0.412
0.410
0.417
0.392
0.409
0.386
0.372
0.334
0.291
0.262
0.232
0.239
0.243
0.237
0.239
0.232
0.250
0.241
0.242
0.257
0.263
0.249
0.256
0.250
0.243
0.263
0.253
0.252
0.260
0.271
0.261
0.249
0.271
0.276
0.281
0.276
0.288
0.295
0.289
0.294
0.299
0.320
0.320
0.327
0.337
0.341
0.357
0.362
0.374
0.368
0.394
0.401
0.427
0.426
0.464
0.464
0.492
0.504
0.517
0.544
0.570
0.571
0.603
0.641
0.614
0.658
0.674
0.679
0.722
0.704
0.721
0.734
0.720
0.732
0.734
0.713
0.740
0.710
0.724
0.720
0.702
0.711
0.728
0.718
0.712
0.704
0.680
0.714
0.689
0.696
0.673
0.691
0.652
0.657
0.689
0.671
0.662
0.658
0.665
0.647
0.673
0.657
0.647
0.642
0.656
0.631
0.649
0.632
0.621
0.614
0.609
0.612
0.602
0.612
0.605
0.587
0.576
0.573
0.563
0.562
0.521
0.449
0.526
0.528
0.547
0.517
0.489
0.493
0.464
0.487
0.472
0.470
0.455
0.447
0.437
0.429
0.423
0.418
0.395
0.394
0.375
0.361
0.377
0.361
0.354
0.351
0.192
0.192
0.192
0.191
0.202
0.208
0.211
0.215
0.218
0.213
0.225
0.233
0.225
0.236
0.249
0.243
0.253
0.250
0.259
0.267
0.260
0.275
0.281
0.282
0.288
0.282
0.287
0.288
0.294
0.306
0.307
0.298
0.311
0.310
0.318
0.316
0.304
0.324
0.327
0.349
0.341
0.363
0.352
0.371
0.360
0.367
0.361
0.372
0.387
0.389
0.408
0.393
0.404
0.420
0.408
0.400
0.414
0.408
0.408
0.393
0.385
0.392
0.364
0.330
0.278
0.245
0.224
0.236
0.231
0.233
0.229
0.241
0.239
0.245
0.237
0.245
0.237
0.243
0.246
0.238
0.251
0.252
0.246
0.259
0.249
0.146
0.198
0.249
0.265
0.269
0.280
0.280
0.276
0.280
0.300
0.289
0.297
0.305
0.311
0.321
0.336
0.347
0.349
0.362
0.382
0.373
0.392
0.409
0.425
0.450
0.462
0.476
0.497
0.496
0.537
0.545
0.560
0.573
0.608
0.624
0.634
0.639
0.665
0.688
0.716
0.708
0.740
0.706
0.728
0.716
0.740
0.728
0.721
0.729
0.725
0.725
0.692
0.717
0.717
0.696
0.697
0.699
0.707
0.694
0.687
0.690
0.687
0.663
0.658
0.665
0.670
0.684
0.662
0.662
0.668
0.657
0.633
0.657
0.654
0.643
0.635
0.631
0.629
0.609
0.614
0.617
0.607
0.607
0.597
0.580
0.582
0.547
0.552
0.554
0.534
0.388
0.108
0.505
0.525
0.521
0.505
0.498
0.491
0.469
0.472
0.470
0.450
0.461
0.459
0.433
0.431
0.427
0.418
0.396
0.377
0.387
0.367
0.351
0.338
0.350
0.348
0.188
0.183
0.187
0.193
0.206
0.206
0.204
0.215
0.222
0.226
0.227
0.236
0.239
0.227
0.241
0.246
0.245
0.249
0.255
0.255
0.268
0.270
0.265
0.278
0.281
0.282
0.287
0.297
0.293
0.286
0.293
0.289
0.300
0.311
0.310
0.329
0.323
0.332
0.330
0.346
0.338
0.335
0.363
0.359
0.357
0.366
0.375
0.378
0.381
0.387
0.394
0.407
0.403
0.406
0.410
0.411
0.406
0.426
0.407
0.409
0.396
0.398
0.377
0.364
0.310
0.283
0.252
0.224
0.233
0.227
0.241
0.234
0.240
0.230
0.243
0.244
0.242
0.246
0.234
0.255
0.253
0.242
0.251
0.251
0.211
0.142
0.136
0.214
0.267
0.262
0.271
0.269
0.276
0.287
0.285
0.287
0.295
0.307
0.304
0.320
0.309
0.330
0.340
0.332
0.348
0.367
0.378
0.388
0.410
0.411
0.434
0.446
0.454
0.470
0.508
0.508
0.535
0.546
0.558
0.601
0.594
0.627
0.653
0.676
0.689
0.685
0.703
0.722
0.705
0.732
0.734
0.715
0.709
0.724
0.723
0.703
0.698
0.713
0.698
0.683
0.681
0.696
0.697
0.663
0.681
0.703
0.682
0.667
0.655
0.679
0.671
0.658
0.666
0.656
0.639
0.649
0.667
0.646
0.649
0.631
0.613
0.630
0.614
0.617
0.606
0.604
0.603
0.590
0.587
0.580
0.575
0.550
0.570
0.557
0.528
0.480
0.409
0.536
0.512
0.517
0.510
0.491
0.492
0.475
0.501
0.468
0.450
0.453
0.453
0.440
0.422
0.408
0.403
0.398
0.391
0.389
0.359
0.373
0.349
0.347
0.323
0.189
0.189
0.189
0.188
0.187
0.204
0.204
0.215
0.211
0.222
0.234
0.228
0.221
0.246
0.248
0.245
0.245
0.248
0.259
0.263
0.259
0.274
0.264
0.286
0.289
0.274
0.304
0.288
0.293
0.296
0.284
0.289
0.300
0.309
0.315
0.315
0.319
0.326
0.324
0.340
0.342
0.337
0.358
0.341
0.363
0.382
0.374
0.373
0.380
0.378
0.386
0.414
0.396
0.425
0.410
0.415
0.417
0.413
0.411
0.419
0.399
0.391
0.392
0.380
0.354
0.305
0.280
0.224
0.227
0.229
0.239
0.234
0.231
0.241
0.243
0.234
0.239
0.240
0.245
0.251
0.241
0.252
0.258
0.257
0.227
0.166
0.151
0.223
0.278
0.262
0.270
0.259
0.275
0.276
0.297
0.292
0.293
0.294
0.299
0.306
0.314
0.328
0.333
0.340
0.350
0.345
0.382
0.377
0.382
0.398
0.433
0.450
0.431
0.465
0.476
0.487
0.527
0.541
0.553
0.572
0.592
0.623
0.610
0.635
0.661
0.691
0.682
0.714
0.718
0.694
0.719
0.724
0.727
0.728
0.687
0.706
0.728
0.715
0.702
0.689
0.695
0.693
0.699
0.686
0.681
0.682
0.686
0.659
0.675
0.672
0.669
0.667
0.668
0.633
0.668
0.650
0.664
0.659
0.639
0.650
0.655
0.633
0.622
0.628
0.609
0.594
0.587
0.592
0.587
0.585
0.553
0.574
0.558
0.538
0.553
0.539
0.537
0.526
0.517
0.521
0.506
0.501
0.485
0.480
0.472
0.468
0.461
0.445
0.452
0.429
0.438
0.409
0.407
0.399
0.384
0.392
0.375
0.357
0.351
0.332
0.340
0.180
0.179
0.177
0.193
0.197
0.204
0.207
0.214
0.206
0.220
0.224
0.224
0.227
0.236
0.250
0.237
0.250
0.258
0.263
0.261
0.274
0.260
0.266
0.269
0.284
0.281
0.281
0.284
0.288
0.294
0.295
0.290
0.301
0.314
0.324
0.325
0.320
0.330
0.336
0.337
0.343
0.361
0.357
0.354
0.362
0.363
0.382
0.379
0.378
0.382
0.388
0.396
0.407
0.397
0.414
0.426
0.416
0.404
0.429
0.408
0.416
0.397
0.396
0.395
0.364
0.349
0.302
0.269
0.232
0.234
0.227
0.233
0.234
0.235
0.247
0.237
0.235
0.244
0.238
0.242
0.243
0.247
0.260
0.248
0.254
0.251
0.245
0.261
0.263
0.271
0.261
0.273
0.267
0.278
0.271
0.290
0.289
0.288
0.294
0.297
0.310
0.326
0.333
0.342
0.350
0.347
0.351
0.371
0.385
0.409
0.419
0.421
0.450
0.444
0.467
0.500
0.498
0.537
0.538
0.567
0.582
0.595
0.604
0.650
0.654
0.662
0.678
0.703
0.709
0.698
0.712
0.737
0.705
0.705
0.721
0.700
0.694
0.724
0.700
0.686
0.691
0.699
0.684
0.657
0.695
0.689
0.674
0.701
0.687
0.644
0.667
0.671
0.668
0.652
0.662
0.654
0.634
0.643
0.641
0.636
0.609
0.624
0.623
0.641
0.588
0.594
0.577
0.591
0.578
0.573
0.577
0.568
0.560
0.544
0.539
0.545
0.527
0.549
0.486
0.493
0.514
0.492
0.478
0.462
0.461
0.448
0.433
0.436
0.445
0.427
0.426
0.410
0.393
0.393
0.377
0.370
0.372
0.358
0.347
0.340
0.319
0.187
0.187
0.187
0.189
0.196
0.203
0.207
0.219
0.214
0.223
0.228
0.232
0.235
0.243
0.238
0.252
0.253
0.259
0.253
0.251
0.260
0.276
0.269
0.285
0.280
0.284
0.298
0.279
0.282
0.289
0.296
0.299
0.316
0.307
0.320
0.318
0.328
0.329
0.341
0.332
0.342
0.343
0.352
0.354
0.354
0.363
0.365
0.369
0.369
0.389
0.385
0.395
0.392
0.417
0.415
0.425
0.407
0.420
0.422
0.408
0.413
0.418
0.404
0.406
0.389
0.363
0.336
0.284
0.248
0.233
0.234
0.227
0.225
0.229
0.237
0.222
0.228
0.250
0.234
0.237
0.239
0.241
0.251
0.247
0.244
0.243
0.255
0.257
0.251
0.261
0.248
0.267
0.266
0.278
0.279
0.279
0.287
0.298
0.290
0.293
0.302
0.306
0.305
0.324
0.322
0.337
0.335
0.361
0.374
0.381
0.393
0.399
0.411
0.432
0.443
0.465
0.477
0.495
0.504
0.521
0.533
0.548
0.585
0.575
0.618
0.628
0.635
0.671
0.665
0.690
0.680
0.657
0.686
0.704
0.676
0.677
0.693
0.709
0.665
0.672
0.662
0.662
0.655
0.667
0.666
0.666
0.672
0.637
0.646
0.637
0.641
0.639
0.637
0.622
0.631
0.640
0.632
0.643
0.625
0.614
0.620
0.617
0.607
0.615
0.593
0.571
0.576
0.581
0.575
0.559
0.555
0.546
0.537
0.540
0.518
0.512
0.526
0.507
0.494
0.501
0.501
0.479
0.479
0.462
0.461
0.436
0.444
0.438
0.425
0.422
0.436
0.409
0.402
0.383
0.375
0.357
0.344
0.342
0.351
0.340
0.325
0.185
0.195
0.185
0.195
0.193
0.194
0.203
0.219
0.212
0.221
0.220
0.234
0.233
0.251
0.240
0.251
0.248
0.252
0.254
0.258
0.266
0.277
0.267
0.273
0.271
0.275
0.294
0.287
0.295
0.295
0.303
0.296
0.298
0.312
0.309
0.311
0.321
0.323
0.348
0.359
0.341
0.343
0.351
0.354
0.356
0.361
0.382
0.365
0.371
0.371
0.388
0.380
0.387
0.412
0.410
0.393
0.409
0.410
0.416
0.408
0.405
0.422
0.417
0.423
0.400
0.371
0.376
0.324
0.299
0.247
0.225
0.224
0.222
0.240
0.221
0.223
0.231
0.245
0.233
0.238
0.229
0.245
0.248
0.243
0.236
0.255
0.261
0.245
0.251
0.263
0.268
0.265
0.263
0.271
0.277
0.280
0.272
0.291
0.281
0.287
0.288
0.294
0.314
0.302
0.328
0.317
0.322
0.338
0.357
0.360
0.369
0.388
0.382
0.414
0.427
0.432
0.461
0.472
0.486
0.500
0.513
0.544
0.576
0.563
0.589
0.613
0.640
0.636
0.657
0.644
0.657
0.684
0.669
0.689
0.684
0.684
0.664
0.683
0.674
0.682
0.651
0.670
0.679
0.668
0.670
0.659
0.627
0.638
0.651
0.651
0.640
0.642
0.642
0.622
0.638
0.643
0.627
0.643
0.635
0.622
0.615
0.614
0.618
0.618
0.599
0.589
0.593
0.561
0.571
0.562
0.579
0.549
0.550
0.560
0.547
0.545
0.529
0.507
0.528
0.517
0.490
0.492
0.493
0.441
0.461
0.454
0.454
0.438
0.437
0.418
0.415
0.425
0.406
0.404
0.390
0.383
0.372
0.365
0.342
0.334
0.342
0.187
0.187
0.187
0.192
0.197
0.202
0.201
0.227
0.218
0.219
0.222
0.235
0.237
0.239
0.242
0.250
0.257
0.251
0.258
0.264
0.267
0.259
0.266
0.276
0.273
0.272
0.290
0.297
0.287
0.292
0.294
0.304
0.311
0.313
0.313
0.321
0.339
0.337
0.339
0.361
0.353
0.373
0.362
0.381
0.370
0.377
0.373
0.384
0.388
0.391
0.397
0.400
0.393
0.413
0.416
0.414
0.426
0.413
0.422
0.446
0.428
0.445
0.433
0.436
0.417
0.405
0.392
0.370
0.333
0.299
0.245
0.227
0.229
0.233
0.239
0.235
0.235
0.240
0.237
0.229
0.244
0.240
0.240
0.243
0.237
0.243
0.259
0.254
0.256
0.259
0.256
0.272
0.264
0.263
0.271
0.283
0.288
0.295
0.287
0.290
0.297
0.295
0.311
0.313
0.309
0.322
0.330
0.343
0.358
0.355
0.372
0.381
0.394
0.400
0.409
0.434
0.448
0.460
0.472
0.518
0.519
0.535
0.545
0.580
0.606
0.612
0.623
0.640
0.642
0.386
0.472
0.688
0.659
0.687
0.681
0.678
0.690
0.695
0.690
0.689
0.684
0.682
0.685
0.678
0.673
0.645
0.677
0.664
0.659
0.653
0.663
0.650
0.661
0.654
0.657
0.660
0.646
0.654
0.645
0.637
0.615
0.611
0.622
0.625
0.595
0.603
0.576
0.581
0.587
0.583
0.567
0.579
0.535
0.542
0.552
0.520
0.513
0.518
0.509
0.501
0.498
0.483
0.465
0.306
0.438
0.459
0.440
0.439
0.442
0.408
0.421
0.412
0.413
0.388
0.377
0.362
0.360
0.357
0.339
0.343
0.335
0.192
0.189
0.187
0.190
0.196
0.202
0.204
0.214
0.209
0.224
0.230
0.224
0.223
0.234
0.248
0.243
0.247
0.258
0.258
0.257
0.257
0.264
0.273
0.285
0.272
0.282
0.283
0.285
0.295
0.292
0.287
0.302
0.295
0.315
0.310
0.323
0.323
0.328
0.339
0.335
0.351
0.350
0.357
0.362
0.354
0.383
0.377
0.384
0.380
0.393
0.389
0.399
0.398
0.403
0.396
0.407
0.405
0.430
0.422
0.427
0.431
0.432
0.415
0.424
0.405
0.418
0.410
0.389
0.367
0.311
0.281
0.241
0.224
0.223
0.223
0.239
0.236
0.246
0.243
0.237
0.250
0.246
0.236
0.244
0.247
0.247
0.244
0.248
0.249
0.248
0.255
0.258
0.252
0.260
0.273
0.269
0.276
0.261
0.277
0.279
0.297
0.295
0.290
0.312
0.311
0.312
0.311
0.321
0.331
0.343
0.361
0.365
0.374
0.389
0.399
0.423
0.441
0.442
0.480
0.498
0.514
0.529
0.542
0.551
0.568
0.597
0.598
0.617
0.602
0.349
0.362
0.530
0.698
0.694
0.697
0.679
0.678
0.689
0.694
0.674
0.669
0.685
0.687
0.670
0.679
0.654
0.638
0.673
0.675
0.653
0.660
0.672
0.673
0.654
0.664
0.661
0.674
0.650
0.645
0.639
0.641
0.635
0.641
0.620
0.619
0.613
0.581
0.596
0.598
0.596
0.575
0.575
0.564
0.575
0.544
0.548
0.527
0.523
0.533
0.504
0.517
0.505
0.483
0.471
0.474
0.476
0.458
0.435
0.449
0.437
0.422
0.420
0.415
0.411
0.392
0.395
0.387
0.372
0.352
0.357
0.353
0.185
0.185
0.185
0.194
0.209
0.197
0.212
0.220
0.221
0.230
0.225
0.222
0.243
0.234
0.237
0.258
0.252
0.256
0.266
0.267
0.264
0.263
0.275
0.284
0.282
0.287
0.299
0.295
0.296
0.287
0.302
0.304
0.306
0.318
0.323
0.319
0.322
0.325
0.337
0.338
0.360
0.355
0.357
0.360
0.380
0.364
0.377
0.367
0.380
0.386
0.378
0.383
0.388
0.392
0.410
0.402
0.418
0.422
0.420
0.443
0.434
0.433
0.432
0.427
0.427
0.422
0.414
0.405
0.388
0.361
0.312
0.265
0.234
0.228
0.224
0.227
0.237
0.243
0.231
0.234
0.239
0.241
0.239
0.250
0.248
0.246
0.253
0.248
0.261
0.257
0.259
0.253
0.266
0.252
0.261
0.265
0.278
0.286
0.281
0.277
0.286
0.293
0.291
0.297
0.309
0.319
0.326
0.346
0.328
0.347
0.363
0.359
0.382
0.394
0.397
0.418
0.420
0.454
0.468
0.471
0.496
0.525
0.531
0.549
0.570
0.578
0.616
0.627
0.619
0.413
0.385
0.580
0.715
0.697
0.698
0.692
0.696
0.708
0.690
0.691
0.666
0.675
0.677
0.687
0.675
0.653
0.680
0.677
0.668
0.700
0.659
0.662
0.675
0.671
0.666
0.673
0.669
0.663
0.657
0.633
0.643
0.636
0.633
0.620
0.612
0.602
0.606
0.611
0.592
0.584
0.585
0.564
0.579
0.572
0.544
0.531
0.533
0.536
0.521
0.514
0.508
0.499
0.499
0.476
0.492
0.476
0.462
0.449
0.451
0.429
0.432
0.417
0.410
0.402
0.405
0.389
0.372
0.361
0.353
0.346
0.340
0.189
0.194
0.184
0.195
0.191
0.207
0.193
0.223
0.215
0.220
0.237
0.225
0.235
0.244
0.245
0.253
0.246
0.254
0.250
0.257
0.269
0.272
0.270
0.265
0.273
0.272
0.301
0.292
0.288
0.283
0.297
0.299
0.300
0.316
0.317
0.331
0.339
0.328
0.327
0.345
0.333
0.357
0.357
0.373
0.368
0.375
0.375
0.365
0.381
0.383
0.381
0.398
0.403
0.397
0.398
0.404
0.420
0.399
0.414
0.439
0.425
0.422
0.440
0.433
0.417
0.425
0.437
0.413
0.400
0.389
0.342
0.307
0.272
0.227
0.218
0.224
0.227
0.223
0.227
0.228
0.228
0.242
0.243
0.233
0.236
0.241
0.254
0.243
0.248
0.248
0.252
0.251
0.262
0.262
0.252
0.257
0.273
0.271
0.274
0.274
0.278
0.289
0.286
0.301
0.294
0.303
0.299
0.329
0.317
0.331
0.341
0.356
0.360
0.372
0.375
0.381
0.395
0.427
0.431
0.456
0.461
0.487
0.504
0.517
0.533
0.559
0.559
0.598
0.601
0.621
0.612
0.663
0.682
0.685
0.669
0.702
0.702
0.662
0.682
0.677
0.667
0.634
0.681
0.684
0.677
0.643
0.667
0.662
0.657
0.645
0.667
0.660
0.673
0.662
0.646
0.640
0.639
0.640
0.632
0.643
0.630
0.618
0.622
0.621
0.608
0.597
0.575
0.582
0.584
0.575
0.569
0.553
0.555
0.553
0.530
0.528
0.531
0.504
0.497
0.498
0.487
0.490
0.469
0.474
0.463
0.450
0.460
0.436
0.438
0.413
0.411
0.420
0.394
0.405
0.376
0.367
0.364
0.360
0.360
0.345
0.335
0.182
0.182
0.182
0.189
0.194
0.194
0.199
0.212
0.224
0.227
0.228
0.237
0.232
0.239
0.240
0.248
0.262
0.247
0.257
0.263
0.269
0.271
0.263
0.276
0.268
0.286
0.284
0.290
0.290
0.304
0.307
0.306
0.309
0.321
0.321
0.320
0.318
0.335
0.335
0.345
0.350
0.355
0.348
0.355
0.356
0.369
0.372
0.391
0.371
0.380
0.388
0.393
0.385
0.396
0.414
0.401
0.404
0.414
0.414
0.430
0.431
0.423
0.447
0.433
0.425
0.425
0.423
0.419
0.411
0.400
0.362
0.352
0.301
0.266
0.220
0.229
0.215
0.222
0.229
0.230
0.230
0.233
0.240
0.225
0.235
0.241
0.239
0.250
0.253
0.262
0.241
0.249
0.265
0.265
0.262
0.263
0.274
0.270
0.267
0.288
0.281
0.280
0.289
0.291
0.304
0.302
0.295
0.312
0.324
0.325
0.338
0.350
0.348
0.374
0.370
0.389
0.405
0.423
0.426
0.449
0.469
0.472
0.508
0.507
0.517
0.559
0.577
0.588
0.590
0.623
0.633
0.649
0.659
0.673
0.703
0.704
0.710
0.684
0.681
0.685
0.675
0.663
0.674
0.698
0.668
0.685
0.686
0.675
0.683
0.666
0.656
0.671
0.675
0.677
0.665
0.644
0.667
0.639
0.639
0.640
0.631
0.621
0.628
0.641
0.598
0.602
0.582
0.596
0.578
0.584
0.598
0.573
0.562
0.547
0.541
0.532
0.524
0.530
0.497
0.506
0.496
0.494
0.488
0.469
0.465
0.457
0.443
0.455
0.440
0.421
0.413
0.431
0.392
0.385
0.380
0.370
0.365
0.343
0.344
0.335
0.331
0.191
0.178
0.193
0.195
0.197
0.207
0.204
0.209
0.210
0.218
0.221
0.232
0.231
0.235
0.240
0.242
0.248
0.254
0.257
0.253
0.253
0.271
0.269
0.275
0.261
0.276
0.281
0.284
0.295
0.287
0.293
0.305
0.307
0.304
0.316
0.318
0.323
0.315
0.330
0.332
0.339
0.343
0.347
0.355
0.351
0.361
0.350
0.364
0.378
0.371
0.369
0.384
0.395
0.391
0.385
0.392
0.405
0.400
0.412
0.410
0.424
0.433
0.426
0.442
0.439
0.417
0.412
0.437
0.430
0.416
0.403
0.364
0.348
0.306
0.251
0.231
0.218
0.232
0.219
0.237
0.240
0.240
0.239
0.235
0.237
0.226
0.253
0.242
0.242
0.235
0.229
0.252
0.251
0.258
0.252
0.259
0.264
0.274
0.260
0.270
0.259
0.274
0.290
0.284
0.283
0.290
0.310
0.305
0.303
0.318
0.328
0.344
0.327
0.342
0.373
0.365
0.375
0.403
0.393
0.404
0.439
0.445
0.464
0.481
0.505
0.526
0.512
0.537
0.560
0.589
0.615
0.615
0.629
0.641
0.648
0.666
0.651
0.681
0.658
0.674
0.638
0.666
0.666
0.660
0.681
0.660
0.655
0.665
0.654
0.636
0.639
0.661
0.641
0.654
0.644
0.647
0.628
0.649
0.647
0.620
0.614
0.622
0.615
0.597
0.623
0.588
0.582
0.569
0.555
0.562
0.568
0.546
0.548
0.495
0.520
0.541
0.526
0.514
0.496
0.493
0.495
0.487
0.482
0.456
0.453
0.440
0.441
0.435
0.427
0.400
0.415
0.410
0.370
0.391
0.386
0.365
0.355
0.355
0.338
0.336
0.321
0.190
0.190
0.190
0.188
0.196
0.196
0.200
0.206
0.213
0.219
0.216
0.245
0.230
0.221
0.242
0.231
0.248
0.236
0.249
0.252
0.267
0.264
0.280
0.277
0.264
0.265
0.275
0.279
0.300
0.294
0.299
0.296
0.313
0.311
0.317
0.311
0.326
0.321
0.327
0.349
0.353
0.347
0.352
0.353
0.364
0.356
0.375
0.353
0.373
0.368
0.380
0.374
0.400
0.381
0.380
0.396
0.412
0.396
0.402
0.414
0.419
0.420
0.435
0.427
0.429
0.431
0.425
0.440
0.421
0.403
0.406
0.375
0.341
0.314
0.276
0.231
0.220
0.221
0.211
0.215
0.216
0.237
0.216
0.229
0.216
0.222
0.216
0.230
0.233
0.239
0.229
0.246
0.255
0.245
0.243
0.262
0.251
0.267
0.272
0.259
0.280
0.271
0.279
0.280
0.284
0.288
0.292
0.298
0.307
0.311
0.323
0.318
0.335
0.331
0.344
0.348
0.361
0.385
0.397
0.397
0.417
0.453
0.447
0.469
0.479
0.508
0.520
0.554
0.568
0.578
0.599
0.614
0.629
0.638
0.645
0.649
0.655
0.672
0.679
0.663
0.682
0.656
0.683
0.643
0.662
0.640
0.662
0.630
0.650
0.638
0.646
0.647
0.664
0.627
0.632
0.634
0.627
0.610
0.606
0.618
0.628
0.617
0.604
0.606
0.589
0.586
0.561
0.564
0.548
0.559
0.549
0.539
0.432
0.322
0.420
0.509
0.520
0.503
0.510
0.490
0.485
0.476
0.469
0.457
0.460
0.459
0.457
0.425
0.425
0.427
0.403
0.405
0.395
0.370
0.368
0.382
0.358
0.343
0.342
0.328
0.318
0.193
0.184
0.193
0.194
0.200
0.201
0.205
0.206
0.214
0.220
0.229
0.235
0.228
0.232
0.245
0.199
0.214
0.228
0.243
0.254
0.257
0.262
0.261
0.266
0.265
0.279
0.271
0.291
0.287
0.279
0.289
0.295
0.304
0.308
0.319
0.320
0.325
0.327
0.333
0.344
0.330
0.339
0.366
0.361
0.369
0.371
0.369
0.372
0.380
0.387
0.378
0.373
0.392
0.388
0.387
0.400
0.400
0.405
0.396
0.412
0.410
0.423
0.417
0.428
0.423
0.425
0.441
0.428
0.428
0.426
0.415
0.402
0.389
0.364
0.316
0.275
0.222
0.220
0.220
0.224
0.218
0.230
0.222
0.225
0.223
0.227
0.226
0.234
0.230
0.220
0.234
0.237
0.246
0.229
0.250
0.248
0.262
0.258
0.257
0.253
0.271
0.260
0.265
0.268
0.279
0.282
0.288
0.288
0.292
0.292
0.307
0.300
0.311
0.311
0.327
0.344
0.344
0.355
0.377
0.383
0.401
0.424
0.429
0.455
0.454
0.473
0.480
0.510
0.498
0.546
0.534
0.584
0.600
0.594
0.612
0.627
0.641
0.651
0.650
0.646
0.664
0.634
0.647
0.641
0.637
0.642
0.622
0.647
0.632
0.644
0.646
0.629
0.628
0.608
0.610
0.634
0.627
0.608
0.608
0.597
0.596
0.611
0.599
0.599
0.586
0.579
0.564
0.565
0.535
0.540
0.543
0.528
0.426
0.285
0.306
0.458
0.499
0.500
0.495
0.473
0.475
0.478
0.443
0.444
0.434
0.431
0.421
0.411
0.426
0.388
0.394
0.388
0.380
0.375
0.366
0.363
0.349
0.352
0.346
0.324
0.306
0.192
0.192
0.192
0.194
0.187
0.203
0.200
0.201
0.202
0.218
0.217
0.222
0.228
0.232
0.190
0.154
0.150
0.207
0.232
0.257
0.253
0.257
0.263
0.268
0.272
0.275
0.276
0.287
0.287
0.282
0.288
0.294
0.290
0.297
0.305
0.319
0.311
0.326
0.331
0.340
0.340
0.342
0.337
0.350
0.350
0.348
0.359
0.363
0.374
0.369
0.367
0.383
0.386
0.391
0.386
0.397
0.409
0.402
0.401
0.421
0.413
0.418
0.425
0.417
0.432
0.414
0.422
0.420
0.437
0.418
0.426
0.405
0.409
0.375
0.344
0.302
0.268
0.222
0.225
0.233
0.222
0.221
0.231
0.225
0.232
0.230
0.237
0.222
0.230
0.230
0.239
0.233
0.238
0.243
0.251
0.250
0.254
0.257
0.248
0.257
0.251
0.264
0.262
0.276
0.274
0.268
0.278
0.283
0.286
0.301
0.304
0.300
0.313
0.312
0.332
0.332
0.345
0.348
0.364
0.374
0.384
0.410
0.405
0.418
0.444
0.479
0.487
0.500
0.530
0.526
0.541
0.572
0.577
0.581
0.613
0.622
0.633
0.655
0.653
0.681
0.662
0.646
0.633
0.648
0.632
0.650
0.629
0.649
0.648
0.639
0.635
0.628
0.629
0.626
0.620
0.633
0.612
0.622
0.604
0.614
0.603
0.596
0.611
0.591
0.583
0.555
0.550
0.559
0.541
0.558
0.546
0.519
0.476
0.352
0.335
0.500
0.510
0.474
0.488
0.467
0.479
0.469
0.455
0.440
0.440
0.435
0.430
0.411
0.407
0.402
0.414
0.380
0.376
0.374
0.364
0.352
0.340
0.336
0.336
0.321
0.306
0.178
0.184
0.187
0.187
0.187
0.200
0.198
0.205
0.203
0.204
0.226
0.224
0.231
0.235
0.200
0.141
0.134
0.197
0.222
0.248
0.251
0.257
0.263
0.259
0.278
0.270
0.262
0.271
0.285
0.286
0.289
0.284
0.302
0.303
0.299
0.308
0.319
0.312
0.331
0.335
0.339
0.338
0.341
0.346
0.343
0.346
0.354
0.359
0.370
0.370
0.381
0.375
0.371
0.384
0.392
0.382
0.386
0.395
0.413
0.397
0.398
0.395
0.404
0.412
0.415
0.415
0.425
0.431
0.407
0.427
0.395
0.422
0.404
0.394
0.375
0.333
0.302
0.252
0.218
0.213
0.225
0.221
0.222
0.218
0.214
0.224
0.232
0.240
0.221
0.230
0.237
0.229
0.235
0.243
0.246
0.235
0.234
0.242
0.246
0.257
0.238
0.261
0.252
0.267
0.248
0.266
0.270
0.273
0.290
0.285
0.287
0.284
0.304
0.313
0.318
0.329
0.322
0.348
0.353
0.372
0.382
0.409
0.404
0.416
0.439
0.430
0.454
0.473
0.483
0.498
0.510
0.535
0.550
0.575
0.586
0.602
0.615
0.625
0.626
0.644
0.651
0.631
0.624
0.652
0.638
0.634
0.637
0.627
0.639
0.629
0.622
0.616
0.630
0.609
0.617
0.619
0.635
0.637
0.620
0.628
0.592
0.583
0.586
0.570
0.575
0.564
0.541
0.539
0.542
0.529
0.544
0.540
0.513
0.487
0.509
0.512
0.503
0.494
0.476
0.474
0.456
0.453
0.458
0.434
0.441
0.440
0.438
0.413
0.402
0.383
0.392
0.386
0.381
0.372
0.348
0.347
0.342
0.342
0.324
0.311
0.310
0.173
0.173
0.173
0.187
0.186
0.184
0.201
0.207
0.212
0.203
0.217
0.221
0.227
0.218
0.226
0.180
0.212
0.236
0.248
0.251
0.257
0.255
0.255
0.261
0.270
0.272
0.270
0.284
0.276
0.279
0.299
0.289
0.296
0.300
0.299
0.303
0.313
0.315
0.320
0.337
0.333
0.331
0.338
0.344
0.360
0.351
0.360
0.363
0.364
0.374
0.379
0.383
0.371
0.386
0.379
0.387
0.384
0.402
0.408
0.396
0.415
0.416
0.410
0.403
0.404
0.421
0.419
0.430
0.422
0.426
0.425
0.436
0.414
0.401
0.393
0.380
0.336
0.296
0.238
0.213
0.212
0.223
0.231
0.218
0.232
0.230
0.237
0.236
0.233
0.235
0.231
0.241
0.239
0.238
0.237
0.234
0.245
0.252
0.264
0.267
0.249
0.261
0.263
0.259
0.267
0.255
0.271
0.266
0.288
0.295
0.295
0.298
0.311
0.318
0.313
0.327
0.332
0.331
0.353
0.352
0.372
0.394
0.392
0.407
0.406
0.440
0.437
0.468
0.487
0.486
0.500
0.529
0.547
0.559
0.580
0.603
0.577
0.592
0.623
0.619
0.606
0.630
0.621
0.647
0.617
0.629
0.616
0.628
0.633
0.609
0.644
0.609
0.631
0.634
0.634
0.627
0.631
0.629
0.633
0.592
0.580
0.603
0.579
0.605
0.575
0.560
0.536
0.520
0.535
0.548
0.538
0.542
0.519
0.522
0.514
0.502
0.494
0.496
0.483
0.467
0.462
0.458
0.444
0.436
0.439
0.430
0.414
0.411
0.403
0.395
0.391
0.377
0.366
0.355
0.355
0.348
0.340
0.325
0.331
0.320
0.302
0.176
0.175
0.182
0.179
0.194
0.195
0.195
0.200
0.205
0.208
0.207
0.218
0.218
0.232
0.235
0.236
0.242
0.241
0.255
0.251
0.259
0.244
0.251
0.265
0.258
0.263
0.264
0.276
0.284
0.272
0.273
0.290
0.285
0.295
0.309
0.294
0.310
0.321
0.322
0.336
0.325
0.334
0.336
0.330
0.349
0.358
0.363
0.345
0.354
0.369
0.369
0.386
0.368
0.366
0.381
0.396
0.391
0.382
0.387
0.399
0.390
0.395
0.417
0.410
0.421
0.422
0.416
0.414
0.430
0.428
0.422
0.428
0.426
0.412
0.411
0.397
0.366
0.336
0.296
0.246
0.216
0.227
0.222
0.215
0.220
0.219
0.222
0.230
0.221
0.233
0.227
0.236
0.232
0.241
0.235
0.240
0.237
0.249
0.228
0.257
0.248
0.255
0.253
0.260
0.251
0.268
0.279
0.262
0.267
0.275
0.290
0.290
0.291
0.304
0.307
0.320
0.328
0.339
0.340
0.360
0.359
0.370
0.372
0.384
0.404
0.408
0.430
0.439
0.461
0.479
0.477
0.524
0.499
0.549
0.540
0.559
0.575
0.579
0.610
0.615
0.616
0.638
0.623
0.636
0.640
0.622
0.608
0.619
0.629
0.643
0.639
0.623
0.623
0.614
0.611
0.637
0.603
0.610
0.615
0.611
0.583
0.580
0.589
0.589
0.587
0.561
0.551
0.508
0.543
0.514
0.525
0.534
0.520
0.528
0.508
0.504
0.488
0.503
0.496
0.478
0.464
0.458
0.449
0.434
0.429
0.432
0.420
0.400
0.406
0.403
0.389
0.383
0.382
0.361
0.365
0.347
0.353
0.343
0.330
0.324
0.313
0.186
0.186
0.186
0.183
0.193
0.197
0.198
0.198
0.206
0.213
0.228
0.222
0.223
0.228
0.241
0.227
0.239
0.235
0.251
0.258
0.254
0.257
0.265
0.271
0.257
0.267
0.268
0.273
0.274
0.285
0.282
0.284
0.288
0.292
0.291
0.308
0.310
0.317
0.327
0.334
0.326
0.341
0.350
0.351
0.359
0.349
0.351
0.373
0.367
0.368
0.370
0.370
0.379
0.387
0.392
0.393
0.386
0.390
0.410
0.405
0.390
0.399
0.402
0.414
0.422
0.447
0.427
0.420
0.444
0.419
0.434
0.432
0.421
0.415
0.411
0.413
0.394
0.362
0.311
0.275
0.229
0.213
0.216
0.219
0.225
0.223
0.227
0.227
0.221
0.232
0.233
0.232
0.234
0.226
0.239
0.235
0.244
0.245
0.240
0.251
0.246
0.255
0.248
0.259
0.263
0.266
0.276
0.273
0.273
0.271
0.279
0.281
0.296
0.304
0.306
0.322
0.315
0.331
0.323
0.348
0.362
0.361
0.376
0.391
0.393
0.417
0.396
0.442
0.459
0.467
0.485
0.478
0.512
0.516
0.554
0.563
0.572
0.598
0.584
0.620
0.637
0.616
0.641
0.649
0.637
0.638
0.638
0.623
0.619
0.619
0.632
0.615
0.633
0.632
0.629
0.609
0.630
0.614
0.614
0.604
0.594
0.598
0.599
0.597
0.587
0.573
0.553
0.533
0.513
0.517
0.504
0.511
0.508
0.514
0.527
0.498
0.481
0.459
0.465
0.458
0.451
0.444
0.425
0.433
0.417
0.417
0.410
0.412
0.385
0.394
0.372
0.369
0.374
0.356
0.361
0.328
0.336
0.331
0.310
0.312
0.296
0.175
0.177
0.183
0.181
0.181
0.194
0.198
0.208
0.199
0.215
0.210
0.214
0.219
0.224
0.231
0.240
0.240
0.244
0.249
0.255
0.256
0.259
0.259
0.260
0.269
0.256
0.266
0.272
0.274
0.283
0.284
0.290
0.290
0.302
0.299
0.306
0.306
0.324
0.321
0.334
0.318
0.340
0.348
0.345
0.349
0.358
0.345
0.357
0.369
0.353
0.374
0.364
0.373
0.372
0.394
0.381
0.395
0.399
0.377
0.382
0.342
0.351
0.391
0.404
0.409
0.419
0.418
0.420
0.422
0.430
0.428
0.425
0.424
0.419
0.424
0.410
0.403
0.383
0.351
0.311
0.277
0.232
0.209
0.217
0.217
0.214
0.211
0.221
0.219
0.229
0.225
0.230
0.234
0.233
0.233
0.233
0.233
0.246
0.245
0.237
0.235
0.243
0.263
0.240
0.256
0.261
0.262
0.278
0.260
0.271
0.282
0.289
0.276
0.305
0.298
0.308
0.315
0.312
0.339
0.311
0.341
0.354
0.362
0.384
0.377
0.403
0.398
0.417
0.439
0.458
0.450
0.477
0.483
0.510
0.508
0.556
0.550
0.566
0.606
0.598
0.594
0.621
0.592
0.638
0.638
0.635
0.638
0.629
0.630
0.641
0.600
0.634
0.637
0.622
0.623
0.628
0.620
0.620
0.606
0.609
0.607
0.593
0.583
0.582
0.582
0.564
0.575
0.560
0.529
0.513
0.508
0.506
0.505
0.519
0.496
0.489
0.474
0.452
0.463
0.478
0.456
0.442
0.434
0.427
0.438
0.424
0.419
0.420
0.410
0.383
0.387
0.381
0.365
0.370
0.351
0.337
0.337
0.321
0.321
0.322
0.310
0.166
0.166
0.166
0.181
0.193
0.203
0.196
0.202
0.201
0.198
0.214
0.222
0.219
0.230
0.218
0.228
0.239
0.237
0.243
0.253
0.243
0.247
0.251
0.254
0.258
0.258
0.271
0.267
0.281
0.274
0.286
0.285
0.289
0.303
0.290
0.291
0.309
0.316
0.323
0.318
0.325
0.333
0.324
0.338
0.340
0.345
0.343
0.356
0.363
0.359
0.354
0.377
0.357
0.363
0.388
0.373
0.374
0.396
0.381
0.260
0.197
0.247
0.358
0.412
0.410
0.409
0.410
0.416
0.410
0.411
0.418
0.432
0.427
0.421
0.423
0.409
0.407
0.390
0.372
0.334
0.294
0.254
0.209
0.228
0.217
0.223
0.222
0.227
0.226
0.215
0.223
0.223
0.231
0.231
0.229
0.231
0.224
0.232
0.236
0.166
0.232
0.250
0.244
0.251
0.251
0.247
0.267
0.273
0.253
0.263
0.275
0.277
0.284
0.293
0.284
0.308
0.308
0.304
0.326
0.320
0.328
0.335
0.354
0.364
0.376
0.386
0.418
0.422
0.427
0.440
0.457
0.463
0.480
0.509
0.484
0.529
0.534
0.550
0.569
0.566
0.592
0.610
0.613
0.620
0.608
0.627
0.602
0.595
0.618
0.604
0.602
0.618
0.601
0.624
0.611
0.592
0.591
0.608
0.589
0.592
0.578
0.582
0.583
0.560
0.581
0.580
0.562
0.551
0.537
0.514
0.503
0.509
0.502
0.498
0.494
0.485
0.457
0.461
0.468
0.458
0.453
0.434
0.434
0.411
0.426
0.418
0.410
0.404
0.386
0.400
0.373
0.374
0.362
0.353
0.349
0.343
0.343
0.333
0.321
0.313
0.308
0.171
0.170
0.180
0.183
0.183
0.185
0.192
0.205
0.204
0.202
0.202
0.211
0.221
0.219
0.233
0.233
0.234
0.238
0.241
0.238
0.240
0.242
0.252
0.250
0.257
0.264
0.273
0.264
0.285
0.271
0.291
0.275
0.286
0.285
0.303
0.294
0.316
0.313
0.319
0.334
0.340
0.331
0.332
0.342
0.332
0.352
0.362
0.345
0.349
0.365
0.381
0.363
0.371
0.372
0.369
0.378
0.381
0.409
0.385
0.308
0.214
0.216
0.361
0.401
0.425
0.423
0.412
0.411
0.404
0.424
0.411
0.428
0.423
0.424
0.422
0.427
0.419
0.409
0.387
0.377
0.344
0.298
0.256
0.212
0.218
0.212
0.221
0.215
0.219
0.225
0.223
0.222
0.227
0.230
0.228
0.231
0.235
0.227
0.242
0.185
0.248
0.241
0.249
0.250
0.253
0.248
0.253
0.267
0.254
0.275
0.271
0.281
0.281
0.284
0.285
0.305
0.310
0.307
0.313
0.317
0.324
0.349
0.354
0.356
0.366
0.366
0.397
0.403
0.416
0.440
0.441
0.457
0.484
0.471
0.493
0.513
0.540
0.540
0.570
0.573
0.598
0.588
0.598
0.621
0.614
0.606
0.550
0.624
0.596
0.614
0.636
0.639
0.647
0.618
0.613
0.607
0.609
0.619
0.594
0.580
0.611
0.582
0.582
0.587
0.586
0.565
0.556
0.559
0.563
0.543
0.527
0.526
0.514
0.511
0.504
0.496
0.483
0.468
0.473
0.470
0.461
0.443
0.434
0.409
0.415
0.404
0.404
0.394
0.398
0.383
0.386
0.370
0.376
0.348
0.340
0.348
0.342
0.317
0.326
0.303
0.293
0.185
0.185
0.185
0.180
0.185
0.197
0.190
0.188
0.196
0.197
0.212
0.219
0.221
0.224
0.233
0.232
0.243
0.236
0.239
0.242
0.247
0.236
0.244
0.259
0.253
0.252
0.258
0.261
0.264
0.275
0.275
0.283
0.292
0.295
0.290
0.297
0.309
0.321
0.309
0.329
0.330
0.326
0.342
0.344
0.337
0.358
0.349
0.352
0.351
0.358
0.352
0.369
0.370
0.357
0.378
0.382
0.392
0.394
0.377
0.370
0.338
0.342
0.396
0.393
0.410
0.404
0.403
0.409
0.428
0.420
0.420
0.417
0.425
0.443
0.429
0.431
0.425
0.422
0.402
0.394
0.376
0.335
0.289
0.231
0.207
0.224
0.213
0.222
0.216
0.225
0.226
0.224
0.232
0.218
0.222
0.237
0.238
0.235
0.231
0.235
0.240
0.247
0.238
0.253
0.244
0.256
0.254
0.249
0.263
0.268
0.264
0.282
0.277
0.291
0.300
0.287
0.295
0.303
0.311
0.306
0.320
0.338
0.338
0.350
0.345
0.374
0.378
0.388
0.392
0.408
0.423
0.419
0.461
0.465
0.466
0.498
0.507
0.526
0.536
0.542
0.575
0.569
0.591
0.402
0.586
0.443
0.148
0.447
0.354
0.615
0.627
0.602
0.616
0.604
0.600
0.594
0.594
0.595
0.567
0.575
0.579
0.577
0.580
0.584
0.570
0.562
0.555
0.558
0.551
0.540
0.528
0.530
0.530
0.515
0.526
0.495
0.472
0.482
0.491
0.475
0.462
0.456
0.442
0.421
0.423
0.411
0.390
0.386
0.379
0.379
0.364
0.374
0.362
0.358
0.346
0.337
0.337
0.318
0.297
0.291
0.283
0.173
0.173
0.183
0.185
0.184
0.191
0.196
0.191
0.208
0.204
0.209
0.207
0.232
0.223
0.230
0.233
0.235
0.233
0.244
0.244
0.248
0.251
0.246
0.260
0.251
0.268
0.257
0.268
0.272
0.283
0.279
0.277
0.289
0.294
0.284
0.294
0.305
0.321
0.320
0.320
0.332
0.324
0.328
0.345
0.346
0.342
0.355
0.350
0.363
0.367
0.368
0.347
0.369
0.365
0.364
0.387
0.369
0.381
0.392
0.377
0.399
0.385
0.391
0.401
0.386
0.405
0.404
0.403
0.407
0.422
0.402
0.403
0.421
0.427
0.422
0.414
0.418
0.418
0.409
0.397
0.387
0.356
0.314
0.280
0.229
0.211
0.207
0.210
0.211
0.218
0.218
0.209
0.219
0.227
0.215
0.225
0.215
0.227
0.228
0.232
0.236
0.238
0.238
0.237
0.243
0.250
0.244
0.260
0.253
0.255
0.266
0.265
0.283
0.279
0.277
0.288
0.296
0.286
0.312
0.313
0.320
0.313
0.317
0.347
0.360
0.353
0.368
0.367
0.390
0.389
0.418
0.421
0.442
0.454
0.469
0.472
0.497
0.494
0.527
0.534
0.538
0.565
0.582
0.496
0.504
0.181
0.023
0.215
0.300
0.631
0.611
0.622
0.602
0.607
0.612
0.601
0.597
0.597
0.582
0.573
0.572
0.577
0.574
0.564
0.552
0.553
0.562
0.540
0.544
0.545
0.520
0.521
0.523
0.518
0.514
0.479
0.489
0.491
0.467
0.461
0.460
0.442
0.444
0.439
0.433
0.412
0.398
0.381
0.386
0.367
0.342
0.364
0.342
0.342
0.320
0.326
0.306
0.305
0.283
0.294
0.279
0.187
0.187
0.187
0.181
0.176
0.194
0.196
0.199
0.204
0.205
0.213
0.218
0.217
0.226
0.232
0.231
0.237
0.237
0.235
0.257
0.259
0.250
0.259
0.253
0.243
0.267
0.263
0.271
0.268
0.281
0.284
0.281
0.279
0.294
0.303
0.315
0.315
0.320
0.322
0.323
0.323
0.322
0.335
0.342
0.351
0.346
0.344
0.358
0.378
0.366
0.360
0.355
0.375
0.367
0.373
0.364
0.382
0.380
0.392
0.389
0.387
0.398
0.398
0.401
0.405
0.404
0.404
0.397
0.423
0.416
0.420
0.437
0.415
0.423
0.430
0.417
0.433
0.418
0.426
0.406
0.407
0.386
0.354
0.308
0.260
0.217
0.206
0.232
0.209
0.212
0.213
0.213
0.228
0.219
0.228
0.225
0.220
0.220
0.227
0.235
0.237
0.236
0.246
0.245
0.246
0.235
0.256
0.254
0.256
0.263
0.264
0.266
0.264
0.272
0.273
0.281
0.289
0.300
0.298
0.306
0.302
0.326
0.339
0.329
0.355
0.349
0.370
0.366
0.384
0.402
0.417
0.415
0.427
0.440
0.451
0.475
0.497
0.503
0.533
0.525
0.542
0.567
0.570
0.584
0.586
0.281
0.302
0.559
0.610
0.620
0.594
0.592
0.594
0.588
0.589
0.576
0.590
0.584
0.592
0.577
0.569
0.565
0.571
0.572
0.555
0.556
0.572
0.535
0.535
0.546
0.533
0.518
0.510
0.507
0.505
0.495
0.493
0.480
0.475
0.458
0.457
0.457
0.448
0.438
0.424
0.416
0.402
0.391
0.372
0.350
0.361
0.354
0.340
0.341
0.331
0.318
0.297
0.302
0.289
0.291
0.284
0.175
0.171
0.180
0.177
0.198
0.189
0.191
0.199
0.198
0.203
0.208
0.213
0.217
0.216
0.223
0.229
0.236
0.232
0.247
0.246
0.251
0.247
0.245
0.247
0.261
0.278
0.271
0.272
0.274
0.275
0.279
0.271
0.282
0.290
0.294
0.297
0.308
0.330
0.323
0.322
0.325
0.335
0.335
0.338
0.350
0.355
0.348
0.365
0.357
0.354
0.367
0.364
0.357
0.366
0.375
0.396
0.380
0.380
0.379
0.390
0.382
0.386
0.397
0.407
0.395
0.420
0.413
0.409
0.424
0.423
0.422
0.426
0.439
0.427
0.426
0.433
0.424
0.435
0.421
0.426
0.402
0.408
0.388
0.371
0.317
0.277
0.220
0.207
0.210
0.222
0.211
0.233
0.223
0.223
0.222
0.234
0.227
0.229
0.234
0.236
0.236
0.237
0.238
0.236
0.201
0.191
0.236
0.248
0.251
0.258
0.260
0.262
0.278
0.266
0.273
0.281
0.297
0.293
0.290
0.295
0.309
0.325
0.328
0.337
0.333
0.346
0.360
0.357
0.378
0.396
0.406
0.406
0.425
0.432
0.443
0.448
0.464
0.499
0.501
0.518
0.533
0.555
0.540
0.561
0.583
0.589
0.588
0.612
0.602
0.613
0.618
0.598
0.613
0.601
0.593
0.597
0.587
0.578
0.592
0.578
0.573
0.554
0.571
0.566
0.553
0.550
0.543
0.543
0.539
0.537
0.518
0.520
0.503
0.503
0.499
0.479
0.483
0.469
0.462
0.464
0.448
0.452
0.448
0.429
0.432
0.411
0.413
0.392
0.384
0.357
0.354
0.340
0.314
0.334
0.319
0.307
0.302
0.300
0.298
0.301
0.300
0.182
0.182
0.182
0.176
0.185
0.186
0.201
0.195
0.198
0.205
0.202
0.204
0.220
0.217
0.224
0.219
0.229
0.233
0.237
0.234
0.234
0.184
0.245
0.257
0.258
0.246
0.269
0.269
0.268
0.270
0.271
0.278
0.280
0.293
0.284
0.305
0.314
0.309
0.311
0.318
0.316
0.316
0.328
0.339
0.335
0.342
0.345
0.339
0.350
0.349
0.366
0.358
0.361
0.359
0.367
0.363
0.379
0.372
0.375
0.391
0.383
0.383
0.397
0.394
0.396
0.398
0.383
0.397
0.407
0.407
0.419
0.404
0.404
0.414
0.422
0.416
0.424
0.418
0.427
0.423
0.410
0.411
0.387
0.382
0.341
0.308
0.233
0.224
0.205
0.207
0.222
0.222
0.227
0.213
0.226
0.221
0.222
0.231
0.222
0.233
0.236
0.240
0.244
0.199
0.134
0.130
0.216
0.240
0.242
0.266
0.268
0.264
0.271
0.274
0.269
0.275
0.278
0.277
0.289
0.291
0.319
0.310
0.344
0.331
0.323
0.344
0.339
0.354
0.362
0.382
0.390
0.385
0.410
0.418
0.432
0.458
0.456
0.470
0.494
0.518
0.504
0.522
0.543
0.555
0.586
0.585
0.582
0.594
0.596
0.590
0.590
0.589
0.570
0.587
0.559
0.571
0.566
0.582
0.564
0.548
0.552
0.547
0.565
0.552
0.541
0.532
0.539
0.533
0.520
0.533
0.509
0.512
0.512
0.495
0.484
0.484
0.486
0.465
0.456
0.454
0.446
0.434
0.427
0.418
0.407
0.399
0.414
0.385
0.383
0.376
0.351
0.332
0.314
0.307
0.297
0.313
0.306
0.294
0.299
0.308
0.288
0.169
0.163
0.178
0.176
0.178
0.187
0.189
0.196
0.210
0.207
0.217
0.209
0.214
0.218
0.221
0.227
0.229
0.236
0.235
0.242
0.234
0.242
0.246
0.263
0.258
0.265
0.263
0.260
0.267
0.267
0.272
0.277
0.286
0.270
0.302
0.306
0.305
0.296
0.329
0.309
0.322
0.343
0.330
0.335
0.331
0.337
0.336
0.349
0.353
0.361
0.356
0.361
0.368
0.366
0.375
0.372
0.367
0.382
0.378
0.381
0.382
0.384
0.394
0.396
0.388
0.387
0.403
0.406
0.417
0.412
0.415
0.404
0.419
0.408
0.415
0.420
0.432
0.410
0.412
0.418
0.426
0.411
0.404
0.394
0.359
0.337
0.292
0.256
0.205
0.210
0.214
0.214
0.212
0.225
0.217
0.222
0.224
0.231
0.232
0.224
0.233
0.230
0.237
0.232
0.155
0.125
0.185
0.239
0.243
0.266
0.251
0.258
0.254
0.256
0.276
0.263
0.277
0.276
0.285
0.282
0.284
0.310
0.314
0.330
0.324
0.327
0.340
0.352
0.369
0.363
0.372
0.377
0.403
0.409
0.408
0.427
0.441
0.466
0.461
0.473
0.498
0.511
0.510
0.524
0.547
0.560
0.571
0.563
0.575
0.585
0.568
0.590
0.580
0.567
0.586
0.583
0.572
0.570
0.552
0.553
0.561
0.556
0.547
0.542
0.526
0.537
0.537
0.522
0.528
0.504
0.518
0.490
0.496
0.482
0.477
0.472
0.475
0.454
0.442
0.444
0.444
0.426
0.433
0.419
0.407
0.405
0.394
0.378
0.373
0.368
0.358
0.345
0.338
0.329
0.308
0.314
0.310
0.307
0.304
0.303
0.298
0.170
0.170
0.170
0.171
0.183
0.187
0.189
0.188
0.193
0.196
0.212
0.211
0.211
0.213
0.215
0.231
0.223
0.221
0.241
0.235
0.241
0.245
0.254
0.254
0.259
0.272
0.271
0.271
0.266
0.261
0.277
0.275
0.270
0.282
0.286
0.291
0.310
0.299
0.308
0.311
0.313
0.328
0.334
0.326
0.331
0.333
0.321
0.359
0.348
0.340
0.358
0.355
0.342
0.372
0.376
0.366
0.370
0.374
0.377
0.383
0.367
0.382
0.393
0.382
0.391
0.381
0.394
0.393
0.400
0.415
0.413
0.418
0.414
0.404
0.408
0.419
0.404
0.421
0.415
0.414
0.407
0.373
0.327
0.377
0.388
0.329
0.320
0.271
0.232
0.209
0.217
0.203
0.212
0.213
0.213
0.218
0.225
0.214
0.223
0.222
0.224
0.235
0.221
0.228
0.209
0.173
0.226
0.233
0.244
0.249
0.257
0.257
0.270
0.260
0.257
0.272
0.275
0.280
0.281
0.294
0.289
0.297
0.289
0.305
0.306
0.336
0.336
0.340
0.356
0.349
0.366
0.378
0.396
0.400
0.409
0.404
0.423
0.430
0.452
0.474
0.488
0.494
0.510
0.535
0.528
0.553
0.555
0.571
0.558
0.570
0.582
0.593
0.582
0.557
0.588
0.561
0.570
0.570
0.565
0.552
0.554
0.549
0.553
0.542
0.528
0.541
0.528
0.514
0.521
0.508
0.512
0.502
0.504
0.497
0.494
0.478
0.488
0.454
0.461
0.449
0.451
0.425
0.423
0.422
0.423
0.415
0.393
0.380
0.372
0.371
0.360
0.367
0.342
0.328
0.325
0.318
0.318
0.314
0.301
0.302
0.294
0.166
0.165
0.164
0.175
0.183
0.183
0.186
0.192
0.189
0.194
0.202
0.206
0.214
0.221
0.218
0.224
0.228
0.220
0.226
0.238
0.251
0.243
0.250
0.255
0.253
0.269
0.261
0.258
0.261
0.275
0.267
0.267
0.272
0.277
0.284
0.298
0.304
0.299
0.314
0.311
0.321
0.322
0.340
0.330
0.333
0.328
0.344
0.352
0.342
0.350
0.347
0.354
0.359
0.366
0.369
0.356
0.384
0.376
0.384
0.377
0.392
0.384
0.400
0.397
0.399
0.392
0.399
0.415
0.415
0.391
0.412
0.410
0.418
0.413
0.414
0.420
0.409
0.425
0.422
0.425
0.417
0.342
0.361
0.406
0.408
0.385
0.372
0.318
0.279
0.212
0.206
0.221
0.217
0.229
0.216
0.215
0.214
0.229
0.218
0.236
0.234
0.224
0.222
0.219
0.229
0.234
0.240
0.233
0.249
0.240
0.240
0.242
0.241
0.256
0.270
0.262
0.261
0.266
0.272
0.274
0.289
0.280
0.300
0.295
0.303
0.310
0.323
0.327
0.343
0.350
0.342
0.366
0.374
0.384
0.406
0.416
0.435
0.434
0.448
0.461
0.474
0.486
0.509
0.512
0.520
0.526
0.545
0.552
0.568
0.568
0.570
0.570
0.570
0.509
0.569
0.552
0.546
0.539
0.548
0.553
0.542
0.523
0.539
0.542
0.525
0.529
0.517
0.502
0.523
0.498
0.497
0.473
0.486
0.482
0.480
0.463
0.459
0.472
0.446
0.433
0.437
0.432
0.417
0.408
0.408
0.402
0.381
0.385
0.357
0.357
0.354
0.353
0.345
0.324
0.338
0.319
0.315
0.307
0.289
0.291
0.289
0.173
0.173
0.173
0.180
0.185
0.181
0.187
0.192
0.190
0.194
0.217
0.209
0.216
0.206
0.225
0.218
0.223
0.236
0.238
0.240
0.241
0.247
0.257
0.264
0.264
0.255
0.263
0.263
0.255
0.270
0.264
0.275
0.280
0.262
0.296
0.300
0.303
0.310
0.302
0.313
0.314
0.308
0.310
0.336
0.336
0.337
0.349
0.338
0.346
0.333
0.345
0.347
0.355
0.354
0.368
0.360
0.362
0.363
0.369
0.383
0.381
0.384
0.380
0.386
0.394
0.377
0.399
0.398
0.396
0.410
0.391
0.410
0.404
0.413
0.421
0.411
0.421
0.424
0.418
0.402
0.412
0.370
0.415
0.412
0.400
0.392
0.367
0.345
0.300
0.260
0.205
0.217
0.209
0.219
0.216
0.215
0.221
0.224
0.222
0.222
0.230
0.220
0.224
0.227
0.229
0.231
0.235
0.240
0.240
0.245
0.248
0.250
0.235
0.258
0.259
0.262
0.258
0.270
0.275
0.279
0.276
0.290
0.303
0.292
0.302
0.315
0.320
0.318
0.330
0.349
0.344
0.360
0.370
0.376
0.384
0.429
0.428
0.432
0.441
0.444
0.474
0.472
0.486
0.496
0.511
0.513
0.524
0.546
0.505
0.565
0.561
0.543
0.560
0.552
0.561
0.543
0.540
0.548
0.531
0.548
0.550
0.524
0.542
0.528
0.522
0.521
0.529
0.511
0.519
0.485
0.500
0.471
0.474
0.470
0.480
0.469
0.445
0.449
0.454
0.438
0.420
0.417
0.416
0.399
0.393
0.400
0.400
0.379
0.380
0.342
0.351
0.340
0.331
0.335
0.320
0.311
0.310
0.299
0.292
0.290
0.276
0.179
0.160
0.172
0.167
0.170
0.182
0.189
0.180
0.181
0.197
0.190
0.201
0.203
0.210
0.228
0.228
0.227
0.227
0.225
0.233
0.234
0.245
0.253
0.251
0.258
0.256
0.270
0.262
0.272
0.263
0.260
0.263
0.276
0.277
0.281
0.286
0.300
0.290
0.302
0.312
0.316
0.319
0.318
0.314
0.326
0.326
0.323
0.342
0.337
0.329
0.332
0.339
0.337
0.344
0.361
0.362
0.354
0.357
0.351
0.369
0.358
0.375
0.375
0.374
0.380
0.387
0.383
0.392
0.392
0.381
0.390
0.408
0.402
0.401
0.400
0.404
0.401
0.412
0.415
0.420
0.414
0.404
0.423
0.413
0.385
0.401
0.394
0.357
0.322
0.288
0.262
0.214
0.211
0.207
0.209
0.206
0.212
0.205
0.210
0.217
0.217
0.229
0.227
0.212
0.216
0.219
0.230
0.241
0.240
0.240
0.229
0.244
0.258
0.250
0.256
0.270
0.266
0.266
0.263
0.280
0.270
0.288
0.292
0.307
0.296
0.309
0.317
0.316
0.320
0.331
0.334
0.340
0.355
0.361
0.384
0.378
0.401
0.420
0.410
0.435
0.453
0.461
0.476
0.474
0.502
0.496
0.496
0.500
0.394
0.408
0.554
0.529
0.560
0.564
0.564
0.560
0.562
0.563
0.531
0.539
0.547
0.529
0.521
0.519
0.525
0.512
0.511
0.507
0.492
0.498
0.492
0.492
0.479
0.463
0.465
0.457
0.438
0.439
0.436
0.428
0.417
0.418
0.406
0.402
0.387
0.384
0.361
0.376
0.369
0.353
0.344
0.341
0.326
0.344
0.317
0.307
0.300
0.293
0.282
0.279
0.278
0.170
0.170
0.170
0.171
0.175
0.180
0.178
0.182
0.190
0.198
0.197
0.204
0.202
0.216
0.210
0.213
0.225
0.232
0.225
0.234
0.235
0.246
0.250
0.247
0.256
0.260
0.258
0.258
0.266
0.262
0.260
0.275
0.263
0.276
0.287
0.291
0.294
0.292
0.298
0.311
0.299
0.325
0.326
0.315
0.321
0.319
0.314
0.325
0.327
0.345
0.333
0.326
0.333
0.339
0.341
0.353
0.356
0.368
0.349
0.365
0.358
0.358
0.367
0.363
0.384
0.393
0.377
0.378
0.378
0.383
0.378
0.387
0.386
0.395
0.387
0.401
0.398
0.407
0.394
0.398
0.410
0.390
0.394
0.400
0.407
0.398
0.380
0.378
0.345
0.325
0.277
0.239
0.202
0.198
0.212
0.204
0.209
0.216
0.204
0.201
0.207
0.208
0.211
0.215
0.221
0.217
0.223
0.220
0.223
0.223
0.229
0.234
0.242
0.240
0.246
0.244
0.252
0.249
0.265
0.260
0.266
0.282
0.279
0.284
0.285
0.293
0.293
0.313
0.316
0.331
0.326
0.341
0.355
0.355
0.369
0.387
0.402
0.402
0.407
0.416
0.435
0.439
0.448
0.468
0.491
0.481
0.484
0.400
0.262
0.275
0.471
0.524
0.543
0.543
0.551
0.539
0.541
0.543
0.514
0.525
0.536
0.529
0.522
0.522
0.516
0.505
0.509
0.501
0.520
0.478
0.489
0.462
0.470
0.470
0.480
0.432
0.435
0.426
0.430
0.424
0.417
0.407
0.391
0.395
0.389
0.388
0.371
0.366
0.360
0.342
0.341
0.326
0.330
0.313
0.313
0.308
0.296
0.283
0.286
0.281
0.266
0.165
0.157
0.165
0.170
0.180
0.177
0.185
0.191
0.197
0.192
0.192
0.218
0.202
0.204
0.203
0.211
0.221
0.214
0.229
0.226
0.227
0.247
0.254
0.250
0.253
0.245
0.250
0.267
0.267
0.256
0.265
0.270
0.269
0.278
0.288
0.286
0.295
0.295
0.298
0.314
0.314
0.324
0.322
0.314
0.322
0.314
0.335
0.340
0.334
0.337
0.342
0.346
0.352
0.353
0.343
0.335
0.361
0.360
0.382
0.379
0.364
0.391
0.367
0.374
0.375
0.379
0.397
0.392
0.379
0.372
0.380
0.402
0.392
0.384
0.401
0.410
0.400
0.418
0.418
0.420
0.410
0.402
0.425
0.402
0.394
0.393
0.384
0.399
0.375
0.355
0.325
0.296
0.236
0.203
0.206
0.202
0.209
0.207
0.213
0.205
0.211
0.217
0.214
0.215
0.222
0.209
0.220
0.233
0.222
0.236
0.225
0.226
0.240
0.235
0.247
0.244
0.257
0.246
0.261
0.265
0.270
0.272
0.278
0.264
0.276
0.285
0.298
0.300
0.307
0.318
0.319
0.336
0.345
0.349
0.375
0.355
0.384
0.393
0.400
0.430
0.416
0.432
0.434
0.466
0.455
0.487
0.489
0.470
0.331
0.275
0.453
0.550
0.528
0.548
0.542
0.529
0.531
0.526
0.533
0.512
0.517
0.529
0.523
0.520
0.507
0.507
0.498
0.494
0.502
0.498
0.473
0.483
0.473
0.460
0.456
0.442
0.448
0.444
0.414
0.419
0.414
0.412
0.406
0.390
0.388
0.374
0.368
0.349
0.353
0.345
0.341
0.326
0.323
0.305
0.300
0.303
0.296
0.275
0.280
0.274
0.265
0.165
0.165
0.165
0.170
0.168
0.179
0.185
0.182
0.190
0.185
0.198
0.205
0.206
0.214
0.208
0.223
0.219
0.235
0.228
0.235
0.244
0.241
0.256
0.257
0.246
0.263
0.266
0.269
0.264
0.259
0.275
0.271
0.285
0.283
0.275
0.308
0.300
0.299
0.306
0.303
0.321
0.311
0.329
0.319
0.326
0.324
0.332
0.330
0.327
0.341
0.341
0.336
0.352
0.345
0.356
0.358
0.360
0.364
0.373
0.374
0.372
0.374
0.369
0.381
0.377
0.385
0.380
0.377
0.385
0.387
0.401
0.388
0.410
0.397
0.411
0.411
0.415
0.415
0.403
0.406
0.408
0.426
0.409
0.415
0.418
0.405
0.414
0.396
0.388
0.377
0.342
0.304
0.270
0.213
0.204
0.214
0.211
0.211
0.209
0.208
0.209
0.219
0.219
0.217
0.225
0.228
0.229
0.233
0.223
0.231
0.233
0.235
0.233
0.243
0.242
0.252
0.249
0.249
0.258
0.261
0.277
0.282
0.277
0.273
0.282
0.288
0.309
0.298
0.324
0.322
0.323
0.347
0.333
0.340
0.353
0.370
0.383
0.397
0.391
0.408
0.436
0.442
0.434
0.450
0.467
0.476
0.473
0.485
0.456
0.430
0.505
0.530
0.544
0.527
0.550
0.545
0.524
0.536
0.527
0.537
0.517
0.505
0.526
0.513
0.511
0.493
0.501
0.498
0.504
0.503
0.489
0.469
0.477
0.459
0.437
0.449
0.446
0.439
0.433
0.422
0.412
0.395
0.399
0.385
0.383
0.366
0.357
0.352
0.352
0.342
0.325
0.325
0.316
0.300
0.298
0.298
0.281
0.286
0.278
0.260
0.272
0.161
0.171
0.179
0.176
0.171
0.175
0.188
0.188
0.181
0.189
0.200
0.200
0.200
0.203
0.217
0.216
0.219
0.215
0.232
0.242
0.236
0.242
0.245
0.252
0.245
0.250
0.262
0.276
0.269
0.266
0.270
0.266
0.265
0.277
0.289
0.288
0.305
0.307
0.319
0.306
0.304
0.327
0.320
0.319
0.340
0.332
0.335
0.336
0.336
0.333
0.346
0.346
0.351
0.336
0.355
0.360
0.354
0.359
0.354
0.360
0.377
0.372
0.387
0.367
0.379
0.371
0.367
0.377
0.388
0.391
0.377
0.383
0.400
0.394
0.409
0.393
0.409
0.395
0.413
0.405
0.403
0.398
0.417
0.401
0.414
0.395
0.395
0.400
0.389
0.383
0.368
0.343
0.306
0.260
0.223
0.212
0.209
0.212
0.199
0.215
0.206
0.210
0.218
0.229
0.219
0.220
0.220
0.216
0.232
0.223
0.233
0.225
0.224
0.235
0.237
0.254
0.251
0.253
0.253
0.250
0.260
0.257
0.272
0.283
0.289
0.276
0.283
0.297
0.308
0.311
0.307
0.328
0.334
0.332
0.344
0.357
0.371
0.366
0.391
0.400
0.399
0.427
0.425
0.435
0.457
0.458
0.471
0.472
0.504
0.497
0.506
0.507
0.506
0.525
0.531
0.545
0.528
0.538
0.530
0.530
0.522
0.517
0.521
0.495
0.507
0.497
0.492
0.481
0.496
0.502
0.485
0.470
0.470
0.455
0.459
0.436
0.432
0.432
0.428
0.415
0.409
0.415
0.397
0.400
0.382
0.365
0.360
0.358
0.349
0.341
0.334
0.319
0.316
0.304
0.293
0.305
0.287
0.290
0.273
0.261
0.259
0.163
0.163
0.163
0.169
0.169
0.174
0.191
0.176
0.184
0.186
0.211
0.199
0.205
0.200
0.210
0.212
0.225
0.219
0.225
0.232
0.233
0.238
0.238
0.240
0.243
0.257
0.255
0.269
0.259
0.262
0.262
0.258
0.278
0.280
0.293
0.294
0.293
0.288
0.308
0.293
0.303
0.319
0.315
0.319
0.320
0.306
0.320
0.325
0.333
0.336
0.341
0.320
0.344
0.357
0.344
0.343
0.349
0.351
0.357
0.356
0.354
0.368
0.365
0.366
0.371
0.375
0.370
0.372
0.380
0.388
0.383
0.404
0.382
0.396
0.402
0.388
0.397
0.399
0.425
0.396
0.397
0.408
0.410
0.409
0.420
0.411
0.396
0.414
0.395
0.387
0.371
0.361
0.319
0.289
0.240
0.213
0.209
0.218
0.215
0.220
0.217
0.211
0.224
0.218
0.224
0.219
0.223
0.225
0.225
0.231
0.217
0.118
0.220
0.234
0.247
0.242
0.243
0.256
0.245
0.260
0.248
0.256
0.273
0.282
0.269
0.286
0.283
0.298
0.298
0.306
0.309
0.327
0.337
0.341
0.344
0.352
0.360
0.381
0.388
0.379
0.398
0.409
0.419
0.429
0.452
0.452
0.469
0.483
0.487
0.501
0.501
0.509
0.518
0.511
0.518
0.521
0.516
0.518
0.536
0.516
0.520
0.530
0.501
0.498
0.505
0.506
0.478
0.498
0.476
0.482
0.473
0.480
0.465
0.465
0.437
0.435
0.427
0.417
0.410
0.407
0.395
0.407
0.387
0.380
0.365
0.373
0.353
0.360
0.341
0.331
0.307
0.306
0.294
0.296
0.308
0.294
0.274
0.284
0.266
0.266
0.248
0.167
0.154
0.161
0.167
0.173
0.182
0.177
0.174
0.183
0.191
0.187
0.199
0.198
0.201
0.204
0.209
0.220
0.224
0.220
0.226
0.222
0.228
0.228
0.250
0.236
0.253
0.260
0.266
0.264
0.252
0.263
0.273
0.272
0.262
0.281
0.300
0.284
0.275
0.300
0.294
0.302
0.305
0.310
0.316
0.311
0.330
0.321
0.325
0.328
0.323
0.331
0.335
0.347
0.340
0.348
0.332
0.350
0.349
0.359
0.358
0.366
0.363
0.373
0.365
0.369
0.361
0.385
0.376
0.368
0.366
0.379
0.373
0.369
0.384
0.386
0.390
0.384
0.399
0.398
0.415
0.410
0.410
0.402
0.417
0.407
0.397
0.405
0.395
0.388
0.382
0.401
0.386
0.370
0.327
0.280
0.239
0.209
0.203
0.205
0.214
0.217
0.211
0.216
0.222
0.205
0.221
0.217
0.232
0.223
0.227
0.223
0.230
0.243
0.241
0.233
0.242
0.248
0.247
0.247
0.256
0.250
0.265
0.271
0.266
0.278
0.300
0.286
0.291
0.296
0.308
0.315
0.314
0.336
0.324
0.340
0.361
0.364
0.371
0.368
0.384
0.398
0.402
0.424
0.427
0.435
0.443
0.442
0.483
0.477
0.496
0.489
0.508
0.495
0.496
0.501
0.495
0.538
0.533
0.524
0.516
0.503
0.517
0.511
0.490
0.511
0.497
0.489
0.481
0.481
0.453
0.467
0.463
0.458
0.446
0.432
0.424
0.419
0.424
0.415
0.401
0.417
0.385
0.388
0.393
0.360
0.367
0.358
0.348
0.339
0.331
0.305
0.226
0.227
0.271
0.298
0.266
0.271
0.270
0.267
0.247
0.259
0.164
0.164
0.164
0.163
0.173
0.176
0.178
0.182
0.178
0.181
0.186
0.200
0.187
0.203
0.208
0.213
0.212
0.217
0.221
0.223
0.221
0.215
0.238
0.237
0.237
0.248
0.255
0.256
0.263
0.255
0.264
0.263
0.265
0.273
0.275
0.257
0.261
0.288
0.297
0.302
0.296
0.304
0.295
0.294
0.312
0.307
0.313
0.310
0.311
0.330
0.337
0.338
0.339
0.331
0.342
0.344
0.340
0.325
0.344
0.342
0.350
0.352
0.349
0.366
0.354
0.364
0.368
0.370
0.374
0.356
0.372
0.372
0.390
0.378
0.368
0.381
0.373
0.392
0.381
0.378
0.390
0.397
0.398
0.391
0.391
0.395
0.391
0.406
0.385
0.394
0.376
0.373
0.373
0.334
0.321
0.270
0.222
0.209
0.210
0.204
0.211
0.211
0.215
0.218
0.212
0.210
0.221
0.230
0.212
0.222
0.226
0.229
0.238
0.237
0.239
0.240
0.231
0.243
0.247
0.245
0.263
0.269
0.259
0.263
0.268
0.276
0.276
0.291
0.301
0.301
0.312
0.312
0.319
0.335
0.336
0.341
0.345
0.353
0.374
0.368
0.380
0.383
0.397
0.419
0.423
0.436
0.447
0.467
0.460
0.457
0.468
0.482
0.484
0.479
0.475
0.516
0.500
0.513
0.517
0.498
0.504
0.485
0.503
0.485
0.495
0.481
0.480
0.492
0.481
0.476
0.457
0.455
0.438
0.440
0.432
0.419
0.426
0.417
0.413
0.402
0.389
0.395
0.377
0.372
0.353
0.367
0.346
0.331
0.343
0.308
0.267
0.192
0.186
0.222
0.279
0.287
0.268
0.269
0.264
0.245
0.244
0.153
0.163
0.165
0.160
0.165
0.164
0.183
0.180
0.182
0.189
0.191
0.185
0.199
0.201
0.197
0.204
0.214
0.222
0.220
0.220
0.216
0.224
0.236
0.237
0.245
0.248
0.258
0.264
0.254
0.268
0.251
0.271
0.264
0.267
0.198
0.169
0.209
0.252
0.272
0.295
0.295
0.295
0.292
0.305
0.300
0.308
0.311
0.316
0.311
0.304
0.328
0.320
0.327
0.325
0.328
0.321
0.327
0.335
0.335
0.339
0.354
0.346
0.342
0.359
0.351
0.348
0.363
0.361
0.370
0.374
0.359
0.361
0.375
0.362
0.370
0.369
0.378
0.371
0.384
0.384
0.393
0.393
0.390
0.391
0.397
0.394
0.396
0.392
0.391
0.379
0.382
0.378
0.377
0.348
0.348
0.296
0.276
0.221
0.208
0.202
0.212
0.211
0.209
0.212
0.212
0.215
0.221
0.220
0.214
0.210
0.226
0.230
0.228
0.229
0.226
0.243
0.240
0.242
0.239
0.245
0.246
0.257
0.256
0.259
0.272
0.275
0.272
0.282
0.291
0.304
0.296
0.300
0.292
0.318
0.325
0.330
0.350
0.348
0.356
0.358
0.370
0.378
0.394
0.399
0.403
0.415
0.442
0.443
0.455
0.463
0.457
0.468
0.471
0.485
0.482
0.455
0.503
0.504
0.518
0.495
0.493
0.486
0.497
0.474
0.474
0.477
0.479
0.478
0.454
0.469
0.445
0.427
0.441
0.430
0.431
0.416
0.415
0.402
0.401
0.407
0.388
0.379
0.380
0.362
0.349
0.355
0.353
0.330
0.328
0.320
0.301
0.243
0.210
0.231
0.292
0.282
0.279
0.253
0.257
0.245
0.233
0.158
0.158
0.158
0.179
0.172
0.179
0.172
0.180
0.186
0.186
0.187
0.191
0.190
0.202
0.200
0.209
0.209
0.215
0.223
0.222
0.227
0.240
0.228
0.233
0.238
0.248
0.241
0.243
0.253
0.259
0.267
0.246
0.277
0.257
0.181
0.145
0.175
0.249
0.281
0.280
0.290
0.302
0.295
0.297
0.305
0.294
0.299
0.307
0.312
0.298
0.316
0.321
0.323
0.316
0.312
0.321
0.338
0.341
0.337
0.359
0.342
0.345
0.356
0.335
0.349
0.360
0.363
0.356
0.366
0.362
0.375
0.359
0.360
0.367
0.373
0.368
0.369
0.377
0.382
0.381
0.396
0.377
0.384
0.393
0.380
0.387
0.410
0.385
0.381
0.379
0.392
0.374
0.367
0.373
0.346
0.334
0.302
0.260
0.218
0.214
0.210
0.212
0.213
0.216
0.216
0.215
0.211
0.223
0.220
0.223
0.223
0.221
0.226
0.228
0.235
0.234
0.235
0.236
0.244
0.244
0.248
0.244
0.258
0.251
0.262
0.271
0.282
0.276
0.277
0.287
0.299
0.302
0.293
0.314
0.324
0.316
0.330
0.341
0.354
0.353
0.370
0.383
0.395
0.397
0.390
0.420
0.419
0.415
0.444
0.441
0.439
0.445
0.467
0.480
0.472
0.483
0.500
0.489
0.490
0.483
0.491
0.486
0.494
0.490
0.489
0.463
0.469
0.481
0.463
0.457
0.453
0.449
0.430
0.431
0.421
0.423
0.406
0.395
0.404
0.399
0.390
0.371
0.366
0.355
0.349
0.358
0.333
0.341
0.318
0.323
0.303
0.293
0.285
0.282
0.283
0.261
0.267
0.268
0.245
0.240
0.235
0.159
0.155
0.161
0.159
0.165
0.167
0.172
0.176
0.179
0.197
0.195
0.188
0.196
0.195
0.203
0.210
0.208
0.211
0.219
0.232
0.234
0.228
0.233
0.233
0.238
0.243
0.246
0.247
0.256
0.254
0.243
0.264
0.270
0.278
0.224
0.175
0.198
0.266
0.269
0.274
0.282
0.277
0.296
0.290
0.291
0.294
0.304
0.297
0.310
0.304
0.312
0.303
0.310
0.322
0.309
0.325
0.331
0.330
0.318
0.331
0.344
0.324
0.341
0.343
0.338
0.349
0.335
0.367
0.359
0.349
0.364
0.356
0.352
0.354
0.362
0.366
0.371
0.371
0.364
0.370
0.391
0.367
0.384
0.380
0.387
0.394
0.393
0.375
0.384
0.395
0.391
0.380
0.383
0.365
0.359
0.349
0.315
0.298
0.254
0.220
0.211
0.211
0.209
0.213
0.220
0.203
0.220
0.227
0.213
0.218
0.217
0.221
0.215
0.232
0.233
0.245
0.226
0.240
0.239
0.245
0.248
0.248
0.252
0.252
0.262
0.264
0.269
0.269
0.282
0.284
0.292
0.296
0.312
0.301
0.327
0.328
0.332
0.321
0.350
0.358
0.365
0.370
0.391
0.381
0.395
0.408
0.417
0.425
0.417
0.443
0.437
0.471
0.439
0.476
0.475
0.465
0.461
0.484
0.479
0.485
0.466
0.478
0.478
0.461
0.463
0.475
0.441
0.474
0.452
0.442
0.440
0.426
0.425
0.424
0.434
0.400
0.395
0.407
0.389
0.384
0.385
0.369
0.374
0.362
0.354
0.340
0.326
0.322
0.317
0.304
0.299
0.291
0.304
0.283
0.268
0.266
0.266
0.257
0.239
0.225
0.220
0.158
0.158
0.158
0.160
0.166
0.165
0.167
0.171
0.173
0.184
0.183
0.185
0.191
0.200
0.206
0.198
0.207
0.219
0.213
0.214
0.224
0.229
0.237
0.237
0.237
0.243
0.243
0.244
0.247
0.250
0.251
0.259
0.268
0.274
0.263
0.262
0.272
0.272
0.270
0.272
0.274
0.279
0.299
0.283
0.291
0.280
0.295
0.305
0.304
0.307
0.305
0.307
0.307
0.310
0.319
0.317
0.316
0.323
0.323
0.325
0.336
0.332
0.336
0.338
0.346
0.338
0.343
0.345
0.348
0.348
0.358
0.367
0.368
0.358
0.354
0.357
0.365
0.362
0.360
0.366
0.396
0.379
0.380
0.381
0.375
0.384
0.374
0.383
0.368
0.390
0.380
0.389
0.363
0.372
0.376
0.364
0.336
0.321
0.275
0.216
0.201
0.197
0.214
0.214
0.218
0.213
0.220
0.220
0.218
0.220
0.216
0.225
0.224
0.225
0.235
0.244
0.235
0.234
0.238
0.253
0.256
0.248
0.240
0.259
0.277
0.270
0.275
0.269
0.277
0.301
0.290
0.299
0.315
0.312
0.314
0.331
0.325
0.349
0.346
0.355
0.350
0.361
0.371
0.375
0.405
0.396
0.405
0.421
0.418
0.428
0.429
0.455
0.461
0.457
0.461
0.471
0.470
0.483
0.476
0.469
0.502
0.475
0.482
0.470
0.477
0.453
0.473
0.442
0.431
0.435
0.435
0.425
0.420
0.424
0.444
0.398
0.401
0.397
0.392
0.391
0.376
0.363
0.357
0.361
0.340
0.326
0.324
0.323
0.309
0.303
0.297
0.298
0.285
0.274
0.269
0.253
0.254
0.249
0.249
0.222
0.215
0.152
0.150
0.153
0.152
0.159
0.173
0.166
0.175
0.173
0.183
0.192
0.191
0.188
0.192
0.197
0.208
0.210
0.218
0.220
0.215
0.225
0.222
0.226
0.230
0.230
0.236
0.223
0.233
0.240
0.242
0.250
0.265
0.261
0.266
0.265
0.263
0.265
0.269
0.271
0.276
0.274
0.284
0.284
0.263
0.295
0.280
0.289
0.295
0.282
0.294
0.283
0.312
0.301
0.296
0.320
0.323
0.316
0.327
0.322
0.322
0.326
0.329
0.326
0.338
0.338
0.338
0.336
0.325
0.338
0.332
0.352
0.345
0.349
0.367
0.352
0.369
0.362
0.366
0.368
0.366
0.354
0.368
0.374
0.371
0.375
0.366
0.360
0.374
0.392
0.380
0.387
0.372
0.370
0.362
0.361
0.356
0.352
0.330
0.300
0.263
0.225
0.211
0.203
0.211
0.206
0.212
0.212
0.222
0.218
0.213
0.213
0.222
0.221
0.217
0.233
0.236
0.242
0.236
0.235
0.238
0.240
0.253
0.242
0.255
0.249
0.265
0.265
0.278
0.269
0.290
0.283
0.292
0.291
0.307
0.308
0.315
0.330
0.322
0.329
0.334
0.346
0.363
0.365
0.374
0.378
0.395
0.391
0.421
0.417
0.422
0.431
0.442
0.442
0.458
0.473
0.461
0.464
0.472
0.477
0.466
0.476
0.478
0.466
0.481
0.456
0.477
0.459
0.467
0.463
0.443
0.439
0.418
0.427
0.431
0.426
0.404
0.411
0.397
0.377
0.388
0.375
0.361
0.354
0.359
0.340
0.329
0.329
0.307
0.299
0.311
0.294
0.289
0.289
0.270
0.269
0.253
0.247
0.245
0.224
0.233
0.207
0.150
0.150
0.150
0.161
0.165
0.164
0.176
0.168
0.182
0.180
0.182
0.191
0.199
0.192
0.192
0.200
0.208
0.211
0.202
0.222
0.219
0.226
0.226
0.223
0.229
0.237
0.246
0.240
0.245
0.250
0.267
0.274
0.274
0.271
0.273
0.281
0.278
0.284
0.279
0.281
0.289
0.287
0.285
0.293
0.293
0.292
0.291
0.293
0.311
0.298
0.301
0.306
0.316
0.310
0.324
0.322
0.307
0.321
0.329
0.338
0.326
0.337
0.331
0.334
0.336
0.334
0.249
0.336
0.339
0.338
0.358
0.353
0.358
0.341
0.368
0.366
0.356
0.369
0.359
0.312
0.321
0.351
0.372
0.381
0.383
0.381
0.378
0.377
0.381
0.367
0.385
0.373
0.374
0.365
0.369
0.359
0.353
0.347
0.328
0.294
0.260
0.222
0.217
0.208
0.215
0.213
0.219
0.221
0.216
0.221
0.225
0.220
0.223
0.226
0.233
0.234
0.241
0.236
0.246
0.239
0.237
0.247
0.254
0.260
0.266
0.275
0.260
0.279
0.276
0.280
0.277
0.293
0.289
0.304
0.304
0.312
0.312
0.329
0.336
0.323
0.351
0.357
0.365
0.378
0.385
0.394
0.411
0.403
0.424
0.415
0.421
0.432
0.440
0.438
0.445
0.451
0.456
0.464
0.466
0.482
0.476
0.472
0.464
0.464
0.486
0.458
0.459
0.449
0.444
0.438
0.432
0.425
0.426
0.421
0.404
0.395
0.396
0.394
0.365
0.374
0.361
0.364
0.350
0.345
0.340
0.330
0.324
0.318
0.307
0.301
0.299
0.288
0.283
0.278
0.260
0.247
0.244
0.237
0.228
0.227
0.209
0.150
0.144
0.154
0.157
0.159
0.162
0.172
0.172
0.175
0.180
0.180
0.193
0.193
0.194
0.198
0.197
0.207
0.203
0.211
0.211
0.217
0.213
0.229
0.234
0.228
0.235
0.233
0.225
0.243
0.239
0.263
0.269
0.265
0.264
0.277
0.268
0.292
0.277
0.275
0.275
0.270
0.282
0.280
0.286
0.296
0.287
0.292
0.300
0.299
0.291
0.311
0.314
0.311
0.304
0.319
0.311
0.309
0.307
0.327
0.324
0.325
0.327
0.327
0.334
0.340
0.338
0.292
0.339
0.335
0.345
0.341
0.348
0.349
0.351
0.352
0.350
0.351
0.360
0.314
0.215
0.205
0.314
0.361
0.384
0.371
0.371
0.379
0.370
0.363
0.388
0.372
0.376
0.383
0.368
0.366
0.357
0.347
0.349
0.338
0.324
0.299
0.263
0.216
0.207
0.216
0.203
0.208
0.211
0.211
0.219
0.217
0.214
0.225
0.216
0.224
0.227
0.233
0.235
0.235
0.232
0.244
0.243
0.249
0.258
0.255
0.258
0.268
0.267
0.260
0.280
0.278
0.282
0.293
0.296
0.295
0.305
0.314
0.319
0.324
0.337
0.334
0.355
0.362
0.356
0.367
0.386
0.397
0.381
0.397
0.418
0.406
0.424
0.424
0.415
0.438
0.431
0.452
0.459
0.453
0.448
0.471
0.450
0.465
0.456
0.458
0.447
0.438
0.463
0.429
0.428
0.430
0.414
0.414
0.421
0.396
0.395
0.377
0.376
0.361
0.349
0.360
0.348
0.341
0.331
0.324
0.312
0.312
0.289
0.287
0.274
0.281
0.269
0.268
0.247
0.249
0.242
0.232
0.224
0.218
0.202
0.196
0.143
0.143
0.143
0.156
0.154
0.155
0.169
0.165
0.173
0.176
0.174
0.192
0.189
0.186
0.191
0.188
0.196
0.209
0.191
0.213
0.215
0.218
0.221
0.218
0.220
0.231
0.229
0.236
0.251
0.251
0.251
0.261
0.255
0.264
0.262
0.275
0.268
0.277
0.279
0.275
0.291
0.284
0.285
0.285
0.281
0.297
0.295
0.277
0.286
0.284
0.285
0.304
0.302
0.314
0.314
0.303
0.320
0.330
0.316
0.310
0.312
0.322
0.319
0.327
0.330
0.338
0.335
0.333
0.331
0.329
0.336
0.342
0.330
0.343
0.334
0.348
0.351
0.344
0.271
0.189
0.171
0.313
0.366
0.354
0.369
0.372
0.364
0.345
0.373
0.371
0.376
0.370
0.379
0.368
0.374
0.353
0.355
0.351
0.344
0.323
0.310
0.275
0.239
0.208
0.200
0.208
0.209
0.219
0.215
0.220
0.218
0.218
0.217
0.233
0.234
0.223
0.233
0.228
0.223
0.241
0.229
0.234
0.238
0.250
0.249
0.248
0.252
0.262
0.268
0.269
0.276
0.285
0.278
0.297
0.309
0.307
0.307
0.316
0.319
0.328
0.337
0.337
0.348
0.348
0.363
0.374
0.379
0.376
0.380
0.403
0.406
0.408
0.409
0.422
0.432
0.424
0.443
0.443
0.433
0.438
0.432
0.428
0.442
0.431
0.437
0.444
0.430
0.420
0.423
0.415
0.419
0.414
0.400
0.380
0.385
0.400
0.375
0.372
0.369
0.363
0.340
0.346
0.338
0.318
0.316
0.308
0.313
0.286
0.285
0.280
0.262
0.271
0.245
0.249
0.239
0.249
0.225
0.216
0.217
0.187
0.194
0.153
0.149
0.154
0.157
0.162
0.168
0.173
0.169
0.166
0.180
0.190
0.184
0.190
0.187
0.200
0.187
0.192
0.207
0.208
0.205
0.215
0.217
0.220
0.221
0.221
0.225
0.229
0.229
0.232
0.251
0.257
0.258
0.253
0.276
0.259
0.282
0.277
0.272
0.267
0.289
0.275
0.271
0.282
0.278
0.284
0.275
0.282
0.291
0.291
0.288
0.296
0.296
0.295
0.305
0.307
0.302
0.315
0.318
0.311
0.310
0.313
0.317
0.317
0.337
0.317
0.321
0.327
0.326
0.329
0.322
0.337
0.329
0.324
0.341
0.327
0.340
0.333
0.340
0.344
0.267
0.227
0.301
0.368
0.347
0.366
0.363
0.364
0.363
0.364
0.359
0.356
0.377
0.379
0.371
0.359
0.373
0.373
0.362
0.337
0.328
0.319
0.305
0.268
0.236
0.206
0.207
0.216
0.211
0.210
0.201
0.204
0.212
0.211
0.225
0.216
0.218
0.221
0.224
0.226
0.234
0.237
0.241
0.245
0.243
0.246
0.250
0.256
0.257
0.256
0.266
0.267
0.280
0.281
0.287
0.294
0.293
0.293
0.306
0.314
0.319
0.323
0.334
0.343
0.343
0.355
0.361
0.369
0.375
0.369
0.392
0.402
0.390
0.407
0.404
0.429
0.420
0.424
0.431
0.424
0.428
0.432
0.452
0.444
0.431
0.426
0.431
0.446
0.420
0.422
0.416
0.406
0.408
0.405
0.397
0.373
0.376
0.383
0.370
0.358
0.337
0.334
0.328
0.342
0.316
0.314
0.308
0.302
0.290
0.280
0.283
0.265
0.260
0.241
0.238
0.232
0.234
0.226
0.209
0.205
0.195
0.191
0.158
0.158
0.158
0.153
0.157
0.165
0.168
0.171
0.169
0.172
0.179
0.178
0.189
0.182
0.186
0.200
0.194
0.200
0.207
0.203
0.206
0.219
0.220
0.232
0.227
0.232
0.231
0.235
0.258
0.236
0.250
0.256
0.264
0.262
0.264
0.259
0.281
0.274
0.283
0.287
0.279
0.283
0.287
0.287
0.291
0.298
0.296
0.297
0.286
0.285
0.291
0.281
0.306
0.292
0.299
0.311
0.297
0.306
0.311
0.310
0.320
0.310
0.309
0.321
0.314
0.326
0.325
0.338
0.325
0.337
0.323
0.337
0.333
0.347
0.348
0.329
0.327
0.346
0.355
0.339
0.354
0.356
0.361
0.352
0.357
0.357
0.361
0.363
0.359
0.379
0.362
0.374
0.366
0.377
0.370
0.359
0.360
0.358
0.356
0.336
0.333
0.315
0.297
0.261
0.235
0.205
0.207
0.214
0.209
0.206
0.211
0.222
0.213
0.222
0.213
0.232
0.219
0.233
0.231
0.234
0.237
0.239
0.233
0.238
0.235
0.249
0.255
0.252
0.257
0.264
0.261
0.276
0.279
0.293
0.286
0.305
0.294
0.305
0.315
0.323
0.320
0.328
0.330
0.350
0.353
0.348
0.362
0.361
0.382
0.370
0.388
0.390
0.418
0.391
0.409
0.402
0.408
0.421
0.415
0.430
0.431
0.438
0.416
0.440
0.432
0.411
0.411
0.421
0.412
0.400
0.404
0.392
0.387
0.388
0.377
0.366
0.364
0.355
0.350
0.349
0.341
0.334
0.322
0.309
0.301
0.293
0.283
0.284
0.278
0.261
0.251
0.257
0.239
0.236
0.234
0.230
0.209
0.203
0.192
0.197
0.182
0.159
0.155
0.141
0.154
0.159
0.161
0.169
0.168
0.178
0.184
0.179
0.186
0.175
0.187
0.194
0.186
0.202
0.192
0.203
0.208
0.224
0.212
0.222
0.215
0.208
0.226
0.240
0.242
0.256
0.250
0.246
0.253
0.259
0.257
0.262
0.275
0.281
0.263
0.273
0.275
0.281
0.277
0.288
0.282
0.290
0.292
0.295
0.273
0.288
0.282
0.284
0.302
0.300
0.301
0.310
0.303
0.305
0.303
0.306
0.314
0.311
0.331
0.327
0.319
0.322
0.324
0.330
0.331
0.316
0.327
0.334
0.342
0.338
0.329
0.339
0.335
0.326
0.340
0.344
0.344
0.344
0.343
0.341
0.361
0.349
0.355
0.352
0.360
0.363
0.369
0.373
0.359
0.365
0.360
0.363
0.381
0.356
0.354
0.361
0.348
0.335
0.334
0.312
0.293
0.250
0.226
0.206
0.214
0.212
0.206
0.211
0.210
0.209
0.208
0.217
0.211
0.217
0.227
0.220
0.223
0.237
0.237
0.238
0.230
0.249
0.234
0.257
0.256
0.256
0.253
0.274
0.260
0.284
0.282
0.282
0.296
0.293
0.306
0.304
0.308
0.322
0.322
0.336
0.342
0.355
0.358
0.351
0.357
0.356
0.385
0.374
0.394
0.396
0.400
0.403
0.425
0.412
0.419
0.411
0.418
0.431
0.431
0.416
0.429
0.413
0.422
0.412
0.411
0.395
0.404
0.403
0.387
0.388
0.374
0.370
0.368
0.360
0.343
0.334
0.333
0.328
0.319
0.317
0.304
0.302
0.299
0.293
0.275
0.280
0.260
0.260
0.246
0.245
0.232
0.232
0.212
0.206
0.201
0.200
0.185
0.180
0.153
0.153
0.153
0.158
0.160
0.167
0.165
0.167
0.177
0.171
0.180
0.175
0.173
0.188
0.177
0.191
0.194
0.203
0.198
0.201
0.203
0.216
0.220
0.220
0.222
0.236
0.238
0.240
0.241
0.245
0.252
0.251
0.262
0.259
0.265
0.264
0.276
0.272
0.288
0.287
0.287
0.282
0.275
0.290
0.291
0.284
0.291
0.288
0.285
0.293
0.307
0.291
0.289
0.303
0.304
0.304
0.305
0.314
0.315
0.317
0.313
0.315
0.312
0.315
0.319
0.338
0.330
0.324
0.330
0.316
0.329
0.325
0.328
0.324
0.332
0.332
0.339
0.341
0.339
0.349
0.354
0.339
0.343
0.351
0.348
0.350
0.345
0.354
0.351
0.366
0.360
0.358
0.373
0.361
0.380
0.360
0.370
0.360
0.361
0.349
0.343
0.329
0.332
0.302
0.282
0.241
0.204
0.214
0.207
0.221
0.220
0.215
0.218
0.219
0.225
0.223
0.227
0.228
0.227
0.233
0.233
0.242
0.236
0.200
0.208
0.241
0.246
0.261
0.249
0.260
0.258
0.273
0.275
0.290
0.284
0.295
0.301
0.319
0.309
0.315
0.318
0.323
0.327
0.338
0.336
0.346
0.352
0.355
0.373
0.368
0.381
0.382
0.397
0.395
0.401
0.419
0.402
0.418
0.411
0.421
0.415
0.415
0.418
0.419
0.421
0.401
0.426
0.402
0.410
0.406
0.400
0.381
0.396
0.372
0.372
0.364
0.349
0.359
0.340
0.329
0.325
0.306
0.318
0.299
0.296
0.282
0.278
0.274
0.266
0.261
0.247
0.237
0.232
0.222
0.221
0.217
0.208
0.198
0.193
0.177
0.167
0.148
0.144
0.158
0.151
0.159
0.158
0.161
0.162
0.169
0.179
0.183
0.180
0.182
0.184
0.187
0.187
0.192
0.197
0.195
0.217
0.207
0.202
0.217
0.226
0.221
0.230
0.238
0.234
0.249
0.241
0.238
0.251
0.246
0.234
0.260
0.268
0.274
0.269
0.271
0.282
0.281
0.287
0.286
0.289
0.280
0.283
0.296
0.303
0.289
0.306
0.301
0.302
0.297
0.310
0.304
0.299
0.311
0.306
0.313
0.317
0.315
0.309
0.319
0.316
0.315
0.320
0.327
0.317
0.312
0.330
0.335
0.331
0.336
0.326
0.335
0.332
0.351
0.347
0.355
0.337
0.349
0.344
0.344
0.348
0.354
0.344
0.364
0.356
0.354
0.356
0.366
0.358
0.366
0.364
0.353
0.375
0.362
0.356
0.358
0.353
0.346
0.353
0.328
0.317
0.309
0.284
0.240
0.213
0.209
0.203
0.213
0.204
0.208
0.209
0.207
0.219
0.218
0.220
0.235
0.223
0.233
0.243
0.214
0.130
0.123
0.208
0.252
0.247
0.249
0.260
0.257
0.255
0.269
0.277
0.269
0.277
0.297
0.296
0.297
0.296
0.311
0.316
0.323
0.323
0.350
0.348
0.340
0.355
0.362
0.376
0.371
0.380
0.385
0.392
0.391
0.395
0.416
0.405
0.405
0.414
0.417
0.414
0.410
0.416
0.403
0.392
0.398
0.406
0.407
0.396
0.378
0.373
0.378
0.366
0.371
0.357
0.350
0.347
0.331
0.317
0.324
0.305
0.311
0.300
0.303
0.276
0.280
0.270
0.262
0.260
0.244
0.235
0.239
0.234
0.217
0.212
0.204
0.192
0.180
0.167
0.168
0.151
0.151
0.151
0.149
0.154
0.155
0.161
0.173
0.173
0.177
0.172
0.174
0.189
0.180
0.195
0.185
0.190
0.197
0.203
0.204
0.205
0.203
0.211
0.216
0.231
0.226
0.232
0.244
0.239
0.246
0.244
0.255
0.251
0.259
0.264
0.263
0.268
0.280
0.276
0.278
0.286
0.288
0.300
0.291
0.291
0.286
0.300
0.288
0.302
0.292
0.297
0.290
0.294
0.306
0.298
0.298
0.303
0.300
0.305
0.312
0.316
0.319
0.305
0.313
0.321
0.316
0.322
0.320
0.321
0.334
0.330
0.325
0.326
0.341
0.342
0.329
0.342
0.334
0.344
0.350
0.341
0.352
0.343
0.349
0.354
0.347
0.358
0.352
0.342
0.361
0.379
0.351
0.362
0.365
0.364
0.380
0.365
0.365
0.361
0.362
0.342
0.342
0.327
0.337
0.311
0.297
0.282
0.239
0.216
0.205
0.211
0.218
0.219
0.206
0.218
0.217
0.229
0.224
0.236
0.229
0.240
0.241
0.215
0.144
0.135
0.205
0.249
0.254
0.262
0.256
0.256
0.260
0.268
0.270
0.282
0.285
0.286
0.300
0.285
0.305
0.314
0.326
0.320
0.334
0.336
0.330
0.343
0.353
0.360
0.359
0.363
0.390
0.378
0.381
0.388
0.398
0.399
0.390
0.392
0.410
0.395
0.413
0.406
0.398
0.391
0.410
0.400
0.408
0.388
0.385
0.385
0.375
0.370
0.364
0.352
0.356
0.345
0.335
0.329
0.317
0.303
0.281
0.286
0.293
0.285
0.272
0.270
0.264
0.243
0.249
0.241
0.233
0.231
0.217
0.205
0.199
0.186
0.180
0.174
0.156
0.165
0.141
0.142
0.147
0.153
0.154
0.159
0.154
0.162
0.169
0.169
0.186
0.170
0.182
0.186
0.192
0.191
0.184
0.197
0.191
0.200
0.215
0.216
0.222
0.215
0.223
0.219
0.235
0.233
0.238
0.243
0.247
0.258
0.255
0.271
0.252
0.249
0.272
0.264
0.282
0.278
0.275
0.282
0.284
0.287
0.282
0.291
0.289
0.296
0.291
0.289
0.300
0.301
0.296
0.303
0.304
0.299
0.309
0.313
0.305
0.314
0.314
0.315
0.315
0.316
0.319
0.325
0.326
0.314
0.333
0.333
0.326
0.325
0.328
0.327
0.336
0.339
0.340
0.337
0.350
0.333
0.339
0.351
0.352
0.347
0.343
0.348
0.372
0.352
0.365
0.365
0.371
0.353
0.370
0.371
0.372
0.373
0.369
0.365
0.379
0.368
0.355
0.370
0.342
0.352
0.330
0.322
0.310
0.270
0.253
0.212
0.209
0.209
0.218
0.215
0.214
0.220
0.223
0.222
0.218
0.240
0.235
0.233
0.233
0.208
0.169
0.231
0.245
0.251
0.258
0.264
0.265
0.266
0.278
0.286
0.273
0.291
0.291
0.299
0.291
0.306
0.316
0.320
0.318
0.326
0.338
0.335
0.351
0.353
0.356
0.359
0.364
0.366
0.387
0.374
0.399
0.396
0.401
0.399
0.402
0.390
0.395
0.401
0.398
0.399
0.392
0.393
0.393
0.403
0.387
0.381
0.380
0.370
0.367
0.342
0.351
0.347
0.338
0.336
0.334
0.311
0.307
0.276
0.286
0.288
0.277
0.272
0.266
0.253
0.248
0.236
0.225
0.215
0.215
0.215
0.187
0.193
0.184
0.180
0.175
0.157
0.149
0.151
0.151
0.151
0.151
0.153
0.165
0.159
0.168
0.174
0.169
0.169
0.182
0.187
0.188
0.196
0.192
0.197
0.194
0.202
0.210
0.205
0.220
0.213
0.223
0.222
0.236
0.230
0.235
0.236
0.247
0.238
0.247
0.252
0.268
0.264
0.267
0.269
0.281
0.279
0.277
0.294
0.282
0.295
0.299
0.294
0.298
0.303
0.299
0.309
0.301
0.304
0.303
0.304
0.313
0.317
0.308
0.295
0.304
0.316
0.322
0.320
0.313
0.317
0.321
0.324
0.336
0.318
0.331
0.339
0.334
0.329
0.344
0.333
0.339
0.340
0.350
0.340
0.340
0.342
0.349
0.348
0.348
0.351
0.342
0.346
0.353
0.358
0.349
0.353
0.366
0.371
0.356
0.361
0.363
0.348
0.354
0.371
0.372
0.360
0.369
0.352
0.354
0.342
0.349
0.341
0.327
0.326
0.289
0.260
0.221
0.209
0.218
0.219
0.217
0.225
0.227
0.219
0.228
0.235
0.223
0.230
0.227
0.239
0.235
0.245
0.242
0.232
0.249
0.251
0.255
0.262
0.262
0.262
0.279
0.280
0.294
0.283
0.288
0.305
0.311
0.309
0.307
0.304
0.324
0.330
0.326
0.339
0.352
0.351
0.355
0.374
0.360
0.369
0.370
0.374
0.377
0.383
0.405
0.399
0.395
0.388
0.395
0.391
0.400
0.391
0.374
0.392
0.380
0.379
0.380
0.374
0.374
0.353
0.358
0.346
0.339
0.334
0.308
0.314
0.309
0.301
0.293
0.283
0.274
0.275
0.257
0.250
0.234
0.242
0.234
0.225
0.215
0.198
0.199
0.191
0.183
0.173
0.173
0.168
0.155
0.140
0.137
0.148
0.150
0.152
0.168
0.158
0.159
0.158
0.170
0.168
0.178
0.171
0.172
0.189
0.185
0.191
0.189
0.188
0.199
0.208
0.200
0.216
0.210
0.221
0.218
0.225
0.229
0.229
0.230
0.238
0.240
0.262
0.263
0.258
0.261
0.272
0.262
0.273
0.276
0.285
0.276
0.286
0.287
0.289
0.291
0.294
0.300
0.298
0.299
0.316
0.298
0.305
0.296
0.303
0.303
0.308
0.310
0.319
0.305
0.322
0.311
0.305
0.324
0.330
0.314
0.335
0.327
0.320
0.326
0.328
0.334
0.330
0.332
0.336
0.351
0.338
0.340
0.350
0.344
0.348
0.349
0.354
0.343
0.343
0.354
0.357
0.353
0.362
0.357
0.364
0.362
0.366
0.374
0.358
0.360
0.363
0.362
0.368
0.377
0.377
0.369
0.364
0.365
0.353
0.344
0.340
0.317
0.301
0.283
0.264
0.215
0.219
0.209
0.223
0.220
0.226
0.225
0.223
0.224
0.232
0.239
0.241
0.229
0.238
0.238
0.243
0.250
0.252
0.247
0.254
0.250
0.262
0.270
0.269
0.281
0.280
0.291
0.276
0.289
0.298
0.299
0.317
0.308
0.326
0.329
0.338
0.333
0.339
0.339
0.353
0.351
0.352
0.369
0.375
0.377
0.369
0.368
0.374
0.384
0.378
0.376
0.390
0.388
0.387
0.382
0.378
0.362
0.361
0.365
0.368
0.366
0.353
0.353
0.334
0.331
0.334
0.321
0.316
0.311
0.304
0.290
0.288
0.278
0.267
0.267
0.261
0.257
0.235
0.234
0.234
0.209
0.211
0.198
0.194
0.179
0.181
0.166
0.165
0.156
0.147
0.135
0.148
0.148
0.148
0.150
0.154
0.158
0.153
0.164
0.162
0.174
0.178
0.170
0.180
0.181
0.193
0.183
0.197
0.198
0.194
0.201
0.211
0.212
0.216
0.217
0.221
0.220
0.228
0.233
0.239
0.235
0.248
0.236
0.251
0.254
0.262
0.266
0.265
0.277
0.276
0.280
0.273
0.291
0.280
0.282
0.289
0.298
0.297
0.306
0.296
0.308
0.300
0.302
0.306
0.307
0.305
0.296
0.302
0.308
0.311
0.317
0.318
0.316
0.322
0.318
0.315
0.319
0.323
0.317
0.321
0.323
0.329
0.312
0.331
0.332
0.336
0.337
0.327
0.351
0.346
0.340
0.339
0.345
0.345
0.355
0.349
0.351
0.344
0.349
0.361
0.349
0.360
0.361
0.363
0.353
0.367
0.358
0.356
0.367
0.365
0.367
0.369
0.362
0.354
0.356
0.348
0.337
0.324
0.313
0.292
0.284
0.247
0.219
0.200
0.211
0.211
0.211
0.230
0.224
0.224
0.223
0.225
0.227
0.224
0.238
0.244
0.234
0.245
0.255
0.245
0.255
0.257
0.259
0.274
0.285
0.280
0.275
0.280
0.281
0.291
0.292
0.304
0.298
0.302
0.323
0.314
0.328
0.334
0.338
0.334
0.350
0.357
0.352
0.356
0.359
0.366
0.372
0.372
0.370
0.369
0.382
0.388
0.387
0.381
0.373
0.374
0.359
0.289
0.268
0.330
0.356
0.354
0.362
0.341
0.342
0.330
0.324
0.316
0.299
0.304
0.297
0.286
0.270
0.268
0.266
0.249
0.257
0.241
0.229
0.225
0.213
0.209
0.205
0.185
0.176
0.180
0.167
0.156
0.158
0.145
0.134
0.136
0.133
0.139
0.148
0.142
0.149
0.155
0.153
0.159
0.168
0.167
0.162
0.162
0.167
0.173
0.180
0.182
0.184
0.195
0.198
0.200
0.206
0.211
0.208
0.211
0.220
0.220
0.229
0.223
0.230
0.236
0.230
0.243
0.251
0.247
0.257
0.251
0.259
0.262
0.266
0.263
0.284
0.283
0.283
0.285
0.287
0.284
0.285
0.303
0.305
0.301
0.315
0.303
0.305
0.305
0.308
0.294
0.306
0.303
0.322
0.318
0.312
0.311
0.319
0.313
0.314
0.317
0.324
0.317
0.319
0.324
0.328
0.335
0.334
0.332
0.334
0.339
0.335
0.341
0.334
0.344
0.340
0.350
0.342
0.353
0.353
0.354
0.352
0.348
0.361
0.356
0.347
0.362
0.370
0.370
0.363
0.374
0.374
0.354
0.386
0.368
0.367
0.368
0.375
0.362
0.366
0.349
0.330
0.325
0.323
0.305
0.271
0.252
0.220
0.225
0.223
0.221
0.214
0.228
0.228
0.234
0.228
0.226
0.235
0.231
0.243
0.227
0.242
0.244
0.251
0.254
0.251
0.263
0.259
0.266
0.282
0.279
0.281
0.282
0.294
0.294
0.303
0.312
0.306
0.323
0.325
0.326
0.338
0.329
0.335
0.354
0.345
0.351
0.363
0.362
0.373
0.370
0.367
0.363
0.375
0.376
0.378
0.397
0.373
0.384
0.364
0.339
0.250
0.194
0.237
0.342
0.345
0.354
0.339
0.337
0.322
0.325
0.317
0.305
0.297
0.293
0.288
0.277
0.273
0.251
0.258
0.242
0.238
0.227
0.214
0.216
0.210
0.195
0.195
0.172
0.178
0.156
0.157
0.146
0.139
0.137
0.133
0.143
0.143
0.143
0.142
0.144
0.156
0.157
0.153
0.165
0.131
0.144
0.141
0.160
0.165
0.170
0.177
0.184
0.187
0.185
0.193
0.203
0.204
0.200
0.210
0.219
0.222
0.232
0.226
0.230
0.231
0.233
0.230
0.243
0.236
0.254
0.253
0.257
0.257
0.263
0.271
0.268
0.277
0.287
0.286
0.296
0.288
0.285
0.279
0.298
0.302
0.305
0.302
0.305
0.300
0.310
0.307
0.316
0.311
0.306
0.321
0.298
0.320
0.309
0.314
0.303
0.323
0.319
0.324
0.321
0.315
0.335
0.326
0.331
0.329
0.325
0.332
0.349
0.340
0.340
0.341
0.353
0.335
0.337
0.352
0.343
0.350
0.348
0.345
0.366
0.364
0.351
0.364
0.366
0.364
0.367
0.368
0.360
0.358
0.372
0.369
0.371
0.366
0.365
0.358
0.370
0.360
0.343
0.342
0.334
0.323
0.305
0.263
0.239
0.214
0.216
0.229
0.218
0.226
0.229
0.236
0.220
0.233
0.229
0.236
0.233
0.234
0.247
0.251
0.249
0.254
0.255
0.266
0.263
0.271
0.283
0.285
0.284
0.297
0.285
0.304
0.305
0.301
0.314
0.340
0.335
0.320
0.328
0.333
0.346
0.340
0.353
0.353
0.363
0.368
0.364
0.369
0.370
0.358
0.381
0.378
0.373
0.359
0.372
0.372
0.375
0.360
0.284
0.221
0.236
0.334
0.347
0.332
0.337
0.322
0.323
0.312
0.308
0.294
0.297
0.292
0.274
0.267
0.247
0.243
0.249
0.235
0.233
0.216
0.218
0.212
0.193
0.189
0.181
0.170
0.166
0.160
0.152
0.145
0.134
0.133
0.121
0.137
0.140
0.143
0.150
0.150
0.144
0.152
0.155
0.142
0.112
0.107
0.123
0.152
0.161
0.174
0.183
0.178
0.196
0.199
0.192
0.203
0.207
0.211
0.216
0.219
0.216
0.232
0.235
0.222
0.238
0.226
0.238
0.242
0.259
0.253
0.250
0.258
0.254
0.266
0.268
0.265
0.264
0.276
0.284
0.283
0.280
0.282
0.294
0.296
0.298
0.292
0.289
0.305
0.311
0.313
0.298
0.295
0.310
0.300
0.289
0.298
0.309
0.313
0.313
0.306
0.321
0.311
0.311
0.320
0.326
0.316
0.325
0.326
0.336
0.327
0.330
0.340
0.338
0.329
0.338
0.326
0.347
0.340
0.342
0.345
0.345
0.353
0.340
0.356
0.345
0.350
0.367
0.366
0.350
0.355
0.369
0.374
0.357
0.369
0.350
0.365
0.369
0.367
0.362
0.365
0.345
0.353
0.346
0.341
0.333
0.308
0.285
0.268
0.229
0.221
0.223
0.212
0.226
0.232
0.230
0.223
0.232
0.235
0.240
0.241
0.230
0.242
0.246
0.251
0.250
0.257
0.252
0.257
0.264
0.264
0.269
0.262
0.280
0.283
0.288
0.280
0.299
0.292
0.303
0.304
0.308
0.317
0.324
0.324
0.327
0.329
0.340
0.336
0.344
0.342
0.352
0.349
0.359
0.351
0.353
0.348
0.338
0.345
0.333
0.335
0.338
0.328
0.302
0.279
0.328
0.322
0.321
0.313
0.301
0.298
0.297
0.287
0.289
0.269
0.269
0.263
0.252
0.243
0.233
0.225
0.218
0.212
0.195
0.198
0.185
0.181
0.181
0.165
0.161
0.150
0.147
0.132
0.132
0.116
0.117
0.117
0.140
0.140
0.140
0.147
0.151
0.155
0.151
0.151
0.133
0.112
0.107
0.127
0.162
0.168
0.184
0.178
0.176
0.186
0.193
0.196
0.207
0.203
0.208
0.218
0.211
0.217
0.214
0.232
0.229
0.231
0.238
0.237
0.237
0.241
0.259
0.260
0.250
0.267
0.269
0.261
0.282
0.271
0.275
0.279
0.276
0.286
0.298
0.306
0.297
0.296
0.316
0.294
0.291
0.303
0.309
0.299
0.302
0.301
0.292
0.297
0.306
0.306
0.314
0.305
0.299
0.311
0.316
0.314
0.323
0.312
0.305
0.322
0.325
0.322
0.322
0.341
0.332
0.334
0.323
0.333
0.332
0.335
0.348
0.337
0.336
0.343
0.343
0.350
0.347
0.345
0.347
0.360
0.364
0.356
0.367
0.358
0.361
0.361
0.366
0.364
0.366
0.358
0.365
0.352
0.371
0.356
0.359
0.336
0.351
0.338
0.322
0.303
0.271
0.247
0.217
0.212
0.219
0.227
0.222
0.223
0.229
0.224
0.241
0.228
0.233
0.244
0.247
0.239
0.248
0.249
0.262
0.253
0.267
0.253
0.275
0.276
0.276
0.279
0.275
0.292
0.291
0.287
0.294
0.302
0.297
0.311
0.313
0.321
0.323
0.329
0.331
0.329
0.339
0.332
0.339
0.342
0.354
0.345
0.336
0.355
0.344
0.342
0.347
0.343
0.339
0.352
0.319
0.331
0.313
0.317
0.312
0.310
0.305
0.295
0.291
0.288
0.275
0.266
0.262
0.258
0.254
0.242
0.230
0.222
0.211
0.202
0.199
0.193
0.183
0.177
0.174
0.164
0.161
0.145
0.137
0.139
0.129
0.125
0.113
0.113
0.109
0.137
0.141
0.146
0.132
0.141
0.149
0.157
0.165
0.152
0.146
0.129
0.162
0.168
0.171
0.175
0.173
0.182
0.189
0.197
0.194
0.197
0.208
0.198
0.214
0.230
0.219
0.221
0.233
0.239
0.242
0.231
0.238
0.251
0.246
0.253
0.246
0.262
0.254
0.255
0.268
0.266
0.275
0.284
0.277
0.288
0.276
0.287
0.287
0.294
0.286
0.299
0.309
0.303
0.305
0.311
0.317
0.303
0.307
0.298
0.308
0.310
0.305
0.309
0.311
0.320
0.309
0.316
0.320
0.317
0.314
0.317
0.328
0.313
0.330
0.315
0.322
0.320
0.321
0.324
0.333
0.338
0.327
0.340
0.332
0.339
0.341
0.334
0.350
0.346
0.342
0.356
0.342
0.365
0.348
0.359
0.359
0.358
0.350
0.360
0.362
0.348
0.366
0.374
0.358
0.362
0.364
0.344
0.350
0.358
0.340
0.335
0.316
0.300
0.275
0.258
0.225
0.219
0.211
0.214
0.221
0.230
0.224
0.237
0.227
0.228
0.234
0.243
0.243
0.245
0.247
0.251
0.258
0.266
0.258
0.272
0.272
0.270
0.274
0.286
0.283
0.282
0.287
0.300
0.305
0.308
0.312
0.309
0.320
0.314
0.323
0.324
0.338
0.332
0.326
0.324
0.336
0.336
0.342
0.343
0.351
0.333
0.340
0.341
0.326
0.335
0.333
0.326
0.331
0.320
0.318
0.312
0.310
0.297
0.293
0.286
0.284
0.278
0.267
0.248
0.249
0.249
0.228
0.223
0.217
0.216
0.205
0.191
0.185
0.179
0.173
0.164
0.156
0.157
0.143
0.140
0.133
0.123
0.122
0.117
0.108
0.103
0.137
0.137
0.137
0.142
0.141
0.139
0.145
0.151
0.159
0.161
0.164
0.172
0.167
0.165
0.178
0.180
0.180
0.183
0.199
0.195
0.203
0.203
0.207
0.211
0.206
0.217
0.221
0.217
0.233
0.229
0.232
0.232
0.240
0.239
0.250
0.243
0.251
0.264
0.268
0.257
0.256
0.274
0.280
0.290
0.276
0.291
0.282
0.292
0.293
0.287
0.296
0.293
0.303
0.308
0.310
0.297
0.300
0.310
0.309
0.322
0.314
0.313
0.302
0.301
0.309
0.318
0.316
0.320
0.325
0.316
0.325
0.323
0.328
0.329
0.329
0.330
0.335
0.327
0.355
0.339
0.338
0.334
0.338
0.337
0.352
0.352
0.339
0.345
0.362
0.355
0.359
0.354
0.354
0.363
0.345
0.375
0.363
0.363
0.364
0.367
0.364
0.375
0.366
0.366
0.368
0.362
0.365
0.358
0.344
0.349
0.336
0.320
0.318
0.296
0.279
0.247
0.222
0.222
0.221
0.223
0.232
0.237
0.217
0.238
0.233
0.226
0.222
0.234
0.242
0.242
0.242
0.244
0.253
0.254
0.259
0.262
0.282
0.263
0.281
0.279
0.297
0.286
0.278
0.301
0.314
0.299
0.301
0.312
0.315
0.327
0.317
0.317
0.334
0.341
0.327
0.327
0.331
0.341
0.327
0.337
0.334
0.334
0.333
0.322
0.332
0.303
0.324
0.296
0.308
0.303
0.300
0.291
0.286
0.274
0.274
0.268
0.250
0.255
0.240
0.247
0.233
0.222
0.211
0.211
0.203
0.192
0.190
0.175
0.173
0.160
0.156
0.141
0.142
0.138
0.122
0.136
0.118
0.114
0.105
0.103
0.098
0.135
0.139
0.146
0.140
0.145
0.140
0.153
0.152
0.154
0.161
0.164
0.168
0.168
0.169
0.172
0.175
0.180
0.177
0.200
0.200
0.213
0.202
0.206
0.201
0.221
0.216
0.223
0.209
0.230
0.234
0.230
0.238
0.236
0.244
0.243
0.243
0.255
0.253
0.257
0.260
0.259
0.267
0.272
0.270
0.283
0.284
0.291
0.286
0.288
0.297
0.302
0.297
0.308
0.307
0.296
0.293
0.292
0.301
0.314
0.312
0.307
0.308
0.315
0.313
0.318
0.309
0.313
0.319
0.316
0.312
0.325
0.327
0.337
0.318
0.331
0.318
0.335
0.327
0.326
0.333
0.323
0.342
0.336
0.341
0.340
0.343
0.355
0.345
0.341
0.360
0.348
0.352
0.365
0.356
0.352
0.356
0.362
0.358
0.355
0.356
0.366
0.354
0.366
0.367
0.370
0.388
0.375
0.366
0.360
0.366
0.346
0.333
0.328
0.311
0.277
0.269
0.234
0.214
0.220
0.223
0.220
0.217
0.225
0.224
0.236
0.245
0.234
0.233
0.243
0.250
0.240
0.248
0.248
0.261
0.256
0.255
0.272
0.275
0.278
0.294
0.295
0.292
0.292
0.296
0.300
0.319
0.299
0.313
0.315
0.312
0.310
0.322
0.322
0.313
0.342
0.326
0.323
0.331
0.327
0.334
0.330
0.331
0.335
0.337
0.318
0.312
0.328
0.305
0.295
0.295
0.290
0.288
0.276
0.277
0.261
0.261
0.244
0.247
0.243
0.227
0.225
0.213
0.218
0.203
0.200
0.195
0.179
0.174
0.171
0.155
0.155
0.136
0.141
0.130
0.129
0.117
0.115
0.107
0.113
0.099
0.097
0.136
0.136
0.136
0.138
0.142
0.143
0.143
0.151
0.161
0.157
0.154
0.164
0.167
0.173
0.179
0.174
0.175
0.186
0.195
0.193
0.196
0.205
0.206
0.207
0.209
0.214
0.218
0.221
0.226
0.229
0.225
0.238
0.233
0.245
0.247
0.252
0.247
0.253
0.253
0.261
0.263
0.258
0.273
0.279
0.286
0.288
0.290
0.298
0.290
0.292
0.287
0.300
0.294
0.272
0.222
0.234
0.280
0.298
0.313
0.311
0.309
0.308
0.307
0.306
0.305
0.314
0.321
0.329
0.319
0.320
0.319
0.332
0.338
0.332
0.324
0.343
0.332
0.337
0.325
0.332
0.336
0.337
0.344
0.323
0.337
0.351
0.354
0.347
0.359
0.353
0.350
0.354
0.362
0.361
0.359
0.355
0.351
0.354
0.372
0.363
0.372
0.378
0.363
0.378
0.352
0.366
0.370
0.364
0.378
0.368
0.358
0.358
0.347
0.337
0.313
0.281
0.257
0.232
0.225
0.232
0.231
0.227
0.230
0.238
0.230
0.238
0.232
0.238
0.243
0.251
0.251
0.251
0.250
0.264
0.261
0.268
0.282
0.270
0.275
0.284
0.280
0.276
0.289
0.288
0.301
0.312
0.300
0.294
0.308
0.301
0.319
0.310
0.313
0.334
0.316
0.331
0.320
0.333
0.328
0.329
0.328
0.317
0.322
0.316
0.298
0.302
0.298
0.300
0.288
0.292
0.280
0.280
0.272
0.259
0.263
0.246
0.240
0.238
0.225
0.222
0.212
0.201
0.201
0.181
0.184
0.183
0.180
0.161
0.157
0.144
0.151
0.135
0.137
0.123
0.118
0.117
0.108
0.103
0.105
0.096
0.089
0.133
0.136
0.143
0.139
0.134
0.143
0.146
0.150
0.153
0.159
0.161
0.176
0.167
0.168
0.169
0.173
0.170
0.181
0.188
0.186
0.199
0.199
0.197
0.195
0.205
0.206
0.216
0.215
0.214
0.229
0.222
0.239
0.234
0.229
0.246
0.238
0.252
0.251
0.265
0.255
0.266
0.275
0.271
0.281
0.273
0.281
0.283
0.288
0.288
0.292
0.292
0.294
0.304
0.229
0.157
0.178
0.271
0.288
0.308
0.305
0.314
0.323
0.322
0.308
0.316
0.311
0.318
0.325
0.316
0.319
0.326
0.326
0.318
0.335
0.330
0.337
0.327
0.324
0.330
0.333
0.333
0.341
0.336
0.346
0.360
0.347
0.345
0.347
0.348
0.360
0.343
0.371
0.359
0.351
0.364
0.356
0.352
0.363
0.364
0.360
0.365
0.369
0.365
0.371
0.383
0.374
0.366
0.371
0.371
0.365
0.366
0.355
0.346
0.344
0.324
0.304
0.282
0.264
0.232
0.228
0.238
0.231
0.231
0.228
0.236
0.245
0.245
0.233
0.246
0.251
0.246
0.263
0.259
0.251
0.248
0.269
0.274
0.269
0.278
0.282
0.286
0.285
0.285
0.294
0.293
0.292
0.303
0.307
0.305
0.297
0.305
0.313
0.309
0.312
0.328
0.316
0.305
0.308
0.322
0.318
0.305
0.309
0.306
0.303
0.316
0.290
0.297
0.291
0.286
0.270
0.272
0.253
0.263
0.256
0.245
0.240
0.235
0.232
0.220
0.215
0.217
0.199
0.180
0.193
0.186
0.167
0.163
0.161
0.147
0.135
0.138
0.132
0.124
0.124
0.112
0.110
0.100
0.099
0.094
0.087
0.085
0.142
0.142
0.142
0.125
0.136
0.146
0.142
0.154
0.148
0.152
0.153
0.165
0.155
0.168
0.172
0.173
0.188
0.183
0.191
0.181
0.188
0.190
0.203
0.202
0.210
0.216
0.218
0.213
0.210
0.222
0.224
0.227
0.234
0.232
0.249
0.242
0.243
0.252
0.250
0.259
0.257
0.264
0.278
0.272
0.269
0.279
0.279
0.281
0.279
0.289
0.295
0.283
0.300
0.238
0.178
0.174
0.293
0.302
0.314
0.307
0.310
0.309
0.313
0.304
0.313
0.311
0.318
0.304
0.320
0.318
0.331
0.326
0.322
0.324
0.330
0.335
0.330
0.332
0.324
0.335
0.343
0.333
0.341
0.331
0.346
0.341
0.344
0.342
0.340
0.347
0.351
0.359
0.344
0.365
0.359
0.364
0.360
0.361
0.378
0.362
0.371
0.370
0.372
0.360
0.388
0.372
0.375
0.362
0.375
0.371
0.361
0.355
0.363
0.351
0.345
0.328
0.300
0.268
0.253
0.235
0.231
0.241
0.234
0.244
0.238
0.246
0.249
0.234
0.258
0.251
0.261
0.254
0.250
0.263
0.263
0.266
0.269
0.271
0.278
0.286
0.280
0.287
0.292
0.301
0.283
0.290
0.301
0.296
0.304
0.315
0.306
0.308
0.313
0.318
0.324
0.313
0.320
0.317
0.318
0.320
0.303
0.302
0.294
0.298
0.300
0.297
0.287
0.285
0.284
0.282
0.259
0.270
0.249
0.254
0.230
0.236
0.222
0.229
0.213
0.213
0.196
0.191
0.184
0.183
0.168
0.160
0.150
0.145
0.137
0.138
0.130
0.119
0.116
0.116
0.105
0.102
0.102
0.093
0.094
0.089
0.076
0.135
0.129
0.131
0.134
0.136
0.148
0.141
0.140
0.147
0.156
0.160
0.162
0.155
0.177
0.176
0.177
0.175
0.179
0.183
0.193
0.187
0.199
0.201
0.207
0.205
0.208
0.217
0.209
0.220
0.216
0.211
0.226
0.240
0.239
0.229
0.235
0.242
0.251
0.245
0.253
0.263
0.265
0.270
0.268
0.273
0.277
0.281
0.278
0.294
0.294
0.283
0.287
0.304
0.297
0.256
0.279
0.294
0.302
0.302
0.307
0.314
0.308
0.302
0.312
0.314
0.312
0.312
0.320
0.317
0.309
0.328
0.311
0.322
0.321
0.332
0.318
0.326
0.339
0.340
0.338
0.329
0.350
0.334
0.332
0.335
0.337
0.338
0.341
0.344
0.342
0.344
0.346
0.344
0.344
0.350
0.367
0.374
0.360
0.352
0.366
0.368
0.365
0.366
0.363
0.370
0.373
0.380
0.365
0.378
0.380
0.368
0.353
0.347
0.347
0.338
0.341
0.328
0.288
0.281
0.252
0.225
0.239
0.233
0.245
0.227
0.237
0.249
0.240
0.240
0.248
0.251
0.260
0.257
0.251
0.263
0.253
0.269
0.263
0.261
0.278
0.276
0.273
0.283
0.278
0.282
0.292
0.287
0.299
0.298
0.296
0.314
0.301
0.305
0.319
0.302
0.300
0.303
0.311
0.304
0.307
0.299
0.292
0.299
0.285
0.283
0.286
0.281
0.265
0.266
0.254
0.259
0.244
0.239
0.238
0.229
0.231
0.211
0.204
0.204
0.193
0.186
0.185
0.175
0.159
0.155
0.149
0.152
0.129
0.136
0.131
0.121
0.117
0.113
0.107
0.102
0.093
0.090
0.090
0.086
0.086
0.080
0.127
0.127
0.127
0.137
0.137
0.137
0.141
0.141
0.154
0.148
0.155
0.151
0.167
0.171
0.167
0.172
0.181
0.183
0.187
0.184
0.188
0.188
0.198
0.206
0.199
0.198
0.206
0.215
0.203
0.218
0.211
0.217
0.224
0.207
0.200
0.225
0.240
0.241
0.246
0.250
0.256
0.246
0.257
0.259
0.267
0.269
0.280
0.279
0.278
0.291
0.283
0.285
0.297
0.300
0.291
0.285
0.296
0.293
0.313
0.314
0.304
0.304
0.307
0.303
0.310
0.318
0.329
0.311
0.318
0.307
0.321
0.318
0.323
0.320
0.330
0.321
0.323
0.326
0.330
0.333
0.334
0.331
0.332
0.334
0.342
0.337
0.330
0.346
0.337
0.353
0.339
0.349
0.349
0.342
0.363
0.359
0.362
0.354
0.351
0.347
0.362
0.359
0.368
0.380
0.359
0.368
0.362
0.356
0.363
0.368
0.362
0.353
0.348
0.353
0.347
0.339
0.328
0.307
0.297
0.261
0.251
0.231
0.237
0.237
0.236
0.231
0.249
0.243
0.248
0.252
0.248
0.249
0.259
0.262
0.255
0.254
0.271
0.264
0.276
0.279
0.283
0.272
0.276
0.288
0.282
0.287
0.290
0.289
0.297
0.295
0.306
0.293
0.304
0.296
0.311
0.287
0.308
0.297
0.294
0.287
0.295
0.287
0.281
0.284
0.288
0.272
0.258
0.270
0.257
0.253
0.248
0.240
0.234
0.231
0.219
0.209
0.209
0.209
0.200
0.192
0.184
0.171
0.167
0.153
0.154
0.147
0.144
0.139
0.133
0.127
0.115
0.113
0.114
0.100
0.103
0.098
0.092
0.088
0.085
0.079
0.079
0.124
0.128
0.127
0.134
0.134
0.138
0.135
0.143
0.146
0.149
0.152
0.156
0.161
0.158
0.171
0.171
0.173
0.182
0.181
0.190
0.188
0.189
0.188
0.194
0.190
0.203
0.207
0.209
0.220
0.208
0.223
0.221
0.224
0.167
0.206
0.235
0.244
0.243
0.241
0.248
0.245
0.253
0.246
0.266
0.265
0.267
0.275
0.273
0.276
0.286
0.279
0.272
0.294
0.276
0.290
0.300
0.296
0.303
0.297
0.304
0.300
0.307
0.308
0.313
0.298
0.302
0.302
0.300
0.318
0.317
0.318
0.319
0.315
0.319
0.319
0.324
0.330
0.319
0.322
0.333
0.326
0.319
0.321
0.331
0.336
0.323
0.334
0.336
0.329
0.344
0.334
0.343
0.344
0.347
0.336
0.331
0.359
0.357
0.324
0.332
0.340
0.362
0.368
0.377
0.366
0.359
0.365
0.375
0.374
0.360
0.375
0.372
0.353
0.358
0.370
0.348
0.350
0.335
0.327
0.291
0.278
0.251
0.241
0.244
0.245
0.242
0.258
0.257
0.249
0.254
0.251
0.255
0.261
0.265
0.260
0.272
0.273
0.272
0.280
0.274
0.268
0.280
0.280
0.284
0.287
0.293
0.298
0.283
0.287
0.280
0.298
0.291
0.301
0.282
0.297
0.299
0.292
0.297
0.298
0.281
0.293
0.273
0.273
0.276
0.267
0.258
0.254
0.272
0.239
0.244
0.249
0.241
0.221
0.212
0.222
0.207
0.199
0.187
0.180
0.177
0.175
0.164
0.157
0.151
0.151
0.136
0.138
0.121
0.112
0.117
0.112
0.108
0.105
0.093
0.094
0.092
0.084
0.093
0.076
0.074
0.077
0.130
0.130
0.130
0.133
0.130
0.135
0.145
0.156
0.144
0.148
0.156
0.160
0.169
0.164
0.166
0.172
0.170
0.180
0.178
0.183
0.195
0.187
0.186
0.199
0.197
0.202
0.203
0.214
0.213
0.226
0.217
0.215
0.234
0.225
0.234
0.228
0.238
0.249
0.243
0.248
0.248
0.256
0.259
0.264
0.273
0.261
0.262
0.277
0.275
0.279
0.284
0.278
0.283
0.284
0.292
0.297
0.293
0.298
0.294
0.292
0.311
0.312
0.316
0.305
0.322
0.312
0.317
0.323
0.319
0.315
0.307
0.320
0.324
0.324
0.332
0.319
0.315
0.315
0.331
0.333
0.337
0.328
0.335
0.320
0.317
0.327
0.340
0.339
0.345
0.342
0.340
0.347
0.348
0.335
0.348
0.334
0.339
0.347
0.229
0.237
0.351
0.366
0.372
0.364
0.359
0.370
0.355
0.363
0.372
0.362
0.361
0.367
0.356
0.350
0.366
0.345
0.344
0.345
0.316
0.297
0.280
0.260
0.234
0.239
0.245
0.243
0.231
0.245
0.250
0.254
0.245
0.253
0.260
0.254
0.271
0.248
0.251
0.267
0.257
0.270
0.280
0.277
0.278
0.273
0.283
0.289
0.279
0.271
0.301
0.295
0.281
0.289
0.292
0.287
0.284
0.279
0.286
0.293
0.272
0.282
0.288
0.276
0.275
0.267
0.263
0.252
0.249
0.243
0.237
0.232
0.223
0.217
0.208
0.199
0.202
0.188
0.184
0.166
0.168
0.170
0.155
0.152
0.148
0.138
0.136
0.127
0.119
0.118
0.112
0.109
0.108
0.101
0.100
0.087
0.088
0.085
0.087
0.083
0.082
0.072
0.070
0.124
0.127
0.126
0.141
0.127
0.142
0.138
0.133
0.140
0.150
0.150
0.151
0.152
0.165
0.171
0.167
0.174
0.180
0.177
0.182
0.188
0.186
0.186
0.194
0.194
0.201
0.206
0.208
0.200
0.205
0.217
0.225
0.225
0.228
0.219
0.235
0.229
0.241
0.237
0.241
0.244
0.254
0.261
0.263
0.268
0.262
0.274
0.282
0.277
0.280
0.279
0.284
0.291
0.283
0.296
0.291
0.295
0.310
0.296
0.310
0.305
0.299
0.307
0.295
0.305
0.305
0.314
0.322
0.303
0.311
0.318
0.311
0.314
0.316
0.318
0.322
0.331
0.332
0.327
0.312
0.323
0.315
0.337
0.328
0.332
0.330
0.329
0.333
0.331
0.343
0.334
0.338
0.344
0.339
0.353
0.341
0.332
0.316
0.178
0.167
0.265
0.352
0.355
0.358
0.354
0.358
0.363
0.357
0.364
0.371
0.375
0.357
0.351
0.353
0.335
0.351
0.340
0.335
0.341
0.316
0.300
0.285
0.257
0.236
0.254
0.245
0.252
0.248
0.251
0.252
0.246
0.251
0.250
0.256
0.250
0.265
0.259
0.273
0.276
0.270
0.272
0.270
0.264
0.282
0.277
0.278
0.279
0.292
0.272
0.275
0.285
0.277
0.286
0.284
0.285
0.287
0.276
0.282
0.283
0.283
0.271
0.269
0.269
0.266
0.250
0.250
0.243
0.239
0.233
0.226
0.221
0.211
0.211
0.205
0.190
0.183
0.178
0.169
0.165
0.159
0.155
0.142
0.146
0.135
0.130
0.126
0.121
0.109
0.112
0.106
0.107
0.101
0.098
0.091
0.089
0.085
0.080
0.076
0.068
0.072
0.067
0.121
0.121
0.121
0.129
0.134
0.140
0.145
0.141
0.150
0.145
0.146
0.156
0.163
0.162
0.172
0.170
0.175
0.169
0.184
0.171
0.183
0.192
0.187
0.194
0.193
0.209
0.197
0.212
0.207
0.220
0.218
0.217
0.223
0.236
0.235
0.230
0.243
0.233
0.237
0.251
0.251
0.255
0.262
0.265
0.264
0.270
0.266
0.275
0.284
0.280
0.291
0.295
0.290
0.297
0.297
0.288
0.311
0.318
0.307
0.303
0.303
0.313
0.305
0.313
0.318
0.324
0.320
0.330
0.324
0.347
0.328
0.329
0.330
0.323
0.338
0.325
0.328
0.344
0.337
0.334
0.340
0.362
0.339
0.332
0.334
0.338
0.346
0.350
0.352
0.353
0.355
0.352
0.350
0.363
0.354
0.352
0.360
0.356
0.252
0.201
0.330
0.366
0.367
0.365
0.364
0.364
0.376
0.364
0.374
0.374
0.372
0.370
0.371
0.364
0.355
0.345
0.359
0.344
0.344
0.339
0.308
0.299
0.273
0.255
0.242
0.243
0.238
0.246
0.248
0.253
0.255
0.247
0.268
0.263
0.255
0.277
0.267
0.266
0.267
0.266
0.271
0.273
0.271
0.280
0.273
0.279
0.279
0.281
0.297
0.280
0.283
0.288
0.278
0.289
0.281
0.289
0.279
0.271
0.283
0.270
0.264
0.250
0.264
0.257
0.237
0.238
0.235
0.234
0.218
0.215
0.213
0.202
0.194
0.187
0.174
0.180
0.173
0.167
0.161
0.152
0.143
0.149
0.134
0.127
0.127
0.119
0.117
0.114
0.103
0.100
0.095
0.092
0.092
0.088
0.080
0.087
0.076
0.080
0.078
0.068
0.065
0.117
0.123
0.126
0.122
0.123
0.141
0.141
0.135
0.153
0.146
0.149
0.159
0.150
0.160
0.158
0.175
0.173
0.176
0.174
0.178
0.185
0.186
0.185
0.187
0.199
0.191
0.197
0.202
0.205
0.223
0.212
0.217
0.218
0.217
0.223
0.235
0.232
0.243
0.240
0.250
0.253
0.262
0.265
0.267
0.270
0.260
0.278
0.261
0.290
0.282
0.282
0.284
0.288
0.300
0.299
0.299
0.292
0.304
0.298
0.305
0.311
0.296
0.303
0.310
0.313
0.316
0.319
0.311
0.330
0.311
0.328
0.324
0.344
0.319
0.332
0.321
0.323
0.343
0.328
0.345
0.332
0.345
0.337
0.322
0.339
0.331
0.335
0.346
0.353
0.342
0.354
0.341
0.356
0.355
0.359
0.355
0.352
0.356
0.348
0.330
0.362
0.365
0.367
0.364
0.373
0.375
0.370
0.367
0.367
0.366
0.373
0.355
0.374
0.356
0.371
0.358
0.361
0.365
0.356
0.348
0.334
0.313
0.291
0.278
0.246
0.244
0.255
0.250
0.250
0.254
0.256
0.260
0.264
0.267
0.259
0.257
0.278
0.266
0.279
0.266
0.276
0.277
0.268
0.287
0.283
0.296
0.279
0.289
0.292
0.283
0.290
0.284
0.278
0.279
0.280
0.274
0.274
0.273
0.265
0.256
0.255
0.258
0.242
0.243
0.239
0.229
0.221
0.211
0.210
0.197
0.206
0.188
0.192
0.179
0.179
0.173
0.170
0.158
0.148
0.141
0.138
0.136
0.136
0.116
0.126
0.111
0.108
0.110
0.104
0.097
0.096
0.091
0.096
0.083
0.078
0.080
0.076
0.070
0.064
0.061
0.063
0.106
0.106
0.106
0.110
0.123
0.124
0.140
0.137
0.146
0.142
0.150
0.156
0.164
0.170
0.163
0.169
0.168
0.174
0.176
0.179
0.181
0.179
0.177
0.188
0.201
0.191
0.201
0.204
0.211
0.211
0.222
0.225
0.220
0.221
0.229
0.224
0.233
0.235
0.244
0.245
0.240
0.257
0.252
0.246
0.269
0.261
0.273
0.268
0.285
0.275
0.264
0.276
0.289
0.294
0.290
0.288
0.289
0.293
0.285
0.290
0.283
0.312
0.305
0.322
0.317
0.298
0.321
0.318
0.318
0.322
0.331
0.319
0.323
0.326
0.345
0.337
0.327
0.332
0.334
0.340
0.327
0.348
0.336
0.344
0.337
0.333
0.322
0.354
0.355
0.364
0.360
0.354
0.358
0.356
0.359
0.360
0.354
0.372
0.367
0.370
0.368
0.368
0.366
0.374
0.373
0.368
0.379
0.384
0.379
0.372
0.380
0.367
0.371
0.387
0.366
0.358
0.360
0.365
0.361
0.342
0.341
0.323
0.314
0.312
0.277
0.252
0.260
0.251
0.261
0.258
0.257
0.265
0.268
0.265
0.268
0.269
0.270
0.274
0.270
0.276
0.278
0.273
0.269
0.276
0.279
0.283
0.298
0.292
0.278
0.279
0.282
0.274
0.261
0.278
0.267
0.267
0.258
0.261
0.256
0.266
0.246
0.241
0.240
0.225
0.225
0.217
0.216
0.209
0.200
0.202
0.196
0.193
0.182
0.167
0.172
0.167
0.153
0.143
0.143
0.139
0.130
0.132
0.126
0.118
0.114
0.107
0.109
0.101
0.097
0.093
0.090
0.089
0.075
0.081
0.075
0.071
0.072
0.076
0.066
0.060
0.064
0.122
0.113
0.105
0.116
0.124
0.137
0.138
0.135
0.146
0.153
0.141
0.150
0.149
0.157
0.162
0.164
0.170
0.171
0.184
0.182
0.173
0.191
0.185
0.188
0.195
0.196
0.206
0.209
0.202
0.200
0.214
0.214
0.219
0.219
0.217
0.214
0.224
0.243
0.250
0.242
0.247
0.242
0.251
0.256
0.258
0.268
0.268
0.271
0.272
0.279
0.282
0.281
0.284
0.288
0.282
0.295
0.289
0.298
0.295
0.303
0.306
0.306
0.306
0.313
0.307
0.310
0.317
0.317
0.310
0.315
0.316
0.322
0.324
0.325
0.323
0.316
0.334
0.323
0.334
0.332
0.329
0.329
0.322
0.339
0.323
0.347
0.333
0.344
0.346
0.341
0.351
0.348
0.346
0.343
0.346
0.354
0.353
0.349
0.353
0.357
0.357
0.366
0.371
0.358
0.357
0.367
0.371
0.363
0.367
0.359
0.348
0.366
0.361
0.361
0.357
0.359
0.353
0.346
0.344
0.342
0.328
0.328
0.308
0.290
0.287
0.273
0.254
0.256
0.259
0.255
0.253
0.252
0.258
0.264
0.253
0.259
0.274
0.273
0.272
0.266
0.269
0.257
0.221
0.245
0.274
0.264
0.263
0.279
0.278
0.275
0.275
0.265
0.266
0.264
0.270
0.255
0.244
0.245
0.239
0.242
0.231
0.241
0.227
0.224
0.221
0.218
0.200
0.205
0.197
0.185
0.179
0.184
0.167
0.162
0.169
0.151
0.141
0.132
0.131
0.133
0.129
0.123
0.123
0.108
0.109
0.102
0.109
0.099
0.099
0.090
0.085
0.086
0.083
0.075
0.079
0.077
0.075
0.068
0.064
0.063
0.058
0.129
0.129
0.129
0.128
0.133
0.129
0.131
0.134
0.140
0.141
0.148
0.151
0.158
0.154
0.162
0.165
0.171
0.178
0.170
0.178
0.181
0.178
0.184
0.188
0.197
0.195
0.199
0.206
0.204
0.212
0.212
0.212
0.218
0.216
0.225
0.226
0.235
0.235
0.243
0.232
0.238
0.249
0.259
0.255
0.254
0.260
0.261
0.270
0.280
0.280
0.276
0.282
0.284
0.294
0.296
0.289
0.294
0.292
0.301
0.301
0.294
0.299
0.308
0.307
0.319
0.311
0.321
0.319
0.317
0.317
0.318
0.315
0.333
0.323
0.305
0.334
0.333
0.319
0.331
0.327
0.336
0.342
0.344
0.342
0.322
0.328
0.341
0.330
0.336
0.347
0.343
0.354
0.353
0.363
0.358
0.350
0.370
0.362
0.357
0.370
0.355
0.363
0.362
0.363
0.366
0.374
0.364
0.358
0.368
0.367
0.359
0.360
0.371
0.355
0.369
0.351
0.373
0.367
0.346
0.353
0.335
0.330
0.320
0.307
0.287
0.282
0.254
0.260
0.263
0.260
0.256
0.262
0.262
0.270
0.271
0.276
0.276
0.266
0.275
0.266
0.253
0.232
0.151
0.187
0.269
0.269
0.270
0.273
0.271
0.270
0.265
0.262
0.266
0.264
0.264
0.255
0.252
0.248
0.239
0.233
0.236
0.229
0.219
0.214
0.204
0.206
0.196
0.193
0.190
0.178
0.176
0.162
0.159
0.163
0.155
0.150
0.135
0.138
0.136
0.131
0.126
0.114
0.114
0.108
0.108
0.105
0.103
0.090
0.099
0.088
0.084
0.080
0.080
0.074
0.081
0.068
0.066
0.067
0.066
0.057
0.055
0.121
0.124
0.122
0.124
0.126
0.134
0.133
0.137
0.137
0.143
0.147
0.146
0.153
0.160
0.158
0.157
0.163
0.164
0.162
0.181
0.177
0.177
0.186
0.187
0.189
0.193
0.201
0.206
0.204
0.203
0.214
0.218
0.218
0.217
0.228
0.227
0.231
0.233
0.234
0.239
0.226
0.236
0.240
0.264
0.261
0.258
0.263
0.264
0.270
0.270
0.281
0.276
0.279
0.274
0.282
0.279
0.297
0.289
0.288
0.296
0.292
0.295
0.282
0.302
0.312
0.315
0.311
0.305
0.313
0.322
0.319
0.319
0.313
0.322
0.309
0.329
0.328
0.337
0.340
0.341
0.341
0.328
0.329
0.336
0.347
0.328
0.335
0.339
0.351
0.354
0.347
0.343
0.340
0.359
0.359
0.345
0.353
0.362
0.353
0.349
0.373
0.354
0.364
0.357
0.355
0.350
0.360
0.362
0.356
0.366
0.358
0.373
0.351
0.363
0.367
0.371
0.362
0.360
0.347
0.347
0.354
0.333
0.322
0.323
0.320
0.301
0.280
0.257
0.246
0.252
0.260
0.270
0.260
0.272
0.263
0.279
0.263
0.260
0.261
0.269
0.265
0.240
0.153
0.153
0.232
0.264
0.261
0.271
0.278
0.258
0.259
0.259
0.243
0.254
0.241
0.234
0.246
0.232
0.231
0.228
0.222
0.212
0.208
0.202
0.200
0.196
0.190
0.180
0.177
0.178
0.163
0.152
0.157
0.143
0.149
0.137
0.133
0.133
0.133
0.112
0.117
0.116
0.106
0.106
0.103
0.092
0.096
0.092
0.091
0.085
0.081
0.076
0.073
0.071
0.068
0.069
0.065
0.062
0.062
0.057
0.055

Notes: 
Time: 2026-09-07_22-55-27